i,t,r_init,r_final,r_max,epoch_of_max,r_mean,r_std,loss_contribution_final,err_norm_final,epoch_below_1e-4,n_snapshots,rank_by_final_residual
0,0.299121022,0.87509419,0.000147140147,0.87509419,0,0.00362608565,0.0436841498,2.40558033e-12,1.77847605e-05,16200,401,1047
1,0.823576748,0.805811432,0.000144501567,0.805811432,0,0.00392874839,0.0404587329,2.32007808e-12,1.15802404e-05,18500,401,1111
2,0.344986349,0.874233416,0.00012439146,0.874233416,0,0.00365060948,0.0436357666,1.71924837e-12,1.95784815e-05,,401,1565
3,0.971327841,0.771617425,0.000229507936,0.771617425,0,0.00467195886,0.0388813679,5.85265476e-12,7.83912379e-06,,401,197
4,0.925395548,0.782394189,7.65496944e-05,0.782394189,0,0.00426162421,0.0393852651,6.51095079e-13,1.40457551e-05,14650,401,2848
5,0.472695738,0.865803572,0.000114331405,0.865803572,0,0.00357377681,0.0432496409,1.4524078e-12,2.13680155e-05,12250,401,2171
6,0.396464467,0.871879285,0.000112003979,0.871879285,0,0.003628326,0.0435258097,1.39387682e-12,2.0791108e-05,19800,401,2484
7,0.495090157,0.863457727,0.00011529058,0.863457727,0,0.00358335789,0.0431409427,1.47687975e-12,2.14473756e-05,4400,401,1973
8,0.16415213,0.870670861,0.000165550906,0.870670861,0,0.00322208026,0.0435764856,3.0452336e-12,1.5577966e-05,19450,401,586
9,0.604354978,0.848668756,0.000114336858,0.848668756,0,0.00382475063,0.0424387945,1.45254635e-12,2.10146573e-05,,401,2169
10,0.912394702,0.785435842,6.25205388e-05,0.785435842,0,0.00416497367,0.0395274959,4.34313085e-13,1.46050557e-05,14650,401,2983
11,0.368332416,0.873345152,0.000116789907,0.873345152,0,0.00364531974,0.0435933413,1.51554248e-12,2.02410249e-05,,401,1784
12,0.043380864,0.857880612,0.000195908049,0.857880612,0,0.00383056808,0.0431455763,4.26444041e-12,1.37472906e-05,,401,240
13,0.895655453,0.789337496,7.03331687e-05,0.789337496,0,0.00405861527,0.0397093066,5.49639402e-13,1.46062986e-05,9300,401,2922
14,0.800756752,0.810864761,0.000153949302,0.810864761,0,0.00390763056,0.0406904203,2.63337639e-12,1.0992019e-05,18500,401,850
15,0.384274781,0.872567084,0.000113538649,0.872567084,0,0.00363680017,0.0435572969,1.43233608e-12,2.05961373e-05,,401,2364
16,0.787712276,0.813707536,0.00015618909,0.813707536,0,0.00389549216,0.0408213239,2.71055909e-12,1.10753587e-05,18500,401,743
17,0.315486193,0.874922738,0.000138283203,0.874922738,0,0.00364106505,0.043672105,2.12469381e-12,1.85188637e-05,16200,401,1252
18,0.290566772,0.875123529,0.000151996113,0.875123529,0,0.00361512165,0.0436881965,2.56697981e-12,1.73204398e-05,16200,401,916
19,0.7818591,0.814971628,0.000156567524,0.814971628,0,0.00389150686,0.0408795074,2.72370996e-12,1.12517267e-05,18500,401,697
20,0.771657228,0.817156328,0.000156374947,0.817156328,0,0.00389290892,0.04097942,2.71701378e-12,1.15720195e-05,18500,401,730
21,0.390958577,0.872199889,0.000112643689,0.872199889,0,0.00363233063,0.0435404567,1.40984451e-12,2.07115264e-05,19800,401,2429
22,0.709109783,0.829974714,0.000140803129,0.829974714,0,0.00393276201,0.0415654463,2.20283567e-12,1.57775181e-05,18500,401,1195
23,0.525784254,0.859848895,0.000115568058,0.859848895,0,0.0036422723,0.0429699915,1.48399733e-12,2.16279038e-05,14000,401,1867
24,0.244128212,0.874554884,0.000174858024,0.874554884,0,0.00351224776,0.0436841619,3.39725873e-12,1.50876769e-05,16200,401,464
25,0.61420542,0.84708324,0.000114941624,0.84708324,0,0.0038435193,0.0423639071,1.46795299e-12,2.08937317e-05,,401,2046
26,0.204334259,0.873082647,0.000181543179,0.873082647,0,0.00336442028,0.0436471882,3.66199175e-12,1.4395743e-05,,401,292
27,0.274673045,0.875067639,0.000160650044,0.875067639,0,0.00358849029,0.0436916962,2.86760406e-12,1.65648657e-05,16200,401,640
28,0.0304381531,0.856026577,0.000263347913,0.856026577,0,0.00405822174,0.0430790293,7.70579146e-12,1.08439299e-05,,401,156
29,0.889783204,0.790701342,7.71340099e-05,0.790701342,0,0.00402809947,0.0397724856,6.61072832e-13,1.45687759e-05,7000,401,2842
30,0.15943718,0.870326983,0.000161783151,0.870326983,0,0.00320542567,0.0435662236,2.90819864e-12,1.58351932e-05,16800,401,628
31,0.0225370266,0.854849959,0.000309579967,0.854849959,0,0.00420912084,0.0430369741,1.06488617e-11,8.60655843e-06,,401,104
32,0.812288284,0.808323136,0.000150079007,0.808323136,0,0.0039186189,0.0405736878,2.50263425e-12,1.12110926e-05,18500,401,973
33,0.887426198,0.791248168,8.00062384e-05,0.791248168,0,0.00401729513,0.0397977194,7.1122202e-13,1.44895924e-05,6000,401,2816
34,0.719491541,0.827921971,0.000144473614,0.827921971,0,0.00393093547,0.0414709264,2.31918056e-12,1.49692024e-05,18500,401,1113
35,0.999229908,0.765087975,0.000371453245,0.765087975,0,0.00496716146,0.0385773062,1.53308348e-11,7.59691905e-07,,401,41
36,0.310504735,0.874990881,0.000140851142,0.874990881,0,0.00363730423,0.0436763729,2.20433824e-12,1.82835396e-05,16200,401,1194
37,0.531036854,0.859186889,0.00011541147,0.859186889,0,0.00365475037,0.0429384675,1.47997861e-12,2.16724634e-05,14200,401,1944
38,0.302355319,0.875072273,0.000145422343,0.875072273,0,0.00362965131,0.043682219,2.34973976e-12,1.79445106e-05,16200,401,1090
39,0.319880724,0.874850855,0.000135909492,0.874850855,0,0.00364383193,0.0436678888,2.05237666e-12,1.86818542e-05,16200,401,1304
40,0.280142814,0.875103161,0.000157758067,0.875103161,0,0.00359861265,0.043691078,2.76528975e-12,1.68276653e-05,16200,401,670
41,0.80455935,0.810029525,0.00015267579,0.810029525,0,0.00391130034,0.0406520185,2.58998853e-12,1.10435292e-05,18500,401,892
42,0.0808018968,0.862721723,7.52139063e-05,0.862721723,0,0.00330757463,0.043320456,6.2857019e-13,1.79091399e-05,18050,401,2861
43,0.465554029,0.86649929,0.00011399178,0.86649929,0,0.00357590783,0.0432814803,1.44379176e-12,2.13024647e-05,12600,401,2245
44,0.377869457,0.87289634,0.000114623448,0.87289634,0,0.00364062076,0.0435724762,1.45983721e-12,2.04420487e-05,,401,2111
45,0.916703224,0.784428785,6.50453595e-05,0.784428785,0,0.0041958585,0.0394804309,4.70099866e-13,1.4485865e-05,14650,401,2955
46,0.120924279,0.867041318,0.00011395071,0.867041318,0,0.00307422699,0.0434687106,1.4427516e-12,1.77495541e-05,10150,401,2259
47,0.177792266,0.871593804,0.000174201573,0.871593804,0,0.00326837207,0.0436040838,3.37179867e-12,1.49968373e-05,19450,401,474
48,0.95130533,0.77631649,0.000148713508,0.77631649,0,0.00448108967,0.039100897,2.45730083e-12,1.15793195e-05,,401,1010
49,0.404722452,0.871368119,0.000111607615,0.871368119,0,0.00362188138,0.0435025337,1.38402885e-12,2.08468737e-05,19500,401,2534
50,0.866737604,0.796022896,0.000106081062,0.796022896,0,0.00396625583,0.0400147944,1.25035464e-12,1.37203764e-05,12650,401,2636
51,0.516920209,0.860936888,0.00011559004,0.860936888,0,0.00362211665,0.0430217525,1.48456193e-12,2.15904698e-05,13000,401,1856
52,0.942707837,0.778334571,0.000119958324,0.778334571,0,0.00440468437,0.0391952941,1.59888883e-12,1.27257798e-05,,401,1684
53,0.632980466,0.843955828,0.000117574815,0.843955828,0,0.00387502876,0.0422166032,1.53598191e-12,2.02448458e-05,,401,1757
54,0.573554635,0.85337004,0.000113857143,0.85337004,0,0.00375791314,0.0426616103,1.44038322e-12,2.16038411e-05,17100,401,2288
55,0.840283215,0.802054787,0.000133024041,0.802054787,0,0.0039424688,0.0402876359,1.96615507e-12,1.23505545e-05,17350,401,1368
56,0.378516555,0.872864251,0.000114513573,0.872864251,0,0.00364025308,0.0435709935,1.45703982e-12,2.049385e-05,,401,2130
57,0.478401214,0.865229186,0.000114787733,0.865229186,0,0.00357345879,0.0432232414,1.46402485e-12,2.13549849e-05,10950,401,2080
58,0.992256463,0.766716562,0.000332706525,0.766716562,0,0.00489022964,0.0386530158,1.22992924e-11,2.25662942e-06,,401,81
59,0.75831598,0.819976465,0.000154872118,0.819976465,0,0.00390475029,0.0411076866,2.66504142e-12,1.23212791e-05,18500,401,814
60,0.724865139,0.826847106,0.000146416282,0.826847106,0,0.00392906379,0.0414215497,2.38196974e-12,1.44976265e-05,18500,401,1067
61,0.137600496,0.868568049,0.000138174988,0.868568049,0,0.00312521478,0.043514096,2.1213697e-12,1.69666084e-05,8900,401,1255
62,0.0873030797,0.863483167,7.22086425e-05,0.863483167,0,0.00323794921,0.0433479457,5.79343117e-13,1.8134101e-05,16400,401,2909
63,0.141139895,0.868871731,0.000142569325,0.868871731,0,0.00313819047,0.043523063,2.25844583e-12,1.67870889e-05,15250,401,1156
64,0.378233761,0.872878266,0.000114581168,0.872878266,0,0.00364041696,0.0435716416,1.45876045e-12,2.04519884e-05,,401,2118
65,0.316776007,0.874902714,0.000137543205,0.874902714,0,0.0036419323,0.0436709081,2.10201482e-12,1.85611658e-05,16200,401,1267
66,0.430933505,0.869505774,0.00011184523,0.869505774,0,0.00359978641,0.0434180837,1.38992839e-12,2.10778308e-05,17750,401,2502
67,0.183019295,0.871919027,0.000176574553,0.871919027,0,0.00328572163,0.0436137737,3.46428585e-12,1.47989175e-05,,401,433
68,0.947211623,0.77727732,0.000134490275,0.77727732,0,0.00444427758,0.0391458337,2.00973712e-12,1.22163103e-05,,401,1335
69,0.552298188,0.856378751,0.000114610098,0.856378751,0,0.00370678363,0.0428047134,1.45949717e-12,2.16862711e-05,11600,401,2112
70,0.693456948,0.833007557,0.000135022746,0.833007557,0,0.00393097615,0.0417056182,2.02568244e-12,1.69402967e-05,18500,401,1323
71,0.00569094857,0.852228652,0.000420673164,0.852228652,0,0.00456076978,0.0429438952,1.9662879e-11,2.48788636e-06,,401,18
72,0.633853197,0.843807275,0.000117722167,0.843807275,0,0.00387634122,0.0422096214,1.53983429e-12,2.02443271e-05,,401,1753
73,0.00834846962,0.852652319,0.000402055962,0.852652319,0,0.00450260807,0.0429588752,1.79609996e-11,3.62834292e-06,,401,26
74,0.159166709,0.87030678,0.000161433893,0.87030678,0,0.00320445634,0.0435656196,2.89565577e-12,1.58316318e-05,16800,401,631
75,0.421524912,0.870215854,0.000111499314,0.870215854,0,0.0036077917,0.0434502534,1.38134413e-12,2.10186703e-05,19500,401,2562
76,0.503126621,0.86255623,0.000115532861,0.86255623,0,0.00359496434,0.0430985149,1.48309355e-12,2.14658756e-05,7850,401,1888
77,0.94900161,0.776857485,0.000140611208,0.776857485,0,0.00446027488,0.0391261991,2.19683464e-12,1.18532805e-05,,401,1199
78,0.505683661,0.862262914,0.000115503333,0.862262914,0,0.0035994325,0.0430846508,1.48233554e-12,2.15036115e-05,11250,401,1903
79,0.670179963,0.837371718,0.00012698409,0.837371718,0,0.00391835389,0.0419083929,1.79166213e-12,1.84555689e-05,,401,1504
80,0.270080745,0.875024626,0.000163175294,0.875024626,0,0.00357918924,0.0436917464,2.95846405e-12,1.63402645e-05,16200,401,612
81,0.359167516,0.87372964,0.000119288035,0.87372964,0,0.00364854155,0.043611454,1.58107058e-12,2.0065736e-05,,401,1701
82,0.363156885,0.873567998,0.000118115615,0.873567998,0,0.00364729651,0.043603806,1.55014427e-12,2.01511493e-05,,401,1738
83,0.765071392,0.818553817,0.000155965162,0.818553817,0,0.00389832326,0.0410429919,2.70279242e-12,1.18434873e-05,18500,401,757
84,0.806861758,0.809522342,0.000151988651,0.809522342,0,0.00391350409,0.0406287187,2.56672779e-12,1.1022236e-05,18500,401,917
85,0.727755189,0.826265626,0.000147353793,0.826265626,0,0.00392779034,0.0413948692,2.41257114e-12,1.43280951e-05,18500,401,1044
86,0.661762953,0.838904831,0.000124413989,0.838904831,0,0.00391094821,0.0419799202,1.71987118e-12,1.89553337e-05,,401,1564
87,0.677022636,0.836107607,0.000129247522,0.836107607,0,0.00392327325,0.0418495308,1.85610243e-12,1.80199413e-05,18500,401,1451
88,0.68729502,0.834180396,0.000132864887,0.834180396,0,0.00392878028,0.0417599901,1.96145313e-12,1.73099593e-05,18500,401,1371
89,0.423756987,0.870051565,0.000111570754,0.870051565,0,0.00360588061,0.0434428094,1.38311478e-12,2.10751854e-05,19500,401,2539
90,0.873690844,0.794423057,9.75139833e-05,0.794423057,0,0.0039765224,0.0399425216,1.05655299e-12,1.40211342e-05,3000,401,2692
91,0.119344026,0.86688836,0.000111435686,0.86688836,0,0.00307130022,0.0434640779,1.379768e-12,1.78019436e-05,10150,401,2580
92,0.327661753,0.874697112,0.000132020321,0.874697112,0,0.0036475147,0.043659405,1.93659612e-12,1.90561848e-05,16200,401,1390
93,0.288378775,0.875124414,0.000153238025,0.875124414,0,0.00361194677,0.0436889891,2.60909913e-12,1.72299302e-05,16200,401,878
94,0.230672941,0.874159085,0.000178949556,0.874159085,0,0.00346774943,0.0436750658,3.55810483e-12,1.47007957e-05,,401,387
95,0.646014273,0.841706143,0.000120232328,0.841706143,0,0.00389325951,0.0421109952,1.60620142e-12,1.97394246e-05,,401,1675
96,0.449950427,0.867930182,0.000112877291,0.867930182,0,0.00358485171,0.0433466341,1.4156981e-12,2.12162652e-05,13250,401,2413
97,0.365009129,0.873489908,0.000117548759,0.873489908,0,0.00364663772,0.0436001288,1.53530119e-12,2.01886789e-05,,401,1758
98,0.387703359,0.872381799,0.000113143724,0.872381799,0,0.00363456226,0.04354879,1.42238914e-12,2.06139221e-05,19800,401,2393
99,0.836392522,0.802933624,0.000136087258,0.802933624,0,0.00393937638,0.040327572,2.05774909e-12,1.21511748e-05,17350,401,1300
100,0.680840015,0.835395361,0.000130558352,0.835395361,0,0.00392559015,0.0418164106,1.89394259e-12,1.77609925e-05,18500,401,1423
101,0.113922544,0.866353081,0.00010270888,0.866353081,0,0.00306689047,0.0434475646,1.17212379e-12,1.79998025e-05,4350,401,2659
102,0.603066027,0.848873412,0.000114215038,0.848873412,0,0.00382219057,0.042448472,1.44945276e-12,2.11837895e-05,,401,2192
103,0.420692146,0.870276535,0.000111315353,0.870276535,0,0.00360850403,0.0434530033,1.37678977e-12,2.10295417e-05,19500,401,2602
104,0.0122446232,0.853266603,0.00037545961,0.853266603,0,0.00441915602,0.0429806412,1.56633243e-11,5.09075488e-06,,401,37
105,0.167153686,0.870883168,0.000167757686,0.870883168,0,0.00323248929,0.0435828319,3.12696013e-12,1.54505719e-05,19450,401,560
106,0.41851908,0.870432914,0.000111412019,0.870432914,0,0.00361036838,0.0434600901,1.37918201e-12,2.1017048e-05,19500,401,2588
107,0.0163563266,0.853905933,0.000348414814,0.853905933,0,0.00433343224,0.0430033478,1.34880981e-11,6.60342324e-06,,401,65
108,0.436986506,0.869024586,0.000111997165,0.869024586,0,0.00359476156,0.043396281,1.39370723e-12,2.11344412e-05,17750,401,2486
109,0.27975601,0.875101089,0.000157983694,0.875101089,0,0.00359793015,0.0436911357,2.77320527e-12,1.67929817e-05,16200,401,668
110,0.853128552,0.79913783,0.000121047529,0.79913783,0,0.00395281032,0.0401554661,1.62805604e-12,1.29619083e-05,15450,401,1652
111,0.410990536,0.87095579,0.000111382876,0.87095579,0,0.00361672932,0.0434838048,1.37846056e-12,2.09388877e-05,19500,401,2595
112,0.822760284,0.805993882,0.00014502697,0.805993882,0,0.00392803668,0.0404670684,2.33698021e-12,1.15184861e-05,18500,401,1099
113,0.627327979,0.844911652,0.000116650156,0.844911652,0,0.00386616131,0.0422615639,1.51191766e-12,2.04222429e-05,,401,1790
114,0.679747343,0.835599633,0.000130170506,0.835599633,0,0.00392496048,0.0418259053,1.88270674e-12,1.78851085e-05,18500,401,1431
115,0.953495741,0.77580236,0.000156566466,0.77580236,0,0.00450108661,0.0390768567,2.72367315e-12,1.13117348e-05,,401,698
116,0.308356971,0.875015979,0.000142110777,0.875015979,0,0.00363547093,0.0436780511,2.24394143e-12,1.8186971e-05,16200,401,1167
117,0.759977996,0.819627346,0.000155240854,0.819627346,0,0.00390315661,0.0410918065,2.67774697e-12,1.21794856e-05,18500,401,797
118,0.501719534,0.862716185,0.000115514903,0.862716185,0,0.00359264699,0.0431060642,1.48263254e-12,2.15133641e-05,7850,401,1895
119,0.17464444,0.871390294,0.000172542863,0.871390294,0,0.00325788755,0.0435980008,3.30789327e-12,1.51214516e-05,19450,401,499
120,0.937218547,0.779622631,0.000103924831,0.779622631,0,0.00435771662,0.0392555642,1.20004116e-12,1.31289549e-05,,401,2651
121,0.125856563,0.867509403,0.000121492274,0.867509403,0,0.00308632768,0.043482745,1.64004141e-12,1.75351977e-05,8900,401,1639
122,0.455344647,0.867449453,0.000113177493,0.867449453,0,0.00358126302,0.0433247838,1.42323832e-12,2.12948244e-05,13250,401,2387
123,0.671479285,0.837133071,0.000127398289,0.837133071,0,0.00391936907,0.0418972732,1.80336933e-12,1.83246253e-05,,401,1493
124,0.705913723,0.830599978,0.000139648639,0.830599978,0,0.00393284263,0.0415942937,2.16686027e-12,1.60239969e-05,18500,401,1222
125,0.109586105,0.865912831,9.59006551e-05,0.865912831,0,0.00307375021,0.0434333688,1.02188174e-12,1.8092281e-05,2950,401,2702
126,0.875703931,0.793958976,9.49202287e-05,0.793958976,0,0.0039803763,0.0399215115,1.00109442e-12,1.41711665e-05,3000,401,2708
127,0.377591372,0.872910274,0.000114698076,0.872910274,0,0.00364077303,0.0435731218,1.46173874e-12,2.04599953e-05,,401,2096
128,0.721958458,0.827429475,0.000145364554,0.827429475,0,0.00393016173,0.0414482931,2.34787261e-12,1.47886585e-05,18500,401,1093
129,0.251237214,0.874721931,0.000171991658,0.874721931,0,0.00353305929,0.0436875537,3.28679228e-12,1.54467066e-05,16200,401,505
130,0.620804608,0.845999516,0.000115690643,0.845999516,0,0.00385525765,0.0423127996,1.4871472e-12,2.0701492e-05,,401,1832
131,0.0794819668,0.862564227,7.6589152e-05,0.862564227,0,0.00332255188,0.043314761,6.51766468e-13,1.78613305e-05,18050,401,2847
132,0.779730082,0.815429369,0.000156517406,0.815429369,0,0.00389075807,0.0409005243,2.72196648e-12,1.12907759e-05,18500,401,709
133,0.632146537,0.844097781,0.000117375621,0.844097781,0,0.0038737515,0.0422232778,1.53078183e-12,2.01691676e-05,,401,1762
134,0.738237202,0.82413666,0.000150373913,0.82413666,0,0.00392173659,0.0412973823,2.51247932e-12,1.35793119e-05,18500,401,963
135,0.113195702,0.866279974,0.00010163749,0.866279974,0,0.00306723988,0.0434452539,1.14779771e-12,1.80077555e-05,3900,401,2665
136,0.788060606,0.813632125,0.00015606302,0.813632125,0,0.00389577723,0.0408178509,2.70618513e-12,1.11013066e-05,18500,401,753
137,0.882124484,0.7924758,8.66223844e-05,0.7924758,0,0.00399704578,0.0398540537,8.33715276e-13,1.43645762e-05,3900,401,2765
138,0.965013623,0.773098784,0.000202051205,0.773098784,0,0.00460984168,0.0389505235,4.5360766e-12,9.19083771e-06,,401,231
139,0.404543519,0.871379574,0.000111680669,0.871379574,0,0.00362202609,0.0435030539,1.38584132e-12,2.08603665e-05,19500,401,2526
140,0.218482465,0.87371056,0.000181214685,0.87371056,0,0.00342204394,0.0436638356,3.64875135e-12,1.44883619e-05,,401,314
141,0.307468683,0.875025568,0.000142597552,0.875025568,0,0.00363467141,0.0436787148,2.2593402e-12,1.81653105e-05,16200,401,1155
142,0.0387172364,0.85722314,0.000219061275,0.85722314,0,0.00390980832,0.0431219416,5.33198247e-12,1.28135013e-05,,401,210
143,0.0246181749,0.855163217,0.000297066165,0.855163217,0,0.00416850382,0.043048156,9.80536739e-12,9.21428931e-06,,401,117
144,0.32053116,0.874839314,0.000135618733,0.874839314,0,0.00364419877,0.0436672303,2.04360452e-12,1.87030225e-05,16200,401,1311
145,0.631363332,0.844230596,0.000117286694,0.844230596,0,0.00387255105,0.0422295224,1.52846318e-12,2.02629199e-05,,401,1769
146,0.340652317,0.874365003,0.000126152185,0.874365003,0,0.00365045547,0.0436422966,1.76826376e-12,1.94822627e-05,16200,401,1521
147,0.0440590978,0.857975325,0.00019258035,0.857975325,0,0.00381930445,0.0431489844,4.12079901e-12,1.38816335e-05,,401,245
148,0.917861521,0.78415775,6.60579522e-05,0.78415775,0,0.00420435401,0.0394677597,4.84850339e-13,1.4425545e-05,14650,401,2948
149,0.773390055,0.816786823,0.000156467614,0.816786823,0,0.00389185814,0.0409625852,2.7202349e-12,1.15485948e-05,18500,401,719
150,0.944996655,0.777797473,0.000127183521,0.777797473,0,0.00442468198,0.039170166,1.79729422e-12,1.24168232e-05,,401,1501
151,0.489211649,0.864097228,0.000115151236,0.864097228,0,0.00357768442,0.0431708253,1.4733119e-12,2.14247014e-05,4400,401,2003
152,0.226973787,0.874032046,0.000179833177,0.874032046,0,0.00345439468,0.0436719584,3.59333018e-12,1.46448231e-05,,401,364
153,0.208115801,0.873261741,0.000181746319,0.873261741,0,0.00338003159,0.0436520308,3.67019161e-12,1.44152195e-05,,401,266
154,0.417908728,0.870476421,0.000111435186,0.870476421,0,0.00361088194,0.0434620628,1.37975562e-12,2.09756169e-05,19500,401,2581
155,0.551099122,0.856542614,0.000114565699,0.856542614,0,0.00370384259,0.0428125158,1.45836659e-12,2.16036456e-05,11600,401,2121
156,0.751352072,0.821431075,0.000153654219,0.821431075,0,0.00391125784,0.0411739053,2.62329102e-12,1.27137673e-05,18500,401,859
157,0.485957742,0.864444024,0.000115024228,0.864444024,0,0.00357562742,0.0431869462,1.47006368e-12,2.14334645e-05,4400,401,2022
158,0.716378391,0.828540776,0.000143439592,0.828540776,0,0.00393173897,0.0414993899,2.28610183e-12,1.51921237e-05,18500,401,1137
159,0.58498019,0.851672269,0.000113773306,0.851672269,0,0.00378396825,0.0425810213,1.4382628e-12,2.14621119e-05,17100,401,2326
160,0.0642064065,0.860670612,0.000111339251,0.860670612,0,0.00351478762,0.0432462348,1.37738097e-12,1.67272515e-05,19800,401,2600
161,0.876856744,0.793693013,9.34215963e-05,0.793693013,0,0.0039828377,0.0399094542,9.69732739e-13,1.41972951e-05,3000,401,2718
162,0.822170377,0.806125496,0.000145281523,0.806125496,0,0.00392752616,0.0404730841,2.34519121e-12,1.14940019e-05,18500,401,1094
163,0.642674506,0.84228857,0.000119432695,0.84228857,0,0.00388888887,0.0421383066,1.58490762e-12,1.98148932e-05,,401,1696
164,0.394074768,0.872020536,0.000112387072,0.872020536,0,0.00363009147,0.0435322577,1.40342821e-12,2.07462494e-05,19800,401,2449
165,0.177230388,0.871557814,0.000173941761,0.871557814,0,0.00326650204,0.0436030074,3.36174847e-12,1.49926749e-05,19450,401,480
166,0.264243394,0.874952596,0.000166142476,0.874952596,0,0.00356628482,0.0436912014,3.06703582e-12,1.60294895e-05,16200,401,580
167,0.90804565,0.786451275,6.23146362e-05,0.786451275,0,0.00413511093,0.0395749116,4.31457098e-13,1.45684658e-05,12800,401,2990
168,0.746039569,0.822532481,0.000152553196,0.822532481,0,0.00391584653,0.0412241181,2.58583083e-12,1.29959469e-05,18500,401,896
169,0.946829736,0.777367317,0.000133193571,0.777367317,0,0.00444088983,0.0391500428,1.9711697e-12,1.22175199e-05,,401,1364
170,0.68955189,0.833752153,0.000133697377,0.833752153,0,0.00392968028,0.0417401262,1.98610985e-12,1.71204518e-05,18500,401,1352
171,0.84766835,0.800380399,0.000126527468,0.800380399,0,0.00394832976,0.0402116997,1.77880003e-12,1.27364947e-05,17350,401,1514
172,0.0835613534,0.863047849,7.30685865e-05,0.863047849,0,0.00327715447,0.043332242,5.9322426e-13,1.79931165e-05,17300,401,2889
173,0.742939115,0.823171925,0.000151789864,0.823171925,0,0.00391831345,0.0412533035,2.5600181e-12,1.32258627e-05,18500,401,922
174,0.765706658,0.818419445,0.000156101888,0.818419445,0,0.00389773562,0.0410368821,2.70753327e-12,1.18711156e-05,18500,401,751
175,0.698062539,0.832123023,0.000136719058,0.832123023,0,0.00393207,0.041664672,2.07690009e-12,1.65572566e-05,18500,401,1287
176,0.81277734,0.80821483,0.000149878281,0.80821483,0,0.00391907658,0.0405687222,2.49594435e-12,1.11725128e-05,18500,401,976
177,0.237680525,0.874378156,0.000177012148,0.874378156,0,0.00349174073,0.0436802342,3.48147785e-12,1.48776063e-05,16200,401,427
178,0.846024752,0.800753761,0.000128091364,0.800753761,0,0.00394701958,0.040228616,1.82304416e-12,1.25838694e-05,17350,401,1479
179,0.0230839178,0.854932519,0.000306176082,0.854932519,0,0.00419838638,0.0430399206,1.0415977e-11,8.76799266e-06,,401,109
180,0.791713119,0.812839407,0.000155596644,0.812839407,0,0.00389900503,0.0407813304,2.69003508e-12,1.10734235e-05,18500,401,779
181,0.0315842852,0.85619448,0.000256931449,0.85619448,0,0.00403708184,0.0430850418,7.33486329e-12,1.11436562e-05,,401,163
182,0.766619563,0.818226208,0.000155947933,0.818226208,0,0.00389691697,0.0410280951,2.70219531e-12,1.19004094e-05,18500,401,759
183,0.492109984,0.863783942,0.000115421407,0.863783942,0,0.00358016555,0.0431562108,1.48023347e-12,2.14719673e-05,4400,401,1940
184,0.109761797,0.865930981,9.59735902e-05,0.865930981,0,0.00307323613,0.0434339701,1.02343667e-12,1.80990947e-05,2950,401,2701
185,0.151944309,0.869754262,0.000154745178,0.869754262,0,0.00317824593,0.0435491864,2.66067445e-12,1.6219762e-05,16800,401,820
186,0.74120146,0.823529197,0.00015111502,0.823529197,0,0.00391962854,0.0412696195,2.53730548e-12,1.33973691e-05,18500,401,942
187,0.0590299144,0.859999499,0.000129110669,0.859999499,0,0.003587509,0.0432219752,1.85217388e-12,1.61804939e-05,,401,1454
188,0.246479526,0.874613326,0.000173968707,0.874613326,0,0.00351933335,0.0436853915,3.3627901e-12,1.52141713e-05,16200,401,479
189,0.344473898,0.874249397,0.000124570393,0.874249397,0,0.00365061706,0.0436365542,1.72419809e-12,1.95962222e-05,,401,1561
190,0.222268626,0.873859022,0.000180737886,0.873859022,0,0.0034367403,0.0436676274,3.62957595e-12,1.45137777e-05,,401,335
191,0.506824672,0.862130884,0.000115604227,0.862130884,0,0.00360152072,0.0430784028,1.48492635e-12,2.15662858e-05,11250,401,1852
192,0.0374921896,0.857048453,0.000225312161,0.857048453,0,0.00393113846,0.0431156687,5.64061886e-12,1.25262429e-05,,401,202
193,0.696970344,0.832333461,0.0001363161,0.832333461,0,0.00393185025,0.0416744097,2.06467545e-12,1.66291995e-05,18500,401,1294
194,0.30067268,0.875084467,0.000146398154,0.875084467,0,0.00362783894,0.0436832535,2.38137996e-12,1.78533732e-05,16200,401,1068
195,0.1784762,0.871637222,0.000174540016,0.871637222,0,0.00327064341,0.0436053796,3.38491302e-12,1.49808022e-05,,401,469
196,0.666664541,0.838015014,0.000125825469,0.838015014,0,0.00391544485,0.0419383877,1.75911651e-12,1.86536757e-05,,401,1529
197,0.16140911,0.870472269,0.000163364728,0.870472269,0,0.00321242976,0.043570555,2.96533714e-12,1.57574044e-05,16800,401,610
198,0.813007236,0.808163822,0.000149695187,0.808163822,0,0.00391928945,0.0405663848,2.48984991e-12,1.12275253e-05,18500,401,980
199,0.485136718,0.864530663,0.000114902019,0.864530663,0,0.00357521498,0.0431909653,1.46694156e-12,2.14361568e-05,4400,401,2058
200,0.496893436,0.863258044,0.000115433983,0.863258044,0,0.00358559832,0.0431315726,1.48055605e-12,2.14862364e-05,6600,401,1934
201,0.548270822,0.856926415,0.000114736344,0.856926415,0,0.00369688488,0.0428307917,1.4627143e-12,2.16514447e-05,14200,401,2089
202,0.531442463,0.859135325,0.000115272425,0.859135325,0,0.00365572579,0.0429360111,1.47641465e-12,2.16831048e-05,14200,401,1975
203,0.907934964,0.786476976,6.23363862e-05,0.786476976,0,0.0041343753,0.0395761102,4.31758339e-13,1.46080521e-05,12800,401,2989
204,0.178140774,0.871615916,0.000174320097,0.871615916,0,0.00326952828,0.0436047432,3.37638846e-12,1.49763589e-05,,401,471
205,0.366799265,0.873412711,0.000117065777,0.873412711,0,0.00364594655,0.043596505,1.52271067e-12,2.01975508e-05,,401,1775
206,0.462012529,0.866834845,0.000113705011,0.866834845,0,0.00357750653,0.043296794,1.43653662e-12,2.13110481e-05,12600,401,2350
207,0.433642566,0.869292832,0.000111965874,0.869292832,0,0.00359751904,0.0434084367,1.39292854e-12,2.11308534e-05,17750,401,2490
208,0.61316669,0.84725227,0.000114924112,0.84725227,0,0.00384160512,0.0423718843,1.46750572e-12,2.08250208e-05,,401,2052
209,0.574418604,0.853243534,0.000113826825,0.853243534,0,0.00375992423,0.0426556009,1.43961623e-12,2.1546586e-05,17100,401,2299
210,0.980940938,0.769364297,0.000274603992,0.769364297,0,0.00476987789,0.0387762937,8.37859473e-12,5.61404771e-06,,401,144
211,0.255203992,0.87480256,0.000170294804,0.87480256,0,0.00354385363,0.0436890195,3.22225782e-12,1.56136636e-05,16200,401,528
212,0.426312357,0.869860448,0.000111734062,0.869860448,0,0.00360370258,0.0434341515,1.38716673e-12,2.10568014e-05,19500,401,2516
213,0.335091382,0.874518789,0.000128559281,0.874518789,0,0.00364966526,0.0436500786,1.83638764e-12,1.92859912e-05,16200,401,1468
214,0.552970767,0.856286683,0.000114525657,0.856286683,0,0.00370843318,0.0428003301,1.45734735e-12,2.16074948e-05,11600,401,2129
215,0.150534973,0.869642916,0.000153245171,0.869642916,0,0.00317304669,0.043545882,2.6093425e-12,1.62856295e-05,15250,401,876
216,0.529042184,0.859439864,0.000115445224,0.859439864,0,0.0036499836,0.0429505152,1.48084441e-12,2.16749114e-05,14200,401,1927
217,0.760842562,0.8194456,0.000155445145,0.8194456,0,0.00390232485,0.0410835413,2.68479925e-12,1.20516155e-05,18500,401,788
218,0.407362461,0.871196919,0.000111560991,0.871196919,0,0.00361973721,0.0434947529,1.38287274e-12,2.08831261e-05,19500,401,2543
219,0.714078009,0.828996306,0.000142615591,0.828996306,0,0.00393219382,0.0415203592,2.25991187e-12,1.5342487e-05,18500,401,1154
220,0.374028236,0.873083149,0.000115455424,0.873083149,0,0.00364266095,0.0435811328,1.48110611e-12,2.03650831e-05,,401,1925
221,0.349624187,0.874080837,0.000122619744,0.874080837,0,0.00365035165,0.0436283069,1.67062241e-12,1.97511945e-05,,401,1607
222,0.712975502,0.82921417,0.000142254789,0.82921417,0,0.00393236986,0.0415303933,2.24849166e-12,1.55090912e-05,18500,401,1162
223,0.959643245,0.774359312,0.00018005543,0.774359312,0,0.00455838964,0.0390094078,3.60221754e-12,1.02044832e-05,,401,358
224,0.644043744,0.842050226,0.000119803024,0.842050226,0,0.00389070805,0.0421271272,1.59475161e-12,1.97856333e-05,,401,1688
225,0.784455299,0.814411822,0.000156461866,0.814411822,0,0.00389301474,0.0408537573,2.72003507e-12,1.11274033e-05,18500,401,720
226,0.927167833,0.781978997,7.99815635e-05,0.781978997,0,0.0042755748,0.0393658372,7.10783389e-13,1.38871215e-05,14650,401,2817
227,0.321945488,0.874813333,0.00013493451,0.874813333,0,0.00364496078,0.0436657634,2.02303577e-12,1.87833667e-05,16200,401,1326
228,0.901108742,0.788068556,6.55678121e-05,0.788068556,0,0.0040905466,0.0396503057,4.77681999e-13,1.46740987e-05,9300,401,2952
229,0.63956064,0.842827923,0.000118817875,0.842827923,0,0.00388462272,0.0421636173,1.56863195e-12,1.99979736e-05,,401,1714
230,0.364429712,0.873514598,0.000117777456,0.873514598,0,0.00364684871,0.0436012905,1.541281e-12,2.01821426e-05,,401,1750
231,0.775179863,0.816404295,0.000156660613,0.816404295,0,0.00389105975,0.0409451362,2.72694975e-12,1.14265023e-05,18500,401,684
232,0.393497497,0.872054271,0.000112434954,0.872054271,0,0.00363051656,0.0435337993,1.40462432e-12,2.07331033e-05,19800,401,2446
233,0.868403435,0.795640326,0.00010405966,0.795640326,0,0.00396838236,0.0399975254,1.20315698e-12,1.38105394e-05,3050,401,2650
234,0.87663573,0.793744029,9.37371885e-05,0.793744029,0,0.00398234903,0.0399117686,9.76295612e-13,1.41312132e-05,3000,401,2716
235,0.361473739,0.873637274,0.000118579587,0.873637274,0,0.00364785432,0.0436070772,1.56234651e-12,2.00974774e-05,,401,1724
236,0.608600914,0.847990121,0.000114584646,0.847990121,0,0.0038330164,0.0424067248,1.458849e-12,2.09394442e-05,,401,2117
237,0.751730621,0.821352386,0.000153741664,0.821352386,0,0.00391091942,0.0411703216,2.62627769e-12,1.27239065e-05,18500,401,857
238,0.707503736,0.830289338,0.000140104677,0.830289338,0,0.00393283619,0.0415799583,2.18103562e-12,1.60009942e-05,18500,401,1211
239,0.669003785,0.837587393,0.000126602648,0.837587393,0,0.00391740581,0.0419184467,1.78091448e-12,1.84501234e-05,,401,1512
240,0.959272325,0.774446364,0.000178623013,0.774446364,0,0.00455489643,0.0390134758,3.54513121e-12,1.02950987e-05,,401,394
241,0.514012337,0.861285753,0.000115622196,0.861285753,0,0.0036158604,0.0430383269,1.48538802e-12,2.15341926e-05,12050,401,1845
242,0.834733009,0.803307854,0.000137330712,0.803307854,0,0.00393804507,0.0403445932,2.09552494e-12,1.20781072e-05,17350,401,1272
243,0.746506274,0.82243601,0.000152556425,0.82243601,0,0.00391546448,0.0412197175,2.58594031e-12,1.30017205e-05,18500,401,895
244,0.867728829,0.795795192,0.000104935124,0.795795192,0,0.00396750446,0.0400045159,1.22348669e-12,1.3691031e-05,3050,401,2645
245,0.990465701,0.767135073,0.000323107678,0.767135073,0,0.00487081925,0.0386724856,1.15998413e-11,2.8829816e-06,,401,90
246,0.489448279,0.864071752,0.000115110638,0.864071752,0,0.00357787358,0.0431696383,1.47227322e-12,2.14659263e-05,4400,401,2010
247,0.892362118,0.790102567,7.40219472e-05,0.790102567,0,0.00404092873,0.0397447853,6.08805407e-13,1.46750071e-05,8450,401,2875
248,0.730644882,0.82568164,0.000148175999,0.82568164,0,0.0039263478,0.0413680974,2.43956963e-12,1.41467098e-05,18500,401,1023
249,0.0760550052,0.862150714,8.16050621e-05,0.862150714,0,0.00336269919,0.0432997978,7.39931795e-13,1.76649871e-05,18500,401,2803
250,0.20553939,0.873140659,0.000181666405,0.873140659,0,0.00336939084,0.0436487661,3.66696476e-12,1.43537794e-05,,401,283
251,0.0208914839,0.854600679,0.000319695881,0.854600679,0,0.00424168511,0.0430280844,1.13561618e-11,8.11197863e-06,,401,93
252,0.271668673,0.875040909,0.0001623339,0.875040909,0,0.00358248797,0.0436917794,2.92803279e-12,1.63523457e-05,16200,401,623
253,0.22340627,0.873902045,0.000180515831,0.873902045,0,0.00344107153,0.0436687142,3.62066279e-12,1.45278296e-05,,401,343
254,0.0158381555,0.853825896,0.000351724833,0.853825896,0,0.00434410036,0.0430005025,1.37455954e-11,6.41260905e-06,,401,60
255,0.983192444,0.768836857,0.000285739198,0.768836857,0,0.0047933846,0.0387517171,9.07187658e-12,4.92412714e-06,,401,131
256,0.725374162,0.826744836,0.000146547144,0.826744836,0,0.00392885313,0.0414168559,2.38622949e-12,1.45258998e-05,18500,401,1064
257,0.981637716,0.769201139,0.000278094206,0.769201139,0,0.004777126,0.0387686897,8.59293192e-12,5.26668374e-06,,401,140
258,0.066763863,0.860996677,0.000103499049,0.860996677,0,0.00348025836,0.0432580293,1.19022812e-12,1.69587833e-05,19800,401,2654
259,0.326736957,0.874717101,0.000132473939,0.874717101,0,0.00364716153,0.0436604793,1.94992716e-12,1.89940788e-05,16200,401,1377
260,0.409066945,0.871084533,0.000111488435,0.871084533,0,0.00361833028,0.0434896491,1.38107457e-12,2.08860948e-05,19500,401,2564
261,0.510559261,0.8616948,0.000115653733,0.8616948,0,0.00360874899,0.0430577405,1.48619845e-12,2.15082014e-05,12050,401,1837
262,0.376401126,0.872968703,0.000114882603,0.872968703,0,0.00364142082,0.0435758254,1.46644583e-12,2.04322636e-05,,401,2064
263,0.196924895,0.872707847,0.000180699257,0.872707847,0,0.00333472041,0.0436367801,3.6280246e-12,1.44526837e-05,,401,338
264,0.544545889,0.857426316,0.000114867457,0.857426316,0,0.00368771452,0.0428546011,1.46605918e-12,2.17003544e-05,14200,401,2066
265,0.955527544,0.775325561,0.000164189535,0.775325561,0,0.0045198457,0.0390545681,2.99535592e-12,1.09331127e-05,,401,603
266,0.772152841,0.817050643,0.000156425878,0.817050643,0,0.00389258122,0.0409746063,2.71878392e-12,1.1598206e-05,18500,401,725
267,0.0729624629,0.861772072,8.76509e-05,0.861772072,0,0.00340043951,0.0432860945,8.53631141e-13,1.74576614e-05,19400,401,2758
268,0.737864375,0.824212857,0.000150244929,0.824212857,0,0.00392198497,0.0413008658,2.50817095e-12,1.36741946e-05,18500,401,967
269,0.776333213,0.816157925,0.000156670007,0.816157925,0,0.00389073738,0.040933883,2.7272768e-12,1.1348068e-05,18500,401,682
270,0.463085204,0.866733858,0.000113712959,0.866733858,0,0.0035769882,0.0432921877,1.43673745e-12,2.12872686e-05,12600,401,2349
271,0.958716035,0.774576894,0.000176505704,0.774576894,0,0.00454964675,0.0390195763,3.46158482e-12,1.04101382e-05,,401,435
272,0.11895369,0.866850448,0.000110798871,0.866850448,0,0.00307066513,0.0434629268,1.36404332e-12,1.78588175e-05,10150,401,2606
273,0.951765418,0.776208589,0.000150320341,0.776208589,0,0.00448527104,0.0390958517,2.51068943e-12,1.15264896e-05,,401,965
274,0.630392969,0.844394977,0.000117126465,0.844394977,0,0.00387103854,0.0422372539,1.52428985e-12,2.03044374e-05,,401,1773
275,0.878672719,0.793273618,9.11200369e-05,0.793273618,0,0.00398712997,0.03989041,9.22540125e-13,1.42588784e-05,3000,401,2735
276,0.667385399,0.837883514,0.00012607098,0.837883514,0,0.00391606279,0.0419322548,1.765988e-12,1.86117252e-05,,401,1523
277,0.706525326,0.830480713,0.000139887278,0.830480713,0,0.00393284715,0.0415887893,2.17427227e-12,1.60123496e-05,18500,401,1217
278,0.733673453,0.825067286,0.000149076138,0.825067286,0,0.00392464562,0.041339959,2.46929943e-12,1.40053274e-05,18500,401,999
279,0.802008688,0.810590095,0.000153403434,0.810590095,0,0.00390884086,0.0406777883,2.61473485e-12,1.09939998e-05,18500,401,870
280,0.354498774,0.873907716,0.000120843747,0.873907716,0,0.00364963474,0.0436199529,1.62257901e-12,1.99252371e-05,,401,1657
281,0.139082178,0.868696067,0.000139971645,0.868696067,0,0.00313062108,0.0435178758,2.17689571e-12,1.69336878e-05,15250,401,1215
282,0.330695391,0.874628023,0.000130591934,0.874628023,0,0.00364855506,0.0436557428,1.89491702e-12,1.91290197e-05,16200,401,1422
283,0.384507954,0.87255479,0.000113432226,0.87255479,0,0.00363665306,0.0435567319,1.42965221e-12,2.06121174e-05,,401,2370
284,0.987712085,0.767778857,0.000308829359,0.767778857,0,0.00484123452,0.0387024478,1.05972859e-11,3.6684258e-06,,401,105
285,0.291766137,0.875121929,0.000151277449,0.875121929,0,0.0036167972,0.0436877216,2.54276294e-12,1.74264756e-05,16200,401,937
286,0.649568677,0.841081573,0.000121073203,0.841081573,0,0.0038976808,0.0420817284,1.62874672e-12,1.9593627e-05,,401,1651
287,0.800077438,0.81101363,0.00015394379,0.81101363,0,0.00390697374,0.0406972685,2.63318782e-12,1.09937014e-05,18500,401,853
288,0.597143114,0.849804785,0.000113971688,0.849804785,0,0.00381012671,0.0424925353,1.44328285e-12,2.11659303e-05,,401,2253
289,0.165302053,0.87075279,0.000166498133,0.87075279,0,0.00322608483,0.0435789337,3.08018091e-12,1.55277926e-05,19450,401,578
290,0.523536205,0.860128317,0.000115556895,0.860128317,0,0.0036370375,0.0429832919,1.48371066e-12,2.16046617e-05,14000,401,1875
291,0.498975426,0.863025622,0.000115500428,0.863025622,0,0.00358845902,0.0431206449,1.48226099e-12,2.15183802e-05,7000,401,1907
292,0.141841277,0.868931063,0.000143544185,0.868931063,0,0.00314079304,0.0435248154,2.28943699e-12,1.675836e-05,15250,401,1134
293,0.2521905,0.874742119,0.000171640447,0.874742119,0,0.00353570862,0.0436879333,3.27338255e-12,1.54543072e-05,16200,401,511
294,0.665525436,0.838222565,0.000125478962,0.838222565,0,0.00391444429,0.0419480711,1.74944109e-12,1.87258926e-05,,401,1537
295,0.46813789,0.866250465,0.000114144891,0.866250465,0,0.0035749434,0.0432701077,1.4476729e-12,2.13168138e-05,12600,401,2203
296,0.810959101,0.808617417,0.000150509814,0.808617417,0,0.00391738061,0.0405871847,2.5170227e-12,1.12189845e-05,18500,401,957
297,0.0610220768,0.860259593,0.000122010271,0.860259593,0,0.00355907628,0.0432313746,1.65405626e-12,1.64141844e-05,,401,1625
298,0.749438643,0.821828752,0.000153255658,0.821828752,0,0.00391295166,0.0411920294,2.60969962e-12,1.28324936e-05,18500,401,875
299,0.509392083,0.861831756,0.000115629947,0.861831756,0,0.00360643234,0.0430642329,1.48558718e-12,2.15655056e-05,12050,401,1843
300,0.676034391,0.836291064,0.000128955944,0.836291064,0,0.00392262899,0.0418580652,1.84773727e-12,1.80787929e-05,18500,401,1459
301,0.143472224,0.869067832,0.000145432934,0.869067832,0,0.00314684408,0.0435288549,2.35008203e-12,1.66732414e-05,15250,401,1089
302,0.738986611,0.823983352,0.000150595242,0.823983352,0,0.00392121639,0.0412903737,2.51988075e-12,1.35209294e-05,18500,401,956
303,0.140429512,0.868811349,0.000141684162,0.868811349,0,0.00313557496,0.0435212795,2.23048908e-12,1.68535783e-05,15250,401,1178
304,0.369143665,0.873308926,0.000116545525,0.873308926,0,0.00364496402,0.0435916482,1.50920661e-12,2.02659503e-05,,401,1795
305,0.40039134,0.871640805,0.000111778458,0.871640805,0,0.00362531829,0.0435149406,1.38826931e-12,2.08110038e-05,19800,401,2510
306,0.443155944,0.868514593,0.000112460603,0.868514593,0,0.00358986282,0.0433731595,1.40526524e-12,2.1209237e-05,16900,401,2440
307,0.319395572,0.874859323,0.000136223497,0.874859323,0,0.00364355087,0.0436683747,2.06187122e-12,1.87026199e-05,16200,401,1299
308,0.267667651,0.874997256,0.000164366571,0.874997256,0,0.00357400323,0.0436916061,3.00181885e-12,1.61594476e-05,16200,401,601
309,0.397216469,0.871834391,0.000112062306,0.871834391,0,0.00362775156,0.0435237628,1.39532894e-12,2.07730723e-05,19800,401,2476
310,0.221942991,0.873846647,0.000180765337,0.873846647,0,0.0034354982,0.0436673152,3.63067857e-12,1.45158214e-05,,401,332
311,0.781202793,0.815112809,0.000156649483,0.815112809,0,0.00389122067,0.0408859938,2.72656228e-12,1.1162682e-05,18500,401,685
312,0.537748992,0.858322669,0.000115168321,0.858322669,0,0.00367102901,0.0428972999,1.47374912e-12,2.17114832e-05,14200,401,2000
313,0.435186923,0.869169646,0.000111991204,0.869169646,0,0.00359624237,0.0434028545,1.39355887e-12,2.11279297e-05,17750,401,2487
314,0.380803883,0.872748361,0.000114115685,0.872748361,0,0.00363893173,0.043565644,1.44693218e-12,2.0528779e-05,,401,2215
315,0.550290883,0.856652626,0.000114695402,0.856652626,0,0.00370185469,0.0428177538,1.46167059e-12,2.16350054e-05,11600,401,2097
316,0.702091277,0.831343906,0.000138247034,0.831343906,0,0.00393264007,0.0416286501,2.1235825e-12,1.62243462e-05,18500,401,1254
317,0.86123997,0.79728394,0.000112571181,0.79728394,0,0.00396019115,0.0400717109,1.40803009e-12,1.33858809e-05,13150,401,2433
318,0.117269792,0.866685583,0.000108089457,0.866685583,0,0.00306841556,0.0434578891,1.29814786e-12,1.78838742e-05,8450,401,2623
319,0.546045661,0.857225824,0.000114820503,0.857225824,0,0.0036914041,0.0428450513,1.46486088e-12,2.16503531e-05,14200,401,2072
320,0.219145194,0.873737139,0.00018115101,0.873737139,0,0.00342464432,0.043664519,3.6461876e-12,1.44807068e-05,,401,317
321,0.107838504,0.865732471,9.30519246e-05,0.865732471,0,0.00307991174,0.0434273507,9.62073409e-13,1.81420409e-05,2950,401,2722
322,0.514700413,0.861203462,0.000115552053,0.861203462,0,0.00361732046,0.0430344185,1.48358632e-12,2.15658598e-05,12050,401,1878
323,0.0126379961,0.853328068,0.000372816794,0.853328068,0,0.00441084907,0.0429828202,1.54435958e-11,5.23945769e-06,,401,40
324,0.991434634,0.766908623,0.000328398855,0.766908623,0,0.00488130417,0.0386619499,1.19828676e-11,2.37988481e-06,,401,84
325,0.566890657,0.854334478,0.000114039801,0.854334478,0,0.00374217748,0.0427074463,1.44500846e-12,2.16468149e-05,17100,401,2233
326,0.154274866,0.869935854,0.0001570092,0.869935854,0,0.00318678003,0.0435545807,2.73909878e-12,1.61261299e-05,16800,401,677
327,0.242775068,0.874519804,0.000175302026,0.874519804,0,0.00350806629,0.0436834054,3.41453335e-12,1.50817358e-05,16200,401,457
328,0.906212389,0.786878948,6.26861801e-05,0.786878948,0,0.0041229513,0.0395948663,4.36617464e-13,1.47098083e-05,12800,401,2981
329,0.487556696,0.864274248,0.000115095065,0.864274248,0,0.00357654853,0.0431790612,1.47187488e-12,2.14870979e-05,4400,401,2014
330,0.19601877,0.872659917,0.000180459178,0.872659917,0,0.00333125705,0.0436354214,3.61839055e-12,1.44908534e-05,,401,345
331,0.499933571,0.862918087,0.000115499708,0.862918087,0,0.00358987085,0.043115582,1.4822425e-12,2.14762655e-05,7000,401,1909
332,0.615162611,0.846927156,0.000115137712,0.846927156,0,0.00384526519,0.0423565424,1.47296585e-12,2.08404317e-05,,401,2004
333,0.836992025,0.802798352,0.000135597677,0.802798352,0,0.00393985061,0.0403214203,2.04297e-12,1.22496408e-05,17350,401,1312
334,0.0632788762,0.860551498,0.000114305787,0.860551498,0,0.00352753911,0.0432419278,1.45175699e-12,1.66336994e-05,19800,401,2176
335,0.729038835,0.82600638,0.000147647868,0.82600638,0,0.00392717098,0.0413829827,2.42221031e-12,1.42178961e-05,18500,401,1035
336,0.231736913,0.874194133,0.000178757002,0.874194133,0,0.00347150999,0.043675909,3.55045174e-12,1.47397858e-05,,401,392
337,0.431814402,0.869436829,0.000111916908,0.869436829,0,0.00359904998,0.0434149591,1.39171048e-12,2.10902414e-05,17750,401,2497
338,0.209925845,0.8733446,0.000181734609,0.8733446,0,0.00338749407,0.0436542466,3.66971866e-12,1.44266647e-05,,401,268
339,0.996480763,0.765729792,0.000356002754,0.765729792,0,0.00493659062,0.0386071312,1.40819957e-11,8.76941651e-07,,401,56
340,0.277329296,0.875087015,0.000159314276,0.875087015,0,0.00359353489,0.0436914717,2.8201154e-12,1.6649151e-05,16200,401,653
341,0.844095647,0.801191643,0.000129664661,0.801191643,0,0.00394549034,0.0402484682,1.86810272e-12,1.24938623e-05,17350,401,1441
342,0.331427753,0.874610499,0.000130266524,0.874610499,0,0.00364876741,0.0436548248,1.88548526e-12,1.91610549e-05,16200,401,1429
343,0.222451314,0.873866009,0.000180712417,0.873866009,0,0.00343744131,0.0436678048,3.62855307e-12,1.45252386e-05,,401,336
344,0.412129551,0.870878586,0.000111477992,0.870878586,0,0.00361577602,0.0434803012,1.38081586e-12,2.09616579e-05,19500,401,2565
345,0.347308755,0.874158532,0.000123470767,0.874158532,0,0.00365053568,0.0436320924,1.69389224e-12,1.97183889e-05,,401,1588
346,0.861584544,0.797205032,0.00011209393,0.797205032,0,0.00396054013,0.0400681492,1.39611656e-12,1.34749085e-05,13150,401,2474
347,0.725141883,0.826791358,0.000146473358,0.826791358,0,0.0039289532,0.0414189891,2.38382719e-12,1.44971851e-05,18500,401,1066
348,0.673535287,0.836753742,0.00012807638,0.836753742,0,0.00392089183,0.0418796041,1.82261767e-12,1.8266508e-05,,401,1480
349,0.626335979,0.845078274,0.000116469688,0.845078274,0,0.00386455377,0.0422694067,1.50724315e-12,2.05179279e-05,,401,1796
350,0.785025418,0.814288667,0.000156317465,0.814288667,0,0.00389341071,0.0408480872,2.71501666e-12,1.12023036e-05,18500,401,736
351,0.41428265,0.870730826,0.000111396236,0.870730826,0,0.00361396391,0.0434735978,1.37879126e-12,2.10040678e-05,19500,401,2593
352,0.999803364,0.764954467,0.000374623638,0.764954467,0,0.00497357785,0.0385711061,1.55936522e-11,8.11924847e-07,,401,38
353,0.0497679301,0.858761773,0.000166560869,0.858761773,0,0.00372713246,0.0431773071,3.08250256e-12,1.48755679e-05,,401,575
354,0.359621137,0.873711736,0.000119123387,0.873711736,0,0.0036484113,0.0436106045,1.57670903e-12,2.0070949e-05,,401,1706
355,0.627895772,0.844816423,0.000116707002,0.844816423,0,0.00386707693,0.0422570827,1.51339159e-12,2.0432784e-05,,401,1789
356,0.123094693,0.867249018,0.000117364346,0.867249018,0,0.00307906872,0.043474961,1.53048774e-12,1.76770923e-05,10150,401,1763
357,0.292032957,0.875121452,0.000151181091,0.875121452,0,0.00361716387,0.0436876115,2.5395247e-12,1.73866079e-05,16200,401,939
358,0.969552755,0.772033697,0.000221501563,0.772033697,0,0.00465431806,0.0389007943,5.45143804e-12,8.28549538e-06,,401,207
359,0.371587008,0.87319757,0.000115955637,0.87319757,0,0.00364385244,0.0435864538,1.49396774e-12,2.03481657e-05,,401,1818
360,0.161726072,0.870495448,0.000163690829,0.870495448,0,0.00321355869,0.0435712467,2.97718748e-12,1.57154814e-05,19450,401,607
361,0.0288050063,0.855786175,0.000272612026,0.855786175,0,0.00408867433,0.0430704245,8.25747966e-12,1.04176504e-05,,401,146
362,0.445507795,0.868314942,0.000112626561,0.868314942,0,0.00358806987,0.0433641012,1.4094158e-12,2.12216026e-05,16900,401,2430
363,0.151247948,0.869699296,0.000154122269,0.869699296,0,0.00317568239,0.0435475532,2.6392971e-12,1.62596561e-05,16800,401,844
364,0.879309118,0.793126577,9.03195093e-05,0.793126577,0,0.00398878459,0.0398837227,9.06401528e-13,1.41868398e-05,3000,401,2739
365,0.90866071,0.786307541,6.21093716e-05,0.786307541,0,0.00413924585,0.0395682021,4.28619338e-13,1.46286931e-05,14650,401,2997
366,0.111473344,0.866105801,9.89097337e-05,0.866105801,0,0.00306929665,0.0434396804,1.08701505e-12,1.80621269e-05,3000,401,2682
367,0.432936311,0.869348709,0.000111808249,0.869348709,0,0.00359810671,0.0434109677,1.3890094e-12,2.11464556e-05,17750,401,2507
368,0.0583414882,0.859909192,0.000131594401,0.859909192,0,0.0035974668,0.0432187134,1.92412072e-12,1.60821745e-05,,401,1399
369,0.639297485,0.842873258,0.000118736665,0.842873258,0,0.00388425106,0.0421657451,1.5664884e-12,1.99957849e-05,,401,1717
370,0.0501826368,0.858818228,0.000164728159,0.858818228,0,0.00372061746,0.0431793439,3.01504072e-12,1.49521917e-05,,401,594
371,0.673201799,0.836815543,0.00012791322,0.836815543,0,0.00392065602,0.0418824826,1.81797689e-12,1.82642789e-05,,401,1483
372,0.100589231,0.864965658,8.25229808e-05,0.864965658,0,0.0031215406,0.0434008677,7.56671374e-13,1.82445864e-05,12050,401,2795
373,0.49808374,0.863125399,0.000115429956,0.863125399,0,0.00358720392,0.043125339,1.48045275e-12,2.15129982e-05,6950,401,1936
374,0.203452095,0.873039785,0.000181548136,0.873039785,0,0.00336079395,0.0436460199,3.66219174e-12,1.43960016e-05,,401,290
375,0.163758084,0.870642596,0.000165235873,0.870642596,0,0.00322069967,0.0435756412,3.03365486e-12,1.56345385e-05,19450,401,589
376,0.644972384,0.841888182,0.000119970179,0.841888182,0,0.00389191877,0.0421195286,1.59920487e-12,1.97296098e-05,,401,1682
377,0.977549076,0.770158823,0.000258129444,0.770158823,0,0.00473487017,0.0388133298,7.40342331e-12,6.45455004e-06,,401,162
378,0.502493382,0.862628328,0.000115499909,0.862628328,0,0.00359391145,0.0431019185,1.48224766e-12,2.15175639e-05,7850,401,1908
379,0.368857771,0.873321757,0.000116449771,0.873321757,0,0.00364508991,0.0435922474,1.50672768e-12,2.02823061e-05,,401,1798
380,0.615653157,0.846846862,0.000115204953,0.846846862,0,0.00384614968,0.0423527545,1.4746868e-12,2.08179342e-05,,401,1990
381,0.924601972,0.782580113,7.50884346e-05,0.782580113,0,0.00425543874,0.0393939634,6.26474779e-13,1.42346371e-05,14650,401,2864
382,0.44868499,0.868040875,0.000112785538,0.868040875,0,0.00358574402,0.0433516617,1.4133975e-12,2.12426169e-05,13250,401,2421
383,0.188279137,0.872230497,0.000178501475,0.872230497,0,0.00330343243,0.0436229833,3.54030849e-12,1.46891347e-05,,401,398
384,0.139382645,0.868721864,0.000140394191,0.868721864,0,0.0031317219,0.0435186374,2.19005876e-12,1.69217886e-05,15250,401,1202
385,0.920392632,0.783565619,6.89432929e-05,0.783565619,0,0.00422322991,0.0394400662,5.28130848e-13,1.43054248e-05,14650,401,2930
386,0.816202879,0.807454845,0.000148278922,0.807454845,0,0.00392222523,0.0405339,2.44295987e-12,1.13177347e-05,18500,401,1020
387,0.248511076,0.874661261,0.000173119594,0.874661261,0,0.00352529762,0.0436863672,3.33004375e-12,1.53423903e-05,16200,401,490
388,0.37872532,0.872853709,0.000114329699,0.872853709,0,0.00364013429,0.0435705066,1.45236446e-12,2.04700899e-05,,401,2172
389,0.711773098,0.829451159,0.000141761876,0.829451159,0,0.00393252302,0.0415413117,2.23293661e-12,1.55623988e-05,18500,401,1175
390,0.51338768,0.861360247,0.000115489272,0.861360247,0,0.00361454826,0.0430418648,1.48197467e-12,2.16244446e-05,12050,401,1914
391,0.295747459,0.875110762,0.000149103969,0.875110762,0,0.00362203078,0.0436859308,2.47022151e-12,1.7600616e-05,16200,401,998
392,0.198102906,0.872769622,0.000180885231,0.872769622,0,0.00333929266,0.0436385242,3.63549631e-12,1.44463772e-05,,401,328
393,0.79636234,0.811826154,0.000154833873,0.811826154,0,0.00390338843,0.0407346641,2.66372535e-12,1.09965212e-05,18500,401,816
394,0.286059052,0.875122325,0.000154627342,0.875122325,0,0.00360841649,0.0436897182,2.65662388e-12,1.7094812e-05,16200,401,824
395,0.838273644,0.802508962,0.000134648678,0.802508962,0,0.00394087129,0.0403082666,2.01447404e-12,1.21985346e-05,17350,401,1331
396,0.58908391,0.851049036,0.000113760118,0.851049036,0,0.00379299041,0.0425514714,1.43792938e-12,2.13357635e-05,17100,401,2328
397,0.600971103,0.84920455,0.000114099752,0.84920455,0,0.00381797719,0.0424641328,1.44652816e-12,2.11735035e-05,,401,2221
398,0.396191388,0.871895694,0.000112025884,0.871895694,0,0.00362852653,0.0435265585,1.39442207e-12,2.07531821e-05,19800,401,2481
399,0.110201083,0.865975963,9.67938381e-05,0.865975963,0,0.00307203635,0.0434354497,1.04100523e-12,1.8103026e-05,3000,401,2696
400,0.345932603,0.874203186,0.000123942818,0.874203186,0,0.00365058849,0.0436342804,1.70686912e-12,1.97021805e-05,,401,1575
401,0.608687341,0.847976213,0.00011455359,0.847976213,0,0.00383318288,0.0424060679,1.45805832e-12,2.11258193e-05,,401,2124
402,0.116301738,0.866590148,0.000106561899,0.866590148,0,0.00306752356,0.0434549527,1.26171538e-12,1.79121602e-05,6600,401,2634
403,0.350665033,0.87404496,0.000122170113,0.87404496,0,0.00365023849,0.0436265668,1.65839295e-12,1.97932779e-05,,401,1622
404,0.114559025,0.86641672,0.000103751302,0.86641672,0,0.00306680764,0.0434495607,1.19603697e-12,1.79802043e-05,5950,401,2652
405,0.143003091,0.869028682,0.000144834015,0.869028682,0,0.00314509883,0.0435276992,2.33076576e-12,1.66832318e-05,15250,401,1102
406,0.685245097,0.834567711,0.000132043161,0.834567711,0,0.00392786689,0.041777965,1.93726627e-12,1.74833585e-05,18500,401,1388
407,0.0633897707,0.860565812,0.00011398937,0.860565812,0,0.00352600726,0.0432424461,1.44373072e-12,1.66500488e-05,19800,401,2246
408,0.455275625,0.867455793,0.000113156414,0.867455793,0,0.00358130469,0.0433250727,1.42270823e-12,2.12122003e-05,13250,401,2391
409,0.156804547,0.870129464,0.000159397092,0.870129464,0,0.0031959665,0.0435603403,2.82304809e-12,1.59499948e-05,16800,401,652
410,0.653680503,0.840353607,0.000122155194,0.840353607,0,0.00390247846,0.042047648,1.65798793e-12,1.9393391e-05,,401,1623
411,0.687427819,0.834155035,0.000132912445,0.834155035,0,0.0039288402,0.0417588125,1.96285756e-12,1.72489368e-05,18500,401,1370
412,0.259673178,0.874882593,0.00016822686,0.874882593,0,0.00355531763,0.0436903004,3.14447516e-12,1.5774827e-05,16200,401,554
413,0.597475171,0.849752912,0.000113992989,0.849752912,0,0.00381081928,0.0424900802,1.4438224e-12,2.12188847e-05,,401,2244
414,0.427005559,0.869807886,0.000111605103,0.869807886,0,0.00360311615,0.04343177,1.38396655e-12,2.10941995e-05,19500,401,2535
415,0.0757209808,0.862110134,8.21298641e-05,0.862110134,0,0.00336670432,0.0432983306,7.49479398e-13,1.76417519e-05,18500,401,2800
416,0.86807394,0.795715975,0.000104640869,0.795715975,0,0.00396795705,0.0400009403,1.2166346e-12,1.37604256e-05,3050,401,2647
417,0.293370515,0.875118473,0.000150462409,0.875118473,0,0.00361896128,0.0436870379,2.5154374e-12,1.7481746e-05,16200,401,961
418,0.187122837,0.872163472,0.000178093882,0.872163472,0,0.00329948107,0.0436210127,3.52415896e-12,1.47021832e-05,,401,406
419,0.0575478785,0.859804692,0.000134661019,0.859804692,0,0.00360903441,0.043214939,2.01484333e-12,1.59759124e-05,,401,1330
420,0.986490548,0.76806488,0.000302540369,0.76806488,0,0.00482821166,0.0387157653,1.0170075e-11,3.88936368e-06,,401,112
421,0.794924498,0.812140003,0.000155090868,0.812140003,0,0.00390200979,0.040749115,2.67257525e-12,1.10221629e-05,18500,401,805
422,0.965407491,0.773006327,0.000203805731,0.773006327,0,0.00461366719,0.0389462048,4.61519732e-12,9.20708763e-06,,401,229
423,0.913276613,0.785229813,6.28183794e-05,0.785229813,0,0.00417119742,0.039517871,4.38460977e-13,1.46699052e-05,14650,401,2979
424,0.0974742696,0.864627035,7.8636641e-05,0.864627035,0,0.00314507961,0.0433889042,6.87080146e-13,1.82450768e-05,11750,401,2828
425,0.262821376,0.874932123,0.000166789643,0.874932123,0,0.0035629546,0.0436909668,3.09097612e-12,1.59517754e-05,16200,401,572
426,0.381776035,0.872698307,0.000113962036,0.872698307,0,0.00363834411,0.043563337,1.4430384e-12,2.05095375e-05,,401,2256
427,0.261079848,0.874905512,0.000167647164,0.874905512,0,0.00355878061,0.0436906266,3.1228413e-12,1.5847046e-05,16200,401,561
428,0.260630071,0.874898212,0.000167839658,0.874898212,0,0.00355768014,0.0436905216,3.13001676e-12,1.5827998e-05,16200,401,559
429,0.142458349,0.868982982,0.000144267392,0.868982982,0,0.00314308043,0.0435263482,2.31256449e-12,1.67476434e-05,15250,401,1117
430,0.877528667,0.793537903,9.26100215e-05,0.793537903,0,0.00398436195,0.0399024147,9.52957343e-13,1.41629222e-05,3000,401,2724
431,0.027461933,0.855587428,0.000280384001,0.855587428,0,0.00411400621,0.0430633163,8.73502091e-12,1.00357736e-05,,401,136
432,0.403768659,0.871428916,0.000111680947,0.871428916,0,0.00362264717,0.0435052977,1.3858482e-12,2.08430734e-05,19500,401,2525
433,0.967138171,0.77260029,0.000210894381,0.77260029,0,0.00463054728,0.0389272452,4.94182666e-12,8.88548602e-06,,401,220
434,0.440422386,0.868743072,0.000112280542,0.868743072,0,0.00359200105,0.0433835204,1.40076891e-12,2.11610947e-05,16900,401,2457
435,0.691493332,0.83338256,0.00013438509,0.83338256,0,0.00393037078,0.0417229928,2.00659472e-12,1.70380204e-05,18500,401,1337
436,0.208845705,0.873295452,0.000181749216,0.873295452,0,0.00338304132,0.0436529358,3.6703086e-12,1.43737438e-05,,401,265
437,0.478237748,0.865245893,0.000114750744,0.865245893,0,0.00357344175,0.0432240115,1.46308146e-12,2.13977239e-05,10950,401,2088
438,0.566590309,0.85437745,0.000114089816,0.85437745,0,0.00374146651,0.0427094888,1.44627624e-12,2.15892843e-05,17100,401,2224
439,0.116768233,0.866636127,0.000107376051,0.866636127,0,0.0030679118,0.0434563683,1.28106849e-12,1.79023903e-05,7000,401,2627
440,0.549101412,0.856814136,0.000114691992,0.856814136,0,0.00369892601,0.0428254455,1.46158367e-12,2.17133186e-05,14200,401,2099
441,0.00126817252,0.851515302,0.000452776985,0.851515302,0,0.00465979477,0.0429187332,2.27785553e-11,5.70594044e-07,,401,4
442,0.373676062,0.873099882,0.000115438865,0.873099882,0,0.00364283956,0.0435819096,1.48068128e-12,2.03862968e-05,,401,1931
443,0.433109611,0.869334912,0.000111930918,0.869334912,0,0.00359796346,0.0434103427,1.39205894e-12,2.10823871e-05,17750,401,2495
444,0.00415626122,0.85198228,0.000431721258,0.85198228,0,0.00459481718,0.0429351959,2.07092494e-11,1.84172676e-06,,401,13
445,0.572386265,0.853540499,0.000113952004,0.853540499,0,0.00375518051,0.0426697083,1.44278437e-12,2.16186247e-05,17100,401,2257
446,0.653171182,0.840444139,0.000121948398,0.840444139,0,0.00390190521,0.0420518846,1.6523791e-12,1.9433955e-05,,401,1628
447,0.192841351,0.872487782,0.000179792699,0.872487782,0,0.00331946892,0.0436304854,3.59171273e-12,1.45762427e-05,,401,366
448,0.643580556,0.842130881,0.000119653047,0.842130881,0,0.00389009904,0.0421309099,1.5907613e-12,1.97848405e-05,,401,1691
449,0.815614641,0.807585555,0.000148522355,0.807585555,0,0.00392168222,0.0405398864,2.45098776e-12,1.13602799e-05,18500,401,1014
450,0.594429433,0.850226825,0.000113829388,0.850226825,0,0.00380444363,0.0425125183,1.43968107e-12,2.12277516e-05,17100,401,2297
451,0.054385297,0.859384734,0.000147033168,0.859384734,0,0.00365599445,0.0431997764,2.40208362e-12,1.55486223e-05,,401,1050
452,0.754774094,0.820717841,0.000154353133,0.820717841,0,0.0039081056,0.0411414252,2.64720996e-12,1.25248113e-05,18500,401,834
453,0.794210374,0.812295619,0.000155241568,0.812295619,0,0.00390134094,0.0407562808,2.67777161e-12,1.10048272e-05,18500,401,796
454,0.264808089,0.874960383,0.000165774886,0.874960383,0,0.00356759072,0.0436912819,3.0534792e-12,1.60493308e-05,16200,401,585
455,0.166145533,0.870812401,0.000167074858,0.870812401,0,0.00322900554,0.0435807154,3.10155645e-12,1.550471e-05,19450,401,569
456,0.354021132,0.873925265,0.000120943795,0.873925265,0,0.00364972347,0.0436207954,1.62526684e-12,1.99047714e-05,,401,1655
457,0.741537452,0.823460209,0.000151432243,0.823460209,0,0.00391937671,0.0412664682,2.54796935e-12,1.32826084e-05,18500,401,933
458,0.50161171,0.862728494,0.000115606351,0.862728494,0,0.00359247781,0.0431066451,1.48498093e-12,2.15064255e-05,7850,401,1849
459,0.635707676,0.843490376,0.000117976317,0.843490376,0,0.00387910317,0.042194728,1.54649015e-12,2.01491525e-05,,401,1742
460,0.0777017549,0.862350201,7.89285522e-05,0.862350201,0,0.0033431838,0.0433070171,6.92190706e-13,1.7756551e-05,18500,401,2826
461,0.564983904,0.854606924,0.000114197216,0.854606924,0,0.0037376218,0.0427204006,1.44900045e-12,2.16744567e-05,17100,401,2194
462,0.841933906,0.801681187,0.000131599627,0.801681187,0,0.00394377828,0.0402706757,1.92427354e-12,1.23862417e-05,17350,401,1398
463,0.793121219,0.81253296,0.00015541176,0.81253296,0,0.00390030813,0.0407672132,2.68364612e-12,1.10594973e-05,18500,401,791
464,0.459070385,0.867108799,0.000113681891,0.867108799,0,0.00357905596,0.0433092783,1.43595249e-12,2.12571198e-05,12600,401,2352
465,0.053464435,0.859261499,0.000150821395,0.859261499,0,0.00366994136,0.043195331,2.52745479e-12,1.54470663e-05,,401,951
466,0.295269459,0.875112548,0.000149327893,0.875112548,0,0.00362142908,0.0436861622,2.47764664e-12,1.76108175e-05,16200,401,993
467,0.664627433,0.838385888,0.000125175807,0.838385888,0,0.003913636,0.0419556918,1.74099809e-12,1.87820308e-05,,401,1546
468,0.973164678,0.771186732,0.0002377941,0.771186732,0,0.00469036954,0.0388612713,6.28289265e-12,7.48511874e-06,,401,186
469,0.744728148,0.822803196,0.000152159119,0.822803196,0,0.00391691279,0.0412364707,2.5724886e-12,1.319882e-05,18500,401,911
470,0.124927647,0.867422326,0.000120025284,0.867422326,0,0.00308377039,0.0434801474,1.60067432e-12,1.76177276e-05,8900,401,1679
471,0.695308268,0.832653015,0.000135799742,0.832653015,0,0.00393147076,0.0416892005,2.04906334e-12,1.67212443e-05,18500,401,1308
472,0.850816309,0.799664462,0.000123383073,0.799664462,0,0.00395088858,0.0401792881,1.69148698e-12,1.28813827e-05,15450,401,1591
473,0.510936081,0.861650496,0.000115608871,0.861650496,0,0.00360950783,0.0430556386,1.48504567e-12,2.15341219e-05,12050,401,1848
474,0.616977513,0.846630228,0.000115296863,0.846630228,0,0.00384853009,0.0423425353,1.47704074e-12,2.07663038e-05,,401,1972
475,0.906742275,0.786755515,6.24492826e-05,0.786755515,0,0.00412644257,0.0395891087,4.33323655e-13,1.47273457e-05,12800,401,2985
476,0.0403929241,0.857460694,0.000210502073,0.857460694,0,0.00388097259,0.0431304758,4.92345809e-12,1.31664367e-05,,401,221
477,0.304867208,0.875051218,0.000144009913,0.875051218,0,0.00363221628,0.0436805685,2.30431724e-12,1.807576e-05,16200,401,1122
478,0.375568628,0.873009275,0.000115013028,0.873009275,0,0.00364186437,0.0435777059,1.46977741e-12,2.04248707e-05,,401,2026
479,0.270574301,0.87502981,0.000162907336,0.87502981,0,0.00358022311,0.043691761,2.94875557e-12,1.63275943e-05,16200,401,616
480,0.356546342,0.873831088,0.000120187871,0.873831088,0,0.00364919708,0.0436162858,1.60501381e-12,1.99638182e-05,,401,1677
481,0.17214103,0.871224397,0.000171018518,0.871224397,0,0.00324947782,0.0435930388,3.24970372e-12,1.51979747e-05,19450,401,518
482,0.886157393,0.791542212,8.15616661e-05,0.791542212,0,0.00401190931,0.039811255,7.39145041e-13,1.44480773e-05,5950,401,2804
483,0.263881564,0.874947467,0.000166257269,0.874947467,0,0.00356544738,0.0436911438,3.07127549e-12,1.60148778e-05,16200,401,579
484,0.98945421,0.767371589,0.000317896421,0.767371589,0,0.00485991346,0.0386834905,1.12286816e-11,3.11711175e-06,,401,96
485,0.629108071,0.844612013,0.000116974658,0.844612013,0,0.00386901636,0.0422474632,1.52034119e-12,2.03008766e-05,,401,1779
486,0.774480581,0.816553965,0.000156615219,0.816553965,0,0.00389133182,0.0409519661,2.72536966e-12,1.14453553e-05,18500,401,690
487,0.387537569,0.872390889,0.000112996279,0.872390889,0,0.00363467667,0.0435492064,1.41868433e-12,2.0618628e-05,19800,401,2402
488,0.966792047,0.772681638,0.000209669008,0.772681638,0,0.00462715678,0.0389310445,4.88456586e-12,8.82807389e-06,,401,222
489,0.388802707,0.872321084,0.000112940736,0.872321084,0,0.00363381859,0.0435460067,1.41728999e-12,2.06555519e-05,19800,401,2409
490,0.172553226,0.871251931,0.000171279228,0.871251931,0,0.00325086796,0.0435938617,3.25961935e-12,1.52340998e-05,19450,401,515
491,0.740565598,0.823659615,0.000151196229,0.823659615,0,0.00392009272,0.0412755776,2.54003329e-12,1.33643024e-05,18500,401,938
492,0.335818082,0.874499638,0.000128220915,0.874499638,0,0.00364981102,0.0436490983,1.82673368e-12,1.93254325e-05,16200,401,1475
493,0.310795873,0.874987355,0.000140713792,0.874987355,0,0.00363754306,0.0436761417,2.20004126e-12,1.83001284e-05,16200,401,1196
494,0.73312974,0.825177707,0.000148959948,0.825177707,0,0.00392496582,0.0413450146,2.4654518e-12,1.39238565e-05,18500,401,1003
495,0.412539065,0.870850669,0.000111391221,0.870850669,0,0.00361543654,0.0434790344,1.37866711e-12,2.09360114e-05,19500,401,2594
496,0.344144732,0.874259717,0.000124699588,0.874259717,0,0.00365061229,0.0436370636,1.72777635e-12,1.96006977e-05,,401,1558
497,0.897004724,0.789023775,6.88892338e-05,0.789023775,0,0.00406621982,0.0396947358,5.27302948e-13,1.46189359e-05,9300,401,2931
498,0.0595239922,0.860064248,0.00012734279,0.860064248,0,0.00358040327,0.0432243153,1.80179847e-12,1.62083657e-05,,401,1495
499,0.807052314,0.809480352,0.000151856799,0.809480352,0,0.00391368667,0.040626791,2.56227637e-12,1.1100029e-05,18500,401,920
500,0.106639557,0.865607695,9.11540877e-05,0.865607695,0,0.00308517425,0.0434231266,9.23229746e-13,1.81673391e-05,2450,401,2733
501,0.302708268,0.875069599,0.000145170841,0.875069599,0,0.00363002026,0.0436819987,2.34161924e-12,1.79344447e-05,16200,401,1096
502,0.126686096,0.867586718,0.000122714851,0.867586718,0,0.00308869979,0.0434850477,1.67321496e-12,1.75106286e-05,8900,401,1605
503,0.0385793783,0.85720354,0.000219729286,0.85720354,0,0.00391219512,0.0431212385,5.36455103e-12,1.27574538e-05,,401,209
504,0.896995962,0.789025615,6.90522591e-05,0.789025615,0,0.0040661706,0.0396948209,5.2980161e-13,1.47504583e-05,9300,401,2929
505,0.381505668,0.872712134,0.000113980033,0.872712134,0,0.00363850902,0.0435639733,1.44349422e-12,2.05452011e-05,,401,2250
506,0.837272406,0.802735148,0.000135397614,0.802735148,0,0.00394007387,0.0403185473,2.03694598e-12,1.21637355e-05,17350,401,1316
507,0.0853427872,0.863256151,7.2337372e-05,0.863256151,0,0.00325818912,0.0433397615,5.81410599e-13,1.80607115e-05,17000,401,2903
508,0.272367448,0.875047533,0.000161901917,0.875047533,0,0.00358391746,0.0436917736,2.91247007e-12,1.64256728e-05,16200,401,627
509,0.167679772,0.870919798,0.000168145434,0.870919798,0,0.00323429963,0.0435839265,3.1414319e-12,1.5407679e-05,19450,401,555
510,0.364798725,0.873498899,0.000117737906,0.873498899,0,0.0036467192,0.0436005518,1.54024605e-12,2.01873368e-05,,401,1752
511,0.334828287,0.874525573,0.00012868803,0.874525573,0,0.00364961374,0.0436504264,1.84006766e-12,1.92761764e-05,16200,401,1464
512,0.918055773,0.784112346,6.63339061e-05,0.784112346,0,0.00420578892,0.0394656352,4.88909678e-13,1.45032899e-05,14650,401,2946
513,0.817782521,0.80710352,0.000147500697,0.80710352,0,0.003923639,0.0405178159,2.41738395e-12,1.13270873e-05,18500,401,1038
514,0.583250463,0.851932977,0.000113787427,0.851932977,0,0.00378010561,0.042593388,1.43861985e-12,2.1446327e-05,17100,401,2315
515,0.704021931,0.830968697,0.000138858868,0.830968697,0,0.00393278065,0.0416113169,2.14242057e-12,1.61981318e-05,18500,401,1238
516,0.540520072,0.857959758,0.000114996817,0.857959758,0,0.00367782268,0.0428800117,1.46936311e-12,2.16521918e-05,14200,401,2030
517,0.247408807,0.874635441,0.000173642536,0.874635441,0,0.00352208169,0.0436858424,3.35019225e-12,1.52516689e-05,16200,401,484
518,0.136833027,0.868501237,0.000137050457,0.868501237,0,0.00312243607,0.0435121232,2.08698087e-12,1.70316816e-05,8900,401,1278
519,0.0146055482,0.853634801,0.000359796508,0.853634801,0,0.00436963629,0.0429937118,1.43837252e-11,5.97013453e-06,,401,52
520,0.18223469,0.871871275,0.00017623886,0.871871275,0,0.00328311052,0.0436123557,3.45112621e-12,1.48835746e-05,,401,441
521,0.652808547,0.840508405,0.000121891022,0.840508405,0,0.00390149757,0.0420548926,1.65082459e-12,1.93987303e-05,,401,1630
522,0.360952348,0.873658401,0.000118812994,0.873658401,0,0.00364801374,0.0436080768,1.56850306e-12,2.00759343e-05,,401,1715
523,0.449662089,0.867955485,0.000112940846,0.867955485,0,0.00358504761,0.0433477836,1.41729275e-12,2.12413078e-05,13250,401,2408
524,0.92185539,0.783223127,7.08333562e-05,0.783223127,0,0.00423431438,0.0394240468,5.57484929e-13,1.4264565e-05,14650,401,2921
525,0.947745919,0.777152204,0.000136309859,0.777152204,0,0.00444903532,0.0391399816,2.06448642e-12,1.21417661e-05,,401,1295
526,0.07679528,0.862240595,8.04018085e-05,0.862240595,0,0.00335387485,0.0433030509,7.18272312e-13,1.76943768e-05,18500,401,2813
527,0.858891964,0.797821371,0.000115182549,0.797821371,0,0.00395791622,0.0400959772,1.4741133e-12,1.3252385e-05,13900,401,1996
528,0.686427593,0.834344235,0.000132446289,0.834344235,0,0.00392840664,0.0417675922,1.94911327e-12,1.74816111e-05,18500,401,1378
529,0.171838492,0.871204111,0.000170860426,0.871204111,0,0.00324845828,0.0435924318,3.24369835e-12,1.5259823e-05,19450,401,521
530,0.332000166,0.874596677,0.000129960804,0.874596677,0,0.00364892618,0.0436541031,1.87664561e-12,1.92003045e-05,16200,401,1436
531,0.795074642,0.812107343,0.000154932212,0.812107343,0,0.00390215693,0.0407476108,2.66711005e-12,1.10494208e-05,18500,401,812
532,0.470723122,0.865998172,0.000114206569,0.865998172,0,0.00357419144,0.04325856,1.44923782e-12,2.13559667e-05,12600,401,2193
533,0.105580151,0.865496759,8.9577775e-05,0.865496759,0,0.0030904386,0.0434193371,8.91575307e-13,1.8172439e-05,2450,401,2745
534,0.592282593,0.85055844,0.00011383409,0.85055844,0,0.00379988631,0.0425282247,1.43980001e-12,2.13710402e-05,17100,401,2296
535,0.971933544,0.771475481,0.000232124135,0.771475481,0,0.00467801113,0.0388747434,5.98684598e-12,7.82954516e-06,,401,193
536,0.0998559147,0.864886423,8.15176168e-05,0.864886423,0,0.00312683158,0.0433980786,7.38346871e-13,1.8251502e-05,12050,401,2805
537,0.347495943,0.87415229,0.000123389432,0.87415229,0,0.00365052283,0.0436317874,1.69166134e-12,1.97120005e-05,,401,1590
538,0.81426847,0.80788425,0.000149278967,0.80788425,0,0.00392044877,0.0405535709,2.47602334e-12,1.11845759e-05,18500,401,994
539,0.00707335165,0.852449563,0.000410995491,0.852449563,0,0.00453038812,0.0429517046,1.87685882e-11,3.07017164e-06,,401,22
540,0.958377182,0.774656497,0.000175119557,0.774656497,0,0.0045464567,0.0390232961,3.40742881e-12,1.04911959e-05,,401,460
541,0.373227984,0.873121031,0.00011542709,0.873121031,0,0.00364305625,0.0435828928,1.48037923e-12,2.03833232e-05,,401,1938
542,0.944497287,0.777914628,0.000125602059,0.777914628,0,0.00442030523,0.0391756461,1.75287523e-12,1.25024734e-05,,401,1535
543,0.809135199,0.80902064,0.000151172348,0.80902064,0,0.00391566678,0.0406056852,2.53923097e-12,1.11518302e-05,18500,401,940
544,0.10509254,0.8654455,8.88466813e-05,0.8654455,0,0.00309304183,0.0434175766,8.7708142e-13,1.82204632e-05,2950,401,2749
545,0.15728417,0.870165715,0.000159894337,0.870165715,0,0.00319769899,0.0435614191,2.84068877e-12,1.59268089e-05,16800,401,648
546,0.406906366,0.871226805,0.000111506225,0.871226805,0,0.00362010898,0.0434961108,1.38151535e-12,2.09170144e-05,19500,401,2558
547,0.4474231,0.868150343,0.000112866642,0.868150343,0,0.00358665212,0.0433566313,1.41543099e-12,2.12159324e-05,16900,401,2415
548,0.438143939,0.868930379,0.000112147359,0.868930379,0,0.00359382557,0.043392011,1.39744779e-12,2.11593055e-05,17750,401,2471
549,0.789366663,0.813348856,0.000155781161,0.813348856,0,0.00389690273,0.0408047991,2.69641892e-12,1.11742595e-05,18500,401,769
550,0.149517387,0.869561811,0.000152192252,0.869561811,0,0.00316929173,0.0435434763,2.57360908e-12,1.63666166e-05,15250,401,909
551,0.622197807,0.845768656,0.000115936749,0.845768656,0,0.00385764924,0.0423019208,1.4934811e-12,2.06597941e-05,,401,1819
552,0.410231173,0.871006795,0.00011152879,0.871006795,0,0.00361736606,0.0434861196,1.38207456e-12,2.09275489e-05,19500,401,2556
553,0.771922886,0.817099681,0.00015649277,0.817099681,0,0.00389273421,0.0409768405,2.72110966e-12,1.16038298e-05,18500,401,713
554,0.604783058,0.848600771,0.000114350922,0.848600771,0,0.00382560244,0.042435581,1.4529037e-12,2.10868842e-05,,401,2166
555,0.540911794,0.85790817,0.000115023035,0.85790817,0,0.00367877501,0.0428775543,1.47003319e-12,2.16478695e-05,14200,401,2024
556,0.681379259,0.835294467,0.000130767503,0.835294467,0,0.00392588818,0.0418117212,1.90001555e-12,1.77353136e-05,18500,401,1418
557,0.820909798,0.806406848,0.000146098693,0.806406848,0,0.00392642052,0.0404859458,2.37164758e-12,1.15171191e-05,18500,401,1074
558,0.836108863,0.802997734,0.000136330782,0.802997734,0,0.00393914516,0.0403304878,2.06512023e-12,1.20863091e-05,17350,401,1293
559,0.633143961,0.84392797,0.000117531209,0.84392797,0,0.00387526797,0.0422152937,1.53484278e-12,2.02928589e-05,,401,1759
560,0.363790512,0.873541488,0.000117974669,0.873541488,0,0.00364708374,0.043602556,1.54644695e-12,2.01756711e-05,,401,1743
561,0.0850348622,0.863220207,7.23412783e-05,0.863220207,0,0.00326142706,0.0433384637,5.81473394e-13,1.80703748e-05,17200,401,2902
562,0.11494334,0.866455184,0.000104285838,0.866455184,0,0.00306685045,0.0434507647,1.2083929e-12,1.79734518e-05,5950,401,2648
563,0.424616724,0.869987577,0.000111603188,0.869987577,0,0.00360515097,0.0434399105,1.38391905e-12,2.10520349e-05,19500,401,2536
564,0.792292714,0.812713228,0.000155462982,0.812713228,0,0.00389954431,0.0407755163,2.6854154e-12,1.10687166e-05,18500,401,786
565,0.9759745,0.770527857,0.00025077679,0.770527857,0,0.00471878663,0.0388305381,6.9876665e-12,6.82884981e-06,,401,171
566,0.549488604,0.856761503,0.000114728013,0.856761503,0,0.00369987554,0.0428229388,1.46250188e-12,2.16585747e-05,14200,401,2090
567,0.909611404,0.786085675,6.21005531e-05,0.786085675,0,0.00414570171,0.0395578463,4.28497632e-13,1.46409666e-05,14650,401,2998
568,0.0210642777,0.854626875,0.000318646237,0.854626875,0,0.00423824668,0.0430290172,1.12817138e-11,8.14137028e-06,,401,95
569,0.877992451,0.79343085,9.19324459e-05,0.79343085,0,0.00398545519,0.0398975552,9.39063845e-13,1.41827128e-05,3000,401,2729
570,0.111208461,0.866078883,9.83696215e-05,0.866078883,0,0.00306977854,0.0434388092,1.07517582e-12,1.8069241e-05,3000,401,2687
571,0.427842259,0.869744174,0.00011170634,0.869744174,0,0.00360240374,0.0434288832,1.38647849e-12,2.10587205e-05,17750,401,2523
572,0.295594484,0.875111339,0.000149167714,0.875111339,0,0.00362183557,0.0436860049,2.4723341e-12,1.75986958e-05,16200,401,996
573,0.77921468,0.815540135,0.00015656167,0.815540135,0,0.00389066127,0.0409056056,2.72350628e-12,1.13408294e-05,18500,401,699
574,0.695592403,0.832598365,0.000135877862,0.832598365,0,0.00393154043,0.0416866706,2.05142148e-12,1.67555532e-05,18500,401,1305
575,0.417572737,0.870500325,0.000111456658,0.870500325,0,0.00361117009,0.0434631463,1.38028739e-12,2.10426755e-05,19500,401,2574
576,0.93869102,0.779277086,0.000107985967,0.779277086,0,0.00437016464,0.039239396,1.29566324e-12,1.29828799e-05,,401,2624
577,0.795527637,0.812008654,0.000154994335,0.812008654,0,0.00390258853,0.0407430666,2.66924932e-12,1.10270743e-05,18500,401,811
578,0.559538066,0.855376327,0.000114329418,0.855376327,0,0.00372446913,0.0427570005,1.4523573e-12,2.15759226e-05,11600,401,2173
579,0.0101296082,0.852934073,0.000389738337,0.852934073,0,0.0044641892,0.0429688511,1.68773302e-11,4.29655191e-06,,401,31
580,0.35077861,0.874041023,0.000122235714,0.874041023,0,0.00365022119,0.0436263763,1.66017442e-12,1.97784403e-05,,401,1618
581,0.704779923,0.830821255,0.00013923834,0.830821255,0,0.00393281626,0.0416045086,2.15414615e-12,1.60836158e-05,18500,401,1231
582,0.0409717485,0.857542529,0.000207623703,0.857542529,0,0.00387110898,0.0431334185,4.78973355e-12,1.32817552e-05,,401,224
583,0.0551393665,0.859485413,0.000144085306,0.859485413,0,0.00364466544,0.0432034116,2.30673061e-12,1.56717929e-05,,401,1121
584,0.726421356,0.826534168,0.000146844163,0.826534168,0,0.00392840021,0.041407188,2.39591202e-12,1.44483261e-05,18500,401,1057
585,0.628068149,0.844787257,0.000116753959,0.844787257,0,0.00386735859,0.0422557091,1.51460967e-12,2.04422702e-05,,401,1787
586,0.610470474,0.847688954,0.000114819057,0.847688954,0,0.00383657275,0.0423925012,1.46482397e-12,2.09010513e-05,,401,2073
587,0.198623136,0.872796585,0.000180932894,0.872796585,0,0.0033413296,0.0436392812,3.63741245e-12,1.4435653e-05,,401,325
588,0.598638773,0.849570903,0.000113995317,0.849570903,0,0.00381322095,0.042481466,1.44388136e-12,2.11693758e-05,,401,2243
589,0.687892318,0.834067076,0.00013315012,0.834067076,0,0.00392902612,0.0417547323,1.96988382e-12,1.72958247e-05,18500,401,1365
590,0.612024128,0.847437711,0.00011483473,0.847437711,0,0.00383948776,0.0423806384,1.46522392e-12,2.08762812e-05,,401,2069
591,0.945509136,0.777677236,0.000128867816,0.777677236,0,0.00442919984,0.0391645423,1.84521268e-12,1.23280241e-05,,401,1461
592,0.97270149,0.771295291,0.000235733665,0.771295291,0,0.00468569751,0.0388663367,6.17448453e-12,7.55545443e-06,,401,188
593,0.745513439,0.822641233,0.000152448163,0.822641233,0,0.00391627033,0.0412290806,2.58227139e-12,1.30793852e-05,18500,401,899
594,0.666748285,0.837999768,0.000125908986,0.837999768,0,0.00391550835,0.0419376769,1.76145251e-12,1.8614162e-05,,401,1528
595,0.00217162422,0.851661868,0.000446189661,0.851661868,0,0.00463933841,0.0429238972,2.21205793e-11,9.88453515e-07,,401,7
596,0.903763771,0.787449846,6.38236865e-05,0.787449846,0,0.00410712425,0.0396214832,4.52606995e-13,1.46036225e-05,9300,401,2967
597,0.519227624,0.860657188,0.00011548317,0.860657188,0,0.00362721954,0.0430084541,1.48181805e-12,2.15857626e-05,13000,401,1918
598,0.150703385,0.869656319,0.000153481651,0.869656319,0,0.00317367281,0.0435462803,2.6174019e-12,1.63083808e-05,15250,401,866
599,0.229911432,0.874133574,0.000179097844,0.874133574,0,0.00346504003,0.0436744472,3.56400421e-12,1.47159566e-05,,401,382
600,0.735331297,0.824729968,0.000149589435,0.824729968,0,0.00392364032,0.0413245193,2.48633321e-12,1.38059067e-05,18500,401,985
601,0.147092938,0.869366237,0.000149536954,0.869366237,0,0.0031602969,0.0435376827,2.48458895e-12,1.64796838e-05,15250,401,986
602,0.357441127,0.873796887,0.000119829194,0.873796887,0,0.00364898717,0.0436146542,1.59544842e-12,1.9983397e-05,,401,1687
603,0.982114375,0.769089339,0.000280323708,0.769089339,0,0.00478209963,0.0387634828,8.7312646e-12,5.1806455e-06,,401,137
604,0.847104192,0.800508576,0.000127316242,0.800508576,0,0.00394788255,0.0402175056,1.80104727e-12,1.27986204e-05,17350,401,1497
605,0.309804589,0.874999371,0.000141322966,0.874999371,0,0.00363672095,0.0436769319,2.21913121e-12,1.82702778e-05,16200,401,1184
606,0.135628238,0.868395704,0.000135543913,0.868395704,0,0.0031181112,0.0435090079,2.04135026e-12,1.70793404e-05,8900,401,1313
607,0.67177695,0.83707816,0.000127525165,0.83707816,0,0.0039195952,0.0418947142,1.80696308e-12,1.83880242e-05,,401,1490
608,0.936664462,0.779752726,0.00010232074,0.779752726,0,0.00435305341,0.039261654,1.16328153e-12,1.32635008e-05,,401,2660
609,0.276272386,0.875079824,0.000159843121,0.875079824,0,0.00359155575,0.0436915801,2.83886924e-12,1.66475229e-05,16200,401,649
610,0.0421930403,0.857714336,0.000201664398,0.857714336,0,0.00385044861,0.0431395963,4.5187255e-12,1.34923768e-05,,401,233
611,0.451207221,0.867819618,0.000112957531,0.867819618,0,0.00358397625,0.0433416119,1.41771153e-12,2.12735262e-05,13250,401,2405
612,0.735626996,0.824669592,0.000149658807,0.824669592,0,0.00392345285,0.0413217573,2.48863984e-12,1.37485227e-05,18500,401,982
613,0.258191019,0.874857341,0.000168915063,0.874857341,0,0.00355160307,0.0436899199,3.17025537e-12,1.57569706e-05,16200,401,546
614,0.34379214,0.874270669,0.000124884494,0.874270669,0,0.00365060917,0.0436376052,1.7329041e-12,1.95708119e-05,,401,1555
615,0.798540831,0.811350012,0.000154354621,0.811350012,0,0.00390548568,0.0407127464,2.647261e-12,1.09880143e-05,18500,401,833
616,0.460763842,0.866951813,0.000113638399,0.866951813,0,0.00357814366,0.0433021266,1.43485397e-12,2.1286928e-05,12600,401,2358
617,0.727256358,0.826366086,0.000147161127,0.826366086,0,0.00392802768,0.0413994775,2.40626635e-12,1.43955515e-05,18500,401,1045
618,0.918952048,0.783902727,6.71686762e-05,0.783902727,0,0.00421243785,0.0394558335,5.01292341e-13,1.43719367e-05,14650,401,2942
619,0.729417026,0.825930078,0.000147851744,0.825930078,0,0.00392699126,0.0413794842,2.42890424e-12,1.4249631e-05,18500,401,1031
620,0.808777094,0.809099717,0.000151301119,0.809099717,0,0.00391532035,0.0406093145,2.54355875e-12,1.11259895e-05,18500,401,936
621,0.0341902114,0.856573539,0.000242757108,0.856573539,0,0.00398972772,0.0430986285,6.54789038e-12,1.17898017e-05,,401,181
622,0.34528774,0.874223779,0.000124257457,0.874223779,0,0.00365060985,0.0436352918,1.71554618e-12,1.96053726e-05,,401,1568
623,0.217778772,0.873682031,0.000181305791,0.873682031,0,0.00341926688,0.0436630993,3.65242109e-12,1.44898365e-05,,401,306
624,0.815750003,0.807555303,0.000148526638,0.807555303,0,0.00392180755,0.0405385008,2.45112913e-12,1.12864859e-05,18500,401,1013
625,0.545278668,0.857328427,0.000114879376,0.857328427,0,0.00368951463,0.0428499386,1.46636345e-12,2.1622563e-05,14200,401,2065
626,0.880436897,0.792866015,8.8835767e-05,0.792866015,0,0.0039918912,0.0398718592,8.76865944e-13,1.43711181e-05,3050,401,2750
627,0.397881448,0.871794188,0.000112035252,0.871794188,0,0.00362724991,0.0435219291,1.39465531e-12,2.07463405e-05,19800,401,2479
628,0.0176949613,0.854112103,0.000339776806,0.854112103,0,0.00430604411,0.0430106817,1.28275864e-11,7.032456e-06,,401,73
629,0.0864161551,0.863380742,7.22191645e-05,0.863380742,0,0.00324702108,0.0433442551,5.79511969e-13,1.80806554e-05,16950,401,2908
630,0.0152420895,0.853733568,0.000355585907,0.853733568,0,0.0043564208,0.0429972211,1.40490374e-11,6.19803998e-06,,401,57
631,0.54835397,0.856915222,0.000114791335,0.856915222,0,0.00369708856,0.0428302588,1.46411673e-12,2.16172411e-05,14200,401,2077
632,0.0453249216,0.858151218,0.000186679221,0.858151218,0,0.00379846618,0.0431553146,3.87212573e-12,1.40879866e-05,,401,253
633,0.66827172,0.837721394,0.00012638932,0.837721394,0,0.00391680344,0.0419246937,1.7749178e-12,1.85121917e-05,,401,1518
634,0.651586056,0.840725196,0.000121606884,0.840725196,0,0.00390008159,0.0420650407,1.64313714e-12,1.94933547e-05,,401,1637
635,0.794422626,0.812249501,0.000155150202,0.812249501,0,0.00390154264,0.0407541566,2.67462058e-12,1.10363064e-05,18500,401,802
636,0.427491277,0.869770917,0.000111636103,0.869770917,0,0.00360269898,0.0434300952,1.38473549e-12,2.11180262e-05,17750,401,2531
637,0.543178558,0.857608385,0.000114921726,0.857608385,0,0.00368434523,0.0428632737,1.46744479e-12,2.16548259e-05,14200,401,2054
638,0.279592484,0.875100267,0.000158054366,0.875100267,0,0.00359763765,0.0436911636,2.77568695e-12,1.68217174e-05,16200,401,666
639,0.467747837,0.866288216,0.000114144243,0.866288216,0,0.00357507891,0.0432718342,1.44765647e-12,2.13678185e-05,12600,401,2205
640,0.0712943003,0.861565528,9.13848162e-05,0.861565528,0,0.00342137883,0.0432786179,9.27909404e-13,1.73468046e-05,19500,401,2730
641,0.409917563,0.871027811,0.000111405358,0.871027811,0,0.00361762612,0.0434870735,1.3790171e-12,2.09597031e-05,19500,401,2591
642,0.209397882,0.873320674,0.000181767844,0.873320674,0,0.00338531939,0.0436536093,3.67106101e-12,1.44176808e-05,,401,261
643,0.403516322,0.871444998,0.000111721753,0.871444998,0,0.00362284601,0.0435060298,1.38686112e-12,2.08270931e-05,19500,401,2521
644,0.993041039,0.766533138,0.000337161817,0.766533138,0,0.00489877935,0.0386444824,1.2630899e-11,1.95196424e-06,,401,75
645,0.568466127,0.854108339,0.000113980259,0.854108339,0,0.00374593294,0.0426966949,1.44349994e-12,2.16623695e-05,17100,401,2249
646,0.739403486,0.823897806,0.000150884518,0.823897806,0,0.00392092405,0.0412864628,2.52957085e-12,1.34481666e-05,18500,401,949
647,0.267270863,0.874992445,0.000164535961,0.874992445,0,0.00357312706,0.0436915722,3.00800916e-12,1.61537956e-05,16200,401,597
648,0.904227912,0.787341597,6.34332058e-05,0.787341597,0,0.00411008138,0.0396164382,4.47085733e-13,1.47556397e-05,9300,401,2971
649,0.089207761,0.863701884,7.23524911e-05,0.863701884,0,0.00321894614,0.0433558209,5.81653664e-13,1.81684614e-05,15700,401,2901
650,0.65950191,0.839312451,0.000123805153,0.839312451,0,0.00390871933,0.0419989623,1.70307955e-12,1.89375051e-05,,401,1581
651,0.304509163,0.875054331,0.000144211118,0.875054331,0,0.00363186482,0.0436808068,2.31076072e-12,1.80201417e-05,16200,401,1118
652,0.665725827,0.838186189,0.000125487091,0.838186189,0,0.00391461705,0.0419463741,1.74966777e-12,1.87194339e-05,,401,1536
653,0.253275603,0.874764566,0.000171124707,0.874764566,0,0.00353867886,0.0436883493,3.25374059e-12,1.55362826e-05,16200,401,516
654,0.553049505,0.856275822,0.00011459924,0.856275822,0,0.003708626,0.0427998126,1.45922065e-12,2.16558788e-05,11600,401,2116
655,0.997036994,0.765599826,0.000359053867,0.765599826,0,0.00494274,0.0386010916,1.43244088e-11,8.50205758e-07,,401,53
656,0.798308134,0.811401043,0.000154328981,0.811401043,0,0.00390526152,0.0407150959,2.64638159e-12,1.09520187e-05,18500,401,835
657,0.287663549,0.875124072,0.000153607259,0.875124072,0,0.00361087751,0.0436892244,2.62168778e-12,1.71765576e-05,16200,401,862
658,0.619235754,0.846258738,0.000115530556,0.846258738,0,0.00385252861,0.0423250185,1.48303436e-12,2.07363404e-05,,401,1890
659,0.577866435,0.852735921,0.000113843569,0.852735921,0,0.00376789524,0.042631495,1.4400398e-12,2.14877665e-05,17100,401,2293
660,0.300343186,0.875086675,0.000146536472,0.875086675,0,0.00362747347,0.0436834498,2.38588197e-12,1.78185418e-05,16200,401,1065
661,0.595642865,0.850038374,0.000113857358,0.850038374,0,0.00380700033,0.042503594,1.44038867e-12,2.12272104e-05,,401,2287
662,0.176406235,0.871504899,0.00017347945,0.871504899,0,0.00326376538,0.0436014273,3.34390217e-12,1.50448253e-05,19450,401,485
663,0.606841505,0.848272211,0.000114343771,0.848272211,0,0.00382962588,0.0424200526,1.452722e-12,2.09875753e-05,,401,2167
664,0.807956696,0.809280825,0.000151543633,0.809280825,0,0.00391455495,0.0406176282,2.55171919e-12,1.1131467e-05,18500,401,930
665,0.935877979,0.779937076,0.000100094402,0.779937076,0,0.00434646357,0.0392702791,1.11320993e-12,1.34382573e-05,,401,2674
666,0.201539695,0.872945064,0.000181279394,0.872945064,0,0.00335299489,0.0436434143,3.65135764e-12,1.44370174e-05,,401,309
667,0.185918808,0.872092774,0.000177659653,0.872092774,0,0.00329541886,0.0436189255,3.50699469e-12,1.47365203e-05,,401,414
668,0.240901873,0.874469445,0.00017594281,0.874469445,0,0.00350217503,0.043682297,3.43954139e-12,1.50148845e-05,16200,401,446
669,0.625860035,0.845157947,0.000116415455,0.845157947,0,0.00386377679,0.0422731572,1.5058398e-12,2.05358053e-05,,401,1799
670,0.827679217,0.80489308,0.000142017187,0.80489308,0,0.00393224399,0.0404168122,2.24098681e-12,1.17448555e-05,18500,401,1169
671,0.551513731,0.856486074,0.000114630727,0.856486074,0,0.00370485674,0.0428098237,1.46002262e-12,2.16711205e-05,11600,401,2110
672,0.163016617,0.870589211,0.000164709439,0.870589211,0,0.00321809783,0.0435740471,3.01435549e-12,1.56330891e-05,19450,401,595
673,0.31332317,0.874953939,0.000139344981,0.874953939,0,0.00363951622,0.043674018,2.15744707e-12,1.84518026e-05,16200,401,1228
674,0.542977989,0.857635025,0.000115006745,0.857635025,0,0.00368385661,0.0428645427,1.46961683e-12,2.16490821e-05,14200,401,2029
675,0.99032408,0.767168303,0.000322443202,0.767168303,0,0.00486928201,0.0386740313,1.15521799e-11,2.87201878e-06,,401,92
676,0.120444685,0.866995043,0.000113170144,0.866995043,0,0.00307327833,0.0434673126,1.4230535e-12,1.77811908e-05,10150,401,2389
677,0.590926588,0.85076697,0.000113804676,0.85076697,0,0.00379698045,0.0425381047,1.43905604e-12,2.13407246e-05,17100,401,2305
678,0.932141185,0.780813434,9.06767361e-05,0.780813434,0,0.00431557439,0.0393112923,9.13585608e-13,1.37129561e-05,14650,401,2736
679,0.425401539,0.869928915,0.000111577544,0.869928915,0,0.00360448208,0.0434372532,1.38328314e-12,2.10426937e-05,19500,401,2538
680,0.76788938,0.817956974,0.000156233763,0.817956974,0,0.00389581012,0.0410158518,2.71210985e-12,1.17025114e-05,18500,401,742
681,0.839584768,0.802212872,0.000133486498,0.802212872,0,0.00394191418,0.0402948158,1.97984948e-12,1.22384302e-05,17350,401,1355
682,0.810091555,0.808809389,0.000150759463,0.808809389,0,0.0039165718,0.0405959917,2.52537951e-12,1.11389632e-05,18500,401,953
683,0.705508053,0.830679334,0.000139539872,0.830679334,0,0.00393283989,0.0415979573,2.16348621e-12,1.60101726e-05,18500,401,1225
684,0.214950264,0.873564584,0.000181505061,0.873564584,0,0.00340797284,0.0436600492,3.66045412e-12,1.44472638e-05,,401,295
685,0.732304156,0.825345339,0.00014874092,0.825345339,0,0.00392544987,0.0413526916,2.4582068e-12,1.40376206e-05,18500,401,1009
686,0.915420949,0.784728511,6.40724218e-05,0.784728511,0,0.00418653399,0.0394944428,4.56141692e-13,1.45612399e-05,14650,401,2964
687,0.552379847,0.856367659,0.000114601086,0.856367659,0,0.00370698351,0.0428041853,1.45926767e-12,2.17054119e-05,11600,401,2115
688,0.600369871,0.84929909,0.000114086429,0.84929909,0,0.00381675838,0.0424686057,1.44619035e-12,2.12140624e-05,,401,2225
689,0.0964966342,0.864519585,7.74984944e-05,0.864519585,0,0.00315299877,0.0433850874,6.67335181e-13,1.82292134e-05,11750,401,2837
690,0.874282181,0.794286972,9.67580282e-05,0.794286972,0,0.00397760144,0.0399363651,1.04023511e-12,1.40722086e-05,3000,401,2698
691,0.22425811,0.873933745,0.000180375979,0.873933745,0,0.00344429596,0.0436695103,3.61505488e-12,1.45463643e-05,,401,347
692,0.282515496,0.875113185,0.000156499118,0.875113185,0,0.00360268428,0.0436906164,2.72133044e-12,1.696775e-05,16200,401,711
693,0.380049378,0.872786872,0.000114139277,0.872786872,0,0.00363937739,0.0435674199,1.4475305e-12,2.05417536e-05,,401,2206
694,0.962116599,0.77377882,0.000190049078,0.77377882,0,0.00458193379,0.0389822869,4.01318356e-12,9.81498747e-06,,401,248
695,0.362908602,0.873578405,0.00011826026,0.873578405,0,0.00364738422,0.043604297,1.55394325e-12,2.01335442e-05,,401,1735
696,0.985747993,0.768238584,0.000298766261,0.768238584,0,0.0048203341,0.0387238508,9.91791987e-12,4.06924859e-06,,401,116
697,0.658521533,0.839488531,0.000123517857,0.839488531,0,0.00390771542,0.0420071917,1.69518454e-12,1.90152632e-05,,401,1587
698,0.897339106,0.78894587,6.8666514e-05,0.78894587,0,0.00406814168,0.039691115,5.23898906e-13,1.47241875e-05,9300,401,2932
699,0.394857079,0.871974573,0.000112265155,0.871974573,0,0.0036295197,0.0435301584,1.40038499e-12,2.07404442e-05,19800,401,2461
700,0.99338758,0.766452304,0.000338951879,0.766452304,0,0.00490256845,0.038640725,1.27653752e-11,1.72071092e-06,,401,74
701,0.195995152,0.872658624,0.000180464236,0.872658624,0,0.00333117163,0.0436353839,3.61859338e-12,1.45073203e-05,,401,344
702,0.349760592,0.874076172,0.00012241859,0.874076172,0,0.00365033804,0.0436280804,1.66514568e-12,1.98168114e-05,,401,1615
703,0.322867185,0.87479587,0.00013441315,0.87479587,0,0.00364542674,0.0436647881,2.00743276e-12,1.88108672e-05,16200,401,1336
704,0.820500314,0.806498094,0.000146216594,0.806498094,0,0.00392606669,0.0404901164,2.37547693e-12,1.14639563e-05,18500,401,1071
705,0.0359337255,0.856825017,0.00023342562,0.856825017,0,0.00395859558,0.0431076483,6.05416892e-12,1.21866648e-05,,401,191
706,0.336356819,0.874485263,0.00012795095,0.874485263,0,0.00364990896,0.0436483649,1.8190495e-12,1.93440366e-05,16200,401,1482
707,0.17593345,0.87147434,0.000173230954,0.87147434,0,0.00326218999,0.0436005145,3.33432926e-12,1.50471973e-05,19450,401,489
708,0.684812784,0.834648992,0.00013190488,0.834648992,0,0.00392766158,0.0417817387,1.93321083e-12,1.74989603e-05,18500,401,1393
709,0.747467577,0.822237191,0.000152896185,0.822237191,0,0.00391465101,0.0412106503,2.59747147e-12,1.28951552e-05,18500,401,888
710,0.316047192,0.874914131,0.000137985583,0.874914131,0,0.00364144809,0.0436715879,2.11555791e-12,1.85189028e-05,16200,401,1259
711,0.388177782,0.872355631,0.00011304928,0.872355631,0,0.00363423819,0.0435475901,1.42001552e-12,2.06682278e-05,19800,401,2399
712,0.284390032,0.875118892,0.000155447819,0.875118892,0,0.00360576937,0.0436901724,2.68489162e-12,1.70370344e-05,16200,401,787
713,0.0628253669,0.860493093,0.00011585192,0.860493093,0,0.00353381968,0.0432398166,1.49129638e-12,1.65761472e-05,,401,1826
714,0.584014535,0.851817828,0.000113734132,0.851817828,0,0.00378181141,0.0425879251,1.43727252e-12,2.14672589e-05,17100,401,2340
715,0.486094475,0.864429659,0.00011502397,0.864429659,0,0.00357570139,0.04318628,1.47005706e-12,2.14030945e-05,4400,401,2023
716,0.271362633,0.875037907,0.000162436363,0.875037907,0,0.00358186444,0.0436917781,2.93173022e-12,1.63577549e-05,16200,401,621
717,0.710685909,0.829665109,0.000141327168,0.829665109,0,0.00393264985,0.0415511719,2.21926315e-12,1.57124685e-05,18500,401,1183
718,0.266065925,0.874977173,0.000165094103,0.874977173,0,0.00357044429,0.0436914445,3.02845142e-12,1.61410851e-05,16200,401,591
719,0.19262588,0.87247589,0.000179677966,0.87247589,0,0.00331869299,0.0436301412,3.58713015e-12,1.45731916e-05,,401,368
720,0.213291854,0.873493599,0.000181607703,0.873493599,0,0.00340126776,0.0436581895,3.6645953e-12,1.44239766e-05,,401,287
721,0.241127923,0.874475585,0.00017590115,0.874475585,0,0.00350289763,0.0436824318,3.43791273e-12,1.50229581e-05,16200,401,447
722,0.331909597,0.874598944,0.000130034005,0.874598944,0,0.00364890443,0.043654221,1.87876026e-12,1.91969565e-05,16200,401,1434
723,0.191871613,0.872434103,0.000179532236,0.872434103,0,0.00331598442,0.043628931,3.58131377e-12,1.45721471e-05,,401,372
724,0.861942053,0.797123199,0.000111725286,0.797123199,0,0.00396090191,0.0400644558,1.38694883e-12,1.33957334e-05,13150,401,2519
725,0.0524126105,0.859120035,0.000155199905,0.859120035,0,0.00368601269,0.0431902265,2.67633452e-12,1.52997562e-05,,401,801
726,0.757381856,0.820172331,0.000154827412,0.820172331,0,0.00390564809,0.0411165989,2.66350305e-12,1.22484504e-05,18500,401,817
727,0.184955731,0.872035557,0.000177393926,0.872035557,0,0.00329218171,0.0436172312,3.49651165e-12,1.47560817e-05,,401,419
728,0.582494378,0.852046317,0.000113683583,0.852046317,0,0.00377840977,0.042598765,1.43599523e-12,2.15033461e-05,17100,401,2351
729,0.131534994,0.868031155,0.000129786071,0.868031155,0,0.00310390589,0.0434982388,1.87160268e-12,1.72965048e-05,8900,401,1438
730,0.921403348,0.783329141,7.02410787e-05,0.783329141,0,0.00423086713,0.0394290068,5.48201015e-13,1.43218019e-05,14650,401,2923
731,0.0251783356,0.855247095,0.000293737409,0.855247095,0,0.0041576734,0.0430511516,9.58685173e-12,9.40132849e-06,,401,122
732,0.618756413,0.846337703,0.000115486907,0.846337703,0,0.00385169298,0.042328741,1.48191397e-12,2.07869474e-05,,401,1917
733,0.414477974,0.870717319,0.000111440317,0.870717319,0,0.00361380666,0.0434729849,1.37988268e-12,2.09561129e-05,19500,401,2577
734,0.437007248,0.869023007,0.000112126112,0.869023007,0,0.00359475047,0.0433962099,1.39691834e-12,2.11495431e-05,17750,401,2472
735,0.984860122,0.768446509,0.000294205461,0.768446509,0,0.00481093606,0.0387335363,9.61742814e-12,4.37001311e-06,,401,121
736,0.0133374427,0.853437445,0.000368142307,0.853437445,0,0.00439613622,0.0429867044,1.50587509e-11,5.51641039e-06,,401,45
737,0.346528172,0.874184015,0.000123833299,0.874184015,0,0.00365056674,0.04363334,1.703854e-12,1.96715875e-05,,401,1579
738,0.358939111,0.873738605,0.000119458234,0.873738605,0,0.00364859812,0.0436118802,1.58558551e-12,2.00441666e-05,,401,1695
739,0.158072636,0.870225088,0.000160601087,0.870225088,0,0.0032005358,0.0435631872,2.86585659e-12,1.59206603e-05,16800,401,641
740,0.645576119,0.841782698,0.000120130395,0.841782698,0,0.00389269923,0.0421145836,1.60347908e-12,1.97771312e-05,,401,1678
741,0.154811412,0.869977205,0.000157560279,0.869977205,0,0.00318873439,0.04355581,2.75836016e-12,1.60906949e-05,16800,401,672
742,0.976451337,0.770416273,0.000253085636,0.770416273,0,0.00472364728,0.0388253345,7.11692656e-12,6.6400719e-06,,401,168
743,0.816933453,0.807292378,0.000148017763,0.807292378,0,0.00392287576,0.0405264605,2.434362e-12,1.13476088e-05,18500,401,1026
744,0.348655194,0.874113672,0.000122911852,0.874113672,0,0.00365044018,0.0436299036,1.67859149e-12,1.97404824e-05,,401,1601
745,0.530671,0.859233508,0.000115428011,0.859233508,0,0.00365387342,0.0429406876,1.48040286e-12,2.16148765e-05,14200,401,1937
746,0.6170609,0.846616484,0.000115262627,0.846616484,0,0.00384868322,0.0423418877,1.47616369e-12,2.08221605e-05,,401,1977
747,0.974292099,0.770922367,0.000242881405,0.770922367,0,0.00470172742,0.0388489386,6.55459741e-12,7.27071027e-06,,401,180
748,0.828717351,0.804660426,0.000141418841,0.804660426,0,0.0039331029,0.0404062008,2.22214319e-12,1.1776031e-05,18500,401,1181
749,0.132247284,0.86809525,0.000130924455,0.86809525,0,0.00310630471,0.0435001342,1.90457922e-12,1.72474769e-05,8900,401,1415
750,0.0215842389,0.854705729,0.000315450922,0.854705729,0,0.00422792735,0.0430318288,1.10565871e-11,8.31159134e-06,,401,98
751,0.239742458,0.874437266,0.000176314625,0.874437266,0,0.00349846322,0.0436815773,3.4540941e-12,1.49938488e-05,16200,401,440
752,0.122414209,0.867184152,0.00011622931,0.867184152,0,0.00307745745,0.0434730128,1.50102805e-12,1.76699624e-05,10150,401,1807
753,0.854051352,0.798927203,0.000120234765,0.798927203,0,0.00395359339,0.0401459413,1.60626653e-12,1.30497719e-05,15450,401,1674
754,0.667954445,0.837779579,0.000126303024,0.837779579,0,0.00391653781,0.0419274084,1.77249487e-12,1.84921984e-05,,401,1520
755,0.593084157,0.850434917,0.000113779042,0.850434917,0,0.00380159758,0.0425223739,1.43840781e-12,2.13847207e-05,17100,401,2322
756,0.754176736,0.820842616,0.000154285287,0.820842616,0,0.00390866785,0.0411471061,2.64488332e-12,1.24624997e-05,18500,401,836
757,0.0895580426,0.863741861,7.23531786e-05,0.863741861,0,0.00321552376,0.0433572578,5.81664716e-13,1.81827905e-05,11750,401,2900
758,0.701755226,0.831409278,0.000138132967,0.831409278,0,0.0039326038,0.0416316713,2.12007962e-12,1.63469551e-05,18500,401,1256
759,0.647051632,0.841524296,0.000120462323,0.841524296,0,0.00389457806,0.0421024715,1.61235235e-12,1.96818636e-05,,401,1667
760,0.522225857,0.860290023,0.00011550133,0.860290023,0,0.00363401782,0.0429909877,1.48228413e-12,2.16000779e-05,14000,401,1905
761,0.215948403,0.873606546,0.00018143886,0.873606546,0,0.00341198171,0.0436611425,3.65778442e-12,1.44090288e-05,,401,300
762,0.883336127,0.792195453,8.52225174e-05,0.792195453,0,0.00400113229,0.0398412322,8.06986385e-13,1.43507836e-05,3900,401,2776
763,0.842693627,0.801509355,0.000130952881,0.801509355,0,0.00394438162,0.040262879,1.90540633e-12,1.24323832e-05,17350,401,1414
764,0.437570065,0.868977228,0.000112152507,0.868977228,0,0.0035942922,0.0433941347,1.39757608e-12,2.11150332e-05,17750,401,2469
765,0.366395205,0.873430307,0.000117310525,0.873430307,0,0.00364610767,0.0435973304,1.52908437e-12,2.0192975e-05,,401,1766
766,0.609303415,0.847877031,0.000114575479,0.847877031,0,0.0038343614,0.0424013827,1.4586156e-12,2.09985368e-05,,401,2120
767,0.134695813,0.868313536,0.000134200527,0.868313536,0,0.00311480203,0.0435065836,2.00108683e-12,1.71573709e-05,8900,401,1342
768,0.578075111,0.852704904,0.000113740137,0.852704904,0,0.00376837637,0.0426300217,1.43742431e-12,2.15230816e-05,17100,401,2336
769,0.209267706,0.873314763,0.000181714177,0.873314763,0,0.00338478222,0.043653452,3.66889356e-12,1.44214418e-05,,401,274
770,0.885234773,0.791755892,8.2557264e-05,0.791755892,0,0.00400819349,0.039821075,7.57300204e-13,1.44502336e-05,4350,401,2794
771,0.472468138,0.865825987,0.000114391393,0.865825987,0,0.003573814,0.043250669,1.45393231e-12,2.13531192e-05,12250,401,2153
772,0.894548059,0.789595015,7.16975453e-05,0.789595015,0,0.00405251461,0.0397212585,5.71170888e-13,1.46235923e-05,9850,401,2917
773,0.417087913,0.870534589,0.000111465967,0.870534589,0,0.00361158704,0.0434646989,1.38051798e-12,2.10078293e-05,19500,401,2570
774,0.202802539,0.873007857,0.000181465518,0.873007857,0,0.00335813454,0.0436451446,3.65885935e-12,1.44144388e-05,,401,298
775,0.102930993,0.865216605,8.57555755e-05,0.865216605,0,0.00310579778,0.0434096501,8.17113192e-13,1.8232828e-05,3000,401,2771
776,0.88446331,0.791934427,8.35926778e-05,0.791934427,0,0.00400522922,0.0398292693,7.76415087e-13,1.43236655e-05,4350,401,2788
777,0.131328642,0.868012521,0.000129543028,0.868012521,0,0.00310321632,0.0434976877,1.86459956e-12,1.72939218e-05,8900,401,1446
778,0.750629425,0.821581377,0.0001535965,0.821581377,0,0.00391189972,0.0411807551,2.62132054e-12,1.26467231e-05,18500,401,863
779,0.557946265,0.855598494,0.00011428131,0.855598494,0,0.00372059832,0.0427675722,1.45113532e-12,2.17004903e-05,11600,401,2180
780,0.675548792,0.836381199,0.000128745146,0.836381199,0,0.00392229704,0.0418622621,1.84170141e-12,1.81111672e-05,18500,401,1462
781,0.197329357,0.872729199,0.000180707561,0.872729199,0,0.00333628389,0.0436373849,3.62835808e-12,1.44957125e-05,,401,337
782,0.693690002,0.832962821,0.000135077561,0.832962821,0,0.00393104118,0.0417035457,2.0273275e-12,1.68605496e-05,18500,401,1321
783,0.254586816,0.87479052,0.000170550395,0.87479052,0,0.00354221398,0.0436888072,3.23193749e-12,1.55763605e-05,16200,401,525
784,0.0465764552,0.858324335,0.000180790414,0.858324335,0,0.00377808474,0.043161548,3.63168596e-12,1.43238824e-05,,401,331
785,0.145874783,0.869266707,0.000148261293,0.869266707,0,0.00315577188,0.0435347373,2.442379e-12,1.6552131e-05,15250,401,1021
786,0.0600197539,0.860129097,0.000125471819,0.860129097,0,0.00357331085,0.04322666,1.74924194e-12,1.63090405e-05,,401,1538
787,0.168216065,0.87095704,0.000168480086,0.87095704,0,0.00323613912,0.0435850407,3.15394881e-12,1.5399318e-05,19450,401,552
788,0.19018963,0.872339739,0.000179053608,0.872339739,0,0.00331003944,0.0436261848,3.56224384e-12,1.46211749e-05,,401,384
789,0.410567164,0.870984274,0.000111473359,0.870984274,0,0.00361708394,0.0434850973,1.38070108e-12,2.09120406e-05,19500,401,2567
790,0.817341268,0.807201632,0.000147757859,0.807201632,0,0.00392324691,0.0405223071,2.42582054e-12,1.13042493e-05,18500,401,1033
791,0.0365450494,0.856912824,0.000230231097,0.856912824,0,0.00394778043,0.0431107999,5.88959534e-12,1.23076563e-05,,401,196
792,0.903305471,0.787556623,6.41370528e-05,0.787556623,0,0.00410421399,0.0396264612,4.57062394e-13,1.4604035e-05,9300,401,2963
793,0.532780647,0.858964235,0.00011521285,0.858964235,0,0.00365895066,0.0429278612,1.47488898e-12,2.16305777e-05,14200,401,1988
794,0.271094471,0.875035152,0.000162566035,0.875035152,0,0.00358130659,0.043691772,2.93641285e-12,1.63593904e-05,16200,401,620
795,0.372875929,0.873137656,0.000115638138,0.873137656,0,0.00364323392,0.0435836657,1.48579766e-12,2.03506675e-05,,401,1840
796,0.405262858,0.871333393,0.000111631011,0.871333393,0,0.00362144947,0.0435009549,1.38460917e-12,2.08635563e-05,19500,401,2532
797,0.691196918,0.83343918,0.00013424335,0.83343918,0,0.00393026416,0.0417256162,2.00236413e-12,1.70251927e-05,18500,401,1341
798,0.791186988,0.812953696,0.000155734452,0.812953696,0,0.00389852335,0.0407865944,2.69480217e-12,1.10528921e-05,18500,401,775
799,0.460001558,0.867022625,0.000113591466,0.867022625,0,0.0035785457,0.0433053529,1.43366901e-12,2.12923908e-05,12600,401,2361
800,0.507713854,0.862027743,0.000115532016,0.862027743,0,0.0036031964,0.0430735193,1.48307186e-12,2.15094725e-05,11250,401,1889
801,0.596793056,0.849859414,0.000113977002,0.849859414,0,0.00380939883,0.0424951217,1.44341743e-12,2.11682039e-05,,401,2251
802,0.2072687,0.873222366,0.000181768058,0.873222366,0,0.00337652916,0.0436509733,3.67106967e-12,1.43611433e-05,,401,260
803,0.235437363,0.874311111,0.000177615142,0.874311111,0,0.00348425437,0.0436786824,3.50523764e-12,1.48739537e-05,,401,415
804,0.837746978,0.802627972,0.000135020441,0.802627972,0,0.00394045425,0.0403136762,2.02561328e-12,1.22262488e-05,17350,401,1324
805,0.871641517,0.79489534,0.000100062133,0.79489534,0,0.00397307489,0.0399638762,1.11249228e-12,1.38943763e-05,3000,401,2675
806,0.859206855,0.79774938,0.00011476424,0.79774938,0,0.00395820726,0.0400927261,1.46342565e-12,1.33368895e-05,13900,401,2085
807,0.635557711,0.843516054,0.000118014514,0.843516054,0,0.00387887489,0.0421959353,1.54749172e-12,2.00451667e-05,,401,1739
808,0.180476516,0.871762755,0.000175470051,0.871762755,0,0.00327727633,0.0436091237,3.42108209e-12,1.48869372e-05,,401,453
809,0.919782341,0.783708593,6.81437058e-05,0.783708593,0,0.0042186419,0.0394467545,5.15951627e-13,1.43360398e-05,14650,401,2935
810,0.0399395376,0.857396664,0.000212858147,0.857396664,0,0.00388873454,0.0431281764,5.03428788e-12,1.30570016e-05,,401,217
811,0.614843428,0.846979259,0.00011513089,0.846979259,0,0.00384469369,0.0423590007,1.47279133e-12,2.0831693e-05,,401,2007
812,0.561002612,0.855170621,0.000114279181,0.855170621,0,0.00372801685,0.0427472131,1.45108124e-12,2.16386132e-05,11600,401,2181
813,0.845661402,0.800836053,0.000128348209,0.800836053,0,0.00394673388,0.0402323443,1.83036253e-12,1.25461513e-05,17350,401,1472
814,0.160542995,0.870408819,0.00016268671,0.870408819,0,0.00320936166,0.0435686642,2.94077395e-12,1.57530375e-05,16800,401,619
815,0.0915552303,0.863968543,7.33656806e-05,0.863968543,0,0.0031964759,0.0433654003,5.98058122e-13,1.82122681e-05,11750,401,2885
816,0.777864814,0.81582967,0.000156633903,0.81582967,0,0.00389056552,0.0409188678,2.72601996e-12,1.12953459e-05,18500,401,687
817,0.565376937,0.854550918,0.000114105349,0.854550918,0,0.00373856064,0.0427177372,1.44667007e-12,2.15420598e-05,17100,401,2219
818,0.00152056501,0.85155619,0.000450959139,0.85155619,0,0.00465407112,0.0429201719,2.25960161e-11,6.79454372e-07,,401,5
819,0.902038991,0.787851736,6.48326051e-05,0.787851736,0,0.00409627791,0.0396402073,4.67029631e-13,1.478383e-05,9300,401,2958
820,0.304141492,0.875057648,0.000144473631,0.875057648,0,0.00363149445,0.0436810584,2.31918112e-12,1.79899399e-05,16200,401,1112
821,0.603858471,0.848747563,0.000114278839,0.848747563,0,0.00382376674,0.0424425212,1.45107257e-12,2.11217085e-05,,401,2182
822,0.927582562,0.781882044,8.06572729e-05,0.781882044,0,0.00427885142,0.0393613021,7.22843964e-13,1.41009622e-05,14650,401,2809
823,0.103392132,0.865265622,8.63678296e-05,0.865265622,0,0.00310292392,0.0434113551,8.28822443e-13,1.82216215e-05,3000,401,2766
824,0.490118593,0.863999662,0.000115174522,0.863999662,0,0.00357840117,0.0431662787,1.47390784e-12,2.14717244e-05,4400,401,1998
825,0.169262588,0.871029219,0.000169192953,0.871029219,0,0.00323971874,0.0435871998,3.18069502e-12,1.53697675e-05,19450,401,543
826,0.281623304,0.875109784,0.000156947825,0.875109784,0,0.00360117576,0.0436908031,2.73695775e-12,1.69169793e-05,16200,401,678
827,0.446624845,0.868219154,0.000112674035,0.868219154,0,0.00358723971,0.0433597543,1.41060423e-12,2.11959215e-05,16900,401,2426
828,0.0926969796,0.864097049,7.41395651e-05,0.864097049,0,0.00318595885,0.0433700047,6.10741679e-13,1.82199322e-05,11750,401,2872
829,0.526532173,0.859755434,0.000115372442,0.859755434,0,0.00364402635,0.0429655415,1.47897783e-12,2.16487368e-05,14200,401,1957
830,0.68339324,0.834916356,0.000131423971,0.834916356,0,0.00392696279,0.0417941541,1.91914001e-12,1.75866046e-05,18500,401,1404
831,0.261701554,0.874915223,0.000167328504,0.874915223,0,0.00356028277,0.0436907555,3.11098091e-12,1.59038842e-05,16200,401,566
832,0.9222579,0.783128957,7.14131384e-05,0.783128957,0,0.00423737947,0.0394196413,5.66648481e-13,1.4305189e-05,14650,401,2918
833,0.272322476,0.875047227,0.000161951941,0.875047227,0,0.00358382367,0.0436917802,2.91427012e-12,1.64033872e-05,16200,401,626
834,0.369939893,0.873273135,0.000116293174,0.873273135,0,0.00364461342,0.0435899773,1.50267804e-12,2.03398007e-05,,401,1804
835,0.249075681,0.874674254,0.000172898656,0.874674254,0,0.00352692994,0.0436866287,3.32154946e-12,1.53346061e-05,16200,401,494
836,0.758661509,0.819904076,0.000155005981,0.819904076,0,0.00390441956,0.0411043945,2.66965048e-12,1.22477577e-05,18500,401,809
837,0.867478609,0.795852833,0.000105251356,0.795852833,0,0.00396718684,0.0400071172,1.230872e-12,1.37958854e-05,3050,401,2643
838,0.607269585,0.848203693,0.000114402369,0.848203693,0,0.00383045278,0.0424168159,1.45421133e-12,2.11282854e-05,,401,2152
839,0.434411108,0.86923161,0.000112000265,0.86923161,0,0.00359687348,0.0434056629,1.39378437e-12,2.11077792e-05,17750,401,2485
840,0.55050689,0.856623307,0.000114565617,0.856623307,0,0.00370237924,0.0428163584,1.45836452e-12,2.17433629e-05,11600,401,2122
841,0.954150319,0.775648587,0.000158946436,0.775648587,0,0.00450711529,0.0390696688,2.80710773e-12,1.12590651e-05,,401,657
842,0.368568867,0.873334693,0.000116721356,0.873334693,0,0.00364521659,0.0435928521,1.51376389e-12,2.03033735e-05,,401,1788
843,0.885847807,0.791613727,8.18484921e-05,0.791613727,0,0.00401063475,0.0398145425,7.44352851e-13,1.44972089e-05,4350,401,2802
844,0.495984763,0.863358776,0.000115474182,0.863358776,0,0.00358444175,0.0431363013,1.4815874e-12,2.1471472e-05,6600,401,1923
845,0.448063493,0.868094825,0.000112817279,0.868094825,0,0.00358619118,0.0433541105,1.41419316e-12,2.11701714e-05,16900,401,2419
846,0.441364169,0.868664714,0.000112381901,0.868664714,0,0.00359126197,0.0433799663,1.40329906e-12,2.11435123e-05,16900,401,2450
847,0.781415761,0.81506709,0.000156621676,0.81506709,0,0.00389131347,0.0408838929,2.72559437e-12,1.12597109e-05,18500,401,688
848,0.544834793,0.857387844,0.000114826496,0.857387844,0,0.00368842651,0.0428527684,1.46501379e-12,2.16348555e-05,14200,401,2071
849,0.428052068,0.869728181,0.000111726983,0.869728181,0,0.00360222478,0.0434281596,1.38699097e-12,2.10590038e-05,17750,401,2517
850,0.31366539,0.874949197,0.000139288308,0.874949197,0,0.00363976771,0.0436737232,2.15569251e-12,1.83870121e-05,16200,401,1230
851,0.980111361,0.769558566,0.000270413663,0.769558566,0,0.00476126479,0.0387853461,8.12483878e-12,5.84051588e-06,,401,147
852,0.716077566,0.828600463,0.000143228313,0.828600463,0,0.00393179909,0.0415021372,2.27937217e-12,1.52848848e-05,18500,401,1140
853,0.601224422,0.849164439,0.000114063113,0.849164439,0,0.00381848472,0.0424622357,1.44559929e-12,2.12105691e-05,,401,2227
854,0.0797144771,0.862592008,7.63582061e-05,0.862592008,0,0.00331989506,0.0433157651,6.47841737e-13,1.78670617e-05,18050,401,2849
855,0.52033329,0.860522118,0.000115586845,0.860522118,0,0.00362971039,0.0430020294,1.48447985e-12,2.16183394e-05,13000,401,1857
856,0.145122632,0.869204817,0.000147423318,0.869204817,0,0.00315297708,0.0435329062,2.4148483e-12,1.65710967e-05,15250,401,1042
857,0.688233018,0.834002527,0.000133209654,0.834002527,0,0.00392917612,0.0417517385,1.97164576e-12,1.72545261e-05,18500,401,1363
858,0.119123794,0.866867071,0.000111138008,0.866867071,0,0.00307093402,0.0434634337,1.37240631e-12,1.78408147e-05,10150,401,2603
859,0.786249518,0.81402425,0.000156344415,0.81402425,0,0.00389432111,0.0408359125,2.7159529e-12,1.11080904e-05,18500,401,733
860,0.0272634067,0.855557896,0.000281522177,0.855557896,0,0.00411777337,0.0430622593,8.80608181e-12,1.00146659e-05,,401,135
861,0.140791282,0.86884222,0.000142230659,0.86884222,0,0.00313690894,0.043522193,2.24772894e-12,1.68392618e-05,15250,401,1163
862,0.602834344,0.848909991,0.000114117617,0.848909991,0,0.00382172129,0.042450202,1.44698116e-12,2.11886051e-05,,401,2213
863,0.565937579,0.854470861,0.000114095174,0.854470861,0,0.00373989894,0.0427139306,1.44641208e-12,2.16188018e-05,17100,401,2223
864,0.833371282,0.803614394,0.000138282603,0.803614394,0,0.00393693634,0.0403585438,2.12467537e-12,1.2002623e-05,17350,401,1253
865,0.943705857,0.778100348,0.000123110113,0.778100348,0,0.00441337639,0.0391843361,1.68401111e-12,1.25704448e-05,,401,1596
866,0.10881681,0.865833703,9.46487277e-05,0.865833703,0,0.00307623046,0.0434307429,9.95375739e-13,1.80936398e-05,2950,401,2711
867,0.081764631,0.862835989,7.42699649e-05,0.862835989,0,0.00329681761,0.0433245876,6.12891966e-13,1.79621808e-05,17750,401,2871
868,0.392516196,0.872110937,0.00011248468,0.872110937,0,0.00363121425,0.043536389,1.40586703e-12,2.06797059e-05,19800,401,2437
869,0.588732839,0.851102713,0.000113828177,0.851102713,0,0.00379222858,0.0425540165,1.43965043e-12,2.13519176e-05,17100,401,2298
870,0.484388709,0.864609327,0.000114972641,0.864609327,0,0.0035748868,0.0431946107,1.46874535e-12,2.14254255e-05,4400,401,2040
871,0.0377452783,0.857084649,0.00022399283,0.857084649,0,0.00392671409,0.0431169687,5.57475419e-12,1.26010392e-05,,401,204
872,0.721585631,0.827504039,0.000145240184,0.827504039,0,0.00393028145,0.0414517188,2.34385677e-12,1.47664434e-05,18500,401,1095
873,0.922658503,0.783035159,7.20349416e-05,0.783035159,0,0.00424044448,0.0394152534,5.76559202e-13,1.42463343e-05,14650,401,2914
874,0.507113934,0.86209733,0.000115590857,0.86209733,0,0.00360206079,0.0430768148,1.48458293e-12,2.15395816e-05,11250,401,1855
875,0.206196249,0.873171902,0.000181683244,0.873171902,0,0.0033721017,0.0436496121,3.66764458e-12,1.44290279e-05,,401,280
876,0.0167019125,0.853959246,0.000346174234,0.853959246,0,0.00432633689,0.0430052436,1.33151778e-11,6.68350299e-06,,401,67
877,0.211046711,0.873394935,0.000181691464,0.873394935,0,0.0033920986,0.0436555841,3.66797645e-12,1.4406058e-05,,401,277
878,0.50648874,0.862169728,0.000115540268,0.862169728,0,0.00360090552,0.0430802412,1.48328372e-12,2.15553441e-05,11250,401,1887
879,0.421874195,0.870190376,0.000111419941,0.870190376,0,0.00360749425,0.0434490996,1.37937815e-12,2.10085628e-05,19500,401,2587
880,0.415762335,0.870627833,0.000111452837,0.870627833,0,0.00361271378,0.043468927,1.38019277e-12,2.09962368e-05,19500,401,2575
881,0.0837635398,0.863071552,7.29022206e-05,0.863071552,0,0.00327497478,0.0433330976,5.90525974e-13,1.79920551e-05,17300,401,2890
882,0.429105908,0.869647427,0.000111626389,0.869647427,0,0.00360133039,0.0434245011,1.38449452e-12,2.10962169e-05,17750,401,2533
883,0.665052533,0.838308616,0.000125379444,0.838308616,0,0.00391401784,0.0419520869,1.74666723e-12,1.8656848e-05,,401,1540
884,0.119807564,0.866933392,0.000112177412,0.866933392,0,0.00307209871,0.0434654456,1.39819687e-12,1.77803462e-05,10150,401,2467
885,0.349161327,0.874096664,0.000122688743,0.874096664,0,0.00365039778,0.0436290763,1.67250308e-12,1.97424535e-05,,401,1606
886,0.258494377,0.874862665,0.000168773171,0.874862665,0,0.00355236607,0.0436900043,3.16493148e-12,1.57131735e-05,16200,401,548
887,0.157703668,0.870197324,0.000160273607,0.870197324,0,0.00319920782,0.0435623603,2.85418101e-12,1.58796579e-05,16800,401,644
888,0.583544433,0.85188876,0.000113784197,0.85188876,0,0.00378076916,0.0425912902,1.43853818e-12,2.14523916e-05,17100,401,2318
889,0.849386036,0.799990052,0.000124816883,0.799990052,0,0.00394971849,0.0401940236,1.73102826e-12,1.28226263e-05,15450,401,1557
890,0.483165026,0.864737484,0.000114933169,0.864737484,0,0.00357443137,0.0432005437,1.46773704e-12,2.14332272e-05,4400,401,2048
891,0.914304912,0.784989405,6.34702577e-05,0.784989405,0,0.00417850953,0.0395066375,4.47608179e-13,1.45251849e-05,14650,401,2969
892,0.462516993,0.866787452,0.00011373823,0.866787452,0,0.00357725604,0.0432946325,1.4373761e-12,2.13176729e-05,12600,401,2337
893,0.884902954,0.791832765,8.31779414e-05,0.791832765,0,0.00400689642,0.0398246055,7.68729993e-13,1.44060573e-05,4350,401,2792
894,0.315157384,0.874927572,0.000138404564,0.874927572,0,0.0036408369,0.0436723983,2.1284248e-12,1.84963138e-05,16200,401,1251
895,0.869382203,0.795415182,0.000102836838,0.795415182,0,0.00396971645,0.039987358,1.17504613e-12,1.38217751e-05,3050,401,2658
896,0.572940171,0.853459829,0.000113986723,0.853459829,0,0.00375647846,0.0426658766,1.44366366e-12,2.14773318e-05,17100,401,2248
897,0.616508245,0.846707097,0.00011518663,0.846707097,0,0.00384769705,0.0423461612,1.47421774e-12,2.08335339e-05,,401,1995
898,0.124139167,0.86734801,0.000118877734,0.86734801,0,0.00308168641,0.0434779261,1.57021285e-12,1.76147032e-05,8900,401,1712
899,0.0107433936,0.853030822,0.000385601648,0.853030822,0,0.00445105396,0.0429722803,1.6520959e-11,4.55535869e-06,,401,33
900,0.227686346,0.874057099,0.000179674339,0.874057099,0,0.00345699839,0.0436725761,3.58698533e-12,1.46238452e-05,,401,369
901,0.509816468,0.861782101,0.000115570281,0.861782101,0,0.00360727444,0.0430618793,1.48405442e-12,2.16110071e-05,12050,401,1864
902,0.11802613,0.866759799,0.000109269478,0.866759799,0,0.00306932587,0.0434601613,1.32664655e-12,1.78772851e-05,9850,401,2616
903,0.431221157,0.869483348,0.00011182074,0.869483348,0,0.00359954006,0.043417068,1.38931978e-12,2.11004527e-05,17750,401,2505
904,0.402411908,0.871514855,0.000111750718,0.871514855,0,0.00362372766,0.0435092079,1.38758032e-12,2.08461262e-05,19500,401,2512
905,0.679078758,0.835724624,0.000130003802,0.835724624,0,0.00392455827,0.0418317169,1.87788763e-12,1.78530169e-05,18500,401,1435
906,0.0424829088,0.857754999,0.000200212204,0.857754999,0,0.00384558127,0.0431410585,4.45388075e-12,1.35921444e-05,,401,234
907,0.298275411,0.875098963,0.00014767975,0.875098963,0,0.00362510003,0.0436846196,2.42325652e-12,1.77134735e-05,16200,401,1034
908,0.860204577,0.797521117,0.000113556627,0.797521117,0,0.00395916549,0.0400824213,1.43278971e-12,1.34481998e-05,13700,401,2363
909,0.415236384,0.870664555,0.000111431818,0.870664555,0,0.00361316006,0.0434705919,1.37967223e-12,2.09457002e-05,19500,401,2582
910,0.0283443742,0.855718086,0.000275218195,0.855718086,0,0.00409733306,0.0430679881,8.41611719e-12,1.028858e-05,,401,143
911,0.444451779,0.86840506,0.000112553299,0.86840506,0,0.00358887039,0.0433681907,1.40758279e-12,2.12189472e-05,16900,401,2434
912,0.418030322,0.870467774,0.000111459013,0.870467774,0,0.00361078331,0.0434616706,1.38034572e-12,2.10114713e-05,19500,401,2572
913,0.481567949,0.864903636,0.000114776051,0.864903636,0,0.00357395663,0.0432082252,1.46372687e-12,2.14410339e-05,4400,401,2081
914,0.453523695,0.86761346,0.00011305624,0.86761346,0,0.00358242399,0.0433322423,1.42019039e-12,2.12710067e-05,13250,401,2398
915,0.776810884,0.816055601,0.000156550143,0.816055601,0,0.00389065319,0.0409292058,2.72310525e-12,1.15012398e-05,18500,401,705
916,0.834548414,0.803349508,0.000137419675,0.803349508,0,0.00393788194,0.0403464892,2.09824079e-12,1.19653707e-05,17350,401,1269
917,0.278514504,0.875094311,0.000158684645,0.875094311,0,0.0035957029,0.0436913231,2.79786851e-12,1.67200947e-05,16200,401,660
918,0.432133555,0.8694118,0.000111978601,0.8694118,0,0.00359878136,0.0434138257,1.39324522e-12,2.10992194e-05,17750,401,2488
919,0.946323931,0.77748599,0.00013151194,0.77748599,0,0.00443640497,0.0391555955,1.92171003e-12,1.22514503e-05,,401,1403
920,0.93955338,0.779075031,0.000110496181,0.779075031,0,0.00437751062,0.0392299412,1.35660066e-12,1.3029102e-05,,401,2609
921,0.176999927,0.871543139,0.000173779246,0.871543139,0,0.00326573993,0.0436025705,3.35546958e-12,1.50356058e-05,19450,401,481
922,0.108505823,0.86580159,9.40579708e-05,0.86580159,0,0.00307733924,0.0434296706,9.82989098e-13,1.81277879e-05,2950,401,2715
923,0.929463983,0.781441024,8.46853354e-05,0.781441024,0,0.00429388071,0.0393406626,7.96845115e-13,1.38451093e-05,14650,401,2779
924,0.610969007,0.847608394,0.000114715598,0.847608394,0,0.00383751431,0.042388696,1.46218539e-12,2.09472109e-05,,401,2092
925,0.250252634,0.874700577,0.000172419356,0.874700577,0,0.00353028615,0.0436871453,3.30315938e-12,1.5406132e-05,16200,401,500
926,0.870065331,0.795257911,0.000101942258,0.795257911,0,0.00397068658,0.0399802571,1.15469156e-12,1.38708862e-05,3050,401,2662
927,0.222719908,0.873876213,0.000180646624,0.873876213,0,0.00343846441,0.0436680631,3.62591143e-12,1.45410204e-05,,401,339
928,0.429870754,0.869588327,0.000111741842,0.869588327,0,0.00360068046,0.0434218237,1.38735991e-12,2.11002589e-05,17750,401,2514
929,0.355061918,0.873886932,0.000120591879,0.873886932,0,0.00364952022,0.0436189568,1.61582236e-12,1.99408922e-05,,401,1664
930,0.728574276,0.826100225,0.000147449794,0.826100225,0,0.00392740575,0.0413872849,2.41571575e-12,1.43598686e-05,18500,401,1040
931,0.968431294,0.772296897,0.000216670288,0.772296897,0,0.00464325573,0.0389130823,5.21622376e-12,8.60396393e-06,,401,213
932,0.556484818,0.855801964,0.000114486589,0.855801964,0,0.00371703263,0.0427772564,1.45635322e-12,2.16155624e-05,11600,401,2135
933,0.160186633,0.870382507,0.000162402644,0.870382507,0,0.00320809734,0.043567879,2.93051321e-12,1.57997091e-05,16800,401,622
934,0.195114523,0.872611518,0.000180273268,0.872611518,0,0.00332784408,0.0436340416,3.61093903e-12,1.45115269e-05,,401,350
935,0.188662201,0.872252638,0.00017860846,0.872252638,0,0.00330474886,0.0436236346,3.54455355e-12,1.46453042e-05,,401,396
936,0.184612513,0.872015113,0.000177267145,0.872015113,0,0.00329103241,0.0436166267,3.49151562e-12,1.47889425e-05,,401,422
937,0.752568722,0.8211779,0.000153946894,0.8211779,0,0.00391015902,0.041162374,2.63329403e-12,1.25499298e-05,18500,401,851
938,0.236106485,0.874331462,0.000177475755,0.874331462,0,0.00348650839,0.0436791578,3.49973818e-12,1.4903372e-05,16200,401,418
939,0.33809793,0.874437718,0.000127276292,0.874437718,0,0.00365017618,0.0436459522,1.79991716e-12,1.94233726e-05,16200,401,1499
940,0.620106399,0.846115173,0.0001156807,0.846115173,0,0.00385405021,0.0423182515,1.4868916e-12,2.06177795e-05,,401,1833
941,0.973410785,0.771129073,0.000238821718,0.771129073,0,0.00469283739,0.0388585822,6.33731256e-12,7.45227471e-06,,401,185
942,0.207640156,0.873239711,0.000181667639,0.873239711,0,0.00337806527,0.0436514401,3.66701457e-12,1.44247319e-05,,401,282
943,0.360631377,0.873671366,0.000118736276,0.873671366,0,0.00364811492,0.0436086903,1.56647813e-12,2.00993222e-05,,401,1718
944,0.852048218,0.799383731,0.000122214528,0.799383731,0,0.00395190544,0.0401665854,1.65959898e-12,1.2931921e-05,15450,401,1620
945,0.928881049,0.78157767,8.33303751e-05,0.78157767,0,0.00428920284,0.0393470572,7.71550157e-13,1.38409921e-05,14650,401,2790
946,0.818810523,0.806874741,0.000146956884,0.806874741,0,0.00392456006,0.0405073457,2.39959174e-12,1.14477651e-05,18500,401,1054
947,0.383165509,0.872625776,0.00011364826,0.872625776,0,0.00363749597,0.0435599968,1.43510301e-12,2.05544329e-05,,401,2357
948,0.199124441,0.872822438,0.000181006319,0.872822438,0,0.00334331179,0.0436400051,3.64036527e-12,1.443709e-05,,401,323
949,0.0959743485,0.864462029,7.69785395e-05,0.864462029,0,0.0031573298,0.0433830397,6.58410616e-13,1.82554203e-05,11750,401,2844
950,0.634076715,0.843768967,0.000117718201,0.843768967,0,0.00387668372,0.0422078194,1.53973054e-12,2.02529359e-05,,401,1754
951,0.605958879,0.848413171,0.000114359839,0.848413171,0,0.003827911,0.0424267132,1.45313031e-12,2.10454982e-05,,401,2164
952,0.902772903,0.787680844,6.44037121e-05,0.787680844,0,0.00410085883,0.0396322485,4.60870903e-13,1.47162806e-05,9300,401,2961
953,0.821199298,0.806342352,0.000145832278,0.806342352,0,0.00392667415,0.0404829962,2.36300591e-12,1.14460554e-05,18500,401,1079
954,0.358169258,0.873768758,0.000119648087,0.873768758,0,0.0036488016,0.0436133146,1.59062941e-12,2.005634e-05,,401,1692
955,0.626776099,0.845004372,0.000116568787,0.845004372,0,0.00386527033,0.0422659283,1.50980912e-12,2.04611076e-05,,401,1794
956,0.737209678,0.824346557,0.000150138114,0.824346557,0,0.00392242686,0.0413069805,2.50460591e-12,1.36206143e-05,18500,401,971
957,0.471984655,0.86587384,0.000114408053,0.86587384,0,0.00357390716,0.043252863,1.45435585e-12,2.13210214e-05,12600,401,2151
958,0.539011955,0.8581577,0.000115097327,0.8581577,0,0.00367411382,0.0428894415,1.47193275e-12,2.17282784e-05,14200,401,2013
959,0.096159108,0.864482405,7.73374375e-05,0.864482405,0,0.00315579295,0.0433837647,6.6456436e-13,1.82530728e-05,11750,401,2839
960,0.245419279,0.874587381,0.000174273865,0.874587381,0,0.00351616377,0.043684851,3.37459779e-12,1.51596996e-05,16200,401,472
961,0.950156212,0.776586342,0.000144639484,0.776586342,0,0.00447067585,0.0391135171,2.32450894e-12,1.1639577e-05,,401,1108
962,0.54772675,0.856999968,0.000114722086,0.856999968,0,0.003695542,0.0428342955,1.46235079e-12,2.16155013e-05,14200,401,2091
963,0.844478488,0.801104785,0.000129468334,0.801104785,0,0.00394579321,0.0402445293,1.86244995e-12,1.26534754e-05,17350,401,1448
964,0.236625746,0.874346899,0.000177310798,0.874346899,0,0.00348824664,0.0436795118,3.49323545e-12,1.48832976e-05,16200,401,421
965,0.373452693,0.873110483,0.000115541333,0.873110483,0,0.00364295063,0.0435824027,1.48331106e-12,2.03902135e-05,,401,1885
966,0.699609101,0.831824513,0.000137269012,0.831824513,0,0.00393232678,0.0416508659,2.0936424e-12,1.64943066e-05,18500,401,1274
967,0.302058786,0.875074578,0.000145510811,0.875074578,0,0.00362933849,0.0436824075,2.35259955e-12,1.7935054e-05,16200,401,1088
968,0.674772978,0.836524833,0.000128514447,0.836524833,0,0.00392177693,0.0418689465,1.835107e-12,1.81714843e-05,18500,401,1469
969,0.185020059,0.872039396,0.000177375885,0.872039396,0,0.00329239574,0.043617345,3.49580049e-12,1.47398086e-05,,401,420
970,0.760456979,0.819526862,0.000155290977,0.819526862,0,0.00390269544,0.0410872374,2.67947639e-12,1.21169195e-05,18500,401,795
971,0.374591619,0.873056291,0.000115296994,0.873056291,0,0.00364237353,0.0435798865,1.47704409e-12,2.03871392e-05,,401,1971
972,0.738480926,0.824086874,0.000150483347,0.824086874,0,0.00392156646,0.041295106,2.51613753e-12,1.35799245e-05,18500,401,959
973,0.4514094,0.867801727,0.00011298406,0.867801727,0,0.00358383374,0.0433407995,1.41837754e-12,2.12526833e-05,13250,401,2403
974,0.860429347,0.797469513,0.00011347604,0.797469513,0,0.00395938298,0.0400800888,1.43075685e-12,1.34435633e-05,13700,401,2368
975,0.561885893,0.855046172,0.000114367468,0.855046172,0,0.0037301595,0.0427412931,1.45332418e-12,2.15771126e-05,11600,401,2157
976,0.343448222,0.874281234,0.00012494341,0.874281234,0,0.00365060065,0.0436381275,1.73453952e-12,1.95768785e-05,16200,401,1553
977,0.912021577,0.785522928,6.2467916e-05,0.785522928,0,0.00416236395,0.039531566,4.33582281e-13,1.45780522e-05,14650,401,2984
978,0.482438385,0.86481328,0.000114889754,0.86481328,0,0.00357419803,0.0432040492,1.46662841e-12,2.14278962e-05,4400,401,2062
979,0.636544228,0.843346874,0.000118155475,0.843346874,0,0.00388032329,0.0421879865,1.55119071e-12,2.01645784e-05,,401,1736
980,0.828363061,0.80473979,0.000141819364,0.80473979,0,0.00393280945,0.0404098204,2.23474802e-12,1.16985952e-05,18500,401,1171
981,0.502057433,0.862677842,0.000115511339,0.862677842,0,0.00359319071,0.0431042552,1.48254106e-12,2.14639669e-05,7850,401,1897
982,0.654048264,0.8402881,0.000122206203,0.8402881,0,0.00390289951,0.0420445831,1.65937289e-12,1.92765993e-05,,401,1621
983,0.0132977199,0.853431144,0.000368441682,0.853431144,0,0.00439697079,0.0429864793,1.50832526e-11,5.50404619e-06,,401,43
984,0.869903028,0.79529534,0.000102227105,0.79529534,0,0.00397045551,0.0399819464,1.16115345e-12,1.38762382e-05,3050,401,2661
985,0.952069938,0.776137106,0.00015142409,0.776137106,0,0.00448803817,0.0390925089,2.54769502e-12,1.14657064e-05,,401,934
986,0.126575068,0.86757641,0.000122595938,0.86757641,0,0.00308837303,0.0434847416,1.66997379e-12,1.75210504e-05,8900,401,1610
987,0.317975432,0.874883321,0.000136978453,0.874883321,0,0.00364269465,0.0436697663,2.0847885e-12,1.85970722e-05,16200,401,1280
988,0.566105604,0.854446835,0.000114112986,0.854446835,0,0.00374030328,0.0427127886,1.44686372e-12,2.16739478e-05,17100,401,2216
989,0.714400232,0.82893259,0.000142692527,0.82893259,0,0.00393213225,0.0415174248,2.2623508e-12,1.54298819e-05,18500,401,1153
990,0.0717860758,0.861626524,9.03121336e-05,0.861626524,0,0.00341516173,0.0432808253,9.06253498e-13,1.74120203e-05,19500,401,2740
991,0.15621838,0.870084926,0.000158858836,0.870084926,0,0.00319384629,0.0435590149,2.80401441e-12,1.60069468e-05,16800,401,659
992,0.845813394,0.800801601,0.000128131772,0.800801601,0,0.00394684931,0.0402307841,1.82419455e-12,1.26164013e-05,17350,401,1476
993,0.0899928287,0.863791383,7.27443327e-05,0.863791383,0,0.0032113105,0.0433590382,5.87970882e-13,1.81801254e-05,11750,401,2895
994,0.0298124459,0.855934634,0.000266920959,0.855934634,0,0.00406984168,0.043075737,7.91631092e-12,1.06630774e-05,,401,152
995,0.613714397,0.847163228,0.000115024589,0.847163228,0,0.00384261902,0.0423676822,1.47007291e-12,2.08670007e-05,,401,2021
996,0.00364064891,0.851899225,0.000435426309,0.851899225,0,0.00460633314,0.0429322646,2.10662301e-11,1.62729439e-06,,401,11
997,0.275872231,0.875076921,0.000160057953,0.875076921,0,0.00359080037,0.0436916144,2.84650536e-12,1.66114521e-05,16200,401,646
998,0.817278385,0.807215659,0.000147804221,0.807215659,0,0.00392318961,0.0405229486,2.42734309e-12,1.13299343e-05,18500,401,1032
999,0.0988733321,0.86477976,8.02284995e-05,0.86477976,0,0.00313417106,0.0433943132,7.15179126e-13,1.82489424e-05,11750,401,2814
1000,0.425329,0.86993438,0.000111500216,0.86993438,0,0.00360454102,0.043437501,1.38136645e-12,2.10873938e-05,19500,401,2561
1001,0.884057403,0.792028475,8.40857897e-05,0.792028475,0,0.00400371498,0.0398335832,7.85602225e-13,1.43248142e-05,3900,401,2783
1002,0.223834589,0.87391805,0.000180430324,0.87391805,0,0.0034426941,0.0436691172,3.61723353e-12,1.45577418e-05,,401,346
1003,0.669854701,0.837431476,0.000126881966,0.837431476,0,0.00391809182,0.0419111796,1.78878147e-12,1.84940068e-05,,401,1506
1004,0.731132746,0.825582757,0.000148415946,0.825582757,0,0.00392609366,0.0413635669,2.44747699e-12,1.40801002e-05,18500,401,1016
1005,0.872383296,0.794724319,9.94456657e-05,0.794724319,0,0.00397427632,0.0399561465,1.09882671e-12,1.39806645e-05,3000,401,2679
1006,0.305902898,0.875041502,0.000143463486,0.875041502,0,0.00363321889,0.0436798497,2.28686354e-12,1.80745227e-05,16200,401,1135
1007,0.472244173,0.865848167,0.000114354839,0.865848167,0,0.00357386118,0.0432516854,1.45300325e-12,2.13839279e-05,12600,401,2165
1008,0.159983501,0.870367492,0.000162247995,0.870367492,0,0.00320737257,0.0435674313,2.92493467e-12,1.58216187e-05,16800,401,624
1009,0.174244538,0.871364027,0.000172236231,0.871364027,0,0.00325654613,0.0435972155,3.29614657e-12,1.51587462e-05,19450,401,502
1010,0.461977929,0.86683817,0.000113752529,0.86683817,0,0.00357752615,0.0432969454,1.43773754e-12,2.12968575e-05,12600,401,2332
1011,0.0516528152,0.85901754,0.000158402557,0.85901754,0,0.00369772424,0.0431865299,2.78793001e-12,1.5173362e-05,,401,663
1012,0.819815755,0.806650663,0.000146605618,0.806650663,0,0.00392544998,0.0404970944,2.38813414e-12,1.14595732e-05,18500,401,1063
1013,0.777605414,0.815885387,0.00015666655,0.815885387,0,0.00389056804,0.0409214199,2.72715643e-12,1.1395315e-05,18500,401,683
1014,0.522975266,0.860197611,0.000115480447,0.860197611,0,0.00363573711,0.0429865902,1.48174818e-12,2.15831316e-05,14000,401,1920
1015,0.339027762,0.874411714,0.000126853341,0.874411714,0,0.00365029303,0.0436446403,1.78797447e-12,1.94207606e-05,16200,401,1507
1016,0.0162837561,0.853894724,0.000348833615,0.853894724,0,0.00433492344,0.0430029488,1.35205434e-11,6.56046011e-06,,401,63
1017,0.878635049,0.793282369,9.11265186e-05,0.793282369,0,0.00398703994,0.0398908096,9.22671378e-13,1.4292047e-05,3000,401,2734
1018,0.138009772,0.868603587,0.000138658906,0.868603587,0,0.00312669977,0.0435151465,2.13625469e-12,1.69634999e-05,8900,401,1243
1019,0.605111003,0.848548483,0.000114288138,0.848548483,0,0.00382624355,0.0424331093,1.45130871e-12,2.11283695e-05,,401,2179
1020,0.435758084,0.869123714,0.000111977852,0.869123714,0,0.00359576982,0.0434007732,1.3932266e-12,2.11607038e-05,17750,401,2489
1021,0.412812263,0.870831921,0.000111382129,0.870831921,0,0.0036152035,0.0434781833,1.37844208e-12,2.09556604e-05,19500,401,2596
1022,0.350309879,0.874057309,0.000122339975,0.874057309,0,0.0036502818,0.043627165,1.66300773e-12,1.98088908e-05,,401,1616
1023,0.625052691,0.845292966,0.000116341106,0.845292966,0,0.0038624499,0.0422795148,1.50391699e-12,2.04581658e-05,,401,1801
1024,0.0128606567,0.853362981,0.000371341067,0.853362981,0,0.00440615717,0.0429840609,1.53215764e-11,5.33246041e-06,,401,42
1025,0.786535859,0.813962255,0.000156093838,0.813962255,0,0.00389454329,0.0408330573,2.70725403e-12,1.1159441e-05,18500,401,752
1026,0.648954868,0.8411898,0.000120865158,0.8411898,0,0.00389693126,0.0420867981,1.62315406e-12,1.96079926e-05,,401,1656
1027,0.53029561,0.85928119,0.000115378149,0.85928119,0,0.00365298034,0.0429429576,1.47912414e-12,2.159439e-05,14200,401,1955
1028,0.245825917,0.874597428,0.000174136092,0.874597428,0,0.00351738923,0.0436850618,3.36926428e-12,1.5222701e-05,16200,401,475
1029,0.770143747,0.817478426,0.000156369,0.817478426,0,0.00389398743,0.0409940824,2.71680713e-12,1.16497419e-05,18500,401,732
1030,0.0831604376,0.863000728,7.32698661e-05,0.863000728,0,0.00328149388,0.0433305398,5.96497031e-13,1.80072127e-05,17300,401,2887
1031,0.022795625,0.854888996,0.00030805139,0.854888996,0,0.00420404244,0.0430383668,1.05439621e-11,8.67498221e-06,,401,107
1032,0.893374145,0.789867662,7.28951102e-05,0.789867662,0,0.00404621911,0.0397339006,5.90410788e-13,1.46686648e-05,8450,401,2891
1033,0.957831919,0.77478442,0.000173043527,0.77478442,0,0.00454132581,0.0390292756,3.32711804e-12,1.05378451e-05,,401,491
1034,0.542540312,0.85769316,0.000114958236,0.85769316,0,0.0036827824,0.042867312,1.46837733e-12,2.16165048e-05,14200,401,2042
1035,0.845247805,0.800930076,0.000128726665,0.800930076,0,0.00394639714,0.0402366076,1.8411727e-12,1.26301939e-05,17350,401,1463
1036,0.202564389,0.872996128,0.000181403485,0.872996128,0,0.00335716243,0.0436448229,3.65635828e-12,1.44345603e-05,,401,304
1037,0.00914639793,0.852778718,0.000396516658,0.852778718,0,0.0044853439,0.0429633489,1.74694956e-11,3.90050922e-06,,401,28
1038,0.286734879,0.875123252,0.000154108729,0.875123252,0,0.00360946526,0.0436895172,2.63883337e-12,1.7134798e-05,16200,401,845
1039,0.689186275,0.833821498,0.000133426981,0.833821498,0,0.00392954492,0.0417433413,1.97808436e-12,1.72684063e-05,18500,401,1358
1040,0.152986407,0.869835855,0.000155783657,0.869835855,0,0.00318206763,0.0435516098,2.6965053e-12,1.6163911e-05,16800,401,768
1041,0.857603967,0.798115792,0.000116612283,0.798115792,0,0.00395672395,0.0401092746,1.51093607e-12,1.32907024e-05,14500,401,1792
1042,0.775636435,0.816306918,0.000156489827,0.816306918,0,0.0038909182,0.0409406892,2.72100732e-12,1.14348035e-05,18500,401,715
1043,0.24888888,0.874669994,0.000172956889,0.874669994,0,0.00352639115,0.0436865438,3.32378727e-12,1.5360523e-05,16200,401,492
1044,0.805438519,0.809835921,0.000152400702,0.809835921,0,0.00391214377,0.0406431233,2.58066379e-12,1.10729519e-05,18500,401,902
1045,0.811469734,0.808504361,0.000150491211,0.808504361,0,0.00391785959,0.0405819974,2.51640053e-12,1.11671193e-05,18500,401,958
1046,0.18344596,0.871944914,0.000176734685,0.871944914,0,0.00328713609,0.0436145435,3.47057208e-12,1.48131212e-05,,401,430
1047,0.289181799,0.875124427,0.000152755856,0.875124427,0,0.00361312991,0.043688711,2.59270573e-12,1.72481127e-05,16200,401,890
1048,0.637296736,0.843217714,0.000118453285,0.843217714,0,0.00388141336,0.0421819202,1.55902007e-12,1.99775033e-05,,401,1729
1049,0.733567894,0.825088711,0.000149034937,0.825088711,0,0.0039247039,0.04134094,2.4679347e-12,1.39344862e-05,18500,401,1000
1050,0.162829682,0.870575638,0.00016452125,0.870575638,0,0.00321744444,0.0435736405,3.00747131e-12,1.56499347e-05,19450,401,598
1051,0.484834284,0.864562447,0.000115008162,0.864562447,0,0.00357507926,0.043192438,1.46965305e-12,2.14713089e-05,4400,401,2028
1052,0.443918794,0.868450135,0.000112457872,0.868450135,0,0.00358927422,0.0433702352,1.405197e-12,2.12010917e-05,16900,401,2441
1053,0.237391561,0.874369714,0.00017704417,0.874369714,0,0.00349078572,0.0436800414,3.48273756e-12,1.49055733e-05,16200,401,426
1054,0.133855566,0.868238994,0.000133142632,0.868238994,0,0.00311184927,0.0435043815,1.96966229e-12,1.71852652e-05,8900,401,1366
1055,0.396718174,0.871864198,0.000112111065,0.871864198,0,0.00362813368,0.0435251215,1.39654343e-12,2.07349089e-05,19800,401,2473
1056,0.68457818,0.834693229,0.000131925022,0.834693229,0,0.00392755228,0.0417837912,1.93380127e-12,1.74535089e-05,18500,401,1392
1057,0.952352703,0.776070776,0.000152424531,0.776070776,0,0.00449061972,0.0390894067,2.58147085e-12,1.14877248e-05,,401,900
1058,0.789296031,0.813364407,0.000155819034,0.813364407,0,0.00389683943,0.040805517,2.69773016e-12,1.11466278e-05,18500,401,767
1059,0.943076968,0.778248111,0.000121141892,0.778248111,0,0.00440788375,0.03919125,1.63059534e-12,1.26118127e-05,,401,1648
1060,0.148326606,0.869466149,0.000151008904,0.869466149,0,0.00316488076,0.0435406411,2.53374325e-12,1.64075191e-05,15250,401,946
1061,0.685921252,0.834439889,0.000132280968,0.834439889,0,0.00392817732,0.0417720318,1.9442505e-12,1.74509489e-05,18500,401,1382
1062,0.571709812,0.85363896,0.000113976433,0.85363896,0,0.00375358977,0.0426743868,1.44340303e-12,2.15325555e-05,17100,401,2252
1063,0.88288331,0.792300252,8.58667958e-05,0.792300252,0,0.00399956319,0.0398460283,8.19234069e-13,1.4362517e-05,3900,401,2770
1064,0.0186891742,0.854264692,0.000333422729,0.854264692,0,0.00428587185,0.0430161143,1.23523018e-11,7.37250112e-06,,401,80
1065,0.106690191,0.865612993,9.12351507e-05,0.865612993,0,0.00308493544,0.0434233074,9.24872524e-13,1.81694854e-05,2450,401,2732
1066,0.0197332688,0.854424365,0.000326913641,0.854424365,0,0.00426483442,0.0430218022,1.18747254e-11,7.73638938e-06,,401,87
1067,0.528201282,0.859545856,0.000115331804,0.859545856,0,0.00364798075,0.0429555624,1.4779361e-12,2.16885207e-05,14200,401,1962
1068,0.598047256,0.849663614,0.00011393972,0.849663614,0,0.00381199923,0.0424858542,1.4424733e-12,2.12213319e-05,,401,2264
1069,0.0235142987,0.854997323,0.00030369213,0.854997323,0,0.0041899707,0.0430422321,1.02476567e-11,8.89885913e-06,,401,111
1070,0.0659579411,0.860894406,0.000105926041,0.860894406,0,0.00349104052,0.0432543307,1.2467029e-12,1.68787694e-05,19800,401,2637
1071,0.655716002,0.839990873,0.000122609656,0.839990873,0,0.00390473712,0.0420306782,1.67034754e-12,1.93304254e-05,,401,1609
1072,0.680061281,0.835541007,0.000130282229,0.835541007,0,0.0039251419,0.0418231799,1.88593992e-12,1.78058622e-05,18500,401,1428
1073,0.820288122,0.806545519,0.000146240109,0.806545519,0,0.00392587346,0.040492287,2.37624104e-12,1.1403991e-05,18500,401,1069
1074,0.125044495,0.867433267,0.000120354961,0.867433267,0,0.00308408522,0.0434804734,1.60947962e-12,1.75677684e-05,8900,401,1672
1075,0.456493676,0.867345262,0.000113345485,0.867345262,0,0.00358055817,0.0433200443,1.42746656e-12,2.1262832e-05,13250,401,2376
1076,0.341418803,0.874342505,0.000125936681,0.874342505,0,0.00365051026,0.0436411722,1.7622275e-12,1.95381095e-05,16200,401,1526
1077,0.138910607,0.868681305,0.000139838801,0.868681305,0,0.0031299913,0.0435174403,2.17276558e-12,1.69576547e-05,8900,401,1218
1078,0.112928182,0.866253094,0.00010114251,0.866253094,0,0.00306744307,0.0434444022,1.13664525e-12,1.80304092e-05,3900,401,2668
1079,0.517050564,0.860921133,0.000115699932,0.860921133,0,0.00362240295,0.0430210031,1.48738604e-12,2.152279e-05,13000,401,1830
1080,0.364133269,0.873527057,0.000117880994,0.873527057,0,0.00364695817,0.0436018766,1.54399209e-12,2.01510942e-05,,401,1747
1081,0.196617424,0.872691662,0.000180602236,0.872691662,0,0.00333353649,0.0436363228,3.62412974e-12,1.44766278e-05,,401,341
1082,0.575211406,0.853127327,0.000113863822,0.853127327,0,0.00376176641,0.0426500818,1.44055223e-12,2.15325761e-05,17100,401,2285
1083,0.215380326,0.873582694,0.000181529978,0.873582694,0,0.00340969957,0.0436605205,3.66145921e-12,1.44584314e-05,,401,293
1084,0.0395105705,0.857335787,0.000214992256,0.857335787,0,0.00389610644,0.0431259876,5.13574112e-12,1.2988108e-05,,401,215
1085,0.640554368,0.84265614,0.000119048981,0.84265614,0,0.00388600745,0.042155554,1.57474e-12,1.99680534e-05,,401,1710
1086,0.513219655,0.86138018,0.00011555447,0.86138018,0,0.00361419339,0.0430428109,1.48364839e-12,2.1557052e-05,12050,401,1876
1087,0.992391765,0.766685041,0.000333459085,0.766685041,0,0.00489170156,0.0386515509,1.23549957e-11,2.03827027e-06,,401,79
1088,0.698848546,0.831971659,0.000137089961,0.831971659,0,0.00393221174,0.0416576709,2.08818414e-12,1.65159532e-05,18500,401,1277
1089,0.048017215,0.858522471,0.000174273069,0.858522471,0,0.00375490269,0.0431686846,3.37456695e-12,1.45757798e-05,,401,473
1090,0.558229268,0.855559223,0.000114425411,0.855559223,0,0.0037212912,0.0427657035,1.45479718e-12,2.15962097e-05,11600,401,2148
1091,0.305081159,0.875049171,0.000143915225,0.875049171,0,0.00363242551,0.0436804178,2.30128801e-12,1.80196404e-05,16200,401,1126
1092,0.636904776,0.843285039,0.000118284411,0.843285039,0,0.00388083981,0.0421850818,1.554578e-12,2.0143441e-05,,401,1734
1093,0.376744062,0.872951947,0.000114918238,0.872951947,0,0.00364123483,0.0435750499,1.46735572e-12,2.04576246e-05,,401,2056
1094,0.870660782,0.795120951,0.000101294667,0.795120951,0,0.00397156201,0.0399740698,1.14006772e-12,1.38277257e-05,3050,401,2667
1095,0.879956722,0.792976962,8.93783154e-05,0.792976962,0,0.00399053235,0.0398769144,8.87609252e-13,1.43588133e-05,3050,401,2747
1096,0.848246932,0.800249026,0.000126080679,0.800249026,0,0.00394879456,0.0402057501,1.76625974e-12,1.27143917e-05,17350,401,1522
1097,0.590376616,0.850851378,0.000113792258,0.850851378,0,0.0037957982,0.0425421048,1.43874199e-12,2.13347663e-05,17100,401,2312
1098,0.808225811,0.809221584,0.000151547485,0.809221584,0,0.00391480335,0.0406149093,2.55184891e-12,1.10825766e-05,18500,401,929
1099,0.557505488,0.855660145,0.00011436249,0.855660145,0,0.00371952409,0.042770506,1.45319769e-12,2.16963169e-05,11600,401,2159
1100,0.573964298,0.853310259,0.000113809892,0.853310259,0,0.00375886457,0.0426587711,1.43918795e-12,2.16096912e-05,17100,401,2303
1101,0.672477782,0.836949022,0.000127754153,0.836949022,0,0.00392012004,0.0418886993,1.81345818e-12,1.824304e-05,,401,1486
1102,0.136634663,0.868484026,0.000136853138,0.868484026,0,0.00312172089,0.0435116177,2.08097569e-12,1.70355806e-05,8900,401,1282
1103,0.803286135,0.81030947,0.000153106374,0.81030947,0,0.00391007342,0.0406648855,2.60461798e-12,1.10861973e-05,18500,401,881
1104,0.314732999,0.874933794,0.00013859844,0.874933794,0,0.00364054064,0.0436727774,2.13439195e-12,1.84926931e-05,16200,401,1246
1105,0.640918672,0.842593111,0.000119076025,0.842593111,0,0.00388650951,0.0421525956,1.57545553e-12,1.99632965e-05,,401,1707
1106,0.887979567,0.791119797,7.92197879e-05,0.791119797,0,0.00401974197,0.0397918013,6.9730831e-13,1.45733873e-05,6000,401,2822
1107,0.545466065,0.857303427,0.000114923803,0.857303427,0,0.0036899801,0.0428487482,1.46749783e-12,2.16018578e-05,14200,401,2053
1108,0.52161783,0.860364856,0.000115550532,0.860364856,0,0.00363262681,0.0429945483,1.48354727e-12,2.16180285e-05,13000,401,1879
1109,0.662315726,0.838804932,0.000124523208,0.838804932,0,0.00391147927,0.041975255,1.72289216e-12,1.8917486e-05,,401,1563
1110,0.942389786,0.778409286,0.000119036184,0.778409286,0,0.00440191801,0.0391987887,1.57440145e-12,1.27492814e-05,,401,1711
1111,0.0588676073,0.859978323,0.000129755548,0.859978323,0,0.00358984966,0.0432212118,1.87072247e-12,1.6129999e-05,,401,1439
1112,0.630044818,0.844453802,0.000117045409,0.844453802,0,0.00387049565,0.0422400198,1.52218086e-12,2.03499246e-05,,401,1776
1113,0.742418647,0.82327892,0.000151551542,0.82327892,0,0.0039187151,0.0412581888,2.55198554e-12,1.32955047e-05,18500,401,928
1114,0.162599683,0.87055909,0.000164418891,0.87055909,0,0.0032166365,0.0435731488,3.00373021e-12,1.5663546e-05,19450,401,599
1115,0.954638422,0.775534112,0.000160879078,0.775534112,0,0.0045116124,0.0390643158,2.87578642e-12,1.10665225e-05,,401,637
1116,0.962942898,0.773584831,0.000193486586,0.773584831,0,0.00458985075,0.0389732246,4.1596732e-12,9.70121925e-06,,401,244
1117,0.910835147,0.785800054,6.20595318e-05,0.785800054,0,0.00415410409,0.0395445081,4.27931721e-13,1.4690157e-05,14650,401,3000
1118,0.849214077,0.800029092,0.000124999087,0.800029092,0,0.00394957955,0.040195791,1.73608574e-12,1.28093019e-05,15450,401,1551
1119,0.426389337,0.869854452,0.000111648088,0.869854452,0,0.00360363671,0.0434338794,1.38503284e-12,2.10570414e-05,19500,401,2530
1120,0.790176928,0.813173104,0.000155749476,0.813173104,0,0.00389761725,0.0407967026,2.69532214e-12,1.10653204e-05,18500,401,773
1121,0.722148418,0.827391541,0.000145420662,0.827391541,0,0.0039300947,0.0414465506,2.34968544e-12,1.48025529e-05,18500,401,1091
1122,0.549870849,0.856709737,0.000114678164,0.856709737,0,0.00370081991,0.0428204739,1.46123126e-12,2.16038956e-05,14200,401,2102
1123,0.0527483672,0.859165236,0.000153764649,0.859165236,0,0.00368086536,0.0431918567,2.62706304e-12,1.53314189e-05,,401,856
1124,0.700770378,0.831600081,0.000137723517,0.831600081,0,0.00393248929,0.0416404901,2.10752968e-12,1.64339405e-05,18500,401,1264
1125,0.280771405,0.875106074,0.000157404517,0.875106074,0,0.00359971065,0.0436909643,2.75290911e-12,1.68624481e-05,16200,401,674
1126,0.323742807,0.874778772,0.000134049922,0.874778772,0,0.00364585284,0.0436638412,1.99659795e-12,1.88304983e-05,16200,401,1345
1127,0.456200451,0.867371965,0.000113313231,0.867371965,0,0.00358074025,0.0433212589,1.42665426e-12,2.13090989e-05,13250,401,2378
1128,0.96062696,0.774128407,0.000183989177,0.774128407,0,0.00456771623,0.0389986192,3.76133525e-12,1.01560731e-05,,401,257
1129,0.965727329,0.772931327,0.000204984945,0.772931327,0,0.00461677419,0.0389427033,4.66875861e-12,9.16706971e-06,,401,228
1130,0.795884848,0.811930537,0.000154931135,0.811930537,0,0.00390293055,0.0407394693,2.66707294e-12,1.09978999e-05,18500,401,813
1131,0.134436086,0.868290503,0.000133828607,0.868290503,0,0.00311388223,0.0435059025,1.99001068e-12,1.71558838e-05,8900,401,1348
1132,0.23800385,0.874387602,0.000176911402,0.874387602,0,0.00349280796,0.0436804508,3.47751601e-12,1.49080904e-05,16200,401,429
1133,0.426766068,0.869825958,0.000111558374,0.869825958,0,0.0036033155,0.0434325884,1.38280787e-12,2.10852181e-05,19500,401,2544
1134,0.656031132,0.839934573,0.000122729072,0.839934573,0,0.00390508089,0.0420280455,1.67360279e-12,1.92016516e-05,,401,1604
1135,0.356995553,0.873813897,0.000119963289,0.873813897,0,0.00364909317,0.0436154649,1.59902119e-12,1.99852433e-05,,401,1683
1136,0.713798761,0.829051572,0.000142479465,0.829051572,0,0.00393224431,0.0415229036,2.25559976e-12,1.54572703e-05,18500,401,1158
1137,0.388634235,0.8723304,0.000112868641,0.8723304,0,0.00363393519,0.0435464335,1.41548112e-12,2.06910021e-05,19800,401,2414
1138,0.0917091668,0.86398579,7.34188881e-05,0.86398579,0,0.00319504268,0.0433660164,5.98925903e-13,1.82255134e-05,11750,401,2883
1139,0.336679906,0.874476545,0.000127842614,0.874476545,0,0.00364995997,0.0436479211,1.81597044e-12,1.93756214e-05,16200,401,1485
1140,0.692655265,0.833160733,0.000134723211,0.833160733,0,0.00393073153,0.0417127138,2.01670483e-12,1.69730789e-05,18500,401,1329
1141,0.00095557957,0.851464405,0.000455050252,0.851464405,0,0.00466690317,0.0429169392,2.30078591e-11,4.29413373e-07,,401,3
1142,0.557055771,0.855722618,0.000114442121,0.855722618,0,0.0037184297,0.0427734792,1.45522212e-12,2.1625211e-05,11600,401,2144
1143,0.633437693,0.843878047,0.000117674909,0.843878047,0,0.00387572182,0.0422129468,1.53859824e-12,2.01779077e-05,,401,1756
1144,0.324672788,0.874760267,0.000133470081,0.874760267,0,0.00364627805,0.0436628234,1.97936251e-12,1.88764781e-05,16200,401,1356
1145,0.885414481,0.791714315,8.24483457e-05,0.791714315,0,0.00400890365,0.0398191649,7.55303301e-13,1.45349407e-05,4350,401,2798
1146,0.563135266,0.854869596,0.000114173281,0.854869596,0,0.00373317031,0.0427328937,1.44839312e-12,2.16788422e-05,17100,401,2198
1147,0.664153576,0.83847182,0.000125105808,0.83847182,0,0.00391320099,0.041959703,1.73905148e-12,1.877789e-05,,401,1547
1148,0.0699967146,0.861403817,9.46530486e-05,0.861403817,0,0.00343794411,0.0432727648,9.95466623e-13,1.72298591e-05,19750,401,2710
1149,0.764072061,0.81876501,0.000155867372,0.81876501,0,0.00389924995,0.0410525941,2.69940418e-12,1.19320821e-05,18500,401,764
1150,0.757871985,0.820069601,0.000154999395,0.820069601,0,0.00390517916,0.0411119239,2.6694236e-12,1.22734136e-05,18500,401,810
1151,0.76196444,0.819209565,0.000155479793,0.819209565,0,0.0039012482,0.041072808,2.68599622e-12,1.20577311e-05,18500,401,783
1152,0.961817741,0.77384896,0.000188728235,0.77384896,0,0.00457907486,0.0389855625,3.95759406e-12,9.96234139e-06,,401,249
1153,0.56354332,0.854811717,0.000114187757,0.854811717,0,0.00373416287,0.0427301399,1.44876043e-12,2.1652647e-05,17100,401,2196
1154,0.283131391,0.875115299,0.000156111356,0.875115299,0,0.00360370799,0.0436904795,2.70786171e-12,1.69923159e-05,16200,401,750
1155,0.595327795,0.850087328,0.000113878786,0.850087328,0,0.00380633716,0.0425059119,1.44093089e-12,2.13316258e-05,,401,2280
1156,0.945945024,0.777574958,0.000130331308,0.777574958,0,0.00443304683,0.0391597561,1.88736108e-12,1.22751348e-05,,401,1426
1157,0.45048672,0.867883131,0.000112997683,0.867883131,0,0.00358446963,0.0433444977,1.41871959e-12,2.12623263e-05,13250,401,2401
1158,0.858130038,0.797995578,0.000115891036,0.797995578,0,0.00395721019,0.0401038453,1.49230357e-12,1.32663317e-05,13900,401,1823
1159,0.336305916,0.874486601,0.000128049295,0.874486601,0,0.00364989869,0.0436484331,1.82184688e-12,1.93106192e-05,16200,401,1481
1160,0.0221212078,0.854787168,0.000312137211,0.854787168,0,0.00421731336,0.0430347352,1.08255154e-11,8.47995411e-06,,401,102
1161,0.843719602,0.801276665,0.000130164225,0.801276665,0,0.00394519284,0.0402523224,1.88252505e-12,1.25437442e-05,17350,401,1432
1162,0.871904433,0.794834707,9.97194803e-05,0.794834707,0,0.00397348762,0.0399611352,1.10488608e-12,1.39099992e-05,3000,401,2677
1163,0.164826229,0.870719003,0.000166102559,0.870719003,0,0.00322443007,0.0435779244,3.06556223e-12,1.5595506e-05,19450,401,581
1164,0.647364616,0.841469279,0.000120504989,0.841469279,0,0.00389496691,0.042099893,1.61349472e-12,1.9647229e-05,,401,1665
1165,0.469099015,0.866157034,0.00011422883,0.866157034,0,0.0035746403,0.0432658338,1.44980285e-12,2.13553927e-05,12600,401,2191
1166,0.297931105,0.875100719,0.000147896257,0.875100719,0,0.00362469461,0.0436848029,2.43036698e-12,1.76735434e-05,16200,401,1030
1167,0.0553445034,0.859512697,0.000143223789,0.859512697,0,0.00364160239,0.0432043957,2.27922819e-12,1.56992419e-05,,401,1141
1168,0.686219335,0.834383551,0.000132424483,0.834383551,0,0.00392830821,0.0417694171,1.94847151e-12,1.7436867e-05,18500,401,1379
1169,0.659058571,0.839392248,0.000123594285,0.839392248,0,0.00390826642,0.0420026926,1.69728303e-12,1.89974774e-05,,401,1585
1170,0.514515817,0.861225512,0.000115616281,0.861225512,0,0.00361692556,0.0430354658,1.48523604e-12,2.15793906e-05,12050,401,1847
1171,0.345403403,0.87422013,0.000124166551,0.87422013,0,0.00365060417,0.0436351126,1.71303693e-12,1.96360349e-05,,401,1570
1172,0.859359682,0.797714376,0.000114602935,0.797714376,0,0.00395835545,0.0400911451,1.45931474e-12,1.33626441e-05,13900,401,2113
1173,0.56936574,0.853978602,0.000113945751,0.853978602,0,0.00374806278,0.0426905284,1.44262602e-12,2.15658095e-05,17100,401,2261
1174,0.358398467,0.873759886,0.000119547324,0.873759886,0,0.00364874568,0.0436128924,1.5879514e-12,2.00274471e-05,,401,1694
1175,0.974892318,0.77078164,0.000245801541,0.77078164,0,0.00470780344,0.0388423739,6.71315527e-12,7.05939252e-06,,401,177
1176,0.00969578978,0.852865574,0.000392802248,0.852865574,0,0.00447350379,0.042966425,1.7143734e-11,4.15339108e-06,,401,30
1177,0.651948869,0.840660971,0.000121662521,0.840660971,0,0.00390050594,0.0420620331,1.64464099e-12,1.93820294e-05,,401,1635
1178,0.533579946,0.858861934,0.000115321006,0.858861934,0,0.00366088518,0.042922989,1.47765938e-12,2.15907876e-05,14200,401,1966
1179,0.953784525,0.775734492,0.000157643992,0.775734492,0,0.00450375362,0.0390736837,2.76129204e-12,1.12616225e-05,,401,671
1180,0.127750605,0.867685479,0.000124290026,0.867685479,0,0.00309185165,0.0434879871,1.71644561e-12,1.74607099e-05,8900,401,1566
1181,0.982983232,0.768885902,0.000284659704,0.768885902,0,0.00479119432,0.0387540021,9.00346082e-12,4.9526812e-06,,401,132
1182,0.41691038,0.870547153,0.000111399824,0.870547153,0,0.00361173584,0.0434652689,1.37888008e-12,2.09877698e-05,19500,401,2592
1183,0.00521032233,0.852151656,0.000424154483,0.852151656,0,0.00457139555,0.0429411761,1.99896695e-11,2.32010837e-06,,401,16
1184,0.506050944,0.862220348,0.000115495862,0.862220348,0,0.00360010211,0.0430826368,1.48214379e-12,2.15451576e-05,11250,401,1912
1185,0.596332669,0.849930986,0.000113943447,0.849930986,0,0.00380844571,0.0424985104,1.44256767e-12,2.12232667e-05,,401,2263
1186,0.17470333,0.871394165,0.000172561791,0.871394165,0,0.0032580798,0.043598117,3.30861906e-12,1.51472935e-05,19450,401,498
1187,0.29388842,0.875117097,0.000150149748,0.875117097,0,0.00361964417,0.0436868082,2.50499409e-12,1.75279339e-05,16200,401,970
1188,0.708127797,0.830167263,0.000140521197,0.830167263,0,0.00393281272,0.0415743268,2.19402296e-12,1.58974096e-05,18500,401,1201
1189,0.277688086,0.875089348,0.000159081451,0.875089348,0,0.00359419226,0.0436914319,2.81187866e-12,1.66904639e-05,16200,401,655
1190,0.748979449,0.821923981,0.00015313958,0.821923981,0,0.00391335927,0.0411963684,2.60574787e-12,1.2911441e-05,18500,401,880
1191,0.340151578,0.874379504,0.000126341107,0.874379504,0,0.00365041362,0.0436430219,1.77356394e-12,1.94421765e-05,16200,401,1519
1192,0.579925954,0.852430184,0.000113757542,0.852430184,0,0.00377259988,0.0426169817,1.43786427e-12,2.14968285e-05,17100,401,2329
1193,0.431432575,0.869466799,0.000111831514,0.869466799,0,0.00359936658,0.043416318,1.38958751e-12,2.11395631e-05,17750,401,2504
1194,0.258727401,0.874866636,0.000168667259,0.874866636,0,0.00355295602,0.0436900631,3.16096049e-12,1.57492917e-05,16200,401,550
1195,0.101251252,0.865036866,8.3372185e-05,0.865036866,0,0.00311690873,0.0434033674,7.72324581e-13,1.82348444e-05,3050,401,2789
1196,0.116380036,0.8665978,0.000106625888,0.8665978,0,0.00306758436,0.0434551874,1.2632311e-12,1.79264439e-05,6950,401,2633
1197,0.0979408622,0.864678124,7.91738001e-05,0.864678124,0,0.00314137987,0.0433907164,6.96498957e-13,1.82472218e-05,11750,401,2824
1198,0.622506618,0.845717341,0.00011599159,0.845717341,0,0.0038581754,0.0422995032,1.49489434e-12,2.06106237e-05,,401,1816
1199,0.450956225,0.867841698,0.00011296375,0.867841698,0,0.00358414706,0.0433426153,1.41786766e-12,2.12561169e-05,13250,401,2404
1200,0.398230821,0.871773145,0.000111959583,0.871773145,0,0.00362698434,0.0435209705,1.39277203e-12,2.07903908e-05,19800,401,2491
1201,0.27920863,0.875098168,0.000158292705,0.875098168,0,0.0035969536,0.0436912204,2.78406449e-12,1.67856826e-05,16200,401,664
1202,0.0171015784,0.854020866,0.000343560475,0.854020866,0,0.00431814751,0.043007436,1.31148666e-11,6.85992317e-06,,401,70
1203,0.747894406,0.822148808,0.000152977403,0.822148808,0,0.00391428979,0.0412066192,2.60023176e-12,1.29582297e-05,18500,401,885
1204,0.923156798,0.782918473,7.28184483e-05,0.782918473,0,0.00424427178,0.0394097955,5.89169602e-13,1.42601476e-05,14650,401,2893
1205,0.746782899,0.822378931,0.000152604364,0.822378931,0,0.00391523457,0.0412171138,2.58756577e-12,1.30414886e-05,18500,401,894
1206,0.948404729,0.776997585,0.000138610871,0.776997585,0,0.00445492526,0.0391327481,2.13477485e-12,1.18895393e-05,,401,1244
1207,0.321235478,0.874826511,0.000135250467,0.874826511,0,0.00364458313,0.0436665052,2.03252097e-12,1.8766855e-05,16200,401,1318
1208,0.00798121653,0.852593984,0.000404566376,0.852593984,0,0.00451058663,0.0429568117,1.81859948e-11,3.45600283e-06,,401,24
1209,0.439254314,0.868839365,0.000112161168,0.868839365,0,0.00359293204,0.0433878853,1.39779196e-12,2.11422136e-05,17750,401,2468
1210,0.850484669,0.799739939,0.000123794145,0.799739939,0,0.00395061677,0.0401827033,1.70277671e-12,1.28967118e-05,15450,401,1582
1211,0.830707431,0.804213563,0.000140107723,0.804213563,0,0.00393475842,0.0403858338,2.18113044e-12,1.18376127e-05,18500,401,1210
1212,0.834114134,0.80344723,0.000137771537,0.80344723,0,0.00393753958,0.0403509358,2.10899959e-12,1.19972476e-05,17350,401,1263
1213,0.0994642377,0.864843965,8.09271436e-05,0.864843965,0,0.00312972927,0.0433965806,7.27689174e-13,1.82617378e-05,11750,401,2808
1214,0.504656076,0.86238107,0.000115503535,0.86238107,0,0.00359759744,0.0430902388,1.48234073e-12,2.15492069e-05,10850,401,1902
1215,0.580833972,0.852294874,0.000113802417,0.852294874,0,0.00377465682,0.0426105602,1.4389989e-12,2.14809966e-05,17100,401,2307
1216,0.577223063,0.852831123,0.000113853597,0.852831123,0,0.00376641223,0.0426360153,1.44029351e-12,2.15055571e-05,17100,401,2290
1217,0.500217557,0.862886037,0.000115509242,0.862886037,0,0.00359030511,0.0431140717,1.48248723e-12,2.14739206e-05,7000,401,1898
1218,0.670346856,0.83734109,0.000127067108,0.83734109,0,0.00391848375,0.0419069664,1.79400556e-12,1.83531154e-05,,401,1502
1219,0.488612175,0.864161482,0.000115232841,0.864161482,0,0.00357725648,0.0431738168,1.47540084e-12,2.14589218e-05,4400,401,1983
1220,0.194637209,0.87258574,0.000180225383,0.87258574,0,0.0033260619,0.0436333032,3.60902096e-12,1.4540363e-05,,401,353
1221,0.737564981,0.824274187,0.000150266067,0.824274187,0,0.00392218879,0.0413036703,2.50887676e-12,1.36313504e-05,18500,401,966
1222,0.122119099,0.867155981,0.000115787976,0.867155981,0,0.00307678581,0.0434721663,1.4896506e-12,1.77100502e-05,10150,401,1828
1223,0.473576784,0.865715873,0.000114421911,0.865715873,0,0.00357363689,0.0432456172,1.45470818e-12,2.13610488e-05,12250,401,2149
1224,0.619764745,0.846171517,0.00011560536,0.846171517,0,0.0038534625,0.0423209066,1.48495547e-12,2.06832899e-05,,401,1851
1225,0.882434964,0.792403996,8.62104492e-05,0.792403996,0,0.00399805289,0.0398507727,8.25804616e-13,1.44389597e-05,3900,401,2767
1226,0.112520605,0.866211933,0.000100481037,0.866211933,0,0.00306782559,0.0434430897,1.12182654e-12,1.80379473e-05,3500,401,2673
1227,0.323055089,0.874792246,0.000134281892,0.874792246,0,0.00364551719,0.043664587,2.00351405e-12,1.88124343e-05,16200,401,1339
1228,0.833892047,0.80349732,0.00013784199,0.80349732,0,0.00393735571,0.040353216,2.11115713e-12,1.20239578e-05,17350,401,1261
1229,0.926458955,0.78214517,7.85846569e-05,0.78214517,0,0.00426997466,0.0393736143,6.86172033e-13,1.39630173e-05,14650,401,2829
1230,0.696486652,0.832426341,0.000136226991,0.832426341,0,0.00393174472,0.0416787069,2.06197702e-12,1.66523547e-05,18500,401,1298
1231,0.576309443,0.852965872,0.000113783433,0.852965872,0,0.0037643074,0.0426424139,1.43851883e-12,2.15665996e-05,17100,401,2321
1232,0.875217617,0.794070932,9.56038601e-05,0.794070932,0,0.00397938893,0.0399265822,1.01556645e-12,1.40618205e-05,3000,401,2705
1233,0.634478927,0.843700466,0.000117808336,0.843700466,0,0.00387727859,0.0422046003,1.54208933e-12,2.01865587e-05,,401,1749
1234,0.602341294,0.848988156,0.000114254288,0.848988156,0,0.0038207375,0.0424538982,1.45044914e-12,2.1079846e-05,,401,2185
1235,0.024738783,0.855181267,0.000296297072,0.855181267,0,0.00416616709,0.0430488002,9.75466163e-12,9.23776379e-06,,401,119
1236,0.200173035,0.872876103,0.00018117514,0.872876103,0,0.00334748685,0.0436415024,3.64715902e-12,1.44489504e-05,,401,316
1237,0.691934526,0.833298298,0.000134554393,0.833298298,0,0.00393051459,0.0417190859,2.01165386e-12,1.70369827e-05,18500,401,1334
1238,0.0789100155,0.862495706,7.72456247e-05,0.862495706,0,0.00332912866,0.0433122823,6.62987393e-13,1.78281852e-05,18050,401,2841
1239,0.859985888,0.79757128,0.000113970771,0.79757128,0,0.00395895615,0.0400846852,1.44325964e-12,1.33883235e-05,13700,401,2254
1240,0.763472795,0.818891506,0.000155640146,0.818891506,0,0.00389981542,0.0410583445,2.69153944e-12,1.20328874e-05,18500,401,777
1241,0.248191923,0.874653902,0.000173302532,0.874653902,0,0.00352437359,0.0436862198,3.3370853e-12,1.53517457e-05,16200,401,488
1242,0.312780499,0.874961488,0.000139724639,0.874961488,0,0.00363910802,0.0436744889,2.16921943e-12,1.83927995e-05,16200,401,1221
1243,0.343156189,0.874290253,0.000125087716,0.874290253,0,0.00365059666,0.0436385744,1.73854852e-12,1.95506194e-05,16200,401,1548
1244,0.489861071,0.864027356,0.000115171822,0.864027356,0,0.0035781899,0.0431675699,1.47383873e-12,2.14911217e-05,4400,401,1999
1245,0.810549319,0.808708057,0.000150597105,0.808708057,0,0.00391699859,0.0405913422,2.51994312e-12,1.11692227e-05,18500,401,955
1246,0.575653136,0.85306247,0.000113859132,0.85306247,0,0.0037627854,0.0426470016,1.44043355e-12,2.14825402e-05,17100,401,2286
1247,0.623338997,0.845578882,0.000116071619,0.845578882,0,0.0038595824,0.0422929807,1.49695787e-12,2.06196399e-05,,401,1815
1248,0.185641602,0.872076362,0.000177542195,0.872076362,0,0.00329448556,0.0436184399,3.50235902e-12,1.47331007e-05,,401,417
1249,0.332658172,0.874580514,0.000129618442,0.874580514,0,0.00364910491,0.0436532623,1.86677116e-12,1.92370276e-05,16200,401,1443
1250,0.790594876,0.8130823,0.000155743927,0.8130823,0,0.00389799483,0.0407925187,2.6951301e-12,1.10274502e-05,18500,401,774
1251,0.89228791,0.790119992,7.40641438e-05,0.790119992,0,0.00404054749,0.0397455922,6.0949971e-13,1.46072728e-05,8450,401,2873
1252,0.201068521,0.872921431,0.000181230606,0.872921431,0,0.00335109133,0.0436427611,3.64939249e-12,1.44320191e-05,,401,312
1253,0.666282773,0.838084577,0.000125753785,0.838084577,0,0.0039151069,0.0419416327,1.7571127e-12,1.86822703e-05,,401,1532
1254,0.18622002,0.872110516,0.000177758365,0.872110516,0,0.00329642954,0.0436194493,3.51089292e-12,1.4711335e-05,,401,412
1255,0.616328895,0.846736451,0.000115256648,0.846736451,0,0.00384737547,0.0423475455,1.47601055e-12,2.07836434e-05,,401,1978
1256,0.570356131,0.853835401,0.000113948926,0.853835401,0,0.00375039795,0.0426837224,1.44270642e-12,2.15998203e-05,17100,401,2260
1257,0.856893003,0.798278477,0.000117298292,0.798278477,0,0.0039560783,0.0401166241,1.52876548e-12,1.31613025e-05,14500,401,1767
1258,0.179385707,0.87169461,0.000175002853,0.87169461,0,0.0032736619,0.0436070924,3.40288874e-12,1.49622718e-05,,401,462
1259,0.204012692,0.873067059,0.000181597049,0.873067059,0,0.00336309328,0.0436467633,3.66416537e-12,1.44166193e-05,,401,288
1260,0.29975751,0.875090386,0.000146877661,0.875090386,0,0.00362681253,0.0436837893,2.39700527e-12,1.78301913e-05,16200,401,1056
1261,0.787246406,0.813808494,0.000156177535,0.813808494,0,0.00389510784,0.0408259744,2.71015805e-12,1.1112306e-05,18500,401,745
1262,0.200502619,0.872892821,0.000181192477,0.872892821,0,0.00334880889,0.0436419669,3.64785708e-12,1.44038175e-05,,401,315
1263,0.855739117,0.7985419,0.000118400795,0.7985419,0,0.00395505364,0.040128526,1.55763868e-12,1.31361345e-05,15450,401,1731
1264,0.0417671166,0.857654496,0.000203729912,0.857654496,0,0.00385763461,0.0431374437,4.61176411e-12,1.34244636e-05,,401,230
1265,0.468724132,0.86619352,0.00011416337,0.86619352,0,0.00357475914,0.043267503,1.44814168e-12,2.13319023e-05,12600,401,2200
1266,0.560151815,0.855290278,0.000114308587,0.855290278,0,0.0037259561,0.0427529065,1.45182811e-12,2.16753468e-05,11600,401,2175
1267,0.00278083235,0.85176046,0.000441674235,0.85176046,0,0.00462561548,0.0429273717,2.16751255e-11,1.23415345e-06,,401,9
1268,0.496212274,0.863333577,0.000115385356,0.863333577,0,0.00358472923,0.043135119,1.47930893e-12,2.14558724e-05,6600,401,1951
1269,0.135269538,0.868364252,0.00013504522,0.868364252,0,0.00311683404,0.0435080824,2.02635682e-12,1.71096597e-05,8900,401,1322
1270,0.0521009192,0.859077986,0.000156437828,0.859077986,0,0.00369080623,0.0431887089,2.71919934e-12,1.52310931e-05,,401,722
1271,0.994332373,0.766231233,0.000344091238,0.766231233,0,0.00491291742,0.0386304427,1.315542e-11,1.5356246e-06,,401,69
1272,0.400738716,0.871619336,0.000111819787,0.871619336,0,0.00362504783,0.0435139629,1.38929609e-12,2.08276135e-05,19800,401,2506
1273,0.658997595,0.839403123,0.000123529027,0.839403123,0,0.00390820035,0.0420032003,1.69549118e-12,1.90164288e-05,,401,1586
1274,0.515127718,0.861152427,0.000115571416,0.861152427,0,0.00361823642,0.0430319946,1.48408357e-12,2.15581044e-05,12050,401,1862
1275,0.0061351289,0.852299656,0.000417599169,0.852299656,0,0.00455097905,0.0429464032,1.93765629e-11,2.70967492e-06,,401,19
1276,0.449298173,0.867987437,0.000112925497,0.867987437,0,0.00358530209,0.0433492355,1.41690754e-12,2.12359019e-05,13250,401,2410
1277,0.85780257,0.79807056,0.00011627405,0.79807056,0,0.00395690415,0.040107233,1.50218386e-12,1.32984317e-05,13900,401,1805
1278,0.391414046,0.872174064,0.000112659079,0.872174064,0,0.00363200453,0.0435392756,1.41022978e-12,2.06886329e-05,19800,401,2427
1279,0.865487993,0.796309887,0.000107618669,0.796309887,0,0.00396476643,0.0400277478,1.2868642e-12,1.35595602e-05,12950,401,2626
1280,0.469442427,0.866123662,0.000114173743,0.866123662,0,0.00357453887,0.043264307,1.44840485e-12,2.13808193e-05,12600,401,2197
1281,0.117763773,0.866734134,0.000108890631,0.866734134,0,0.00306899293,0.0434593771,1.31746328e-12,1.78870381e-05,8450,401,2617
1282,0.500598013,0.862843084,0.000115558016,0.862843084,0,0.00359088051,0.0431120475,1.48373946e-12,2.15175143e-05,7000,401,1874
1283,0.576691151,0.852909598,0.000113817457,0.852909598,0,0.00376518914,0.0426397416,1.43937928e-12,2.14901909e-05,17100,401,2300
1284,0.888224125,0.791063056,7.89880213e-05,0.791063056,0,0.00402083642,0.0397891859,6.93234168e-13,1.44541929e-05,6000,401,2825
1285,0.851138771,0.799590867,0.000123200444,0.799590867,0,0.00395114643,0.0401759586,1.68648326e-12,1.29345117e-05,15450,401,1594
1286,0.562965631,0.854893645,0.000114134764,0.854893645,0,0.00373276526,0.0427340364,1.44741604e-12,2.16824249e-05,17100,401,2210
1287,0.482667863,0.864789421,0.000114831961,0.864789421,0,0.00357426136,0.0432029466,1.46515326e-12,2.13715087e-05,4400,401,2070
1288,0.940448642,0.77886481,0.000113078224,0.77886481,0,0.00438517349,0.039220104,1.42074274e-12,1.29125925e-05,,401,2395
1289,0.362179399,0.873608435,0.00011846002,0.873608435,0,0.00364762077,0.0436057146,1.55919737e-12,2.01335854e-05,,401,1727
1290,0.0901446268,0.863808678,7.27225841e-05,0.863808678,0,0.00320984742,0.0433596601,5.87619361e-13,1.81699911e-05,11750,401,2897
1291,0.268657595,0.875008898,0.000163787263,0.875008898,0,0.00357615481,0.0436916784,2.98069639e-12,1.62429064e-05,16200,401,605
1292,0.21625331,0.87361931,0.00018143917,0.87361931,0,0.00341320347,0.0436614755,3.65779694e-12,1.44544646e-05,,401,299
1293,0.128341764,0.867739999,0.000125183328,0.867739999,0,0.00309364594,0.0434896065,1.7412073e-12,1.74705512e-05,8900,401,1545
1294,0.152639657,0.869808812,0.000155402983,0.869808812,0,0.00318080024,0.0435508067,2.68334303e-12,1.61864683e-05,16800,401,793
1295,0.623286128,0.845587709,0.000116091786,0.845587709,0,0.00385948175,0.0422933967,1.4974781e-12,2.05572761e-05,,401,1813
1296,0.100808971,0.864989346,8.28842235e-05,0.864989346,0,0.00311998808,0.0434017008,7.63310501e-13,1.82413199e-05,3050,401,2793
1297,0.555075347,0.855996851,0.000114534927,0.855996851,0,0.00371359289,0.0427865322,1.45758329e-12,2.16335477e-05,11600,401,2127
1298,0.534382403,0.858758691,0.00011522636,0.858758691,0,0.00366282879,0.0429180711,1.4752349e-12,2.1619626e-05,14200,401,1987
1299,0.614379585,0.847054834,0.000115018117,0.847054834,0,0.00384383774,0.0423625668,1.46990748e-12,2.08682857e-05,,401,2025
1300,0.0047465926,0.852077178,0.000427528456,0.852077178,0,0.00458168006,0.0429385453,2.03089535e-11,2.10416625e-06,,401,15
1301,0.0695507824,0.861347966,9.57865862e-05,0.861347966,0,0.00344369329,0.0432707427,1.01945223e-12,1.72138577e-05,19800,401,2703
1302,0.628806114,0.844663066,0.00011683076,0.844663066,0,0.00386853862,0.042249866,1.51660294e-12,2.04643443e-05,,401,1783
1303,0.473062307,0.865767039,0.000114440792,0.865767039,0,0.00357371217,0.0432479652,1.45518832e-12,2.13344746e-05,12250,401,2146
1304,0.24062039,0.874461739,0.000176019114,0.874461739,0,0.00350128466,0.0436821261,3.4425254e-12,1.5028133e-05,16200,401,444
1305,0.325306207,0.874747243,0.000133262398,0.874747243,0,0.00364656204,0.0436621123,1.9732074e-12,1.89143675e-05,16200,401,1361
1306,0.128180474,0.867725141,0.00012504097,0.867725141,0,0.00309315888,0.0434891651,1.73724936e-12,1.74623564e-05,8900,401,1549
1307,0.881229877,0.792682686,8.78764877e-05,0.792682686,0,0.00399423077,0.039863501,8.58030788e-13,1.43530974e-05,3050,401,2755
1308,0.567332089,0.854271077,0.000114012403,0.854271077,0,0.0037432304,0.0427044316,1.44431422e-12,2.16121514e-05,17100,401,2238
1309,0.612827718,0.847307321,0.000114979604,0.847307321,0,0.00384098047,0.0423744832,1.46892325e-12,2.08068998e-05,,401,2038
1310,0.850208998,0.799802747,0.000124083801,0.799802747,0,0.00395039076,0.0401855455,1.7107544e-12,1.28731918e-05,15450,401,1572
1311,0.677372277,0.836042413,0.00012939216,0.836042413,0,0.00392349957,0.0418464968,1.86025901e-12,1.79421864e-05,18500,401,1449
1312,0.183888614,0.871971647,0.000176928915,0.871971647,0,0.00328861703,0.0436153375,3.47820455e-12,1.48088407e-05,,401,428
1313,0.591445804,0.850687282,0.000113878012,0.850687282,0,0.00379809751,0.0425343294,1.44091129e-12,2.12820967e-05,17100,401,2281
1314,0.327810645,0.87469392,0.000131963284,0.87469392,0,0.00364757178,0.043659234,1.93492316e-12,1.90087482e-05,16200,401,1391
1315,0.587233424,0.851331014,0.00011374613,0.851331014,0,0.00378894277,0.0425648388,1.43757579e-12,2.14465187e-05,17100,401,2334
1316,0.133177459,0.86817852,0.000132175964,0.86817852,0,0.00310949195,0.0435025942,1.94116506e-12,1.72334053e-05,8900,401,1385
1317,0.493210793,0.863663939,0.000115325966,0.863663939,0,0.00358127568,0.0431506004,1.47778649e-12,2.14849312e-05,4400,401,1965
1318,0.966254115,0.772807584,0.000207301726,0.772807584,0,0.00462190611,0.0389369241,4.77488952e-12,9.03216067e-06,,401,226
1319,0.645970643,0.841713886,0.000120215123,0.841713886,0,0.00389320525,0.0421113573,1.60574177e-12,1.96980927e-05,,401,1676
1320,0.979649305,0.769666889,0.000268320056,0.769666889,0,0.00475648301,0.0387903949,7.99951696e-12,5.79481522e-06,,401,150
1321,0.862592459,0.796974064,0.000110989755,0.796974064,0,0.00396157607,0.0400577243,1.36874731e-12,1.35032003e-05,13150,401,2604
1322,0.523305535,0.860156881,0.000115567013,0.860156881,0,0.00363649781,0.0429846521,1.4839705e-12,2.15764213e-05,14000,401,1869
1323,0.391283125,0.872181521,0.000112456809,0.872181521,0,0.00363209684,0.0435396166,1.40517042e-12,2.06805773e-05,19800,401,2442
1324,0.944291711,0.777962906,0.00012495987,0.777962906,0,0.00441850389,0.0391779056,1.73499657e-12,1.24447515e-05,,401,1552
1325,0.728208899,0.826174087,0.00014749765,0.826174087,0,0.00392757689,0.0413906726,2.41728408e-12,1.42661061e-05,18500,401,1039
1326,0.0802539438,0.862656495,7.57222094e-05,0.862656495,0,0.00331375336,0.0433180985,6.37094778e-13,1.78638247e-05,18050,401,2855
1327,0.137998536,0.868602597,0.000138574762,0.868602597,0,0.00312666271,0.0435151173,2.13366273e-12,1.6954395e-05,8900,401,1247
1328,0.198989034,0.872815533,0.000180892414,0.872815533,0,0.00334277806,0.043639813,3.63578506e-12,1.4473594e-05,,401,327
1329,0.190336645,0.872347957,0.00017911335,0.872347957,0,0.00331055388,0.043626423,3.56462135e-12,1.45845455e-05,,401,381
1330,0.702918291,0.831183484,0.000138608192,0.831183484,0,0.00393271291,0.0416212388,2.13469232e-12,1.61590576e-05,18500,401,1245
1331,0.104319721,0.865363996,8.7775191e-05,0.865363996,0,0.00309738299,0.0434147658,8.56053796e-13,1.82076757e-05,2950,401,2757
1332,0.0437913314,0.857937929,0.000193908341,0.857937929,0,0.00382374326,0.0431476386,4.17782717e-12,1.3808724e-05,,401,243
1333,0.272816122,0.875051771,0.000161681151,0.875051771,0,0.00358481623,0.0436917715,2.90453272e-12,1.64551871e-05,16200,401,629
1334,0.675203741,0.836445008,0.000128648881,0.836445008,0,0.00392206477,0.0418652311,1.83894828e-12,1.81045677e-05,18500,401,1465
1335,0.242422223,0.874510485,0.000175411974,0.874510485,0,0.00350696695,0.0436832025,3.41881785e-12,1.51115141e-05,16200,401,455
1336,0.935354352,0.780060007,9.88323647e-05,0.780060007,0,0.00434208916,0.0392760322,1.08531515e-12,1.33485407e-05,19950,401,2683
1337,0.97853452,0.769927855,0.000262835116,0.769927855,0,0.004744989,0.0388025615,7.67581091e-12,6.15721672e-06,,401,157
1338,0.797541559,0.811568644,0.000154500411,0.811568644,0,0.00390451717,0.0407228106,2.65226411e-12,1.1042633e-05,18500,401,830
1339,0.567495286,0.85424778,0.000114022229,0.85424778,0,0.00374361691,0.0427033242,1.44456319e-12,2.16180651e-05,17100,401,2235
1340,0.393921852,0.872029402,0.000112336474,0.872029402,0,0.00363020687,0.0435326624,1.40216483e-12,2.07035761e-05,19800,401,2454
1341,0.0822753385,0.86289643,7.40410739e-05,0.86289643,0,0.00329118033,0.0433267719,6.09120069e-13,1.7965536e-05,17300,401,2874
1342,0.748537123,0.82201553,0.000153055184,0.82201553,0,0.00391374027,0.0412005421,2.60287659e-12,1.28710226e-05,18500,401,882
1343,0.860774338,0.79739052,0.00011307588,0.79739052,0,0.0039597219,0.040076523,1.42068384e-12,1.34491082e-05,13700,401,2396
1344,0.940995097,0.778736504,0.000114682246,0.778736504,0,0.00438986842,0.0392140988,1.46133528e-12,1.29382081e-05,,401,2101
1345,0.386620522,0.87244103,0.00011316743,0.87244103,0,0.00363528314,0.043551507,1.42298524e-12,2.05994003e-05,19800,401,2390
1346,0.202063963,0.872971239,0.000181404025,0.872971239,0,0.00335512466,0.0436441365,3.65638004e-12,1.44661773e-05,,401,303
1347,0.127222613,0.867636626,0.000123620009,0.867636626,0,0.00309027347,0.0434865346,1.69798963e-12,1.74767759e-05,8900,401,1584
1348,0.351146936,0.874028137,0.000122054982,0.874028137,0,0.00365017772,0.0436257528,1.65526874e-12,1.98699691e-05,,401,1624
1349,0.813648164,0.808021882,0.00014937923,0.808021882,0,0.00391987912,0.0405598789,2.47935048e-12,1.12340857e-05,18500,401,991
1350,0.641149759,0.842553073,0.000119184525,0.842553073,0,0.00388682375,0.0421507174,1.57832789e-12,1.98810285e-05,,401,1705
1351,0.265657425,0.874971821,0.000165375358,0.874971821,0,0.00356952341,0.0436913953,3.03877877e-12,1.60926506e-05,16200,401,588
1352,0.383597583,0.872603049,0.000113673067,0.872603049,0,0.00363722953,0.0435589513,1.43572958e-12,2.05669243e-05,,401,2353
1353,0.994517386,0.766188084,0.000345020645,0.766188084,0,0.00491493894,0.0386284375,1.32265828e-11,1.49523548e-06,,401,68
1354,0.471158743,0.865955294,0.00011431911,0.865955294,0,0.0035740899,0.0432565962,1.45209544e-12,2.13831441e-05,12600,401,2174
1355,0.908958256,0.786238029,6.2170613e-05,0.786238029,0,0.00414125972,0.0395649591,4.29465013e-13,1.46172034e-05,14650,401,2995
1356,0.168513656,0.870977655,0.000168714792,0.870977655,0,0.00323715673,0.043585658,3.16274232e-12,1.54123965e-05,19450,401,549
1357,0.499406517,0.862977196,0.000115524372,0.862977196,0,0.00358909011,0.043118365,1.48287561e-12,2.14969024e-05,7000,401,1892
1358,0.801098049,0.81078979,0.000153694901,0.81078979,0,0.00390795639,0.0406869722,2.62468028e-12,1.10034603e-05,18500,401,858
1359,0.593543649,0.850363834,0.000113737206,0.850363834,0,0.00380257494,0.0425190071,1.43735021e-12,2.13700259e-05,17100,401,2339
1360,0.508167922,0.861974852,0.000115570837,0.861974852,0,0.00360406147,0.0430710137,1.4840687e-12,2.15898176e-05,11250,401,1863
1361,0.072067,0.861661276,8.96029389e-05,0.861661276,0,0.00341162737,0.0432820821,8.92076296e-13,1.74269493e-05,19500,401,2744
1362,0.00257894141,0.851727815,0.000443167385,0.851727815,0,0.00463015689,0.0429262213,2.18219257e-11,1.1513692e-06,,401,8
1363,0.361286581,0.873644914,0.00011869366,0.873644914,0,0.00364791242,0.0436074384,1.56535387e-12,2.00622898e-05,,401,1719
1364,0.122676998,0.867209244,0.000116644307,0.867209244,0,0.00307807166,0.0434737672,1.51176605e-12,1.76866033e-05,10150,401,1791
1365,0.573042333,0.853444967,0.000113929646,0.853444967,0,0.00375671971,0.0426651703,1.44221825e-12,2.15850134e-05,17100,401,2266
1366,0.379708618,0.872804097,0.000114232566,0.872804097,0,0.00363957333,0.0435682148,1.44989769e-12,2.05111223e-05,,401,2190
1367,0.911507607,0.78564276,6.23466939e-05,0.78564276,0,0.00415877389,0.0395371625,4.31901138e-13,1.46364977e-05,14650,401,2986
1368,0.0143215489,0.853590664,0.000361611677,0.853590664,0,0.00437554921,0.0429921439,1.45292228e-11,5.86820546e-06,,401,51
1369,0.533085704,0.858925339,0.000115252686,0.858925339,0,0.00365969006,0.0429260096,1.47590908e-12,2.17068748e-05,14200,401,1979
1370,0.793403268,0.812471572,0.00015520311,0.812471572,0,0.00390057524,0.0407643858,2.67644505e-12,1.10693854e-05,18500,401,799
1371,0.110678293,0.866024778,9.75054295e-05,0.866024778,0,0.00307088399,0.0434370482,1.05636764e-12,1.80682712e-05,3000,401,2693
1372,0.0649880767,0.860770725,0.000108823346,0.860770725,0,0.00350413983,0.0432498562,1.31583564e-12,1.6816782e-05,19800,401,2618
1373,0.260062397,0.874889032,0.000168056354,0.874889032,0,0.00355627976,0.0436903937,3.13810425e-12,1.58406115e-05,16200,401,556
1374,0.0472210683,0.858413122,0.000177919096,0.858413122,0,0.00376767754,0.0431647456,3.51724496e-12,1.44472445e-05,,401,409
1375,0.0507778041,0.858899022,0.000162164963,0.858899022,0,0.00371130937,0.043182256,2.9219417e-12,1.50436531e-05,,401,625
1376,0.942033172,0.778493091,0.000117770306,0.778493091,0,0.00439882969,0.039202711,1.54109388e-12,1.28900941e-05,,401,1751
1377,0.150249466,0.869620161,0.00015300966,0.869620161,0,0.00317199694,0.0435452056,2.60132846e-12,1.63251873e-05,15250,401,884
1378,0.584335506,0.851769514,0.000113748063,0.851769514,0,0.00378253129,0.0425856344,1.43762464e-12,2.13894771e-05,17100,401,2333
1379,0.46398738,0.866648534,0.000113852397,0.866648534,0,0.00357657493,0.0432882944,1.44026314e-12,2.12991741e-05,12600,401,2291
1380,0.587961733,0.851220221,0.000113729606,0.851220221,0,0.00379053754,0.0425595864,1.43715815e-12,2.14617498e-05,17100,401,2341
1381,0.936173081,0.779868102,0.000101037414,0.779868102,0,0.00434893085,0.039267054,1.13428433e-12,1.32969415e-05,,401,2669
1382,0.835427046,0.803151299,0.000136836769,0.803151299,0,0.00393860047,0.0403374706,2.08047791e-12,1.20903849e-05,17350,401,1283
1383,0.0676911697,0.86111406,0.000100791,0.86111406,0,0.0034679762,0.0432622769,1.12875842e-12,1.70383898e-05,19800,401,2671
1384,0.0803842396,0.86267201,7.56647629e-05,0.86267201,0,0.00331228033,0.0433186597,6.36128483e-13,1.78964718e-05,18050,401,2856
1385,0.000343162217,0.851364663,0.000459565719,0.851364663,0,0.00468086206,0.0429134274,2.34667389e-11,1.36001466e-07,,401,2
1386,0.629519522,0.844542553,0.000117026833,0.844542553,0,0.0038696692,0.0422441956,1.52169774e-12,2.03501432e-05,,401,1777
1387,0.0581978932,0.859890265,0.000132178607,0.859890265,0,0.00359955441,0.0432180289,1.94124268e-12,1.60734255e-05,,401,1384
1388,0.0921368524,0.864034006,7.38180338e-05,0.864034006,0,0.00319108175,0.0433677453,6.0545579e-13,1.82326348e-05,11750,401,2878
1389,0.335436016,0.874509716,0.000128424943,0.874509716,0,0.00364973856,0.0436496136,1.83255179e-12,1.93136886e-05,16200,401,1470
1390,0.262365699,0.874925361,0.0001668944,0.874925361,0,0.00356187431,0.0436908853,3.09486007e-12,1.59397386e-05,16200,401,570
1391,0.856469333,0.798375233,0.000117703728,0.798375233,0,0.00395569547,0.040120996,1.53935195e-12,1.32197986e-05,14500,401,1755
1392,0.262031347,0.874920257,0.000167176406,0.874920257,0,0.00356107526,0.0436908194,3.10532785e-12,1.58995746e-05,16200,401,568
1393,0.353861451,0.873931139,0.000121081687,0.873931139,0,0.00364975916,0.0436210771,1.62897499e-12,1.98914505e-05,,401,1650
1394,0.597742856,0.849711228,0.000113962067,0.849711228,0,0.00381137378,0.0424881085,1.44303919e-12,2.12908376e-05,,401,2255
1395,0.470000654,0.866069001,0.000114361723,0.866069001,0,0.00357438107,0.043261804,1.45317818e-12,2.13498746e-05,12600,401,2162
1396,0.767640412,0.818009911,0.000156173003,0.818009911,0,0.00389602524,0.0410182603,2.71000077e-12,1.17999809e-05,18500,401,747
1397,0.693097591,0.833076194,0.000134935183,0.833076194,0,0.00393086787,0.0417087975,2.02305595e-12,1.69236896e-05,18500,401,1325
1398,0.87703228,0.793652402,9.33041084e-05,0.793652402,0,0.00398322296,0.0399076104,9.67295182e-13,1.42364927e-05,3000,401,2719
1399,0.752035141,0.821289023,0.000153827346,0.821289023,0,0.00391064259,0.0411674355,2.62920582e-12,1.26567294e-05,18500,401,855
1400,0.596375763,0.849924438,0.000113855909,0.849924438,0,0.00380852788,0.0424981999,1.44035199e-12,2.13055906e-05,,401,2289
1401,0.0639070868,0.860632226,0.000112292304,0.860632226,0,0.00351888782,0.0432448467,1.4010624e-12,1.66838341e-05,19800,401,2455
1402,0.969197929,0.772117074,0.000220000926,0.772117074,0,0.00465081409,0.0389046869,5.37782303e-12,8.38398671e-06,,401,208
1403,0.618497312,0.846380363,0.00011548127,0.846380363,0,0.0038512295,0.0423307525,1.4817693e-12,2.06957858e-05,,401,1919
1404,0.234676778,0.874287755,0.000177880589,0.874287755,0,0.0034816737,0.043678136,3.51572265e-12,1.48594297e-05,,401,410
1405,0.00891147926,0.852741556,0.000398099976,0.852741556,0,0.00449041207,0.0429620339,1.76092879e-11,3.82979874e-06,,401,27
1406,0.782446504,0.814844998,0.000156544074,0.814844998,0,0.00389180427,0.0408736858,2.72289413e-12,1.11825935e-05,18500,401,706
1407,0.339746743,0.874391277,0.000126515528,0.874391277,0,0.00365037701,0.0436436126,1.77846431e-12,1.94404055e-05,16200,401,1515
1408,0.168951109,0.871007799,0.000168976234,0.871007799,0,0.00323865422,0.0435865594,3.17255196e-12,1.53679007e-05,19450,401,545
1409,0.061376553,0.860305733,0.000120755351,0.860305733,0,0.00355407237,0.0432330445,1.62020609e-12,1.64230573e-05,,401,1661
1410,0.956164896,0.775175785,0.000166550547,0.775175785,0,0.00452575985,0.0390475661,3.08212053e-12,1.08512069e-05,,401,576
1411,0.55868125,0.855496243,0.000114270542,0.855496243,0,0.00372238947,0.042762707,1.45086188e-12,2.16151895e-05,11600,401,2183
1412,0.664703429,0.838372031,0.000125350624,0.838372031,0,0.00391370792,0.0419550454,1.74586432e-12,1.87344092e-05,,401,1541
1413,0.851350844,0.799542639,0.000123098506,0.799542639,0,0.00395133221,0.0401737744,1.68369358e-12,1.29248654e-05,15450,401,1598
1414,0.462939054,0.866747608,0.000113755867,0.866747608,0,0.0035770564,0.0432928148,1.43782192e-12,2.12991126e-05,12600,401,2330
1415,0.377055109,0.872936628,0.000114810531,0.872936628,0,0.00364106557,0.0435743404,1.46460644e-12,2.04113227e-05,,401,2076
1416,0.690712392,0.833531432,0.000134099732,0.833531432,0,0.00393009907,0.0417298928,1.99808202e-12,1.7125898e-05,18500,401,1344
1417,0.954684258,0.775523451,0.000161044784,0.775523451,0,0.00451204387,0.0390638183,2.88171359e-12,1.10065942e-05,,401,635
1418,0.846783459,0.800581708,0.000127371232,0.800581708,0,0.0039476308,0.0402208198,1.80260341e-12,1.26204242e-05,17350,401,1494
1419,0.726877153,0.826442401,0.00014700061,0.826442401,0,0.00392820506,0.0414029765,2.40101993e-12,1.44116183e-05,18500,401,1053
1420,0.56980437,0.853915293,0.000114006127,0.853915293,0,0.00374909686,0.0426875194,1.44415522e-12,2.15655465e-05,17100,401,2240
1421,0.477280706,0.865343381,0.000114661891,0.865343381,0,0.00357340303,0.0432285002,1.46081658e-12,2.13753196e-05,10950,401,2106
1422,0.469667941,0.866101578,0.000114136096,0.866101578,0,0.00357447762,0.0432632951,1.44744982e-12,2.13417218e-05,12600,401,2207
1423,0.231092587,0.874172995,0.000178845132,0.874172995,0,0.0034692355,0.0436754016,3.55395348e-12,1.4743439e-05,,401,389
1424,0.487886816,0.864239051,0.000115105133,0.864239051,0,0.0035767597,0.043177425,1.4721324e-12,2.14502898e-05,4400,401,2011
1425,0.72002703,0.8278152,0.000144740753,0.8278152,0,0.00393077887,0.0414660182,2.32776507e-12,1.4898113e-05,18500,401,1105
1426,0.28876254,0.875124445,0.000153014135,0.875124445,0,0.00361251734,0.0436888568,2.60148061e-12,1.7246338e-05,16200,401,883
1427,0.830222309,0.80432252,0.000140333255,0.80432252,0,0.00393435446,0.0403907983,2.18815806e-12,1.18274283e-05,18500,401,1205
1428,0.352023542,0.873997327,0.000121656351,0.873997327,0,0.00365005128,0.0436242644,1.64447419e-12,1.98430935e-05,,401,1636
1429,0.118558556,0.866811873,0.000110176873,0.866811873,0,0.0030700671,0.0434617511,1.34877147e-12,1.7868323e-05,10150,401,2611
1430,0.863226652,0.796828741,0.000110178804,0.796828741,0,0.00396224796,0.0400511644,1.34881876e-12,1.35185716e-05,12950,401,2610
1431,0.787656784,0.813719542,0.00015605327,0.813719542,0,0.00389544738,0.0408218778,2.705847e-12,1.10898804e-05,18500,401,754
1432,0.695766389,0.832564837,0.000135841159,0.832564837,0,0.00393158426,0.0416851178,2.0503134e-12,1.67954994e-05,18500,401,1306
1433,0.173297331,0.871301475,0.000171739495,0.871301475,0,0.00325337012,0.0435953447,3.27716156e-12,1.51837002e-05,19450,401,509
1434,0.467317104,0.866329885,0.000114096015,0.866329885,0,0.00357523007,0.0432737396,1.4464334e-12,2.12825729e-05,12600,401,2222
1435,0.158781305,0.870278135,0.000161165421,0.870278135,0,0.00320307829,0.0435647677,2.88603255e-12,1.5898977e-05,16800,401,633
1436,0.592343867,0.850549059,0.000113817368,0.850549059,0,0.00380002042,0.042527781,1.43937704e-12,2.13515219e-05,17100,401,2301
1437,0.287978619,0.87512424,0.000153363394,0.87512424,0,0.00361135289,0.0436891212,2.61337007e-12,1.72654908e-05,16200,401,871
1438,0.939746737,0.779029676,0.000110912525,0.779029676,0,0.00437916383,0.0392278191,1.36684314e-12,1.30679026e-05,,401,2605
1439,0.466923773,0.866367744,0.000114135213,0.866367744,0,0.00357537379,0.0432754698,1.44742742e-12,2.12752461e-05,12600,401,2208
1440,0.793712914,0.812404271,0.000155303635,0.812404271,0,0.00390086964,0.0407612857,2.67991324e-12,1.10246681e-05,18500,401,794
1441,0.594995975,0.850138922,0.000113836157,0.850138922,0,0.00380564772,0.0425083546,1.43985229e-12,2.13037872e-05,,401,2294
1442,0.525601923,0.859871591,0.000115417539,0.859871591,0,0.00364184645,0.0429710713,1.48013426e-12,2.16327094e-05,14000,401,1942
1443,0.612341642,0.847386215,0.000114866081,0.847386215,0,0.00384007739,0.0423782067,1.46602407e-12,2.08680022e-05,,401,2067
1444,0.0624748692,0.86044783,0.000117021974,0.86044783,0,0.00353869278,0.0432381797,1.52157137e-12,1.65477917e-05,,401,1778
1445,0.246956095,0.874624801,0.000173702368,0.874624801,0,0.00352074914,0.0436856284,3.35250139e-12,1.52259573e-05,16200,401,482
1446,0.980665088,0.76942881,0.000273226541,0.76942881,0,0.00476701038,0.0387793006,8.29474921e-12,5.65516453e-06,,401,145
1447,0.181196988,0.871807477,0.000175799664,0.871807477,0,0.00327966677,0.0436104572,3.43394688e-12,1.48872761e-05,,401,448
1448,0.863855183,0.796684515,0.000109477983,0.796684515,0,0.00396292414,0.0400446553,1.3317143e-12,1.35218935e-05,12950,401,2613
1449,0.33348906,0.874559855,0.00012924935,0.874559855,0,0.00364931199,0.0436521921,1.85615494e-12,1.92393427e-05,16200,401,1450
1450,0.956773043,0.77503308,0.000168819953,0.77503308,0,0.00453142654,0.0390408971,3.1666863e-12,1.07148292e-05,,401,547
1451,0.509281993,0.861844686,0.000115567086,0.861844686,0,0.0036062162,0.0430648466,1.48397238e-12,2.15112104e-05,12050,401,1868
1452,0.491560549,0.863843531,0.000115383917,0.863843531,0,0.00357965163,0.0431589938,1.47927204e-12,2.14302355e-05,4400,401,1952
1453,0.809648991,0.808907296,0.000151060372,0.808907296,0,0.00391615017,0.0406004846,2.53547065e-12,1.11317788e-05,18500,401,944
1454,0.401667833,0.871561482,0.000111702536,0.871561482,0,0.0036243194,0.0435113297,1.38638407e-12,2.08587183e-05,19500,401,2524
1455,0.0741920471,0.861923232,8.503826e-05,0.861923232,0,0.00338526343,0.043291565,8.0350063e-13,1.75500677e-05,19300,401,2777
1456,0.963773847,0.773389707,0.000196846819,0.773389707,0,0.00459784979,0.038964111,4.30540778e-12,9.53382962e-06,,401,239
1457,0.82457155,0.805589215,0.000143965374,0.805589215,0,0.00392960137,0.0404485852,2.3028921e-12,1.16448517e-05,18500,401,1124
1458,0.601952612,0.849049425,0.000114106765,0.849049425,0,0.0038199625,0.0424567954,1.44670597e-12,2.12012421e-05,,401,2218
1459,0.438602149,0.868892932,0.00011228486,0.868892932,0,0.0035934593,0.0433903139,1.40087665e-12,2.11579401e-05,17750,401,2456
1460,0.535661578,0.858593502,0.000115212637,0.858593502,0,0.00366593978,0.0429102016,1.47488352e-12,2.16192392e-05,14200,401,1989
1461,0.329437226,0.874657321,0.000131188469,0.874657321,0,0.0036481524,0.0436572869,1.91226827e-12,1.91124675e-05,16200,401,1408
1462,0.653336763,0.840414711,0.000121972313,0.840414711,0,0.00390209872,0.0420505075,1.65302725e-12,1.94188144e-05,,401,1627
1463,0.785969496,0.814084779,0.000156301763,0.814084779,0,0.00389410059,0.0408387,2.71447122e-12,1.11323158e-05,18500,401,738
1464,0.160944924,0.870438356,0.000163011787,0.870438356,0,0.0032107865,0.0435695454,2.95253807e-12,1.57439918e-05,16800,401,614
1465,0.541732788,0.857799865,0.000114989819,0.857799865,0,0.00368079901,0.0428723957,1.46918429e-12,2.16084281e-05,14200,401,2033
1466,0.0104545373,0.852985319,0.000387551027,0.852985319,0,0.00445722708,0.0429706676,1.6688422e-11,4.41265588e-06,,401,32
1467,0.299350739,0.875092887,0.000147009196,0.875092887,0,0.00362634725,0.043684023,2.40130042e-12,1.77530815e-05,16200,401,1051
1468,0.285211772,0.875120781,0.000155029139,0.875120781,0,0.00360708396,0.043689956,2.67044821e-12,1.70531218e-05,16200,401,807
1469,0.0361906476,0.856861938,0.000232095175,0.856861938,0,0.0039540445,0.0431089732,5.98535226e-12,1.2236309e-05,,401,194
1470,0.476904541,0.865381428,0.000114667961,0.865381428,0,0.00357339589,0.0432302505,1.46097125e-12,2.13597195e-05,12250,401,2103
1471,0.989731848,0.76730661,0.000319169954,0.76730661,0,0.00486290618,0.0386804666,1.13188289e-11,3.03089322e-06,,401,94
1472,0.199604169,0.872847055,0.000181085484,0.872847055,0,0.00334521581,0.0436406926,3.64355028e-12,1.44489157e-05,,401,319
1473,0.352873385,0.87396682,0.00012144818,0.87396682,0,0.00364992321,0.0436227933,1.63885115e-12,1.98683358e-05,,401,1641
1474,0.331113547,0.874618129,0.000130361105,0.874618129,0,0.00364867505,0.0436552235,1.8882242e-12,1.91629496e-05,16200,401,1425
1475,0.868695557,0.795573072,0.000103586687,0.795573072,0,0.00396877318,0.0399944873,1.19224463e-12,1.38514048e-05,3050,401,2653
1476,0.219395727,0.873747153,0.000181096676,0.873747153,0,0.00342562678,0.0436647766,3.64400066e-12,1.44678702e-05,,401,318
1477,0.324638337,0.874760853,0.000133492864,0.874760853,0,0.00364626778,0.0436628561,1.98003831e-12,1.89225711e-05,16200,401,1354
1478,0.755045295,0.820661197,0.00015440671,0.820661197,0,0.00390786055,0.0411388472,2.649048e-12,1.24364883e-05,18500,401,832
1479,0.853402913,0.799074906,0.000121016921,0.799074906,0,0.0039530427,0.0401526194,1.62723279e-12,1.2943596e-05,15450,401,1653
1480,0.275509745,0.87507414,0.000160252153,0.87507414,0,0.00359010315,0.0436916392,2.85341697e-12,1.65827714e-05,16200,401,645
1481,0.0981487408,0.864700829,7.94672668e-05,0.864700829,0,0.00313975091,0.043391521,7.01671832e-13,1.82631483e-05,11750,401,2819
1482,0.452852249,0.867673436,0.000113190897,0.867673436,0,0.00358286799,0.0433349688,1.42357546e-12,2.12514354e-05,13250,401,2386
1483,0.52464819,0.859990328,0.00011548792,0.859990328,0,0.00363961469,0.0429767237,1.48193996e-12,2.16118959e-05,14000,401,1915
1484,0.931226552,0.781027886,8.86385901e-05,0.781027886,0,0.00430811873,0.0393213291,8.72977739e-13,1.36649153e-05,14650,401,2752
1485,0.990695655,0.767081348,0.00032455248,0.767081348,0,0.00487330932,0.0386699855,1.17038125e-11,2.557375e-06,,401,89
1486,0.986800432,0.767992292,0.000304011809,0.767992292,0,0.00483151179,0.0387123833,1.02692422e-11,3.86089702e-06,,401,110
1487,0.0906339362,0.863864224,7.28740218e-05,0.863864224,0,0.00320516859,0.0433616552,5.90069228e-13,1.82053844e-05,11750,401,2892
1488,0.941816211,0.778543918,0.000117151508,0.778543918,0,0.00439695433,0.0392050896,1.52494175e-12,1.2830817e-05,,401,1772
1489,0.643127203,0.842209801,0.000119559734,0.842209801,0,0.00388948676,0.0421346118,1.58828112e-12,1.98204267e-05,,401,1693
1490,0.306062907,0.875039879,0.000143355416,0.875039879,0,0.00363336798,0.0436797334,2.28341948e-12,1.81217608e-05,16200,401,1139
1491,0.0878061354,0.863541237,7.20890616e-05,0.863541237,0,0.00323286182,0.0433500396,5.77425866e-13,1.81423106e-05,16150,401,2913
1492,0.701266229,0.831504093,0.000137952757,0.831504093,0,0.00393254989,0.0416360533,2.11455145e-12,1.63672005e-05,18500,401,1260
1493,0.282676697,0.875113733,0.000156369821,0.875113733,0,0.00360295318,0.04369058,2.71683567e-12,1.69808867e-05,16200,401,731
1494,0.486567914,0.864379283,0.000115056269,0.864379283,0,0.00357595801,0.043183941,1.47088278e-12,2.1440443e-05,4400,401,2019
1495,0.610091567,0.847750133,0.000114658547,0.847750133,0,0.0038358662,0.0423953893,1.46073139e-12,2.09266227e-05,,401,2107
1496,0.492437422,0.863748235,0.000115424729,0.863748235,0,0.0035804868,0.0431545422,1.48031868e-12,2.15044463e-05,4400,401,1939
1497,0.617692232,0.846512748,0.000115399845,0.846512748,0,0.00384981123,0.0423369949,1.47968048e-12,2.07315931e-05,,401,1949
1498,0.250744998,0.874711311,0.000172227385,0.874711311,0,0.00353167839,0.0436873513,3.295808e-12,1.53945143e-05,16200,401,503
1499,0.800537407,0.810912884,0.000153941422,0.810912884,0,0.00390741373,0.0406926343,2.63310683e-12,1.10042762e-05,18500,401,854
1500,0.67098397,0.837224027,0.000127194051,0.837224027,0,0.00391898032,0.0419015105,1.79759186e-12,1.83839496e-05,,401,1500
1501,0.40211454,0.871533584,0.000111545627,0.871533584,0,0.00362396695,0.0435100598,1.38249187e-12,2.08809365e-05,19500,401,2550
1502,0.14899604,0.869520057,0.000151685431,0.869520057,0,0.00316736139,0.0435422394,2.55649667e-12,1.63740632e-05,15250,401,926
1503,0.129315868,0.867829411,0.000126700498,0.867829411,0,0.00309668568,0.0434922608,1.78366848e-12,1.73885375e-05,8900,401,1509
1504,0.546992302,0.857098814,0.000114817979,0.857098814,0,0.00369373799,0.0428390027,1.46479649e-12,2.16117546e-05,14200,401,2074
1505,0.625475645,0.845222375,0.000116396351,0.845222375,0,0.00386314239,0.0422761921,1.5053456e-12,2.04917266e-05,,401,1800
1506,0.197737515,0.872750523,0.000180764543,0.872750523,0,0.00333786525,0.0436379858,3.63064665e-12,1.44801654e-05,,401,333
1507,0.993976593,0.766314594,0.000342161226,0.766314594,0,0.00490901733,0.0386343201,1.30082561e-11,1.67635025e-06,,401,71
1508,0.894226909,0.789669768,7.18933238e-05,0.789669768,0,0.00405079,0.0397247251,5.74294445e-13,1.46787306e-05,9850,401,2916
1509,0.611206949,0.847569996,0.000114771998,0.847569996,0,0.00383796365,0.0423868837,1.46362349e-12,2.09141751e-05,,401,2084
1510,0.799700201,0.811096153,0.000154093204,0.811096153,0,0.00390660895,0.0407010656,2.63830173e-12,1.1028419e-05,18500,401,846
1511,0.683784544,0.834842919,0.000131616689,0.834842919,0,0.00392715145,0.041790745,1.92477255e-12,1.76004404e-05,18500,401,1397
1512,0.961531758,0.773915968,0.000187803913,0.773915968,0,0.00457634386,0.0389886939,3.91892332e-12,9.82005581e-06,,401,251
1513,0.966359317,0.772783311,0.000207666849,0.772783311,0,0.0046229322,0.038935793,4.79172447e-12,9.02335955e-06,,401,223
1514,0.93177098,0.780900374,8.98212261e-05,0.780900374,0,0.0043125479,0.0393153612,8.96428074e-13,1.37985377e-05,14650,401,2743
1515,0.0237759184,0.855036742,0.000302092573,0.855036742,0,0.00418486512,0.0430436401,1.01399914e-11,8.97901995e-06,,401,113
1516,0.439762622,0.868797437,0.000112253516,0.868797437,0,0.00359252775,0.0433859849,1.40009466e-12,2.11679735e-05,17750,401,2462
1517,0.97881937,0.769860959,0.000264228876,0.769860959,0,0.00474792449,0.0387994408,7.75743324e-12,6.20612555e-06,,401,155
1518,0.243177503,0.874530293,0.00017516467,0.874530293,0,0.00350931822,0.0436836312,3.40918464e-12,1.50758304e-05,16200,401,458
1519,0.718342483,0.828150732,0.000144159871,0.828150732,0,0.0039312623,0.0414814467,2.30911872e-12,1.50403011e-05,18500,401,1120
1520,0.326142728,0.87472986,0.000132789497,0.87472986,0,0.00364691726,0.043661168,1.95922784e-12,1.89345801e-05,16200,401,1372
1521,0.182864606,0.871909685,0.000176484028,0.871909685,0,0.00328520229,0.0436134976,3.46073467e-12,1.48295085e-05,,401,436
1522,0.709635496,0.829871526,0.000140960437,0.829871526,0,0.00393272749,0.0415606885,2.20776055e-12,1.58201064e-05,18500,401,1191
1523,0.783269227,0.814667794,0.000156470457,0.814667794,0,0.00389226372,0.0408655362,2.72033379e-12,1.11941375e-05,18500,401,718
1524,0.715005577,0.828812778,0.000142875178,0.828812778,0,0.00393202354,0.0415119082,2.26814629e-12,1.5398646e-05,18500,401,1150
1525,0.618012786,0.846460131,0.00011537859,0.846460131,0,0.00385037119,0.0423345141,1.47913546e-12,2.06882072e-05,,401,1954
1526,0.0716656744,0.861611531,9.06031115e-05,0.861611531,0,0.00341667948,0.0432802814,9.12102646e-13,1.7347949e-05,19500,401,2737
1527,0.708640754,0.83006662,0.00014062887,0.83006662,0,0.00393279043,0.0415696846,2.19738657e-12,1.57934425e-05,18500,401,1198
1528,0.528773725,0.859473753,0.000115413899,0.859473753,0,0.00364933894,0.0429521289,1.4800409e-12,2.16578451e-05,14200,401,1943
1529,0.10026066,0.864930162,8.20977404e-05,0.864930162,0,0.00312389616,0.0433996187,7.48893219e-13,1.82571371e-05,12050,401,2801
1530,0.155112118,0.870000239,0.000157920049,0.870000239,0,0.00318982956,0.0435564934,2.77097133e-12,1.6031738e-05,16800,401,669
1531,0.0599300601,0.860117361,0.000125825299,0.860117361,0,0.0035745919,0.0432262349,1.75911178e-12,1.62746562e-05,,401,1530
1532,0.971534371,0.771568938,0.000230345472,0.771568938,0,0.00467402225,0.0388791048,5.89544848e-12,7.91793242e-06,,401,195
1533,0.314558029,0.874936367,0.000138768716,0.874936367,0,0.00364042286,0.043672934,2.1396396e-12,1.85061889e-05,16200,401,1241
1534,0.706251144,0.830534325,0.000139830582,0.830534325,0,0.00393284742,0.0415912637,2.17251017e-12,1.5943068e-05,18500,401,1219
1535,0.540074944,0.858018371,0.000115123916,0.858018371,0,0.00367673024,0.0428828034,1.4726129e-12,2.15765314e-05,14200,401,2008
1536,0.890898705,0.790442496,7.57427039e-05,0.790442496,0,0.00403352522,0.0397605199,6.37439687e-13,1.4618902e-05,8450,401,2854
1537,0.224361777,0.873937575,0.000180333959,0.873937575,0,0.00344467764,0.0436696065,3.61337074e-12,1.4574441e-05,,401,348
1538,0.251603752,0.874729793,0.000171847048,0.874729793,0,0.00353408022,0.0436877036,3.28126756e-12,1.54337154e-05,16200,401,508
1539,0.717368364,0.828344305,0.000143722751,0.828344305,0,0.00393150816,0.0414903503,2.29513658e-12,1.51718636e-05,18500,401,1128
1540,0.888948858,0.790894977,7.80628107e-05,0.790894977,0,0.00402416604,0.0397814292,6.77089156e-13,1.45490466e-05,6600,401,2833
1541,0.385901362,0.872480017,0.000113320281,0.872480017,0,0.00363575642,0.043553297,1.42683179e-12,2.05996257e-05,,401,2377
1542,0.256338775,0.874824101,0.000169804365,0.874824101,0,0.00354683731,0.0436893884,3.20372472e-12,1.56076685e-05,16200,401,535
1543,0.385317564,0.872511383,0.000113414834,0.872511383,0,0.00363613138,0.0435547369,1.42921384e-12,2.05723041e-05,,401,2371
1544,0.986053884,0.768167099,0.000300212021,0.768167099,0,0.00482357454,0.0387205233,1.00141397e-11,4.130043e-06,,401,114
1545,0.996945441,0.765621124,0.000358484926,0.765621124,0,0.00494172293,0.0386020804,1.42790492e-11,8.5469842e-07,,401,54
1546,0.805160284,0.809897186,0.000152548718,0.809897186,0,0.00391187804,0.0406459379,2.58567904e-12,1.10798415e-05,18500,401,897
1547,0.537347257,0.85837497,0.000115110648,0.85837497,0,0.00367004525,0.0428997918,1.47227347e-12,2.17373605e-05,14200,401,2009
1548,0.346960366,0.874169935,0.000123673132,0.874169935,0,0.00365055245,0.04363265,1.6994493e-12,1.96853002e-05,,401,1583
1549,0.941207707,0.778686858,0.000115432957,0.778686858,0,0.00439171101,0.0392117789,1.48052973e-12,1.2871231e-05,,401,1935
1550,0.526830614,0.859717963,0.000115377212,0.859717963,0,0.00364473345,0.0429637576,1.47910011e-12,2.16093701e-05,14200,401,1956
1551,0.934115946,0.78035035,9.56605298e-05,0.78035035,0,0.00433181492,0.0392896201,1.01677077e-12,1.34748489e-05,19950,401,2704
1552,0.492887914,0.863699103,0.000115328377,0.863699103,0,0.00358093612,0.0431522444,1.47784827e-12,2.14401138e-05,4400,401,1963
1553,0.977917075,0.770072643,0.000259953283,0.770072643,0,0.00473864544,0.0388093104,7.50841212e-12,6.21479323e-06,,401,160
1554,0.32636407,0.874725084,0.000132630775,0.874725084,0,0.00364700754,0.0436609099,1.95454695e-12,1.89544384e-05,16200,401,1375
1555,0.837663949,0.802646667,0.000135156739,0.802646667,0,0.00394038974,0.0403145259,2.0297049e-12,1.2242176e-05,17350,401,1319
1556,0.474339604,0.865639795,0.000114575857,0.865639795,0,0.00357353612,0.0432421258,1.45862523e-12,2.13433671e-05,12250,401,2119
1557,0.744616926,0.822826338,0.00015215552,0.822826338,0,0.00391699652,0.0412375274,2.57236691e-12,1.31275598e-05,18500,401,912
1558,0.435589671,0.869137238,0.000112015499,0.869137238,0,0.00359591032,0.0434013856,1.39416356e-12,2.11359651e-05,17750,401,2483
1559,0.974422812,0.770891692,0.000243536115,0.770891692,0,0.00470304514,0.0388475069,6.58998215e-12,7.30500923e-06,,401,179
1560,0.404082298,0.871408952,0.000111675085,0.871408952,0,0.00362239749,0.0435043897,1.38570274e-12,2.08556731e-05,19500,401,2528
1561,0.0888289958,0.863658525,7.22476408e-05,0.863658525,0,0.00322266846,0.0433542602,5.79969067e-13,1.81874624e-05,16050,401,2904
1562,0.0939928144,0.864242045,7.52027297e-05,0.864242045,0,0.003174341,0.0433751918,6.28383395e-13,1.82251143e-05,11750,401,2862
1563,0.901925802,0.787878194,6.50119378e-05,0.787878194,0,0.00409558158,0.0396414417,4.69616895e-13,1.46532664e-05,9300,401,2956
1564,0.266597331,0.874984005,0.000164896371,0.874984005,0,0.00357163669,0.0436915038,3.02120146e-12,1.61424011e-05,16200,401,593
1565,0.722702563,0.8272806,0.000145648413,0.8272806,0,0.00392990178,0.0414414543,2.35705115e-12,1.46458125e-05,18500,401,1083
1566,0.455847055,0.867403974,0.000113197111,0.867403974,0,0.0035809501,0.0433227153,1.42373177e-12,2.1226309e-05,13250,401,2385
1567,0.0604108535,0.860180069,0.000124109041,0.860180069,0,0.00356773998,0.0432285014,1.71145046e-12,1.63133233e-05,,401,1571
1568,0.142031252,0.868947087,0.000143687333,0.868947087,0,0.00314149587,0.043525289,2.2940055e-12,1.67648803e-05,15250,401,1132
1569,0.731535614,0.825501183,0.000148293114,0.825501183,0,0.00392586935,0.0413598306,2.44342751e-12,1.41030232e-05,18500,401,1019
1570,0.163358703,0.870613898,0.000165008589,0.870613898,0,0.00321930155,0.0435747843,3.02531494e-12,1.5629462e-05,19450,401,592
1571,0.291106522,0.875122944,0.000151699776,0.875122944,0,0.0036158808,0.0436879882,2.55698021e-12,1.73743003e-05,16200,401,925
1572,0.219798386,0.873763144,0.000181044885,0.873763144,0,0.00342720001,0.0436651868,3.6419167e-12,1.44823772e-05,,401,321
1573,0.129849777,0.867878226,0.000127441313,0.867878226,0,0.00309838316,0.0434937091,1.80458759e-12,1.73734007e-05,8900,401,1492
1574,0.907519281,0.786573923,6.2243872e-05,0.786573923,0,0.00413158726,0.039580634,4.30477734e-13,1.45574395e-05,12800,401,2993
1575,0.0402253382,0.857437086,0.000211394029,0.857437086,0,0.0038838408,0.0431296287,4.96527062e-12,1.31312788e-05,,401,219
1576,0.398573697,0.871752256,0.000111940721,0.871752256,0,0.00362672001,0.0435200181,1.39230277e-12,2.07859013e-05,19800,401,2494
1577,0.227171615,0.874039018,0.000179803448,0.874039018,0,0.00345511501,0.0436721306,3.59214219e-12,1.46179507e-05,,401,365
1578,0.146530777,0.869320411,0.000148965945,0.869320411,0,0.00315820684,0.0435363268,2.46565031e-12,1.65293463e-05,15250,401,1002
1579,0.708912551,0.830013338,0.000140642126,0.830013338,0,0.00393278098,0.0415672261,2.19780085e-12,1.57990559e-05,18500,401,1197
1580,0.917642117,0.784209149,6.58778908e-05,0.784209149,0,0.00420274076,0.0394701616,4.82210722e-13,1.44756659e-05,14650,401,2949
1581,0.952675581,0.775995074,0.000153624974,0.775995074,0,0.00449357308,0.0390858684,2.62229251e-12,1.14442766e-05,,401,861
1582,0.605475783,0.848490364,0.000114343619,0.848490364,0,0.00382695767,0.0424303628,1.45271814e-12,2.11070011e-05,,401,2168
1583,0.121888012,0.867133866,0.00011550107,0.867133866,0,0.00307626743,0.043471501,1.48227747e-12,1.77120531e-05,10150,401,1906
1584,0.681053221,0.835355457,0.000130615884,0.835355457,0,0.00392570912,0.0418145559,1.89561212e-12,1.78245493e-05,18500,401,1420
1585,0.950837672,0.776426404,0.000147077843,0.776426404,0,0.00447684637,0.0391060363,2.40354354e-12,1.16787537e-05,,401,1048
1586,0.231388047,0.874182737,0.000178839056,0.874182737,0,0.00347027927,0.0436756363,3.55371199e-12,1.46809477e-05,,401,390
1587,0.657611728,0.83965181,0.000123198021,0.83965181,0,0.00390676979,0.0420148235,1.68641694e-12,1.91699131e-05,,401,1595
1588,0.682284772,0.835124601,0.000131156306,0.835124601,0,0.00392638012,0.0418038284,1.91133075e-12,1.76477331e-05,18500,401,1410
1589,0.274588257,0.875066924,0.000160768768,0.875066924,0,0.0035883254,0.0436916993,2.8718441e-12,1.65450919e-05,16200,401,639
1590,0.386046588,0.87247211,0.000113260706,0.87247211,0,0.00363565574,0.0435529337,1.42533195e-12,2.06276084e-05,,401,2381
1591,0.734745145,0.82484917,0.00014938079,0.82484917,0,0.00392400392,0.0413299746,2.47940227e-12,1.38297317e-05,18500,401,990
1592,0.33955732,0.874396732,0.000126638421,0.874396732,0,0.0036503557,0.0436438866,1.78192109e-12,1.94337572e-05,16200,401,1511
1593,0.85235548,0.799313837,0.000122009448,0.799313837,0,0.00395216556,0.0401634245,1.65403395e-12,1.30355888e-05,15450,401,1626
1594,0.527046561,0.859691037,0.000115399445,0.859691037,0,0.00364524204,0.0429624758,1.47967021e-12,2.16245006e-05,14200,401,1950
1595,0.812537313,0.808268004,0.0001500614,0.808268004,0,0.00391885509,0.0405711607,2.50204709e-12,1.11980368e-05,18500,401,974
1596,0.225800052,0.87399009,0.00018009037,0.87399009,0,0.00345005781,0.0436709184,3.6036157e-12,1.46161077e-05,,401,356
1597,0.44467172,0.868386289,0.000112607457,0.868386289,0,0.00358870431,0.0433673389,1.40893771e-12,2.11758648e-05,16900,401,2431
1598,0.503431261,0.862521505,0.00011554798,0.862521505,0,0.00359547935,0.0430968749,1.48348174e-12,2.15461042e-05,7850,401,1882
1599,0.874600768,0.794213506,9.64751791e-05,0.794213506,0,0.00397820651,0.0399330395,1.03416224e-12,1.40513923e-05,3000,401,2699
1600,0.465800464,0.866475669,0.000114021764,0.866475669,0,0.00357580826,0.043280401,1.4445514e-12,2.13196699e-05,12600,401,2236
1601,0.328702927,0.874674009,0.000131515785,0.874674009,0,0.00364790292,0.043658172,1.9218224e-12,1.90470006e-05,16200,401,1400
1602,0.416155905,0.870600298,0.000111408441,0.870600298,0,0.00361237773,0.0434676787,1.37909341e-12,2.09782748e-05,19500,401,2590
1603,0.0991775393,0.864812843,8.06514994e-05,0.864812843,0,0.00313186976,0.0433954821,7.22740485e-13,1.82590644e-05,11750,401,2810
1604,0.770751536,0.817349055,0.000156386912,0.817349055,0,0.00389353043,0.040988194,2.7174296e-12,1.16308363e-05,18500,401,729
1605,0.140181988,0.868790263,0.000141435474,0.868790263,0,0.00313466376,0.0435206574,2.22266593e-12,1.68558396e-05,15250,401,1179
1606,0.809788942,0.808876264,0.000151002285,0.808876264,0,0.00391627769,0.0405990607,2.5335211e-12,1.1127208e-05,18500,401,947
1607,0.541330993,0.857852936,0.000115054293,0.857852936,0,0.00367981727,0.0428749224,1.47083225e-12,2.17137284e-05,14200,401,2020
1608,0.915745735,0.78465255,6.43133673e-05,0.78465255,0,0.00418888146,0.0394908919,4.59578801e-13,1.45524941e-05,14650,401,2962
1609,0.770346344,0.817435178,0.000156388109,0.817435178,0,0.00389383902,0.0409921133,2.71747119e-12,1.16236326e-05,18500,401,728
1610,0.125384927,0.86746521,0.000120795763,0.86746521,0,0.00308501252,0.0434814269,1.62129071e-12,1.75880821e-05,8900,401,1659
1611,0.103061095,0.865230393,8.57527441e-05,0.865230393,0,0.00310497405,0.0434101296,8.17059235e-13,1.82483025e-05,3000,401,2772
1612,0.111842141,0.866143214,9.93294821e-05,0.866143214,0,0.00306870123,0.0434408865,1.09626067e-12,1.80590539e-05,3050,401,2681
1613,0.497754872,0.863162194,0.000115507517,0.863162194,0,0.00358675003,0.0431270687,1.48244293e-12,2.14604058e-05,6950,401,1900
1614,0.751170278,0.821469105,0.000153640537,0.821469105,0,0.00391142461,0.0411756392,2.62282383e-12,1.2723714e-05,18500,401,860
1615,0.873628795,0.79443748,9.76071557e-05,0.79443748,0,0.00397640535,0.0399431754,1.05857298e-12,1.41207767e-05,3000,401,2689
1616,0.306655496,0.875033948,0.000143010083,0.875033948,0,0.00363392553,0.0436793075,2.27243153e-12,1.81106112e-05,16200,401,1147
1617,0.936883926,0.779701283,0.000102986043,0.779701283,0,0.00435489793,0.0392592462,1.17845834e-12,1.31850218e-05,,401,2657
1618,0.515721142,0.861081083,0.000115652001,0.861081083,0,0.00361951404,0.0430286044,1.48615392e-12,2.15746843e-05,12050,401,1838
1619,0.674509943,0.836573671,0.000128377426,0.836573671,0,0.00392158098,0.0418712205,1.83119594e-12,1.81597155e-05,,401,1471
1620,0.623962998,0.84547499,0.000116121878,0.84547499,0,0.00386062832,0.0422880876,1.49825451e-12,2.06014358e-05,,401,1811
1621,0.152322143,0.869783931,0.000155127272,0.869783931,0,0.00317963465,0.0435500675,2.67383005e-12,1.62047122e-05,16800,401,804
1622,0.754490733,0.820777169,0.000154223696,0.820777169,0,0.00390838397,0.0411441269,2.64277203e-12,1.25245769e-05,18500,401,839
1623,0.230583861,0.874156137,0.000178991335,0.874156137,0,0.00346743682,0.0436749948,3.55976643e-12,1.46978655e-05,,401,386
1624,0.897787094,0.788841651,6.82229226e-05,0.788841651,0,0.00407073262,0.0396862705,5.17151908e-13,1.47572048e-05,9300,401,2934
1625,0.717901409,0.82823841,0.000143953921,0.82823841,0,0.00393137389,0.0414854787,2.3025257e-12,1.51042138e-05,18500,401,1125
1626,0.14385213,0.86909956,0.000145911958,0.86909956,0,0.00314825677,0.043529794,2.36558884e-12,1.66688086e-05,15250,401,1077
1627,0.589619517,0.850967295,0.000113784758,0.850967295,0,0.00379416044,0.0425475978,1.43855235e-12,2.12872756e-05,17100,401,2317
1628,0.617531419,0.846539215,0.000115313649,0.846539215,0,0.00384951984,0.0423382432,1.47747084e-12,2.08058331e-05,,401,1969
1629,0.970477104,0.77181703,0.000225663202,0.77181703,0,0.00466348768,0.0388906842,5.65820897e-12,8.05549038e-06,,401,201
1630,0.351823181,0.874004434,0.000121767778,0.874004434,0,0.00365008488,0.0436246076,1.64748798e-12,1.98398073e-05,,401,1633
1631,0.189299271,0.872289107,0.000178823399,0.872289107,0,0.00330694536,0.0436247038,3.5530898e-12,1.46371018e-05,,401,391
1632,0.655380011,0.84005085,0.000122582564,0.84005085,0,0.00390437194,0.0420334835,1.66960944e-12,1.92389588e-05,,401,1612
1633,0.232095376,0.874205837,0.000178642159,0.874205837,0,0.00347276108,0.0436761912,3.54589121e-12,1.47220263e-05,,401,393
1634,0.77328372,0.816809545,0.000156550707,0.816809545,0,0.00389191709,0.040963621,2.72312486e-12,1.15444472e-05,18500,401,704
1635,0.135963246,0.868425238,0.000135921747,0.868425238,0,0.00311930709,0.0435098826,2.05274682e-12,1.70667149e-05,8900,401,1303
1636,0.251942217,0.874736902,0.000171739054,0.874736902,0,0.00353502131,0.0436878361,3.27714473e-12,1.54330064e-05,16200,401,510
1637,0.239529923,0.874431322,0.000176409749,0.874431322,0,0.00349778093,0.043681444,3.45782218e-12,1.49820048e-05,16200,401,438
1638,0.543918371,0.857509921,0.000114986158,0.857509921,0,0.00368617244,0.042858583,1.46909073e-12,2.16228443e-05,14200,401,2035
1639,0.559923768,0.855322255,0.000114248839,0.855322255,0,0.00372540848,0.0427544282,1.45031079e-12,2.16282998e-05,11600,401,2187
1640,0.068457447,0.861210754,9.8683662e-05,0.861210754,0,0.00345790784,0.0432657776,1.08205168e-12,1.71132596e-05,19800,401,2684
1641,0.212960199,0.873479282,0.000181671228,0.873479282,0,0.00339992419,0.0436578145,3.66715947e-12,1.44405596e-05,,401,281
1642,0.203928992,0.873063069,0.000181491486,0.873063069,0,0.00336275146,0.0436466563,3.65990661e-12,1.43840996e-05,,401,297
1643,0.0650285184,0.860775891,0.000108777485,0.860775891,0,0.00350358931,0.0432500436,1.3147268e-12,1.67937201e-05,19800,401,2620
1644,0.718960762,0.828027727,0.000144339276,0.828027727,0,0.00393108851,0.0414757907,2.31486964e-12,1.50314454e-05,18500,401,1116
1645,0.866259098,0.796133008,0.000106676084,0.796133008,0,0.00396567808,0.0400197651,1.26442077e-12,1.37848105e-05,12950,401,2632
1646,0.632363856,0.8440609,0.000117334482,0.8440609,0,0.00387408539,0.0422215445,1.52970896e-12,2.02502618e-05,,401,1765
1647,0.498406321,0.863089424,0.000115440214,0.863089424,0,0.00358765554,0.0431236467,1.4807159e-12,2.14889078e-05,6950,401,1929
1648,0.547183931,0.857073004,0.000114751487,0.857073004,0,0.00369420837,0.0428377728,1.46310041e-12,2.1640647e-05,14200,401,2087
1649,0.753343463,0.821016451,0.000154142015,0.821016451,0,0.00390944211,0.0411550216,2.63997343e-12,1.25293872e-05,18500,401,842
1650,0.638557673,0.843000933,0.000118630525,0.843000933,0,0.00388320849,0.0421717403,1.56368905e-12,2.00532111e-05,,401,1721
1651,0.387135446,0.872412928,0.000113136039,0.872412928,0,0.00363494191,0.0435502174,1.42219592e-12,2.06393564e-05,19800,401,2394
1652,0.505265534,0.86231093,0.000115559926,0.86231093,0,0.00359868115,0.0430869223,1.48378851e-12,2.15645562e-05,10850,401,1872
1653,0.330180258,0.874640076,0.000130854326,0.874640076,0,0.00364839175,0.0436563765,1.90253942e-12,1.91249757e-05,16200,401,1417
1654,0.0505848974,0.858872858,0.000162998952,0.858872858,0,0.00371432272,0.0431813129,2.95207315e-12,1.50028759e-05,,401,615
1655,0.581093073,0.852256193,0.000113753304,0.852256193,0,0.00377525014,0.0426087243,1.43775713e-12,2.15163023e-05,17100,401,2331
1656,0.257938594,0.874852927,0.000169107435,0.874852927,0,0.00355095651,0.0436898517,3.1774805e-12,1.5704105e-05,16200,401,544
1657,0.601371348,0.849141315,0.000114047667,0.849141315,0,0.00381878382,0.042461142,1.44520781e-12,2.12181433e-05,,401,2231
1658,0.796701014,0.811752248,0.00015476514,0.811752248,0,0.00390371689,0.0407312619,2.66136096e-12,1.09912349e-05,18500,401,819
1659,0.743743837,0.823006093,0.000151919054,0.823006093,0,0.00391769335,0.0412457319,2.56437765e-12,1.3215677e-05,18500,401,919
1660,0.437704682,0.868966168,0.00011214768,0.868966168,0,0.00359418435,0.0433936332,1.39745579e-12,2.11269525e-05,17750,401,2470
1661,0.560565889,0.855232136,0.000114269032,0.855232136,0,0.00372696236,0.0427501404,1.45082352e-12,2.16815975e-05,11600,401,2184
1662,0.898316085,0.788718579,6.77551146e-05,0.788718579,0,0.00407380735,0.03968055,5.1008395e-13,1.4707513e-05,9300,401,2937
1663,0.389363885,0.87228974,0.000112844517,0.87228974,0,0.00363343481,0.04354457,1.41487612e-12,2.06804998e-05,19800,401,2416
1664,0.447807699,0.868117125,0.000112818832,0.868117125,0,0.00358637779,0.0433551237,1.4142321e-12,2.1218981e-05,16900,401,2417
1665,0.181652024,0.871835478,0.000175977273,0.871835478,0,0.00328117641,0.0436112897,3.44088896e-12,1.48639218e-05,,401,445
1666,0.300074697,0.875088346,0.000146626336,0.875088346,0,0.00362717014,0.0436836035,2.38880915e-12,1.78109774e-05,16200,401,1062
1667,0.413559496,0.870780645,0.000111411319,0.870780645,0,0.00361457357,0.0434758576,1.37916466e-12,2.09950619e-05,19500,401,2589
1668,0.366016001,0.873446798,0.000117298179,0.873446798,0,0.0036462509,0.0435981044,1.52876252e-12,2.01956013e-05,,401,1768
1669,0.213671789,0.873510062,0.000181683261,0.873510062,0,0.00340280894,0.0436586233,3.66764527e-12,1.43856301e-05,,401,279
1670,0.264465779,0.874955646,0.000165968834,0.874955646,0,0.00356679659,0.0436912322,3.0606282e-12,1.60010098e-05,16200,401,582
1671,0.833030701,0.803691084,0.000138505238,0.803691084,0,0.00393666776,0.0403620365,2.13152234e-12,1.1949724e-05,17350,401,1248
1672,0.484214306,0.864627688,0.00011494684,0.864627688,0,0.00357481688,0.0431954611,1.46808622e-12,2.14452803e-05,4400,401,2044
1673,0.285575122,0.875121493,0.000154704593,0.875121493,0,0.00360766065,0.0436898558,2.65927903e-12,1.71281945e-05,16200,401,821
1674,0.341089934,0.874352267,0.000125918172,0.874352267,0,0.00365049017,0.0436416592,1.76170955e-12,1.95417115e-05,16200,401,1527
1675,0.205813721,0.873153799,0.000181685945,0.873153799,0,0.0033705172,0.0436491238,3.66775363e-12,1.44251243e-05,,401,278
1676,0.901658416,0.787940425,6.51060914e-05,0.787940425,0,0.00409392641,0.0396443389,4.70978127e-13,1.47488998e-05,9300,401,2954
1677,0.467550427,0.866307332,0.000114081847,0.866307332,0,0.00357514738,0.0432727083,1.4460742e-12,2.13199875e-05,12600,401,2226
1678,0.631330431,0.844236147,0.000117247613,0.844236147,0,0.00387249655,0.0422297834,1.52744476e-12,2.03290409e-05,,401,1770
1679,0.757230341,0.820204098,0.000154867566,0.820204098,0,0.00390579226,0.0411180434,2.66488476e-12,1.23258909e-05,18500,401,815
1680,0.89651078,0.789138712,6.96473707e-05,0.789138712,0,0.0040634169,0.0397000756,5.38972916e-13,1.46374242e-05,9300,401,2927
1681,0.946546018,0.777433908,0.000132209115,0.777433908,0,0.00443836589,0.0391531583,1.94213889e-12,1.22020071e-05,,401,1383
1682,0.320825279,0.874834033,0.000135486004,0.874834033,0,0.00364435991,0.0436669301,2.03960637e-12,1.86923717e-05,16200,401,1314
1683,0.493656844,0.863615027,0.000115338209,0.863615027,0,0.00358174241,0.0431483111,1.47810027e-12,2.14865925e-05,4400,401,1959
1684,0.801683724,0.810661251,0.000153480428,0.810661251,0,0.00390852527,0.04068106,2.61736021e-12,1.10569245e-05,18500,401,867
1685,0.606262982,0.848364685,0.000114390557,0.848364685,0,0.00382849542,0.0424244233,1.45391107e-12,2.10542227e-05,,401,2154
1686,0.981971979,0.76912266,0.000279655677,0.76912266,0,0.004780619,0.0387650325,8.68969973e-12,5.24139482e-06,,401,138
1687,0.806131303,0.809683311,0.000152233643,0.809683311,0,0.0039128047,0.0406361123,2.5750091e-12,1.10492733e-05,18500,401,908
1688,0.328109652,0.874687202,0.000131811082,0.874687202,0,0.00364768315,0.0436588754,1.93046236e-12,1.90406909e-05,16200,401,1394
1689,0.00822637416,0.85263291,0.000402937671,0.85263291,0,0.00450525607,0.0429581883,1.8039863e-11,3.52690195e-06,,401,25
1690,0.778694868,0.815651746,0.000156680162,0.815651746,0,0.00389058845,0.0409107204,2.72763037e-12,1.13209679e-05,18500,401,681
1691,0.764948487,0.818579816,0.000155959019,0.818579816,0,0.0038984338,0.0410441738,2.70257952e-12,1.19177857e-05,18500,401,758
1692,0.536942661,0.858427422,0.000115194169,0.858427422,0,0.00366906152,0.0429022899,1.47441074e-12,2.16101452e-05,14200,401,1993
1693,0.662718773,0.838731935,0.000124667554,0.838731935,0,0.00391186584,0.0419718459,1.72688878e-12,1.88298765e-05,,401,1559
1694,0.0775169581,0.862328002,7.92476325e-05,0.862328002,0,0.00334535007,0.0433062155,6.97798584e-13,1.77296424e-05,18500,401,2821
1695,0.730146766,0.825782394,0.000148008214,0.825782394,0,0.00392661378,0.0413727157,2.43404793e-12,1.41812261e-05,18500,401,1027
1696,0.283744067,0.875117172,0.000155852028,0.875117172,0,0.00360471778,0.0436903346,2.69887274e-12,1.70014687e-05,16200,401,765
1697,0.452174813,0.8677338,0.00011300272,0.8677338,0,0.00358332183,0.0433377121,1.41884608e-12,2.12362135e-05,13250,401,2400
1698,0.0410365127,0.857551552,0.000207339655,0.857551552,0,0.00387000748,0.0431337416,4.77663696e-12,1.32851623e-05,,401,225
1699,0.0242586993,0.855109211,0.000299173708,0.855109211,0,0.00417547177,0.0430462259,9.94498975e-12,9.11352399e-06,,401,115
1700,0.949836791,0.776661347,0.000143443349,0.776661347,0,0.00446779077,0.0391170243,2.28622159e-12,1.1694566e-05,,401,1136
1701,0.236943364,0.874356476,0.000177224827,0.874356476,0,0.00348930119,0.0436797366,3.48984881e-12,1.49035891e-05,16200,401,423
1702,0.716920674,0.828433364,0.000143711934,0.828433364,0,0.0039316155,0.0414944481,2.29479112e-12,1.51094512e-05,18500,401,1129
1703,0.536128879,0.858533077,0.000115099654,0.858533077,0,0.00366707855,0.0429073231,1.47199226e-12,2.16856746e-05,14200,401,2012
1704,0.191466004,0.872411475,0.000179374315,0.872411475,0,0.00331453716,0.043628274,3.57501609e-12,1.45842069e-05,,401,374
1705,0.312206239,0.874969079,0.000140009576,0.874969079,0,0.00363866464,0.04367497,2.1780757e-12,1.83693199e-05,16200,401,1213
1706,0.061996948,0.860386004,0.000118595246,0.860386004,0,0.00354536742,0.0432359436,1.56275916e-12,1.64974561e-05,,401,1723
1707,0.0218505599,0.854746138,0.000313805494,0.854746138,0,0.00422266075,0.0430332707,1.09415431e-11,8.36900674e-06,,401,100
1708,0.242243424,0.874505663,0.000175466145,0.874505663,0,0.0035064059,0.0436830954,3.42092977e-12,1.50853091e-05,16200,401,454
1709,0.904668212,0.787239143,6.32525495e-05,0.787239143,0,0.00411290804,0.0396116635,4.44542779e-13,1.47755564e-05,9300,401,2974
1710,0.278807193,0.875096081,0.000158511688,0.875096081,0,0.00359623384,0.0436912862,2.79177279e-12,1.67768629e-05,16200,401,661
1711,0.755704761,0.820523268,0.000154586611,0.820523268,0,0.00390723943,0.0411325678,2.65522448e-12,1.23951576e-05,18500,401,828
1712,0.471436262,0.865928046,0.000114365601,0.865928046,0,0.00357402677,0.0432553474,1.45327673e-12,2.13296189e-05,12600,401,2158
1713,0.619636178,0.84619263,0.000115579014,0.84619263,0,0.00385322954,0.042321902,1.48427873e-12,2.0751441e-05,,401,1860
1714,0.804836452,0.809968456,0.00015273767,0.809968456,0,0.00391156815,0.0406492129,2.59208842e-12,1.10765947e-05,18500,401,891
1715,0.924016774,0.782717134,7.42823782e-05,0.782717134,0,0.00425090598,0.0394003747,6.13096857e-13,1.40659693e-05,14650,401,2870
1716,0.151489541,0.869718473,0.000154212355,0.869718473,0,0.0031765724,0.0435481245,2.6423834e-12,1.62683793e-05,16800,401,840
1717,0.852952898,0.799177667,0.00012137883,0.799177667,0,0.00395266444,0.0401572655,1.63698003e-12,1.29370652e-05,15450,401,1643
1718,0.442745835,0.868549108,0.00011236564,0.868549108,0,0.00359018079,0.0433747244,1.40289301e-12,2.1205876e-05,16900,401,2451
1719,0.995740652,0.765902358,0.000351650626,0.765902358,0,0.00492840908,0.0386151547,1.37397959e-11,1.18469251e-06,,401,61
1720,0.786755145,0.81391481,0.000156264712,0.81391481,0,0.00389472169,0.0408308719,2.71318447e-12,1.10773586e-05,18500,401,739
1721,0.0784464255,0.862439942,7.78949318e-05,0.862439942,0,0.00333449321,0.0433102646,6.74180045e-13,1.77614759e-05,18050,401,2834
1722,0.799049675,0.811238829,0.000154201795,0.811238829,0,0.00390597703,0.0407076309,2.64202152e-12,1.10031161e-05,18500,401,841
1723,0.826189876,0.805226895,0.000143028348,0.805226895,0,0.00393097972,0.0404320437,2.27301203e-12,1.16670687e-05,18500,401,1146
1724,0.247886553,0.874646864,0.000173413989,0.874646864,0,0.00352348068,0.04368608,3.34137905e-12,1.52982223e-05,16200,401,487
1725,0.846368134,0.800675942,0.000127669615,0.800675942,0,0.00394730336,0.040225088,1.81105896e-12,1.27001561e-05,17350,401,1487
1726,0.512304723,0.861488803,0.00011547032,0.861488803,0,0.00361229694,0.0430479668,1.48148832e-12,2.15471271e-05,12050,401,1924
1727,0.191010296,0.872385953,0.000179283876,0.872385953,0,0.00331292089,0.0436275317,3.57141203e-12,1.46052399e-05,,401,377
1728,0.657940507,0.839592845,0.000123289308,0.839592845,0,0.00390711844,0.0420120669,1.68891706e-12,1.90991845e-05,,401,1593
1729,0.220888555,0.873805896,0.000180881274,0.873805896,0,0.00343143523,0.0436662784,3.63533727e-12,1.44960573e-05,,401,329
1730,0.71006602,0.829786847,0.00014121645,0.829786847,0,0.00393270002,0.0415567835,2.21578731e-12,1.56584714e-05,18500,401,1186
1731,0.318291694,0.874878043,0.000136803869,0.874878043,0,0.00364289155,0.0436694587,2.07947763e-12,1.86731735e-05,16200,401,1285
1732,0.838542342,0.802448243,0.000134371219,0.802448243,0,0.00394108837,0.0403055086,2.00618051e-12,1.22802052e-05,17350,401,1338
1733,0.291450381,0.875122456,0.000151501656,0.875122456,0,0.00361635476,0.0436878509,2.55030574e-12,1.73932722e-05,16200,401,932
1734,0.979223132,0.769766577,0.000266176472,0.769766577,0,0.00475207913,0.0387950413,7.87221272e-12,6.05611336e-06,,401,153
1735,0.785385013,0.814211128,0.000156437716,0.814211128,0,0.00389366825,0.0408445178,2.71919544e-12,1.11391634e-05,18500,401,723
1736,0.749901891,0.821732534,0.000153357099,0.821732534,0,0.00391254433,0.0411876429,2.61315552e-12,1.28524508e-05,18500,401,873
1737,0.739803374,0.823816,0.000150924529,0.823816,0,0.00392063883,0.0412827254,2.53091259e-12,1.34443383e-05,18500,401,948
1738,0.550882459,0.856572048,0.000114647932,0.856572048,0,0.0037033063,0.0428139167,1.46046091e-12,2.16952711e-05,11600,401,2109
1739,0.780630112,0.815235877,0.000156522275,0.815235877,0,0.00389101233,0.0408916459,2.72213583e-12,1.12598098e-05,18500,401,708
1740,0.0952405259,0.864380818,7.63170459e-05,0.864380818,0,0.00316352769,0.0433801455,6.47143499e-13,1.82451876e-05,11750,401,2850
1741,0.772394598,0.816999229,0.000156530924,0.816999229,0,0.00389243431,0.040972264,2.7224367e-12,1.158264e-05,18500,401,707
1742,0.0705610216,0.861474183,9.32594337e-05,0.861474183,0,0.00343071234,0.0432753107,9.66369108e-13,1.72958039e-05,19500,401,2720
1743,0.604218245,0.848690527,0.000114361235,0.848690527,0,0.00382447809,0.0424398247,1.45316579e-12,2.10100126e-05,,401,2163
1744,0.395037144,0.871964078,0.000112267315,0.871964078,0,0.0036293903,0.0435296794,1.4004389e-12,2.07018918e-05,19800,401,2460
1745,0.244694754,0.874569285,0.000174641861,0.874569285,0,0.0035139753,0.0436844691,3.38886441e-12,1.51582439e-05,16200,401,468
1746,0.213475317,0.873501554,0.000181642797,0.873501554,0,0.00340200759,0.0436583992,3.66601175e-12,1.44234981e-05,,401,285
1747,0.386963189,0.872422298,0.000113280623,0.872422298,0,0.0036350541,0.0435506473,1.42583328e-12,2.06201649e-05,19800,401,2380
1748,0.293246925,0.875118918,0.000150472516,0.875118918,0,0.00361880102,0.0436870988,2.51577534e-12,1.74896627e-05,16200,401,960
1749,0.580069482,0.8524088,0.000113871051,0.8524088,0,0.00377292806,0.0426159667,1.44073514e-12,2.13851263e-05,17100,401,2283
1750,0.801540256,0.810692757,0.000153572781,0.810692757,0,0.00390838872,0.0406825083,2.62051102e-12,1.10539118e-05,18500,401,864
1751,0.411357254,0.870930936,0.000111531982,0.870930936,0,0.00361642442,0.043482676,1.38215368e-12,2.09303918e-05,19500,401,2555
1752,0.724540293,0.826912295,0.000146220809,0.826912295,0,0.00392919017,0.0414245428,2.3756139e-12,1.4597321e-05,18500,401,1070
1753,0.703004301,0.831166771,0.000138498021,0.831166771,0,0.00393272085,0.041620467,2.1313002e-12,1.62440054e-05,18500,401,1249
1754,0.26978147,0.875021457,0.000163321515,0.875021457,0,0.00357856037,0.0436917376,2.96376859e-12,1.62981889e-05,16200,401,611
1755,0.586240411,0.851481609,0.000113665425,0.851481609,0,0.00378675858,0.0425719796,1.43553653e-12,2.14669583e-05,17100,401,2355
1756,0.401484281,0.871572929,0.000111807582,0.871572929,0,0.00362446372,0.0435118505,1.38899282e-12,2.08267487e-05,19500,401,2508
1757,0.663399875,0.83860858,0.000124877535,0.83860858,0,0.00391250208,0.0419660869,1.73271097e-12,1.87610552e-05,,401,1556
1758,0.0559172705,0.85958886,0.000140941737,0.85958886,0,0.003633067,0.0432071458,2.20717479e-12,1.57734241e-05,,401,1193
1759,0.547568262,0.857021224,0.000114758474,0.857021224,0,0.00369515257,0.0428353072,1.46327859e-12,2.16221342e-05,14200,401,2086
1760,0.999527872,0.765018672,0.0003731036,0.765018672,0,0.00497049539,0.0385740858,1.54673663e-11,8.21636513e-07,,401,39
1761,0.825879037,0.805296511,0.000143180338,0.805296511,0,0.00393071843,0.0404352208,2.27784547e-12,1.16369779e-05,18500,401,1143
1762,0.261353523,0.874909772,0.000167459566,0.874909772,0,0.00355944086,0.0436906822,3.11585624e-12,1.59214879e-05,16200,401,564
1763,0.894784272,0.789539985,7.13368888e-05,0.789539985,0,0.00405380564,0.0397187044,5.65439078e-13,1.45710675e-05,9850,401,2919
1764,0.583803356,0.851849736,0.00011371984,0.851849736,0,0.00378134217,0.042589439,1.43691133e-12,2.14113004e-05,17100,401,2347
1765,0.101684421,0.865083412,8.39796779e-05,0.865083412,0,0.00311395025,0.0434049997,7.83620699e-13,1.82147866e-05,3050,401,2785
1766,0.0475326814,0.858455979,0.000176482008,0.858455979,0,0.00376266487,0.0431662897,3.46065547e-12,1.45002059e-05,,401,437
1767,0.217437938,0.873668217,0.000181301041,0.873668217,0,0.00341791668,0.0436627449,3.65222973e-12,1.44449185e-05,,401,307
1768,0.292610496,0.875120401,0.000150853354,0.875120401,0,0.00361794502,0.0436873743,2.52852606e-12,1.74326972e-05,16200,401,950
1769,0.821722031,0.806225572,0.000145614397,0.806225572,0,0.00392713618,0.0404776572,2.35595031e-12,1.1519896e-05,18500,401,1086
1770,0.40722394,0.871206068,0.000111506276,0.871206068,0,0.00361985005,0.0434951695,1.38151663e-12,2.08999756e-05,19500,401,2557
1771,0.956507325,0.77509536,0.000167869321,0.77509536,0,0.00452895235,0.0390438061,3.13112322e-12,1.09230019e-05,,401,558
1772,0.241990849,0.874498949,0.000175594968,0.874498949,0,0.00350561912,0.0436829486,3.42595475e-12,1.50521717e-05,16200,401,452
1773,0.0569510423,0.859725895,0.000136878138,0.859725895,0,0.00361778429,0.043212094,2.08173607e-12,1.5930695e-05,,401,1281
1774,0.475061864,0.86556729,0.000114440811,0.86556729,0,0.00357347198,0.0432387951,1.45518882e-12,2.13742748e-05,12250,401,2145
1775,0.357108086,0.873809631,0.000120004721,0.873809631,0,0.00364907032,0.0436152617,1.60012588e-12,1.99793492e-05,,401,1680
1776,0.269331694,0.875016538,0.000163548655,0.875016538,0,0.00357760235,0.0436917182,2.97201805e-12,1.62614585e-05,16200,401,608
1777,0.930079401,0.781296763,8.60459163e-05,0.781296763,0,0.0042988318,0.0393339116,8.22655524e-13,1.3780064e-05,14650,401,2769
1778,0.736457705,0.824500055,0.00014982239,0.824500055,0,0.00392291922,0.0413140001,2.49408316e-12,1.37392969e-05,18500,401,978
1779,0.680350661,0.835486907,0.00013044794,0.835486907,0,0.00392530142,0.0418206655,1.89074056e-12,1.7731402e-05,18500,401,1424
1780,0.629689872,0.84451376,0.000117066015,0.84451376,0,0.00386993228,0.0422428412,1.52271687e-12,2.03089389e-05,,401,1774
1781,0.115859404,0.866546269,0.000105799266,0.866546269,0,0.00306722362,0.0434535944,1.24372051e-12,1.79413439e-05,6000,401,2638
1782,0.637962937,0.843103426,0.000118429843,0.843103426,0,0.00388237164,0.0421765528,1.55840309e-12,2.00629993e-05,,401,1730
1783,0.57019347,0.853858865,0.000114001671,0.853858865,0,0.00375001898,0.0426848375,1.44404232e-12,2.16846998e-05,17100,401,2241
1784,0.553867757,0.856163464,0.000114485308,0.856163464,0,0.00371062926,0.0427944637,1.45632065e-12,2.17389807e-05,11600,401,2136
1785,0.891833305,0.790225538,7.45115609e-05,0.790225538,0,0.0040382171,0.0397504806,6.16885857e-13,1.46020229e-05,8450,401,2869
1786,0.706916928,0.830404117,0.000139978539,0.830404117,0,0.00393284643,0.0415852547,2.17711015e-12,1.58855794e-05,18500,401,1214
1787,0.729891241,0.825834001,0.00014797366,0.825834001,0,0.00392675215,0.0413750798,2.43291156e-12,1.41440942e-05,18500,401,1029
1788,0.575978637,0.853014564,0.000113894819,0.853014564,0,0.00376354707,0.0426447256,1.44133665e-12,2.15416032e-05,17100,401,2279
1789,0.453082532,0.867652949,0.00011317498,0.867652949,0,0.00358271538,0.0433340376,1.42317511e-12,2.12151618e-05,13250,401,2388
1790,0.476240218,0.865448627,0.000114464746,0.865448627,0,0.00357340196,0.043233341,1.45579756e-12,2.13522937e-05,12250,401,2138
1791,0.106106393,0.865551987,9.0405103e-05,0.865551987,0,0.00308775517,0.0434212281,9.08120295e-13,1.81481967e-05,2450,401,2738
1792,0.488241076,0.864201199,0.000115190376,0.864201199,0,0.00357699272,0.0431756644,1.47431363e-12,2.14451488e-05,4400,401,1994
1793,0.0203862134,0.854523792,0.000322826648,0.854523792,0,0.00425175654,0.0430253436,1.15796716e-11,7.93068228e-06,,401,91
1794,0.481253922,0.864936077,0.000114930562,0.864936077,0,0.00357388677,0.043209723,1.46767045e-12,2.13693511e-05,4400,401,2049
1795,0.0912931338,0.863938916,7.33863127e-05,0.863938916,0,0.00319893654,0.0433643361,5.98394544e-13,1.81832681e-05,11750,401,2884
1796,0.422406346,0.870151338,0.000111503349,0.870151338,0,0.0036070443,0.0434473299,1.38144409e-12,2.10127627e-05,19500,401,2559
1797,0.177590638,0.871580853,0.000174084526,0.871580853,0,0.00326770466,0.0436036953,3.36726913e-12,1.49747793e-05,19450,401,477
1798,0.057941813,0.859856572,0.000133228456,0.859856572,0,0.00360327594,0.0432168122,1.97220238e-12,1.60281895e-05,,401,1362
1799,0.645143032,0.841858449,0.000119996974,0.841858449,0,0.00389213719,0.0421181353,1.59991931e-12,1.9818476e-05,,401,1681
1800,0.338645846,0.874422407,0.000127048028,0.874422407,0,0.00365025052,0.043645179,1.79346683e-12,1.94048857e-05,16200,401,1503
1801,0.131813824,0.868056328,0.000130317469,0.868056328,0,0.00310483831,0.0434989846,1.88696032e-12,1.72529576e-05,8900,401,1427
1802,0.501327217,0.862760741,0.000115475151,0.862760741,0,0.00359202212,0.0431081663,1.48161227e-12,2.14793395e-05,7850,401,1922
1803,0.690190554,0.833630683,0.000133847566,0.833630683,0,0.00392991325,0.0417344936,1.99057454e-12,1.7229144e-05,18500,401,1347
1804,0.939194918,0.779158995,0.000109437822,0.779158995,0,0.00437445291,0.039233871,1.33073742e-12,1.30508788e-05,,401,2614
1805,0.818638206,0.806913107,0.000147158455,0.806913107,0,0.00392441175,0.0405091013,2.40617898e-12,1.13385741e-05,18500,401,1046
1806,0.0909726396,0.863902617,7.31133716e-05,0.863902617,0,0.00320195343,0.0433630332,5.93951678e-13,1.82005831e-05,11750,401,2888
1807,0.722470999,0.82732686,0.000145532967,0.82732686,0,0.00392997341,0.0414435784,2.35331606e-12,1.48011012e-05,18500,401,1087
1808,0.517998636,0.860806445,0.000115575043,0.860806445,0,0.00362448545,0.0430155512,1.48417674e-12,2.1549214e-05,13000,401,1861
1809,0.522422731,0.860265765,0.00011547734,0.860265765,0,0.00363446608,0.0429898342,1.48166844e-12,2.15976702e-05,14000,401,1921
1810,0.391877145,0.872147589,0.000112601112,0.872147589,0,0.00363167842,0.0435380644,1.40877893e-12,2.07117002e-05,19800,401,2432
1811,0.337245733,0.874461222,0.000127577724,0.874461222,0,0.00365005186,0.0436471427,1.80845285e-12,1.93473357e-05,16200,401,1489
1812,0.301016331,0.875082056,0.000146120839,0.875082056,0,0.00362821372,0.0436830447,2.37236661e-12,1.78513055e-05,16200,401,1073
1813,0.000325876201,0.851361847,0.000459758762,0.851361847,0,0.00468125469,0.0429133286,2.34864576e-11,1.7084969e-07,,401,1
1814,0.411124349,0.870946636,0.00011136376,0.870946636,0,0.00361662266,0.0434833883,1.37798746e-12,2.09324194e-05,19500,401,2599
1815,0.872994065,0.794583827,9.83985994e-05,0.794583827,0,0.00397530305,0.039949794,1.07580937e-12,1.38741115e-05,3000,401,2685
1816,0.107539333,0.865701412,9.26203778e-05,0.865701412,0,0.00308115596,0.0434263033,9.53170487e-13,1.81404592e-05,2950,401,2723
1817,0.586562455,0.851432769,0.000113668463,0.851432769,0,0.00378746753,0.0425696631,1.43561326e-12,2.14323067e-05,17100,401,2354
1818,0.0069732191,0.852433475,0.000411638156,0.852433475,0,0.00453258014,0.0429511328,1.88273301e-11,3.03636536e-06,,401,21
1819,0.409405589,0.871061871,0.000111547019,0.871061871,0,0.00361805173,0.0434886192,1.38252639e-12,2.09116476e-05,19500,401,2549
1820,0.905142725,0.787128569,6.31384497e-05,0.787128569,0,0.00411597504,0.0396065088,4.42940425e-13,1.46714513e-05,9300,401,2975
1821,0.54430753,0.857458313,0.000114901705,0.857458313,0,0.00368713315,0.0428561256,1.46693354e-12,2.17456883e-05,14200,401,2059
1822,0.269340932,0.87501657,0.000163488163,0.87501657,0,0.00357762423,0.043691715,2.96981995e-12,1.62844296e-05,16200,401,609
1823,0.497629762,0.863176066,0.000115568744,0.863176066,0,0.00358658267,0.0431277202,1.48401494e-12,2.14469457e-05,6950,401,1866
1824,0.523835957,0.860091237,0.000115444508,0.860091237,0,0.00363772872,0.0429815282,1.48082605e-12,2.15525462e-05,14000,401,1928
1825,0.49565649,0.86339511,0.000115372033,0.86339511,0,0.00358403432,0.0431380063,1.47896733e-12,2.14888155e-05,6600,401,1958
1826,0.0138647268,0.853519552,0.00036467335,0.853519552,0,0.0043850907,0.0429896176,1.47762947e-11,5.71310181e-06,,401,48
1827,0.00450280821,0.852038024,0.00042921342,0.852038024,0,0.00458709643,0.0429371641,2.04693511e-11,2.02267224e-06,,401,14
1828,0.967714548,0.772464998,0.000213559752,0.772464998,0,0.00463619514,0.0389209275,5.06752976e-12,8.71906348e-06,,401,216
1829,0.296107471,0.875109236,0.00014891964,0.875109236,0,0.00362248047,0.0436857488,2.4641177e-12,1.75954796e-05,16200,401,1005
1830,0.763215899,0.818945799,0.000155762317,0.818945799,0,0.00390005545,0.0410608154,2.6957666e-12,1.19793433e-05,18500,401,771
1831,0.59027189,0.850867314,0.000113777477,0.850867314,0,0.00379557009,0.042542859,1.43836826e-12,2.14011269e-05,17100,401,2323
1832,0.115651593,0.866525605,0.000105535153,0.866525605,0,0.00306710635,0.0434529537,1.23751874e-12,1.79335435e-05,6000,401,2641
1833,0.672223806,0.836995844,0.00012759286,0.836995844,0,0.0039199317,0.0418908804,1.80888199e-12,1.83132432e-05,,401,1488
1834,0.881645739,0.792586546,8.73762366e-05,0.792586546,0,0.00399551647,0.0398591119,8.48289636e-13,1.43426731e-05,3050,401,2760
1835,0.555941343,0.855877213,0.000114438532,0.855877213,0,0.00371570459,0.0427808377,1.45513084e-12,2.16582287e-05,11600,401,2147
1836,0.933116436,0.7805847,9.31576649e-05,0.7805847,0,0.00432356995,0.0393005892,9.64261171e-13,1.35084875e-05,19750,401,2721
1837,0.784932792,0.814308658,0.000156474861,0.814308658,0,0.00389334653,0.0408490078,2.7204869e-12,1.11105092e-05,18500,401,717
1838,0.536541998,0.858479521,0.000115194466,0.858479521,0,0.00366808141,0.0429047718,1.47441834e-12,2.16149743e-05,14200,401,1992
1839,0.399997652,0.871665062,0.000111904276,0.871665062,0,0.00362562231,0.0435160451,1.39139634e-12,2.07841702e-05,19800,401,2499
1840,0.129362434,0.867833692,0.000126676718,0.867833692,0,0.00309683322,0.0434923882,1.78299899e-12,1.7410899e-05,8900,401,1510
1841,0.624719739,0.845348725,0.000116241177,0.845348725,0,0.00386189304,0.042282141,1.50133459e-12,2.05903348e-05,,401,1806
1842,0.916635156,0.784444662,6.49944582e-05,0.784444662,0,0.004195353,0.0394811728,4.69364399e-13,1.45811819e-05,14650,401,2957
1843,0.760105133,0.819600549,0.000155201114,0.819600549,0,0.00390303542,0.0410905865,2.67637621e-12,1.22036143e-05,18500,401,800
1844,0.259502739,0.874879784,0.000168352013,0.874879784,0,0.00355489656,0.0436902602,3.1491556e-12,1.58005736e-05,16200,401,553
1845,0.661392689,0.83897176,0.000124265545,0.83897176,0,0.00391059332,0.0419830468,1.71576951e-12,1.88256719e-05,,401,1567
1846,0.357940406,0.873777601,0.000119754256,0.873777601,0,0.00364886046,0.0436137355,1.59345352e-12,2.00325e-05,,401,1689
1847,0.94527328,0.777732595,0.000128093808,0.777732595,0,0.00442712068,0.0391671316,1.82311373e-12,1.23999343e-05,,401,1478
1848,0.120015331,0.866953523,0.000112479501,0.866953523,0,0.00307247738,0.0434660552,1.40573758e-12,1.7788783e-05,10150,401,2438
1849,0.355597258,0.873866946,0.00012042272,0.873866946,0,0.00364941135,0.0436179996,1.61129239e-12,1.99247581e-05,,401,1669
1850,0.32152167,0.874821314,0.000135137838,0.874821314,0,0.00364473419,0.0436662117,2.02913726e-12,1.8768379e-05,16200,401,1320
1851,0.0756109282,0.862096703,8.24587072e-05,0.862096703,0,0.00336802919,0.0432978445,7.55493156e-13,1.76387754e-05,18500,401,2797
1852,0.107225008,0.865668789,9.21842113e-05,0.865668789,0,0.00308250784,0.0434252014,9.44214312e-13,1.81477959e-05,2950,401,2726
1853,0.745223165,0.822701235,0.000152278457,0.822701235,0,0.00391651052,0.0412318184,2.57652539e-12,1.30723141e-05,18500,401,907
1854,0.849797428,0.799896445,0.000124606462,0.799896445,0,0.00395005311,0.0401897868,1.7251967e-12,1.27652398e-05,15450,401,1560
1855,0.428490281,0.869694652,0.000111678787,0.869694652,0,0.00360185056,0.0434266403,1.38579461e-12,2.10746988e-05,17750,401,2527
1856,0.902347744,0.787779868,6.47911849e-05,0.787779868,0,0.00409820264,0.0396368619,4.66433071e-13,1.4648945e-05,9300,401,2959
1857,0.311730713,0.874975307,0.000140253119,0.874975307,0,0.00363829375,0.0436753667,2.18565971e-12,1.83659826e-05,16200,401,1207
1858,0.568085492,0.854163033,0.000114116062,0.854163033,0,0.00374502439,0.0426992953,1.44694173e-12,2.1540148e-05,17100,401,2214
1859,0.238567755,0.874403912,0.000176659706,0.874403912,0,0.00349465366,0.0436808231,3.46762796e-12,1.49388479e-05,16200,401,431
1860,0.17889905,0.871663907,0.000174651128,0.871663907,0,0.0032720451,0.0436061752,3.38922407e-12,1.49801442e-05,,401,467
1861,0.829180837,0.80455629,0.000141209308,0.80455629,0,0.00393349424,0.0404014538,2.2155632e-12,1.17724274e-05,18500,401,1187
1862,0.976902187,0.770310525,0.000255067762,0.770310525,0,0.00472825287,0.0388204022,7.22884037e-12,6.55697651e-06,,401,165
1863,0.0942714065,0.864273117,7.53229393e-05,0.864273117,0,0.00317189623,0.0433763026,6.3039391e-13,1.82431108e-05,11750,401,2859
1864,0.824267745,0.805657074,0.000144204691,0.805657074,0,0.00392933365,0.0404516829,2.31055477e-12,1.15890597e-05,18500,401,1119
1865,0.648540318,0.841262638,0.000120790407,0.841262638,0,0.00389642663,0.04209021,1.62114693e-12,1.96445425e-05,,401,1660
1866,0.603554606,0.848795903,0.000114163543,0.848795903,0,0.00382316427,0.0424448069,1.44814605e-12,2.11356298e-05,,401,2199
1867,0.0443529673,0.858016195,0.000191201708,0.858016195,0,0.00381444581,0.0431504546,4.06201034e-12,1.39343789e-05,,401,247
1868,0.827464998,0.804941168,0.000142132812,0.804941168,0,0.00393205432,0.0404190063,2.24463736e-12,1.17361025e-05,18500,401,1166
1869,0.425710052,0.869905743,0.000111558091,0.869905743,0,0.00360421542,0.0434362033,1.38280086e-12,2.10912174e-05,19500,401,2545
1870,0.773967147,0.816663725,0.000156551248,0.816663725,0,0.00389156797,0.0409569733,2.72314369e-12,1.15616792e-05,18500,401,703
1871,0.0319869556,0.85625326,0.000254709956,0.85625326,0,0.00402970176,0.043087148,7.20857355e-12,1.12082402e-05,,401,166
1872,0.888388753,0.791024916,7.87971657e-05,0.791024916,0,0.00402159446,0.0397874249,6.89888147e-13,1.45785879e-05,6000,401,2827
1873,0.886854231,0.791380616,8.06201162e-05,0.791380616,0,0.00401483016,0.0398038177,7.22178126e-13,1.45227343e-05,6000,401,2812
1874,0.0934831128,0.864185156,7.46251953e-05,0.864185156,0,0.00317886891,0.0433731584,6.18768863e-13,1.82376194e-05,11750,401,2867
1875,0.310242414,0.874994056,0.000141058968,0.874994056,0,0.00363708726,0.0436765818,2.21084805e-12,1.83068972e-05,16200,401,1190
1876,0.524188936,0.860047361,0.000115498743,0.860047361,0,0.00363855452,0.0429794389,1.48221773e-12,2.16150144e-05,14000,401,1911
1877,0.736289084,0.824534443,0.00014987281,0.824534443,0,0.00392303177,0.0413155734,2.49576212e-12,1.37486273e-05,18500,401,977
1878,0.938336134,0.77936035,0.000106958887,0.77936035,0,0.00436715321,0.0392432912,1.27113372e-12,1.30549655e-05,,401,2630
1879,0.442483455,0.868571049,0.000112475236,0.868571049,0,0.00359038434,0.0433757195,1.40563098e-12,2.12039756e-05,16900,401,2439
1880,0.374967068,0.873038156,0.000115241429,0.873038156,0,0.00364217973,0.0435790443,1.47562077e-12,2.04045252e-05,,401,1982
1881,0.0477161407,0.858481105,0.000175675242,0.858481105,0,0.00375971873,0.0431671931,3.42908785e-12,1.45332183e-05,,401,449
1882,0.277523309,0.87508832,0.000159178297,0.87508832,0,0.00359389238,0.043691452,2.81530337e-12,1.66744265e-05,16200,401,654
1883,0.841454923,0.8017897,0.000132031685,0.8017897,0,0.00394339496,0.0402756015,1.93692954e-12,1.23876352e-05,17350,401,1389
1884,0.93161422,0.780936954,8.95467825e-05,0.780936954,0,0.00431127216,0.0393170737,8.90958474e-13,1.36988762e-05,14650,401,2746
1885,0.782868147,0.814754223,0.000156558167,0.814754223,0,0.00389203199,0.0408695115,2.72338441e-12,1.11561913e-05,18500,401,702
1886,0.414833993,0.870692604,0.000111429286,0.870692604,0,0.00361349667,0.0434718642,1.37960952e-12,2.09739519e-05,19500,401,2584
1887,0.621834278,0.845828911,0.000115909662,0.845828911,0,0.0038570294,0.0423047595,1.4927833e-12,2.05788708e-05,,401,1822
1888,0.808393419,0.809184365,0.0001515352,0.809184365,0,0.0039149646,0.0406132003,2.55143522e-12,1.11325055e-05,18500,401,931
1889,0.533834755,0.858829311,0.000115228808,0.858829311,0,0.00366150205,0.0429214354,1.47529757e-12,2.15797687e-05,14200,401,1984
1890,0.184232503,0.871992332,0.000177074196,0.871992332,0,0.00328976195,0.043615951,3.48391899e-12,1.47594248e-05,,401,425
1891,0.938244104,0.779382197,0.000106688598,0.779382197,0,0.00436637802,0.0392443145,1.26471744e-12,1.3198049e-05,,401,2631
1892,0.979897439,0.769608502,0.000269522357,0.769608502,0,0.00475905438,0.0387876747,8.07136678e-12,5.80523883e-06,,401,149
1893,0.843175888,0.80140006,0.000130592774,0.80140006,0,0.00394475958,0.0402579202,1.89494139e-12,1.25073255e-05,17350,401,1421
1894,0.0709118992,0.861517937,9.23242951e-05,0.861517937,0,0.00342623266,0.0432768952,9.47086163e-13,1.73105171e-05,19500,401,2725
1895,0.697323024,0.832265552,0.000136520324,0.832265552,0,0.00393192653,0.0416712668,2.07086655e-12,1.65966392e-05,18500,401,1290
1896,0.987600267,0.767805288,0.00030807133,0.767805288,0,0.00484004089,0.0387036778,1.05453272e-11,3.63049408e-06,,401,106
1897,0.00647394825,0.852353842,0.000415191112,0.852353842,0,0.00454353099,0.0429483187,1.915374e-11,2.82050668e-06,,401,20
1898,0.253576487,0.87477062,0.000170999623,0.87477062,0,0.00353949928,0.0436884576,3.24898567e-12,1.55143694e-05,16200,401,519
1899,0.181889385,0.871850074,0.000176113965,0.871850074,0,0.00328196211,0.0436117244,3.44623651e-12,1.48298382e-05,,401,443
1900,0.887247145,0.791289578,8.00644816e-05,0.791289578,0,0.00401650957,0.0397996261,7.12257913e-13,1.4567182e-05,6000,401,2815
1901,0.34263441,0.874306105,0.000125345797,0.874306105,0,0.00365057501,0.0436393609,1.74572988e-12,1.95448831e-05,16200,401,1542
1902,0.0352732018,0.856729966,0.000236956086,0.856729966,0,0.00397034035,0.0431042387,6.23868742e-12,1.20514623e-05,,401,187
1903,0.00324850646,0.851835922,0.000438266904,0.851835922,0,0.00461511336,0.0429300319,2.13419865e-11,1.47845217e-06,,401,10
1904,0.940053523,0.778957332,0.000111926058,0.778957332,0,0.0043817878,0.0392244336,1.39193805e-12,1.30060931e-05,,401,2496
1905,0.0295929257,0.855902391,0.000268109698,0.855902391,0,0.00407393269,0.0430745837,7.98697894e-12,1.06041093e-05,,401,151
1906,0.535057187,0.858671741,0.000115252686,0.858671741,0,0.0036644662,0.0429139288,1.47590907e-12,2.1667209e-05,14200,401,1980
1907,0.905418873,0.787064074,6.28397356e-05,0.787064074,0,0.00411777128,0.0396035006,4.38759152e-13,1.47554676e-05,9300,401,2978
1908,0.128675237,0.867770669,0.00012578868,0.867770669,0,0.00309468229,0.0434905173,1.758088e-12,1.742647e-05,8900,401,1531
1909,0.53208214,0.859053793,0.000115327598,0.859053793,0,0.00365726737,0.042932128,1.47782833e-12,2.16240279e-05,14200,401,1964
1910,0.779628277,0.815451277,0.000156596847,0.815451277,0,0.00389073426,0.0409015299,2.72473029e-12,1.13012475e-05,18500,401,693
1911,0.814686656,0.807791454,0.000148996702,0.807791454,0,0.00392082816,0.0405493187,2.46666857e-12,1.12690398e-05,18500,401,1001
1912,0.179719299,0.871715478,0.00017513073,0.871715478,0,0.00327476599,0.0436077136,3.40786363e-12,1.49263397e-05,,401,459
1913,0.234518796,0.87428281,0.000177987668,0.87428281,0,0.00348113943,0.0436780182,3.51995667e-12,1.47864487e-05,,401,408
1914,0.371855468,0.873185199,0.000115912538,0.873185199,0,0.0036437263,0.0435858773,1.49285739e-12,2.03295366e-05,,401,1821
1915,0.365989685,0.873447921,0.000117336695,0.873447921,0,0.0036462638,0.0435981568,1.52976666e-12,2.01932055e-05,,401,1764
1916,0.579260767,0.852529168,0.000113774748,0.852529168,0,0.00377108271,0.0426216794,1.43829926e-12,2.14261678e-05,17100,401,2324
1917,0.126095042,0.867531736,0.000121849324,0.867531736,0,0.00308699715,0.0434834121,1.64969529e-12,1.75052063e-05,8900,401,1631
1918,0.762296498,0.819139503,0.000155750293,0.819139503,0,0.00390093497,0.0410696214,2.69535042e-12,1.19672338e-05,18500,401,772
1919,0.574002743,0.853304608,0.000113907299,0.853304608,0,0.00375895497,0.0426585017,1.44165253e-12,2.16050961e-05,17100,401,2277
1920,0.900659442,0.788173039,6.58091969e-05,0.788173039,0,0.00408779964,0.0396551702,4.812056e-13,1.47325571e-05,9300,401,2950
1921,0.825003028,0.805492601,0.000143704958,0.805492601,0,0.00392997319,0.0404441727,2.29456834e-12,1.15774806e-05,18500,401,1130
1922,0.740234613,0.823727461,0.000151021445,0.823727461,0,0.00392033296,0.0412786775,2.53416409e-12,1.34291976e-05,18500,401,945
1923,0.165513039,0.87076774,0.000166592436,0.87076774,0,0.00322681723,0.0435793802,3.0836711e-12,1.55007607e-05,19450,401,574
1924,0.3091515,0.875006946,0.000141708875,0.875006946,0,0.00363616338,0.0436774393,2.23126725e-12,1.82290431e-05,16200,401,1177
1925,0.879570127,0.793066098,9.00863327e-05,0.793066098,0,0.00398947271,0.0398809717,9.01727483e-13,1.42172135e-05,3000,401,2741
1926,0.579593182,0.852479725,0.000113802326,0.852479725,0,0.00377183914,0.0426193332,1.4389966e-12,2.15400816e-05,17100,401,2308
1927,0.227649808,0.874055748,0.000179682038,0.874055748,0,0.00345686705,0.043672541,3.58729274e-12,1.46272693e-05,,401,367
1928,0.950392187,0.776530928,0.000145379292,0.776530928,0,0.00447281045,0.0391109262,2.34834873e-12,1.18090609e-05,,401,1092
1929,0.930675924,0.781156961,8.74162016e-05,0.781156961,0,0.00430365767,0.0393273687,8.49065811e-13,1.37131613e-05,14650,401,2759
1930,0.832291484,0.803857307,0.000139078301,0.803857307,0,0.00393606465,0.0403696037,2.14919709e-12,1.19972302e-05,17350,401,1234
1931,0.238713384,0.874408081,0.000176645424,0.874408081,0,0.00349512784,0.0436809175,3.46706732e-12,1.49621461e-05,16200,401,432
1932,0.212426484,0.873455929,0.0001817196,0.873455929,0,0.00339774136,0.0436571979,3.66911254e-12,1.44149545e-05,,401,273
1933,0.188749924,0.872257617,0.000178611544,0.872257617,0,0.00330504493,0.0436237802,3.54467596e-12,1.46611499e-05,,401,395
1934,0.306870729,0.875031775,0.000142907528,0.875031775,0,0.00363412584,0.0436791525,2.2691735e-12,1.81200076e-05,16200,401,1148
1935,0.0783141404,0.862424034,7.81014996e-05,0.862424034,0,0.00333602962,0.0433096892,6.77760471e-13,1.77743034e-05,18050,401,2832
1936,0.406436533,0.871257465,0.000111554778,0.871257465,0,0.00362049348,0.0434975041,1.38271873e-12,2.09075599e-05,19500,401,2546
1937,0.00734595768,0.852492894,0.000409082182,0.852492894,0,0.00452442983,0.0429532349,1.85942479e-11,3.18736471e-06,,401,23
1938,0.598780394,0.849548714,0.000113924835,0.849548714,0,0.00381351233,0.0424804157,1.44209644e-12,2.11953488e-05,,401,2268
1939,0.769588649,0.817596234,0.000156246835,0.817596234,0,0.00389441205,0.0409994416,2.71256371e-12,1.17182112e-05,18500,401,740
1940,0.933821082,0.780419536,9.48501985e-05,0.780419536,0,0.0043293726,0.0392928599,9.99617796e-13,1.35198291e-05,19950,401,2709
1941,0.883292794,0.792205451,8.53859278e-05,0.792205451,0,0.00400097886,0.0398416903,8.10084074e-13,1.44736771e-05,3900,401,2775
1942,0.975427389,0.770656309,0.000248253087,0.770656309,0,0.00471322423,0.0388365283,6.84773281e-12,6.87514409e-06,,401,173
1943,0.318775713,0.874869865,0.000136453234,0.874869865,0,0.00364318408,0.0436689837,2.06883168e-12,1.86744914e-05,16200,401,1292
1944,0.155517742,0.870031463,0.000158225468,0.870031463,0,0.00319130645,0.0435574244,2.78169986e-12,1.60335401e-05,16800,401,665
1945,0.521330416,0.860400125,0.000115605714,0.860400125,0,0.00363196686,0.0429962268,1.48496457e-12,2.1596568e-05,13000,401,1850
1946,0.370646536,0.873240964,0.000116206424,0.873240964,0,0.00364429318,0.0435884763,1.50043701e-12,2.02769803e-05,,401,1808
1947,0.468439341,0.866221113,0.000114122491,0.866221113,0,0.00357484707,0.0432687645,1.44710478e-12,2.1352876e-05,12600,401,2211
1948,0.905769169,0.786982203,6.28471383e-05,0.786982203,0,0.00412004285,0.0395996812,4.38862533e-13,1.46799156e-05,9300,401,2977
1949,0.681808293,0.835214111,0.000130878918,0.835214111,0,0.00392612764,0.0418079869,1.90325457e-12,1.76892717e-05,18500,401,1416
1950,0.599590778,0.849421573,0.000114024048,0.849421573,0,0.00381517306,0.0424744002,1.44460927e-12,2.12185136e-05,,401,2234
1951,0.210445628,0.873368053,0.000181744919,0.873368053,0,0.00338963485,0.0436548709,3.67013507e-12,1.44318961e-05,,401,267
1952,0.839298189,0.802277391,0.000133747623,0.802277391,0,0.00394168781,0.0402977457,1.98760297e-12,1.22541701e-05,17350,401,1350
1953,0.249457434,0.874682873,0.000172721902,0.874682873,0,0.0035280212,0.0436867989,3.3147617e-12,1.53313361e-05,16200,401,496
1954,0.766809225,0.818185943,0.00015615658,0.818185943,0,0.00389674768,0.041026264,2.70943083e-12,1.1786275e-05,18500,401,748
1955,0.840881526,0.801919475,0.000132408848,0.801919475,0,0.00394294694,0.0402814921,1.94801144e-12,1.23526999e-05,17350,401,1380
1956,0.889260292,0.790822854,7.77661212e-05,0.790822854,0,0.00402561646,0.0397780992,6.71952179e-13,1.4545804e-05,6600,401,2836
1957,0.419758469,0.870344028,0.00011142302,0.870344028,0,0.00360930399,0.0434560619,1.37945438e-12,2.10158123e-05,19500,401,2585
1958,0.825606346,0.80535759,0.000143435786,0.80535759,0,0.00393048749,0.040438009,2.28598052e-12,1.16797712e-05,18500,401,1138
1959,0.402947545,0.871481052,0.000111742339,0.871481052,0,0.00362330573,0.0435076695,1.38737225e-12,2.08387246e-05,19500,401,2513
1960,0.221122414,0.873814936,0.000180901928,0.873814936,0,0.00343233734,0.0436665074,3.63616752e-12,1.45142783e-05,,401,326
1961,0.0321131237,0.856271688,0.000254039763,0.856271688,0,0.00402739164,0.0430878085,7.17068904e-12,1.12626222e-05,,401,167
1962,0.630966008,0.844297843,0.00011723548,0.844297843,0,0.00387193195,0.0422326844,1.52712865e-12,2.02464486e-05,,401,1771
1963,0.228912577,0.874099607,0.000179353573,0.874099607,0,0.00346145306,0.0436736194,3.57418936e-12,1.46794392e-05,,401,375
1964,0.994967163,0.766083048,0.000347598995,0.766083048,0,0.00491988987,0.0386235532,1.34250068e-11,1.3590526e-06,,401,66
1965,0.766028702,0.818351279,0.000156036906,0.818351279,0,0.00389745126,0.0410337821,2.70527956e-12,1.18344614e-05,18500,401,755
1966,0.193663865,0.872532945,0.000180016167,0.872532945,0,0.00332246804,0.0436317888,3.60064672e-12,1.45369235e-05,,401,359
1967,0.454216331,0.867551207,0.000113148849,0.867551207,0,0.00358197575,0.043329412,1.422518e-12,2.12509604e-05,13250,401,2392
1968,0.582281053,0.852078416,0.000113728575,0.852078416,0,0.00377792824,0.0426002889,1.43713209e-12,2.15328384e-05,17100,401,2343
1969,0.819177687,0.806792792,0.000146877793,0.806792792,0,0.00392488362,0.0405035955,2.39700956e-12,1.13588916e-05,18500,401,1055
1970,0.334364384,0.874537579,0.000128976155,0.874537579,0,0.00364951481,0.043651043,1.84831652e-12,1.92688365e-05,16200,401,1458
1971,0.434764206,0.869203467,0.000112036549,0.869203467,0,0.00359659061,0.0434043871,1.39468758e-12,2.11317466e-05,17750,401,2478
1972,0.0862132758,0.863357282,7.22471706e-05,0.863357282,0,0.00324911601,0.0433434094,5.79961517e-13,1.81049071e-05,16950,401,2905
1973,0.0332711153,0.856440254,0.000247706706,0.856440254,0,0.00400631616,0.0430938498,6.8176236e-12,1.15762951e-05,,401,174
1974,0.662431657,0.838783855,0.000124567398,0.838783855,0,0.0039115989,0.0419742702,1.72411517e-12,1.88202434e-05,,401,1562
1975,0.70515269,0.830748515,0.000139352955,0.830748515,0,0.00393282675,0.0416011498,2.157694e-12,1.60572232e-05,18500,401,1227
1976,0.963093221,0.773549598,0.000194072102,0.773549598,0,0.00459129261,0.0389715789,4.18488673e-12,9.64090123e-06,,401,242
1977,0.241651714,0.87448977,0.000175655685,0.87448977,0,0.00350455323,0.0436827451,3.4283244e-12,1.50747011e-05,16200,401,451
1978,0.85560894,0.79857163,0.000118598392,0.79857163,0,0.00395493997,0.04012987,1.56284206e-12,1.32468742e-05,15450,401,1722
1979,0.804226696,0.810102614,0.000152888771,0.810102614,0,0.00391098055,0.040655378,2.59721958e-12,1.10536197e-05,18500,401,889
1980,0.203177825,0.873026363,0.000181495242,0.873026363,0,0.0033596717,0.0436456525,3.66005809e-12,1.44214728e-05,,401,296
1981,0.984476864,0.768536262,0.000292223703,0.768536262,0,0.00480690241,0.0387377151,9.48829916e-12,4.5616782e-06,,401,123
1982,0.972145975,0.77142552,0.000233052341,0.77142552,0,0.00468013553,0.0388724124,6.03482153e-12,7.75400065e-06,,401,192
1983,0.967485666,0.772518843,0.000212648084,0.772518843,0,0.00463395229,0.0389234441,5.02435639e-12,8.81107834e-06,,401,218
1984,0.308144629,0.875018257,0.000142179821,0.875018257,0,0.00363528382,0.0436782084,2.2461224e-12,1.81977346e-05,16200,401,1164
1985,0.494527519,0.863519478,0.000115403063,0.863519478,0,0.00358270716,0.0431438363,1.47976298e-12,2.14978706e-05,4400,401,1948
1986,0.76890707,0.817741184,0.000156175385,0.817741184,0,0.00389495654,0.0410060371,2.71008344e-12,1.1722401e-05,18500,401,746
1987,0.0664939582,0.860962521,0.000104250526,0.860962521,0,0.00348386264,0.0432567946,1.20757468e-12,1.69324751e-05,19800,401,2649
1988,0.848626018,0.800162875,0.000125656664,0.800162875,0,0.00394910383,0.0402018491,1.75439969e-12,1.27557999e-05,17350,401,1533
1989,0.712416887,0.829324262,0.00014193004,0.829324262,0,0.00393244655,0.0415354637,2.23823735e-12,1.56185998e-05,18500,401,1170
1990,0.682349026,0.835112529,0.000131126717,0.835112529,0,0.00392641456,0.0418032672,1.91046843e-12,1.76477636e-05,18500,401,1411
1991,0.130648628,0.867950874,0.000128589368,0.867950874,0,0.00310097148,0.0434958614,1.8372473e-12,1.73318379e-05,8900,401,1467
1992,0.0517392233,0.859029142,0.000158032839,0.859029142,0,0.00369638698,0.0431869474,2.77493091e-12,1.51566393e-05,,401,667
1993,0.14692539,0.869352583,0.000149406075,0.869352583,0,0.0031596812,0.0435372784,2.4802417e-12,1.64951855e-05,15250,401,989
1994,0.114221193,0.866382983,0.00010311478,0.866382983,0,0.00306682579,0.0434485044,1.18140644e-12,1.79902141e-05,4350,401,2656
1995,0.749322176,0.821852905,0.000153360773,0.821852905,0,0.0039130609,0.0411931296,2.61328076e-12,1.27108879e-05,18500,401,872
1996,0.694343626,0.832837801,0.000135447319,0.832837801,0,0.00393122157,0.041697756,2.03844182e-12,1.67746167e-05,18500,401,1315
1997,0.874812663,0.794164504,9.61057632e-05,0.794164504,0,0.00397860786,0.0399308208,1.02625752e-12,1.40447189e-05,3000,401,2700
1998,0.301639467,0.87507764,0.000145774306,0.87507764,0,0.00362889163,0.0436826655,2.3611276e-12,1.78886285e-05,16200,401,1080
1999,0.463559479,0.866689087,0.000113911812,0.866689087,0,0.00357676775,0.0432901452,1.44176676e-12,2.1299668e-05,12600,401,2275
2000,0.384674251,0.872545925,0.000113530265,0.872545925,0,0.0036365464,0.0435563251,1.43212457e-12,2.05745154e-05,,401,2365
2001,0.413313329,0.870797612,0.000111441592,0.870797612,0,0.00361478284,0.0434766274,1.37991426e-12,2.09235276e-05,19500,401,2576
2002,0.896027386,0.789251165,7.00593243e-05,0.789251165,0,0.0040606914,0.0397052992,5.45367658e-13,1.46516233e-05,9300,401,2925
2003,0.283573508,0.875116697,0.000155874397,0.875116697,0,0.00360444278,0.0436903769,2.69964752e-12,1.69624216e-05,16200,401,762
2004,0.490974039,0.863907138,0.000115227611,0.863907138,0,0.00357912396,0.0431619631,1.47526692e-12,2.14713464e-05,4400,401,1985
2005,0.352458447,0.873981807,0.000121517394,0.873981807,0,0.00364998952,0.0436235158,1.64071967e-12,1.98314432e-05,,401,1638
2006,0.927701235,0.781854309,8.09700977e-05,0.781854309,0,0.00427979757,0.0393600028,7.28461859e-13,1.39257256e-05,14650,401,2807
2007,0.401211202,0.871589917,0.000111775016,0.871589917,0,0.00362467812,0.0435126232,1.38818379e-12,2.08490886e-05,19500,401,2511
2008,0.447217792,0.868168104,0.00011276337,0.868168104,0,0.00358680771,0.0433574374,1.41284195e-12,2.1224387e-05,16900,401,2423
2009,0.934579194,0.780241711,9.67798016e-05,0.780241711,0,0.00433564511,0.0392845359,1.04070333e-12,1.34746723e-05,19950,401,2697
2010,0.458562911,0.867155658,0.000113359479,0.867155658,0,0.00357934834,0.0433114127,1.42781905e-12,2.12576447e-05,12600,401,2375
2011,0.84764415,0.800386025,0.00012658489,0.800386025,0,0.00394831749,0.0402119544,1.78041493e-12,1.26347167e-05,17350,401,1513
2012,0.926831603,0.782057847,7.91968278e-05,0.782057847,0,0.00427291736,0.0393695273,6.9690417e-13,1.40078884e-05,14650,401,2823
2013,0.814552784,0.807821301,0.000149105491,0.807821301,0,0.00392070814,0.0405506865,2.47027194e-12,1.12540246e-05,18500,401,997
2014,0.470611274,0.866009166,0.000114245217,0.866009166,0,0.00357422791,0.0432590639,1.45021883e-12,2.13235316e-05,12600,401,2188
2015,0.763759196,0.818831102,0.000155774069,0.818831102,0,0.00389954008,0.0410555996,2.69617341e-12,1.20134794e-05,18500,401,770
2016,0.534035563,0.858803364,0.000115314673,0.858803364,0,0.00366199397,0.0429201979,1.47749709e-12,2.16479133e-05,14200,401,1968
2017,0.802730978,0.81043148,0.000153244846,0.81043148,0,0.00390953959,0.0406704956,2.60933142e-12,1.10839737e-05,18500,401,877
2018,0.539621472,0.85807797,0.000114963668,0.85807797,0,0.00367561631,0.0428856434,1.4685161e-12,2.16495448e-05,14200,401,2041
2019,0.838695467,0.802413515,0.000134263161,0.802413515,0,0.00394121511,0.0403039281,2.00295516e-12,1.22335743e-05,17350,401,1340
2020,0.870863736,0.795074314,0.000101012029,0.795074314,0,0.00397186668,0.0399719644,1.13371446e-12,1.3875613e-05,3050,401,2670
2021,0.639695108,0.842804659,0.000118792379,0.842804659,0,0.00388481424,0.0421625252,1.56795881e-12,1.99708419e-05,,401,1716
2022,0.86297214,0.796886953,0.000110557491,0.796886953,0,0.00396197457,0.0400537914,1.35810654e-12,1.35762198e-05,13150,401,2607
2023,0.45767206,0.867237526,0.000113390295,0.867237526,0,0.00357985621,0.0433151401,1.42859544e-12,2.12626988e-05,13250,401,2374
2024,0.768634439,0.817798934,0.000156318226,0.817798934,0,0.00389518224,0.0410086646,2.7150431e-12,1.17585573e-05,18500,401,735
2025,0.0344181918,0.856606531,0.000241527235,0.856606531,0,0.00398563361,0.0430998112,6.48171167e-12,1.18169679e-05,,401,182
2026,0.0277618617,0.855631882,0.000278618959,0.855631882,0,0.0041083276,0.0430649057,8.62539162e-12,1.01427258e-05,,401,139
2027,0.440080941,0.868771125,0.000112061686,0.868771125,0,0.0035922728,0.0433847911,1.39531349e-12,2.12112699e-05,16900,401,2477
2028,0.848918438,0.800096268,0.000125274047,0.800096268,0,0.00394934104,0.0401988314,1.74373188e-12,1.28666682e-05,15450,401,1543
2029,0.991750717,0.766834716,0.000330039431,0.766834716,0,0.00488473873,0.0386585104,1.21028918e-11,2.39492451e-06,,401,83
2030,0.792829037,0.812596629,0.000155444783,0.812596629,0,0.00390003615,0.0407701449,2.68478672e-12,1.10418292e-05,18500,401,789
2031,0.256317645,0.874823625,0.0001697986,0.874823625,0,0.0035467805,0.043689378,3.20350719e-12,1.56521501e-05,16200,401,536
2032,0.389300823,0.872293287,0.000112910931,0.872293287,0,0.00363347824,0.0435447332,1.41654204e-12,2.06306981e-05,19800,401,2411
2033,0.904573262,0.787261065,6.33731412e-05,0.787261065,0,0.00411229784,0.0396126851,4.46239447e-13,1.46266727e-05,9300,401,2972
2034,0.110384181,0.865994683,9.70986156e-05,0.865994683,0,0.00307157783,0.0434360636,1.04757124e-12,1.8078705e-05,3000,401,2695
2035,0.515524805,0.861104686,0.000115563393,0.861104686,0,0.00361908514,0.0430297263,1.48387754e-12,2.15928158e-05,12050,401,1871
2036,0.329241991,0.874661843,0.000131212925,0.874661843,0,0.00364808463,0.0436575262,1.9129813e-12,1.90917767e-05,16200,401,1407
2037,0.525155008,0.859927347,0.000115487556,0.859927347,0,0.0036408002,0.0429737265,1.48193063e-12,2.15833667e-05,14000,401,1916
2038,0.615889907,0.846808275,0.00011515617,0.846808275,0,0.00384657879,0.0423509334,1.47343817e-12,2.08440231e-05,,401,2002
2039,0.346230656,0.874193603,0.00012383234,0.874193603,0,0.00365058598,0.0436338099,1.7038276e-12,1.96770302e-05,,401,1580
2040,0.899933934,0.788342066,6.63661691e-05,0.788342066,0,0.00408341462,0.0396630356,4.89385378e-13,1.47230232e-05,9300,401,2945
2041,0.195549563,0.872634783,0.000180320276,0.872634783,0,0.00332948117,0.0436347045,3.61282244e-12,1.45168949e-05,,401,349
2042,0.332944781,0.874573515,0.000129503327,0.874573515,0,0.00364917918,0.0436528986,1.86345685e-12,1.92216744e-05,16200,401,1447
2043,0.657141984,0.839735952,0.000123043567,0.839735952,0,0.00390627974,0.042018758,1.68219103e-12,1.92191036e-05,,401,1599
2044,0.0655410513,0.860841228,0.000107099625,0.860841228,0,0.00349665235,0.0432524061,1.27448107e-12,1.68535785e-05,19800,401,2629
2045,0.14765352,0.869411742,0.000150222352,0.869411742,0,0.00316238059,0.0435390302,2.50741721e-12,1.64423637e-05,15250,401,969
2046,0.317594618,0.874889532,0.000137140852,0.874889532,0,0.00364245887,0.0436701303,2.08973481e-12,1.8649522e-05,16200,401,1275
2047,0.270840526,0.8750326,0.000162714254,0.8750326,0,0.00358077805,0.0436917691,2.94176985e-12,1.63508661e-05,16200,401,617
2048,0.769240677,0.817670242,0.000156403894,0.817670242,0,0.0038946924,0.0410028094,2.71801978e-12,1.16162588e-05,18500,401,727
2049,0.486705899,0.864364803,0.000114984157,0.864364803,0,0.00357603325,0.0431832695,1.46903961e-12,2.14209054e-05,4400,401,2037
2050,0.694980562,0.832715745,0.000135665941,0.832715745,0,0.00393139172,0.0416921034,2.04502751e-12,1.67569968e-05,18500,401,1310
2051,0.972450674,0.771353975,0.000234547096,0.771353975,0,0.00468319095,0.0388690749,6.11248227e-12,7.64557224e-06,,401,190
2052,0.997713029,0.765442247,0.000362857043,0.765442247,0,0.00495024638,0.0385937688,1.46294704e-11,6.23859594e-07,,401,49
2053,0.806359708,0.809633029,0.000152176221,0.809633029,0,0.00391302653,0.0406338027,2.57306692e-12,1.10701718e-05,18500,401,910
2054,0.503838599,0.862474739,0.000115548005,0.862474739,0,0.00359617476,0.0430946656,1.48348237e-12,2.15212516e-05,7850,401,1881
2055,0.0621989667,0.86041221,0.000117935572,0.86041221,0,0.00354253948,0.0432368927,1.54542212e-12,1.65314365e-05,,401,1744
2056,0.363654792,0.873547212,0.000117925393,0.873547212,0,0.00364712534,0.0436028264,1.54515537e-12,2.01673611e-05,,401,1745
2057,0.0355117843,0.85676432,0.000235695423,0.85676432,0,0.00396608724,0.0431054715,6.1724814e-12,1.20943352e-05,,401,189
2058,0.580450058,0.852352175,0.000113801498,0.852352175,0,0.00377378612,0.0426132789,1.43897566e-12,2.15851969e-05,17100,401,2309
2059,0.750220597,0.821666335,0.00015341879,0.821666335,0,0.00391226646,0.0411846268,2.61525836e-12,1.27691849e-05,18500,401,869
2060,0.193279415,0.872511886,0.000179919338,0.872511886,0,0.00332106278,0.0436311818,3.59677426e-12,1.45942218e-05,,401,362
2061,0.254843116,0.87479566,0.000170482218,0.87479566,0,0.00354289769,0.043688902,3.22935407e-12,1.55726048e-05,16200,401,526
2062,0.0609458946,0.860249746,0.000122219271,0.860249746,0,0.00356015157,0.0432310199,1.65972779e-12,1.63995627e-05,,401,1619
2063,0.642480671,0.842322228,0.000119425771,0.842322228,0,0.00388863016,0.0421398865,1.58472386e-12,1.9800586e-05,,401,1697
2064,0.504847646,0.862359105,0.00011554346,0.862359105,0,0.00359793593,0.0430892003,1.48336568e-12,2.15717057e-05,10850,401,1884
2065,0.132335067,0.86810315,0.000130989597,0.86810315,0,0.00310660068,0.0435003683,1.90647493e-12,1.72674943e-05,8900,401,1412
2066,0.0562790334,0.859636828,0.000139540869,0.859636828,0,0.00362770338,0.0432088763,2.16351712e-12,1.5827904e-05,,401,1224
2067,0.45745492,0.867257364,0.000113478835,0.867257364,0,0.00357998523,0.0433160426,1.43082733e-12,2.12781135e-05,13250,401,2367
2068,0.744266868,0.822898361,0.000152086811,0.822898361,0,0.00391727537,0.0412408142,2.57004423e-12,1.31299524e-05,18500,401,913
2069,0.338860512,0.874416408,0.000126932043,0.874416408,0,0.00365027415,0.0436448767,1.79019373e-12,1.93955163e-05,16200,401,1505
2070,0.717084169,0.828400609,0.000143657477,0.828400609,0,0.00393157176,0.0414929399,2.29305229e-12,1.51766918e-05,18500,401,1133
2071,0.257500947,0.874845159,0.000169227801,0.874845159,0,0.00354984264,0.0436897286,3.1820054e-12,1.57131088e-05,16200,401,542
2072,0.93487978,0.780171242,9.75629766e-05,0.780171242,0,0.00433814121,0.039281239,1.05761493e-12,1.3514316e-05,19950,401,2690
2073,0.863370299,0.796795807,0.000110050607,0.796795807,0,0.00396239435,0.0400496787,1.34568179e-12,1.35747251e-05,12950,401,2612
2074,0.210042626,0.873349892,0.0001817568,0.873349892,0,0.00338797362,0.0436543878,3.67061493e-12,1.4421115e-05,,401,263
2075,0.308872491,0.87501011,0.000141762806,0.87501011,0,0.00363592418,0.0436776529,2.23296591e-12,1.824262e-05,16200,401,1174
2076,0.380635113,0.87275704,0.000114061254,0.87275704,0,0.00363902875,0.0435660441,1.44555218e-12,2.05382394e-05,,401,2229
2077,0.64455235,0.841961549,0.000119914213,0.841961549,0,0.00389137289,0.0421229687,1.59771317e-12,1.97087013e-05,,401,1685
2078,0.560937822,0.855179673,0.000114333401,0.855179673,0,0.00372787023,0.0427476435,1.45245851e-12,2.16066222e-05,11600,401,2170
2079,0.568751693,0.854067094,0.000113986964,0.854067094,0,0.00374660325,0.0426947348,1.44366978e-12,2.16084667e-05,17100,401,2247
2080,0.0457871482,0.858215249,0.000184494439,0.858215249,0,0.00379091046,0.0431576194,3.782022e-12,1.41852045e-05,,401,256
2081,0.91449827,0.784944169,6.34471566e-05,0.784944169,0,0.00417989909,0.0395045228,4.47282409e-13,1.46110446e-05,14650,401,2970
2082,0.478994548,0.865168672,0.000114693689,0.865168672,0,0.00357351027,0.0432204541,1.46162692e-12,2.13877409e-05,9850,401,2098
2083,0.290011317,0.875124001,0.00015231967,0.875124001,0,0.00361433001,0.0436884066,2.57792022e-12,1.73405743e-05,16200,401,905
2084,0.45266217,0.867690441,0.000113066035,0.867690441,0,0.00358298882,0.0433357416,1.42043647e-12,2.12529665e-05,13250,401,2397
2085,0.466157526,0.86644145,0.000113929313,0.86644145,0,0.0035756651,0.0432788378,1.44220981e-12,2.13324921e-05,12600,401,2267
2086,0.19385612,0.872543327,0.000179995109,0.872543327,0,0.00332316999,0.0436320853,3.59980436e-12,1.45198826e-05,,401,361
2087,0.607912719,0.84810055,0.00011450194,0.84810055,0,0.00383169053,0.0424119417,1.45674382e-12,2.10399255e-05,,401,2132
2088,0.864036679,0.796642977,0.00010943163,0.796642977,0,0.00396312407,0.0400427808,1.33058686e-12,1.36048572e-05,12950,401,2615
2089,0.727552295,0.826306403,0.000147059783,0.826306403,0,0.0039278913,0.0413967397,2.40295329e-12,1.44177857e-05,18500,401,1049
2090,0.659811616,0.839256717,0.000123931147,0.839256717,0,0.00390902763,0.0419963584,1.70654769e-12,1.89186241e-05,,401,1576
2091,0.281956494,0.875111022,0.00015672515,0.875111022,0,0.00360174008,0.043690731,2.72919697e-12,1.6935652e-05,16200,401,680
2092,0.294982523,0.875113648,0.000149470842,0.875113648,0,0.0036210637,0.0436863029,2.48239252e-12,1.75770117e-05,16200,401,987
2093,0.441719919,0.868635007,0.000112355424,0.868635007,0,0.00359098173,0.0433786197,1.40263793e-12,2.11793026e-05,16900,401,2452
2094,0.466623724,0.866396652,0.000114045453,0.866396652,0,0.00357548463,0.0432767908,1.44515171e-12,2.13388122e-05,12600,401,2232
2095,0.31728825,0.874894472,0.00013728073,0.874894472,0,0.0036422654,0.0436704212,2.09399986e-12,1.85789102e-05,16200,401,1273
2096,0.752781034,0.821133694,0.000154020634,0.821133694,0,0.00390996202,0.04116036,2.6358173e-12,1.25437194e-05,18500,401,848
2097,0.0155950328,0.853788271,0.000353345573,0.853788271,0,0.0043491215,0.0429991647,1.3872566e-11,6.31729932e-06,,401,59
2098,0.15573971,0.870048404,0.00015846052,0.870048404,0,0.00319211243,0.0435579278,2.78997072e-12,1.60115629e-05,16800,401,662
2099,0.139975116,0.86877255,0.000141194902,0.86877255,0,0.00313390122,0.0435201329,2.21511116e-12,1.68250719e-05,15250,401,1188
2100,0.494322926,0.863542025,0.000115320326,0.863542025,0,0.00358247756,0.0431448919,1.47764197e-12,2.14447305e-05,4400,401,1967
2101,0.510206878,0.861736122,0.000115583393,0.861736122,0,0.00360805042,0.0430596986,1.48439118e-12,2.15241836e-05,12050,401,1858
2102,0.030044347,0.855968835,0.000265601067,0.855968835,0,0.00406552877,0.0430769632,7.83821408e-12,1.07364706e-05,,401,154
2103,0.74228853,0.823305776,0.000151574246,0.823305776,0,0.00391880745,0.0412594153,2.55275021e-12,1.33148629e-05,18500,401,927
2104,0.58166492,0.852170618,0.000113791131,0.852170618,0,0.00377654584,0.0426046634,1.4387135e-12,2.15160678e-05,17100,401,2314
2105,0.479505986,0.865116189,0.000114714459,0.865116189,0,0.00357356927,0.0432180344,1.46215635e-12,2.14083098e-05,9850,401,2093
2106,0.337517023,0.874453763,0.000127456324,0.874453763,0,0.00365009825,0.0436467642,1.80501273e-12,1.94047762e-05,16200,401,1491
2107,0.622853994,0.8456596,0.000115990995,0.8456596,0,0.00385876098,0.0422967834,1.49487899e-12,2.0560494e-05,,401,1817
2108,0.00192338298,0.851621512,0.000447924068,0.851621512,0,0.00464494956,0.0429224724,2.22928857e-11,8.58034111e-07,,401,6
2109,0.0537632406,0.859301489,0.000149604467,0.859301489,0,0.00366540129,0.0431967722,2.48683296e-12,1.54494096e-05,,401,984
2110,0.608049452,0.848078621,0.000114443935,0.848078621,0,0.00383195688,0.0424109053,1.45526826e-12,2.10224829e-05,,401,2142
2111,0.0281820297,0.85569411,0.00027620268,0.85569411,0,0.00410039018,0.0430671313,8.47643558e-12,1.02592641e-05,,401,142
2112,0.819358051,0.806752824,0.00014675329,0.806752824,0,0.00392505422,0.0405017683,2.39294757e-12,1.14210944e-05,18500,401,1060
2113,0.607427776,0.848178395,0.000114529623,0.848178395,0,0.00383075866,0.0424156197,1.45744829e-12,2.1060216e-05,,401,2128
2114,0.237307742,0.874367189,0.000177116825,0.874367189,0,0.00349051341,0.0436799818,3.48559663e-12,1.49038749e-05,16200,401,424
2115,0.68535316,0.834547119,0.000132140865,0.834547119,0,0.00392791815,0.0417770097,1.94013423e-12,1.74477881e-05,18500,401,1387
2116,0.909202397,0.786181365,6.20665276e-05,0.786181365,0,0.00414292331,0.0395623139,4.28028205e-13,1.46722106e-05,14650,401,2999
2117,0.678123891,0.83590258,0.000129648805,0.83590258,0,0.00392397732,0.0418399928,1.86764585e-12,1.78650449e-05,18500,401,1442
2118,0.280608177,0.875105309,0.000157519396,0.875105309,0,0.00359942344,0.0436909928,2.75692891e-12,1.68396821e-05,16200,401,673
2119,0.539826274,0.85805095,0.000115061354,0.85805095,0,0.00367611416,0.0428843555,1.4710128e-12,2.16142579e-05,14200,401,2017
2120,0.721259832,0.82756904,0.000145089928,0.82756904,0,0.00393039935,0.0414547045,2.3390097e-12,1.48262844e-05,18500,401,1098
2121,0.199781731,0.872856125,0.000181046823,0.872856125,0,0.00334592242,0.0436409455,3.64199466e-12,1.44608257e-05,,401,320
2122,0.656898022,0.839779655,0.000122956997,0.839779655,0,0.00390600978,0.0420208007,1.6798248e-12,1.91800669e-05,,401,1600
2123,0.433667719,0.869290639,0.000111944103,0.869290639,0,0.0035974946,0.0434083362,1.3923869e-12,2.11512293e-05,17750,401,2492
2124,0.578963697,0.852573335,0.000113785411,0.852573335,0,0.00377040406,0.0426237762,1.43856887e-12,2.15557808e-05,17100,401,2316
2125,0.220478669,0.873789844,0.00018098137,0.873789844,0,0.0034298452,0.0436658678,3.63936182e-12,1.44802878e-05,,401,324
2126,0.643938839,0.842068447,0.000119715503,0.842068447,0,0.00389056448,0.0421279813,1.59242242e-12,1.9847639e-05,,401,1690
2127,0.998234868,0.765320322,0.000365786525,0.765320322,0,0.00495605608,0.0385881018,1.48666425e-11,6.24882179e-07,,401,47
2128,0.551713228,0.856458857,0.000114662363,0.856458857,0,0.00370534358,0.0428085279,1.46082862e-12,2.16771216e-05,11600,401,2105
2129,0.668499589,0.837679757,0.000126456322,0.837679757,0,0.00391698927,0.0419227531,1.77680014e-12,1.84574439e-05,,401,1517
2130,0.103970326,0.865327017,8.72508737e-05,0.865327017,0,0.00309943321,0.0434134859,8.45857218e-13,1.82011987e-05,3000,401,2762
2131,0.252423793,0.87474698,0.000171564642,0.87474698,0,0.00353634843,0.0436880236,3.27049183e-12,1.55016386e-05,16200,401,512
2132,0.430185288,0.86956389,0.000111804476,0.86956389,0,0.00360041547,0.0434207167,1.38891566e-12,2.11094919e-05,17750,401,2509
2133,0.296972424,0.875105438,0.000148387167,0.875105438,0,0.00362354432,0.0436853089,2.44652792e-12,1.76439426e-05,16200,401,1017
2134,0.782171786,0.814904295,0.000156498158,0.814904295,0,0.00389165904,0.0408764115,2.72129706e-12,1.12272729e-05,18500,401,712
2135,0.289851487,0.875124202,0.000152360296,0.875124202,0,0.00361410103,0.0436884705,2.57929555e-12,1.72835048e-05,16200,401,904
2136,0.937805414,0.779485084,0.000105464726,0.779485084,0,0.00436266399,0.0392491292,1.23586761e-12,1.31607884e-05,,401,2642
2137,0.511188567,0.861620662,0.000115627327,0.861620662,0,0.00361001838,0.0430542231,1.48551986e-12,2.15295107e-05,12050,401,1844
2138,0.767133057,0.818117451,0.000156189005,0.818117451,0,0.00389646561,0.0410231497,2.71055613e-12,1.17728145e-05,18500,401,744
2139,0.700098693,0.831730045,0.000137467078,0.831730045,0,0.00393240345,0.0416464993,2.09968863e-12,1.64482211e-05,18500,401,1268
2140,0.348670185,0.874113286,0.000122856618,0.874113286,0,0.00365043969,0.0436298849,1.67708317e-12,1.97641653e-05,,401,1602
2141,0.216480792,0.873628788,0.000181421272,0.873628788,0,0.00341411105,0.0436617228,3.65707534e-12,1.44486749e-05,,401,301
2142,0.890519798,0.79053061,7.6253533e-05,0.79053061,0,0.00403167002,0.0397645961,6.46066811e-13,1.4571382e-05,8450,401,2851
2143,0.405429304,0.871322705,0.000111563409,0.871322705,0,0.0036213095,0.0435004692,1.38293269e-12,2.08842803e-05,19500,401,2541
2144,0.0413620472,0.857597426,0.000205737828,0.857597426,0,0.00386448237,0.043135391,4.70311711e-12,1.33389038e-05,,401,227
2145,0.382325649,0.872669658,0.000113871601,0.872669658,0,0.00363801319,0.0435620169,1.44074906e-12,2.0552397e-05,,401,2282
2146,0.389987975,0.872254756,0.000112817615,0.872254756,0,0.0036330063,0.0435429684,1.4142016e-12,2.06693074e-05,19800,401,2418
2147,0.273007572,0.875053398,0.00016162033,0.875053398,0,0.00358520565,0.0436917617,2.9023479e-12,1.64530829e-05,16200,401,630
2148,0.36715132,0.873397342,0.000116966503,0.873397342,0,0.00364579972,0.0435957851,1.52012921e-12,2.02281871e-05,,401,1780
2149,0.702649415,0.831235655,0.000138428924,0.831235655,0,0.00393268997,0.0416236481,2.1291741e-12,1.62896143e-05,18500,401,1250
2150,0.443446547,0.868490095,0.000112443657,0.868490095,0,0.00358964045,0.0433720476,1.40484178e-12,2.11731454e-05,16900,401,2444
2151,0.265967816,0.874975865,0.000165230476,0.874975865,0,0.00357022557,0.0436914314,3.0334567e-12,1.61175986e-05,16200,401,590
2152,0.0986312851,0.864753453,7.99544059e-05,0.864753453,0,0.00313602179,0.0433933832,7.10300781e-13,1.82729054e-05,11750,401,2818
2153,0.212199092,0.873445991,0.000181726985,0.873445991,0,0.00339681512,0.0436569362,3.66941081e-12,1.44241669e-05,,401,271
2154,0.621112108,0.845948627,0.000115827366,0.845948627,0,0.00385578959,0.0423104017,1.49066429e-12,2.06174197e-05,,401,1827
2155,0.827059984,0.805031968,0.000142335478,0.805031968,0,0.0039317115,0.0404231497,2.25104313e-12,1.16854223e-05,18500,401,1160
2156,0.542048693,0.857758134,0.000114893954,0.857758134,0,0.00368157327,0.042870407,1.46673563e-12,2.16475523e-05,14200,401,2061
2157,0.581871092,0.852139741,0.00011380871,0.852139741,0,0.00377700882,0.0426031974,1.43915805e-12,2.13949665e-05,17100,401,2304
2158,0.147673279,0.869413326,0.000150244403,0.869413326,0,0.00316245264,0.0435390762,2.50815341e-12,1.64498715e-05,15250,401,968
2159,0.978286862,0.769985894,0.000261683475,0.769985894,0,0.00474244523,0.0388052667,7.60869345e-12,6.32367486e-06,,401,158
2160,0.86210978,0.797084708,0.000111567951,0.797084708,0,0.00396107858,0.0400627183,1.38304531e-12,1.34860157e-05,13150,401,2540
2161,0.342256129,0.874317525,0.000125433036,0.874317525,0,0.00365056198,0.0436399285,1.74816073e-12,1.955439e-05,16200,401,1539
2162,0.0307639223,0.856074387,0.000261542587,0.856074387,0,0.00405219264,0.0430807407,7.60050275e-12,1.09012705e-05,,401,159
2163,0.493843555,0.863594648,0.000115333052,0.863594648,0,0.00358194751,0.0431473574,1.47796809e-12,2.15172713e-05,4400,401,1961
2164,0.769989908,0.817510925,0.000156332442,0.817510925,0,0.00389410416,0.0409955601,2.71553694e-12,1.1652126e-05,18500,401,734
2165,0.585318446,0.851621283,0.00011379149,0.851621283,0,0.00378471524,0.0425786038,1.43872258e-12,2.13742044e-05,17100,401,2313
2166,0.475568026,0.865516352,0.000114491844,0.865516352,0,0.00357343555,0.0432364542,1.45648694e-12,2.13503923e-05,12250,401,2134
2167,0.718300879,0.828158939,0.00014398459,0.828158939,0,0.00393126746,0.0414818233,2.30350692e-12,1.5097151e-05,18500,401,1123
2168,0.516103983,0.861035122,0.00011567236,0.861035122,0,0.00362033924,0.0430264205,1.48667721e-12,2.16048864e-05,12050,401,1834
2169,0.815179765,0.80768202,0.000148742675,0.80768202,0,0.00392128476,0.0405443034,2.45826483e-12,1.13114988e-05,18500,401,1008
2170,0.165785328,0.870787009,0.000166832714,0.870787009,0,0.00322775603,0.0435799567,3.09257272e-12,1.5507424e-05,19450,401,571
2171,0.959777772,0.774327766,0.00018063629,0.774327766,0,0.00455967734,0.0390079335,3.6254966e-12,1.02254021e-05,,401,340
2172,0.206984162,0.873209128,0.00018172639,0.873209128,0,0.00337535325,0.043650619,3.66938678e-12,1.43909489e-05,,401,272
2173,0.465195149,0.866533688,0.000114018942,0.866533688,0,0.00357605235,0.0432830516,1.4444799e-12,2.13221854e-05,12600,401,2237
2174,0.851772368,0.79944672,0.000122612144,0.79944672,0,0.00395168128,0.0401694356,1.67041532e-12,1.29263173e-05,15450,401,1608
2175,0.765365601,0.818491642,0.000155987986,0.818491642,0,0.00389804653,0.0410401646,2.70358354e-12,1.18703778e-05,18500,401,756
2176,0.0460180007,0.858247106,0.000183421579,0.858247106,0,0.00378715002,0.0431587659,3.73816396e-12,1.42425706e-05,,401,258
2177,0.6135391,0.847191665,0.000114992127,0.847191665,0,0.00384229165,0.0423690247,1.46924325e-12,2.08611354e-05,,401,2032
2178,0.45380789,0.867587949,0.000113212757,0.867587949,0,0.00358224347,0.0433310824,1.42412537e-12,2.12774413e-05,13250,401,2384
2179,0.370021999,0.873269336,0.000116321935,0.873269336,0,0.00364457515,0.0435897996,1.50342139e-12,2.0300948e-05,,401,1803
2180,0.208651602,0.873286425,0.000181758578,0.873286425,0,0.00338224169,0.0436526917,3.67068672e-12,1.43906512e-05,,401,262
2181,0.200674608,0.872901545,0.000181221374,0.872901545,0,0.00334950343,0.0436422093,3.6490207e-12,1.44614198e-05,,401,313
2182,0.723848403,0.827050948,0.000145896546,0.827050948,0,0.00392946352,0.0414309073,2.36508912e-12,1.47437809e-05,18500,401,1078
2183,0.553383529,0.856230007,0.000114509121,0.856230007,0,0.00370943991,0.042797632,1.45692653e-12,2.16582248e-05,11600,401,2131
2184,0.266944051,0.874988304,0.00016470626,0.874988304,0,0.00357240735,0.0436915366,3.01423914e-12,1.61390872e-05,16200,401,596
2185,0.314021379,0.874944185,0.000139001937,0.874944185,0,0.00364003064,0.0436734132,2.1468376e-12,1.846129e-05,16200,401,1236
2186,0.0744085163,0.861949735,8.46274587e-05,0.861949735,0,0.00338261643,0.0432925238,7.95756307e-13,1.75821508e-05,19300,401,2780
2187,0.0431156904,0.857843606,0.000197153871,0.857843606,0,0.00383499067,0.0431442454,4.31884987e-12,1.36761216e-05,,401,238
2188,0.382942319,0.872637511,0.000113729474,0.872637511,0,0.00363763662,0.0435605369,1.4371548e-12,2.05600139e-05,,401,2342
2189,0.439520568,0.868817484,0.000112270262,0.868817484,0,0.00359271939,0.0433868937,1.4005124e-12,2.11476834e-05,17750,401,2459
2190,0.40013811,0.871656464,0.000111866311,0.871656464,0,0.00362551547,0.0435156535,1.3904524e-12,2.08200712e-05,19800,401,2500
2191,0.37119934,0.873215522,0.000116080189,0.873215522,0,0.00364403861,0.04358729,1.49717893e-12,2.03047243e-05,,401,1814
2192,0.538702369,0.858198229,0.000115137455,0.858198229,0,0.00367336457,0.0428913722,1.47295929e-12,2.16767534e-05,14200,401,2005
2193,0.759483099,0.819731552,0.000155143496,0.819731552,0,0.00390362944,0.0410965466,2.67438936e-12,1.21906417e-05,18500,401,803
2194,0.562303662,0.854987326,0.000114240279,0.854987326,0,0.00373116958,0.0427384931,1.45009348e-12,2.16224241e-05,11600,401,2189
2195,0.66704154,0.837946271,0.000125959392,0.837946271,0,0.0039157599,0.0419351811,1.76286315e-12,1.86132293e-05,,401,1525
2196,0.301896244,0.875075699,0.000145647932,0.875075699,0,0.00362916762,0.043682504,2.35703558e-12,1.79029826e-05,16200,401,1084
2197,0.298609465,0.875097157,0.000147430217,0.875097157,0,0.0036254897,0.0436844375,2.41507432e-12,1.77661568e-05,16200,401,1041
2198,0.694119036,0.832880759,0.000135297276,0.832880759,0,0.00393115823,0.0416997449,2.03392809e-12,1.68816929e-05,18500,401,1317
2199,0.156397343,0.87009851,0.000159080302,0.87009851,0,0.00319449275,0.0435594185,2.81183807e-12,1.59810008e-05,16800,401,656
2200,0.759236574,0.819783617,0.000155087349,0.819783617,0,0.00390386619,0.0410989162,2.67245397e-12,1.21949163e-05,18500,401,806
2201,0.117504202,0.866708623,0.000108492956,0.866708623,0,0.00306867967,0.0434585957,1.30785795e-12,1.78632581e-05,8450,401,2622
2202,0.512344003,0.861484101,0.000115566237,0.861484101,0,0.00361238067,0.0430477436,1.48395057e-12,2.15338217e-05,12050,401,1870
2203,0.983519375,0.768760522,0.000287358751,0.768760522,0,0.00479681855,0.0387481601,9.17500575e-12,4.72786082e-06,,401,129
2204,0.784208953,0.814464887,0.000156408597,0.814464887,0,0.00389285702,0.0408561978,2.71818323e-12,1.12298643e-05,18500,401,726
2205,0.253816515,0.874775328,0.000170888249,0.874775328,0,0.00354014352,0.043688539,3.24475484e-12,1.55268345e-05,16200,401,520
2206,0.606430948,0.848337961,0.000114416699,0.848337961,0,0.00382882868,0.0424231599,1.45457568e-12,2.10224526e-05,,401,2150
2207,0.87545228,0.794016842,9.53009027e-05,0.794016842,0,0.00397986734,0.0399241316,1.00914023e-12,1.40219025e-05,3000,401,2706
2208,0.239322275,0.874425394,0.000176519344,0.874425394,0,0.00349711036,0.0436813086,3.46211988e-12,1.49667295e-05,16200,401,434
2209,0.899020135,0.788554826,6.71703952e-05,0.788554826,0,0.00407796084,0.0396729344,5.01317999e-13,1.47336867e-05,9300,401,2941
2210,0.891180515,0.790377139,7.53463833e-05,0.790377139,0,0.00403493683,0.0397574953,6.30786386e-13,1.46716223e-05,8450,401,2858
2211,0.669431925,0.837509053,0.000126707187,0.837509053,0,0.00391775495,0.0419147946,1.78385682e-12,1.84685293e-05,,401,1508
2212,0.0488004461,0.85862978,0.000170784902,0.85862978,0,0.00374242196,0.0431725512,3.24083143e-12,1.47132107e-05,,401,522
2213,0.772945285,0.816881755,0.000156612106,0.816881755,0,0.00389210785,0.0409669124,2.72526131e-12,1.15334465e-05,18500,401,691
2214,0.582668424,0.852020311,0.000113722935,0.852020311,0,0.00377879943,0.0425975318,1.43698955e-12,2.1477302e-05,17100,401,2345
2215,0.725737631,0.826671821,0.000146669443,0.826671821,0,0.00392870326,0.0414135048,2.39021396e-12,1.45071194e-05,18500,401,1061
2216,0.588109076,0.851197733,0.000113720242,0.851197733,0,0.00379086895,0.0425585199,1.4369215e-12,2.14145785e-05,17100,401,2346
2217,0.0255767684,0.855306658,0.000291347341,0.855306658,0,0.00415000157,0.0430532797,9.43147476e-12,9.49118602e-06,,401,124
2218,0.424936175,0.869963817,0.000111536705,0.869963817,0,0.0036048754,0.0434388343,1.38227072e-12,2.10686953e-05,19500,401,2553
2219,0.876303434,0.793820684,9.4097671e-05,0.793820684,0,0.00398162981,0.0399152449,9.83819076e-13,1.41519e-05,3000,401,2714
2220,0.624480784,0.845388656,0.000116195686,0.845388656,0,0.00386149447,0.042284022,1.50015972e-12,2.05329748e-05,,401,1809
2221,0.529596329,0.859369794,0.000115407032,0.859369794,0,0.00365130648,0.0429471779,1.47986478e-12,2.16760996e-05,14200,401,1946
2222,0.511526346,0.861580849,0.000115649777,0.861580849,0,0.00361070344,0.0430523352,1.48609678e-12,2.1521588e-05,12050,401,1839
2223,0.841079652,0.801874731,0.00013232919,0.801874731,0,0.00394310809,0.0402794611,1.94566827e-12,1.23511791e-05,17350,401,1381
2224,0.464797825,0.866571551,0.000113943477,0.866571551,0,0.00357621613,0.0432847803,1.44256844e-12,2.12923012e-05,12600,401,2262
2225,0.294227511,0.875116052,0.000149946841,0.875116052,0,0.00362008839,0.0436866522,2.49822835e-12,1.75364954e-05,16200,401,975
2226,0.170302391,0.871100206,0.000169920738,0.871100206,0,0.00324325636,0.0435893224,3.20811745e-12,1.53137761e-05,19450,401,534
2227,0.654897273,0.840137008,0.000122493145,0.840137008,0,0.0039038438,0.0420375141,1.6671745e-12,1.92947819e-05,,401,1614
2228,0.28593424,0.875122167,0.000154519119,0.875122167,0,0.00360822348,0.0436897565,2.65290646e-12,1.7110552e-05,16200,401,829
2229,0.750818253,0.821542075,0.000153539223,0.821542075,0,0.00391174206,0.0411789631,2.61936588e-12,1.27176216e-05,18500,401,865
2230,0.39319253,0.872071882,0.000112420286,0.872071882,0,0.00363073757,0.0435346038,1.40425785e-12,2.07336996e-05,19800,401,2447
2231,0.803547084,0.810251998,0.000153216334,0.810251998,0,0.00391032477,0.0406622451,2.60836054e-12,1.09896281e-05,18500,401,879
2232,0.805871189,0.809740618,0.000152308337,0.809740618,0,0.00391255917,0.0406387446,2.5775366e-12,1.10578548e-05,18500,401,906
2233,0.969864011,0.771960938,0.000222913986,0.771960938,0,0.0046574072,0.0388973995,5.52118282e-12,8.26921523e-06,,401,205
2234,0.461191267,0.866911779,0.000113665264,0.866911779,0,0.00357792228,0.0433003013,1.43553248e-12,2.13157596e-05,12600,401,2356
2235,0.90989095,0.786020528,6.21863293e-05,0.786020528,0,0.00414761417,0.0395548035,4.29682173e-13,1.45683801e-05,14650,401,2994
2236,0.650746763,0.840873828,0.000121398062,0.840873828,0,0.00389909015,0.042072,1.63749883e-12,1.94479586e-05,,401,1642
2237,0.534823596,0.858701851,0.000115226622,0.858701851,0,0.00366389645,0.0429153639,1.47524161e-12,2.16974011e-05,14200,401,1986
2238,0.961329579,0.773963449,0.00018688779,0.773963449,0,0.00457441461,0.0389909123,3.8807829e-12,1.00010549e-05,,401,252
2239,0.0258631147,0.855349457,0.000289674413,0.855349457,0,0.00414449892,0.0430548091,9.32347397e-12,9.59554172e-06,,401,126
2240,0.284258336,0.875118564,0.000155474243,0.875118564,0,0.00360555635,0.0436902064,2.68580447e-12,1.69932437e-05,16200,401,784
2241,0.764468193,0.8186813,0.000155872132,0.8186813,0,0.00389887288,0.0410487878,2.69956906e-12,1.19747247e-05,18500,401,763
2242,0.206386879,0.873180919,0.00018170866,0.873180919,0,0.00337288731,0.043649856,3.66867081e-12,1.44002643e-05,,401,275
2243,0.124418877,0.867374378,0.000119374151,0.867374378,0,0.00308242152,0.0434787134,1.58335421e-12,1.75886899e-05,8900,401,1699
2244,0.856292307,0.798415643,0.00011790959,0.798415643,0,0.00395554493,0.0401228218,1.54474128e-12,1.31617593e-05,14500,401,1746
2245,0.0338331647,0.856521784,0.000244661081,0.856521784,0,0.00399615805,0.0430967729,6.65100494e-12,1.16775094e-05,,401,178
2246,0.991178155,0.766968636,0.000326925369,0.766968636,0,0.00487851913,0.0386647423,1.18755775e-11,2.51508581e-06,,401,86
2247,0.919186831,0.783847844,6.74588228e-05,0.783847844,0,0.00421419604,0.039453267,5.0563253e-13,1.43619583e-05,14650,401,2940
2248,0.89387697,0.789750802,7.21730728e-05,0.789750802,0,0.00404889844,0.0397284827,5.78772493e-13,1.47082303e-05,8450,401,2911
2249,0.0201044343,0.85448088,0.000324569093,0.85448088,0,0.00425739347,0.0430238137,1.17050107e-11,7.83115418e-06,,401,88
2250,0.75629276,0.820400335,0.000154632132,0.820400335,0,0.00390668437,0.0411269732,2.65678847e-12,1.23758073e-05,18500,401,823
2251,0.218316704,0.873703885,0.0001812409,0.873703885,0,0.00342138948,0.0436636642,3.64980708e-12,1.44598158e-05,,401,310
2252,0.0967855081,0.864551383,7.78282218e-05,0.864551383,0,0.00315063443,0.0433862177,6.73025789e-13,1.82488535e-05,11750,401,2835
2253,0.711266518,0.829551021,0.000141433693,0.829551021,0,0.00393258394,0.0415459139,2.22260995e-12,1.57727124e-05,18500,401,1180
2254,0.0948804542,0.864340873,7.5938622e-05,0.864340873,0,0.00316661273,0.0433787211,6.40741589e-13,1.82430729e-05,11750,401,2853
2255,0.130692646,0.867954883,0.000128603424,0.867954883,0,0.00310111339,0.0434959805,1.83764895e-12,1.7340847e-05,8900,401,1466
2256,0.340952694,0.87435626,0.000126069966,0.87435626,0,0.00365048035,0.0436418588,1.76595958e-12,1.94739965e-05,16200,401,1524
2257,0.890050054,0.79063964,7.66176184e-05,0.79063964,0,0.00402937665,0.0397696353,6.52251049e-13,1.46343478e-05,7000,401,2846
2258,0.480531424,0.865010691,0.000114900523,0.865010691,0,0.00357373358,0.0432131681,1.46690335e-12,2.13890904e-05,4400,401,2060
2259,0.502936065,0.862577859,0.00011555823,0.862577859,0,0.00359464889,0.0430995361,1.48374494e-12,2.15423309e-05,7850,401,1873
2260,0.464338362,0.866615187,0.000113919989,0.866615187,0,0.00357642152,0.0432867724,1.44197377e-12,2.13261056e-05,12600,401,2269
2261,0.14279744,0.869011427,0.000144628012,0.869011427,0,0.0031443329,0.0435271892,2.32414021e-12,1.67145453e-05,15250,401,1109
2262,0.101592585,0.86507364,8.38422399e-05,0.86507364,0,0.00311457286,0.043404658,7.8105791e-13,1.82404296e-05,3050,401,2786
2263,0.591745555,0.850641303,0.000113835171,0.850641303,0,0.00379874342,0.0425321512,1.43982734e-12,2.13139302e-05,17100,401,2295
2264,0.780209839,0.815326305,0.000156572639,0.815326305,0,0.00389087559,0.0408957963,2.72388794e-12,1.12770402e-05,18500,401,696
2265,0.636155903,0.843413545,0.000118130564,0.843413545,0,0.00387975478,0.0421911181,1.55053669e-12,2.02028289e-05,,401,1737
2266,0.899547815,0.788431874,6.67037066e-05,0.788431874,0,0.00408109678,0.0396672152,4.94376052e-13,1.4705188e-05,9300,401,2944
2267,0.229278833,0.874112098,0.000179229948,0.874112098,0,0.00346277007,0.0436739235,3.5692638e-12,1.46952641e-05,,401,378
2268,0.93239069,0.780754898,9.13275965e-05,0.780754898,0,0.00431761262,0.039308553,9.26747765e-13,1.3582377e-05,14650,401,2731
2269,0.12743111,0.867655947,0.000123840668,0.867655947,0,0.00309089272,0.0434871096,1.70405677e-12,1.74691741e-05,8900,401,1578
2270,0.923913121,0.782741451,7.40078352e-05,0.782741451,0,0.00425010159,0.0394015128,6.08573297e-13,1.4167299e-05,14650,401,2877
2271,0.257157445,0.874838885,0.000169387254,0.874838885,0,0.00354895857,0.0436896243,3.18800463e-12,1.56740005e-05,16200,401,539
2272,0.4823291,0.864824499,0.000114927565,0.864824499,0,0.00357416234,0.0432045674,1.4675939e-12,2.14243428e-05,4400,401,2050
2273,0.98538506,0.768323559,0.000296719346,0.768323559,0,0.0048164849,0.0387278098,9.78248556e-12,4.26083551e-06,,401,118
2274,0.507592559,0.862041819,0.000115691422,0.862041819,0,0.00360296566,0.0430741862,1.48716724e-12,2.15312878e-05,11250,401,1831
2275,0.823897421,0.805739872,0.000144391526,0.805739872,0,0.0039290255,0.0404554654,2.31654587e-12,1.15510534e-05,18500,401,1115
2276,0.0540364496,0.85933806,0.000148471047,0.85933806,0,0.00366126109,0.0431980924,2.44929465e-12,1.55206748e-05,,401,1015
2277,0.479267806,0.865140476,0.000114790658,0.865140476,0,0.00357354115,0.0432191541,1.46409947e-12,2.13577961e-05,9850,401,2079
2278,0.578441203,0.852650754,0.000113737634,0.852650754,0,0.00376920619,0.0426274513,1.43736105e-12,2.15541708e-05,17100,401,2338
2279,0.74731493,0.822268847,0.000152668738,0.822268847,0,0.00391478236,0.0412120933,2.58974928e-12,1.29491237e-05,18500,401,893
2280,0.311142594,0.874982907,0.000140541044,0.874982907,0,0.00363782501,0.0436758546,2.19464279e-12,1.83023251e-05,16200,401,1200
2281,0.180076614,0.871737908,0.000175315824,0.871737908,0,0.00327594521,0.0436083847,3.41507089e-12,1.48998724e-05,,401,456
2282,0.362477809,0.873596162,0.000118315869,0.873596162,0,0.00364752696,0.0436051347,1.55540499e-12,2.01361587e-05,,401,1733
2283,0.474001795,0.8656735,0.000114536886,0.8656735,0,0.00357357628,0.0432436732,1.45763315e-12,2.13479982e-05,12250,401,2126
2284,0.367803067,0.873368739,0.000116938249,0.873368739,0,0.00364554,0.0435944455,1.51939489e-12,2.0232481e-05,,401,1781
2285,0.166526526,0.870839142,0.000167310042,0.870839142,0,0.00323032525,0.0435815136,3.11029445e-12,1.54675493e-05,19450,401,567
2286,0.480901331,0.864972564,0.000114927064,0.864972564,0,0.0035738077,0.0432114086,1.46758112e-12,2.14168278e-05,4400,401,2051
2287,0.671122134,0.837198428,0.000127337554,0.837198428,0,0.00391909117,0.0419003177,1.80165029e-12,1.83028603e-05,,401,1496
2288,0.641426563,0.842505057,0.000119194481,0.842505057,0,0.0038872001,0.0421484631,1.57859158e-12,1.99158606e-05,,401,1704
2289,0.989197373,0.767431641,0.000316476917,0.767431641,0,0.00485714952,0.0386862859,1.11286266e-11,3.04514948e-06,,401,97
2290,0.880683184,0.792809186,8.85860548e-05,0.792809186,0,0.00399260001,0.03986927,8.71943234e-13,1.42101327e-05,3050,401,2753
2291,0.69277072,0.833138765,0.000134891702,0.833138765,0,0.00393077778,0.0417116963,2.02175237e-12,1.68739245e-05,18500,401,1327
2292,0.930463433,0.781206596,8.68734835e-05,0.781206596,0,0.00430192777,0.0393296925,8.38555793e-13,1.38504988e-05,14650,401,2764
2293,0.996236801,0.765786592,0.000354590554,0.765786592,0,0.00493389037,0.0386097716,1.39704956e-11,1.02725081e-06,,401,58
2294,0.558338821,0.855543943,0.000114388184,0.855543943,0,0.00372155225,0.042764977,1.45385072e-12,2.16743985e-05,11600,401,2155
2295,0.018252492,0.854197712,0.000336205839,0.854197712,0,0.00429470939,0.0430137283,1.2559374e-11,7.22150198e-06,,401,77
2296,0.723502159,0.827120426,0.000145937484,0.827120426,0,0.00392960437,0.0414340975,2.36641659e-12,1.46698772e-05,18500,401,1076
2297,0.826513469,0.805154346,0.00014284657,0.805154346,0,0.00393126167,0.0404287318,2.26723808e-12,1.17152547e-05,18500,401,1151
2298,0.0751766115,0.862043752,8.32474229e-05,0.862043752,0,0.00337327671,0.0432959277,7.70014824e-13,1.759463e-05,19100,401,2791
2299,0.524879754,0.859961502,0.000115439601,0.859961502,0,0.00364015706,0.0429753523,1.48070016e-12,2.16237845e-05,14000,401,1930
2300,0.647762358,0.84139962,0.00012072688,0.84139962,0,0.00389546731,0.0420966279,1.61944217e-12,1.9518694e-05,,401,1662
2301,0.878061712,0.793414751,9.19872035e-05,0.793414751,0,0.00398561676,0.0398968234,9.40182845e-13,1.41802452e-05,3000,401,2727
2302,0.215288147,0.873578924,0.000181507171,0.873578924,0,0.00340933458,0.0436604249,3.66053924e-12,1.44326622e-05,,401,294
2303,0.225319728,0.873972591,0.000180166532,0.873972591,0,0.00344827082,0.0436704798,3.60666436e-12,1.45910482e-05,,401,354
2304,0.480185151,0.8650465,0.000114946818,0.8650465,0,0.00357367127,0.0432148209,1.46808566e-12,2.13627386e-05,4400,401,2045
2305,0.216666818,0.873636418,0.000181405395,0.873636418,0,0.00341484963,0.0436619191,3.65643525e-12,1.446471e-05,,401,302
2306,0.777110994,0.815991266,0.000156643893,0.815991266,0,0.0038906058,0.0409262627,2.7263677e-12,1.13816211e-05,18500,401,686
2307,0.697463453,0.832238682,0.000136497304,0.832238682,0,0.00393194912,0.041670024,2.07016823e-12,1.66731291e-05,18500,401,1291
2308,0.828184366,0.804779845,0.000141789396,0.804779845,0,0.00393265984,0.0404116474,2.23380366e-12,1.17880996e-05,18500,401,1172
2309,0.811734259,0.808445778,0.000150348225,0.808445778,0,0.00391810418,0.0405793125,2.51162096e-12,1.11785911e-05,18500,401,964
2310,0.655311525,0.84006313,0.000122529729,0.84006313,0,0.00390430227,0.0420340589,1.66817049e-12,1.92925685e-05,,401,1613
2311,0.491127491,0.863890536,0.000115264815,0.863890536,0,0.00357925476,0.0431611885,1.47621974e-12,2.14685234e-05,4400,401,1976
2312,0.660728514,0.839091558,0.000124058601,0.839091558,0,0.00390994934,0.0419886415,1.71005961e-12,1.89898986e-05,,401,1573
2313,0.38254562,0.872658201,0.000113847896,0.872658201,0,0.00363787894,0.0435614893,1.44014926e-12,2.0574059e-05,,401,2292
2314,0.315849841,0.87491707,0.000138067315,0.87491707,0,0.00364131153,0.0436717652,2.11806483e-12,1.85443157e-05,16200,401,1257
2315,0.267565757,0.874995991,0.000164401252,0.874995991,0,0.00357378421,0.0436915954,3.00308574e-12,1.61870518e-05,16200,401,600
2316,0.399181277,0.871715166,0.00011194371,0.871715166,0,0.00362625374,0.0435183279,1.39237713e-12,2.07669949e-05,19800,401,2493
2317,0.792447329,0.81267972,0.00015554199,0.81267972,0,0.00389968908,0.0407739736,2.68814561e-12,1.10971598e-05,18500,401,782
2318,0.274333209,0.875064888,0.000160853453,0.875064888,0,0.00358782657,0.0436917152,2.87487037e-12,1.65404466e-05,16200,401,638
2319,0.145652696,0.869248525,0.000147973985,0.869248525,0,0.00315494855,0.0435342008,2.43292226e-12,1.65623497e-05,15250,401,1028
2320,0.995159328,0.766038226,0.000348586133,0.766038226,0,0.00492199891,0.0386214701,1.35013658e-11,1.26197172e-06,,401,64
2321,0.450266987,0.867902444,0.000112943017,0.867902444,0,0.00358462653,0.0433453746,1.41734723e-12,2.12151255e-05,13250,401,2407
2322,0.175259009,0.871430468,0.000172879977,0.871430468,0,0.00325994061,0.0435992022,3.32083181e-12,1.50824474e-05,19450,401,495
2323,0.953187227,0.77587485,0.000155409431,0.77587485,0,0.00449825366,0.0390802468,2.68356569e-12,1.13399895e-05,,401,792
2324,0.818148613,0.807022073,0.000147530324,0.807022073,0,0.00392397249,0.040514088,2.41835515e-12,1.12953132e-05,18500,401,1037
2325,0.370752513,0.873236021,0.000116102841,0.873236021,0,0.00364424595,0.0435882456,1.4977633e-12,2.03256032e-05,,401,1812
2326,0.92293334,0.782970819,7.24593724e-05,0.782970819,0,0.00424255076,0.0394122437,5.83373405e-13,1.4285382e-05,14650,401,2899
2327,0.268044114,0.875001739,0.000164196133,0.875001739,0,0.00357482521,0.0436916354,2.99559667e-12,1.62344408e-05,16200,401,602
2328,0.914717436,0.784892979,6.36577366e-05,0.784892979,0,0.00418146929,0.0395021288,4.50256382e-13,1.45324638e-05,14650,401,2968
2329,0.247140393,0.874629227,0.000173663874,0.874629227,0,0.00352129167,0.0436857201,3.35101569e-12,1.52466926e-05,16200,401,483
2330,0.398956358,0.871728914,0.000111848559,0.871728914,0,0.00362643165,0.0435189543,1.39001112e-12,2.08244221e-05,19800,401,2501
2331,0.0148555115,0.853673665,0.000358178913,0.853673665,0,0.00436444212,0.0429950926,1.42546815e-11,6.03733482e-06,,401,55
2332,0.955978155,0.775219651,0.000165855541,0.775219651,0,0.00452403322,0.0390496158,3.05645115e-12,1.0893832e-05,,401,583
2333,0.577344418,0.852813079,0.000113811527,0.852813079,0,0.00376669192,0.0426351589,1.4392293e-12,2.15561329e-05,17100,401,2302
2334,0.47594896,0.86547799,0.000114691101,0.86547799,0,0.00357341692,0.0432346905,1.46156097e-12,2.13598811e-05,12250,401,2100
2335,0.305373907,0.875046468,0.000143746771,0.875046468,0,0.00363270942,0.0436802162,2.29590381e-12,1.80687392e-05,16200,401,1127
2336,0.528491557,0.859509247,0.000115246283,0.859509247,0,0.00364866208,0.0429538191,1.47574508e-12,2.16549534e-05,14200,401,1981
2337,0.153561279,0.86988055,0.000156307673,0.86988055,0,0.00318417574,0.0435529366,2.71467651e-12,1.61446161e-05,16800,401,737
2338,0.761639953,0.819277871,0.000155414502,0.819277871,0,0.00390156359,0.0410759132,2.68374084e-12,1.20402841e-05,18500,401,790
2339,0.0944783613,0.864296194,7.55613494e-05,0.864296194,0,0.00317009544,0.0433771271,6.34390836e-13,1.82385399e-05,11750,401,2857
2340,0.41886887,0.870407808,0.000111436836,0.870407808,0,0.00361006672,0.0434589521,1.37979648e-12,2.10351442e-05,19500,401,2579
2341,0.917293847,0.784290551,6.54952262e-05,0.784290551,0,0.00420018084,0.0394739667,4.76624962e-13,1.44841366e-05,14650,401,2953
2342,0.282306314,0.875112533,0.000156595385,0.875112533,0,0.00360233093,0.0436906669,2.7246794e-12,1.69334076e-05,16200,401,694
2343,0.635176718,0.843581174,0.000117988697,0.843581174,0,0.00387831884,0.0421989947,1.54681473e-12,2.00916868e-05,,401,1741
2344,0.422954679,0.870110907,0.000111369861,0.870110907,0,0.00360657192,0.0434454977,1.37813845e-12,2.10326385e-05,19500,401,2598
2345,0.538577616,0.858214561,0.000114994992,0.858214561,0,0.00367305535,0.0428921499,1.46931648e-12,2.16360217e-05,14200,401,2031
2346,0.0700064301,0.861404935,9.45853082e-05,0.861404935,0,0.00343781501,0.0432728042,9.94042281e-13,1.72526623e-05,19750,401,2712
2347,0.519764364,0.860591784,0.000115634409,0.860591784,0,0.0036284258,0.043005344,1.48570184e-12,2.15959565e-05,13000,401,1842
2348,0.790758908,0.813046806,0.000155697226,0.813046806,0,0.0038981357,0.0407908848,2.69351401e-12,1.10427026e-05,18500,401,776
2349,0.656341195,0.839879206,0.000122825459,0.839879206,0,0.00390542142,0.0420254566,1.67623261e-12,1.92427476e-05,,401,1603
2350,0.72893846,0.826026753,0.000147594548,0.826026753,0,0.00392722592,0.0413839164,2.42046116e-12,1.4298887e-05,18500,401,1036
2351,0.872033715,0.794804956,9.96984862e-05,0.794804956,0,0.00397370474,0.039959793,1.10442091e-12,1.40189487e-05,3000,401,2678
2352,0.189972669,0.872327446,0.000179039128,0.872327446,0,0.0033092809,0.0436258258,3.5616677e-12,1.46298465e-05,,401,385
2353,0.546440721,0.857172882,0.000114854788,0.857172882,0,0.0036923819,0.0428425306,1.4657358e-12,2.16061574e-05,14200,401,2068
2354,0.289574593,0.875124272,0.000152543315,0.875124272,0,0.00361370173,0.0436885684,2.58549587e-12,1.73080908e-05,16200,401,898
2355,0.724053025,0.82700993,0.000146077557,0.82700993,0,0.00392938546,0.0414290244,2.37096141e-12,1.45396668e-05,18500,401,1075
2356,0.730698466,0.825670868,0.000148138154,0.825670868,0,0.00392632507,0.0413676051,2.43832362e-12,1.41470818e-05,18500,401,1025
2357,0.205158249,0.873122378,0.000181612352,0.873122378,0,0.00336781606,0.0436482693,3.66478295e-12,1.43683065e-05,,401,286
2358,0.831536353,0.804027306,0.000139617956,0.804027306,0,0.00393544025,0.0403773478,2.16590817e-12,1.19394377e-05,17350,401,1223
2359,0.260881037,0.874902304,0.000167645742,0.874902304,0,0.00355828658,0.0436905808,3.12278831e-12,1.58869886e-05,16200,401,562
2360,0.574686468,0.853204452,0.000113917529,0.853204452,0,0.00376054983,0.0426537449,1.44191148e-12,2.15686057e-05,17100,401,2270
2361,0.104380287,0.865370344,8.78537589e-05,0.865370344,0,0.00309703757,0.0434149841,8.57586995e-13,1.82025414e-05,2950,401,2756
2362,0.80370909,0.810216264,0.000152952555,0.810216264,0,0.00391048814,0.0406606013,2.59938713e-12,1.10420712e-05,18500,401,886
2363,0.0874414444,0.863499143,7.21350731e-05,0.863499143,0,0.00323654191,0.0433485216,5.78163196e-13,1.81164271e-05,16400,401,2912
2364,0.192327112,0.872459349,0.000179655962,0.872459349,0,0.00331761498,0.043629662,3.58625165e-12,1.45493901e-05,,401,370
2365,0.134188488,0.868268612,0.00013358852,0.868268612,0,0.0031130156,0.0435052572,1.98287697e-12,1.7144514e-05,8900,401,1353
2366,0.609692812,0.847814375,0.000114662517,0.847814375,0,0.00383509798,0.0423984234,1.46083254e-12,2.0894049e-05,,401,2104
2367,0.962636352,0.773657018,0.000192250149,0.773657018,0,0.00458690772,0.0389765961,4.10667996e-12,9.63757924e-06,,401,246
2368,0.476545691,0.865417775,0.000114601209,0.865417775,0,0.00357340433,0.043231922,1.45927078e-12,2.14195331e-05,12250,401,2114
2369,0.132697433,0.868135722,0.00013151498,0.868135722,0,0.00310783824,0.0435013323,1.92179887e-12,1.72598795e-05,8900,401,1402
2370,0.586906254,0.851380678,0.000113767316,0.851380678,0,0.00378822891,0.0425671937,1.43811136e-12,2.14660843e-05,17100,401,2327
2371,0.109073438,0.865860106,9.49447326e-05,0.865860106,0,0.00307536205,0.043431621,1.00161136e-12,1.81416905e-05,2950,401,2707
2372,0.92990303,0.781338149,8.55342865e-05,0.781338149,0,0.00429740956,0.0393358488,8.12901573e-13,1.38391269e-05,14650,401,2774
2373,0.38552615,0.872500315,0.000113308742,0.872500315,0,0.00363599677,0.0435542293,1.42654121e-12,2.06041981e-05,,401,2379
2374,0.853940248,0.798952321,0.000120500877,0.798952321,0,0.00395349699,0.040147076,1.61338459e-12,1.29920562e-05,15450,401,1666
2375,0.454372883,0.867537241,0.000113223796,0.867537241,0,0.00358187943,0.0433287769,1.42440311e-12,2.12334372e-05,13250,401,2383
2376,0.7036888,0.831033756,0.000138824771,0.831033756,0,0.00393276592,0.0416143223,2.14136857e-12,1.61571206e-05,18500,401,1239
2377,0.250452757,0.874704926,0.000172326628,0.874704926,0,0.00353085268,0.0436872279,3.2996074e-12,1.54143272e-05,16200,401,501
2378,0.898703933,0.7886283,6.74664061e-05,0.7886283,0,0.00407609302,0.0396763509,5.05746217e-13,1.47080526e-05,9300,401,2939
2379,0.571543455,0.853663204,0.000113912547,0.853663204,0,0.00375320517,0.0426755392,1.44178538e-12,2.15524287e-05,17100,401,2274
2380,0.37933439,0.87282305,0.000114483694,0.87282305,0,0.00363978716,0.0435690901,1.45627957e-12,2.04803416e-05,,401,2137
2381,0.166721463,0.870852856,0.00016742782,0.870852856,0,0.00323099731,0.0435819242,3.11467499e-12,1.54524591e-05,19450,401,565
2382,0.7710917,0.817276722,0.000156445843,0.817276722,0,0.00389329885,0.0409849012,2.71947798e-12,1.16510056e-05,18500,401,721
2383,0.0673105344,0.861066022,0.00010189693,0.861066022,0,0.0034730004,0.0432605406,1.15366492e-12,1.70156836e-05,19800,401,2663
2384,0.893032968,0.789946924,7.32782601e-05,0.789946924,0,0.00404442635,0.0397375751,5.96633712e-13,1.46535529e-05,8450,401,2886
2385,0.459722131,0.867048567,0.000113773655,0.867048567,0,0.00357869861,0.0433065356,1.43827163e-12,2.12721522e-05,12600,401,2325
2386,0.320218921,0.874844844,0.000135748824,0.874844844,0,0.00364402484,0.0436675456,2.04752701e-12,1.87313336e-05,16200,401,1309
2387,0.714840174,0.828845413,0.000142875389,0.828845413,0,0.00393205142,0.041513412,2.26815298e-12,1.53586091e-05,18500,401,1149
2388,0.919641256,0.78374137,6.81410811e-05,0.78374137,0,0.00421758848,0.0394482865,5.15911881e-13,1.43794808e-05,14650,401,2936
2389,0.146233663,0.869296038,0.000148622459,0.869296038,0,0.00315710723,0.0435356036,2.45429282e-12,1.65590676e-05,15250,401,1011
2390,0.844868004,0.801016371,0.000129117671,0.801016371,0,0.00394610731,0.0402405196,1.85237477e-12,1.25304843e-05,17350,401,1453
2391,0.572207153,0.853566704,0.000113899963,0.853566704,0,0.00375475815,0.0426709541,1.44146685e-12,2.16007003e-05,17100,401,2278
2392,0.0880762562,0.863572196,7.21820773e-05,0.863572196,0,0.00323015438,0.0433511528,5.78916921e-13,1.81612712e-05,16150,401,2910
2393,0.518368423,0.860761603,0.000115553198,0.860761603,0,0.00362530975,0.0430134192,1.48361572e-12,2.15544569e-05,13000,401,1877
2394,0.169526443,0.871047275,0.000169380838,0.871047275,0,0.00324061682,0.0435877397,3.18776314e-12,1.53646518e-05,19450,401,540
2395,0.204945579,0.873112291,0.000181662748,0.873112291,0,0.00336693589,0.0436479981,3.66681713e-12,1.44154305e-05,,401,284
2396,0.252698034,0.874752637,0.000171404305,0.874752637,0,0.00353710578,0.0436881275,3.26438176e-12,1.55143034e-05,16200,401,514
2397,0.780952156,0.815166794,0.000156559199,0.815166794,0,0.00389112856,0.0408884741,2.72342031e-12,1.12690941e-05,18500,401,700
2398,0.672797263,0.83689013,0.000127910596,0.83689013,0,0.00392035312,0.0418859564,1.81790227e-12,1.82100202e-05,,401,1484
2399,0.485494107,0.864492917,0.000115058905,0.864492917,0,0.00357539131,0.0431892139,1.47095018e-12,2.14419886e-05,4400,401,2018
2400,0.683200002,0.834952701,0.000131378957,0.834952701,0,0.00392685553,0.0417958424,1.9178256e-12,1.76052153e-05,18500,401,1405
2401,0.867284894,0.795897286,0.000105617517,0.795897286,0,0.00396693346,0.0400091247,1.23945111e-12,1.37663139e-05,3050,401,2639
2402,0.268796116,0.875010439,0.00016371182,0.875010439,0,0.0035764583,0.0436916845,2.97795112e-12,1.62556195e-05,16200,401,606
2403,0.157358438,0.870171336,0.000159972537,0.870171336,0,0.0031979671,0.0435615865,2.84346808e-12,1.59284119e-05,16800,401,647
2404,0.631919503,0.844136236,0.000117405507,0.844136236,0,0.00387340703,0.0422250852,1.53156145e-12,2.02616038e-05,,401,1761
2405,0.263017595,0.874934952,0.000166654081,0.874934952,0,0.00356341906,0.0436909982,3.08595362e-12,1.59713404e-05,16200,401,573
2406,0.415492266,0.870646756,0.00011142157,0.870646756,0,0.00361294031,0.043469785,1.37941848e-12,2.09751095e-05,19500,401,2586
2407,0.423429638,0.870075834,0.000111430007,0.870075834,0,0.00360616751,0.0434439083,1.37962738e-12,2.10840146e-05,19500,401,2583
2408,0.421160966,0.870242324,0.0001115615,0.870242324,0,0.00360810639,0.0434514523,1.38288537e-12,2.10399866e-05,19500,401,2542
2409,0.353612036,0.873940259,0.00012120506,0.873940259,0,0.00364979658,0.0436215159,1.6322963e-12,1.98480907e-05,,401,1647
2410,0.61163944,0.847500014,0.000114772644,0.847500014,0,0.00383876704,0.0423835789,1.46363998e-12,2.09363437e-05,,401,2083
2411,0.228321955,0.874079247,0.000179526362,0.874079247,0,0.00345930978,0.043673121,3.58107939e-12,1.46150256e-05,,401,373
2412,0.138651282,0.868659076,0.00013943471,0.868659076,0,0.00312904504,0.0435167857,2.16022647e-12,1.69271578e-05,8900,401,1226
2413,0.171183869,0.871160001,0.000170475195,0.871160001,0,0.00324624761,0.0435911116,3.22908801e-12,1.52789039e-05,19450,401,527
2414,0.230217278,0.874143874,0.000179096629,0.874143874,0,0.00346613213,0.0436746976,3.56395585e-12,1.47025864e-05,,401,383
2415,0.968761206,0.772219331,0.00021802459,0.772219331,0,0.00464650006,0.0389094606,5.28163578e-12,8.46634021e-06,,401,211
2416,0.587532759,0.851285597,0.000113783741,0.851285597,0,0.00378960361,0.0425626853,1.43852663e-12,2.14388409e-05,17100,401,2320
2417,0.399503976,0.871695411,0.00011183491,0.871695411,0,0.00362600371,0.043517428,1.38967191e-12,2.08333422e-05,19800,401,2503
2418,0.865288317,0.796355544,0.000107936261,0.796355544,0,0.00396453231,0.0400298068,1.29447071e-12,1.36276749e-05,12950,401,2625
2419,0.895760298,0.789313184,7.02171433e-05,0.789313184,0,0.00405919928,0.0397081782,5.47827469e-13,1.47816228e-05,9300,401,2924
2420,0.621564746,0.845873695,0.000115882434,0.845873695,0,0.00385657134,0.0423068701,1.49208207e-12,2.06066254e-05,,401,1825
2421,0.570745468,0.853779,0.000113916415,0.853779,0,0.00375132273,0.0426810421,1.44188328e-12,2.15684656e-05,17100,401,2271
2422,0.949438691,0.77675483,0.000142040786,0.77675483,0,0.00446421142,0.0391213957,2.24173164e-12,1.18710792e-05,,401,1168
2423,0.982452273,0.769010278,0.000282083361,0.769010278,0,0.00478562753,0.0387597977,8.8412247e-12,5.11434509e-06,,401,134
2424,0.660661995,0.839103417,0.000123963073,0.839103417,0,0.00390987451,0.0419891952,1.70742705e-12,1.90111472e-05,,401,1574
2425,0.422061175,0.870176608,0.000111469853,0.870176608,0,0.00360733157,0.043448475,1.38061425e-12,2.10142286e-05,19500,401,2569
2426,0.732793748,0.825245896,0.000148924497,0.825245896,0,0.00392516172,0.0413481372,2.46427842e-12,1.39520743e-05,18500,401,1004
2427,0.259131134,0.874873528,0.000168538379,0.874873528,0,0.00355397109,0.0436901671,3.15613168e-12,1.57509661e-05,16200,401,551
2428,0.137054756,0.868520575,0.000137400993,0.868520575,0,0.0031232368,0.043512695,2.09767031e-12,1.70250217e-05,8900,401,1270
2429,0.0849299282,0.863208015,7.25184327e-05,0.863208015,0,0.00326253564,0.0433380245,5.84324786e-13,1.80551466e-05,17200,401,2898
2430,0.964135468,0.773305096,0.000198361736,0.773305096,0,0.00460134527,0.0389601584,4.37193092e-12,9.50465004e-06,,401,237
2431,0.976008713,0.770519918,0.000251071814,0.770519918,0,0.00471914402,0.0388301673,7.00411731e-12,6.81347459e-06,,401,170
2432,0.783723414,0.814569725,0.000156490276,0.814569725,0,0.00389253751,0.0408610244,2.72102294e-12,1.11370021e-05,18500,401,714
2433,0.660026729,0.839217986,0.000123885494,0.839217986,0,0.00390924336,0.0419945492,1.70529063e-12,1.89745006e-05,,401,1577
2434,0.0868254676,0.863428079,7.20071942e-05,0.863428079,0,0.00324281666,0.0433459611,5.76115112e-13,1.81467524e-05,16650,401,2915
2435,0.910308003,0.785923117,6.21575326e-05,0.785923117,0,0.00415047717,0.0395502553,4.29284318e-13,1.46754596e-05,14650,401,2996
2436,0.27511248,0.875071117,0.000160456404,0.875071117,0,0.00358934201,0.0436916687,2.86069529e-12,1.65681281e-05,16200,401,643
2437,0.83105725,0.804134873,0.000139910052,0.804134873,0,0.00393504741,0.0403822476,2.17498029e-12,1.19402826e-05,17350,401,1216
2438,0.464237839,0.866624849,0.000113934723,0.866624849,0,0.00357646496,0.0432872133,1.44234679e-12,2.12961213e-05,12600,401,2265
2439,0.133513182,0.868208472,0.000132624688,0.868208472,0,0.00311065644,0.0435034791,1.95436754e-12,1.71912753e-05,8900,401,1376
2440,0.303238839,0.875065291,0.000144892284,0.875065291,0,0.00363057565,0.0436816545,2.33264156e-12,1.79443093e-05,16200,401,1101
2441,0.678939998,0.835750422,0.000129900158,0.835750422,0,0.00392447729,0.0418329169,1.87489457e-12,1.7866991e-05,18500,401,1437
2442,0.563715756,0.85478728,0.000114161076,0.85478728,0,0.00373456874,0.0427289788,1.44808349e-12,2.16065368e-05,17100,401,2201
2443,0.973773837,0.771043777,0.000240582559,0.771043777,0,0.00469648953,0.0388546018,6.4311075e-12,7.35684678e-06,,401,183
2444,0.273820937,0.875060488,0.000161162132,0.875060488,0,0.00358681901,0.0436917339,2.88591474e-12,1.64833798e-05,16200,401,634
2445,0.527723849,0.859606015,0.000115490444,0.859606015,0,0.00364684236,0.0429584279,1.48200474e-12,2.16432998e-05,14200,401,1913
2446,0.824918032,0.805511472,0.000143704265,0.805511472,0,0.00392989123,0.0404450332,2.29454621e-12,1.15029593e-05,18500,401,1131
2447,0.627441943,0.84489256,0.000116594065,0.84489256,0,0.00386634707,0.0422606658,1.51046401e-12,2.04522054e-05,,401,1793
2448,0.654350102,0.840234523,0.000122322939,0.840234523,0,0.0039032399,0.0420420767,1.6625446e-12,1.93029074e-05,,401,1617
2449,0.0427307561,0.857789709,0.000199030752,0.857789709,0,0.00384142418,0.0431423059,4.40147114e-12,1.36113914e-05,,401,236
2450,0.700432837,0.831665317,0.000137567929,0.831665317,0,0.00393244197,0.0416435051,2.10277056e-12,1.64431159e-05,18500,401,1266
2451,0.957380712,0.7748902,0.000171091532,0.7748902,0,0.00453710348,0.0390342173,3.25247913e-12,1.07694641e-05,,401,517
2452,0.361887634,0.873620453,0.000118508983,0.873620453,0,0.00364772356,0.0436062821,1.56048655e-12,2.00879953e-05,,401,1726
2453,0.459546864,0.86706474,0.000113567278,0.86706474,0,0.00357879646,0.043307271,1.43305852e-12,2.12830764e-05,12600,401,2362
2454,0.530663431,0.859234458,0.000115408978,0.859234458,0,0.00365385755,0.0429407329,1.47991468e-12,2.16985545e-05,14200,401,1945
2455,0.0731019974,0.861789262,8.73097437e-05,0.861789262,0,0.00339870772,0.0432867165,8.46999039e-13,1.74879735e-05,19400,401,2761
2456,0.941379249,0.778646579,0.000115914726,0.778646579,0,0.00439318263,0.039209892,1.49291375e-12,1.2686667e-05,,401,1820
2457,0.835859954,0.803053644,0.000136558375,0.803053644,0,0.00393894366,0.0403330292,2.07202108e-12,1.20589228e-05,17350,401,1289
2458,0.0790386125,0.862511126,7.70761324e-05,0.862511126,0,0.00332764134,0.0433128404,6.60081132e-13,1.78301924e-05,18050,401,2843
2459,0.334058404,0.874545333,0.000128989087,0.874545333,0,0.00364944336,0.0436514423,1.84868718e-12,1.92469438e-05,16200,401,1457
2460,0.218744278,0.87372114,0.000181236438,0.87372114,0,0.00342307467,0.0436641091,3.64962737e-12,1.44439372e-05,,401,311
2461,0.483545482,0.864697762,0.000114985863,0.864697762,0,0.00357456399,0.0431987058,1.46908318e-12,2.14259674e-05,4400,401,2036
2462,0.416404009,0.870582862,0.000111437933,0.870582862,0,0.00361216695,0.043466888,1.37982367e-12,2.09440104e-05,19500,401,2578
2463,0.112128735,0.866172314,9.98282698e-05,0.866172314,0,0.00306829493,0.0434418226,1.10729816e-12,1.80400799e-05,3050,401,2676
2464,0.935015619,0.780139167,9.79841998e-05,0.780139167,0,0.00433927043,0.0392797357,1.06676705e-12,1.34062524e-05,19950,401,2688
2465,0.365618885,0.87346381,0.000117525261,0.87346381,0,0.00364640643,0.0435989029,1.53468745e-12,2.01875128e-05,,401,1760
2466,0.488734782,0.864148365,0.000115179326,0.864148365,0,0.00357734582,0.0431732055,1.4740308e-12,2.1449466e-05,4400,401,1997
2467,0.816520333,0.807384212,0.000148157676,0.807384212,0,0.003922503,0.040530666,2.43896632e-12,1.13237109e-05,18500,401,1024
2468,0.880248845,0.792909648,8.92304877e-05,0.792909648,0,0.00399135668,0.039873849,8.84675549e-13,1.43046139e-05,3050,401,2748
2469,0.0773229003,0.862304498,7.94518694e-05,0.862304498,0,0.00334763632,0.043305364,7.0139995e-13,1.77322765e-05,18500,401,2820
2470,0.405690372,0.871305742,0.000111538125,0.871305742,0,0.00362109917,0.0434996975,1.38230593e-12,2.08857904e-05,19500,401,2552
2471,0.312652647,0.874963186,0.000139750908,0.874963186,0,0.00363900655,0.0436745965,2.17003514e-12,1.84020165e-05,16200,401,1220
2472,0.855045676,0.79870037,0.000119275442,0.79870037,0,0.00395445491,0.0401356877,1.58073678e-12,1.31400882e-05,15450,401,1703
2473,0.715872824,0.828641166,0.000143218359,0.828641166,0,0.00393185086,0.0415040102,2.27905536e-12,1.52448671e-05,18500,401,1142
2474,0.0547015853,0.859427005,0.000145753974,0.859427005,0,0.00365123294,0.0432013029,2.36046898e-12,1.56235572e-05,,401,1081
2475,0.609562099,0.847835504,0.000114563946,0.847835504,0,0.00383485133,0.0423994216,1.45832198e-12,2.10052128e-05,,401,2123
2476,0.554111779,0.856129812,0.000114449204,0.856129812,0,0.00371122806,0.0427928614,1.45540224e-12,2.16654462e-05,11600,401,2141
2477,0.442211658,0.868593883,0.000112439792,0.868593883,0,0.00359059209,0.0433767554,1.40474522e-12,2.11558055e-05,16900,401,2445
2478,0.743221641,0.823113687,0.000151741594,0.823113687,0,0.00391809802,0.0412506429,2.55839015e-12,1.32872596e-05,18500,401,924
2479,0.164451092,0.870692327,0.000165787526,0.870692327,0,0.003223122,0.0435771286,3.05394485e-12,1.55858541e-05,19450,401,584
2480,0.707074821,0.830373175,0.000140062563,0.830373175,0,0.00393284233,0.0415838267,2.1797246e-12,1.5896823e-05,18500,401,1212
2481,0.0292862449,0.855857209,0.000269901628,0.855857209,0,0.00407965989,0.0430729667,8.09409873e-12,1.0549996e-05,,401,148
2482,0.233971849,0.87426573,0.000178121017,0.87426573,0,0.00347926399,0.0436776156,3.52523297e-12,1.48293544e-05,,401,404
2483,0.960920811,0.774059256,0.00018521876,0.774059256,0,0.00457050927,0.0389953884,3.81177657e-12,1.00156301e-05,,401,255
2484,0.648284614,0.841307706,0.000120801486,0.841307706,0,0.00389611046,0.0420923216,1.62144434e-12,1.95984427e-05,,401,1658
2485,0.60025233,0.849317709,0.000114103543,0.849317709,0,0.00381651293,0.0424694865,1.44662428e-12,2.12182657e-05,,401,2220
2486,0.0813588724,0.862787918,7.4671497e-05,0.862787918,0,0.00330133312,0.0433228502,6.1953694e-13,1.79331801e-05,18050,401,2866
2487,0.929031193,0.781542463,8.37040298e-05,0.781542463,0,0.00429040635,0.039345411,7.78484956e-13,1.39100199e-05,14650,401,2787
2488,0.325794041,0.874737035,0.000132953008,0.874737035,0,0.00364677376,0.0436615573,1.96405581e-12,1.89315825e-05,16200,401,1369
2489,0.797697842,0.811534432,0.000154618545,0.811534432,0,0.00390467987,0.0407212349,2.65632161e-12,1.09689411e-05,18500,401,825
2490,0.854569137,0.798808979,0.00011983779,0.798808979,0,0.00395403835,0.0401405969,1.59567732e-12,1.30703471e-05,15450,401,1686
2491,0.0736352727,0.861854745,8.61970807e-05,0.861854745,0,0.00339210811,0.0432890848,8.25548525e-13,1.74905728e-05,19350,401,2768
2492,0.663878083,0.838521887,0.000125032787,0.838521887,0,0.00391294912,0.0419620398,1.73702199e-12,1.87625047e-05,,401,1550
2493,0.713040113,0.829201374,0.000142134343,0.829201374,0,0.00393236327,0.0415298036,2.24468573e-12,1.54981902e-05,18500,401,1165
2494,0.857323945,0.798179938,0.000116765229,0.798179938,0,0.00395647177,0.0401121715,1.51490208e-12,1.31945272e-05,14500,401,1786
2495,0.318375021,0.874876656,0.000136724865,0.874876656,0,0.00364294057,0.0436693777,2.07707651e-12,1.86402259e-05,16200,401,1286
2496,0.474847436,0.865588732,0.000114552431,0.865588732,0,0.00357349045,0.0432397799,1.45802881e-12,2.13727061e-05,12250,401,2125
2497,0.74175185,0.823416078,0.000151404858,0.823416078,0,0.00391921089,0.0412644535,2.54704791e-12,1.33391088e-05,18500,401,935
2498,0.0531576201,0.859220253,0.00015201281,0.859220253,0,0.00367461179,0.0431938416,2.56754381e-12,1.54051192e-05,,401,915
2499,0.595969915,0.849987673,0.000113868762,0.849987673,0,0.00380768176,0.0425011941,1.44067721e-12,2.1310484e-05,,401,2284
2500,0.18642208,0.872122439,0.000177847404,0.872122439,0,0.00329711336,0.0436198023,3.51441101e-12,1.47071814e-05,,401,411
2501,0.1492908,0.869543698,0.000152013574,0.869543698,0,0.00316845303,0.0435429398,2.56756962e-12,1.6376629e-05,15250,401,914
2502,0.985018313,0.768409568,0.000294844398,0.768409568,0,0.00481260936,0.0387318153,9.65924654e-12,4.24666234e-06,,401,120
2503,0.207829446,0.873248541,0.000181729997,0.873248541,0,0.00337884719,0.0436516778,3.66953244e-12,1.43929364e-05,,401,269
2504,0.697784901,0.832176589,0.000136670426,0.832176589,0,0.00393201568,0.0416671508,2.07542282e-12,1.66144116e-05,18500,401,1288
2505,0.0829951689,0.862981242,7.34684647e-05,0.862981242,0,0.00328329417,0.0433298356,5.99735033e-13,1.79708011e-05,17300,401,2881
2506,0.679620922,0.835623452,0.000130153314,0.835623452,0,0.00392488255,0.0418270126,1.88220946e-12,1.77689298e-05,18500,401,1433
2507,0.372394204,0.873160126,0.000115635918,0.873160126,0,0.00364346865,0.0435847108,1.48574062e-12,2.03560948e-05,,401,1841
2508,0.692313969,0.833225958,0.000134618174,0.833225958,0,0.00393063116,0.0417157348,2.01356142e-12,1.7065944e-05,18500,401,1332
2509,0.348319352,0.874124934,0.000123098521,0.874124934,0,0.0036504692,0.0436304523,1.68369398e-12,1.97590913e-05,,401,1597
2510,0.57130444,0.853697899,0.00011395153,0.853697899,0,0.00375263702,0.0426771878,1.44277235e-12,2.15519992e-05,17100,401,2258
2511,0.190941885,0.872382211,0.000179316037,0.872382211,0,0.00331268287,0.0436274243,3.57269345e-12,1.45939765e-05,,401,376
2512,0.448416471,0.86806417,0.000112786063,0.86806417,0,0.00358593798,0.0433527187,1.41341068e-12,2.11951136e-05,16900,401,2420
2513,0.865778267,0.796243406,0.000107358278,0.796243406,0,0.00396510794,0.0400247465,1.28064443e-12,1.35545247e-05,12950,401,2628
2514,0.197403073,0.872733084,0.000180748179,0.872733084,0,0.00333657074,0.0436374953,3.62998937e-12,1.45122321e-05,,401,334
2515,0.559079409,0.855440372,0.000114301162,0.855440372,0,0.00372335134,0.0427600482,1.45163952e-12,2.16144273e-05,11600,401,2177
2516,0.910645068,0.785844225,6.23065257e-05,0.785844225,0,0.00415279771,0.0395465721,4.31344793e-13,1.45666164e-05,14650,401,2991
2517,0.926250935,0.782193909,7.8145531e-05,0.782193909,0,0.0042683409,0.0393758926,6.78524891e-13,1.40704086e-05,14650,401,2831
2518,0.297357112,0.875103696,0.000148225439,0.875103696,0,0.00362400771,0.0436851126,2.44119787e-12,1.76845216e-05,16200,401,1022
2519,0.491821527,0.863815211,0.000115167403,0.863815211,0,0.00357989085,0.0431576714,1.47372564e-12,2.1404979e-05,4400,401,2001
2520,0.180765331,0.871780757,0.000175663608,0.871780757,0,0.00327823512,0.0436096612,3.4286337e-12,1.48815174e-05,,401,450
2521,0.136007652,0.868429083,0.000136060316,0.868429083,0,0.00311946744,0.0435099947,2.0569344e-12,1.70834716e-05,8900,401,1301
2522,0.995357692,0.765991959,0.000349645775,0.765991959,0,0.00492418873,0.03861932,1.35835742e-11,1.15751099e-06,,401,62
2523,0.676357746,0.836231097,0.00012902265,0.836231097,0,0.00392284202,0.0418552757,1.84964935e-12,1.8081812e-05,18500,401,1455
2524,0.144863203,0.869183372,0.000147004657,0.869183372,0,0.00315201243,0.0435322719,2.40115212e-12,1.66040017e-05,15250,401,1052
2525,0.00948809367,0.852832812,0.000394189413,0.852832812,0,0.00447797319,0.0429652648,1.72650326e-11,4.04401953e-06,,401,29
2526,0.8406443,0.801973143,0.000132770211,0.801973143,0,0.00394275794,0.0402839287,1.95865877e-12,1.23480593e-05,17350,401,1373
2527,0.829984069,0.804376051,0.000140379546,0.804376051,0,0.00393415534,0.040393239,2.18960189e-12,1.18141752e-05,18500,401,1203
2528,0.592821836,0.85047525,0.000113783788,0.85047525,0,0.00380103498,0.0425242837,1.43852782e-12,2.12585152e-05,17100,401,2319
2529,0.799589992,0.811120371,0.00015404128,0.811120371,0,0.00390650015,0.0407021796,2.63652399e-12,1.10754702e-05,18500,401,847
2530,0.832549214,0.803799455,0.00013889503,0.803799455,0,0.00393626977,0.04036697,2.14353661e-12,1.19029982e-05,17350,401,1237
2531,0.379250199,0.872827416,0.000114361725,0.872827416,0,0.00363983637,0.043569292,1.45317824e-12,2.05082674e-05,,401,2161
2532,0.756844401,0.820284971,0.000154605329,0.820284971,0,0.0039061574,0.0411217245,2.65586753e-12,1.23884497e-05,18500,401,827
2533,0.998690903,0.765214136,0.000368394474,0.765214136,0,0.00496114348,0.0385831685,1.50793876e-11,7.49478188e-07,,401,44
2534,0.602256536,0.849001565,0.000114134896,0.849001565,0,0.00382057352,0.042454532,1.44741938e-12,2.11835957e-05,,401,2209
2535,0.707972825,0.830197468,0.000140375182,0.830197468,0,0.00393281501,0.0415757198,2.18946575e-12,1.58282936e-05,18500,401,1204
2536,0.406015575,0.87128481,0.000111600482,0.87128481,0,0.00362083292,0.0434987472,1.38385195e-12,2.08651889e-05,19500,401,2537
2537,0.83045429,0.804270468,0.000140245027,0.804270468,0,0.00393454912,0.0403884257,2.18540752e-12,1.1868311e-05,18500,401,1209
2538,0.599209905,0.84948142,0.000114061926,0.84948142,0,0.00381439365,0.042477232,1.44556922e-12,2.11613766e-05,,401,2228
2539,0.351499021,0.874015814,0.000121897959,0.874015814,0,0.00365012865,0.0436251569,1.65101249e-12,1.98083454e-05,,401,1629
2540,0.36963436,0.873286859,0.000116326359,0.873286859,0,0.00364474805,0.0435906175,1.50353577e-12,2.03280818e-05,,401,1802
2541,0.019562969,0.854398312,0.000328041016,0.854398312,0,0.00426825371,0.043020873,1.19567676e-11,7.67078276e-06,,401,85
2542,0.13032046,0.867921165,0.000128130939,0.867921165,0,0.00309990125,0.043494983,1.82417085e-12,1.73268388e-05,8900,401,1477
2543,0.585949957,0.85152569,0.000113740696,0.85152569,0,0.00378611499,0.0425740696,1.43743844e-12,2.14132463e-05,17100,401,2335
2544,0.424175233,0.870020522,0.000111547412,0.870020522,0,0.00360552933,0.0434414029,1.38253612e-12,2.10286804e-05,19500,401,2548
2545,0.69997251,0.831754438,0.000137356828,0.831754438,0,0.00393238323,0.041647627,2.09632204e-12,1.65161142e-05,18500,401,1271
2546,0.512892187,0.861419111,0.000115659323,0.861419111,0,0.00361351731,0.0430446591,1.48634212e-12,2.16135272e-05,12050,401,1836
2547,0.428802609,0.86967059,0.000111725501,0.86967059,0,0.00360158689,0.04342555,1.38695416e-12,2.1077618e-05,17750,401,2518
2548,0.869045913,0.795492606,0.000103343602,0.795492606,0,0.00396925345,0.0399908554,1.18665557e-12,1.38282802e-05,3050,401,2655
2549,0.392257154,0.872125848,0.000112397661,0.872125848,0,0.00363140924,0.0435370701,1.40369269e-12,2.07417672e-05,19800,401,2448
2550,0.144545719,0.869157115,0.000146759248,0.869157115,0,0.00315083032,0.0435314956,2.39314188e-12,1.66258176e-05,15250,401,1059
2551,0.490574241,0.863950394,0.000115280302,0.863950394,0,0.0035787772,0.043163981,1.47661646e-12,2.14462823e-05,4400,401,1974
2552,0.434237897,0.869245462,0.000111904364,0.869245462,0,0.00359702356,0.0434062902,1.39139851e-12,2.11101769e-05,17750,401,2498
2553,0.0690132827,0.861280578,9.7136255e-05,0.861280578,0,0.00345065896,0.0432683041,1.04838356e-12,1.7173791e-05,19800,401,2694
2554,0.148522303,0.869482028,0.000151157735,0.869482028,0,0.00316560522,0.0435411135,2.53874008e-12,1.64368084e-05,15250,401,941
2555,0.458063513,0.867201577,0.000113391567,0.867201577,0,0.00357963175,0.0433135039,1.42862749e-12,2.12957127e-05,13250,401,2373
2556,0.933616757,0.780467498,9.42412348e-05,0.780467498,0,0.00432768471,0.0392951038,9.8682337e-13,1.36499678e-05,19750,401,2713
2557,0.226512864,0.874015648,0.000179897396,0.874015648,0,0.00345269932,0.0436715524,3.59589701e-12,1.4612265e-05,,401,363
2558,0.756510794,0.820354644,0.000154647436,0.820354644,0,0.00390647962,0.0411248948,2.65731439e-12,1.23073527e-05,18500,401,822
2559,0.663125873,0.838658292,0.000124888639,0.838658292,0,0.00391225118,0.0419684081,1.73301912e-12,1.87426606e-05,,401,1554
2560,0.245109081,0.874579647,0.000174456533,0.874579647,0,0.00351522664,0.0436846874,3.38167579e-12,1.51772531e-05,16200,401,470
2561,0.900869191,0.788124291,6.56025314e-05,0.788124291,0,0.00408907993,0.0396529018,4.78188014e-13,1.47557499e-05,9300,401,2951
2562,0.0469339043,0.858373569,0.000179184978,0.858373569,0,0.00377230534,0.0431633207,3.56747294e-12,1.439256e-05,,401,380
2563,0.273351759,0.87505651,0.000161353754,0.87505651,0,0.00358589177,0.0436917548,2.89278155e-12,1.64608138e-05,16200,401,632
2564,0.121543191,0.86710083,0.000114975317,0.86710083,0,0.00307551754,0.0434705062,1.46881372e-12,1.77324834e-05,10150,401,2039
2565,0.981291711,0.769282157,0.000276333989,0.769282157,0,0.00477352338,0.0387724644,8.48449708e-12,5.39611827e-06,,401,141
2566,0.920819402,0.783465696,6.94855674e-05,0.783465696,0,0.00422644748,0.0394353926,5.36471565e-13,1.4367585e-05,14650,401,2928
2567,0.745931029,0.822555014,0.00015236611,0.822555014,0,0.00391593354,0.041225147,2.57949237e-12,1.30906506e-05,18500,401,903
2568,0.296399742,0.875107991,0.000148776501,0.875107991,0,0.00362284144,0.0436856016,2.45938302e-12,1.76157601e-05,16200,401,1007
2569,0.912769735,0.785347973,6.27613316e-05,0.785347973,0,0.00416761267,0.0395233904,4.37664972e-13,1.45786609e-05,14650,401,2980
2570,0.743466675,0.823063246,0.000151937048,0.823063246,0,0.00391790798,0.041248342,2.56498516e-12,1.31760323e-05,18500,401,918
2571,0.170994848,0.871147282,0.00017028305,0.871147282,0,0.00324560718,0.0435907326,3.221813e-12,1.52931721e-05,19450,401,529
2572,0.517525792,0.860863781,0.000115594317,0.860863781,0,0.00362344438,0.0430182779,1.4846718e-12,2.16371446e-05,13000,401,1854
2573,0.925149262,0.782452005,7.61089499e-05,0.782452005,0,0.00425970405,0.0393879718,6.43619139e-13,1.41468036e-05,14650,401,2852
2574,0.0310787242,0.856120536,0.000259720773,0.856120536,0,0.00404638519,0.0430823942,7.49498666e-12,1.09917751e-05,,401,161
2575,0.0825530291,0.862929226,7.37468603e-05,0.862929226,0,0.0032881224,0.0433279575,6.04288823e-13,1.79600423e-05,17300,401,2879
2576,0.864688098,0.796493389,0.000108564214,0.796493389,0,0.00396384703,0.0400360305,1.3095765e-12,1.36782099e-05,12950,401,2621
2577,0.0688511878,0.861260226,9.75288687e-05,0.861260226,0,0.00345276784,0.0432675675,1.05687558e-12,1.71445485e-05,19800,401,2691
2578,0.788971245,0.813434796,0.000155943468,0.813434796,0,0.00389656083,0.0408087587,2.70204057e-12,1.10585617e-05,18500,401,760
2579,0.646854639,0.841558811,0.00012045535,0.841558811,0,0.00389432808,0.0421040889,1.61216572e-12,1.96629833e-05,,401,1668
2580,0.460386276,0.866986884,0.000113715826,0.866986884,0,0.00357834318,0.0433037245,1.43680991e-12,2.12836014e-05,12600,401,2348
2581,0.229603961,0.874123179,0.000179189013,0.874123179,0,0.00346393553,0.0436741945,3.5676336e-12,1.47298804e-05,,401,379
2582,0.390559167,0.872222588,0.000112545527,0.872222588,0,0.00363261039,0.0435414958,1.4073884e-12,2.06948164e-05,19800,401,2435
2583,0.438674152,0.868886923,0.000112245261,0.868886923,0,0.00359339544,0.0433900413,1.39988872e-12,2.1162878e-05,17750,401,2463
2584,0.928308845,0.781711798,8.22763119e-05,0.781711798,0,0.0042846332,0.0393533339,7.5215461e-13,1.38211158e-05,14650,401,2799
2585,0.298887044,0.875095618,0.000147357444,0.875095618,0,0.00362581682,0.0436842846,2.41269069e-12,1.77459367e-05,16200,401,1043
2586,0.651186883,0.840795835,0.000121455705,0.840795835,0,0.00389961035,0.0420683474,1.63905425e-12,1.94618362e-05,,401,1640
2587,0.175506234,0.871446532,0.000172948859,0.871446532,0,0.00326076527,0.0435996819,3.32347863e-12,1.50740722e-05,19450,401,493
2588,0.28115052,0.875107766,0.000157202775,0.875107766,0,0.00360036283,0.0436908941,2.74585693e-12,1.68696324e-05,16200,401,676
2589,0.689771652,0.833710401,0.000133777088,0.833710401,0,0.00392976063,0.0417381907,1.98847881e-12,1.71663784e-05,18500,401,1349
2590,0.32553634,0.874742465,0.000133118538,0.874742465,0,0.00364666182,0.0436618523,1.96894945e-12,1.89717388e-05,16200,401,1367
2591,0.337988496,0.874440824,0.000127282395,0.874440824,0,0.00365016532,0.0436461088,1.80008978e-12,1.93911339e-05,16200,401,1498
2592,0.0192204285,0.854345973,0.000330135091,0.854345973,0,0.00427514544,0.043019009,1.21099087e-11,7.55457298e-06,,401,82
2593,0.854992926,0.798712389,0.000119324104,0.798712389,0,0.00395440344,0.0401362311,1.58202686e-12,1.31227892e-05,15450,401,1700
2594,0.240166366,0.874449147,0.000176236419,0.874449147,0,0.0034998245,0.0436818446,3.4510306e-12,1.49987384e-05,16200,401,442
2595,0.294376969,0.875115654,0.000149807855,0.875115654,0,0.00362028122,0.0436865863,2.49359926e-12,1.75128846e-05,16200,401,979
2596,0.649305284,0.841128029,0.000120989041,0.841128029,0,0.00389735702,0.042083905,1.6264831e-12,1.96358124e-05,,401,1654
2597,0.30719775,0.875028388,0.00014276781,0.875028388,0,0.00363442653,0.0436789132,2.26473862e-12,1.81289811e-05,16200,401,1152
2598,0.620362341,0.846072821,0.000115661589,0.846072821,0,0.00385449711,0.0423162545,1.48640036e-12,2.06522664e-05,,401,1835
2599,0.640056551,0.84274233,0.000118870111,0.84274233,0,0.00388531288,0.0421595999,1.57001149e-12,2.00187759e-05,,401,1713
2600,0.96008724,0.774255105,0.000181821384,0.774255105,0,0.00456260792,0.0390045399,3.67322395e-12,1.01926564e-05,,401,259
2601,0.829429805,0.804500474,0.000140955434,0.804500474,0,0.00393370038,0.0403989098,2.20760383e-12,1.18228351e-05,18500,401,1192
2602,0.153997421,0.869914397,0.000156749214,0.869914397,0,0.00318576781,0.0435539432,2.73003512e-12,1.61217649e-05,16800,401,679
2603,0.688854754,0.833884362,0.000133466185,0.833884362,0,0.00392941226,0.041746256,1.97924695e-12,1.71575182e-05,18500,401,1357
2604,0.650370181,0.840940237,0.000121284811,0.840940237,0,0.0038986449,0.0420751094,1.63444503e-12,1.95235098e-05,,401,1645
2605,0.79609257,0.811885173,0.0001547802,0.811885173,0,0.00390312791,0.0407373799,2.66187892e-12,1.10829847e-05,18500,401,818
2606,0.992882669,0.76657013,0.000336318009,0.76657013,0,0.0048970569,0.0386462047,1.25677559e-11,1.9415845e-06,,401,76
2607,0.383813143,0.872591641,0.000113622669,0.872591641,0,0.00363709035,0.0435584267,1.43445676e-12,2.05630072e-05,,401,2359
2608,0.0571269393,0.859749083,0.00013630281,0.859749083,0,0.00361519979,0.0432129304,2.0642729e-12,1.59318208e-05,,401,1296
2609,0.457045436,0.867294773,0.000113495539,0.867294773,0,0.00358023123,0.0433177455,1.4312486e-12,2.12460732e-05,13250,401,2366
2610,0.444150448,0.868430523,0.000112486427,0.868430523,0,0.00358909693,0.0433693454,1.4059107e-12,2.11789044e-05,16900,401,2436
2611,0.0563818812,0.859650456,0.000139093387,0.859650456,0,0.00362617975,0.0432093684,2.14966336e-12,1.58493781e-05,,401,1233
2612,0.797087729,0.811667878,0.000154607423,0.811667878,0,0.0039040808,0.0407273773,2.65593947e-12,1.10338629e-05,18500,401,826
2613,0.924667776,0.782564622,7.5258828e-05,0.782564622,0,0.00425595584,0.0393932396,6.29321243e-13,1.42103018e-05,14650,401,2860
2614,0.23288627,0.874231255,0.000178406442,0.874231255,0,0.00347552061,0.0436767959,3.53653985e-12,1.47665838e-05,,401,399
2615,0.381161451,0.872729958,0.000114008147,0.872729958,0,0.00363871613,0.043564795,1.44420639e-12,2.0544402e-05,,401,2239
2616,0.520789683,0.860466426,0.000115504679,0.860466426,0,0.00363073887,0.0429993807,1.48237008e-12,2.15949735e-05,13000,401,1901
2617,0.556328356,0.855823589,0.000114382149,0.855823589,0,0.00371665149,0.0427782852,1.45369734e-12,2.1709654e-05,11600,401,2156
2618,0.52748692,0.859635676,0.000115418655,0.859635676,0,0.00364628922,0.0429598401,1.48016288e-12,2.16465251e-05,14200,401,1941
2619,0.14150998,0.868903067,0.000143135801,0.868903067,0,0.00313956596,0.0435239884,2.27642863e-12,1.67992932e-05,15250,401,1144
2620,0.554907084,0.856020314,0.000114498659,0.856020314,0,0.0037131837,0.0427876493,1.45666033e-12,2.16210087e-05,11600,401,2133
2621,0.0391281284,0.85728155,0.000216886257,0.85728155,0,0.00390269847,0.0431240397,5.22662762e-12,1.28979527e-05,,401,212
2622,0.123759568,0.867312089,0.000118391174,0.867312089,0,0.00308071929,0.0434768504,1.55738555e-12,1.76250299e-05,10150,401,1732
2623,0.719109952,0.827998028,0.000144418963,0.827998028,0,0.00393105321,0.0414744234,2.31742631e-12,1.49858623e-05,18500,401,1114
2624,0.56503123,0.854600164,0.000114153898,0.854600164,0,0.00373773477,0.0427200795,1.44790138e-12,2.16329187e-05,17100,401,2202
2625,0.975178301,0.770714582,0.000247024693,0.770714582,0,0.00471069601,0.0388392465,6.7801332e-12,6.99726045e-06,,401,175
2626,0.149762645,0.869581396,0.000152413302,0.869581396,0,0.0031701977,0.0435440569,2.5810905e-12,1.63454114e-05,15250,401,901
2627,0.319273502,0.874861367,0.000136265285,0.874861367,0,0.00364348092,0.0436684926,2.06313643e-12,1.86412628e-05,16200,401,1297
2628,0.832782388,0.803747074,0.000138686323,0.803747074,0,0.00393646221,0.0403645845,2.13709958e-12,1.19354648e-05,17350,401,1242
2629,0.0116226664,0.853169064,0.000379620883,0.853169064,0,0.00443232808,0.0429771811,1.60124461e-11,4.88221506e-06,,401,35
2630,0.676734686,0.836161073,0.00012911897,0.836161073,0,0.00392309356,0.0418520176,1.85241206e-12,1.80627754e-05,18500,401,1452
2631,0.674062669,0.836656199,0.000128264117,0.836656199,0,0.00392126528,0.041875062,1.82796485e-12,1.81708559e-05,,401,1473
2632,0.0372869112,0.85701906,0.000226378208,0.85701906,0,0.00393473609,0.0431146126,5.69412145e-12,1.24974615e-05,,401,200
2633,0.214358345,0.873539487,0.000181543299,0.873539487,0,0.00340558376,0.0436593947,3.66199659e-12,1.4433624e-05,,401,291
2634,0.70983696,0.829831932,0.000141104014,0.829831932,0,0.00393271465,0.0415588629,2.21226031e-12,1.56847597e-05,18500,401,1189
2635,0.102362253,0.865155914,8.48880847e-05,0.865155914,0,0.00310944623,0.0434075344,8.00665213e-13,1.81989037e-05,3000,401,2778
2636,0.41937831,0.870371312,0.000111541923,0.870371312,0,0.0036096311,0.043457298,1.38240007e-12,2.10184565e-05,19500,401,2551
2637,0.234215528,0.874273394,0.000178111032,0.874273394,0,0.00348009861,0.0436777974,3.52483773e-12,1.4786746e-05,,401,405
2638,0.822423697,0.80606898,0.000145127977,0.80606898,0,0.00392774522,0.0404704993,2.34023665e-12,1.14994849e-05,18500,401,1097
2639,0.395706147,0.871924434,0.000112185842,0.871924434,0,0.003628892,0.0435278695,1.39840702e-12,2.07719203e-05,19800,401,2466
2640,0.915000379,0.784826859,6.39261986e-05,0.784826859,0,0.00418349901,0.0394990396,4.54062097e-13,1.44832288e-05,14650,401,2966
2641,0.821582198,0.806257003,0.000145652472,0.806257003,0,0.00392701042,0.0404790943,2.3571825e-12,1.14376422e-05,18500,401,1082
2642,0.37607035,0.872984863,0.000114937711,0.872984863,0,0.00364159969,0.0435765739,1.46785306e-12,2.04167736e-05,,401,2047
2643,0.372204334,0.873169034,0.000115884675,0.873169034,0,0.00364355989,0.0435851257,1.49213977e-12,2.03711179e-05,,401,1824
2644,0.923644006,0.782804572,7.35849516e-05,0.782804572,0,0.00424802591,0.0394044666,6.01638344e-13,1.41645115e-05,14650,401,2880
2645,0.843573093,0.801309937,0.000130217223,0.801309937,0,0.00394507148,0.040253832,1.88405837e-12,1.24974088e-05,17350,401,1430
2646,0.420613587,0.870282201,0.000111464611,0.870282201,0,0.00360857334,0.0434532605,1.38048439e-12,2.10285604e-05,19500,401,2571
2647,0.487092614,0.86432364,0.000114988206,0.86432364,0,0.00357626566,0.043181357,1.46914305e-12,2.14162902e-05,4400,401,2034
2648,0.955151558,0.775413746,0.000162690422,0.775413746,0,0.0045163649,0.0390586904,2.94090817e-12,1.11039355e-05,,401,618
2649,0.479949325,0.865070658,0.000114810917,0.865070658,0,0.00357363421,0.0432159345,1.4646163e-12,2.13665802e-05,4400,401,2075
2650,0.9481318,0.777061516,0.000137686,0.777061516,0,0.00445248685,0.0391357401,2.10638164e-12,1.19215288e-05,,401,1265
2651,0.789946377,0.813223197,0.000155906757,0.813223197,0,0.0038974158,0.0407990109,2.70076855e-12,1.10593684e-05,18500,401,761
2652,0.0644759759,0.860705164,0.000110500387,0.860705164,0,0.00351110453,0.0432474848,1.35670394e-12,1.67522826e-05,19800,401,2608
2653,0.538218677,0.858261333,0.000115077096,0.858261333,0,0.00367217688,0.0428943779,1.47141534e-12,2.1616993e-05,14200,401,2015
2654,0.98874712,0.767536944,0.000314023564,0.767536944,0,0.00485231482,0.0386911867,1.09567554e-11,3.26496283e-06,,401,99
2655,0.55450213,0.856075997,0.000114453318,0.856075997,0,0.00371218622,0.0427902996,1.45550688e-12,2.1722046e-05,11600,401,2140
2656,0.504058719,0.862449552,0.000115700558,0.862449552,0,0.00359655303,0.0430934747,1.48740213e-12,2.15056229e-05,7850,401,1829
2657,0.545882702,0.857247634,0.000114773232,0.857247634,0,0.00369100654,0.0428460901,1.46365497e-12,2.17161556e-05,14200,401,2082
2658,0.652198374,0.840616756,0.000121700523,0.840616756,0,0.00390078527,0.0420599643,1.6456686e-12,1.94941639e-05,,401,1634
2659,0.719909012,0.827838712,0.000144683851,0.827838712,0,0.00393082315,0.0414670997,2.3259352e-12,1.49420454e-05,18500,401,1107
2660,0.0334354341,0.856464164,0.000246850496,0.856464164,0,0.00400334397,0.0430947072,6.77057413e-12,1.16081566e-05,,401,176
2661,0.758690774,0.819897887,0.000155015685,0.819897887,0,0.00390439542,0.041104113,2.66998473e-12,1.22458372e-05,18500,401,808
2662,0.675976455,0.836301893,0.000128923603,0.836301893,0,0.00392258688,0.0418585701,1.84681061e-12,1.80598465e-05,18500,401,1460
2663,0.172805354,0.87126878,0.000171441629,0.87126878,0,0.00325171854,0.0435943665,3.26580358e-12,1.52201267e-05,19450,401,513
2664,0.661155343,0.839014634,0.000124206688,0.839014634,0,0.0039103618,0.0419850494,1.7141446e-12,1.89427531e-05,,401,1569
2665,0.567719281,0.854215674,0.000114058562,0.854215674,0,0.00374415382,0.0427017978,1.44548395e-12,2.1521634e-05,17100,401,2230
2666,0.513841093,0.861306145,0.000115541081,0.861306145,0,0.00361550339,0.0430392956,1.4833046e-12,2.15297736e-05,12050,401,1886
2667,0.739123046,0.82395527,0.000150649667,0.82395527,0,0.00392112457,0.0412890888,2.52170245e-12,1.35631471e-05,18500,401,954
2668,0.456900656,0.867308149,0.000113401862,0.867308149,0,0.00358030636,0.0433183556,1.42888693e-12,2.12359371e-05,13250,401,2372
2669,0.121127732,0.867060918,0.000114251808,0.867060918,0,0.0030746422,0.043469303,1.45038619e-12,1.77466676e-05,10150,401,2186
2670,0.593726456,0.850335749,0.000113909599,0.850335749,0,0.00380296612,0.0425176763,1.44171075e-12,2.12712133e-05,17100,401,2276
2671,0.34196043,0.874326439,0.000125635281,0.874326439,0,0.00365054629,0.0436403718,1.75380266e-12,1.95495255e-05,16200,401,1534
2672,0.0674427748,0.861082682,0.000101547925,0.861082682,0,0.00347125286,0.0432611423,1.14577568e-12,1.70384796e-05,19800,401,2666
2673,0.497294247,0.863213556,0.000115381559,0.863213556,0,0.00358612925,0.0431294828,1.47921157e-12,2.14402559e-05,6600,401,1953
2674,0.217073068,0.873653185,0.000181294113,0.873653185,0,0.0034164697,0.043662354,3.6519506e-12,1.44227487e-05,,401,308
2675,0.866492748,0.796079215,0.000106158717,0.796079215,0,0.00396596181,0.0400173364,1.25218592e-12,1.36696349e-05,12650,401,2635
2676,0.12346404,0.86728406,0.000117996989,0.86728406,0,0.00307997705,0.0434760103,1.54703216e-12,1.76550303e-05,10150,401,1740
2677,0.511867106,0.861540614,0.000115602003,0.861540614,0,0.00361140171,0.0430504254,1.48486924e-12,2.15649123e-05,12050,401,1853
2678,0.753172815,0.821051969,0.000153993647,0.821051969,0,0.00390959346,0.0411566391,2.63489369e-12,1.26528371e-05,18500,401,849
2679,0.461607546,0.866872858,0.000113610288,0.866872858,0,0.00357771039,0.0432985272,1.43414417e-12,2.12783699e-05,12600,401,2360
2680,0.726060092,0.826606808,0.000146790042,0.826606808,0,0.00392857068,0.0414105197,2.39414627e-12,1.44856413e-05,18500,401,1058
2681,0.182584479,0.871892638,0.000176406222,0.871892638,0,0.00328427215,0.0436129911,3.45768392e-12,1.48625613e-05,,401,439
2682,0.169799194,0.871065919,0.000169540824,0.871065919,0,0.00324154595,0.043588297,3.19378788e-12,1.53295583e-05,19450,401,538
2683,0.39010492,0.87224821,0.000112886643,0.87224821,0,0.00363292335,0.043542669,1.41593268e-12,2.06292231e-05,19800,401,2412
2684,0.7915681,0.812870988,0.000155581845,0.812870988,0,0.00389887243,0.0407827847,2.68952339e-12,1.10481239e-05,18500,401,781
2685,0.703626454,0.831045843,0.000138769566,0.831045843,0,0.00393275828,0.0416148807,2.13966583e-12,1.61966151e-05,18500,401,1240
2686,0.881947041,0.792516847,8.69421377e-05,0.792516847,0,0.00399647241,0.03985593,8.39881701e-13,1.43354067e-05,3050,401,2763
2687,0.94761914,0.777181878,0.000135829109,0.777181878,0,0.00444790617,0.0391413698,2.04994965e-12,1.21556495e-05,,401,1307
2688,0.505507469,0.862283159,0.0001155486,0.862283159,0,0.00359911258,0.0430856086,1.48349767e-12,2.15660567e-05,11250,401,1880
2689,0.342885464,0.874298493,0.000125264589,0.874298493,0,0.00365058561,0.0436389833,1.74346858e-12,1.95534487e-05,16200,401,1544
2690,0.811284065,0.808545576,0.000150416762,0.808545576,0,0.00391768972,0.0405838892,2.51391135e-12,1.11774299e-05,18500,401,962
2691,0.287035674,0.875123602,0.000153945383,0.875123602,0,0.00360992558,0.0436894262,2.63324232e-12,1.71959522e-05,16200,401,852
2692,0.626247704,0.845093001,0.000116454492,0.845093001,0,0.00386441079,0.0422700998,1.50684986e-12,2.05056816e-05,,401,1797
2693,0.37533322,0.873020712,0.000115061939,0.873020712,0,0.00364198646,0.0435782366,1.47102775e-12,2.04179805e-05,,401,2016
2694,0.45489499,0.867490189,0.000113230174,0.867490189,0,0.00358154733,0.0433266372,1.42456358e-12,2.12500808e-05,13250,401,2382
2695,0.518914104,0.860695322,0.000115437901,0.860695322,0,0.00362652074,0.0430102679,1.48065654e-12,2.15732578e-05,13000,401,1932
2696,0.673868001,0.836692335,0.000128237243,0.836692335,0,0.00392112821,0.0418767449,1.82719894e-12,1.8121832e-05,,401,1474
2697,0.255587786,0.874809957,0.000170151023,0.874809957,0,0.00354486838,0.0436891484,3.21681897e-12,1.55914872e-05,16200,401,530
2698,0.91122067,0.785709875,6.22463655e-05,0.785709875,0,0.00415677896,0.0395402966,4.30512225e-13,1.46605218e-05,14650,401,2992
2699,0.499147892,0.863006316,0.000115449201,0.863006316,0,0.00358871367,0.0431197359,1.48094645e-12,2.14719332e-05,7000,401,1926
2700,0.413977534,0.870751831,0.000111334265,0.870751831,0,0.00361422516,0.0434745503,1.37725762e-12,2.09930648e-05,19500,401,2601
2701,0.223310575,0.87389839,0.000180568705,0.87389839,0,0.00344071315,0.0436686201,3.62278415e-12,1.4519557e-05,,401,342
2702,0.668915033,0.837603727,0.000126512303,0.837603727,0,0.00391733711,0.0419192082,1.77837365e-12,1.86122627e-05,,401,1516
2703,0.628519773,0.844711217,0.000116788246,0.844711217,0,0.00386807968,0.0422521318,1.51549939e-12,2.0450102e-05,,401,1785
2704,0.411824316,0.87089928,0.000111458996,0.87089928,0,0.0036160313,0.0434812396,1.38034532e-12,2.09376768e-05,19500,401,2573
2705,0.535898626,0.858563046,0.000115200101,0.858563046,0,0.00366652211,0.0429087513,1.4745626e-12,2.16462645e-05,14200,401,1991
2706,0.508657038,0.861917809,0.000115526431,0.861917809,0,0.00360500519,0.0430683114,1.48292847e-12,2.15446197e-05,11250,401,1891
2707,0.375704825,0.873002633,0.000114951884,0.873002633,0,0.00364179546,0.0435773974,1.46821508e-12,2.04248365e-05,,401,2043
2708,0.420238286,0.870309308,0.000111371692,0.870309308,0,0.00360889148,0.0434544886,1.37818375e-12,2.10068185e-05,19500,401,2597
2709,0.408166468,0.871144151,0.000111551443,0.871144151,0,0.00361907276,0.0434923561,1.38263606e-12,2.09383738e-05,19500,401,2547
2710,0.0973011255,0.864608057,7.85042279e-05,0.864608057,0,0.00314646191,0.0433882312,6.84768199e-13,1.8260323e-05,11750,401,2830
2711,0.99861908,0.76523055,0.000367744212,0.76523055,0,0.00496033414,0.0385839325,1.50262006e-11,6.15031203e-07,,401,46
2712,0.561441958,0.855108787,0.000114298568,0.855108787,0,0.00372908442,0.0427442722,1.45157363e-12,2.15570601e-05,11600,401,2178
2713,0.516587198,0.860976941,0.000115513071,0.860976941,0,0.00362138903,0.0430236558,1.48258552e-12,2.15739551e-05,12050,401,1896
2714,0.038129475,0.85713946,0.000221997123,0.85713946,0,0.0039200145,0.0431189366,5.47585804e-12,1.26609312e-05,,401,206
2715,0.774824977,0.816480488,0.000156599634,0.816480488,0,0.00389119473,0.0409486136,2.72482728e-12,1.14623391e-05,18500,401,692
2716,0.734489441,0.824901175,0.000149372619,0.824901175,0,0.00392415719,0.0413323546,2.47913103e-12,1.3861259e-05,18500,401,992
2717,0.104700021,0.865404059,8.823904e-05,0.865404059,0,0.00309521562,0.0434161475,8.65125354e-13,1.81927395e-05,2950,401,2754
2718,0.0185090173,0.854237106,0.000334558527,0.854237106,0,0.00428951369,0.0430151318,1.24366009e-11,7.32627936e-06,,401,78
2719,0.451695412,0.867776357,0.000112955748,0.867776357,0,0.00358363862,0.0433396465,1.41766677e-12,2.12180663e-05,13250,401,2406
2720,0.740799546,0.823611637,0.000151090456,0.823611637,0,0.00391992243,0.0412733865,2.53648066e-12,1.34230054e-05,18500,401,943
2721,0.187752575,0.872200135,0.000178289701,0.872200135,0,0.00330162748,0.0436220928,3.53191306e-12,1.47177849e-05,,401,402
2722,0.108176336,0.865767539,9.35191466e-05,0.865767539,0,0.00307857735,0.0434285309,9.71758976e-13,1.81442881e-05,2950,401,2717
2723,0.883788586,0.792090684,8.45169391e-05,0.792090684,0,0.00400273551,0.0398364335,7.93679221e-13,1.4300394e-05,3900,401,2781
2724,0.226033643,0.873998516,0.000179996953,0.873998516,0,0.00345092379,0.0436711282,3.59987812e-12,1.45766056e-05,,401,360
2725,0.397469997,0.871819064,0.000112033782,0.871819064,0,0.00362756392,0.0435230629,1.3946187e-12,2.07685275e-05,19800,401,2480
2726,0.9634341,0.773469613,0.000195501557,0.773469613,0,0.00459457687,0.0389678429,4.24676208e-12,9.59801924e-06,,401,241
2727,0.731935322,0.825420115,0.000148555657,0.825420115,0,0.00392564539,0.0413561166,2.45208703e-12,1.40309631e-05,18500,401,1012
2728,0.395640463,0.871928444,0.000112205918,0.871928444,0,0.00362894149,0.0435280533,1.39890756e-12,2.07540283e-05,19800,401,2465
2729,0.53234905,0.859019574,0.000115406639,0.859019574,0,0.0036579075,0.0429304984,1.47985471e-12,2.16246507e-05,14200,401,1947
2730,0.937605619,0.779531738,0.000104965311,0.779531738,0,0.00436097013,0.039251313,1.22419073e-12,1.3272788e-05,,401,2644
2731,0.678562224,0.835820954,0.000129754962,0.835820954,0,0.00392424595,0.041836197,1.87070557e-12,1.78640156e-05,18500,401,1440
2732,0.440864146,0.868706294,0.000112345801,0.868706294,0,0.00359165285,0.0433818526,1.40239766e-12,2.11959127e-05,16900,401,2453
2733,0.58972764,0.850950691,0.000113728037,0.850950691,0,0.00379438805,0.04254681,1.4371185e-12,2.1392885e-05,17100,401,2344
2734,0.755567789,0.820551988,0.000154467887,0.820551988,0,0.00390736846,0.0411338752,2.65114755e-12,1.2471844e-05,18500,401,831
2735,0.309614271,0.875001524,0.000141344866,0.875001524,0,0.00363655923,0.0436770766,2.21981902e-12,1.82373652e-05,16200,401,1182
2736,0.520524204,0.86049906,0.000115569976,0.86049906,0,0.00363013745,0.0430009338,1.48404659e-12,2.15906636e-05,13000,401,1865
2737,0.481724948,0.864887256,0.000114889727,0.864887256,0,0.00357399091,0.0432074685,1.46662771e-12,2.13756771e-05,4400,401,2063
2738,0.682985306,0.834993042,0.000131349036,0.834993042,0,0.00392675006,0.0417977161,1.91695215e-12,1.7579327e-05,18500,401,1406
2739,0.0724887997,0.861713525,8.86575742e-05,0.861713525,0,0.0034063443,0.0432839743,8.73351718e-13,1.74387123e-05,19400,401,2751
2740,0.473765314,0.865697057,0.000114442867,0.865697057,0,0.00357360709,0.0432447541,1.45524109e-12,2.13721925e-05,12250,401,2143
2741,0.22851117,0.874085746,0.000179538633,0.874085746,0,0.00345999946,0.0436732793,3.58156897e-12,1.46682729e-05,,401,371
2742,0.354709148,0.873899985,0.000120655226,0.873899985,0,0.00364959065,0.0436195824,1.6175204e-12,1.99457046e-05,,401,1663
2743,0.194872916,0.872598573,0.000180232379,0.872598573,0,0.00332694042,0.043633673,3.60930116e-12,1.45302801e-05,,401,352
2744,0.543430984,0.857574867,0.000114912395,0.857574867,0,0.00368497214,0.042861677,1.4672065e-12,2.16354083e-05,14200,401,2057
2745,0.0119437436,0.853219395,0.000377501325,0.853219395,0,0.00442552068,0.0429789663,1.58341389e-11,5.00796643e-06,,401,36
2746,0.569287896,0.853989815,0.000114000443,0.853989815,0,0.00374787805,0.0426910613,1.44401123e-12,2.15272145e-05,17100,401,2242
2747,0.958122015,0.774716428,0.000174103634,0.774716428,0,0.00454405496,0.039026098,3.36800839e-12,1.06115843e-05,,401,476
2748,0.0841899812,0.863121527,7.27279334e-05,0.863121527,0,0.00327040034,0.0433349021,5.8770581e-13,1.80401198e-05,17300,401,2896
2749,0.970153332,0.771893022,0.000224159184,0.771893022,0,0.0046602745,0.0388942303,5.58303774e-12,8.16927766e-06,,401,203
2750,0.232461125,0.874217727,0.000178540757,0.874217727,0,0.00347404016,0.0436764766,3.54186687e-12,1.47847789e-05,,401,397
2751,0.158572912,0.870262465,0.000161000622,0.870262465,0,0.00320233013,0.0435642987,2.88013337e-12,1.58754805e-05,16800,401,636
2752,0.839837074,0.80215581,0.000133362461,0.80215581,0,0.00394211463,0.0402922247,1.97617178e-12,1.22851272e-05,17350,401,1359
2753,0.649719656,0.841054997,0.000121123315,0.841054997,0,0.00389785632,0.0420804849,1.63009527e-12,1.95169331e-05,,401,1649
2754,0.494969815,0.863470817,0.0001155015,0.863470817,0,0.00358322134,0.0431415553,1.48228849e-12,2.14750058e-05,4400,401,1904
2755,0.233142927,0.874239431,0.000178320102,0.874239431,0,0.00347640656,0.0436769902,3.53311763e-12,1.47908019e-05,,401,400
2756,0.22472392,0.873950853,0.000180258649,0.873950853,0,0.00344604457,0.0436699375,3.61035341e-12,1.45900452e-05,,401,351
2757,0.333993077,0.874547006,0.000129017745,0.874547006,0,0.00364942845,0.0436515292,1.84950872e-12,1.92928976e-05,16200,401,1456
2758,0.0367615148,0.856943969,0.000229145856,0.856943969,0,0.0039439675,0.0431119187,5.83420261e-12,1.23876475e-05,,401,198
2759,0.698599398,0.83201965,0.00013705,0.83201965,0,0.00393216434,0.0416598916,2.08696695e-12,1.65249511e-05,18500,401,1279
2760,0.477555901,0.865315324,0.000114652633,0.865315324,0,0.00357341429,0.0432272081,1.46058069e-12,2.14476321e-05,10950,401,2108
2761,0.576665401,0.852913383,0.000113803461,0.852913383,0,0.00376512582,0.0426399216,1.4390253e-12,2.15917089e-05,17100,401,2306
2762,0.235219628,0.874304455,0.000177721298,0.874304455,0,0.00348352069,0.0436785268,3.50942885e-12,1.48487543e-05,,401,413
2763,0.684054911,0.834791934,0.000131659696,0.834791934,0,0.0039272887,0.0417883758,1.92603062e-12,1.7625816e-05,18500,401,1396
2764,0.634973288,0.843615917,0.000117876591,0.843615917,0,0.00387801182,0.0422006273,1.54387675e-12,2.02723087e-05,,401,1748
2765,0.446694374,0.868213173,0.00011277466,0.868213173,0,0.00358718972,0.0433594829,1.41312488e-12,2.11747898e-05,16900,401,2422
2766,0.906523287,0.786806333,6.25266791e-05,0.786806333,0,0.00412499105,0.0395914775,4.343984e-13,1.46951839e-05,12800,401,2982
2767,0.0261685122,0.855394929,0.000287887021,0.855394929,0,0.00413864747,0.0430564331,9.20877074e-12,9.68379882e-06,,401,128
2768,0.638238311,0.843056007,0.000118551609,0.843056007,0,0.00388275791,0.0421743257,1.56160934e-12,2.00805306e-05,,401,1725
2769,0.920021534,0.783652459,6.84697027e-05,0.783652459,0,0.00422044054,0.0394441287,5.20900021e-13,1.42930744e-05,14650,401,2933
2770,0.813934028,0.807958385,0.000149412133,0.807958385,0,0.00392014028,0.0405569682,2.48044282e-12,1.12307238e-05,18500,401,988
2771,0.113406971,0.866301294,0.000101848682,0.866301294,0,0.00306710874,0.0434459305,1.15257268e-12,1.80151462e-05,3900,401,2664
2772,0.446157873,0.868259288,0.000112684569,0.868259288,0,0.00358758786,0.0433615761,1.41086802e-12,2.12107211e-05,16900,401,2425
2773,0.173561588,0.871318894,0.000171934351,0.871318894,0,0.00325425873,0.043595864,3.28460234e-12,1.51698729e-05,19450,401,506
2774,0.243773878,0.874545733,0.000174901787,0.874545733,0,0.00351115394,0.0436839638,3.39895946e-12,1.51348831e-05,16200,401,463
2775,0.0327356979,0.856362412,0.000250611569,0.856362412,0,0.00401603826,0.04309106,6.97846208e-12,1.14384717e-05,,401,172
2776,0.0263737869,0.855425579,0.000286641076,0.855425579,0,0.00413471881,0.0430575293,9.12923406e-12,9.74063915e-06,,401,130
2777,0.367645979,0.873375585,0.000116916517,0.873375585,0,0.00364559831,0.0435947657,1.51883022e-12,2.02653986e-05,,401,1782
2778,0.176327184,0.871499734,0.000173450889,0.871499734,0,0.00326350155,0.0436012719,3.3428012e-12,1.50441715e-05,19450,401,486
2779,0.921242833,0.783366663,7.00099133e-05,0.783366663,0,0.00422965077,0.0394307608,5.44598662e-13,1.43397001e-05,14650,401,2926
2780,0.943557024,0.778135338,0.000122585169,0.778135338,0,0.00441207659,0.0391859722,1.66968039e-12,1.26436585e-05,,401,1611
2781,0.408910602,0.871094882,0.000111495288,0.871094882,0,0.00361846166,0.043490119,1.38124436e-12,2.09295784e-05,19500,401,2563
2782,0.988270402,0.767648574,0.000311622527,0.767648574,0,0.00484720277,0.0386963829,1.07898444e-11,3.37851922e-06,,401,103
2783,0.529906332,0.859330479,0.000115334052,0.859330479,0,0.00365204188,0.0429453058,1.47799373e-12,2.15945922e-05,14200,401,1960
2784,0.585422993,0.85160548,0.000113793884,0.85160548,0,0.00378495363,0.0425778537,1.43878312e-12,2.1327947e-05,17100,401,2310
2785,0.798880279,0.811275777,0.000154251546,0.811275777,0,0.00390580995,0.0407093302,2.64372662e-12,1.1013438e-05,18500,401,838
2786,0.303471029,0.875063313,0.000144745328,0.875063313,0,0.00363081316,0.0436814999,2.32791221e-12,1.79784903e-05,16200,401,1104
2787,0.0484828949,0.858586325,0.00017218461,0.858586325,0,0.00374747141,0.0431709854,3.29417111e-12,1.46613122e-05,,401,504
2788,0.162061334,0.870519981,0.000164008629,0.870519981,0,0.00321473606,0.0435719814,2.98875893e-12,1.57035828e-05,19450,401,604
2789,0.89277786,0.790006151,7.34357102e-05,0.790006151,0,0.00404308693,0.0397403186,5.99200393e-13,1.47087671e-05,8450,401,2882
2790,0.521726072,0.860351561,0.000115516003,0.860351561,0,0.00363287411,0.0429939155,1.48266077e-12,2.15952132e-05,13000,401,1894
2791,0.244482398,0.874563854,0.000174670949,0.874563854,0,0.00351332491,0.0436843523,3.3899934e-12,1.51836171e-05,16200,401,466
2792,0.988650143,0.767559602,0.000313660383,0.767559602,0,0.00485128365,0.0386922417,1.09314262e-11,3.32403467e-06,,401,101
2793,0.394545704,0.871992932,0.000112239033,0.871992932,0,0.00362974846,0.0435309969,1.39973339e-12,2.07018038e-05,19800,401,2464
2794,0.235908091,0.874325354,0.000177547727,0.874325354,0,0.00348584073,0.0436790126,3.50257725e-12,1.48258912e-05,,401,416
2795,0.0739306286,0.861891168,8.56287319e-05,0.861891168,0,0.00338847319,0.0432904049,8.14697748e-13,1.75308947e-05,19350,401,2773
2796,0.355783373,0.873859984,0.000120364458,0.873859984,0,0.00364936965,0.0436176665,1.60973364e-12,1.99143581e-05,,401,1671
2797,0.599723876,0.849400807,0.000114109213,0.849400807,0,0.00381544542,0.0424734179,1.44676804e-12,2.12534707e-05,,401,2217
2798,0.322075188,0.874810895,0.000134853337,0.874810895,0,0.00364502358,0.0436656273,2.02060251e-12,1.88209524e-05,16200,401,1328
2799,0.403231263,0.871463154,0.000111648529,0.871463154,0,0.00362307659,0.0435068553,1.38504378e-12,2.08185798e-05,19500,401,2529
2800,0.762515366,0.819093369,0.000155585722,0.819093369,0,0.00390072743,0.0410675226,2.68965744e-12,1.200846e-05,18500,401,780
2801,0.41923517,0.870381762,0.000111501697,0.870381762,0,0.003609753,0.0434577727,1.38140316e-12,2.10306266e-05,19500,401,2560
2802,0.429544419,0.869613593,0.00011171642,0.869613593,0,0.00360095705,0.0434229682,1.38672871e-12,2.10923192e-05,17750,401,2522
2803,0.500850201,0.862814657,0.000115522959,0.862814657,0,0.00359127412,0.0431107082,1.48283934e-12,2.14844448e-05,7000,401,1893
2804,0.313670248,0.874949163,0.000139202324,0.874949163,0,0.00363977594,0.0436737203,2.15303188e-12,1.84200174e-05,16200,401,1232
2805,0.445973098,0.868275188,0.000112650875,0.868275188,0,0.00358772631,0.0433622978,1.4100244e-12,2.12038872e-05,16900,401,2428
2806,0.762863755,0.819019842,0.000155613397,0.819019842,0,0.00390038781,0.0410641809,2.69061437e-12,1.20553397e-05,18500,401,778
2807,0.186694726,0.872138343,0.000177992082,0.872138343,0,0.00329803243,0.0436202696,3.52013125e-12,1.46999976e-05,,401,407
2808,0.179140538,0.871679184,0.000174827089,0.871679184,0,0.00327284811,0.0436066319,3.39605677e-12,1.49500857e-05,,401,465
2809,0.254213721,0.874783294,0.000170725447,0.874783294,0,0.00354121697,0.0436886829,3.23857536e-12,1.55335407e-05,16200,401,523
2810,0.161081001,0.870448305,0.000163114604,0.870448305,0,0.00321126841,0.0435698413,2.95626378e-12,1.57464917e-05,16800,401,613
2811,0.652339637,0.840591693,0.000121794982,0.840591693,0,0.00390095597,0.0420587909,1.64822418e-12,1.93517226e-05,,401,1632
2812,0.531749964,0.859096137,0.000115307647,0.859096137,0,0.00365646466,0.0429341448,1.47731704e-12,2.16174635e-05,14200,401,1970
2813,0.646362901,0.841645032,0.000120312965,0.841645032,0,0.00389370527,0.0421081298,1.60835661e-12,1.972637e-05,,401,1673
2814,0.214145288,0.873530316,0.000181562068,0.873530316,0,0.00340472458,0.0436591525,3.66275385e-12,1.4410726e-05,,401,289
2815,0.699232996,0.831897295,0.000137114578,0.831897295,0,0.0039322742,0.0416542315,2.08893416e-12,1.65952122e-05,18500,401,1276
2816,0.436288327,0.869081059,0.000112084977,0.869081059,0,0.0035953358,0.0433988404,1.39589357e-12,2.11278287e-05,17750,401,2475
2817,0.347685784,0.874146034,0.000123290047,0.874146034,0,0.0036505084,0.0436314822,1.68893729e-12,1.97307543e-05,,401,1592
2818,0.775935233,0.816243068,0.00015648647,0.816243068,0,0.00389083091,0.0409377744,2.72089057e-12,1.14535319e-05,18500,401,716
2819,0.903401494,0.787534331,6.39753937e-05,0.787534331,0,0.0041048257,0.0396254219,4.54761223e-13,1.46989767e-05,9300,401,2965
2820,0.611802042,0.847473667,0.00011479101,0.847473667,0,0.00383907294,0.0423823353,1.46410845e-12,2.09623155e-05,,401,2078
2821,0.842531085,0.801545959,0.00013117374,0.801545959,0,0.00394425476,0.0402645388,1.91183889e-12,1.24903548e-05,17350,401,1409
2822,0.87123096,0.794989801,0.000100601639,0.794989801,0,0.00397242741,0.0399681453,1.12452108e-12,1.3935946e-05,3050,401,2672
2823,0.778327942,0.815730309,0.000156618302,0.815730309,0,0.00389056385,0.0409143188,2.72547696e-12,1.13262294e-05,18500,401,689
2824,0.263364732,0.87494007,0.000166503612,0.87494007,0,0.00356423406,0.0436910606,3.08038366e-12,1.59750862e-05,16200,401,577
2825,0.297145665,0.875104686,0.000148318046,0.875104686,0,0.00362375298,0.0436852225,2.4442492e-12,1.76649079e-05,16200,401,1018
2826,0.898410559,0.788696575,6.76883705e-05,0.788696575,0,0.00407437107,0.0396795266,5.09079501e-13,1.4742209e-05,9300,401,2938
2827,0.984113514,0.76862125,0.000290241654,0.76862125,0,0.0048030601,0.0387416756,9.36002422e-12,4.77475783e-06,,401,125
2828,0.153035983,0.869839725,0.000155844403,0.869839725,0,0.00318224653,0.0435517249,2.69860865e-12,1.61823072e-05,16800,401,766
2829,0.311632216,0.874976696,0.000140281113,0.874976696,0,0.00363821291,0.0436754541,2.18653229e-12,1.836257e-05,16200,401,1206
2830,0.968102574,0.772373997,0.000215204026,0.772373997,0,0.00464001338,0.0389166813,5.14586364e-12,8.73148092e-06,,401,214
2831,0.768098891,0.817912589,0.000156244333,0.817912589,0,0.00389562823,0.0410138325,2.71247686e-12,1.1771368e-05,18500,401,741
2832,0.171509713,0.871182028,0.000170668209,0.871182028,0,0.00324734825,0.043591772,3.23640419e-12,1.52497059e-05,19450,401,524
2833,0.21160236,0.873419672,0.000181756086,0.873419672,0,0.00339437767,0.0436562405,3.67058611e-12,1.44221731e-05,,401,264
2834,0.778519928,0.815689277,0.000156504896,0.815689277,0,0.00389057863,0.0409124387,2.7215314e-12,1.13386376e-05,18500,401,710
2835,0.249993593,0.874694808,0.000172575767,0.874694808,0,0.0035295519,0.0436870319,3.30915503e-12,1.5378215e-05,16200,401,497
2836,0.686760306,0.834281315,0.000132654256,0.834281315,0,0.00392855508,0.0417646719,1.95523906e-12,1.73615409e-05,18500,401,1374
2837,0.330337554,0.874636406,0.000130687711,0.874636406,0,0.00364844138,0.0436561836,1.89769753e-12,1.91413279e-05,16200,401,1419
2838,0.71205014,0.829396543,0.000141784235,0.829396543,0,0.00393248838,0.0415387954,2.23364103e-12,1.55873363e-05,18500,401,1173
2839,0.441168278,0.868681095,0.000112273879,0.868681095,0,0.00359140823,0.0433807108,1.40060265e-12,2.11734852e-05,16900,401,2458
2840,0.255761981,0.874813184,0.000170105433,0.874813184,0,0.00354532916,0.043689201,3.21509538e-12,1.56112977e-05,16200,401,531
2841,0.831893027,0.803947123,0.00013934269,0.803947123,0,0.00393573548,0.0403736952,2.15737613e-12,1.19404612e-05,17350,401,1229
2842,0.220218331,0.873779708,0.000181011017,0.873779708,0,0.00342883366,0.0436656107,3.64055425e-12,1.45055741e-05,,401,322
2843,0.0682058036,0.861178971,9.93494199e-05,0.861178971,0,0.00346119808,0.0432646259,1.0967008e-12,1.71109174e-05,19800,401,2680
2844,0.408407003,0.871128148,0.000111474766,0.871128148,0,0.00361887782,0.0434916289,1.38073595e-12,2.09453863e-05,19500,401,2566
2845,0.642215312,0.842368363,0.000119401107,0.842368363,0,0.00388826878,0.04214205,1.58406937e-12,1.98652263e-05,,401,1698
2846,0.189465895,0.872298661,0.000178885183,0.872298661,0,0.0033075179,0.0436249844,3.55554541e-12,1.4615196e-05,,401,388
2847,0.911735356,0.785589798,6.23396788e-05,0.785589798,0,0.00416035687,0.0395346887,4.31803951e-13,1.46451657e-05,14650,401,2988
2848,0.735689938,0.824656897,0.000149678657,0.824656897,0,0.00392341371,0.0413211769,2.48930005e-12,1.37912212e-05,18500,401,981
2849,0.564100385,0.854732728,0.000114121868,0.854732728,0,0.00373550127,0.0427263832,1.44708897e-12,2.16348142e-05,17100,401,2212
2850,0.696153998,0.832490373,0.000136031252,0.832490373,0,0.00393167442,0.0416816703,2.05605573e-12,1.67617024e-05,18500,401,1302
2851,0.0857281238,0.863300917,7.2237501e-05,0.863300917,0,0.00325415425,0.0433413764,5.79806283e-13,1.80863948e-05,17000,401,2907
2852,0.83520335,0.803201825,0.000136812267,0.803201825,0,0.00393841903,0.0403397706,2.07973294e-12,1.2081684e-05,17350,401,1284
2853,0.211844429,0.873430364,0.000181728277,0.873430364,0,0.00339536888,0.0436565232,3.66946296e-12,1.43818943e-05,,401,270
2854,0.43238163,0.86939241,0.000111722579,0.86939241,0,0.00359856093,0.0434129485,1.38688162e-12,2.11540432e-05,17750,401,2520
2855,0.09564735,0.864425855,7.67172171e-05,0.864425855,0,0.00316007711,0.0433817507,6.53947933e-13,1.82681176e-05,11750,401,2845
2856,0.292720765,0.875119999,0.000150805123,0.875119999,0,0.00361809889,0.0436873187,2.52690945e-12,1.74509648e-05,16200,401,952
2857,0.00540624326,0.852183082,0.000422772761,0.852183082,0,0.00456705781,0.0429422865,1.98596453e-11,2.40485843e-06,,401,17
2858,0.276342988,0.875080265,0.000159795854,0.875080265,0,0.0035916893,0.0436915705,2.83719056e-12,1.66166484e-05,16200,401,650
2859,0.265236944,0.874966211,0.000165509636,0.874966211,0,0.00356856645,0.0436913412,3.04371551e-12,1.60756842e-05,16200,401,587
2860,0.518136024,0.860789915,0.000115616573,0.860789915,0,0.00362479121,0.0430147658,1.48524356e-12,2.15950767e-05,13000,401,1846
2861,0.360035509,0.873695188,0.000119054649,0.873695188,0,0.00364828945,0.0436098193,1.57488995e-12,2.0069994e-05,,401,1709
2862,0.826992333,0.805047467,0.000142496175,0.805047467,0,0.0039316653,0.0404238561,2.25612887e-12,1.16530997e-05,18500,401,1157
2863,0.0660589263,0.860907156,0.000105572791,0.860907156,0,0.00348968275,0.0432547907,1.23840158e-12,1.69113293e-05,19800,401,2640
2864,0.537061453,0.858412163,0.000115135818,0.858412163,0,0.00366935054,0.0429015636,1.4729174e-12,2.16041025e-05,14200,401,2006
2865,0.32344979,0.874784547,0.000134183503,0.874784547,0,0.00364571005,0.0436641603,2.00057917e-12,1.88384367e-05,16200,401,1343
2866,0.6581406,0.839556933,0.000123423,0.839556933,0,0.00390731729,0.042010389,1.69258188e-12,1.90168855e-05,,401,1589
2867,0.0843476877,0.86314006,7.27447406e-05,0.86314006,0,0.00326871306,0.0433355724,5.87977475e-13,1.80207757e-05,17300,401,2894
2868,0.88653487,0.79145471,8.09953165e-05,0.79145471,0,0.00401347223,0.0398072296,7.28915699e-13,1.44750738e-05,5950,401,2806
2869,0.4305363,0.86953673,0.000111739831,0.86953673,0,0.00360011667,0.043419487,1.38730998e-12,2.1081388e-05,17750,401,2515
2870,0.170545459,0.871116795,0.000170092527,0.871116795,0,0.00324408348,0.0435898199,3.21460754e-12,1.5271757e-05,19450,401,532
2871,0.09316542,0.864149599,7.45613967e-05,0.864149599,0,0.00318171244,0.0433718864,6.1771132e-13,1.82332857e-05,11750,401,2868
2872,0.928431749,0.781682959,8.2503768e-05,0.781682959,0,0.00428560843,0.0393519831,7.56319081e-13,1.38010902e-05,14650,401,2796
2873,0.720853567,0.827650172,0.000145019685,0.827650172,0,0.00393052154,0.0414584328,2.33674544e-12,1.49271926e-05,18500,401,1100
2874,0.0811889544,0.862767712,7.47563861e-05,0.862767712,0,0.00330323085,0.0433221195,6.20946362e-13,1.79291465e-05,18050,401,2865
2875,0.732603908,0.825284497,0.000148801463,0.825284497,0,0.00392527123,0.0413499055,2.46020839e-12,1.40048445e-05,18500,401,1006
2876,0.0511501543,0.858949479,0.000160504261,0.858949479,0,0.00370551887,0.0431840742,2.86240198e-12,1.50735361e-05,,401,642
2877,0.711595595,0.829486198,0.000141759261,0.829486198,0,0.00393254816,0.0415429267,2.23285422e-12,1.55501392e-05,18500,401,1176
2878,0.288125932,0.87512441,0.000153320016,0.87512441,0,0.00361157599,0.0436890774,2.61189194e-12,1.72333925e-05,16200,401,874
2879,0.761006713,0.819411067,0.000155463629,0.819411067,0,0.00390217228,0.0410819706,2.68543777e-12,1.20960038e-05,18500,401,785
2880,0.753851533,0.820910409,0.000154271813,0.820910409,0,0.00390897686,0.0411501924,2.64442138e-12,1.25249e-05,18500,401,837
2881,0.458949238,0.867119983,0.00011346352,0.867119983,0,0.00357912378,0.0433097877,1.43044115e-12,2.12582379e-05,12600,401,2369
2882,0.225335822,0.873973251,0.00018015723,0.873973251,0,0.00344832988,0.0436704979,3.60629196e-12,1.45697216e-05,,401,355
2883,0.359869957,0.873701878,0.00011907203,0.873701878,0,0.00364833377,0.0436101371,1.57534983e-12,2.00776729e-05,,401,1708
2884,0.788500071,0.813536876,0.000156123664,0.813536876,0,0.00389615399,0.040813463,2.70828873e-12,1.10485275e-05,18500,401,749
2885,0.194042161,0.87255348,0.000180076395,0.87255348,0,0.00332386243,0.0436323774,3.60305645e-12,1.45366077e-05,,401,357
2886,0.823097169,0.805918468,0.00014480029,0.805918468,0,0.00392832875,0.0404636224,2.32968045e-12,1.15439126e-05,18500,401,1103
2887,0.591178238,0.850728422,0.000113916242,0.850728422,0,0.00379752328,0.0425362784,1.44187891e-12,2.13151581e-05,17100,401,2272
2888,0.423045695,0.870104191,0.000111533041,0.870104191,0,0.00360649209,0.0434451936,1.38217993e-12,2.10378033e-05,19500,401,2554
2889,0.638917208,0.842939108,0.000118687644,0.842939108,0,0.00388372207,0.0421688372,1.56519521e-12,2.00108311e-05,,401,1720
2890,0.723272741,0.827166368,0.000145642631,0.827166368,0,0.00392968354,0.0414362064,2.35686399e-12,1.48103098e-05,18500,401,1085
2891,0.85844934,0.797922549,0.000115508877,0.797922549,0,0.00395749653,0.0401005452,1.48247785e-12,1.32418187e-05,13900,401,1899
2892,0.303872645,0.875059995,0.000144568286,0.875059995,0,0.00363122137,0.043681239,2.32222103e-12,1.79951459e-05,16200,401,1110
2893,0.548821747,0.85685198,0.000114705839,0.85685198,0,0.00369823729,0.0428272469,1.4619366e-12,2.17099858e-05,14200,401,2095
2894,0.802416265,0.810500536,0.000153475294,0.810500536,0,0.00390923699,0.04067367,2.61718511e-12,1.10433395e-05,18500,401,868
2895,0.329842627,0.874647937,0.000130977476,0.874647937,0,0.00364828254,0.043656791,1.90612213e-12,1.91071764e-05,16200,401,1413
2896,0.167353407,0.870897083,0.000167902074,0.870897083,0,0.00323317479,0.0435832477,3.13234517e-12,1.54669587e-05,19450,401,557
2897,0.594284296,0.850249033,0.000113914315,0.850249033,0,0.00380414544,0.0425135689,1.44183012e-12,2.1303867e-05,17100,401,2273
2898,0.907053649,0.786682746,6.23454439e-05,0.786682746,0,0.0041284968,0.0395857133,4.31883819e-13,1.47421887e-05,12800,401,2987
2899,0.97073704,0.771756084,0.000226741011,0.771756084,0,0.00466607151,0.0388878385,5.71238733e-12,8.10420997e-06,,401,199
2900,0.187627316,0.872192763,0.000178299298,0.872192763,0,0.00330119797,0.0436218743,3.53229328e-12,1.46843387e-05,,401,401
2901,0.322482914,0.874803218,0.00013458437,0.874803218,0,0.00364523404,0.0436651976,2.01255028e-12,1.88055838e-05,16200,401,1333
2902,0.407738686,0.871172269,0.000111470257,0.871172269,0,0.00361942982,0.0434936332,1.38062423e-12,2.08821769e-05,19500,401,2568
2903,0.690528393,0.833566322,0.000133980337,0.833566322,0,0.00393003414,0.0417315091,1.99452563e-12,1.7153194e-05,18500,401,1346
2904,0.913504958,0.78517618,6.29440222e-05,0.78517618,0,0.00417280441,0.0395153658,4.40216659e-13,1.45468523e-05,14650,401,2976
2905,0.0267515015,0.855481791,0.000284472039,0.855481791,0,0.00412750947,0.0430595381,8.99159345e-12,9.82360984e-06,,401,133
2906,0.891379476,0.790330878,7.50905633e-05,0.790330878,0,0.00403592865,0.0397553555,6.265103e-13,1.4603474e-05,8450,401,2863
2907,0.0348687991,0.856671656,0.00023914617,0.856671656,0,0.00397756032,0.0431021477,6.35454339e-12,1.1942026e-05,,401,184
2908,0.562387645,0.854975306,0.000114188068,0.854975306,0,0.0037313698,0.0427379215,1.44876832e-12,2.15847188e-05,11600,401,2195
2909,0.392729223,0.872098596,0.000112445568,0.872098596,0,0.00363107215,0.043535824,1.40488954e-12,2.07171785e-05,19800,401,2443
2910,0.637627125,0.843161072,0.000118455518,0.843161072,0,0.00388188126,0.0421792604,1.55907885e-12,2.00646366e-05,,401,1728
2911,0.333110392,0.874569321,0.000129559184,0.874569321,0,0.00364921846,0.0436526819,1.86506467e-12,1.92036681e-05,16200,401,1445
2912,0.0747254118,0.861988577,8.4084843e-05,0.861988577,0,0.00337875198,0.0432939303,7.85584536e-13,1.75514348e-05,19150,401,2784
2913,0.173720986,0.871329516,0.000171931584,0.871329516,0,0.00325479225,0.0435961832,3.28449663e-12,1.51638526e-05,19450,401,507
2914,0.115193948,0.86648009,0.000104720836,0.86648009,0,0.00306692167,0.043451539,1.21849484e-12,1.79859078e-05,6000,401,2646
2915,0.0885948241,0.863631764,7.2240043e-05,0.863631764,0,0.00322498889,0.0433532981,5.7984709e-13,1.81607413e-05,16050,401,2906
2916,0.324276417,0.874768118,0.000133738999,0.874768118,0,0.00364610085,0.0436632547,1.98734664e-12,1.88530957e-05,16200,401,1351
2917,0.957049131,0.774968105,0.000169964003,0.774968105,0,0.00453401961,0.0390378574,3.20975138e-12,1.07135786e-05,,401,533
2918,0.948888838,0.776883735,0.000140252557,0.776883735,0,0.00445926886,0.0391274238,2.18564219e-12,1.19472092e-05,,401,1208
2919,0.641731381,0.842452268,0.000119276583,0.842452268,0,0.00388761671,0.0421459863,1.58076703e-12,1.98918795e-05,,401,1702
2920,0.328463912,0.874679327,0.000131692018,0.874679327,0,0.00364781141,0.0436584552,1.92697641e-12,1.90344646e-05,16200,401,1395
2921,0.889594257,0.790745364,7.72565702e-05,0.790745364,0,0.00402719416,0.0397745213,6.63175292e-13,1.45005799e-05,6950,401,2840
2922,0.807526767,0.809375677,0.000151805082,0.809375677,0,0.00391414701,0.0406219832,2.56053145e-12,1.11283916e-05,18500,401,921
2923,0.496397763,0.863313052,0.000115498913,0.863313052,0,0.00358495653,0.0431341552,1.4822221e-12,2.14978631e-05,6600,401,1910
2924,0.895043314,0.789479838,7.09972706e-05,0.789479838,0,0.00405522622,0.0397159143,5.60068047e-13,1.45808428e-05,9300,401,2920
2925,0.307882398,0.87502115,0.000142306216,0.87502115,0,0.0036350422,0.0436784075,2.25011768e-12,1.82116754e-05,16200,401,1161
2926,0.276739836,0.875083096,0.000159556605,0.875083096,0,0.00359243389,0.0436915356,2.82870113e-12,1.66436639e-05,16200,401,651
2927,0.0449809171,0.858103516,0.000188251988,0.858103516,0,0.00380410895,0.0431535977,3.93764567e-12,1.40412229e-05,,401,250
2928,0.588490427,0.851139682,0.000113792462,0.851139682,0,0.00379170017,0.042555768,1.43874715e-12,2.14366764e-05,17100,401,2311
2929,0.477953851,0.865274909,0.000114714189,0.865274909,0,0.00357343144,0.043225348,1.46214947e-12,2.13768011e-05,10950,401,2094
2930,0.650012493,0.841003339,0.000121250222,0.841003339,0,0.00389821667,0.0420780648,1.63351294e-12,1.95345758e-05,,401,1646
2931,0.720433891,0.827734136,0.000144735515,0.827734136,0,0.00393065753,0.0414622933,2.32759659e-12,1.496998e-05,18500,401,1106
2932,0.964548528,0.773207907,0.000200069213,0.773207907,0,0.00460533513,0.0389556192,4.44752109e-12,9.285891e-06,,401,235
2933,0.932679534,0.780687317,9.19715217e-05,0.780687317,0,0.00431997987,0.0393053916,9.39862311e-13,1.37482974e-05,14650,401,2728
2934,0.964966595,0.773109778,0.000201933968,0.773109778,0,0.00460938356,0.0389510368,4.53081414e-12,9.16287322e-06,,401,232
2935,0.84218359,0.801624492,0.000131515181,0.801624492,0,0.00394397847,0.0402681012,1.92180476e-12,1.23730554e-05,17350,401,1401
2936,0.77423048,0.816607387,0.000156586791,0.816607387,0,0.00389144616,0.0409544043,2.72438035e-12,1.14599365e-05,18500,401,695
2937,0.555335879,0.855960942,0.000114455399,0.855960942,0,0.00371422773,0.0427848228,1.45555983e-12,2.16426372e-05,11600,401,2139
2938,0.243637174,0.874542179,0.000175020914,0.874542179,0,0.00351073998,0.0436838865,3.40359114e-12,1.51421426e-05,16200,401,461
2939,0.154490799,0.869952529,0.000157231811,0.869952529,0,0.00318757333,0.0435550762,2.74687137e-12,1.60864265e-05,16800,401,675
2940,0.00392572163,0.851945124,0.000433431048,0.851945124,0,0.00459995845,0.0429338851,2.08736082e-11,1.75081419e-06,,401,12
2941,0.918434858,0.784023734,6.67914099e-05,0.784023734,0,0.00420859413,0.0394614924,4.95676938e-13,1.43142599e-05,14650,401,2943
2942,0.710509777,0.829699687,0.000141251178,0.829699687,0,0.00393265528,0.041552766,2.21687725e-12,1.57437558e-05,18500,401,1185
2943,0.284715682,0.87511965,0.000155220612,0.87511965,0,0.00360628966,0.0436900866,2.67704871e-12,1.70719274e-05,16200,401,798
2944,0.256761283,0.874831746,0.000169625037,0.874831746,0,0.00354793415,0.0436895106,3.19696147e-12,1.5666428e-05,16200,401,537
2945,0.316412896,0.874908379,0.000137774464,0.874908379,0,0.00364169376,0.0436712453,2.1090892e-12,1.85688331e-05,16200,401,1262
2946,0.977228403,0.770233999,0.000256709062,0.770233999,0,0.00473159319,0.0388168343,7.32217141e-12,6.43172943e-06,,401,164
2947,0.91394788,0.785072654,6.32556171e-05,0.785072654,0,0.00417596052,0.0395105253,4.44585899e-13,1.45808489e-05,14650,401,2973
2948,0.864537895,0.796527995,0.000108795272,0.796527995,0,0.00396367884,0.0400375914,1.3151568e-12,1.36602947e-05,12950,401,2619
2949,0.704654157,0.830845733,0.000139067833,0.830845733,0,0.00393281271,0.0416056388,2.14887357e-12,1.61421865e-05,18500,401,1235
2950,0.916252196,0.784534089,6.46313024e-05,0.784534089,0,0.00419256569,0.039485355,4.64133916e-13,1.44934538e-05,14650,401,2960
2951,0.0924619064,0.86407067,7.4009992e-05,0.86407067,0,0.00318809761,0.0433690606,6.08608768e-13,1.82180109e-05,11750,401,2876
2952,0.0112660611,0.853113021,0.000382020772,0.853113021,0,0.00443991228,0.042975193,1.62155411e-11,4.73171245e-06,,401,34
2953,0.677987099,0.835928252,0.000129584216,0.835928252,0,0.00392388887,0.0418411875,1.86578545e-12,1.79604583e-05,18500,401,1444
2954,0.144145548,0.869123947,0.000146184016,0.869123947,0,0.00314934301,0.0435305155,2.3744185e-12,1.66505255e-05,15250,401,1072
2955,0.624073148,0.845456582,0.000116150062,0.845456582,0,0.00386081248,0.0422872206,1.49898188e-12,2.0594825e-05,,401,1810
2956,0.987270296,0.767882501,0.000306532053,0.767882501,0,0.0048365122,0.0387072731,1.04402111e-11,3.61489193e-06,,401,108
2957,0.526025593,0.859818697,0.000115436602,0.859818697,0,0.00364283947,0.0429685538,1.48062324e-12,2.16098771e-05,14000,401,1933
2958,0.290886104,0.875123243,0.000151767851,0.875123243,0,0.0036155659,0.043688076,2.55927561e-12,1.73646412e-05,16200,401,923
2959,0.0491565466,0.858678383,0.000169243054,0.858678383,0,0.00373678249,0.0431743021,3.18257905e-12,1.4740011e-05,,401,541
2960,0.873122334,0.794554061,9.83814397e-05,0.794554061,0,0.00397552042,0.0399484476,1.07543419e-12,1.40394123e-05,3000,401,2686
2961,0.900150537,0.788291554,6.6254052e-05,0.788291554,0,0.00408472429,0.039660686,4.87733267e-13,1.46889486e-05,9300,401,2947
2962,0.356139153,0.873846539,0.00012037066,0.873846539,0,0.00364928995,0.0436170238,1.60989953e-12,1.99627299e-05,,401,1670
2963,0.28663218,0.875123129,0.000154141225,0.875123129,0,0.00360930799,0.0436895486,2.63994636e-12,1.71782018e-05,16200,401,843
2964,0.10583324,0.865523283,8.99540044e-05,0.865523283,0,0.00308913433,0.043420245,8.99080323e-13,1.81738916e-05,2450,401,2742
2965,0.102083385,0.865126062,8.44651407e-05,0.865126062,0,0.00311128395,0.04340649,7.92706666e-13,1.82231242e-05,3000,401,2782
2966,0.0176195092,0.854100609,0.000340314503,0.854100609,0,0.00430758209,0.0430102741,1.28682179e-11,7.01047572e-06,,401,72
2967,0.556690395,0.855773304,0.00011436215,0.855773304,0,0.00371753595,0.0427758917,1.45318903e-12,2.16806506e-05,11600,401,2160
2968,0.201978847,0.872966992,0.000181388779,0.872966992,0,0.00335477833,0.0436440193,3.65576547e-12,1.44048596e-05,,401,305
2969,0.278073341,0.875091699,0.000158903035,0.875091699,0,0.00359489806,0.043691382,2.80557496e-12,1.67035452e-05,16200,401,658
2970,0.233537674,0.874252068,0.000178250374,0.874252068,0,0.00347777008,0.043677293,3.53035509e-12,1.47762952e-05,,401,403
2971,0.951568782,0.776254777,0.000149633113,0.776254777,0,0.00448347789,0.0390980119,2.48778539e-12,1.16113968e-05,,401,983
2972,0.483716816,0.864679897,0.000115012005,0.864679897,0,0.0035746246,0.0431978791,1.46975126e-12,2.14304112e-05,4400,401,2027
2973,0.715393007,0.828736192,0.000143044368,0.828736192,0,0.00393194303,0.0415083837,2.27352125e-12,1.53037738e-05,18500,401,1145
2974,0.71346432,0.829117634,0.000142455386,0.829117634,0,0.00393228569,0.0415259479,2.25483746e-12,1.53517438e-05,18500,401,1159
2975,0.0495395921,0.85873069,0.000167545023,0.85873069,0,0.00373073106,0.0431761878,3.11903718e-12,1.48200381e-05,,401,563
2976,0.221403465,0.873825817,0.00018082783,0.873825817,0,0.00343342174,0.0436667843,3.63318936e-12,1.4510119e-05,,401,330
2977,0.564616442,0.854659246,0.000114144801,0.854659246,0,0.00373673679,0.042722889,1.44767063e-12,2.16559788e-05,17100,401,2204
2978,0.925866663,0.782283936,7.73786123e-05,0.782283936,0,0.00426532423,0.039380107,6.65272183e-13,1.40496204e-05,14650,401,2838
2979,0.210859582,0.873386621,0.000181698909,0.873386621,0,0.00339133137,0.0436553645,3.66827706e-12,1.43808468e-05,,401,276
2980,0.508947015,0.861883908,0.000115579914,0.861883908,0,0.00360556485,0.0430667055,1.48430182e-12,2.15288034e-05,12050,401,1859
2981,0.748198926,0.82208573,0.000152950331,0.82208573,0,0.00391403058,0.0412037434,2.59931154e-12,1.28873075e-05,18500,401,887
2982,0.0455441214,0.858181613,0.000185653973,0.858181613,0,0.0037948808,0.043156409,3.82971087e-12,1.41454357e-05,,401,254
2983,0.0766188726,0.862219184,8.06393627e-05,0.862219184,0,0.0033559697,0.0433022762,7.2252298e-13,1.77140467e-05,18500,401,2811
2984,0.246283904,0.874608581,0.000173993669,0.874608581,0,0.00351875713,0.0436852929,3.3637552e-12,1.522785e-05,16200,401,478
2985,0.445011497,0.868357299,0.000112687781,0.868357299,0,0.00358844791,0.0433660233,1.41094845e-12,2.12176626e-05,16900,401,2424
2986,0.783643723,0.81458704,0.000156434112,0.81458704,0,0.00389248942,0.0408618203,2.71907016e-12,1.11639755e-05,18500,401,724
2987,0.997625351,0.765462536,0.000362253911,0.765462536,0,0.00494927355,0.0385947122,1.45808774e-11,7.21515639e-07,,401,50
2988,0.519344389,0.860643054,0.00011554553,0.860643054,0,0.00362748891,0.043007782,1.48341883e-12,2.16456203e-05,13000,401,1883
2989,0.983683228,0.768721838,0.000288058724,0.768721838,0,0.00479853005,0.03874636,9.21975869e-12,4.82763596e-06,,401,127
2990,0.776554883,0.816110517,0.000156558619,0.816110517,0,0.00389068543,0.040931717,2.72340013e-12,1.13824009e-05,18500,401,701
2991,0.353299081,0.873951648,0.000121317422,0.873951648,0,0.00364985216,0.0436220636,1.6353241e-12,1.99001801e-05,,401,1644
2992,0.541463792,0.857835326,0.000114919769,0.857835326,0,0.00368013784,0.0428740834,1.46739482e-12,2.17186214e-05,14200,401,2055
2993,0.0325206332,0.856331106,0.000251838158,0.856331106,0,0.00401995603,0.0430899374,7.04693975e-12,1.13542527e-05,,401,169
2994,0.734016001,0.824997526,0.000149268853,0.824997526,0,0.00392444506,0.0413367644,2.47568783e-12,1.38316097e-05,18500,401,995
2995,0.736957192,0.824398274,0.000150126359,0.824398274,0,0.00392259413,0.0413093456,2.50421373e-12,1.36551469e-05,18500,401,972
2996,0.688407242,0.833969505,0.000133282262,0.833969505,0,0.00392923436,0.0417502065,1.9737957e-12,1.72777642e-05,18500,401,1360
2997,0.327325046,0.874704463,0.000132170347,0.874704463,0,0.00364738987,0.0436597992,1.94100006e-12,1.89823426e-05,16200,401,1386
2998,0.701597452,0.83143974,0.000138025704,0.83143974,0,0.00393258673,0.0416330783,2.11678833e-12,1.63574409e-05,18500,401,1258
2999,0.436566502,0.869058523,0.000112024504,0.869058523,0,0.00359511008,0.0433978187,1.39438772e-12,2.11637091e-05,17750,401,2482
