i,t,r_init,r_final,r_max,epoch_of_max,r_mean,r_std,loss_contribution_final,err_norm_final,epoch_below_1e-4,n_snapshots,rank_by_final_residual
0,0.299121022,0.845440647,8.35413917e-05,0.845440647,0,0.00324044437,0.0424853293,7.75462682e-13,1.26636817e-05,16950,401,1087
1,0.823576748,0.993049895,7.53050939e-05,0.993049895,0,0.0039008431,0.0496272322,6.30095241e-13,5.27133434e-06,11750,401,1370
2,0.344986349,0.8508805,4.79088908e-05,0.8508805,0,0.00325606787,0.0426846355,2.5502909e-13,1.44472016e-05,16950,401,2586
3,0.971327841,1.06408758,7.32923762e-05,1.06408758,0,0.00477898805,0.0533407792,5.96863602e-13,5.16855535e-06,14800,401,1500
4,0.925395548,1.04076175,3.88108524e-05,1.04076175,0,0.00440548918,0.0521186887,1.67364696e-13,6.58153526e-06,13400,401,2815
5,0.472695738,0.874212295,7.77750174e-05,0.874212295,0,0.00328418995,0.0436975167,6.72105926e-13,1.14060417e-05,1750,401,1241
6,0.396464467,0.858868498,4.1655162e-05,0.858868498,0,0.00326040976,0.0430135183,1.92794725e-13,1.43852676e-05,13400,401,2728
7,0.495090157,0.879488499,8.49705814e-05,0.879488499,0,0.00331846523,0.0439404018,8.0222219e-13,1.02686264e-05,2000,401,1044
8,0.16415213,0.839019362,0.000134066453,0.839019362,0,0.00309337476,0.0424221515,1.99709042e-12,7.83701823e-06,15400,401,324
9,0.604354978,0.909980943,7.90880057e-05,0.909980943,0,0.00353599405,0.0453978556,6.94990294e-13,7.68324898e-06,14200,401,1210
10,0.912394702,1.0343615,4.67722129e-05,1.0343615,0,0.00430967617,0.0517842663,2.430711e-13,6.60978773e-06,13400,401,2609
11,0.368332416,0.854260183,3.82290104e-05,0.854260183,0,0.00325877095,0.0428201748,1.62384137e-13,1.46676683e-05,14050,401,2843
12,0.043380864,0.845886003,0.00013212622,0.845886003,0,0.00339105701,0.0429963832,1.93970422e-12,1.01828219e-05,,401,351
13,0.895655453,1.02625246,5.76471682e-05,1.02625246,0,0.00419322963,0.0513611392,3.69244e-13,6.39382442e-06,4700,401,2134
14,0.800756752,0.983126096,7.16837551e-05,0.983126096,0,0.00383811134,0.0491118698,5.70951194e-13,5.62329319e-06,11750,401,1578
15,0.384274781,0.856800413,3.82680047e-05,0.856800413,0,0.00325974161,0.042925744,1.62715576e-13,1.4550274e-05,13400,401,2842
16,0.787712276,0.977582199,6.82579695e-05,0.977582199,0,0.00380724445,0.0488247282,5.17683378e-13,5.93041124e-06,11750,401,1721
17,0.315486193,0.847197062,6.97970772e-05,0.847197062,0,0.00324810056,0.0425461683,5.41292443e-13,1.35430556e-05,16950,401,1662
18,0.290566772,0.844604795,9.07132969e-05,0.844604795,0,0.00323532326,0.0424580905,9.1432247e-13,1.21679617e-05,17650,401,735
19,0.7818591,0.975125473,6.66558243e-05,0.975125473,0,0.00379574442,0.0486975764,4.93666546e-13,6.07315621e-06,11750,401,1789
20,0.771657228,0.970888926,6.35572589e-05,0.970888926,0,0.00377999759,0.0484783794,4.48836129e-13,6.3223255e-06,14200,401,1909
21,0.390958577,0.857921022,3.98103255e-05,0.857921022,0,0.00326009128,0.0429731226,1.7609578e-13,1.44848737e-05,13400,401,2781
22,0.709109783,0.946200556,5.00415693e-05,0.946200556,0,0.0037031801,0.0472106812,2.78239851e-13,7.80552865e-06,14200,401,2514
23,0.525784254,0.887268696,8.99936987e-05,0.887268696,0,0.00338305345,0.0443037009,8.99873978e-13,8.83800545e-06,6300,401,811
24,0.244128212,0.841067566,0.000124962733,0.841067566,0,0.00319270874,0.0423653068,1.73507608e-12,8.9193187e-06,15400,401,437
25,0.61420542,0.913103848,7.57245813e-05,0.913103848,0,0.00355274645,0.0455514216,6.37134691e-13,7.71614293e-06,14200,401,1321
26,0.204334259,0.839401031,0.000140463388,0.839401031,0,0.00314506809,0.0423593974,2.19221816e-12,6.73248544e-06,15400,401,190
27,0.274673045,0.843203349,0.000103678592,0.843203349,0,0.00322357586,0.0424158576,1.19436115e-12,1.11579559e-05,17650,401,631
28,0.0304381531,0.847340374,0.000189334445,0.847340374,0,0.00352192407,0.0430880242,3.98305912e-12,8.12304496e-06,,401,92
29,0.889783204,1.02344307,6.10891872e-05,1.02344307,0,0.00415463699,0.0512146728,4.14654311e-13,6.28718491e-06,1950,401,2001
30,0.15943718,0.839061032,0.000131476457,0.839061032,0,0.00308585714,0.0424341401,1.92067321e-12,8.14863415e-06,15400,401,361
31,0.0225370266,0.848296775,0.000228210594,0.848296775,0,0.0036093901,0.0431469136,5.78667504e-12,6.52922191e-06,,401,68
32,0.812288284,0.988105104,7.39288856e-05,0.988105104,0,0.00386891009,0.0493701886,6.07275569e-13,5.31711084e-06,11750,401,1464
33,0.887426198,1.02232041,6.24897353e-05,1.02232041,0,0.00413960239,0.051156153,4.33885224e-13,6.08323294e-06,1800,401,1949
34,0.719491541,0.950143469,5.04813361e-05,0.950143469,0,0.00371745958,0.0474116411,2.831517e-13,7.7784487e-06,14200,401,2474
35,0.999229908,1.07879633,0.00014015033,1.07879633,0,0.00503341282,0.0541136594,2.18245723e-12,2.03452471e-06,18050,401,202
36,0.310504735,0.846640729,7.40462949e-05,0.846640729,0,0.00324604423,0.0425264439,6.09205976e-13,1.32984616e-05,16950,401,1459
37,0.531036854,0.888662756,9.01941733e-05,0.888662756,0,0.00339423962,0.0443694997,9.03887656e-13,8.73202932e-06,8800,401,792
38,0.302355319,0.845771558,8.08091253e-05,0.845771558,0,0.00324216935,0.0424964515,7.25568303e-13,1.28890277e-05,16950,401,1164
39,0.319880724,0.847703831,6.62300817e-05,0.847703831,0,0.00324972098,0.0425644574,4.87380414e-13,1.37011922e-05,16950,401,1805
40,0.280142814,0.843663398,9.92956498e-05,0.843663398,0,0.00322795519,0.0424291641,1.09551401e-12,1.15093038e-05,17650,401,668
41,0.80455935,0.984759853,7.24335379e-05,0.984759853,0,0.00384800146,0.04919658,5.82957491e-13,5.62532103e-06,11750,401,1542
42,0.0808018968,0.842463943,2.89636191e-05,0.842463943,0,0.00309881541,0.0427654023,9.32101371e-14,1.25449463e-05,13000,401,2999
43,0.465554029,0.872601916,7.49794719e-05,0.872601916,0,0.00327802934,0.0436238602,6.24657912e-13,1.17779554e-05,2050,401,1398
44,0.377869457,0.855757331,3.75412459e-05,0.855757331,0,0.00325938934,0.0428820691,1.56593905e-13,1.46296088e-05,14050,401,2893
45,0.916703224,1.03647267,4.38310666e-05,1.03647267,0,0.00434094156,0.0518945323,2.13462488e-13,6.68008922e-06,13400,401,2675
46,0.120924279,0.840087938,9.19377377e-05,0.840087938,0,0.00301410598,0.0425685441,9.39171956e-13,1.10538683e-05,4200,401,726
47,0.177792266,0.8390012,0.000139329258,0.8390012,0,0.00311309135,0.0423929599,2.15696024e-12,7.04508325e-06,15400,401,225
48,0.95130533,1.05378314,4.29388821e-05,1.05378314,0,0.00460940552,0.0528003119,2.04860844e-13,6.2131555e-06,14050,401,2697
49,0.404722452,0.86033102,4.51481578e-05,0.86033102,0,0.00326096292,0.0430764333,2.26484017e-13,1.41614043e-05,13150,401,2645
50,0.866737604,1.01259558,7.1062955e-05,1.01259558,0,0.00403720737,0.0506480028,5.61104842e-13,5.67691746e-06,1550,401,1607
51,0.516920209,0.884957363,8.90735781e-05,0.884957363,0,0.00336407823,0.0441950676,8.81566924e-13,9.22837134e-06,6100,401,879
52,0.942707837,1.04942326,3.68762164e-05,1.04942326,0,0.00453982146,0.0525719096,1.51095038e-13,6.38031978e-06,14050,401,2912
53,0.632980466,0.919221571,6.9034994e-05,0.919221571,0,0.00358376007,0.0458539872,5.29536711e-13,7.91398964e-06,14200,401,1694
54,0.573554635,0.900607632,8.69236679e-05,0.900607632,0,0.00348026229,0.044941037,8.39524894e-13,7.76015914e-06,14200,401,974
55,0.840283215,1.00049594,7.57211094e-05,1.00049594,0,0.00395050592,0.0500152705,6.37076268e-13,5.31434454e-06,8900,401,1323
56,0.378516555,0.855861385,3.75953971e-05,0.855861385,0,0.00325942596,0.0428864065,1.57045987e-13,1.46060143e-05,14050,401,2887
57,0.478401214,0.875523914,7.97896782e-05,0.875523914,0,0.00329064731,0.0437576898,7.07376972e-13,1.11135176e-05,1750,401,1191
58,0.992256463,1.07508226,0.000121139225,1.07508226,0,0.00496783603,0.053918357,1.63052352e-12,3.13472696e-06,18050,401,476
59,0.75831598,0.965436804,5.9187968e-05,0.965436804,0,0.00376412054,0.0481967016,3.89246172e-13,6.81160093e-06,14200,401,2073
60,0.724865139,0.952209063,5.11995659e-05,0.952209063,0,0.00372453594,0.0475171676,2.91266172e-13,7.57062069e-06,14200,401,2421
61,0.137600496,0.839492992,0.000113150837,0.839492992,0,0.00304653933,0.0425024286,1.422568e-12,9.85486596e-06,12900,401,552
62,0.0873030797,0.841988176,3.44434217e-05,0.841988176,0,0.00306244602,0.0427303732,1.31816589e-13,1.25010682e-05,10000,401,2961
63,0.141139895,0.839396383,0.00011687358,0.839396383,0,0.00305334133,0.0424899452,1.51771485e-12,9.56183284e-06,14400,401,516
64,0.378233761,0.855815886,3.75969851e-05,0.855815886,0,0.00325941202,0.0428845094,1.57059254e-13,1.46427035e-05,14050,401,2885
65,0.316776007,0.847344326,6.8723981e-05,0.847344326,0,0.00324859084,0.0425514542,5.24776173e-13,1.357435e-05,16950,401,1705
66,0.430933505,0.865297442,5.84320969e-05,0.865297442,0,0.0032642244,0.0432943533,3.79367772e-13,1.32976929e-05,8000,401,2104
67,0.183019295,0.839034482,0.000140375494,0.839034482,0,0.00311990567,0.0423839309,2.18947549e-12,6.87546212e-06,15400,401,195
68,0.947211623,1.05170264,3.94135235e-05,1.05170264,0,0.00457602992,0.0526912987,1.7260287e-13,6.36531714e-06,14050,401,2796
69,0.552298188,0.894489851,8.97133626e-05,0.894489851,0,0.00343846434,0.0446466652,8.94276381e-13,8.12311463e-06,14200,401,836
70,0.693456948,0.940373475,5.09630627e-05,0.940373475,0,0.00368020988,0.0469148752,2.88581529e-13,8.04964327e-06,14200,401,2436
71,0.00569094857,0.850508483,0.000320896197,0.850508483,0,0.00381534577,0.0432798207,1.14415966e-11,1.90723322e-06,,401,18
72,0.633853197,0.919511168,6.86795639e-05,0.919511168,0,0.00358518346,0.0458683633,5.24098055e-13,7.94814671e-06,14200,401,1707
73,0.00834846962,0.850143871,0.000305366663,0.850143871,0,0.00378107683,0.0432581893,1.03609777e-11,2.73716877e-06,,401,26
74,0.159166709,0.839064044,0.000131262687,0.839064044,0,0.0030854133,0.0424348604,1.91443257e-12,8.19213181e-06,15400,401,363
75,0.421524912,0.863458199,5.35211543e-05,0.863458199,0,0.00326267684,0.0432129547,3.18279329e-13,1.36263374e-05,8000,401,2302
76,0.503126621,0.881464646,8.67722509e-05,0.881464646,0,0.00333478978,0.0440320383,8.36602614e-13,9.96279045e-06,3450,401,982
77,0.94900161,1.05261132,4.09741894e-05,1.05261132,0,0.0045905731,0.0527389068,1.86542689e-13,6.27311513e-06,14050,401,2748
78,0.505683661,0.882102382,8.73149876e-05,0.882102382,0,0.00334014409,0.0440617023,8.47100785e-13,9.75101798e-06,3500,401,959
79,0.670179963,0.931974298,5.61088108e-05,0.931974298,0,0.00364382438,0.0464910986,3.4979985e-13,8.02412075e-06,14200,401,2193
80,0.270080745,0.842835236,0.000107185935,0.842835236,0,0.00321961991,0.0424056842,1.27653607e-12,1.08338604e-05,17650,401,602
81,0.359167516,0.852884938,4.08363733e-05,0.852884938,0,0.0032579754,0.0427642519,1.85289932e-13,1.46651364e-05,14800,401,2751
82,0.363156885,0.853475861,3.93422891e-05,0.853475861,0,0.00325834773,0.0427881635,1.71979523e-13,1.46809793e-05,14800,401,2798
83,0.765071392,0.968185001,6.13110573e-05,0.968185001,0,0.00377183992,0.048338598,4.17671749e-13,6.59371657e-06,14200,401,1993
84,0.806861758,0.985753164,7.29144088e-05,0.985753164,0,0.00385413631,0.0492481054,5.90723445e-13,5.47988254e-06,11750,401,1518
85,0.727755189,0.95332655,5.1698243e-05,0.95332655,0,0.00372824922,0.0475743281,2.96967592e-13,7.4913891e-06,14200,401,2391
86,0.661762953,0.929016144,5.87398633e-05,0.929016144,0,0.00363033155,0.0463426071,3.83374616e-13,8.11345282e-06,14200,401,2089
87,0.677022636,0.934410267,5.42050221e-05,0.934410267,0,0.00365470853,0.0466136791,3.26464935e-13,8.08383094e-06,14200,401,2274
88,0.68729502,0.938119346,5.20027218e-05,0.938119346,0,0.0036707811,0.0468008371,3.00475897e-13,8.0253195e-06,14200,401,2376
89,0.423756987,0.863888871,5.46716131e-05,0.863888871,0,0.00326300018,0.0432319467,3.32109476e-13,1.35688555e-05,8000,401,2253
90,0.873690844,1.01583842,6.85523937e-05,1.01583842,0,0.00406458418,0.0508177839,5.22158964e-13,5.88915339e-06,1550,401,1712
91,0.119344026,0.840156226,8.95668478e-05,0.840156226,0,0.00301123175,0.0425754144,8.91357802e-13,1.11707487e-05,3850,401,848
92,0.327661753,0.848637243,6.01187533e-05,0.848637243,0,0.00325218741,0.0425988521,4.01584944e-13,1.40065977e-05,16950,401,2038
93,0.288378775,0.844400325,9.25252109e-05,0.844400325,0,0.00323388389,0.042451638,9.51212738e-13,1.20725648e-05,17650,401,722
94,0.230672941,0.840361765,0.000132085602,0.840361765,0,0.00317647631,0.0423557833,1.9385118e-12,7.91877871e-06,15400,401,353
95,0.646014273,0.923595041,6.42465997e-05,0.923595041,0,0.00360491074,0.0460715662,4.58625064e-13,8.04713901e-06,14200,401,1881
96,0.449950427,0.869205984,6.79923967e-05,0.869205984,0,0.00326951495,0.0434695904,5.1366289e-13,1.25001878e-05,5900,401,1733
97,0.365009129,0.853754412,3.89522282e-05,0.853754412,0,0.00325851801,0.0427994983,1.68586231e-13,1.46610895e-05,14800,401,2811
98,0.387703359,0.857371307,3.89052397e-05,0.857371307,0,0.00325992201,0.042949825,1.68179742e-13,1.45113167e-05,13400,401,2813
99,0.836392522,0.998748075,7.5692808e-05,0.998748075,0,0.00393869405,0.0499240809,6.36600131e-13,5.2425907e-06,8900,401,1328
100,0.680840015,0.935781276,5.32535568e-05,0.935781276,0,0.00366072977,0.0466827881,3.15104591e-13,8.13093289e-06,14200,401,2315
101,0.113922544,0.840406286,8.11131187e-05,0.840406286,0,0.00300242184,0.0425997355,7.31037558e-13,1.14866717e-05,2350,401,1156
102,0.603066027,0.909576865,7.93756268e-05,0.909576865,0,0.00353377389,0.045378032,7.00054459e-13,7.69156665e-06,14200,401,1204
103,0.420692146,0.863298508,5.29281946e-05,0.863298508,0,0.00326256888,0.0432059237,3.11265976e-13,1.37478284e-05,8000,401,2329
104,0.0122446232,0.84962017,0.000283196117,0.84962017,0,0.00373204442,0.043226935,8.9111156e-12,3.87324327e-06,,401,37
105,0.167153686,0.839002314,0.000135536813,0.839002314,0,0.00309797039,0.0424150281,2.0411364e-12,7.63562644e-06,15400,401,302
106,0.41851908,0.862883984,5.1904961e-05,0.862883984,0,0.00326228592,0.0431877002,2.9934722e-13,1.37376946e-05,8000,401,2383
107,0.0163563266,0.849080939,0.000260607226,0.849080939,0,0.00368185525,0.0431945188,7.54623623e-12,5.0166254e-06,,401,50
108,0.436986506,0.86651396,6.16127626e-05,0.86651396,0,0.003265526,0.0433485878,4.21792502e-13,1.30191028e-05,8000,401,1981
109,0.27975601,0.843630077,9.96075618e-05,0.843630077,0,0.00322765835,0.0424281794,1.10240738e-12,1.15168986e-05,17650,401,665
110,0.853128552,1.00632392,7.42953547e-05,1.00632392,0,0.00399081397,0.0503197531,6.13311081e-13,5.36954619e-06,7200,401,1444
111,0.410990536,0.861473851,4.81104868e-05,0.861473851,0,0.00326148013,0.0431260278,2.57179882e-13,1.40079358e-05,12350,401,2583
112,0.822760284,0.992690211,7.52999455e-05,0.992690211,0,0.00389849342,0.0496085174,6.30009088e-13,5.22482192e-06,11750,401,1371
113,0.627327979,0.917357127,7.10807131e-05,0.917357127,0,0.00357451688,0.0457615467,5.61385309e-13,7.85602254e-06,14200,401,1606
114,0.679747343,0.935387808,5.34930103e-05,0.935387808,0,0.00365900972,0.0466629464,3.17944683e-13,8.07013785e-06,14200,401,2305
115,0.953495741,1.05490035,4.54156696e-05,1.05490035,0,0.00462744324,0.0528588671,2.29175894e-13,6.12504671e-06,14050,401,2640
116,0.308356971,0.846406569,7.5770068e-05,0.846406569,0,0.0032450898,0.0425182576,6.37900356e-13,1.31798289e-05,16950,401,1314
117,0.759977996,0.966110321,5.98159825e-05,0.966110321,0,0.00376598766,0.0482314586,3.97550196e-13,6.71545792e-06,14200,401,2050
118,0.501719534,0.881115511,8.64746892e-05,0.881115511,0,0.00333186442,0.0440158171,8.30874653e-13,9.95746642e-06,3450,401,990
119,0.17464444,0.838991875,0.000138404904,0.838991875,0,0.00310879835,0.0423989724,2.12843526e-12,7.18767191e-06,15400,401,250
120,0.937218547,1.04665979,3.56811595e-05,1.04665979,0,0.00449639094,0.0524272309,1.41460572e-13,6.5920803e-06,14050,401,2947
121,0.125856563,0.839888033,9.89096293e-05,0.839888033,0,0.00302351641,0.042547757,1.08701275e-12,1.07271652e-05,5100,401,672
122,0.455344647,0.870360856,7.06036092e-05,0.870360856,0,0.00327186767,0.0435218714,5.53874403e-13,1.22177493e-05,4350,401,1627
123,0.671479285,0.932434716,5.57070779e-05,0.932434716,0,0.00364590278,0.0465142461,3.44808725e-13,8.09578787e-06,14200,401,2208
124,0.705913723,0.944999151,4.98933068e-05,0.944999151,0,0.00369861346,0.0471495758,2.76593563e-13,7.92473418e-06,14200,401,2544
125,0.109586105,0.840623944,7.3889792e-05,0.840623944,0,0.00299801127,0.0426199241,6.06633484e-13,1.17717856e-05,1900,401,1466
126,0.875703931,1.01678198,6.787149e-05,1.01678198,0,0.00407355614,0.0508671449,5.11837683e-13,5.87770389e-06,1600,401,1739
127,0.377591372,0.855712738,3.76051765e-05,0.855712738,0,0.0032593688,0.0428802115,1.571277e-13,1.46109169e-05,14050,401,2884
128,0.721958458,0.951089439,5.07874995e-05,0.951089439,0,0.0037207378,0.0474599483,2.86596678e-13,7.67375591e-06,14200,401,2445
129,0.251237214,0.841498713,0.000120524592,0.841498713,0,0.00320078286,0.042373477,1.61401969e-12,9.43888503e-06,17650,401,482
130,0.620804608,0.915229374,7.34508512e-05,0.915229374,0,0.00356376006,0.045656294,5.99447504e-13,7.78191104e-06,14200,401,1493
131,0.0794819668,0.8425648,2.89940452e-05,0.8425648,0,0.00310681424,0.0427726909,9.3406073e-14,1.25102333e-05,13000,401,2998
132,0.779730082,0.974236766,6.60129081e-05,0.974236766,0,0.00379202696,0.0486515856,4.84189337e-13,6.08631105e-06,11750,401,1815
133,0.632146537,0.91894522,6.94062066e-05,0.91894522,0,0.00358240142,0.0458402736,5.35246835e-13,7.83263222e-06,14200,401,1677
134,0.738237202,0.957420414,5.37095116e-05,0.957420414,0,0.00374116063,0.0477841369,3.20523515e-13,7.33562158e-06,14200,401,2293
135,0.113195702,0.840441645,7.99058152e-05,0.840441645,0,0.00300144871,0.0426030767,7.094377e-13,1.15835244e-05,2150,401,1188
136,0.788060606,0.977729283,6.84456097e-05,0.977729283,0,0.00380798624,0.0488323417,5.20533499e-13,5.90733313e-06,11750,401,1716
137,0.882124484,1.01980642,6.50135887e-05,1.01980642,0,0.00410727292,0.0510250827,4.69640746e-13,6.08903238e-06,1650,401,1852
138,0.965013623,1.06081557,6.18816448e-05,1.06081557,0,0.00472435646,0.0531690677,4.25481995e-13,5.62009057e-06,14800,401,1971
139,0.404543519,0.860298727,4.50926176e-05,0.860298727,0,0.00326094974,0.0430750368,2.25927129e-13,1.41635194e-05,13150,401,2646
140,0.218482465,0.839847585,0.000136921382,0.839847585,0,0.00316156422,0.0423538128,2.08305166e-12,7.23252838e-06,15400,401,277
141,0.307468683,0.846310857,7.65321739e-05,0.846310857,0,0.00324467927,0.0425149337,6.50797071e-13,1.31385475e-05,16950,401,1274
142,0.0387172364,0.846394017,0.000151810377,0.846394017,0,0.00343645087,0.0430287122,2.56071006e-12,9.54910383e-06,,401,117
143,0.0246181749,0.848039822,0.000217704562,0.848039822,0,0.00358579125,0.0431311868,5.26614179e-12,6.95055983e-06,,401,74
144,0.32053116,0.847780134,6.57541192e-05,0.847780134,0,0.00324994518,0.0425672362,4.80400466e-13,1.37330443e-05,16950,401,1824
145,0.631363332,0.918686019,6.95647656e-05,0.918686019,0,0.00358111994,0.0458274146,5.37695179e-13,7.83929973e-06,14200,401,1671
146,0.340652317,0.85029811,5.0594659e-05,0.85029811,0,0.00325528858,0.0426619909,2.84424391e-13,1.43310883e-05,16950,401,2461
147,0.0440590978,0.84581353,0.000129335092,0.84581353,0,0.00338462039,0.0429917423,1.85861844e-12,1.02698667e-05,,401,388
148,0.917861521,1.03704182,4.31283678e-05,1.03704182,0,0.00434942889,0.0519242673,2.06672901e-13,6.6373413e-06,13400,401,2691
149,0.773390055,0.97160454,6.3972266e-05,0.97160454,0,0.00378234613,0.0485153943,4.54716758e-13,6.35372874e-06,14200,401,1891
150,0.944996655,1.0505804,3.8042388e-05,1.0505804,0,0.00455816075,0.0526325128,1.60802587e-13,6.34519434e-06,14050,401,2853
151,0.489211649,0.878070327,8.33266302e-05,0.878070327,0,0.00330738617,0.0438748891,7.71480811e-13,1.05846355e-05,1850,401,1093
152,0.226973787,0.840193211,0.000133701693,0.840193211,0,0.00317191659,0.0423545243,1.98623809e-12,7.69070506e-06,15400,401,328
153,0.208115801,0.839504616,0.000139743565,0.839504616,0,0.00314939789,0.0423570794,2.16980711e-12,6.80692608e-06,15400,401,214
154,0.417908728,0.862768071,5.15143471e-05,0.862768071,0,0.00326221359,0.0431826117,2.94858662e-13,1.37950576e-05,8000,401,2401
155,0.551099122,0.894153406,8.99655633e-05,0.894153406,0,0.00343602585,0.0446305733,8.99311397e-13,8.0790723e-06,14200,401,814
156,0.751352072,0.962630651,5.73095037e-05,0.962630651,0,0.00375631795,0.0480520387,3.64931024e-13,6.89891012e-06,14200,401,2146
157,0.485957742,0.87729558,8.23170842e-05,0.87729558,0,0.00330175519,0.0438391788,7.52900261e-13,1.07158045e-05,1800,401,1124
158,0.716378391,0.948954585,5.03341815e-05,0.948954585,0,0.00371326637,0.0473509801,2.81503314e-13,7.731382e-06,14200,401,2484
159,0.58498019,0.904015152,8.44299665e-05,0.904015152,0,0.00350158856,0.0451063474,7.92046583e-13,7.64855729e-06,14200,401,1058
160,0.0642064065,0.84383783,5.76417537e-05,0.84383783,0,0.00321236312,0.0428615874,3.69174641e-13,1.20501155e-05,17750,401,2135
161,0.876856744,1.01732352,6.73481554e-05,1.01732352,0,0.00407901228,0.0508954571,5.03974893e-13,5.8468811e-06,1600,401,1762
162,0.822170377,0.992430079,7.51139886e-05,0.992430079,0,0.00389679356,0.0495949849,6.26901253e-13,5.2562506e-06,11750,401,1383
163,0.642674506,0.922464373,6.54549055e-05,0.922464373,0,0.00359950634,0.0460152193,4.76038295e-13,7.98215043e-06,14200,401,1836
164,0.394074768,0.858454562,4.0733458e-05,0.858454562,0,0.00326026953,0.0429958334,1.84357178e-13,1.44453651e-05,13400,401,2753
165,0.177230388,0.83899898,0.000139153605,0.83899898,0,0.0031123369,0.0423940039,2.15152508e-12,7.08924611e-06,15400,401,230
166,0.264243394,0.842391145,0.000111500526,0.842391145,0,0.00321422188,0.042394062,1.38137413e-12,1.03841896e-05,17650,401,565
167,0.90804565,1.03224053,4.97352479e-05,1.03224053,0,0.0042786312,0.051673534,2.74843876e-13,6.42026283e-06,12350,401,2549
168,0.746039569,0.960508269,5.56593857e-05,0.960508269,0,0.00375028526,0.0479427957,3.4421858e-13,7.14251883e-06,14200,401,2210
169,0.946829736,1.05150898,3.91753653e-05,1.05150898,0,0.00457294537,0.0526811537,1.7052325e-13,6.25082583e-06,14050,401,2802
170,0.68955189,0.938942219,5.15508988e-05,0.938942219,0,0.0036742572,0.0468424409,2.95277241e-13,8.09590172e-06,14200,401,2400
171,0.84766835,1.00383575,7.51315439e-05,1.00383575,0,0.00397341217,0.0501896811,6.27194321e-13,5.30113677e-06,8800,401,1381
172,0.0835613534,0.842257688,3.02181e-05,0.842257688,0,0.00308275166,0.0427503553,1.01459285e-13,1.25254272e-05,10000,401,2981
173,0.742939115,0.959276902,5.48470613e-05,0.959276902,0,0.00374670483,0.0478794864,3.34244459e-13,7.16994639e-06,14200,401,2247
174,0.765706658,0.968444501,6.15113021e-05,0.968444501,0,0.00377259431,0.0483520071,4.20404477e-13,6.58152716e-06,14200,401,1985
175,0.698062539,0.942073367,5.04639127e-05,0.942073367,0,0.00368712305,0.0470010193,2.82956276e-13,7.9579688e-06,14200,401,2475
176,0.81277734,0.988318034,7.39462343e-05,0.988318034,0,0.00387026112,0.0493812466,6.07560619e-13,5.50773433e-06,11750,401,1463
177,0.237680525,0.840711299,0.000128539752,0.840711299,0,0.00318504072,0.0423597755,1.83582976e-12,8.4535203e-06,15400,401,397
178,0.846024752,1.00308972,7.53762837e-05,1.00308972,0,0.00396824956,0.0501507045,6.31287128e-13,5.26569534e-06,8800,401,1364
179,0.0230839178,0.848228965,0.000225366049,0.848228965,0,0.00360315326,0.0431427696,5.64331734e-12,6.62841657e-06,,401,70
180,0.791713119,0.979272613,6.94026106e-05,0.979272613,0,0.00381606509,0.0489122422,5.35191373e-13,5.82927141e-06,11750,401,1678
181,0.0315842852,0.847206013,0.000183923396,0.847206013,0,0.003509719,0.0430796684,3.75864616e-12,8.34158405e-06,,401,95
182,0.766619563,0.96881838,6.18524284e-05,0.96881838,0,0.00377367648,0.0483713282,4.25080323e-13,6.57938368e-06,14200,401,1973
183,0.492109984,0.87876668,8.41327825e-05,0.87876668,0,0.00331272466,0.043907033,7.86480566e-13,1.04241226e-05,1900,401,1069
184,0.109761797,0.840614775,7.42151376e-05,0.840614775,0,0.00299810493,0.0426190938,6.11987405e-13,1.17188451e-05,1900,401,1448
185,0.151944309,0.839165101,0.000126275547,0.839165101,0,0.00307314762,0.0424552169,1.77172376e-12,8.72895569e-06,15400,401,422
186,0.74120146,0.958589399,5.44159396e-05,0.958589399,0,0.00374467841,0.0478441613,3.29010498e-13,7.23409825e-06,14200,401,2263
187,0.0590299144,0.844313213,7.3816749e-05,0.844313213,0,0.00325312289,0.0428936225,6.05434715e-13,1.1718079e-05,17750,401,1473
188,0.246479526,0.841205575,0.000123438154,0.841205575,0,0.00319543035,0.0423677605,1.69299755e-12,9.07210227e-06,15400,401,452
189,0.344473898,0.850810924,4.8136024e-05,0.850810924,0,0.00325598637,0.042681918,2.57452979e-13,1.44470428e-05,16950,401,2582
190,0.222268626,0.839994528,0.000135597113,0.839994528,0,0.00316615379,0.0423537531,2.04295299e-12,7.44144639e-06,15400,401,300
191,0.506824672,0.882388561,8.75135191e-05,0.882388561,0,0.00334254629,0.0440750295,8.50957335e-13,9.67452136e-06,3500,401,952
192,0.0374921896,0.846530501,0.000157215915,0.846530501,0,0.00344870059,0.0430373366,2.74631599e-12,9.36498359e-06,,401,113
193,0.696970344,0.941669015,5.05938312e-05,0.941669015,0,0.003685492,0.0469805174,2.84415084e-13,8.02416137e-06,14200,401,2462
194,0.30067268,0.845598375,8.22646891e-05,0.845598375,0,0.00324128469,0.0424906086,7.5194212e-13,1.28106453e-05,16950,401,1126
195,0.1784762,0.839004288,0.000139416278,0.839004288,0,0.00311400072,0.0423917118,2.15965539e-12,7.06042696e-06,15400,401,223
196,0.666664541,0.930733763,5.71938679e-05,0.930733763,0,0.00363820802,0.0464287769,3.63459836e-13,8.08535026e-06,14200,401,2149
197,0.16140911,0.839041384,0.000132631522,0.839041384,0,0.00308904273,0.0424290069,1.95456895e-12,8.00877134e-06,15400,401,344
198,0.813007236,0.988418032,7.41502518e-05,0.988418032,0,0.00387090193,0.04938644,6.10917761e-13,5.32963323e-06,11750,401,1453
199,0.485136718,0.877101145,8.20527824e-05,0.877101145,0,0.00330041475,0.0438302235,7.48073233e-13,1.07615093e-05,1800,401,1130
200,0.496893436,0.879928036,8.546744e-05,0.879928036,0,0.00332203902,0.0439607468,8.11631478e-13,1.01591776e-05,2050,401,1027
201,0.548270822,0.89336348,9.00125832e-05,0.89336348,0,0.00343024374,0.0445928326,9.00251682e-13,8.21280041e-06,14200,401,808
202,0.531442463,0.888771113,9.02399718e-05,0.888771113,0,0.00339509876,0.0443746228,9.04805835e-13,8.72864025e-06,8800,401,783
203,0.907934964,1.03218648,4.98260968e-05,1.03218648,0,0.00427784734,0.0516707135,2.75848881e-13,6.46391256e-06,12350,401,2546
204,0.178140774,0.839002761,0.000139333736,0.839002761,0,0.00311355549,0.0423923219,2.1570989e-12,7.08474986e-06,15400,401,224
205,0.366799265,0.854025811,3.84957649e-05,0.854025811,0,0.00325865738,0.0428105779,1.64658213e-13,1.46662733e-05,14050,401,2831
206,0.462012529,0.871816302,7.35067636e-05,0.871816302,0,0.0032755887,0.0435880332,6.00360477e-13,1.1916117e-05,3500,401,1486
207,0.433642566,0.865838768,5.98417517e-05,0.865838768,0,0.00326476897,0.0433184501,3.97892805e-13,1.319526e-05,8000,401,2048
208,0.61316669,0.912771692,7.60483794e-05,0.912771692,0,0.00355100412,0.0455350583,6.42595113e-13,7.71492569e-06,14200,401,1284
209,0.574418604,0.900862508,8.66813576e-05,0.900862508,0,0.00348191166,0.0449533697,8.34850861e-13,7.74785933e-06,14200,401,984
210,0.980940938,1.0691093,9.38245742e-05,1.0691093,0,0.00486424554,0.0536044727,9.78116748e-13,4.28813496e-06,18050,401,712
211,0.255203992,0.84175666,0.0001178381,0.84175666,0,0.00320508085,0.0423789781,1.54286865e-12,9.73685731e-06,17650,401,506
212,0.426312357,0.86438618,5.59443498e-05,0.86438618,0,0.00326339654,0.0432539299,3.47752253e-13,1.35108358e-05,8000,401,2200
213,0.335091382,0.849571329,5.45490807e-05,0.849571329,0,0.00325410464,0.0426340812,3.30622468e-13,1.41953864e-05,16950,401,2258
214,0.552970767,0.894679029,8.97496196e-05,0.894679029,0,0.00343982494,0.0446557181,8.94999359e-13,8.12646726e-06,14200,401,829
215,0.150534973,0.839189651,0.00012525282,0.839189651,0,0.00307065609,0.0424594477,1.743141e-12,8.80057227e-06,15400,401,433
216,0.529042184,0.888131209,9.02250584e-05,0.888131209,0,0.00339000238,0.0443443864,9.04506797e-13,8.71274476e-06,8800,401,786
217,0.760842562,0.966461815,6.01145426e-05,0.966461815,0,0.00376697294,0.0482496017,4.01528693e-13,6.69195216e-06,14200,401,2039
218,0.407362461,0.860808749,4.62278885e-05,0.860808749,0,0.00326116909,0.0430971194,2.37446408e-13,1.41306748e-05,12650,401,2621
219,0.714078009,0.948079541,5.00177764e-05,0.948079541,0,0.00371011866,0.0473063697,2.77975328e-13,7.79269543e-06,14200,401,2521
220,0.374028236,0.855146246,3.75709436e-05,0.855146246,0,0.00325916229,0.0428566868,1.56841756e-13,1.4664717e-05,14050,401,2890
221,0.349624187,0.851519548,4.52324944e-05,0.851519548,0,0.00325679855,0.0427097503,2.2733095e-13,1.45271787e-05,16800,401,2643
222,0.712975502,0.947661347,5.00110698e-05,0.947661347,0,0.00370858918,0.0472850603,2.77900789e-13,7.79385824e-06,14200,401,2522
223,0.959643245,1.05804886,5.34661643e-05,1.05804886,0,0.00467872915,0.0530239412,3.17625636e-13,5.68820911e-06,14050,401,2308
224,0.644043744,0.922927136,6.49773536e-05,0.922927136,0,0.00360171811,0.0460382737,4.69117387e-13,7.9907703e-06,14200,401,1854
225,0.784455299,0.976213013,6.73887156e-05,0.976213013,0,0.00380062331,0.04875386,5.04582111e-13,5.99484985e-06,11750,401,1759
226,0.927167833,1.0416413,3.79090607e-05,1.0416413,0,0.00441888029,0.0521646787,1.59677432e-13,6.71978946e-06,13400,401,2862
227,0.321945488,0.847946986,6.45957694e-05,0.847946986,0,0.00325042636,0.0425733318,4.63623713e-13,1.37685695e-05,16950,401,1866
228,0.901108742,1.02887757,5.4253409e-05,1.02887757,0,0.00423022855,0.0514980509,3.27048043e-13,6.46850413e-06,6750,401,2271
229,0.63956064,0.921416625,6.66130907e-05,0.921416625,0,0.00359446003,0.0459630642,4.93033762e-13,7.95505794e-06,14200,401,1791
230,0.364429712,0.853666961,3.9058602e-05,0.853666961,0,0.00325846186,0.0427959357,1.69508265e-13,1.46467488e-05,14800,401,2808
231,0.775179863,0.972345163,6.45940365e-05,0.972345163,0,0.00378488799,0.0485537082,4.63598838e-13,6.27401383e-06,14200,401,1867
232,0.393497497,0.858355227,4.06785462e-05,0.858355227,0,0.00326023555,0.0429915978,1.83860458e-13,1.44311035e-05,13400,401,2757
233,0.868403435,1.01337028,7.04907998e-05,1.01337028,0,0.00404339845,0.0506885699,5.52105873e-13,5.63956282e-06,1550,401,1632
234,0.87663573,1.01721965,6.75145682e-05,1.01721965,0,0.00407795692,0.050890027,5.06468546e-13,5.85924922e-06,1600,401,1756
235,0.361473739,0.853225184,3.99621147e-05,0.853225184,0,0.00325819931,0.0427779988,1.77441179e-13,1.46017075e-05,14800,401,2778
236,0.608600914,0.911319579,7.76908605e-05,0.911319579,0,0.00354327129,0.0454636042,6.706522e-13,7.64980614e-06,14200,401,1243
237,0.751730621,0.962782298,5.74162083e-05,0.962782298,0,0.003756739,0.0480598509,3.6629122e-13,6.96540806e-06,14200,401,2142
238,0.707503736,0.945596041,5.00641856e-05,0.945596041,0,0.00370088863,0.0471799274,2.78491409e-13,7.78131695e-06,14200,401,2511
239,0.669003785,0.93155836,5.64028699e-05,0.93155836,0,0.00364194739,0.0464701948,3.53475971e-13,8.08058328e-06,14200,401,2179
240,0.959272325,1.05785816,5.26789037e-05,1.05785816,0,0.00467561397,0.0530139409,3.08340766e-13,5.92572465e-06,14050,401,2341
241,0.514012337,0.884210475,8.86797514e-05,0.884210475,0,0.0033578481,0.0441600893,8.73788702e-13,9.4376627e-06,4250,401,896
242,0.834733009,0.998005324,7.58420916e-05,0.998005324,0,0.00393370274,0.0498853486,6.39113651e-13,5.29524121e-06,8900,401,1297
243,0.746506274,0.960693863,5.58585148e-05,0.960693863,0,0.00375081824,0.0479523431,3.46685964e-13,7.08127566e-06,14200,401,2204
244,0.867728829,1.01305641,7.06410355e-05,1.01305641,0,0.00404086466,0.0506721346,5.54461767e-13,5.67649196e-06,1550,401,1622
245,0.990465701,1.07413248,0.000116703313,1.07413248,0,0.00495120565,0.0538684292,1.51329591e-12,3.25517181e-06,18050,401,519
246,0.489448279,0.878127064,8.33637952e-05,0.878127064,0,0.00330780882,0.0438775075,7.7216915e-13,1.05519179e-05,1850,401,1091
247,0.892362118,1.0246745,5.96813606e-05,1.0246745,0,0.00417141573,0.0512788674,3.95762756e-13,6.23729904e-06,3500,401,2056
248,0.730644882,0.954448677,5.22245374e-05,0.954448677,0,0.00373188862,0.0476317743,3.030447e-13,7.48090384e-06,14200,401,2364
249,0.0760550052,0.842833588,3.1468349e-05,0.842833588,0,0.00312845379,0.0427919118,1.10028554e-13,1.245585e-05,14200,401,2975
250,0.20553939,0.839432733,0.000140286966,0.839432733,0,0.0031464398,0.0423585894,2.18671477e-12,6.74577999e-06,15400,401,197
251,0.0208914839,0.848502334,0.000236554201,0.848502334,0,0.00362833456,0.0431594507,6.21754334e-12,6.11488156e-06,,401,63
252,0.271668673,0.842960612,0.00010592856,0.842960612,0,0.00322101577,0.0424090977,1.2467622e-12,1.09505896e-05,17650,401,613
253,0.22340627,0.840040892,0.000135227926,0.840040892,0,0.00316753736,0.0423538518,2.03184356e-12,7.52086524e-06,15400,401,306
254,0.0158381555,0.849148051,0.000263413293,0.849148051,0,0.00368809405,0.0431985683,7.70961813e-12,4.84606883e-06,,401,48
255,0.983192444,1.07029255,9.89669663e-05,1.07029255,0,0.00488457279,0.0536666333,1.08827338e-12,4.01162969e-06,18050,401,670
256,0.725374162,0.952405486,5.12266298e-05,0.952405486,0,0.00372519483,0.0475272113,2.91574178e-13,7.60744064e-06,14200,401,2419
257,0.981637716,1.06947501,9.52527553e-05,1.06947501,0,0.00487051709,0.053623684,1.00812082e-12,4.19785506e-06,18050,401,700
258,0.066763863,0.843611243,5.04043292e-05,0.843611243,0,0.00319312522,0.0428461218,2.82288489e-13,1.2184506e-05,16800,401,2479
259,0.326736957,0.848523786,6.08234224e-05,0.848523786,0,0.00325191765,0.0425946248,4.11054302e-13,1.39413027e-05,16950,401,2011
260,0.409066945,0.861120164,4.71767751e-05,0.861120164,0,0.00326130575,0.0431106408,2.47294234e-13,1.40631693e-05,12650,401,2601
261,0.510559261,0.88333092,8.81404592e-05,0.88333092,0,0.00335047122,0.044118979,8.63193393e-13,9.61959422e-06,3850,401,925
262,0.376401126,0.85552252,3.75958992e-05,0.85552252,0,0.0032593047,0.042872297,1.57050182e-13,1.46122185e-05,14050,401,2886
263,0.196924895,0.839231653,0.00014127498,0.839231653,0,0.00313660769,0.0423657025,2.21762443e-12,6.63305375e-06,15400,401,139
264,0.544545889,0.892331023,9.02670876e-05,0.892331023,0,0.00342258373,0.0445435929,9.05349678e-13,8.30640301e-06,14200,401,779
265,0.955527544,1.05593886,4.76948025e-05,1.05593886,0,0.00464428408,0.0529133056,2.5275491e-13,6.06221314e-06,14050,401,2592
266,0.772152841,0.971093305,6.36398502e-05,0.971093305,0,0.00378066185,0.0484889502,4.50003393e-13,6.37166953e-06,14200,401,1907
267,0.0729624629,0.843084474,3.60491736e-05,0.843084474,0,0.0031490398,0.0428096121,1.44393658e-13,1.23964941e-05,14200,401,2931
268,0.737864375,0.957273709,5.37558688e-05,0.957273709,0,0.00374072085,0.0477766073,3.21077048e-13,7.27218631e-06,14200,401,2291
269,0.776333213,0.972823525,6.47726417e-05,0.972823525,0,0.00378660352,0.0485784587,4.66166124e-13,6.29165603e-06,11750,401,1859
270,0.463085204,0.872053324,7.3900333e-05,0.872053324,0,0.00327629516,0.0435988343,6.0680658e-13,1.18665331e-05,3500,401,1465
271,0.958716035,1.05757274,5.20207418e-05,1.05757274,0,0.00467093818,0.0529989734,3.00684175e-13,5.86697883e-06,14050,401,2374
272,0.11895369,0.840173516,8.90268005e-05,0.840173516,0,0.00301053146,0.0425771331,8.80641245e-13,1.11698985e-05,3450,401,881
273,0.951765418,1.05401759,4.35017243e-05,1.05401759,0,0.00461318632,0.0528125989,2.10266668e-13,6.19837386e-06,14050,401,2680
274,0.630392969,0.918365598,6.99648067e-05,0.918365598,0,0.00357953421,0.0458115233,5.43897131e-13,7.77502643e-06,14200,401,1655
275,0.878672719,1.01817789,6.64670433e-05,1.01817789,0,0.0040881537,0.0509400948,4.90874205e-13,5.96387037e-06,1600,401,1798
276,0.667385399,0.930987487,5.69010596e-05,0.930987487,0,0.00363935928,0.0464415175,3.59747843e-13,7.98889276e-06,14200,401,2161
277,0.706525326,0.945228612,4.9944958e-05,0.945228612,0,0.00369948749,0.0471612426,2.77166537e-13,7.86309929e-06,14200,401,2539
278,0.733673453,0.955630153,5.28401821e-05,0.955630153,0,0.00373563569,0.0476923098,3.10231649e-13,7.42957615e-06,14200,401,2333
279,0.802008688,0.983663183,7.1741557e-05,0.983663183,0,0.00384133431,0.0491397128,5.71872333e-13,5.65723844e-06,11750,401,1576
280,0.354498774,0.85220846,4.27329042e-05,0.85220846,0,0.00325744751,0.0427371128,2.02900123e-13,1.46320656e-05,16300,401,2702
281,0.139082178,0.839451313,0.000114709416,0.839451313,0,0.00304939881,0.0424971374,1.46202779e-12,9.7332596e-06,14400,401,537
282,0.330695391,0.849013585,5.77770807e-05,0.849013585,0,0.00325302298,0.0426129546,3.70910117e-13,1.41030922e-05,16950,401,2128
283,0.384507954,0.856838949,3.82943093e-05,0.856838949,0,0.00325975268,0.0429273655,1.62939347e-13,1.45427777e-05,13400,401,2840
284,0.987712085,1.07267539,0.000109694357,1.07267539,0,0.00492581416,0.0537918434,1.33698356e-12,3.55843594e-06,18050,401,580
285,0.291766137,0.844718673,8.96869401e-05,0.844718673,0,0.00323609234,0.0424617252,8.93749692e-13,1.22615018e-05,17650,401,838
286,0.649568677,0.924805319,6.29994662e-05,0.924805319,0,0.00361065627,0.0461319517,4.40992526e-13,7.90279559e-06,14200,401,1928
287,0.800077438,0.982835134,7.13777645e-05,0.982835134,0,0.00383637572,0.0490967895,5.66087251e-13,5.69492095e-06,11750,401,1590
288,0.597143114,0.907732899,8.12365913e-05,0.907732899,0,0.0035234324,0.0452877123,7.33264862e-13,7.66477796e-06,14200,401,1150
289,0.165302053,0.839011906,0.000134637892,0.839011906,0,0.00309515026,0.0424193726,2.01415134e-12,7.78117859e-06,15400,401,317
290,0.523536205,0.886677467,8.97479537e-05,0.886677467,0,0.00337825392,0.0442758575,8.94966132e-13,9.01984705e-06,6300,401,830
291,0.498975426,0.880438462,8.58372673e-05,0.880438462,0,0.00332623051,0.0439843999,8.18670718e-13,1.00905104e-05,2250,401,1015
292,0.141841277,0.839378304,0.000117557542,0.839378304,0,0.00305467123,0.0424875283,1.53553062e-12,9.50546953e-06,14400,401,510
293,0.2521905,0.841559497,0.000119921894,0.841559497,0,0.00320183553,0.0423747329,1.59791785e-12,9.49677679e-06,17650,401,487
294,0.665525436,0.930333301,5.73929018e-05,0.930333301,0,0.00363637902,0.0464086738,3.65993908e-13,8.08344365e-06,14200,401,2143
295,0.46813789,0.873180515,7.59282714e-05,0.873180515,0,0.00328003924,0.0436502928,6.40566933e-13,1.16299269e-05,1800,401,1291
296,0.810959101,0.987527547,7.36285785e-05,0.987527547,0,0.0038652482,0.0493401988,6.02351952e-13,5.48509244e-06,11750,401,1482
297,0.0610220768,0.844127612,6.73707338e-05,0.844127612,0,0.00323714944,0.0428811786,5.04312863e-13,1.18787796e-05,17750,401,1760
298,0.749438643,0.961864298,5.6795793e-05,0.961864298,0,0.00375415613,0.0480125759,3.58418011e-13,7.03293114e-06,14200,401,2166
299,0.509392083,0.883035425,8.79036338e-05,0.883035425,0,0.00334799156,0.044105187,8.58560982e-13,9.6323535e-06,3850,401,934
300,0.676034391,0.934056655,5.44695249e-05,0.934056655,0,0.00365314472,0.0465958683,3.29658794e-13,8.04873849e-06,14200,401,2261
301,0.143472224,0.83933824,0.000119058223,0.83933824,0,0.0030577434,0.0424820116,1.57498449e-12,9.3960491e-06,14400,401,496
302,0.738986611,0.957715296,5.39901176e-05,0.957715296,0,0.00374205414,0.0477992742,3.23881422e-13,7.2777883e-06,14200,401,2282
303,0.140429512,0.839414941,0.00011610498,0.839414941,0,0.00305198489,0.0424924067,1.49781849e-12,9.60465905e-06,14400,401,524
304,0.369143665,0.854384955,3.80249496e-05,0.854384955,0,0.00325882993,0.0428252946,1.60655199e-13,1.4671511e-05,14050,401,2856
305,0.40039134,0.859557856,4.31591266e-05,0.859557856,0,0.00326066148,0.0430430924,2.06967801e-13,1.42790726e-05,13400,401,2690
306,0.443155944,0.86778028,6.45668398e-05,0.86778028,0,0.00326718483,0.0434053464,4.63208533e-13,1.28544991e-05,7700,401,1870
307,0.319395572,0.847647081,6.66710529e-05,0.847647081,0,0.00324954979,0.0425623946,4.93892143e-13,1.36664885e-05,16950,401,1788
308,0.267667651,0.842648436,0.000108994003,0.842648436,0,0.00321743723,0.0424007038,1.31996587e-12,1.06353328e-05,17650,401,589
309,0.397216469,0.858999579,4.19649003e-05,0.858999579,0,0.00326045866,0.0430191298,1.9567254e-13,1.43473673e-05,13400,401,2721
310,0.221942991,0.839981412,0.000135759602,0.839981412,0,0.00316575036,0.0423537334,2.04785216e-12,7.42108851e-06,15400,401,298
311,0.781202793,0.974851348,6.63517474e-05,0.974851348,0,0.00379457397,0.0486833897,4.89172709e-13,6.13988639e-06,11750,401,1802
312,0.537748992,0.890470463,9.03939937e-05,0.890470463,0,0.0034084106,0.0444551236,9.07897122e-13,8.52087451e-06,14200,401,748
313,0.435186923,0.866149524,6.05623087e-05,0.866149524,0,0.00326510513,0.0433323093,4.07532582e-13,1.3156693e-05,8000,401,2019
314,0.380803883,0.856231468,3.78820959e-05,0.856231468,0,0.00325956015,0.0429018681,1.59450354e-13,1.45881008e-05,14050,401,2863
315,0.550290883,0.893927148,8.99355149e-05,0.893927148,0,0.00343437554,0.0446197571,8.9871076e-13,8.12918544e-06,14200,401,821
316,0.702091277,0.943570038,4.99471008e-05,0.943570038,0,0.00369306479,0.0470769681,2.7719032e-13,8.03528813e-06,14200,401,2538
317,0.86123997,1.01004987,7.26137274e-05,1.01004987,0,0.00401775911,0.0505147117,5.85861489e-13,5.58757416e-06,1550,401,1530
318,0.117269792,0.840249015,8.64181307e-05,0.840249015,0,0.00300761143,0.042584587,8.29788146e-13,1.13171179e-05,3450,401,994
319,0.546045661,0.892745648,9.02011795e-05,0.892745648,0,0.00342567579,0.0445633551,9.04028087e-13,8.16734455e-06,14200,401,790
320,0.219145194,0.839872516,0.000136797495,0.839872516,0,0.00316236585,0.0423537609,2.07928386e-12,7.26752674e-06,15400,401,281
321,0.107838504,0.840716075,7.0807493e-05,0.840716075,0,0.00299762318,0.042628192,5.57077896e-13,1.18577508e-05,1850,401,1617
322,0.514700413,0.884386774,8.86597055e-05,0.884386774,0,0.00335932398,0.0441683402,8.73393709e-13,9.42061878e-06,4250,401,900
323,0.0126379961,0.849567927,0.000280991166,0.849567927,0,0.00372717249,0.0432238062,8.77289284e-12,4.00341115e-06,,401,38
324,0.991434634,1.07464607,0.000119200081,1.07464607,0,0.00496018903,0.0538954263,1.57873991e-12,3.09234965e-06,18050,401,494
325,0.566890657,0.8986586,8.80541628e-05,0.8986586,0,0.00346745359,0.044846904,8.61503955e-13,7.83256408e-06,14200,401,928
326,0.154274866,0.839127728,0.000127951641,0.839127728,0,0.00307719583,0.0424483933,1.81906915e-12,8.55233693e-06,15400,401,405
327,0.242775068,0.840989989,0.000125710235,0.840989989,0,0.00319112376,0.0423639952,1.7558959e-12,8.79595002e-06,15400,401,428
328,0.906212389,1.03134906,5.09467547e-05,1.03134906,0,0.0042657051,0.0516270051,2.88396868e-13,6.48224886e-06,11550,401,2438
329,0.487556696,0.877675492,8.28605715e-05,0.877675492,0,0.00330447147,0.0438566844,7.62874924e-13,1.06771198e-05,1850,401,1108
330,0.19601877,0.839214031,0.000141317349,0.839214031,0,0.003135566,0.0423666363,2.2189548e-12,6.6318286e-06,15400,401,132
331,0.499933571,0.880674329,8.61073657e-05,0.880674329,0,0.00332819498,0.0439953392,8.23830936e-13,1.00301163e-05,2500,401,1005
332,0.615162611,0.913410445,7.53938829e-05,0.913410445,0,0.0035543547,0.0455665318,6.31581953e-13,7.8157991e-06,14200,401,1362
333,0.836992025,0.999016953,7.57219866e-05,0.999016953,0,0.00394050645,0.0499381046,6.37091028e-13,5.26104165e-06,8900,401,1322
334,0.0632788762,0.843921335,6.04514839e-05,0.843921335,0,0.00321948944,0.0428672546,4.06042434e-13,1.19983674e-05,17750,401,2025
335,0.729038835,0.953824536,5.18112003e-05,0.953824536,0,0.00372986916,0.0475998155,2.9826672e-13,7.55418261e-06,14200,401,2389
336,0.231736913,0.840412317,0.000131575758,0.840412317,0,0.00317778348,0.0423562551,1.92357557e-12,7.99777654e-06,15400,401,360
337,0.431814402,0.865472897,5.88369345e-05,0.865472897,0,0.00326439525,0.0433021569,3.84642762e-13,1.32876232e-05,8000,401,2087
338,0.209925845,0.839558208,0.000139428136,0.839558208,0,0.00315148259,0.0423561803,2.16002278e-12,6.86569878e-06,15400,401,222
339,0.996480763,1.07732903,0.000132466278,1.07732903,0,0.00500739338,0.0540364921,1.94970164e-12,2.50806153e-06,18050,401,346
340,0.277329296,0.843423778,0.00010147461,0.843423778,0,0.00322574352,0.0424221554,1.14412184e-12,1.12787753e-05,17650,401,649
341,0.844095647,1.00221609,7.55061056e-05,1.00221609,0,0.00396224989,0.0501050736,6.33463553e-13,5.29687253e-06,8800,401,1353
342,0.331427753,0.849105562,5.7166207e-05,0.849105562,0,0.00325320939,0.0426164216,3.63108358e-13,1.40511084e-05,16950,401,2151
343,0.222451314,0.840001886,0.000135567957,0.840001886,0,0.00316637672,0.0423537652,2.04207456e-12,7.41132789e-06,15400,401,301
344,0.412129551,0.861684611,4.85784186e-05,0.861684611,0,0.00326158473,0.0431352133,2.62206972e-13,1.39955498e-05,12350,401,2572
345,0.347308755,0.851198549,4.6405587e-05,0.851198549,0,0.00325645099,0.042697102,2.3927539e-13,1.44848989e-05,16950,401,2617
346,0.861584544,1.01020908,7.24522653e-05,1.01020908,0,0.00401894162,0.0505230458,5.83258972e-13,5.58575267e-06,1550,401,1541
347,0.725141883,0.952315666,5.12909744e-05,0.952315666,0,0.00372489431,0.0475226186,2.92307117e-13,7.55834356e-06,14200,401,2414
348,0.673535287,0.933165271,5.51489625e-05,0.933165271,0,0.00364918105,0.0465509962,3.3793423e-13,8.08788772e-06,14200,401,2233
349,0.626335979,0.91703172,7.14529655e-05,0.91703172,0,0.00357288577,0.0457454332,5.67280698e-13,7.83123966e-06,14200,401,1585
350,0.785025418,0.9764523,6.76138724e-05,0.9764523,0,0.00380173335,0.0487662445,5.07959526e-13,5.99688927e-06,11750,401,1750
351,0.41428265,0.862085516,4.97076612e-05,0.862085516,0,0.00326180222,0.0431527175,2.74539064e-13,1.39254042e-05,11650,401,2550
352,0.999803364,1.07910279,0.000141688194,1.07910279,0,0.00503886099,0.0541297802,2.23061604e-12,2.10891195e-06,18050,401,125
353,0.0497679301,0.845219489,0.000106881587,0.845219489,0,0.00333209223,0.0429533734,1.26929706e-12,1.09153736e-05,18100,401,605
354,0.359621137,0.852951634,4.05871258e-05,0.852951634,0,0.00325802002,0.0427669426,1.83034976e-13,1.46411284e-05,14800,401,2758
355,0.627895772,0.917543244,7.0954994e-05,0.917543244,0,0.00357544464,0.0457707658,5.59401241e-13,7.80594655e-06,14200,401,1611
356,0.123094693,0.839997575,9.50860671e-05,0.839997575,0,0.00301818746,0.0425592755,1.00459557e-12,1.09192707e-05,4200,401,702
357,0.292032957,0.844744112,8.95244403e-05,0.844744112,0,0.0032362532,0.0424625407,8.90513934e-13,1.22707563e-05,17650,401,851
358,0.969552755,1.06316565,6.99865029e-05,1.06316565,0,0.00476352327,0.0532923903,5.44234509e-13,5.22694096e-06,14800,401,1654
359,0.371587008,0.854763582,3.78024699e-05,0.854763582,0,0.00325900262,0.0428408754,1.58780748e-13,1.46700065e-05,14050,401,2869
360,0.161726072,0.839038564,0.000132770005,0.839038564,0,0.00308955244,0.0424281994,1.9586527e-12,8.01158688e-06,15400,401,342
361,0.0288050063,0.847533803,0.000197129304,0.847533803,0,0.00353953412,0.0431000136,4.31777362e-12,7.84144423e-06,,401,87
362,0.445507795,0.868270086,6.59029023e-05,0.868270086,0,0.00326792269,0.0434273784,4.82576948e-13,1.26987591e-05,7250,401,1818
363,0.151247948,0.839177048,0.000125754455,0.839177048,0,0.00307192246,0.0424572976,1.75713143e-12,8.77330015e-06,15400,401,427
364,0.879309118,1.01847766,6.64331736e-05,1.01847766,0,0.00409151661,0.0509557474,4.90374062e-13,6.03212856e-06,1600,401,1799
365,0.90866071,1.03253939,4.92945193e-05,1.03253939,0,0.00428298913,0.0516891355,2.69994403e-13,6.48146247e-06,12350,401,2557
366,0.111473344,0.840527354,7.69939812e-05,0.840527354,0,0.00299946115,0.0426110735,6.58674794e-13,1.16604526e-05,2000,401,1262
367,0.432936311,0.865697033,5.94096515e-05,0.865697033,0,0.00326462011,0.0433121345,3.9216741e-13,1.32495139e-05,8000,401,2065
368,0.0583414882,0.844378154,7.60662537e-05,0.844378154,0,0.00325872601,0.0428979584,6.42897217e-13,1.17054951e-05,17750,401,1283
369,0.639297485,0.921328385,6.66355641e-05,0.921328385,0,0.00359403108,0.0459586746,4.9336649e-13,7.90558677e-06,14200,401,1790
370,0.0501826368,0.845177443,0.000105286577,0.845177443,0,0.0033283875,0.0429506345,1.23169593e-12,1.09711383e-05,18100,401,618
371,0.673201799,0.933046742,5.52150263e-05,0.933046742,0,0.00364865496,0.0465450314,3.38744347e-13,8.0615129e-06,14200,401,2230
372,0.100589231,0.841125163,5.77873045e-05,0.841125163,0,0.00300811068,0.0426630504,3.71041395e-13,1.21516913e-05,2900,401,2127
373,0.49808374,0.880219442,8.57314482e-05,0.880219442,0,0.00332442958,0.0439742468,8.16653467e-13,1.01319384e-05,2150,401,1018
374,0.203452095,0.839378535,0.000140647008,0.839378535,0,0.00314406348,0.0423600256,2.19795342e-12,6.69734396e-06,15400,401,181
375,0.163758084,0.839022064,0.000133881506,0.839022064,0,0.003092759,0.0424231114,1.99158419e-12,7.85893314e-06,15400,401,326
376,0.644972384,0.923241569,6.46311255e-05,0.923241569,0,0.00360322921,0.0460539438,4.64131375e-13,7.98186928e-06,14200,401,1862
377,0.977549076,1.06733191,8.59819791e-05,1.06733191,0,0.00483387651,0.0535111203,8.21433415e-13,4.73881014e-06,10900,401,1010
378,0.502493382,0.881307328,8.66645594e-05,0.881307328,0,0.00333346702,0.0440247277,8.34527318e-13,9.91954824e-06,3450,401,985
379,0.368857771,0.85434093,3.80402342e-05,0.85434093,0,0.00325880645,0.0428234869,1.6078438e-13,1.46844257e-05,14050,401,2854
380,0.615653157,0.9135678,7.52835897e-05,0.9135678,0,0.0035551743,0.0455742892,6.2973543e-13,7.72587609e-06,14200,401,1373
381,0.924601972,1.04036865,3.91152224e-05,1.04036865,0,0.00439950886,0.052098137,1.7000007e-13,6.59138506e-06,13400,401,2806
382,0.44868499,0.868938118,6.72927436e-05,0.868938118,0,0.00326903098,0.0434574947,5.03145926e-13,1.25948058e-05,6550,401,1764
383,0.188279137,0.839090572,0.000141152407,0.839090572,0,0.00312642964,0.0423760515,2.21377801e-12,6.70411333e-06,15400,401,156
384,0.139382645,0.839443028,0.000115058871,0.839443028,0,0.00304998106,0.0424960728,1.47094931e-12,9.68888511e-06,14400,401,533
385,0.920392632,1.0382882,4.15000978e-05,1.0382882,0,0.00436809401,0.0519893935,1.91362013e-13,6.64659311e-06,13400,401,2733
386,0.816202879,0.989811868,7.45123264e-05,0.989811868,0,0.00387981875,0.0494588528,6.16898532e-13,5.33936171e-06,11750,401,1429
387,0.248511076,0.841328566,0.000122270452,0.841328566,0,0.00319774215,0.042370083,1.66111816e-12,9.2092594e-06,15400,401,465
388,0.37872532,0.855895011,3.75949955e-05,0.855895011,0,0.00325943911,0.0428878095,1.57042632e-13,1.45932624e-05,14050,401,2888
389,0.711773098,0.947206013,4.9950351e-05,0.947206013,0,0.00370691623,0.047261867,2.77226396e-13,7.82042083e-06,14200,401,2535
390,0.51338768,0.884050769,8.86136663e-05,0.884050769,0,0.00335651095,0.0441526186,8.72486873e-13,9.36850457e-06,4250,401,902
391,0.295747459,0.845104251,8.63959537e-05,0.845104251,0,0.0032385182,0.042474213,8.29362313e-13,1.2469338e-05,17650,401,996
392,0.198102906,0.839255664,0.000141238004,0.839255664,0,0.00313796401,0.0423645453,2.21646376e-12,6.62155685e-06,15400,401,146
393,0.79636234,0.981248012,7.06399228e-05,0.981248012,0,0.00382709135,0.0490145505,5.54444299e-13,5.7099704e-06,11750,401,1623
394,0.286059052,0.844187386,9.4477064e-05,0.844187386,0,0.00323228881,0.0424450111,9.91768402e-13,1.18763062e-05,17650,401,705
395,0.838273644,0.999592065,7.59826034e-05,0.999592065,0,0.0039443859,0.0499681061,6.41484002e-13,5.25579657e-06,8900,401,1286
396,0.58908391,0.905259104,8.35182436e-05,0.905259104,0,0.00350906193,0.0451669185,7.75033001e-13,7.53327281e-06,14200,401,1089
397,0.600971103,0.908922077,8.00849181e-05,0.908922077,0,0.00353013016,0.0453459332,7.12621567e-13,7.70511887e-06,14200,401,1184
398,0.396191388,0.85882099,4.15318673e-05,0.85882099,0,0.0032603999,0.0430114853,1.91655112e-13,1.43895992e-05,13400,401,2731
399,0.110201083,0.840592063,7.49648496e-05,0.840592063,0,0.00299838117,0.042617026,6.24414298e-13,1.16993126e-05,1950,401,1400
400,0.345932603,0.851009464,4.7352693e-05,0.851009464,0,0.00325623214,0.0426896808,2.49141948e-13,1.44238321e-05,16950,401,2597
401,0.608687341,0.911347053,7.76413032e-05,0.911347053,0,0.00354341826,0.045464955,6.69796885e-13,7.73475097e-06,14200,401,1247
402,0.116301738,0.840293702,8.49488581e-05,0.840293702,0,0.00300601215,0.0425889326,8.01812055e-13,1.13432094e-05,3450,401,1045
403,0.350665033,0.851665065,4.46942992e-05,0.851665065,0,0.00325694756,0.0427155056,2.21953375e-13,1.45498332e-05,16800,401,2654
404,0.114559025,0.840375735,8.20705316e-05,0.840375735,0,0.00300332602,0.0425968271,7.48396906e-13,1.14984489e-05,3450,401,1129
405,0.143003091,0.839349637,0.000118639538,0.839349637,0,0.00305686561,0.0424835913,1.56392667e-12,9.40992425e-06,14400,401,499
406,0.685245097,0.937374091,5.23466764e-05,0.937374091,0,0.0036676074,0.0467631827,3.04463837e-13,8.05697497e-06,14200,401,2357
407,0.0633897707,0.84391136,6.00347688e-05,0.84391136,0,0.00321863486,0.0428665772,4.00463718e-13,1.20073812e-05,17750,401,2040
408,0.455275625,0.870345942,7.05252235e-05,0.870345942,0,0.00327183038,0.0435211948,5.52645238e-13,1.22458932e-05,4350,401,1631
409,0.156804547,0.839092399,0.000129757027,0.839092399,0,0.00308148805,0.0424412672,1.87076513e-12,8.35508971e-06,15400,401,381
410,0.653680503,0.926215207,6.14192176e-05,0.926215207,0,0.00361729949,0.0462023882,4.19146699e-13,8.02921918e-06,14200,401,1990
411,0.687427819,0.938167353,5.19226643e-05,0.938167353,0,0.00367098572,0.0468032637,2.99551452e-13,8.02047451e-06,14200,401,2381
412,0.259673178,0.842062312,0.000114776436,0.842062312,0,0.00320972258,0.042385996,1.46373669e-12,1.00249298e-05,17650,401,535
413,0.597475171,0.907835746,8.10938829e-05,0.907835746,0,0.00352401763,0.0452927436,7.30690872e-13,7.61492029e-06,14200,401,1157
414,0.427005559,0.864521915,5.62242375e-05,0.864521915,0,0.00326351192,0.04325994,3.51240543e-13,1.3523864e-05,8000,401,2189
415,0.0757209808,0.842860255,3.18185678e-05,0.842860255,0,0.00313063197,0.0427938039,1.12491251e-13,1.24319924e-05,14200,401,2972
416,0.86807394,1.01321679,7.06147905e-05,1.01321679,0,0.00404216103,0.0506805335,5.54049849e-13,5.66064807e-06,1550,401,1625
417,0.293370515,0.844872574,8.84344234e-05,0.844872574,0,0.00323709084,0.0424666759,8.68960805e-13,1.23491601e-05,17650,401,910
418,0.187122837,0.839076272,0.000140948327,0.839076272,0,0.00312502464,0.0423776791,2.2073812e-12,6.74722402e-06,15400,401,166
419,0.0575478785,0.844453389,7.8722134e-05,0.844453389,0,0.00326524091,0.0429029731,6.88574932e-13,1.16275421e-05,17750,401,1219
420,0.986490548,1.07203011,0.000106680014,1.07203011,0,0.00491460945,0.053757933,1.26451393e-12,3.63969153e-06,18050,401,607
421,0.794924498,0.980635941,7.02139047e-05,0.980635941,0,0.00382360891,0.048982844,5.47776935e-13,5.73877716e-06,11750,401,1645
422,0.965407491,1.0610188,6.25174631e-05,1.0610188,0,0.00472773333,0.0531797318,4.34270354e-13,5.43998347e-06,14800,401,1945
423,0.913276613,1.03479282,4.6264602e-05,1.03479282,0,0.0043160339,0.0518067913,2.37823711e-13,6.61082528e-06,13400,401,2620
424,0.0974742696,0.841314293,5.19967517e-05,0.841314293,0,0.00301772604,0.0426783668,3.00406909e-13,1.22687752e-05,3900,401,2377
425,0.262821376,0.842287048,0.000112520417,0.842287048,0,0.00321284467,0.042391455,1.40676046e-12,1.02776891e-05,17650,401,556
426,0.381776035,0.856389996,3.78261714e-05,0.856389996,0,0.0032596097,0.0429085086,1.58979916e-13,1.46115821e-05,13400,401,2866
427,0.261079848,0.842161795,0.000113801693,0.842161795,0,0.00321112745,0.042388384,1.4389806e-12,1.01495292e-05,17650,401,545
428,0.260630071,0.8421298,0.000114183994,0.8421298,0,0.00321068016,0.0423876106,1.44866495e-12,1.00876387e-05,17650,401,542
429,0.142458349,0.839362924,0.000118085288,0.839362924,0,0.00305583629,0.0424854291,1.54934836e-12,9.45815097e-06,14400,401,505
430,0.877528667,1.01763951,6.69458146e-05,1.01763951,0,0.00408232141,0.0509119694,4.97971343e-13,5.94428941e-06,1600,401,1778
431,0.027461933,0.847694618,0.000203606211,0.847694618,0,0.00355419389,0.0431099501,4.60616545e-12,7.56650363e-06,,401,83
432,0.403768659,0.860159433,4.46275032e-05,0.860159433,0,0.0032608884,0.0430690178,2.21290449e-13,1.42425434e-05,13150,401,2656
433,0.967138171,1.06191436,6.55938368e-05,1.06191436,0,0.00474262634,0.0532267203,4.7806127e-13,5.32991515e-06,14800,401,1829
434,0.440422386,0.867216013,6.32755874e-05,0.867216013,0,0.00326640052,0.0433800183,4.44866662e-13,1.29113951e-05,8000,401,1916
435,0.691493332,0.93965276,5.12181031e-05,0.93965276,0,0.00367722676,0.0468783894,2.9147712e-13,8.06048252e-06,14200,401,2420
436,0.208845705,0.839525858,0.000139706161,0.839525858,0,0.00315023085,0.0423566981,2.16864571e-12,6.81430876e-06,15400,401,216
437,0.478237748,0.875486167,7.97960455e-05,0.875486167,0,0.00329044093,0.043755957,7.07489875e-13,1.11489725e-05,1750,401,1190
438,0.566590309,0.898571468,8.82150354e-05,0.898571468,0,0.00346687348,0.0448427031,8.64654718e-13,7.77097857e-06,14200,401,922
439,0.116768233,0.840272025,8.55982014e-05,0.840272025,0,0.00300677475,0.0425868317,8.14116897e-13,1.13672404e-05,3450,401,1022
440,0.549101412,0.893594989,8.99523283e-05,0.893594989,0,0.00343195455,0.0446038875,8.99046818e-13,8.17527871e-06,14200,401,816
441,0.00126817252,0.851128121,0.000347625547,0.851128121,0,0.00387387891,0.0433163613,1.34270579e-11,4.25163414e-07,,401,4
442,0.373676062,0.855090803,3.7553913e-05,0.855090803,0,0.00325913877,0.0428543915,1.56699598e-13,1.4636467e-05,14050,401,2891
443,0.433109611,0.865731834,5.95282875e-05,0.865731834,0,0.00326465723,0.0433136844,3.93735223e-13,1.32409434e-05,8000,401,2059
444,0.00415626122,0.850721634,0.000330069107,0.850721634,0,0.00383544477,0.0432924219,1.21050684e-11,1.43145388e-06,,401,13
445,0.572386265,0.900263884,8.71417285e-05,0.900263884,0,0.00347804063,0.0449244119,8.43742317e-13,7.75686587e-06,14200,401,964
446,0.653171182,0.926040135,6.16175754e-05,0.926040135,0,0.00361647492,0.0461936365,4.218584e-13,8.0804913e-06,14200,401,1980
447,0.192841351,0.839157479,0.000141357162,0.839157479,0,0.0031318693,0.0423701902,2.22020526e-12,6.64328563e-06,15400,401,128
448,0.643580556,0.922770559,6.50676091e-05,0.922770559,0,0.00360097718,0.0460304715,4.70421529e-13,7.96912906e-06,14200,401,1848
449,0.815614641,0.989554798,7.43590892e-05,0.989554798,0,0.00387816778,0.0494454946,6.14363794e-13,5.35100236e-06,11750,401,1438
450,0.594429433,0.906895393,8.19982214e-05,0.906895393,0,0.00351863476,0.0452467683,7.47078701e-13,7.62007273e-06,14200,401,1132
451,0.054385297,0.844758764,8.97139603e-05,0.844758764,0,0.00329175708,0.0429231974,8.94288298e-13,1.13538208e-05,18100,401,835
452,0.754774094,0.964005992,5.81403917e-05,0.964005992,0,0.00376015202,0.0481229102,3.75589461e-13,6.87793339e-06,14200,401,2112
453,0.794210374,0.980332174,6.99876641e-05,0.980332174,0,0.00382188917,0.0489671121,5.44252569e-13,5.76986073e-06,11750,401,1653
454,0.264808089,0.842433057,0.000111100814,0.842433057,0,0.00321475838,0.0423951286,1.37148787e-12,1.04264641e-05,17650,401,569
455,0.166145533,0.839007177,0.000135051128,0.839007177,0,0.00309644571,0.0424173742,2.02653413e-12,7.69782451e-06,15400,401,310
456,0.354021132,0.852140142,4.2986614e-05,0.852140142,0,0.00325738986,0.0427343867,2.05316554e-13,1.45619814e-05,16600,401,2695
457,0.741537452,0.958722172,5.46155921e-05,0.958722172,0,0.00374507336,0.0478509816,3.31429211e-13,7.21535406e-06,14200,401,2256
458,0.50161171,0.881088774,8.64199806e-05,0.881088774,0,0.0033316374,0.0440145751,8.29823673e-13,9.99048566e-06,3450,401,993
459,0.635707676,0.920127887,6.79192067e-05,0.920127887,0,0.00358819898,0.0458989926,5.12557626e-13,8.01588354e-06,14200,401,1736
460,0.0777017549,0.842703158,2.99020269e-05,0.842703158,0,0.00311789827,0.042782622,9.93479126e-14,1.24845054e-05,13750,401,2985
461,0.564983904,0.898106241,8.83895637e-05,0.898106241,0,0.00346374003,0.0448202849,8.68079442e-13,7.83840328e-06,14200,401,914
462,0.841933906,1.00123977,7.5583772e-05,1.00123977,0,0.00395557098,0.0500540963,6.34767399e-13,5.26971042e-06,8900,401,1341
463,0.793121219,0.979869569,6.97020256e-05,0.979869569,0,0.00381933039,0.0489431539,5.39819152e-13,5.85159839e-06,11750,401,1666
464,0.459070385,0.871170164,7.22205911e-05,0.871170164,0,0.00327382196,0.043558625,5.79534865e-13,1.2041101e-05,3500,401,1553
465,0.053464435,0.844849217,9.31021359e-05,0.844849217,0,0.0032996479,0.042929153,9.63111967e-13,1.12832934e-05,18100,401,717
466,0.295269459,0.845057348,8.67602436e-05,0.845057348,0,0.00323823406,0.0424726793,8.36371096e-13,1.24677211e-05,17650,401,983
467,0.664627433,0.930018172,5.77677147e-05,0.930018172,0,0.00363493494,0.0463928604,3.70789874e-13,8.12852997e-06,14200,401,2129
468,0.973164678,1.06504343,7.70272617e-05,1.06504343,0,0.00479508187,0.0533909567,6.59244338e-13,4.99745288e-06,14800,401,1259
469,0.744728148,0.959986994,5.54279052e-05,0.959986994,0,0.00374878162,0.0479159879,3.41361408e-13,7.1484221e-06,14200,401,2219
470,0.124927647,0.839924094,9.76197762e-05,0.839924094,0,0.00302171261,0.0425515917,1.05884674e-12,1.07630021e-05,4200,401,681
471,0.695308268,0.941055328,5.07200965e-05,0.941055328,0,0.00368300112,0.0469494143,2.85836466e-13,8.01161838e-06,14200,401,2450
472,0.850816309,1.00526815,7.4725312e-05,1.00526815,0,0.00398338017,0.0502645486,6.2043025e-13,5.35764832e-06,7950,401,1415
473,0.510936081,0.883426431,8.81148502e-05,0.883426431,0,0.00335127582,0.044123439,8.62691869e-13,9.56945693e-06,3850,401,926
474,0.616977513,0.913993541,7.4819364e-05,0.913993541,0,0.00355739528,0.0455952849,6.21993025e-13,7.82896573e-06,14200,401,1409
475,0.906742275,1.03160644,5.0642311e-05,1.03160644,0,0.00426943303,0.051640439,2.84960407e-13,6.51565503e-06,11550,401,2455
476,0.0403929241,0.846209405,0.000144632584,0.846209405,0,0.00341991342,0.043017007,2.32428716e-12,9.79338027e-06,,401,122
477,0.304867208,0.846033849,7.8722794e-05,0.846033849,0,0.00324343664,0.0425053859,6.88586478e-13,1.30041741e-05,16950,401,1218
478,0.375568628,0.855389995,3.75364133e-05,0.855389995,0,0.00325926067,0.0428667917,1.56553591e-13,1.46320857e-05,14050,401,2895
479,0.270574301,0.842873999,0.000106790802,0.842873999,0,0.00322005218,0.0424067346,1.26714171e-12,1.08635107e-05,17650,401,606
480,0.356546342,0.852503086,4.18498575e-05,0.852503086,0,0.00325768852,0.0427489007,1.94601175e-13,1.46118041e-05,14800,401,2723
481,0.17214103,0.838990167,0.000137559354,0.838990167,0,0.00310527975,0.0424040591,2.10250845e-12,7.31315998e-06,15400,401,265
482,0.886157393,1.02171749,6.3011974e-05,1.02171749,0,0.0041316549,0.0511247246,4.41167652e-13,6.09979683e-06,1750,401,1927
483,0.263881564,0.842364514,0.00011180723,0.842364514,0,0.00321387499,0.0423933915,1.38898406e-12,1.03636436e-05,17650,401,563
484,0.98945421,1.07359661,0.000114057954,1.07359661,0,0.00494185263,0.0538402613,1.44546854e-12,3.36674725e-06,18050,401,543
485,0.629108071,0.917942048,7.04825507e-05,0.917942048,0,0.00357742912,0.0457905263,5.51976662e-13,7.92338076e-06,14200,401,1633
486,0.774480581,0.972055575,6.43329022e-05,0.972055575,0,0.00378387985,0.0485387266,4.59858034e-13,6.28864897e-06,14200,401,1877
487,0.387537569,0.857343435,3.89134124e-05,0.857343435,0,0.00325991539,0.042948646,1.68250407e-13,1.45649812e-05,13400,401,2812
488,0.966792047,1.06173505,6.50558008e-05,1.06173505,0,0.00473963564,0.0532173138,4.70250801e-13,5.33436286e-06,14800,401,1850
489,0.388802707,0.85755595,3.92974106e-05,0.85755595,0,0.00325998382,0.0429576371,1.71587386e-13,1.45239131e-05,13400,401,2799
490,0.172553226,0.838990082,0.000137785287,0.838990082,0,0.00310586426,0.0424032024,2.10942059e-12,7.2999314e-06,15400,401,262
491,0.740565598,0.958338232,5.43750947e-05,0.958338232,0,0.00374392014,0.0478312609,3.28516769e-13,7.22600792e-06,14200,401,2264
492,0.335818082,0.849664987,5.40297632e-05,0.849664987,0,0.00325426703,0.0426376554,3.24357257e-13,1.42289294e-05,16950,401,2281
493,0.310795873,0.846672553,7.37193382e-05,0.846672553,0,0.00324617501,0.0425275586,6.03837869e-13,1.32940012e-05,16950,401,1479
494,0.73312974,0.955417783,5.25414019e-05,0.955417783,0,0.00373496958,0.0476814241,3.06733213e-13,7.46985392e-06,14200,401,2349
495,0.412539065,0.861760493,4.8852536e-05,0.861760493,0,0.00326162974,0.0431385221,2.65174475e-13,1.3970306e-05,12300,401,2568
496,0.344144732,0.850766168,4.85051824e-05,0.850766168,0,0.00325593262,0.0426801699,2.61416968e-13,1.44472727e-05,16950,401,2575
497,0.897004724,1.0269006,5.68888319e-05,1.0269006,0,0.0042022905,0.0513949376,3.59593244e-13,6.32092822e-06,4700,401,2162
498,0.0595239922,0.844266869,7.22610641e-05,0.844266869,0,0.00324913209,0.0428905229,5.80184598e-13,1.17845819e-05,17750,401,1552
499,0.807052314,0.985835428,7.30244236e-05,0.985835428,0,0.00385464476,0.0492523741,5.92507383e-13,5.46896922e-06,11750,401,1513
500,0.106639557,0.840780635,6.86654966e-05,0.840780635,0,0.00299800627,0.0426338905,5.23883381e-13,1.19200188e-05,1850,401,1709
501,0.302708268,0.845808054,8.05703016e-05,0.845808054,0,0.00324235218,0.0424976873,7.21285945e-13,1.28954175e-05,16950,401,1170
502,0.126686096,0.839856441,9.99463582e-05,0.839856441,0,0.00302513085,0.042544363,1.10991939e-12,1.06940682e-05,5750,401,661
503,0.0385793783,0.846409326,0.000152440703,0.846409326,0,0.00343782141,0.0430296809,2.58201867e-12,9.49089592e-06,,401,116
504,0.896995962,1.02689626,5.67295172e-05,1.02689626,0,0.00420223096,0.0513947116,3.57582013e-13,6.39814417e-06,4700,401,2170
505,0.381505668,0.856345869,3.79248173e-05,0.856345869,0,0.00325959757,0.0429066591,1.59810196e-13,1.46196628e-05,13400,401,2860
506,0.837272406,0.999142566,7.58318969e-05,0.999142566,0,0.00394134731,0.0499446573,6.38941844e-13,5.21068986e-06,8900,401,1301
507,0.0853427872,0.842127857,3.18767507e-05,0.842127857,0,0.00307285836,0.042740779,1.12903026e-13,1.25280079e-05,10000,401,2971
508,0.272367448,0.843016455,0.000105374539,0.843016455,0,0.00322161291,0.0424106368,1.23375483e-12,1.09633344e-05,17650,401,617
509,0.167679772,0.839000045,0.000135789543,0.839000045,0,0.00309876142,0.0424138178,2.04875556e-12,7.59281874e-06,15400,401,297
510,0.364798725,0.853722583,3.90134206e-05,0.853722583,0,0.00325849164,0.0427982009,1.69116332e-13,1.46314564e-05,14800,401,2810
511,0.334828287,0.84953761,5.46938307e-05,0.84953761,0,0.00325404405,0.0426327982,3.32379457e-13,1.42106737e-05,16950,401,2250
512,0.918055773,1.03713744,4.30402037e-05,1.03713744,0,0.00435084474,0.0519292626,2.05828792e-13,6.54007312e-06,13400,401,2693
513,0.817782521,0.990503027,7.45904992e-05,0.990503027,0,0.00388427023,0.0494947752,6.1819362e-13,5.35038214e-06,11750,401,1425
514,0.583250463,0.903493915,8.48746597e-05,0.903493915,0,0.00349842264,0.0450810014,8.00411984e-13,7.6917479e-06,14200,401,1047
515,0.704021931,0.94429082,5.00654762e-05,0.94429082,0,0.00369588621,0.0471135773,2.78505768e-13,7.8731221e-06,14200,401,2510
516,0.540520072,0.891225336,9.0348755e-05,0.891225336,0,0.00341421435,0.0444909761,9.06988614e-13,8.38963768e-06,14200,401,759
517,0.247408807,0.841261486,0.000123000226,0.841261486,0,0.00319648897,0.0423688043,1.68100617e-12,9.12845139e-06,15400,401,457
518,0.136833027,0.839515311,0.000112248343,0.839515311,0,0.00304504789,0.0425052079,1.3999656e-12,9.92959255e-06,12900,401,558
519,0.0146055482,0.849308735,0.000270061712,0.849308735,0,0.00370302984,0.0432082443,8.10370315e-12,4.52584162e-06,,401,44
520,0.18223469,0.839028113,0.000140253074,0.839028113,0,0.00311890826,0.0423852129,2.1856583e-12,6.88868266e-06,15400,401,198
521,0.652808547,0.925915446,6.18270031e-05,0.925915446,0,0.00361589281,0.0461874043,4.24730923e-13,8.06813839e-06,14200,401,1975
522,0.360952348,0.853147858,4.01634257e-05,0.853147858,0,0.00325814999,0.0427748686,1.79233418e-13,1.46516659e-05,14800,401,2771
523,0.449662089,0.869144792,6.78124689e-05,0.869144792,0,0.00326940132,0.0434668256,5.10947883e-13,1.25640209e-05,5900,401,1743
524,0.92185539,1.03901021,4.0690856e-05,1.03901021,0,0.00437896092,0.0520271267,1.83971751e-13,6.66868676e-06,13400,401,2755
525,0.947745919,1.05197353,3.97969595e-05,1.05197353,0,0.00458036413,0.0527054906,1.75977554e-13,6.42429461e-06,14050,401,2782
526,0.07679528,0.842774683,3.0695571e-05,0.842774683,0,0.00312367036,0.0427877237,1.04690898e-13,1.25018349e-05,14200,401,2979
527,0.858891964,1.00896803,7.303394e-05,1.00896803,0,0.00400979698,0.0504580848,5.92661821e-13,5.51906148e-06,4350,401,1511
528,0.686427593,0.937803599,5.21193542e-05,0.937803599,0,0.00366944333,0.0467848808,3.01825231e-13,8.11310382e-06,14200,401,2369
529,0.171838492,0.83899042,0.000137456227,0.83899042,0,0.00310484499,0.0424046987,2.09935716e-12,7.37532038e-06,15400,401,268
530,0.332000166,0.849177631,5.67691497e-05,0.849177631,0,0.00325335965,0.0426191419,3.58081817e-13,1.40994337e-05,16950,401,2168
531,0.795074642,0.980699651,7.03197859e-05,0.980699651,0,0.00382396287,0.0489861448,5.49430254e-13,5.71897539e-06,11750,401,1641
532,0.470723122,0.873763974,7.69153863e-05,0.873763974,0,0.00328229831,0.0436769847,6.57330739e-13,1.15231e-05,1750,401,1264
533,0.105580151,0.840838741,6.68045514e-05,0.840838741,0,0.00299882337,0.0426389469,4.9587201e-13,1.19502002e-05,1850,401,1783
534,0.592282593,0.906236067,8.25385827e-05,0.906236067,0,0.00351480558,0.0452145703,7.56957515e-13,7.57115484e-06,14200,401,1117
535,0.971933544,1.06440276,7.46185463e-05,1.06440276,0,0.00478428743,0.0533573234,6.18658606e-13,5.07115364e-06,14800,401,1422
536,0.0998559147,0.841168909,5.63637525e-05,0.841168909,0,0.00301014916,0.0426666315,3.52985844e-13,1.21799358e-05,3450,401,2180
537,0.347495943,0.851224355,4.64394324e-05,0.851224355,0,0.00325647958,0.0426981165,2.39624542e-13,1.44671664e-05,16950,401,2616
538,0.81426847,0.988967556,7.42023128e-05,0.988967556,0,0.00387439704,0.0494149842,6.11775914e-13,5.49079043e-06,11750,401,1449
539,0.00707335165,0.850318144,0.000312752322,0.850318144,0,0.0037974369,0.0432685404,1.08682239e-11,2.34714852e-06,,401,22
540,0.958377182,1.05739854,5.16000533e-05,1.05739854,0,0.00466808408,0.0529898401,2.95840611e-13,5.8316679e-06,14050,401,2397
541,0.373227984,0.855020325,3.76069124e-05,0.855020325,0,0.00325910809,0.0428514769,1.57142207e-13,1.46773038e-05,14050,401,2883
542,0.944497287,1.05032769,3.76681674e-05,1.05032769,0,0.00455414609,0.0526192758,1.57654538e-13,6.44841506e-06,14050,401,2877
543,0.809135199,0.986736453,7.34701296e-05,0.986736453,0,0.00386027052,0.0492991325,5.99762215e-13,5.49683286e-06,11750,401,1489
544,0.10509254,0.840865903,6.58883656e-05,0.840865903,0,0.00299934628,0.0426412859,4.82364081e-13,1.19677682e-05,1850,401,1820
545,0.15728417,0.839086223,0.000130061421,0.839086223,0,0.00308229668,0.042439943,1.87955257e-12,8.32524429e-06,15400,401,379
546,0.406906366,0.860725889,4.61302311e-05,0.860725889,0,0.00326112901,0.043093527,2.36444247e-13,1.41217468e-05,12650,401,2623
547,0.4474231,0.868671994,6.67203931e-05,0.868671994,0,0.00326857121,0.0434454887,4.94623429e-13,1.26302139e-05,6600,401,1786
548,0.438143939,0.8667493,6.20431047e-05,0.8667493,0,0.00326580758,0.0433591125,4.27705205e-13,1.30600814e-05,8000,401,1962
549,0.789366663,0.978280444,6.88423536e-05,0.978280444,0,0.00381080989,0.0488608736,5.26585516e-13,5.84144597e-06,11750,401,1699
550,0.149517387,0.83920861,0.000124379189,0.83920861,0,0.00306884667,0.0424625678,1.71890919e-12,8.89042836e-06,15400,401,441
551,0.622197807,0.915681636,7.30664092e-05,0.915681636,0,0.00356606549,0.0456786437,5.93188905e-13,7.6959276e-06,14200,401,1508
552,0.410231173,0.861334009,4.77215131e-05,0.861334009,0,0.00326141543,0.0431199401,2.5303809e-13,1.40415073e-05,12350,401,2590
553,0.771922886,0.970998473,6.34398388e-05,0.970998473,0,0.00378035767,0.048484045,4.47179238e-13,6.40751936e-06,14200,401,1912
554,0.604783058,0.910115457,7.89079619e-05,0.910115457,0,0.00353673414,0.0454044568,6.91829606e-13,7.76067325e-06,14200,401,1214
555,0.540911794,0.891332528,9.04408277e-05,0.891332528,0,0.00341502543,0.0444960728,9.08838147e-13,8.38607298e-06,14200,401,741
556,0.681379259,0.935975693,5.31375429e-05,0.935975693,0,0.00366157107,0.0466925951,3.13733163e-13,8.10530136e-06,14200,401,2321
557,0.820909798,0.991875449,7.5029935e-05,0.991875449,0,0.00389317821,0.0495661348,6.25499017e-13,5.26646551e-06,11750,401,1392
558,0.836108863,0.99862105,7.57881764e-05,0.99862105,0,0.00393783968,0.0499174554,6.38205297e-13,5.28492915e-06,8900,401,1310
559,0.633143961,0.919275716,6.89994407e-05,0.919275716,0,0.00358402746,0.0458566748,5.28991425e-13,7.87281677e-06,14200,401,1695
560,0.363790512,0.853570787,3.91494776e-05,0.853570787,0,0.00325840458,0.0427920218,1.70297955e-13,1.46466469e-05,14800,401,2803
561,0.0850348622,0.84215009,3.16418044e-05,0.84215009,0,0.00307453888,0.0427424259,1.11244865e-13,1.25139143e-05,10000,401,2973
562,0.11494334,0.840357413,8.27438447e-05,0.840357413,0,0.00300389674,0.0425950755,7.60727092e-13,1.14663233e-05,3450,401,1113
563,0.424616724,0.864055718,5.50665234e-05,0.864055718,0,0.00326312455,0.0432393161,3.36924667e-13,1.35157186e-05,8000,401,2237
564,0.792292714,0.979518195,6.96545089e-05,0.979518195,0,0.00381739784,0.0489249588,5.39083401e-13,5.7693456e-06,11750,401,1667
565,0.9759745,1.06650902,8.2849884e-05,1.06650902,0,0.0048198886,0.0534679066,7.62678143e-13,4.73567957e-06,10900,401,1109
566,0.549488604,0.893703064,9.00847309e-05,0.893703064,0,0.00343275038,0.0446090494,9.01695416e-13,8.11247396e-06,14200,401,804
567,0.909611404,1.03300248,4.86761119e-05,1.03300248,0,0.00428975261,0.0517133105,2.63262652e-13,6.53613392e-06,12350,401,2571
568,0.0210642777,0.848480749,0.000235695698,0.848480749,0,0.00362633224,0.0431581352,6.1724958e-12,6.18877259e-06,,401,64
569,0.877992451,1.01785761,6.6931747e-05,1.01785761,0,0.00408466322,0.0509233655,4.97762085e-13,5.98242984e-06,1600,401,1779
570,0.111208461,0.840540757,7.66103757e-05,0.840540757,0,0.00299920304,0.0426123109,6.52127741e-13,1.16715966e-05,2000,401,1270
571,0.427842259,0.864686294,5.67791541e-05,0.864686294,0,0.00326365261,0.043267224,3.58208037e-13,1.34366105e-05,8000,401,2167
572,0.295594484,0.845089242,8.65189294e-05,0.845089242,0,0.00323843163,0.0424737221,8.31725016e-13,1.2467957e-05,17650,401,988
573,0.77921468,0.974021885,6.57272607e-05,0.974021885,0,0.00379116291,0.0486404661,4.80008089e-13,6.17636282e-06,11750,401,1825
574,0.695592403,0.94116017,5.07370212e-05,0.94116017,0,0.00368343178,0.0469547269,2.86027257e-13,8.01897866e-06,14200,401,2449
575,0.417572737,0.86270431,5.14343497e-05,0.86270431,0,0.00326217349,0.0431798133,2.93943592e-13,1.38141259e-05,8000,401,2404
576,0.93869102,1.04739986,3.57819825e-05,1.04739986,0,0.00450797006,0.0524659695,1.42261141e-13,6.47888998e-06,14050,401,2942
577,0.795527637,0.980892659,7.03377968e-05,0.980892659,0,0.00382505251,0.0489961422,5.49711739e-13,5.73368808e-06,11750,401,1640
578,0.559538066,0.896541089,8.91503797e-05,0.896541089,0,0.00345300514,0.0447450006,8.830878e-13,8.01872077e-06,14200,401,872
579,0.0101296082,0.84990289,0.000295115998,0.84990289,0,0.00375848204,0.043243834,9.67705027e-12,3.28780715e-06,,401,31
580,0.35077861,0.851680958,4.45620372e-05,0.851680958,0,0.00325696728,0.0427161342,2.20641684e-13,1.4554995e-05,16800,401,2658
581,0.704779923,0.944574282,4.99494925e-05,0.944574282,0,0.00369697306,0.0471279814,2.77216867e-13,7.90176255e-06,14200,401,2536
582,0.0409717485,0.846146132,0.000142178272,0.846146132,0,0.00341425542,0.0430129848,2.24607346e-12,9.8675756e-06,,401,123
583,0.0551393665,0.844685272,8.71021959e-05,0.844685272,0,0.00328535121,0.0429183463,8.42976948e-13,1.14353359e-05,18100,401,966
584,0.726421356,0.952810071,5.1491611e-05,0.952810071,0,0.00372654162,0.0475479035,2.94598444e-13,7.54397449e-06,14200,401,2402
585,0.628068149,0.917599864,7.08371316e-05,0.917599864,0,0.00357573508,0.0457735703,5.57544356e-13,7.8015518e-06,14200,401,1616
586,0.610470474,0.911912716,7.71261536e-05,0.911912716,0,0.0035464486,0.045492774,6.60938175e-13,7.69264677e-06,14200,401,1258
587,0.198623136,0.839266623,0.000141175536,0.839266623,0,0.0031385617,0.0423640543,2.21450354e-12,6.62697993e-06,15400,401,152
588,0.598638773,0.908196517,8.07402833e-05,0.908196517,0,0.00352606032,0.0453103986,7.24332594e-13,7.72301464e-06,14200,401,1167
589,0.687892318,0.938336703,5.18354921e-05,0.938336703,0,0.00367171087,0.0468118235,2.98546471e-13,8.00419288e-06,14200,401,2386
590,0.612024128,0.912407134,7.65401046e-05,0.912407134,0,0.00354907567,0.045517107,6.50931956e-13,7.72863581e-06,14200,401,1273
591,0.945509136,1.05083973,3.83667255e-05,1.05083973,0,0.00456228209,0.0526460965,1.63556181e-13,6.30896786e-06,14050,401,2836
592,0.97270149,1.06480223,7.62689017e-05,1.06480223,0,0.00479101831,0.0533782943,6.46327263e-13,4.99986664e-06,14800,401,1278
593,0.745513439,0.960299047,5.55490152e-05,0.960299047,0,0.00374967792,0.047932035,3.42854788e-13,7.13430779e-06,14200,401,2214
594,0.666748285,0.93076302,5.71310447e-05,0.93076302,0,0.00363833427,0.0464302463,3.62661808e-13,8.02635043e-06,14200,401,2153
595,0.00217162422,0.851000224,0.000342100842,0.851000224,0,0.00386176873,0.0433088423,1.30036651e-11,7.40883097e-07,,401,7
596,0.903763771,1.03016182,5.25549907e-05,1.03016182,0,0.00424859288,0.0515650507,3.06891895e-13,6.48340966e-06,11550,401,2347
597,0.519227624,0.885554067,8.94110702e-05,0.885554067,0,0.00336901943,0.0442230576,8.88259941e-13,9.13908189e-06,6100,401,859
598,0.150703385,0.839186652,0.000125363345,0.839186652,0,0.00307095464,0.0424589389,1.7462187e-12,8.78408111e-06,15400,401,432
599,0.229911432,0.840326186,0.000132411757,0.840326186,0,0.00317553453,0.0423554777,1.94809705e-12,7.89792168e-06,15400,401,347
600,0.735331297,0.956279234,5.32106028e-05,0.956279234,0,0.00373766616,0.0477255883,3.14596472e-13,7.36024155e-06,14200,401,2318
601,0.147092938,0.839257001,0.000122375489,0.839257001,0,0.00306445242,0.0424701742,1.66397336e-12,9.09733304e-06,15400,401,462
602,0.357441127,0.85263287,4.13850532e-05,0.85263287,0,0.00325778977,0.0427541091,1.90302514e-13,1.46150516e-05,14800,401,2736
603,0.982114375,1.06972555,9.63091205e-05,1.06972555,0,0.00487482136,0.0536368451,1.03060519e-12,4.17493974e-06,18050,401,692
604,0.847104192,1.00357921,7.50882051e-05,1.00357921,0,0.00397162724,0.0501762785,6.26470949e-13,5.42706109e-06,8800,401,1386
605,0.309804589,0.846563945,7.45592403e-05,0.846563945,0,0.00324573796,0.0425237506,6.1767559e-13,1.32379396e-05,16950,401,1426
606,0.135628238,0.839551394,0.000111060877,0.839551394,0,0.00304270297,0.0425096248,1.37050203e-12,1.00055346e-05,12900,401,571
607,0.67177695,0.932540373,5.54716836e-05,0.932540373,0,0.00364637327,0.0465195599,3.41900853e-13,8.14061925e-06,14200,401,2217
608,0.936664462,1.04638153,3.55395287e-05,1.04638153,0,0.00449205679,0.0524126675,1.40339789e-13,6.57578502e-06,14050,401,2955
609,0.276272386,0.843335404,0.000102336632,0.843335404,0,0.00322489211,0.0424196128,1.16364291e-12,1.12748469e-05,17650,401,642
610,0.0421930403,0.846013644,0.000137045016,0.846013644,0,0.00340243268,0.0430045414,2.08681517e-12,1.0036481e-05,,401,276
611,0.451207221,0.869473214,6.85549557e-05,0.869473214,0,0.00327002051,0.043481669,5.22197995e-13,1.25005512e-05,5600,401,1711
612,0.735626996,0.956395013,5.31544874e-05,0.956395013,0,0.00373801872,0.0477315274,3.13933281e-13,7.38670202e-06,14200,401,2320
613,0.258191019,0.84195925,0.000115865371,0.84195925,0,0.0032082068,0.0423835755,1.49164269e-12,9.96379543e-06,17650,401,526
614,0.34379214,0.850718424,4.87329668e-05,0.850718424,0,0.00325586752,0.0426783066,2.63878006e-13,1.44096073e-05,16950,401,2569
615,0.798540831,0.98217775,7.12027317e-05,0.98217775,0,0.00383249259,0.0490627209,5.63314333e-13,5.62201782e-06,11750,401,1602
616,0.460763842,0.871541402,7.29934172e-05,0.871541402,0,0.00327481074,0.043575515,5.92004328e-13,1.19736446e-05,3500,401,1514
617,0.727256358,0.953133165,5.1430632e-05,0.953133165,0,0.00372760898,0.0475644332,2.93901101e-13,7.60103622e-06,14200,401,2405
618,0.918952048,1.03757824,4.24070293e-05,1.03757824,0,0.00435744667,0.0519522949,1.99817348e-13,6.63717302e-06,13400,401,2709
619,0.729417026,0.953971523,5.19135177e-05,0.953971523,0,0.00373034574,0.0476073405,2.99445925e-13,7.48903547e-06,14200,401,2382
620,0.808777094,0.986581312,7.32118271e-05,0.986581312,0,0.00385929682,0.0492910811,5.95552404e-13,5.43572762e-06,11750,401,1506
621,0.0341902114,0.846904459,0.000171977709,0.846904459,0,0.0034824102,0.0430608414,3.28625917e-12,8.79533729e-06,,401,103
622,0.34528774,0.850921516,4.77208239e-05,0.850921516,0,0.00325612816,0.0426862386,2.53030782e-13,1.44404829e-05,16950,401,2591
623,0.217778772,0.839821595,0.000137234401,0.839821595,0,0.00316072325,0.0423538923,2.09258675e-12,7.21089452e-06,15400,401,272
624,0.815750003,0.989614164,7.44464552e-05,0.989614164,0,0.00387854666,0.0494485786,6.15808299e-13,5.40041655e-06,11750,401,1435
625,0.545278668,0.892533479,9.02548071e-05,0.892533479,0,0.00342409145,0.0445532404,9.05103356e-13,8.21413694e-06,14200,401,782
626,0.880436897,1.01900929,6.57900898e-05,1.01900929,0,0.0040976731,0.050983496,4.80926212e-13,6.02351923e-06,1650,401,1823
627,0.397881448,0.859115943,4.21266823e-05,0.859115943,0,0.003260497,0.0430241168,1.97184152e-13,1.43450677e-05,13400,401,2716
628,0.0176949613,0.848908368,0.000253417982,0.848908368,0,0.00366585587,0.043184092,7.13563038e-12,5.36877113e-06,,401,54
629,0.0864161551,0.842050931,3.32146524e-05,0.842050931,0,0.00306710004,0.0427350627,1.22579237e-13,1.25051856e-05,10000,401,2966
630,0.0152420895,0.849225612,0.000266640911,0.849225612,0,0.00369529675,0.0432032414,7.8997084e-12,4.7149479e-06,,401,46
631,0.54835397,0.893386717,9.00355534e-05,0.893386717,0,0.00343042375,0.0445939416,9.00711209e-13,8.27495097e-06,14200,401,806
632,0.0453249216,0.845679554,0.000124152209,0.845679554,0,0.00337271887,0.0429831367,1.71264121e-12,1.04325203e-05,18100,401,445
633,0.66827172,0.931299997,5.65383837e-05,0.931299997,0,0.00364077914,0.0464572145,3.55176536e-13,8.14287557e-06,14200,401,2177
634,0.651586056,0.925495827,6.22477246e-05,0.925495827,0,0.00361391899,0.0461664363,4.30531024e-13,7.9703083e-06,14200,401,1957
635,0.794422626,0.980422245,7.02008491e-05,0.980422245,0,0.0038224059,0.0489717771,5.47573246e-13,5.77500807e-06,11750,401,1646
636,0.427491277,0.864617247,5.66615675e-05,0.864617247,0,0.00326359295,0.0432641636,3.56725914e-13,1.34377385e-05,8000,401,2173
637,0.543178558,0.891954303,9.03768006e-05,0.891954303,0,0.00341974849,0.0445256527,9.07551787e-13,8.32465719e-06,14200,401,752
638,0.279592484,0.84361606,9.9703956e-05,0.84361606,0,0.00322753252,0.0424277663,1.10454209e-12,1.14915167e-05,17650,401,664
639,0.467747837,0.873092787,7.58059553e-05,0.873092787,0,0.00327972968,0.0436462829,6.38504761e-13,1.16833876e-05,1800,401,1305
640,0.0712943003,0.843222921,3.94853667e-05,0.843222921,0,0.00316054501,0.0428192921,1.73232687e-13,1.23663303e-05,14500,401,2792
641,0.409917563,0.861276158,4.76201858e-05,0.861276158,0,0.00326139155,0.0431174218,2.51964678e-13,1.40333051e-05,12650,401,2593
642,0.209397882,0.839542273,0.00013959269,0.839542273,0,0.00315086773,0.0423564272,2.16512433e-12,6.82548401e-06,15400,401,220
643,0.403516322,0.860114321,4.44891979e-05,0.860114321,0,0.00326087382,0.0430670707,2.1992097e-13,1.42397018e-05,13150,401,2660
644,0.993041039,1.07549873,0.000123177123,1.07549873,0,0.00497514413,0.0539402531,1.68584485e-12,3.0240439e-06,18050,401,454
645,0.568466127,0.899116786,8.78244557e-05,0.899116786,0,0.00347051427,0.0448690046,8.57015002e-13,7.80103431e-06,14200,401,937
646,0.739403486,0.957879768,5.40618405e-05,0.957879768,0,0.0037425583,0.0478077181,3.24742511e-13,7.25897258e-06,14200,401,2279
647,0.267270863,0.842618135,0.000109324217,0.842618135,0,0.00321707376,0.0423999076,1.32797605e-12,1.06038043e-05,17650,401,585
648,0.904227912,1.03038645,5.23074064e-05,1.03038645,0,0.00425181105,0.0515767728,3.04007196e-13,6.42404452e-06,11550,401,2361
649,0.089207761,0.841855456,3.73110266e-05,0.841855456,0,0.00305281926,0.0427203839,1.54679189e-13,1.24689341e-05,8900,401,2904
650,0.65950191,0.928228557,5.95009323e-05,0.928228557,0,0.00362669672,0.046303141,3.93373439e-13,8.00583966e-06,14200,401,2061
651,0.304509163,0.845996108,7.90304859e-05,0.845996108,0,0.00324325965,0.0425040932,6.93979744e-13,1.29845501e-05,16950,401,1213
652,0.665725827,0.930403522,5.73462903e-05,0.930403522,0,0.00363669236,0.0464121994,3.65399667e-13,8.08246841e-06,14200,401,2144
653,0.253275603,0.841629724,0.00011908533,0.841629724,0,0.00320301098,0.0423762198,1.57570177e-12,9.5683794e-06,17650,401,495
654,0.553049505,0.894701028,8.97322294e-05,0.894701028,0,0.00343998874,0.0446567711,8.94652556e-13,8.10028635e-06,14200,401,832
655,0.997036994,1.07762556,0.000133903203,1.07762556,0,0.00501264311,0.0540520858,1.99222975e-12,2.41445751e-06,18050,401,325
656,0.798308134,0.982078405,7.09935018e-05,0.982078405,0,0.00383191044,0.0490575731,5.60008589e-13,5.70579577e-06,11750,401,1609
657,0.287663549,0.844334077,9.31408452e-05,0.844334077,0,0.003233398,0.042449563,9.63913005e-13,1.20032225e-05,17650,401,716
658,0.619235754,0.914721613,7.41196954e-05,0.914721613,0,0.00356115737,0.045631216,6.10414361e-13,7.77891787e-06,14200,401,1456
659,0.577866435,0.901883768,8.6042229e-05,0.901883768,0,0.00348841355,0.0450028389,8.22585019e-13,7.66774536e-06,14200,401,1007
660,0.300343186,0.84556465,8.24754598e-05,0.84556465,0,0.00324110643,0.0424894745,7.55800163e-13,1.27534069e-05,16950,401,1121
661,0.595642865,0.907269227,8.1654913e-05,0.907269227,0,0.00352079265,0.0452650377,7.4083609e-13,7.66931864e-06,14200,401,1141
662,0.176406235,0.838996009,0.000138882791,0.838996009,0,0.00311121712,0.0423955499,2.14315884e-12,7.14825996e-06,15400,401,234
663,0.606841505,0.91076365,7.82255674e-05,0.91076365,0,0.0035402652,0.0454362849,6.79915488e-13,7.77041495e-06,14200,401,1231
664,0.807956696,0.986226146,7.32474096e-05,0.986226146,0,0.00385708106,0.0492726489,5.96131447e-13,5.38548787e-06,11750,401,1503
665,0.935877979,1.04598742,3.55289441e-05,1.04598742,0,0.00448590851,0.0523920409,1.40256208e-13,6.61586792e-06,14050,401,2956
666,0.201539695,0.839331944,0.000140918894,0.839331944,0,0.00314188403,0.0423615009,2.20645942e-12,6.64375047e-06,15400,401,168
667,0.185918808,0.839062704,0.000140825914,0.839062704,0,0.00312354091,0.0423794424,2.20354866e-12,6.79448463e-06,15400,401,175
668,0.240901873,0.84088514,0.000126846343,0.84088514,0,0.00318891127,0.0423623153,1.78777719e-12,8.62173335e-06,15400,401,416
669,0.625860035,0.916875911,7.16870071e-05,0.916875911,0,0.0035721093,0.045737719,5.71002998e-13,7.81959288e-06,14200,401,1577
670,0.827679217,0.994864358,7.56406441e-05,0.994864358,0,0.00391278471,0.0497216834,6.35723005e-13,5.23414433e-06,11750,401,1335
671,0.551513731,0.89426978,8.98483292e-05,0.89426978,0,0.00343687242,0.044636138,8.96969141e-13,8.08082295e-06,14200,401,824
672,0.163016617,0.83902774,0.000133500477,0.83902774,0,0.00309159741,0.0424249489,1.98026416e-12,7.88839008e-06,15400,401,332
673,0.31332317,0.846953156,7.16166274e-05,0.846953156,0,0.00324723485,0.0425374736,5.6988237e-13,1.33926411e-05,16950,401,1580
674,0.542977989,0.89189919,9.02622833e-05,0.89189919,0,0.00341932752,0.0445230298,9.05253311e-13,8.3248851e-06,14200,401,780
675,0.99032408,1.07405738,0.0001162128,1.07405738,0,0.004949892,0.0538644807,1.50060164e-12,3.35324189e-06,18050,401,523
676,0.120444685,0.84010845,9.11997426e-05,0.84010845,0,0.00301322523,0.0425706193,9.24154784e-13,1.11098593e-05,3850,401,732
677,0.590926588,0.905821055,8.29313577e-05,0.905821055,0,0.00351237912,0.0451943188,7.64178899e-13,7.61077139e-06,14200,401,1105
678,0.932141185,1.04411778,3.61483567e-05,1.04411778,0,0.00445691297,0.0522942105,1.45189299e-13,6.50813481e-06,13400,401,2927
679,0.425401539,0.864208394,5.54213289e-05,0.864208394,0,0.00326324855,0.0432460648,3.41280411e-13,1.35259424e-05,8000,401,2220
680,0.76788938,0.969339306,6.20937703e-05,0.969339306,0,0.00377522048,0.0483982528,4.28404034e-13,6.59491191e-06,14200,401,1961
681,0.839584768,1.00018158,7.55796477e-05,1.00018158,0,0.00394838108,0.0499988653,6.34698127e-13,5.36067327e-06,8900,401,1342
682,0.810091555,0.987151105,7.37367396e-05,0.987151105,0,0.00386287125,0.0493206555,6.04122974e-13,5.36538381e-06,11750,401,1478
683,0.705508053,0.94484715,4.9951849e-05,0.94484715,0,0.00369803204,0.0471418492,2.77243025e-13,7.93797985e-06,14200,401,2534
684,0.214950264,0.839720892,0.000138063259,0.839720892,0,0.00315735536,0.0423544125,2.11794039e-12,7.08134531e-06,15400,401,255
685,0.732304156,0.955095533,5.24901731e-05,0.955095533,0,0.00373395183,0.0476649102,3.06135364e-13,7.41843841e-06,14200,401,2352
686,0.915420949,1.0358431,4.46148356e-05,1.0358431,0,0.00433158103,0.0518616459,2.2116484e-13,6.6931829e-06,13400,401,2657
687,0.552379847,0.894512708,8.97829602e-05,0.894512708,0,0.00343863252,0.0446477584,8.95664438e-13,8.1288761e-06,14200,401,827
688,0.600369871,0.908734749,8.03418686e-05,0.908734749,0,0.00352908904,0.0453367549,7.17201761e-13,7.61240837e-06,14200,401,1177
689,0.0964966342,0.841375345,5.01084399e-05,0.841375345,0,0.0030212244,0.0426832289,2.78983972e-13,1.22960193e-05,4350,401,2503
690,0.874282181,1.01611549,6.81935569e-05,1.01611549,0,0.00406715403,0.0508322805,5.16706801e-13,5.76042267e-06,1550,401,1725
691,0.22425811,0.840076388,0.000134842731,0.840076388,0,0.00316858308,0.0423539661,2.02028469e-12,7.53029831e-06,15400,401,314
692,0.282515496,0.843870191,9.73260317e-05,0.843870191,0,0.00322974176,0.0424353353,1.05248405e-12,1.16816875e-05,17650,401,683
693,0.380049378,0.85610896,3.77316027e-05,0.85610896,0,0.00325951962,0.0428967435,1.58185983e-13,1.45960019e-05,14050,401,2873
694,0.962116599,1.05932122,5.70840521e-05,1.05932122,0,0.00469964731,0.0530906737,3.62065446e-13,5.70925812e-06,14800,401,2156
695,0.362908602,0.853438782,3.95481766e-05,0.853438782,0,0.00325833327,0.0427866578,1.73784252e-13,1.46633214e-05,14800,401,2788
696,0.985747993,1.07163852,0.000104997935,1.07163852,0,0.00490782044,0.0537373541,1.22495182e-12,3.69037708e-06,18050,401,622
697,0.658521533,0.927888067,5.9790939e-05,0.927888067,0,0.00362511122,0.0462860892,3.97217376e-13,8.07603757e-06,14200,401,2051
698,0.897339106,1.02706124,5.6621591e-05,1.02706124,0,0.00420454915,0.0514033149,3.5622273e-13,6.23600896e-06,4700,401,2175
699,0.394857079,0.858589592,4.10988512e-05,0.858589592,0,0.00326031612,0.0430015966,1.87679508e-13,1.43957386e-05,13400,401,2743
700,0.99338758,1.07568257,0.000124109427,1.07568257,0,0.00497837891,0.0539499195,1.7114611e-12,2.93497177e-06,18050,401,446
701,0.195995152,0.839213646,0.000141249823,0.839213646,0,0.00313553405,0.0423666646,2.21683472e-12,6.64991873e-06,15400,401,143
702,0.349760592,0.85153851,4.50584314e-05,0.85153851,0,0.00325681662,0.0427104988,2.25584693e-13,1.45255692e-05,16800,401,2649
703,0.322867185,0.848056619,6.38410236e-05,0.848056619,0,0.00325072558,0.0425773537,4.52852922e-13,1.38311864e-05,16950,401,1899
704,0.820500314,0.991695407,7.50262564e-05,0.991695407,0,0.00389199939,0.049556771,6.25437683e-13,5.34549475e-06,11750,401,1393
705,0.0359337255,0.84670585,0.00016409714,0.84670585,0,0.0034644869,0.0430483796,2.99198572e-12,9.10853573e-06,,401,108
706,0.336356819,0.849734611,5.35539861e-05,0.849734611,0,0.0032543907,0.0426403152,3.18669936e-13,1.42592026e-05,16950,401,2300
707,0.17593345,0.83899466,0.000138752319,0.83899466,0,0.00311057572,0.0423964551,2.13913401e-12,7.16095597e-06,15400,401,240
708,0.684812784,0.937217267,5.23992553e-05,0.937217267,0,0.00366693607,0.046755262,3.05075773e-13,8.04147273e-06,14200,401,2356
709,0.747467577,0.961077166,5.6072531e-05,0.961077166,0,0.00375191482,0.0479720634,3.49347637e-13,7.08885954e-06,14200,401,2195
710,0.316047192,0.847261011,6.94181694e-05,0.847261011,0,0.00324831576,0.0425484611,5.3543136e-13,1.35494903e-05,16950,401,1676
711,0.388177782,0.857450749,3.91131107e-05,0.857450749,0,0.00325995019,0.0429531839,1.69981714e-13,1.45035216e-05,13400,401,2807
712,0.284390032,0.84403677,9.57996569e-05,0.84403677,0,0.00323110976,0.0424403866,1.01973047e-12,1.17718087e-05,17650,401,696
713,0.0628253669,0.843962582,6.17731407e-05,0.843962582,0,0.00322300135,0.0428700442,4.23991213e-13,1.19738014e-05,17750,401,1977
714,0.584014535,0.903723997,8.46385812e-05,0.903723997,0,0.00349982359,0.045092187,7.95965491e-13,7.59500282e-06,14200,401,1053
715,0.486094475,0.877327949,8.24983098e-05,0.877327949,0,0.00330199056,0.0438406693,7.56219013e-13,1.06863707e-05,1800,401,1120
716,0.271362633,0.842936334,0.000106141886,0.842936334,0,0.00322075165,0.0424084332,1.25178889e-12,1.08891537e-05,17650,401,612
717,0.710685909,0.946795233,5.00319507e-05,0.946795233,0,0.00370539869,0.04724095,2.78132899e-13,7.85232499e-06,14200,401,2516
718,0.266065925,0.842526935,0.000110200955,0.842526935,0,0.00321594809,0.0423975341,1.34936117e-12,1.05599187e-05,17650,401,577
719,0.19262588,0.839153965,0.000141307328,0.839153965,0,0.00313161397,0.0423704481,2.21864009e-12,6.63175802e-06,15400,401,135
720,0.213291854,0.839665003,0.000138612156,0.839665003,0,0.00315540046,0.0423548811,2.13481442e-12,6.96066654e-06,15400,401,243
721,0.241127923,0.840897585,0.000126660701,0.840897585,0,0.00318917665,0.0423625075,1.78254813e-12,8.65692972e-06,15400,401,418
722,0.331909597,0.849166248,5.68640826e-05,0.849166248,0,0.0032533358,0.042618712,3.59280433e-13,1.41124106e-05,16950,401,2163
723,0.191871613,0.839141909,0.000141364204,0.839141909,0,0.00313072439,0.0423713644,2.22042647e-12,6.66130793e-06,15400,401,126
724,0.861942053,1.01037441,7.2408556e-05,1.01037441,0,0.00402018675,0.0505317006,5.82555442e-13,5.50952163e-06,1550,401,1543
725,0.0524126105,0.844953435,9.68567205e-05,0.844953435,0,0.00330875273,0.0429359954,1.04235826e-12,1.11768413e-05,18100,401,688
726,0.757381856,0.965058828,5.90893673e-05,0.965058828,0,0.00376307695,0.0481772018,3.87950369e-13,6.76882359e-06,14200,401,2076
727,0.184955731,0.839052483,0.000140719792,0.839052483,0,0.00312234826,0.0423808884,2.20022886e-12,6.78408684e-06,15400,401,180
728,0.582494378,0.903266819,8.51212921e-05,0.903266819,0,0.00349702163,0.0450699652,8.05070486e-13,7.59625307e-06,14200,401,1038
729,0.131534994,0.839682773,0.000106183119,0.839682773,0,0.00303466821,0.0425250969,1.25276165e-12,1.03227095e-05,12900,401,611
730,0.921403348,1.03878675,4.10083374e-05,1.03878675,0,0.00437559852,0.0520154488,1.86853749e-13,6.59913369e-06,13400,401,2747
731,0.0251783356,0.847971332,0.000214822347,0.847971332,0,0.00357950629,0.0431269831,5.12762677e-12,7.09756934e-06,,401,76
732,0.618756413,0.91456685,7.41461417e-05,0.91456685,0,0.00356035337,0.045623576,6.10850037e-13,7.77759362e-06,14200,401,1454
733,0.414477974,0.862122036,4.98040055e-05,0.862122036,0,0.00326182783,0.043154314,2.75604329e-13,1.39165582e-05,11650,401,2547
734,0.437007248,0.86651811,6.15013116e-05,0.86651811,0,0.00326553318,0.0433487728,4.20267925e-13,1.30899667e-05,8000,401,1986
735,0.984860122,1.07117052,0.000102859328,1.07117052,0,0.00489972043,0.053712763,1.17556015e-12,3.81263784e-06,18050,401,639
736,0.0133374427,0.849475393,0.000277034709,0.849475393,0,0.00371854867,0.0432182564,8.52758114e-12,4.19712033e-06,,401,41
737,0.346528172,0.851091144,4.69769411e-05,0.851091144,0,0.00325632641,0.0426928837,2.45203666e-13,1.44560933e-05,16950,401,2606
738,0.358939111,0.852851529,4.08472331e-05,0.852851529,0,0.00325794844,0.0427629067,1.85388495e-13,1.4648968e-05,14800,401,2750
739,0.158072636,0.839076583,0.000130643198,0.839076583,0,0.00308361002,0.042437795,1.89640503e-12,8.27243688e-06,15400,401,370
740,0.645576119,0.923446273,6.44449299e-05,0.923446273,0,0.00360420202,0.0460641483,4.61460999e-13,7.9301767e-06,14200,401,1875
741,0.154811412,0.839119816,0.000128413929,0.839119816,0,0.00307811405,0.0424468591,1.83223747e-12,8.47190652e-06,15400,401,399
742,0.976451337,1.0667578,8.3706766e-05,1.0667578,0,0.0048241102,0.0534809715,7.78535853e-13,4.80126212e-06,10900,401,1083
743,0.816933453,0.990131516,7.45485783e-05,0.990131516,0,0.00388188235,0.0494754642,6.17498947e-13,5.36909315e-06,11750,401,1427
744,0.348655194,0.851384579,4.5717754e-05,0.851384579,0,0.00325665544,0.0427044231,2.32234781e-13,1.4520359e-05,16950,401,2630
745,0.530671,0.888565006,9.02694367e-05,0.888565006,0,0.0033934671,0.0443648794,9.05396801e-13,8.68395725e-06,8800,401,777
746,0.6170609,0.91402035,7.48073381e-05,0.91402035,0,0.00355753077,0.0455966077,6.21793092e-13,7.78290722e-06,14200,401,1411
747,0.974292099,1.06563101,7.95330142e-05,1.06563101,0,0.00480501253,0.0534218057,7.02833372e-13,4.8884309e-06,10900,401,1199
748,0.828717351,0.995324909,7.57346592e-05,0.995324909,0,0.00391583609,0.0497456683,6.3730429e-13,5.17440051e-06,11600,401,1320
749,0.132247284,0.83965895,0.000106978775,0.83965895,0,0.00303606914,0.042522354,1.27160648e-12,1.02463661e-05,12900,401,604
750,0.0215842389,0.848415566,0.00023302012,0.848415566,0,0.00362032798,0.0431541637,6.03315294e-12,6.29332966e-06,,401,65
751,0.239742458,0.840821718,0.000127382196,0.840821718,0,0.00318752734,0.0423613549,1.80291378e-12,8.53871813e-06,15400,401,410
752,0.122414209,0.840025477,9.41510366e-05,0.840025477,0,0.00301689462,0.0425621596,9.849353e-13,1.09393143e-05,4200,401,709
753,0.854051352,1.00674591,7.41921454e-05,1.00674591,0,0.00399380927,0.0503418227,6.1160827e-13,5.46888906e-06,6600,401,1450
754,0.667954445,0.931188172,5.67545306e-05,0.931188172,0,0.0036402671,0.0464515974,3.57897415e-13,8.0763342e-06,14200,401,2169
755,0.593084157,0.906481922,8.23386945e-05,0.906481922,0,0.00351624069,0.0452265727,7.53295623e-13,7.62247364e-06,14200,401,1123
756,0.754176736,0.963765577,5.8023767e-05,0.963765577,0,0.00375948061,0.0481105173,3.74084171e-13,6.88394741e-06,14200,401,2118
757,0.0895580426,0.84183131,3.78100339e-05,0.84183131,0,0.00305110952,0.0427185562,1.58844296e-13,1.24784293e-05,8900,401,2868
758,0.701755226,0.943445062,5.00777017e-05,0.943445062,0,0.00369257672,0.0470706218,2.78641801e-13,8.00983481e-06,14200,401,2507
759,0.647051632,0.923947419,6.38872424e-05,0.923947419,0,0.00360659769,0.0460891394,4.5350886e-13,7.98937763e-06,14200,401,1895
760,0.522225857,0.886334489,8.96475716e-05,0.886334489,0,0.00337545135,0.0442597224,8.92965233e-13,9.01159771e-06,6300,401,842
761,0.215948403,0.839755641,0.000137817247,0.839755641,0,0.00315853833,0.0423541881,2.11039929e-12,7.13905053e-06,15400,401,260
762,0.883336127,1.02037961,6.44681617e-05,1.02037961,0,0.00411441585,0.0510549752,4.61793764e-13,6.17933846e-06,1700,401,1874
763,0.842693627,1.00158239,7.55657855e-05,1.00158239,0,0.00395790366,0.0500719842,6.34465326e-13,5.32329126e-06,8800,401,1343
764,0.437570065,0.866632606,6.18232859e-05,0.866632606,0,0.0032656723,0.0433538928,4.24679853e-13,1.30896318e-05,8000,401,1976
765,0.366395205,0.853964351,3.86139499e-05,0.853964351,0,0.00325862371,0.0428080655,1.65670792e-13,1.46734629e-05,14050,401,2825
766,0.609303415,0.911542128,7.74250169e-05,0.911542128,0,0.00354447362,0.0454745459,6.66070359e-13,7.74988799e-06,14200,401,1251
767,0.134695813,0.839580115,0.000109901227,0.839580115,0,0.00304087881,0.0425130862,1.34203108e-12,1.00849033e-05,12900,401,578
768,0.578075111,0.901946082,8.59611714e-05,0.901946082,0,0.00348880414,0.0450058603,8.21035887e-13,7.71203618e-06,14200,401,1011
769,0.209267706,0.83953843,0.000139518633,0.83953843,0,0.00315072496,0.0423564914,2.16282767e-12,6.80950028e-06,15400,401,221
770,0.885234773,1.02127949,6.35205763e-05,1.02127949,0,0.00412593805,0.0511018913,4.48318179e-13,6.04067568e-06,1750,401,1910
771,0.472468138,0.874160387,7.76637032e-05,0.874160387,0,0.0032839642,0.0436951389,6.70183421e-13,1.14682902e-05,1750,401,1245
772,0.894548059,1.02572108,5.84550598e-05,1.02572108,0,0.00418585031,0.0513334331,3.79666002e-13,6.27391721e-06,3850,401,2102
773,0.417087913,0.862612692,5.11707834e-05,0.862612692,0,0.003262115,0.0431757958,2.90938785e-13,1.38369215e-05,11650,401,2423
774,0.202802539,0.839362293,0.000140634461,0.839362293,0,0.00314332513,0.0423605048,2.1975613e-12,6.6721546e-06,15400,401,183
775,0.102930993,0.840988135,6.20368293e-05,0.840988135,0,0.00300270373,0.0426516769,4.27618687e-13,1.20590085e-05,1950,401,1964
776,0.88446331,1.0209138,6.38886105e-05,1.0209138,0,0.00412121912,0.0510828262,4.53528283e-13,6.09343813e-06,1700,401,1894
777,0.131328642,0.839689826,0.00010586493,0.839689826,0,0.0030342621,0.0425258988,1.24526483e-12,1.03255008e-05,12900,401,614
778,0.750629425,0.962340999,5.68483655e-05,0.962340999,0,0.00375550304,0.0480371212,3.59081851e-13,7.019449e-06,14200,401,2165
779,0.557946265,0.896087265,8.93433513e-05,0.896087265,0,0.0034498348,0.044723212,8.86914937e-13,7.88801728e-06,14200,401,860
780,0.675548792,0.933883188,5.46810348e-05,0.933883188,0,0.003652377,0.0465871334,3.32223952e-13,8.00117945e-06,14200,401,2252
781,0.197329357,0.839239756,0.000141239809,0.839239756,0,0.00313707282,0.0423652981,2.21652041e-12,6.62977693e-06,15400,401,145
782,0.693690002,0.940459096,5.08911726e-05,0.940459096,0,0.00368056314,0.0469192111,2.87767939e-13,8.02133252e-06,14200,401,2439
783,0.254586816,0.841715685,0.000118282335,0.841715685,0,0.00320442633,0.0423780762,1.55452343e-12,9.63746534e-06,17650,401,503
784,0.0465764552,0.845548145,0.000119232675,0.845548145,0,0.00336109082,0.0429746737,1.57960341e-12,1.0608158e-05,18100,401,493
785,0.145874783,0.839283171,0.000121300924,0.839283171,0,0.00306221702,0.0424740947,1.63487935e-12,9.21141313e-06,15400,401,475
786,0.0600197539,0.844220609,7.05563425e-05,0.844220609,0,0.00324514543,0.042887423,5.53133052e-13,1.17956794e-05,17750,401,1629
787,0.168216065,0.838997955,0.000136009951,0.838997955,0,0.00309955753,0.0424125965,2.05541187e-12,7.60365353e-06,15400,401,294
788,0.19018963,0.83911652,0.000141235951,0.83911652,0,0.00312873151,0.0423734867,2.21639932e-12,6.65944161e-06,15400,401,147
789,0.410567164,0.861395741,4.79663356e-05,0.861395741,0,0.00326144422,0.0431226267,2.55641039e-13,1.40031291e-05,12350,401,2585
790,0.817341268,0.990309789,7.46788909e-05,0.990309789,0,0.00388302652,0.0494847307,6.19659638e-13,5.41624352e-06,11750,401,1418
791,0.0365450494,0.846636833,0.000161360345,0.846636833,0,0.00345826837,0.0430440378,2.89301788e-12,9.20907938e-06,,401,110
792,0.903305471,1.02993975,5.29366352e-05,1.02993975,0,0.00424540481,0.0515534644,3.11365261e-13,6.4983212e-06,7150,401,2327
793,0.532780647,0.889129535,9.03307338e-05,0.889129535,0,0.00339793962,0.044391577,9.06626829e-13,8.58724684e-06,8800,401,765
794,0.271094471,0.842915046,0.000106395038,0.842915046,0,0.00322051218,0.0424078506,1.25776713e-12,1.09044674e-05,17650,401,610
795,0.372875929,0.854965053,3.75492771e-05,0.854965053,0,0.00325908721,0.0428491917,1.56660913e-13,1.46869504e-05,14050,401,2892
796,0.405262858,0.860428306,4.53967538e-05,0.860428306,0,0.00326100326,0.04308064,2.28985028e-13,1.41716187e-05,13150,401,2641
797,0.691196918,0.939544158,5.13173579e-05,0.939544158,0,0.00367676918,0.0468728935,2.92607913e-13,8.00654533e-06,14200,401,2413
798,0.791186988,0.97904979,6.92279532e-05,0.97904979,0,0.00381486787,0.0489007059,5.32501056e-13,5.85652835e-06,11750,401,1686
799,0.460001558,0.871374039,7.2653683e-05,0.871374039,0,0.00327435868,0.0435678983,5.86506405e-13,1.20226844e-05,3500,401,1528
800,0.507713854,0.882612042,8.77070857e-05,0.882612042,0,0.00334443162,0.0440854429,8.54725876e-13,9.67210186e-06,3850,401,943
801,0.596793056,0.907624497,8.13208138e-05,0.907624497,0,0.00352282011,0.0452824093,7.34786084e-13,7.65066614e-06,14200,401,1149
802,0.2072687,0.839480294,0.000139952842,0.839480294,0,0.00314842657,0.04235754,2.17631089e-12,6.78180588e-06,15400,401,208
803,0.235437363,0.840595103,0.000129687275,0.840595103,0,0.00318231547,0.0423582678,1.86875436e-12,8.24677616e-06,15400,401,382
804,0.837746978,0.999355648,7.58395854e-05,0.999355648,0,0.00394278814,0.0499557718,6.39071413e-13,5.32646073e-06,8900,401,1299
805,0.871641517,1.01487979,6.93866459e-05,1.01487979,0,0.00405604028,0.050767608,5.34945181e-13,5.66956184e-06,1550,401,1679
806,0.859206855,1.00911282,7.32337093e-05,1.00911282,0,0.00401085661,0.0504656624,5.95908465e-13,5.47020155e-06,4350,401,1504
807,0.635557711,0.920078161,6.81871796e-05,0.920078161,0,0.00358795619,0.0458965226,5.16610162e-13,7.84529371e-06,14200,401,1726
808,0.180476516,0.839015541,0.000139893838,0.839015541,0,0.00311663414,0.0423881757,2.17447621e-12,6.9382307e-06,15400,401,210
809,0.919782341,1.03798723,4.18325844e-05,1.03798723,0,0.00436358049,0.0519736661,1.94440569e-13,6.61335874e-06,13400,401,2724
810,0.0399395376,0.846259058,0.000146556463,0.846259058,0,0.00342435992,0.0430201599,2.38653297e-12,9.70104525e-06,,401,120
811,0.614843428,0.913308177,7.55542748e-05,0.913308177,0,0.00355382677,0.0455614904,6.34272048e-13,7.80486374e-06,14200,401,1345
812,0.561002612,0.896960077,8.88842465e-05,0.896960077,0,0.00345590678,0.0447651334,8.77823252e-13,7.90346879e-06,14200,401,888
813,0.845661402,1.00292486,7.53598089e-05,1.00292486,0,0.00396711035,0.0501420931,6.310112e-13,5.22584319e-06,8800,401,1367
814,0.160542995,0.839049614,0.000132054274,0.839049614,0,0.00308764968,0.0424312395,1.93759236e-12,8.08107406e-06,15400,401,354
815,0.0915552303,0.841696045,4.12039613e-05,0.841696045,0,0.00304168567,0.0427082355,1.88640714e-13,1.24658267e-05,8300,401,2740
816,0.777864814,0.973459873,6.53868726e-05,0.973459873,0,0.00378897475,0.0486113846,4.75049235e-13,6.17419359e-06,11750,401,1837
817,0.565376937,0.898219731,8.82820779e-05,0.898219731,0,0.00346450181,0.0448257522,8.65969475e-13,7.8084127e-06,14200,401,921
818,0.00152056501,0.85109224,0.00034603309,0.85109224,0,0.00387048932,0.0433142539,1.33043221e-11,5.35840264e-07,,401,5
819,0.902038991,1.0293271,5.37905258e-05,1.0293271,0,0.00423663044,0.0515215013,3.21491186e-13,6.40594142e-06,7150,401,2288
820,0.304141492,0.84595746,7.93671936e-05,0.84595746,0,0.00324308144,0.0425027708,6.99905714e-13,1.29624193e-05,16950,401,1205
821,0.603858471,0.909825231,7.90718813e-05,0.909825231,0,0.00353513751,0.0453902154,6.94706934e-13,7.64809994e-06,14200,401,1211
822,0.927582562,1.04184706,3.76554739e-05,1.04184706,0,0.00442203105,0.05217544,1.57548302e-13,6.71548066e-06,13400,401,2879
823,0.103392132,0.840961763,6.28581147e-05,0.840961763,0,0.00300185636,0.0426494541,4.39015842e-13,1.20468526e-05,1900,401,1935
824,0.490118593,0.878287725,8.35718155e-05,0.878287725,0,0.00330902543,0.0438849201,7.76027594e-13,1.05220189e-05,1850,401,1086
825,0.169262588,0.838994645,0.000136427549,0.838994645,0,0.00310110681,0.0424102539,2.0680529e-12,7.53873199e-06,15400,401,286
826,0.281623304,0.843791905,9.80969914e-05,0.843791905,0,0.0032290812,0.0424329851,1.06922441e-12,1.16266255e-05,17650,401,677
827,0.446624845,0.868504139,6.63707907e-05,0.868504139,0,0.00326830096,0.0434379211,4.89453539e-13,1.26466826e-05,7200,401,1800
828,0.0926969796,0.841620097,4.31846816e-05,0.841620097,0,0.00303657831,0.0427023887,2.07212969e-13,1.24299131e-05,7250,401,2688
829,0.526532173,0.887465944,8.9976786e-05,0.887465944,0,0.00338465277,0.0443129979,8.99535779e-13,8.85968165e-06,6300,401,813
830,0.68339324,0.93670289,5.27098727e-05,0.93670289,0,0.00366472226,0.0467292913,3.08703409e-13,8.07224033e-06,14200,401,2339
831,0.261701554,0.842206296,0.000113347812,0.842206296,0,0.00321174825,0.0423894684,1.42752516e-12,1.01524571e-05,17650,401,551
832,0.9222579,1.03920892,4.03774398e-05,1.03920892,0,0.00438195381,0.0520375133,1.81148627e-13,6.57788032e-06,13400,401,2764
833,0.272322476,0.843012804,0.000105381141,0.843012804,0,0.00322158007,0.0424105342,1.23390943e-12,1.0981408e-05,17650,401,616
834,0.369939893,0.854507819,3.79528049e-05,0.854507819,0,0.00325889205,0.0428303427,1.60046155e-13,1.4643387e-05,14050,401,2859
835,0.249075681,0.84136328,0.00012189637,0.84136328,0,0.00319838075,0.042370757,1.65096944e-12,9.26701019e-06,15400,401,468
836,0.758661509,0.965576617,5.93809011e-05,0.965576617,0,0.00376451036,0.0482039154,3.91787935e-13,6.75604738e-06,14200,401,2066
837,0.867478609,1.01293989,7.08055832e-05,1.01293989,0,0.00403993841,0.0506660332,5.57047846e-13,5.65470805e-06,1550,401,1618
838,0.607269585,0.910898777,7.80795512e-05,0.910898777,0,0.00354099502,0.0454429234,6.77379591e-13,7.66630279e-06,14200,401,1234
839,0.434411108,0.865993172,6.02732211e-05,0.865993172,0,0.0032649381,0.0433253335,4.03651242e-13,1.31658907e-05,8000,401,2033
840,0.55050689,0.893987673,8.99447816e-05,0.893987673,0,0.00343482656,0.04462265,8.9889597e-13,8.10036784e-06,14200,401,818
841,0.954150319,1.05523464,4.61937253e-05,1.05523464,0,0.00463285709,0.0528763882,2.37095584e-13,6.01972945e-06,14050,401,2622
842,0.368568867,0.854296502,3.80579398e-05,0.854296502,0,0.00325878591,0.0428216642,1.60934087e-13,1.47020551e-05,14050,401,2850
843,0.885847807,1.02157046,6.3218071e-05,1.02157046,0,0.00412972029,0.0511170608,4.44058278e-13,6.12819272e-06,1750,401,1919
844,0.495984763,0.879706248,8.501746e-05,0.879706248,0,0.0033202296,0.0439504776,8.03107611e-13,1.0272251e-05,2000,401,1040
845,0.448063493,0.868806769,6.71304841e-05,0.868806769,0,0.00326880297,0.0434515668,5.00722433e-13,1.25718884e-05,6550,401,1771
846,0.441364169,0.86740979,6.37618302e-05,0.86740979,0,0.00326666481,0.0433887092,4.5173011e-13,1.29282812e-05,8000,401,1900
847,0.781415761,0.97494023,6.63591761e-05,0.97494023,0,0.00379495493,0.0486879894,4.89282251e-13,6.209146e-06,11750,401,1801
848,0.544834793,0.892410781,9.03878153e-05,0.892410781,0,0.00342318104,0.0445473929,9.07773017e-13,8.30266494e-06,14200,401,751
849,0.428052068,0.864727479,5.69159776e-05,0.864727479,0,0.00326368693,0.0432690494,3.599365e-13,1.34177614e-05,8000,401,2159
850,0.31366539,0.846991437,7.13206815e-05,0.846991437,0,0.0032473727,0.0425388333,5.65182179e-13,1.34395161e-05,16950,401,1594
851,0.980111361,1.06867414,9.17133545e-05,1.06867414,0,0.00485679418,0.0535816148,9.34593267e-13,4.35007271e-06,10900,401,728
852,0.716077566,0.948839904,5.03665244e-05,0.948839904,0,0.00371285478,0.0473451321,2.81865198e-13,7.68924787e-06,14200,401,2482
853,0.601224422,0.909001157,7.99430206e-05,0.909001157,0,0.00353057227,0.0453498083,7.10098505e-13,7.64789633e-06,14200,401,1186
854,0.0797144771,0.842547,2.90635919e-05,0.842547,0,0.00310538863,0.042771406,9.3854708e-14,1.2502609e-05,13000,401,2997
855,0.52033329,0.885841215,8.95065759e-05,0.885841215,0,0.00337138244,0.0442365407,8.9015857e-13,9.11809385e-06,6100,401,853
856,0.145122632,0.839299818,0.000120610232,0.839299818,0,0.00306082363,0.0424765425,1.61631422e-12,9.25768342e-06,15400,401,481
857,0.688233018,0.938460921,5.18180805e-05,0.938460921,0,0.00367223005,0.0468181032,2.98345941e-13,8.06761836e-06,14200,401,2387
858,0.119123794,0.8401659,8.92640203e-05,0.8401659,0,0.00301082832,0.0425763802,8.85340591e-13,1.11805232e-05,3850,401,866
859,0.786249518,0.976966548,6.78353298e-05,0.976966548,0,0.00380420132,0.0487928613,5.1129244e-13,6.01773152e-06,11750,401,1741
860,0.0272634067,0.84771851,0.000204539599,0.84771851,0,0.00355637797,0.043111423,4.64849416e-12,7.501427e-06,,401,82
861,0.140791282,0.839405453,0.000116461875,0.839405453,0,0.00305268048,0.0424911505,1.50704094e-12,9.58416032e-06,14400,401,521
862,0.602834344,0.909504267,7.9445855e-05,0.909504267,0,0.00353336631,0.0453744724,7.01293764e-13,7.6725508e-06,14200,401,1201
863,0.565937579,0.898382023,8.83243252e-05,0.898382023,0,0.00346560086,0.0448335717,8.66798491e-13,7.77580597e-06,14200,401,919
864,0.833371282,0.997396643,7.59200347e-05,0.997396643,0,0.00392962864,0.0498536169,6.40427964e-13,5.26070755e-06,11050,401,1292
865,0.943705857,1.04992747,3.72653732e-05,1.04992747,0,0.00454780193,0.0525983159,1.54300893e-13,6.46454993e-06,14050,401,2905
866,0.10881681,0.840664198,7.25332462e-05,0.840664198,0,0.00299770686,0.0426235569,5.84563533e-13,1.18024155e-05,1900,401,1535
867,0.081764631,0.842391305,2.92598292e-05,0.842391305,0,0.00309311448,0.0427601236,9.51264006e-14,1.25136334e-05,10100,401,2991
868,0.392516196,0.858186718,4.046475e-05,0.858186718,0,0.00326018183,0.0429844188,1.81932889e-13,1.44105774e-05,13400,401,2761
869,0.588732839,0.905152343,8.35342247e-05,0.905152343,0,0.00350842538,0.0451617159,7.75329634e-13,7.67725925e-06,14200,401,1088
870,0.484388709,0.876924593,8.18493385e-05,0.876924593,0,0.00329921141,0.0438220964,7.44368246e-13,1.07728907e-05,1800,401,1136
871,0.0377452783,0.846502266,0.000156095923,0.846502266,0,0.00344616058,0.0430355531,2.70732637e-12,9.39811531e-06,,401,114
872,0.721585631,0.950946401,5.07729036e-05,0.950946401,0,0.00372024747,0.0474526412,2.86431971e-13,7.64798668e-06,14200,401,2446
873,0.922658503,1.03940667,4.02779269e-05,1.03940667,0,0.00438494659,0.0520478506,1.80256822e-13,6.68330337e-06,13400,401,2767
874,0.507113934,0.882461234,8.75260177e-05,0.882461234,0,0.00334315914,0.044078416,8.51200419e-13,9.6645824e-06,3500,401,951
875,0.206196249,0.839450532,0.000140129099,0.839450532,0,0.00314719579,0.0423581776,2.18179603e-12,6.73609405e-06,15400,401,203
876,0.0167019125,0.849036187,0.000258684311,0.849036187,0,0.00367770686,0.0431918183,7.43528587e-12,5.07661051e-06,,401,51
877,0.211046711,0.839592692,0.000139131398,0.839592692,0,0.00315278181,0.0423556919,2.15083845e-12,6.88490119e-06,15400,401,232
878,0.50648874,0.882304145,8.74539569e-05,0.882304145,0,0.00334183598,0.0440710977,8.49799398e-13,9.67091994e-06,3500,401,954
879,0.421874195,0.863525377,5.35822183e-05,0.863525377,0,0.00326272462,0.0432159145,3.19006013e-13,1.36327986e-05,8000,401,2298
880,0.415762335,0.862362945,5.05058719e-05,0.862362945,0,0.00326196465,0.0431648543,2.8342701e-13,1.3829284e-05,11650,401,2471
881,0.0837635398,0.842242832,3.04373389e-05,0.842242832,0,0.00308161022,0.0427492631,1.02936844e-13,1.25223177e-05,10000,401,2980
882,0.429105908,0.864935202,5.75066378e-05,0.864935202,0,0.00326387327,0.0432782634,3.67445932e-13,1.33656115e-05,8000,401,2138
883,0.665052533,0.930167249,5.77018299e-05,0.930167249,0,0.00363561786,0.0464003406,3.69944575e-13,8.05935691e-06,14200,401,2131
884,0.119807564,0.840136084,9.02690112e-05,0.840136084,0,0.00301206458,0.0425733939,9.05388264e-13,1.11176315e-05,3850,401,778
885,0.349161327,0.851454901,4.55436636e-05,0.851454901,0,0.00325673097,0.0427071969,2.30469477e-13,1.45156601e-05,16950,401,2635
886,0.258494377,0.841980123,0.000115694002,0.841980123,0,0.00320851502,0.0423840595,1.48723357e-12,9.96725445e-06,17650,401,528
887,0.157703668,0.839080979,0.000130303801,0.839080979,0,0.00308299747,0.0424387946,1.88656451e-12,8.28995217e-06,15400,401,375
888,0.583544433,0.903582246,8.47681107e-05,0.903582246,0,0.00349895852,0.0450852949,7.98403621e-13,7.70168687e-06,14200,401,1051
889,0.849386036,1.0046165,7.49673528e-05,1.0046165,0,0.00397882958,0.0502304854,6.24455999e-13,5.36552786e-06,8250,401,1399
890,0.483165026,0.876636272,8.147059e-05,0.876636272,0,0.00329731242,0.043808826,7.37495225e-13,1.08800765e-05,1800,401,1144
891,0.914304912,1.03529631,4.54237379e-05,1.03529631,0,0.00432348178,0.0518330861,2.29257329e-13,6.60066021e-06,13400,401,2639
892,0.462516993,0.871927628,7.38341215e-05,0.871927628,0,0.00327591805,0.0435931047,6.05719721e-13,1.18809541e-05,3500,401,1472
893,0.884902954,1.02112208,6.3703942e-05,1.02112208,0,0.00412390364,0.051093685,4.50910247e-13,6.02658658e-06,1750,401,1905
894,0.315157384,0.847159874,7.01760947e-05,0.847159874,0,0.0032479681,0.0425448403,5.47187141e-13,1.34884819e-05,16950,401,1647
895,0.869382203,1.01382583,7.02453482e-05,1.01382583,0,0.004047125,0.0507124257,5.4826766e-13,5.76751046e-06,1550,401,1644
896,0.572940171,0.900426694,8.70041593e-05,0.900426694,0,0.00347909774,0.0449322844,8.41080415e-13,7.72996706e-06,14200,401,971
897,0.616508245,0.913842531,7.51008708e-05,0.913842531,0,0.0035566115,0.0455878363,6.26682311e-13,7.76365544e-06,14200,401,1384
898,0.124139167,0.839955373,9.65638732e-05,0.839955373,0,0.00302018355,0.04255488,1.03606462e-12,1.08430676e-05,4200,401,689
899,0.0107433936,0.849820464,0.000291725735,0.849820464,0,0.0037507666,0.0432389136,9.45598937e-12,3.46436572e-06,,401,33
900,0.227686346,0.840224877,0.000133387385,0.840224877,0,0.00317279591,0.0423547239,1.97691049e-12,7.75089392e-06,15400,401,333
901,0.509816468,0.883142662,8.8142312e-05,0.883142662,0,0.00334888872,0.0441101914,8.63229685e-13,9.50490764e-06,3850,401,924
902,0.11802613,0.840214747,8.75811262e-05,0.840214747,0,0.00300890376,0.042581222,8.52272629e-13,1.12490054e-05,3450,401,948
903,0.431221157,0.86535467,5.85882525e-05,0.86535467,0,0.00326427357,0.0432968983,3.81398148e-13,1.32788223e-05,8000,401,2095
904,0.402411908,0.859916796,4.41720695e-05,0.859916796,0,0.00326079378,0.0430585485,2.16796858e-13,1.42454265e-05,13400,401,2666
905,0.679078758,0.935147662,5.37212571e-05,0.935147662,0,0.00365795964,0.046650839,3.20663718e-13,8.05116041e-06,14200,401,2292
906,0.0424829088,0.845982379,0.000135837149,0.845982379,0,0.00339964234,0.0430025458,2.05019234e-12,1.00660625e-05,,401,296
907,0.298275411,0.845355522,8.43269868e-05,0.845355522,0,0.00323996822,0.042482498,7.90115633e-13,1.26521154e-05,16950,401,1064
908,0.860204577,1.00957223,7.28767735e-05,1.00957223,0,0.00401423267,0.0504897097,5.90113791e-13,5.51397247e-06,3950,401,1520
909,0.415236384,0.862264181,5.02118192e-05,0.862264181,0,0.0032619132,0.0431605314,2.80136309e-13,1.38564228e-05,11650,401,2494
910,0.0283443742,0.847588883,0.000199366544,0.847588883,0,0.00354454256,0.0431034192,4.41633545e-12,7.73708881e-06,,401,86
911,0.444451779,0.868049865,6.52340166e-05,0.868049865,0,0.00326758458,0.043417468,4.72830768e-13,1.27594649e-05,7250,401,1843
912,0.418030322,0.862791068,5.15556022e-05,0.862791068,0,0.00326222626,0.0431836207,2.95331124e-13,1.37948184e-05,8000,401,2399
913,0.481567949,0.876261654,8.09936397e-05,0.876261654,0,0.00329494713,0.0437915947,7.2888552e-13,1.09354792e-05,1800,401,1160
914,0.453523695,0.869968748,6.97805723e-05,0.869968748,0,0.00327101545,0.0435040973,5.41036475e-13,1.23097028e-05,4800,401,1663
915,0.776810884,0.973021895,6.50942559e-05,0.973021895,0,0.00378732917,0.048588722,4.70806906e-13,6.30507494e-06,11750,401,1846
916,0.834548414,0.997922798,7.58068571e-05,0.997922798,0,0.0039331451,0.0498810461,6.38519953e-13,5.28757904e-06,8900,401,1304
917,0.278514504,0.843523979,0.000100625425,0.843523979,0,0.00322668742,0.0424250665,1.1250529e-12,1.13860264e-05,17650,401,657
918,0.432133555,0.8655365,5.90402703e-05,0.8655365,0,0.00326445226,0.0433049872,3.87305947e-13,1.32690809e-05,8000,401,2078
919,0.946323931,1.0512523,3.88328949e-05,1.0512523,0,0.00456885979,0.0526677075,1.67554859e-13,6.26591423e-06,14050,401,2814
920,0.93955338,1.04783346,3.58454308e-05,1.04783346,0,0.00451477083,0.052488669,1.42766101e-13,6.53538516e-06,14050,401,2939
921,0.176999927,0.838998104,0.00013914051,0.838998104,0,0.00311202285,0.0423944334,2.15112017e-12,7.10119448e-06,15400,401,231
922,0.108505823,0.840680668,7.20353019e-05,0.840680668,0,0.00299764565,0.0426250314,5.76564969e-13,1.17996872e-05,1900,401,1563
923,0.929463983,1.04278308,3.70136993e-05,1.04278308,0,0.00443635914,0.0522243916,1.52223771e-13,6.68864908e-06,13400,401,2911
924,0.610969007,0.912071155,7.69470527e-05,0.912071155,0,0.00354729689,0.0455005697,6.57872102e-13,7.76398741e-06,14200,401,1263
925,0.250252634,0.841436561,0.000121130085,0.841436561,0,0.00319969635,0.0423722136,1.6302775e-12,9.32804265e-06,15400,401,477
926,0.870065331,1.01414425,6.99492584e-05,1.01414425,0,0.0040497643,0.0507290988,5.43655417e-13,5.71536317e-06,1550,401,1658
927,0.222719908,0.840012782,0.000135474156,0.840012782,0,0.00316670159,0.0423537855,2.03924966e-12,7.49439627e-06,15400,401,303
928,0.429870754,0.86508657,5.79012283e-05,0.86508657,0,0.00326402249,0.0432849837,3.72505804e-13,1.33565955e-05,8000,401,2122
929,0.355061918,0.852289189,4.24994623e-05,0.852289189,0,0.00325751128,0.0427403384,2.00689366e-13,1.45818912e-05,16300,401,2706
930,0.728574276,0.953644153,5.1659762e-05,0.953644153,0,0.00372928837,0.0475905821,2.96525668e-13,7.57722682e-06,14200,401,2393
931,0.968431294,1.06258409,6.79056052e-05,1.06258409,0,0.00475379711,0.0532618679,5.12352358e-13,5.16571572e-06,14800,401,1737
932,0.556484818,0.895671893,8.94247825e-05,0.895671893,0,0.00344691242,0.0447032854,8.88532414e-13,7.98633176e-06,14200,401,857
933,0.160186633,0.83905325,0.000131842987,0.83905325,0,0.00308707247,0.0424321711,1.93139702e-12,8.12430418e-06,15400,401,357
934,0.195114523,0.839197215,0.000141295694,0.839197215,0,0.00313452009,0.0423676091,2.2182748e-12,6.67460547e-06,15400,401,137
935,0.188662201,0.839095616,0.000141165225,0.839095616,0,0.00312689536,0.0423755287,2.21418007e-12,6.67876272e-06,15400,401,153
936,0.184612513,0.839049046,0.000140626494,0.839049046,0,0.00312191729,0.0423814144,2.19731231e-12,6.81222739e-06,15400,401,184
937,0.752568722,0.963118753,5.77362989e-05,0.963118753,0,0.00375768025,0.0480771838,3.7038669e-13,6.88289196e-06,14200,401,2130
938,0.236106485,0.840629358,0.000129372411,0.840629358,0,0.00318312955,0.0423586959,1.85969119e-12,8.31554906e-06,15400,401,387
939,0.33809793,0.849961344,5.23459892e-05,0.849961344,0,0.00325476616,0.0426490083,3.04455843e-13,1.43169764e-05,16950,401,2358
940,0.620106399,0.915003253,7.38410501e-05,0.915003253,0,0.00356260346,0.0456451236,6.05833408e-13,7.70424916e-06,14200,401,1470
941,0.973410785,1.06517159,7.76715309e-05,1.06517159,0,0.00479724776,0.0533976855,6.70318523e-13,4.83628869e-06,14800,401,1244
942,0.207640156,0.839490871,0.000139902364,0.839490871,0,0.0031488487,0.0423573339,2.17474128e-12,6.80481923e-06,15400,401,209
943,0.360631377,0.853100381,4.01888882e-05,0.853100381,0,0.00325811563,0.0427729484,1.79460749e-13,1.46601652e-05,14800,401,2769
944,0.852048218,1.0058302,7.44799275e-05,1.0058302,0,0.00398733036,0.0502939349,6.16362177e-13,5.35370905e-06,7650,401,1433
945,0.928881049,1.0424929,3.71738437e-05,1.0424929,0,0.00443192077,0.0522092153,1.5354385e-13,6.7398396e-06,13400,401,2907
946,0.818810523,0.990953582,7.48853805e-05,0.990953582,0,0.00388719054,0.0495181975,6.23091134e-13,5.32285423e-06,11750,401,1404
947,0.383165509,0.856617706,3.81318852e-05,0.856617706,0,0.00325968363,0.0429180638,1.61560074e-13,1.45533937e-05,13400,401,2847
948,0.199124441,0.839277308,0.000141018928,0.839277308,0,0.00313913174,0.0423635861,2.20959313e-12,6.64989726e-06,15400,401,162
949,0.0959743485,0.841408228,4.91860607e-05,0.841408228,0,0.00302317363,0.0426858338,2.68807618e-13,1.23066575e-05,4350,401,2560
950,0.634076715,0.91958541,6.85877902e-05,0.91958541,0,0.00358554565,0.0458720491,5.22698329e-13,7.96034039e-06,14200,401,1710
951,0.605958879,0.910485373,7.8571759e-05,0.910485373,0,0.00353875363,0.0454226172,6.85946812e-13,7.65917745e-06,14200,401,1222
952,0.902772903,1.02968212,5.30314935e-05,1.02968212,0,0.00424170725,0.0515400233,3.12482145e-13,6.46375623e-06,7150,401,2323
953,0.821199298,0.992002781,7.49559528e-05,0.992002781,0,0.00389399868,0.049572758,6.24266096e-13,5.2661732e-06,11750,401,1401
954,0.358169258,0.852738844,4.10756401e-05,0.852738844,0,0.00325786382,0.0427583694,1.87467578e-13,1.46575397e-05,14800,401,2745
955,0.626776099,0.917176003,7.13563089e-05,0.917176003,0,0.00357360912,0.0457525768,5.6574698e-13,7.7852247e-06,14200,401,1592
956,0.737209678,0.957016188,5.34942311e-05,0.957016188,0,0.00373992642,0.0477633933,3.17959196e-13,7.33487464e-06,14200,401,2304
957,0.471984655,0.874050383,7.74911331e-05,0.874050383,0,0.00328348358,0.0436901003,6.67208412e-13,1.14254969e-05,1750,401,1249
958,0.539011955,0.890813983,9.03445901e-05,0.890813983,0,0.00341105775,0.0444714322,9.06904996e-13,8.47501932e-06,14200,401,761
959,0.096159108,0.841396638,4.94553175e-05,0.841396638,0,0.00302248075,0.0426849145,2.71758714e-13,1.23239071e-05,4350,401,2553
960,0.245419279,0.841142831,0.000124183935,0.841142831,0,0.00319420953,0.042366627,1.71351664e-12,8.97990037e-06,15400,401,444
961,0.950156212,1.05319842,4.19044611e-05,1.05319842,0,0.004599994,0.0527696696,1.95109318e-13,6.27671454e-06,14050,401,2722
962,0.54772675,0.893212136,9.01070938e-05,0.893212136,0,0.00342913562,0.0445856081,9.0214315e-13,8.23408895e-06,14200,401,798
963,0.844478488,1.0023893,7.55562409e-05,1.0023893,0,0.00396343436,0.0501141198,6.34305059e-13,5.29902969e-06,8800,401,1344
964,0.236625746,0.840656176,0.000129085691,0.840656176,0,0.003183762,0.0423590403,1.85145728e-12,8.37001527e-06,15400,401,389
965,0.373452693,0.855055643,3.76442411e-05,0.855055643,0,0.00325912586,0.0428529369,1.57454321e-13,1.46806514e-05,14050,401,2881
966,0.699609101,0.942646895,5.03049701e-05,0.942646895,0,0.00368942136,0.0470301114,2.81176668e-13,7.91386804e-06,14200,401,2485
967,0.302058786,0.845740801,8.10741548e-05,0.845740801,0,0.00324201556,0.0424954092,7.30335397e-13,1.2844856e-05,16950,401,1158
968,0.674772978,0.933606503,5.47491618e-05,0.933606503,0,0.00365115074,0.0465732029,3.33052302e-13,8.12817826e-06,14200,401,2249
969,0.185020059,0.839053202,0.000140723936,0.839053202,0,0.00312242882,0.0423807935,2.20035847e-12,6.82293114e-06,15400,401,179
970,0.760456979,0.96630478,5.99840502e-05,0.96630478,0,0.00376652991,0.0482414959,3.99787364e-13,6.69341121e-06,14200,401,2043
971,0.374591619,0.8552351,3.75002998e-05,0.8552351,0,0.00325919545,0.0428603666,1.56252499e-13,1.46524416e-05,14050,401,2899
972,0.738480926,0.957516199,5.37876733e-05,0.957516199,0,0.00374145601,0.0477890537,3.21457089e-13,7.28260038e-06,14200,401,2289
973,0.4514094,0.869516393,6.8686631e-05,0.869516393,0,0.00327009649,0.0434836225,5.24205919e-13,1.24221209e-05,5450,401,1706
974,0.860429347,1.00967596,7.27904383e-05,1.00967596,0,0.00401499308,0.0504951384,5.88716434e-13,5.51684655e-06,3900,401,1524
975,0.561885893,0.897213389,8.87875058e-05,0.897213389,0,0.00345765411,0.0447773119,8.75913465e-13,7.89421126e-06,14200,401,893
976,0.343448222,0.850672173,4.88771949e-05,0.850672173,0,0.00325580157,0.0426765075,2.65442242e-13,1.44261241e-05,16950,401,2567
977,0.912021577,1.03417909,4.71170764e-05,1.03417909,0,0.00430699301,0.0517747412,2.46668766e-13,6.60468994e-06,13400,401,2604
978,0.482438385,0.876465682,8.11785916e-05,0.876465682,0,0.00329621531,0.043800979,7.32218193e-13,1.09710064e-05,1800,401,1155
979,0.636544228,0.920407085,6.77428897e-05,0.920407085,0,0.00358955575,0.0459128658,5.098999e-13,7.85614476e-06,14200,401,1746
980,0.828363061,0.995167713,7.58303333e-05,0.995167713,0,0.00391478855,0.0497374813,6.38915495e-13,5.17292056e-06,11750,401,1302
981,0.502057433,0.881199127,8.65459904e-05,0.881199127,0,0.00333256542,0.0440197006,8.32245384e-13,9.92269628e-06,3450,401,987
982,0.654048264,0.926341999,6.13637711e-05,0.926341999,0,0.00361789325,0.0462087276,4.18390267e-13,7.98773473e-06,14200,401,1991
983,0.0132977199,0.849480674,0.00027725148,0.849480674,0,0.0037190357,0.0432185734,8.54093144e-12,4.18339218e-06,,401,40
984,0.869903028,1.01406872,7.01461686e-05,1.01406872,0,0.00404914728,0.0507251421,5.46720552e-13,5.8241806e-06,1550,401,1649
985,0.952069938,1.05417304,4.38662751e-05,1.05417304,0,0.00461568324,0.0528207459,2.13805566e-13,6.14764419e-06,14050,401,2674
986,0.126575068,0.83986062,9.98412831e-05,0.83986062,0,0.00302491561,0.0425448146,1.10758687e-12,1.06752591e-05,5750,401,662
987,0.317975432,0.847482315,6.7815275e-05,0.847482315,0,0.00324903578,0.0425564282,5.1099017e-13,1.36200453e-05,16950,401,1742
988,0.566105604,0.898430757,8.82986739e-05,0.898430757,0,0.00346592966,0.0448359206,8.66295091e-13,7.85015744e-06,14200,401,920
989,0.714400232,0.948201906,5.02611109e-05,0.948201906,0,0.00371055321,0.0473126062,2.80686585e-13,7.71476501e-06,14200,401,2489
990,0.0717860758,0.84318189,3.84118763e-05,0.84318189,0,0.00315712762,0.0428164292,1.6394136e-13,1.23752445e-05,14500,401,2834
991,0.15621838,0.839100113,0.000129416063,0.839100113,0,0.00308050979,0.0424428919,1.86094638e-12,8.38947865e-06,15400,401,386
992,0.845813394,1.00299408,7.53125561e-05,1.00299408,0,0.00396759219,0.0501457078,6.30220123e-13,5.41298943e-06,8800,401,1369
993,0.0899928287,0.841801576,3.8552343e-05,0.841801576,0,0.0030490042,0.0427162983,1.65142572e-13,1.24776552e-05,8900,401,2829
994,0.0298124459,0.847414333,0.000192405597,0.847414333,0,0.00352864013,0.0430926118,4.11332376e-12,8.02902609e-06,,401,90
995,0.613714397,0.91294673,7.58677458e-05,0.91294673,0,0.00355192676,0.0455436804,6.39546095e-13,7.78108964e-06,14200,401,1294
996,0.00364064891,0.850793673,0.0003331887,0.850793673,0,0.00384225263,0.0432966732,1.23349678e-11,1.25752056e-06,,401,11
997,0.275872231,0.843302101,0.000102619788,0.843302101,0,0.00322456324,0.0424186602,1.17009121e-12,1.12539689e-05,17650,401,640
998,0.817278385,0.990282269,7.46549072e-05,0.990282269,0,0.00388284989,0.0494833,6.19261685e-13,5.30636391e-06,11750,401,1420
999,0.0988733321,0.84122835,5.45422728e-05,0.84122835,0,0.00301310422,0.0426714563,3.30539947e-13,1.22067721e-05,3450,401,2260
1000,0.425329,0.86419429,5.54581683e-05,0.86419429,0,0.00326324005,0.0432454411,3.41734271e-13,1.3551304e-05,8000,401,2218
1001,0.884057403,1.02072116,6.39718777e-05,1.02072116,0,0.00411876012,0.051072784,4.54711238e-13,6.0846054e-06,1700,401,1892
1002,0.223834589,0.840058655,0.000135062798,0.840058655,0,0.00316806392,0.0423539053,2.02688436e-12,7.51606855e-06,15400,401,309
1003,0.669854701,0.931859305,5.60993335e-05,0.931859305,0,0.00364330744,0.0464853185,3.49681691e-13,8.09314627e-06,14200,401,2194
1004,0.731132746,0.954638981,5.22142493e-05,0.954638981,0,0.00373249453,0.0476415206,3.02925314e-13,7.4326693e-06,14200,401,2365
1005,0.872383296,1.01522661,6.90684562e-05,1.01522661,0,0.00405906814,0.050785764,5.30050183e-13,5.71693584e-06,1550,401,1690
1006,0.305902898,0.846143526,7.78520351e-05,0.846143526,0,0.00324394184,0.0425091531,6.73437707e-13,1.30940021e-05,16950,401,1240
1007,0.472244173,0.874109376,7.7649684e-05,0.874109376,0,0.00328373927,0.0436928021,6.69941491e-13,1.14261087e-05,1750,401,1246
1008,0.159983501,0.839055278,0.000131764504,0.839055278,0,0.00308674375,0.0424327006,1.92909829e-12,8.1386676e-06,15400,401,358
1009,0.174244538,0.838991241,0.000138282835,0.838991241,0,0.00310824321,0.0423997652,2.12468251e-12,7.2094072e-06,15400,401,252
1010,0.461977929,0.871808629,7.34743942e-05,0.871808629,0,0.00327556879,0.0435876831,5.99831845e-13,1.19360401e-05,3500,401,1487
1011,0.0516528152,0.845029199,9.97486404e-05,0.845029199,0,0.00331539119,0.0429409584,1.10553236e-12,1.11437702e-05,18100,401,663
1012,0.819815755,0.991394733,7.50207869e-05,0.991394733,0,0.00389005112,0.0495411348,6.25346497e-13,5.294428e-06,11750,401,1394
1013,0.777605414,0.973352059,6.52833804e-05,0.973352059,0,0.00378856412,0.0486058061,4.7354664e-13,6.26685855e-06,11750,401,1839
1014,0.522975266,0.886530539,8.96724869e-05,0.886530539,0,0.00337704671,0.0442689441,8.93461657e-13,9.05251039e-06,6300,401,839
1015,0.339027762,0.850083235,5.18582381e-05,0.850083235,0,0.00325496679,0.0426536952,2.9880854e-13,1.4297953e-05,16950,401,2385
1016,0.0162837561,0.849090235,0.00026096499,0.849090235,0,0.0036827216,0.0431950815,7.56696957e-12,4.97386623e-06,,401,49
1017,0.878635049,1.01816005,6.67262701e-05,1.01816005,0,0.00408796038,0.0509391634,4.94710569e-13,5.8664072e-06,1600,401,1785
1018,0.138009772,0.8394814,0.000113570693,0.8394814,0,0.00304732877,0.0425009626,1.43314469e-12,9.7795643e-06,12900,401,547
1019,0.605111003,0.910218543,7.87281727e-05,0.910218543,0,0.00353729842,0.0454095168,6.88680576e-13,7.71830091e-06,14200,401,1217
1020,0.435758084,0.866264911,6.09037e-05,0.866264911,0,0.00326523703,0.0433374603,4.12140075e-13,1.31217299e-05,8000,401,2008
1021,0.412812263,0.861811262,4.89464677e-05,0.861811262,0,0.00326165285,0.0431407377,2.66195189e-13,1.39757557e-05,12300,401,2565
1022,0.350309879,0.85161516,4.48035868e-05,0.85161516,0,0.00325690078,0.0427135288,2.23040154e-13,1.453242e-05,16800,401,2652
1023,0.625052691,0.916611993,7.19709862e-05,0.916611993,0,0.00357077942,0.0457246571,5.75535872e-13,7.8348049e-06,14200,401,1567
1024,0.0128606567,0.849538392,0.000279724719,0.849538392,0,0.00372441921,0.0432220353,8.69399097e-12,4.07766922e-06,,401,39
1025,0.786535859,0.97708707,6.79035321e-05,0.97708707,0,0.00380479292,0.0487990996,5.12321074e-13,5.99497304e-06,11750,401,1738
1026,0.648954868,0.924595972,6.31510126e-05,0.924595972,0,0.00360966542,0.0461215012,4.4311671e-13,8.01798603e-06,14200,401,1922
1027,0.53029561,0.888464908,9.01886623e-05,0.888464908,0,0.00339266645,0.0443601489,9.03777201e-13,8.74983104e-06,8800,401,793
1028,0.245825917,0.84116688,0.000123845719,0.84116688,0,0.0031946776,0.0423670604,1.7041958e-12,8.96875158e-06,15400,401,448
1029,0.770143747,0.97026537,6.30128651e-05,0.97026537,0,0.0037780353,0.0484461324,4.41180129e-13,6.43335899e-06,14200,401,1926
1030,0.0831604376,0.842287324,2.99073878e-05,0.842287324,0,0.00308503061,0.0427525275,9.93835384e-14,1.25417233e-05,10000,401,2984
1031,0.022795625,0.848264654,0.000226818385,0.848264654,0,0.00360643492,0.0431449519,5.71628663e-12,6.58044449e-06,,401,69
1032,0.893374145,1.02515883,5.90692706e-05,1.02515883,0,0.00417807183,0.0513041181,3.87686525e-13,6.39829359e-06,3500,401,2077
1033,0.957831919,1.05711929,5.07604617e-05,1.05711929,0,0.00466351686,0.0529751949,2.86291608e-13,5.9836981e-06,14050,401,2447
1034,0.542540312,0.891779046,9.02829572e-05,0.891779046,0,0.00341842853,0.0445173114,9.05668041e-13,8.37906581e-06,14200,401,773
1035,0.845247805,1.0027376,7.54522412e-05,1.0027376,0,0.00396582269,0.0501323116,6.32560078e-13,5.26522131e-06,8800,401,1357
1036,0.202564389,0.83935646,0.000140783357,0.83935646,0,0.00314305383,0.0423606878,2.20221708e-12,6.68652664e-06,15400,401,177
1037,0.00914639793,0.850035633,0.000300727666,0.850035633,0,0.00377092114,0.0432517462,1.00485699e-11,2.995233e-06,,401,28
1038,0.286734879,0.844248973,9.38747731e-05,0.844248973,0,0.00323275946,0.0424469173,9.7916367e-13,1.19979204e-05,17650,401,711
1039,0.689186275,0.938808689,5.1614246e-05,0.938808689,0,0.00367369569,0.0468356881,2.96003376e-13,8.00307893e-06,14200,401,2395
1040,0.152986407,0.83914777,0.000127100724,0.83914777,0,0.00307497003,0.0424521326,1.7949549e-12,8.64717337e-06,15400,401,414
1041,0.857603967,1.00837527,7.34271169e-05,1.00837527,0,0.00400548372,0.0504270656,5.99060166e-13,5.50665096e-06,5200,401,1495
1042,0.775636435,0.972534552,6.46019152e-05,0.972534552,0,0.00378555897,0.0485635073,4.63711939e-13,6.33792811e-06,14200,401,1865
1043,0.24888888,0.841351813,0.000122110038,0.841351813,0,0.00319817311,0.042370535,1.65676239e-12,9.22350669e-06,15400,401,467
1044,0.805438519,0.985138797,7.24916682e-05,0.985138797,0,0.00385033287,0.0492162351,5.83893551e-13,5.55890081e-06,11750,401,1537
1045,0.811469734,0.98774948,7.38656858e-05,0.98774948,0,0.00386665811,0.0493517212,6.06237727e-13,5.40582436e-06,11750,401,1469
1046,0.18344596,0.839038242,0.00014045103,0.839038242,0,0.00312044797,0.0423832488,2.19183242e-12,6.85690959e-06,15400,401,191
1047,0.289181799,0.844474953,9.18025099e-05,0.844474953,0,0.0032344169,0.0424539823,9.36411202e-13,1.20781801e-05,17650,401,727
1048,0.637296736,0.920658508,6.7531063e-05,0.920658508,0,0.0035907806,0.0459253623,5.06716052e-13,7.85378784e-06,14200,401,1755
1049,0.733567894,0.955588956,5.27792109e-05,0.955588956,0,0.00373551217,0.047690198,3.09516123e-13,7.37522e-06,14200,401,2335
1050,0.162829682,0.839029315,0.000133378162,0.839029315,0,0.00309130544,0.0424254202,1.97663713e-12,7.96013567e-06,15400,401,335
1051,0.484834284,0.87702979,8.19376364e-05,0.87702979,0,0.0032999252,0.0438269389,7.4597514e-13,1.08163946e-05,1800,401,1133
1052,0.443918794,0.867938838,6.5045363e-05,0.867938838,0,0.00326741758,0.0434124737,4.70099916e-13,1.27953304e-05,7700,401,1851
1053,0.237391561,0.840696057,0.000128731533,0.840696057,0,0.0031846902,0.0423595666,1.84131195e-12,8.38514544e-06,15400,401,394
1054,0.133855566,0.839606602,0.000109018651,0.839606602,0,0.0030392311,0.0425162381,1.32056292e-12,1.01184033e-05,12900,401,588
1055,0.396718174,0.858912725,4.17454801e-05,0.858912725,0,0.00326042986,0.0430154117,1.93631679e-13,1.43706859e-05,13400,401,2726
1056,0.68457818,0.937132302,5.24729195e-05,0.937132302,0,0.00366657258,0.0467509718,3.05934142e-13,8.05518591e-06,14200,401,2353
1057,0.952352703,1.05431713,4.39841616e-05,1.05431713,0,0.00461801582,0.052828297,2.14956275e-13,6.1945198e-06,14050,401,2671
1058,0.789296031,0.978250515,6.86730328e-05,0.978250515,0,0.00381065333,0.0488593245,5.23998382e-13,5.92018033e-06,11750,401,1708
1059,0.943076968,1.04960997,3.70221689e-05,1.04960997,0,0.00454276707,0.0525816873,1.52293443e-13,6.51584295e-06,14050,401,2910
1060,0.148326606,0.839231823,0.000123447263,0.839231823,0,0.00306669162,0.0424662744,1.69324742e-12,9.00391712e-06,15400,401,451
1061,0.685921252,0.937619459,5.21674671e-05,0.937619459,0,0.00366865837,0.0467755772,3.02382736e-13,8.03587854e-06,14200,401,2367
1062,0.571709812,0.900065253,8.73513949e-05,0.900065253,0,0.00347675037,0.0449148096,8.47807355e-13,7.74214401e-06,14200,401,958
1063,0.88288331,1.02016545,6.46166244e-05,1.02016545,0,0.00411172843,0.0510438069,4.63923128e-13,6.02809227e-06,1700,401,1864
1064,0.0186891742,0.848781235,0.000248136045,0.848781235,0,0.00365408292,0.0431763912,6.84127743e-12,5.60477963e-06,,401,57
1065,0.106690191,0.840777926,6.87915395e-05,0.840777926,0,0.00299797935,0.0426336513,5.25808434e-13,1.19216144e-05,1850,401,1702
1066,0.0197332688,0.848648577,0.000242608219,0.848648577,0,0.00364181549,0.0431683421,6.53986086e-12,5.8665153e-06,,401,60
1067,0.528201282,0.887907844,9.01052656e-05,0.887907844,0,0.00338821027,0.044333843,9.02106544e-13,8.81206148e-06,8800,401,801
1068,0.598047256,0.908012982,8.09295989e-05,0.908012982,0,0.00352502446,0.0453014157,7.2773333e-13,7.64386454e-06,14200,401,1162
1069,0.0235142987,0.848175666,0.000223162491,0.848175666,0,0.00359825356,0.04313951,5.53349971e-12,6.71771967e-06,,401,71
1070,0.0659579411,0.84368203,5.26521013e-05,0.84368203,0,0.0031991222,0.0428509687,3.08027085e-13,1.21379719e-05,17150,401,2344
1071,0.655716002,0.926917041,6.07940208e-05,0.926917041,0,0.00362058738,0.0462374875,4.10656996e-13,8.07333349e-06,14200,401,2012
1072,0.680061281,0.935500657,5.33713421e-05,0.935500657,0,0.00365950044,0.0466686365,3.16500018e-13,8.05860109e-06,14200,401,2311
1073,0.820288122,0.991602208,7.49834519e-05,0.991602208,0,0.00389140185,0.0495519242,6.24724229e-13,5.39214231e-06,11750,401,1397
1074,0.125044495,0.839919615,9.77714756e-05,0.839919615,0,0.00302193814,0.0425511109,1.06214016e-12,1.07952963e-05,4200,401,680
1075,0.456493676,0.870609491,7.11229286e-05,0.870609491,0,0.00327243402,0.043533153,5.62052331e-13,1.21809552e-05,3900,401,1604
1076,0.341418803,0.850399924,5.02245451e-05,0.850399924,0,0.00325543729,0.0426659299,2.80278325e-13,1.43684347e-05,16950,401,2492
1077,0.138910607,0.839456054,0.000114527083,0.839456054,0,0.00304906803,0.0424977454,1.45738365e-12,9.73030073e-06,14400,401,539
1078,0.112928182,0.840454846,7.94402974e-05,0.840454846,0,0.00300110306,0.0426043148,7.01195651e-13,1.15722498e-05,2100,401,1202
1079,0.517050564,0.884990897,8.90865249e-05,0.884990897,0,0.00336435105,0.0441966395,8.81823213e-13,9.26743882e-06,6100,401,877
1080,0.364133269,0.853622287,3.91186851e-05,0.853622287,0,0.00325843935,0.0427941165,1.70030169e-13,1.46775955e-05,14800,401,2804
1081,0.196617424,0.839225726,0.000141265614,0.839225726,0,0.00313625244,0.0423660213,2.21733042e-12,6.64686298e-06,15400,401,141
1082,0.575211406,0.901096635,8.65633583e-05,0.901096635,0,0.00348340678,0.0449647035,8.32579444e-13,7.74467453e-06,14200,401,986
1083,0.215380326,0.839735852,0.000138012181,0.839735852,0,0.00315786238,0.0423543143,2.11637357e-12,7.10275173e-06,15400,401,257
1084,0.0395105705,0.846306269,0.00014844939,0.846306269,0,0.00342858692,0.043023155,2.44858016e-12,9.63974949e-06,,401,119
1085,0.640554368,0.92175037,6.6283777e-05,0.92175037,0,0.00359606851,0.0459796716,4.8817101e-13,7.93246515e-06,14200,401,1804
1086,0.513219655,0.884007848,8.85607567e-05,0.884007848,0,0.00335614747,0.0441506114,8.71445292e-13,9.46520041e-06,4250,401,904
1087,0.992391765,1.07515386,0.000121419768,1.07515386,0,0.00496909108,0.0539221219,1.63808446e-12,3.02692394e-06,18050,401,473
1088,0.698848546,0.942364534,5.0266264e-05,0.942364534,0,0.00368829524,0.0470157872,2.80744144e-13,8.02736233e-06,14200,401,2488
1089,0.048017215,0.845398776,0.000113541539,0.845398776,0,0.00334788678,0.0429650141,1.43240901e-12,1.07503492e-05,18100,401,548
1090,0.558229268,0.896167723,8.93426157e-05,0.896167723,0,0.00345039893,0.0447270732,8.86900331e-13,7.89982754e-06,14200,401,861
1091,0.305081159,0.846056522,7.85282179e-05,0.846056522,0,0.00324354135,0.0425061646,6.85186778e-13,1.30148968e-05,16950,401,1223
1092,0.636904776,0.920527573,6.77033013e-05,0.920527573,0,0.00359014754,0.045918854,5.09304111e-13,7.9787089e-06,14200,401,1748
1093,0.376744062,0.855577245,3.75196681e-05,0.855577245,0,0.00325933273,0.0428745726,1.56413944e-13,1.46295574e-05,14050,401,2898
1094,0.870660782,1.01442192,6.99577319e-05,1.01442192,0,0.00405211058,0.0507436372,5.43787139e-13,5.77060217e-06,1550,401,1657
1095,0.879956722,1.01878302,6.60417115e-05,1.01878302,0,0.00409502464,0.0509716869,4.84611962e-13,6.01374564e-06,1650,401,1813
1096,0.848246932,1.00409847,7.50361654e-05,1.00409847,0,0.00397523045,0.0502034097,6.25602903e-13,5.40815947e-06,8800,401,1391
1097,0.590376616,0.905653018,8.29896601e-05,0.905653018,0,0.00351138591,0.0451861239,7.65253743e-13,7.72669749e-06,14200,401,1102
1098,0.808225811,0.986342723,7.3257044e-05,0.986342723,0,0.00385779847,0.0492786979,5.96288278e-13,5.46961948e-06,11750,401,1502
1099,0.557505488,0.895961804,8.92432226e-05,0.895961804,0,0.00344895435,0.0447171911,8.84928088e-13,7.99769123e-06,14200,401,867
1100,0.573964298,0.900728349,8.6787213e-05,0.900728349,0,0.00348104977,0.0449468774,8.36891149e-13,7.7753761e-06,14200,401,980
1101,0.672477782,0.932789425,5.5336702e-05,0.932789425,0,0.00364750157,0.0465320861,3.40238954e-13,8.12411196e-06,14200,401,2224
1102,0.136634663,0.839521172,0.000112089623,0.839521172,0,0.00304466155,0.0425059309,1.39600929e-12,9.93971633e-06,12900,401,562
1103,0.803286135,0.984212066,7.23582528e-05,0.984212066,0,0.0038446576,0.0491681722,5.81746305e-13,5.48340017e-06,11750,401,1546
1104,0.314732999,0.847111842,7.04621761e-05,0.847111842,0,0.00324780362,0.0425431235,5.51657584e-13,1.34742905e-05,16950,401,1635
1105,0.640918672,0.921872754,6.61241748e-05,0.921872754,0,0.00359665978,0.0459857624,4.85822944e-13,7.93977154e-06,14200,401,1810
1106,0.887979567,1.02258385,6.18774415e-05,1.02258385,0,0.00414310541,0.0511698848,4.25424196e-13,6.16012607e-06,1850,401,1972
1107,0.545466065,0.89258537,9.03689812e-05,0.89258537,0,0.00342448367,0.0445557138,9.07394752e-13,8.20253508e-06,14200,401,755
1108,0.52161783,0.886175706,8.96232988e-05,0.886175706,0,0.00337413808,0.0442522575,8.92481743e-13,8.99417779e-06,6300,401,846
1109,0.662315726,0.929209216,5.85267477e-05,0.929209216,0,0.00363121952,0.0463522861,3.805978e-13,8.12288164e-06,14200,401,2098
1110,0.942389786,1.04926283,3.66622237e-05,1.04926283,0,0.00453728328,0.0525635097,1.49346517e-13,6.50650995e-06,14050,401,2916
1111,0.0588676073,0.844328403,7.43273091e-05,0.844328403,0,0.00325444396,0.0428946392,6.13838764e-13,1.17279241e-05,17750,401,1440
1112,0.630044818,0.9182508,7.00962026e-05,0.9182508,0,0.00357896863,0.0458058314,5.45941958e-13,7.91247807e-06,14200,401,1651
1113,0.742418647,0.959070807,5.48006816e-05,0.959070807,0,0.00374609771,0.0478688946,3.33679411e-13,7.18721561e-06,14200,401,2248
1114,0.162599683,0.839031035,0.000133232832,0.839031035,0,0.00309093873,0.042425988,1.97233193e-12,7.93964542e-06,15400,401,336
1115,0.954638422,1.05548434,4.66046728e-05,1.05548434,0,0.00463689949,0.0528894776,2.41332836e-13,6.17598663e-06,14050,401,2613
1116,0.962942898,1.05974686,5.83549887e-05,1.05974686,0,0.00470667284,0.0531130022,3.78367189e-13,5.61493266e-06,14800,401,2105
1117,0.910835147,1.03359965,4.77869117e-05,1.03359965,0,0.00429848522,0.0517444864,2.53732103e-13,6.5017574e-06,13400,401,2588
1118,0.849214077,1.00453842,7.50590289e-05,1.00453842,0,0.00397828563,0.0502264026,6.25984203e-13,5.38802901e-06,8250,401,1389
1119,0.426389337,0.864401307,5.59656609e-05,0.864401307,0,0.00326341391,0.0432546,3.48017245e-13,1.3513523e-05,8000,401,2198
1120,0.790176928,0.978622573,6.88886214e-05,0.978622573,0,0.0038126014,0.0488785861,5.27293573e-13,5.87611785e-06,11750,401,1697
1121,0.722148418,0.951162509,5.09484212e-05,0.951162509,0,0.00372098684,0.0474636808,2.88415736e-13,7.56870445e-06,14200,401,2437
1122,0.549870849,0.893809603,9.00006036e-05,0.893809603,0,0.00343352501,0.0446141397,9.00012071e-13,8.18884491e-06,14200,401,810
1123,0.0527483672,0.844920077,9.56847064e-05,0.844920077,0,0.00330583704,0.0429338081,1.01728478e-12,1.1254322e-05,18100,401,697
1124,0.700770378,0.943078416,5.02570574e-05,0.943078416,0,0.00369113105,0.0470520098,2.80641313e-13,7.96069984e-06,14200,401,2490
1125,0.280771405,0.84371778,9.87895295e-05,0.84371778,0,0.00322843535,0.042430776,1.08437457e-12,1.15524873e-05,17650,401,673
1126,0.323742807,0.848161254,6.31722567e-05,0.848161254,0,0.00325100637,0.0425812024,4.43414891e-13,1.38345365e-05,16950,401,1921
1127,0.456200451,0.870545924,7.09605953e-05,0.870545924,0,0.00327229143,0.0435302678,5.59489566e-13,1.22028601e-05,4300,401,1610
1128,0.96062696,1.05855477,5.49164142e-05,1.05855477,0,0.00468703424,0.053050473,3.35090283e-13,5.77479134e-06,14800,401,2243
1129,0.965727329,1.06118423,6.30183496e-05,1.06118423,0,0.00473047437,0.0531884116,4.41256932e-13,5.44955555e-06,14800,401,1925
1130,0.795884848,0.981044714,7.04507554e-05,0.981044714,0,0.00382592429,0.049004018,5.5147877e-13,5.74591763e-06,11750,401,1637
1131,0.134436086,0.83958831,0.000109638168,0.83958831,0,0.0030403688,0.0425140602,1.33561421e-12,1.00853804e-05,12900,401,581
1132,0.23800385,0.840728325,0.000128431103,0.840728325,0,0.00318543157,0.0423600081,1.83272757e-12,8.45403102e-06,15400,401,398
1133,0.426766068,0.864475063,5.62461265e-05,0.864475063,0,0.00326347426,0.0432578657,3.51514083e-13,1.34939519e-05,8000,401,2187
1134,0.656031132,0.927025806,6.0627857e-05,0.927025806,0,0.00362110142,0.0462429288,4.08415228e-13,8.07451139e-06,14200,401,2017
1135,0.356995553,0.85256814,4.16090059e-05,0.85256814,0,0.00325773771,0.0427515104,1.92367708e-13,1.46187553e-05,14800,401,2729
1136,0.713798761,0.947973669,5.0095905e-05,0.947973669,0,0.00370972758,0.0473009746,2.78844411e-13,7.78165677e-06,14200,401,2504
1137,0.388634235,0.857527643,3.92208081e-05,0.857527643,0,0.00325997408,0.0429564395,1.70919088e-13,1.44913499e-05,13400,401,2801
1138,0.0917091668,0.841685683,4.14512407e-05,0.841685683,0,0.00304098427,0.0427074424,1.90911706e-13,1.243834e-05,8300,401,2734
1139,0.336679906,0.849776511,5.34199292e-05,0.849776511,0,0.00325446118,0.0426419189,3.17076538e-13,1.42806138e-05,16950,401,2309
1140,0.692655265,0.940079046,5.10770769e-05,0.940079046,0,0.00367899526,0.046899967,2.89874199e-13,8.04262134e-06,14200,401,2428
1141,0.00095557957,0.851172542,0.000349560568,0.851172542,0,0.00387808925,0.0433189705,1.35769545e-11,3.24429264e-07,,401,3
1142,0.557055771,0.895833883,8.92783086e-05,0.895833883,0,0.00344804968,0.0447110545,8.85624043e-13,8.04494617e-06,14200,401,863
1143,0.633437693,0.919373265,6.88569845e-05,0.919373265,0,0.00358450641,0.045861517,5.26809368e-13,7.87577442e-06,14200,401,1698
1144,0.324672788,0.848273146,6.25035152e-05,0.848273146,0,0.00325129871,0.0425853318,4.34076602e-13,1.38660544e-05,16950,401,1947
1145,0.885414481,1.02136483,6.33657933e-05,1.02136483,0,0.00412704614,0.0511063405,4.46135974e-13,6.16054675e-06,1750,401,1915
1146,0.563135266,0.897572612,8.86736539e-05,0.897572612,0,0.00346012176,0.0447945925,8.73668545e-13,7.78818648e-06,14200,401,897
1147,0.664153576,0.929851942,5.78517126e-05,0.929851942,0,0.00363416963,0.0463845209,3.71868962e-13,8.0951385e-06,14200,401,2126
1148,0.0699967146,0.843332433,4.23408806e-05,0.843332433,0,0.00316967888,0.0428269028,1.99194463e-13,1.23244221e-05,14500,401,2710
1149,0.764072061,0.967776881,6.11210908e-05,0.967776881,0,0.00377067219,0.0483175132,4.15087526e-13,6.59934923e-06,14200,401,2000
1150,0.757871985,0.965257031,5.91711813e-05,0.965257031,0,0.00376362588,0.0481874264,3.89025411e-13,6.74927414e-06,14200,401,2075
1151,0.76196444,0.966917784,6.03896027e-05,0.966917784,0,0.00376824594,0.0482731437,4.05211568e-13,6.71317711e-06,14200,401,2027
1152,0.961817741,1.05916726,5.66799059e-05,1.05916726,0,0.0046971191,0.0530825989,3.56956859e-13,5.63635944e-06,14800,401,2171
1153,0.56354332,0.897690425,8.85425995e-05,0.897690425,0,0.00346091359,0.0448002636,8.71087992e-13,7.87672304e-06,14200,401,905
1154,0.283131391,0.843924639,9.68605397e-05,0.843924639,0,0.00323019571,0.0424369797,1.04244046e-12,1.1723378e-05,17650,401,687
1155,0.595327795,0.907172066,8.17954002e-05,0.907172066,0,0.00352022828,0.0452602886,7.433875e-13,7.6630901e-06,14200,401,1138
1156,0.945945024,1.05106061,3.85087934e-05,1.05106061,0,0.00456580111,0.0526576654,1.64769686e-13,6.3770041e-06,14050,401,2830
1157,0.45048672,0.869319851,6.82411704e-05,0.869319851,0,0.00326972611,0.0434747355,5.17428594e-13,1.24807134e-05,5850,401,1722
1158,0.858130038,1.00861724,7.32887831e-05,1.00861724,0,0.00400724863,0.0504397269,5.96805081e-13,5.46563594e-06,4800,401,1501
1159,0.336305916,0.849728137,5.3662607e-05,0.849728137,0,0.00325437933,0.0426400695,3.19963932e-13,1.42080497e-05,16950,401,2296
1160,0.0221212078,0.84834851,0.000230304309,0.84834851,0,0.00361415245,0.0431500731,5.89334164e-12,6.44503402e-06,,401,67
1161,0.843719602,1.00204626,7.54328487e-05,1.00204626,0,0.00396107752,0.0500962041,6.32234962e-13,5.31798998e-06,8800,401,1359
1162,0.871904433,1.01500294,6.92232449e-05,1.01500294,0,0.00405709918,0.0507740544,5.32428626e-13,5.81439419e-06,1550,401,1687
1163,0.164826229,0.839014961,0.000134376468,0.839014961,0,0.00309441838,0.0424205195,2.00633723e-12,7.80571259e-06,15400,401,320
1164,0.647364616,0.924053937,6.37611703e-05,0.924053937,0,0.00360709707,0.0460944534,4.5172076e-13,7.95655652e-06,14200,401,1901
1165,0.469099015,0.873396752,7.64222276e-05,0.873396752,0,0.00328085412,0.0436601809,6.48928541e-13,1.15740226e-05,1800,401,1277
1166,0.297931105,0.845321065,8.45730395e-05,0.845321065,0,0.00323977829,0.0424813558,7.94733224e-13,1.26407736e-05,16950,401,1056
1167,0.0553445034,0.84466525,8.64147775e-05,0.84466525,0,0.00328362335,0.0429170243,8.29723753e-13,1.1463878e-05,18100,401,995
1168,0.686219335,0.937727733,5.21132153e-05,0.937727733,0,0.00366911678,0.0467810479,3.01754134e-13,8.1155861e-06,14200,401,2370
1169,0.659058571,0.928074514,5.97210624e-05,0.928074514,0,0.00362597006,0.046295426,3.96289477e-13,8.0772156e-06,14200,401,2054
1170,0.514515817,0.884339398,8.86607471e-05,0.884339398,0,0.00335892442,0.0441661228,8.7341423e-13,9.42012071e-06,4250,401,899
1171,0.345403403,0.850937258,4.76199713e-05,0.850937258,0,0.00325614312,0.0426868544,2.51962408e-13,1.44413611e-05,16950,401,2594
1172,0.859359682,1.00918306,7.30599542e-05,1.00918306,0,0.00401136735,0.0504693397,5.930841e-13,5.60482612e-06,4350,401,1510
1173,0.56936574,0.899379158,8.76919704e-05,0.899379158,0,0.00347224317,0.0448816678,8.54431297e-13,7.82742138e-06,14200,401,945
1174,0.358398467,0.852772355,4.10818778e-05,0.852772355,0,0.00325788902,0.0427597183,1.87524521e-13,1.46363727e-05,14800,401,2744
1175,0.974892318,1.06594406,8.05019153e-05,1.06594406,0,0.00481030727,0.0534382421,7.20062041e-13,4.85388588e-06,10900,401,1172
1176,0.00969578978,0.849961405,0.000297632092,0.849961405,0,0.00376395783,0.0432473245,9.84276246e-12,3.1856544e-06,,401,30
1177,0.651948869,0.925620372,6.21512125e-05,0.925620372,0,0.00361450332,0.0461726589,4.29197024e-13,8.00855435e-06,14200,401,1959
1178,0.533579946,0.889344071,9.03718707e-05,0.889344071,0,0.00339963551,0.0444017315,9.0745278e-13,8.55508473e-06,10800,401,754
1179,0.953784525,1.05504762,4.5501471e-05,1.05504762,0,0.00462982738,0.052866586,2.30042652e-13,6.2578306e-06,14050,401,2636
1180,0.127750605,0.839816626,0.000101383478,0.839816626,0,0.00302721599,0.0425400466,1.14206773e-12,1.05817839e-05,9650,401,650
1181,0.982983232,1.07018248,9.84828284e-05,1.07018248,0,0.00488268377,0.0536608506,1.07765194e-12,3.92052274e-06,18050,401,674
1182,0.41691038,0.862579188,5.10399989e-05,0.862579188,0,0.00326209455,0.0431743273,2.89453498e-13,1.38395962e-05,11650,401,2430
1183,0.00521032233,0.850575091,0.000323837514,0.850575091,0,0.00382161707,0.0432837622,1.1652304e-11,1.76153445e-06,,401,16
1184,0.506050944,0.882194444,8.74341883e-05,0.882194444,0,0.00334091369,0.0440659893,8.49415254e-13,9.72592621e-06,3500,401,955
1185,0.596332669,0.907482285,8.13670263e-05,0.907482285,0,0.00352200772,0.0452754545,7.3562144e-13,7.58219511e-06,14200,401,1148
1186,0.17470333,0.838991924,0.000138409477,0.838991924,0,0.00310887872,0.0423988536,2.12857594e-12,7.23447569e-06,15400,401,249
1187,0.29388842,0.844922699,8.79502741e-05,0.844922699,0,0.00323740784,0.0424682986,8.59472302e-13,1.23949535e-05,17650,401,933
1188,0.708127797,0.945830799,4.99964337e-05,0.945830799,0,0.00370178454,0.0471918686,2.77738153e-13,7.90587893e-06,14200,401,2526
1189,0.277688086,0.843454032,0.00010124622,0.843454032,0,0.00322603564,0.0424230328,1.13897746e-12,1.13779601e-05,17650,401,652
1190,0.748979449,0.961680777,5.65740365e-05,0.961680777,0,0.00375363327,0.0480031285,3.55624622e-13,6.98880302e-06,14200,401,2176
1191,0.340151578,0.850231615,5.09663739e-05,0.850231615,0,0.00325518972,0.0426594199,2.8861903e-13,1.43666002e-05,16950,401,2435
1192,0.579925954,0.90249761,8.55593741e-05,0.90249761,0,0.00349226059,0.0450326133,8.133785e-13,7.61738102e-06,14200,401,1023
1193,0.431432575,0.865396828,5.86920024e-05,0.865396828,0,0.00326431077,0.0432987738,3.82750128e-13,1.32903425e-05,8000,401,2090
1194,0.258727401,0.841996357,0.000115398733,0.841996357,0,0.00320875286,0.0423844413,1.47965196e-12,9.96769892e-06,17650,401,531
1195,0.101251252,0.841085945,5.88870833e-05,0.841085945,0,0.00300641371,0.0426598224,3.85298731e-13,1.21503727e-05,2300,401,2082
1196,0.116380036,0.840289989,8.50323039e-05,0.840289989,0,0.0030061397,0.0425885772,8.03388078e-13,1.13621462e-05,3450,401,1039
1197,0.0979408622,0.841285464,5.28731669e-05,0.841285464,0,0.00301613255,0.0426760574,3.10619086e-13,1.22482762e-05,3850,401,2332
1198,0.622506618,0.915782036,7.29531025e-05,0.915782036,0,0.00356658178,0.0456836069,5.91350573e-13,7.77670063e-06,14200,401,1515
1199,0.450956225,0.869419866,6.84284167e-05,0.869419866,0,0.00326991145,0.043479258,5.20272023e-13,1.24873852e-05,5600,401,1717
1200,0.398230821,0.859177305,4.24336416e-05,0.859177305,0,0.00326051322,0.0430267494,2.00068215e-13,1.43030995e-05,13400,401,2708
1201,0.27920863,0.843583258,9.99550789e-05,0.843583258,0,0.00322722996,0.0424268044,1.11011309e-12,1.14841998e-05,17650,401,660
1202,0.0171015784,0.848984732,0.000256528322,0.848984732,0,0.00367292759,0.0431887085,7.31186445e-12,5.16850832e-06,,401,52
1203,0.747894406,0.961247411,5.62277152e-05,0.961247411,0,0.00375240114,0.0479808239,3.51283996e-13,7.14325433e-06,14200,401,2188
1204,0.923156798,1.03965333,3.98481632e-05,1.03965333,0,0.00438867219,0.0520607429,1.76430679e-13,6.69928757e-06,13400,401,2780
1205,0.746782899,0.960804198,5.5944969e-05,0.960804198,0,0.00375114379,0.0479580189,3.4775995e-13,7.09937925e-06,14200,401,2199
1206,0.948404729,1.05230793,4.03552085e-05,1.05230793,0,0.00458571509,0.0527230113,1.80949206e-13,6.41468108e-06,14050,401,2765
1207,0.321235478,0.847863064,6.52228919e-05,0.847863064,0,0.00325018779,0.042570263,4.72669515e-13,1.37693459e-05,16950,401,1844
1208,0.00798121653,0.850193953,0.000307495497,0.850193953,0,0.00378577344,0.0432611661,1.05059423e-11,2.62950168e-06,,401,24
1209,0.439254314,0.86697628,6.27502605e-05,0.86697628,0,0.00326609725,0.0433692744,4.37510577e-13,1.30037795e-05,8000,401,1939
1210,0.850484669,1.00511691,7.47948939e-05,1.00511691,0,0.00398232549,0.0502566422,6.21586239e-13,5.38921554e-06,7950,401,1412
1211,0.830707431,0.996209331,7.59477121e-05,0.996209331,0,0.00392170284,0.0497917412,6.40894998e-13,5.29515773e-06,11600,401,1289
1212,0.834114134,0.997728669,7.59657548e-05,0.997728669,0,0.00393184054,0.0498709251,6.41199544e-13,5.14110276e-06,8900,401,1287
1213,0.0994642377,0.841192575,5.56569526e-05,0.841192575,0,0.00301130182,0.0426685557,3.44188486e-13,1.2215265e-05,3450,401,2211
1214,0.504656076,0.881845582,8.70770519e-05,0.881845582,0,0.0033379876,0.0440497516,8.42490331e-13,9.83561927e-06,3450,401,968
1215,0.580833972,0.902769085,8.54198405e-05,0.902769085,0,0.00349394885,0.0450457903,8.10727683e-13,7.63361612e-06,14200,401,1030
1216,0.577223063,0.90169267,8.6206766e-05,0.90169267,0,0.00348720414,0.0449935762,8.25734055e-13,7.68071489e-06,14200,401,1001
1217,0.500217557,0.880744284,8.60985822e-05,0.880744284,0,0.0033287705,0.0439985844,8.23662872e-13,1.00453045e-05,2850,401,1006
1218,0.670346856,0.932033474,5.60539538e-05,0.932033474,0,0.00364409864,0.0464940728,3.49116193e-13,8.07656638e-06,14200,401,2196
1219,0.488612175,0.877927229,8.31260342e-05,0.877927229,0,0.00330631666,0.0438682901,7.67770841e-13,1.06184552e-05,1850,401,1100
1220,0.194637209,0.839188444,0.000141330626,0.839188444,0,0.00313396776,0.0423681284,2.21937177e-12,6.63351954e-06,15400,401,129
1221,0.737564981,0.957155815,5.35113173e-05,0.957155815,0,0.00374035688,0.047770558,3.18162342e-13,7.35824702e-06,14200,401,2303
1222,0.122119099,0.840037728,9.36598058e-05,0.840037728,0,0.00301633958,0.0425634183,9.74684358e-13,1.09898792e-05,4200,401,713
1223,0.473576784,0.874413296,7.80400348e-05,0.874413296,0,0.0032850858,0.0437067286,6.76694114e-13,1.13754064e-05,1750,401,1235
1224,0.619764745,0.914892692,7.3837484e-05,0.914892692,0,0.00356203098,0.0456396639,6.05774893e-13,7.85144854e-06,14200,401,1471
1225,0.882434964,1.01995347,6.48741267e-05,1.01995347,0,0.00410909329,0.0510327521,4.67628035e-13,6.05781681e-06,1650,401,1857
1226,0.112520605,0.840474941,7.87490691e-05,0.840474941,0,0.00300060831,0.0426061998,6.89046209e-13,1.16174926e-05,2050,401,1216
1227,0.323055089,0.848079093,6.37452836e-05,0.848079093,0,0.00325078814,0.0425781808,4.51495687e-13,1.37927667e-05,16950,401,1902
1228,0.833892047,0.9976294,7.59080395e-05,0.9976294,0,0.0039311773,0.0498657497,6.40225607e-13,5.14810675e-06,8900,401,1293
1229,0.926458955,1.0412895,3.8274056e-05,1.0412895,0,0.00441351166,0.0521462823,1.62767041e-13,6.6528949e-06,13400,401,2841
1230,0.696486652,0.941490312,5.06018094e-05,0.941490312,0,0.00368476992,0.0469714588,2.8450479e-13,7.98789907e-06,14200,401,2459
1231,0.576309443,0.90142166,8.63558958e-05,0.90142166,0,0.00348548528,0.0449804445,8.28593416e-13,7.80058681e-06,14200,401,998
1232,0.875217617,1.01655398,6.80372938e-05,1.01655398,0,0.00407132603,0.0508552195,5.14341483e-13,5.87740519e-06,1600,401,1732
1233,0.634478927,0.919718953,6.84903086e-05,0.919718953,0,0.0035862031,0.0458786804,5.21213597e-13,7.92705743e-06,14200,401,1713
1234,0.602341294,0.909350063,7.9704296e-05,0.909350063,0,0.00353251332,0.0453669105,7.05863867e-13,7.65488132e-06,14200,401,1193
1235,0.024738783,0.848025062,0.000217055657,0.848025062,0,0.00358443613,0.0431302809,5.23479537e-12,7.01645235e-06,,401,75
1236,0.200173035,0.839300578,0.000141004351,0.839300578,0,0.0031403271,0.0423626565,2.20913634e-12,6.64925179e-06,15400,401,164
1237,0.691934526,0.93981469,5.11250654e-05,0.93981469,0,0.00367789296,0.0468865857,2.90419146e-13,8.02522679e-06,14200,401,2425
1238,0.0789100155,0.842608913,2.91809948e-05,0.842608913,0,0.00311033641,0.0427758667,9.46144953e-14,1.2500749e-05,13000,401,2993
1239,0.859985888,1.00947142,7.29255921e-05,1.00947142,0,0.00401348325,0.0504844327,5.90904665e-13,5.69163487e-06,4300,401,1517
1240,0.763472795,0.967532256,6.09874878e-05,0.967532256,0,0.00376998143,0.0483048773,4.13274853e-13,6.59714238e-06,14200,401,2005
1241,0.248191923,0.841309011,0.000122363183,0.841309011,0,0.00319738441,0.0423697053,1.66363873e-12,9.16709793e-06,15400,401,463
1242,0.312780499,0.846892484,7.20442219e-05,0.846892484,0,0.00324701113,0.0425353216,5.76707768e-13,1.33837177e-05,16950,401,1562
1243,0.343156189,0.850632765,4.90546792e-05,0.850632765,0,0.00325575205,0.0426749728,2.67373506e-13,1.44331695e-05,16950,401,2563
1244,0.489861071,0.878225933,8.34713746e-05,0.878225933,0,0.00330855155,0.043882069,7.74163375e-13,1.05416222e-05,1850,401,1090
1245,0.810549319,0.987349551,7.37014039e-05,0.987349551,0,0.00386411809,0.0493309576,6.03544104e-13,5.4099407e-06,11750,401,1480
1246,0.575653136,0.901227312,8.64658814e-05,0.901227312,0,0.0034842428,0.0449710311,8.30705406e-13,7.70990574e-06,14200,401,991
1247,0.623338997,0.916052843,7.25579515e-05,0.916052843,0,0.00356795083,0.0456969966,5.84961814e-13,7.80850487e-06,14200,401,1533
1248,0.185641602,0.839059713,0.000140828967,0.839059713,0,0.00312320154,0.0423798559,2.20364421e-12,6.77356461e-06,15400,401,174
1249,0.332658172,0.849260846,5.63339439e-05,0.849260846,0,0.00325351717,0.0426222883,3.52612581e-13,1.41513694e-05,16950,401,2183
1250,0.790594876,0.978799501,6.90721801e-05,0.978799501,0,0.00381352888,0.0488877463,5.30107341e-13,5.85978501e-06,11750,401,1689
1251,0.89228791,1.02463904,5.96007745e-05,1.02463904,0,0.00417092279,0.0512770192,3.94694703e-13,6.26875416e-06,3250,401,2058
1252,0.201068521,0.83932093,0.000140891782,0.83932093,0,0.00314134993,0.0423618894,2.20561047e-12,6.67433805e-06,15400,401,172
1253,0.666282773,0.930599244,5.71968727e-05,0.930599244,0,0.00363758894,0.0464220238,3.63498028e-13,8.10511399e-06,14200,401,2148
1254,0.18622002,0.839065966,0.000140942712,0.839065966,0,0.00312391468,0.0423789943,2.20720534e-12,6.7669284e-06,15400,401,167
1255,0.616328895,0.913784902,7.50754045e-05,0.913784902,0,0.00355631119,0.0455849946,6.26257373e-13,7.67680613e-06,14200,401,1388
1256,0.570356131,0.899668659,8.75318473e-05,0.899668659,0,0.00347414761,0.0448956476,8.5131381e-13,7.7782135e-06,14200,401,950
1257,0.856893003,1.00804866,7.3522819e-05,1.00804866,0,0.00400313089,0.050409974,6.00622768e-13,5.54557973e-06,5850,401,1485
1258,0.179385707,0.839008952,0.000139749913,0.839008952,0,0.00311520953,0.0423900795,2.17000425e-12,6.99851034e-06,15400,401,213
1259,0.204012692,0.839392716,0.000140562353,0.839392716,0,0.00314470665,0.0423596198,2.19530835e-12,6.67904396e-06,15400,401,187
1260,0.29975751,0.845505094,8.29546509e-05,0.845505094,0,0.00324078556,0.0424874808,7.64608235e-13,1.27439517e-05,16950,401,1103
1261,0.787246406,0.9773862,6.81137706e-05,0.9773862,0,0.00380626323,0.0488145831,5.15498416e-13,5.95829203e-06,11750,401,1730
1262,0.200502619,0.839307925,0.000140956169,0.839307925,0,0.00314069818,0.0423623675,2.20762683e-12,6.67774192e-06,15400,401,165
1263,0.855739117,1.00751909,7.38137593e-05,1.00751909,0,0.00399932197,0.0503822684,6.05385674e-13,5.47763649e-06,6500,401,1474
1264,0.0417671166,0.846059742,0.000138788745,0.846059742,0,0.00340653955,0.0430074818,2.14025731e-12,9.98951101e-06,,401,238
1265,0.468724132,0.873312333,7.62659539e-05,0.873312333,0,0.00328054294,0.0436563197,6.46277303e-13,1.16143218e-05,1800,401,1279
1266,0.560151815,0.896716461,8.90839984e-05,0.896716461,0,0.00345422255,0.0447534253,8.81773198e-13,7.92884801e-06,14200,401,878
1267,0.00278083235,0.850914389,0.000338304057,0.850914389,0,0.00385365012,0.0433037889,1.27166261e-11,9.65861304e-07,,401,9
1268,0.496212274,0.879761723,8.51901278e-05,0.879761723,0,0.00332067871,0.0439530464,8.06373098e-13,1.020918e-05,2050,401,1034
1269,0.135269538,0.839562345,0.000110576693,0.839562345,0,0.00304200431,0.0425109521,1.35857834e-12,1.00204354e-05,12900,401,573
1270,0.0521009192,0.844984431,9.80694339e-05,0.844984431,0,0.00331147626,0.0429380267,1.06862376e-12,1.11824451e-05,18100,401,678
1271,0.994332373,1.07618508,0.000126635241,1.07618508,0,0.00498721562,0.0539763392,1.78183157e-12,2.84597514e-06,18050,401,420
1272,0.400738716,0.859619277,4.3347273e-05,0.859619277,0,0.00326068426,0.0430457335,2.08776231e-13,1.42954054e-05,13400,401,2684
1273,0.658997595,0.928053441,5.96358811e-05,0.928053441,0,0.00362587484,0.0462943709,3.95159812e-13,8.06728063e-06,14200,401,2057
1274,0.515127718,0.884496301,8.88214537e-05,0.884496301,0,0.0033602302,0.0441734679,8.76583405e-13,9.36981496e-06,4250,401,891
1275,0.0061351289,0.850447187,0.000318260583,0.850447187,0,0.00380956854,0.0432761914,1.1254422e-11,2.09293602e-06,,401,19
1276,0.449298173,0.869067788,6.77333921e-05,0.869067788,0,0.0032692647,0.0434633488,5.09756934e-13,1.25254879e-05,6550,401,1747
1277,0.85780257,1.00846648,7.34675908e-05,1.00846648,0,0.00400614309,0.050431837,5.99720767e-13,5.51083148e-06,5200,401,1490
1278,0.391414046,0.857998698,4.00535784e-05,0.857998698,0,0.00326012245,0.0429764237,1.7825435e-13,1.4444939e-05,13400,401,2775
1279,0.865487993,1.0120156,7.14121372e-05,1.0120156,0,0.0040326717,0.0506176317,5.66632593e-13,5.69847037e-06,1550,401,1587
1280,0.469442427,0.873474363,7.64614461e-05,0.873474363,0,0.00328115375,0.0436637314,6.49594748e-13,1.1575334e-05,1800,401,1275
1281,0.117763773,0.840226744,8.72300536e-05,0.840226744,0,0.00300845267,0.0425823944,8.45453584e-13,1.12739565e-05,3450,401,961
1282,0.500598013,0.880838026,8.61702084e-05,0.880838026,0,0.00332955522,0.044002934,8.25033868e-13,1.00110627e-05,3450,401,1002
1283,0.576691151,0.901534663,8.64317296e-05,0.901534663,0,0.0034861992,0.0449859189,8.30049319e-13,7.62720492e-06,14200,401,992
1284,0.888224125,1.02270031,6.19357153e-05,1.02270031,0,0.00414466,0.0511759547,4.26225869e-13,6.18803459e-06,1850,401,1969
1285,0.851138771,1.0054151,7.48414763e-05,1.0054151,0,0.00398442442,0.0502722318,6.22360731e-13,5.33934371e-06,7950,401,1408
1286,0.562965631,0.897523802,8.86411866e-05,0.897523802,0,0.0034597776,0.0447922445,8.73028884e-13,7.88947604e-06,14200,401,901
1287,0.482667863,0.87651948,8.12147519e-05,0.87651948,0,0.00329656691,0.0438034532,7.32870659e-13,1.09338027e-05,1800,401,1153
1288,0.940448642,1.04828429,3.60973125e-05,1.04828429,0,0.0045218489,0.0525122723,1.44779553e-13,6.47895259e-06,14050,401,2928
1289,0.362179399,0.853329973,3.9604854e-05,0.853329973,0,0.00325826133,0.0427822433,1.74282718e-13,1.46330185e-05,14800,401,2786
1290,0.0901446268,0.841791333,3.87376686e-05,0.841791333,0,0.00304827609,0.0427155168,1.66734108e-13,1.24880879e-05,8900,401,2822
1291,0.268657595,0.842724428,0.00010822709,0.842724428,0,0.00321833969,0.0424027123,1.30145589e-12,1.07019546e-05,17650,401,593
1292,0.21625331,0.83976663,0.000137659766,0.83976663,0,0.00315889784,0.0423541387,2.10557902e-12,7.14816901e-06,15400,401,264
1293,0.128341764,0.839794915,0.000102119028,0.839794915,0,0.00302838092,0.0425376692,1.15869953e-12,1.05243558e-05,9650,401,644
1294,0.152639657,0.83915347,0.000126828977,0.83915347,0,0.00307436836,0.0424531547,1.78728771e-12,8.64640809e-06,15400,401,417
1295,0.623286128,0.91603579,7.25445154e-05,0.91603579,0,0.00356786732,0.0456961534,5.84745191e-13,7.84260269e-06,14200,401,1534
1296,0.100808971,0.841112022,5.81276139e-05,0.841112022,0,0.00300753448,0.0426619739,3.75424389e-13,1.21636239e-05,2650,401,2114
1297,0.555075347,0.895272711,8.96397592e-05,0.895272711,0,0.0034440718,0.0446841503,8.92809604e-13,7.99827859e-06,14200,401,845
1298,0.534382403,0.889559947,9.0397038e-05,0.889559947,0,0.00340132512,0.044411954,9.07958276e-13,8.56316655e-06,10800,401,747
1299,0.614379585,0.913159641,7.57479424e-05,0.913159641,0,0.00355303944,0.0455541711,6.37527864e-13,7.80666495e-06,14200,401,1317
1300,0.0047465926,0.850639357,0.000326551506,0.850639357,0,0.00382769056,0.0432875631,1.18484318e-11,1.60857775e-06,,401,15
1301,0.0695507824,0.843370313,4.33752307e-05,0.843370313,0,0.00317285635,0.0428295283,2.09045626e-13,1.23124066e-05,14500,401,2683
1302,0.628806114,0.917842808,7.05947068e-05,0.917842808,0,0.00357693916,0.0457856083,5.53734737e-13,7.86012441e-06,14200,401,1628
1303,0.473062307,0.874295785,7.78891525e-05,0.874295785,0,0.00328456224,0.0437013422,6.74080008e-13,1.14068964e-05,1750,401,1238
1304,0.24062039,0.840869625,0.000126889615,0.840869625,0,0.00318856611,0.0423620765,1.78899715e-12,8.58709058e-06,15400,401,415
1305,0.325306207,0.84834981,6.20244654e-05,0.84834981,0,0.00325148819,0.0425881697,4.27448256e-13,1.3900961e-05,16950,401,1965
1306,0.128180474,0.839800826,0.000101947696,0.839800826,0,0.00302806211,0.0425383183,1.15481474e-12,1.05538478e-05,9650,401,645
1307,0.881229877,1.01938363,6.54610237e-05,1.01938363,0,0.00410213443,0.0510030289,4.76127292e-13,6.0719684e-06,1650,401,1835
1308,0.567332089,0.898786824,8.80354402e-05,0.898786824,0,0.00346831408,0.0448530873,8.61137637e-13,7.82034444e-06,14200,401,930
1309,0.612827718,0.912663545,7.61933635e-05,0.912663545,0,0.00355042858,0.0455297323,6.45047626e-13,7.67305148e-06,14200,401,1280
1310,0.850208998,1.00499125,7.48147731e-05,1.00499125,0,0.00398144348,0.0502500733,6.21916697e-13,5.35319487e-06,8250,401,1410
1311,0.677372277,0.934535473,5.4192268e-05,0.934535473,0,0.00365526477,0.0466199868,3.26311324e-13,8.06218928e-06,14200,401,2275
1312,0.183888614,0.839042265,0.000140599437,0.839042265,0,0.00312100947,0.0423825482,2.19646687e-12,6.85751285e-06,15400,401,186
1313,0.591445804,0.905979745,8.29176213e-05,0.905979745,0,0.00351330978,0.045202061,7.63925768e-13,7.57486625e-06,14200,401,1106
1314,0.327810645,0.84865543,5.99995288e-05,0.84865543,0,0.00325223029,0.0425995289,3.99993717e-13,1.39653715e-05,16950,401,2042
1315,0.587233424,0.904696777,8.39229909e-05,0.904696777,0,0.00350570534,0.0451395227,7.82563156e-13,7.6822183e-06,14200,401,1075
1316,0.133177459,0.839628427,0.000108081828,0.839628427,0,0.00303789757,0.0425188039,1.29796462e-12,1.01765407e-05,12900,401,595
1317,0.493210793,0.879032469,8.43494208e-05,0.879032469,0,0.00331481899,0.0439193143,7.90536087e-13,1.03804456e-05,1950,401,1063
1318,0.966254115,1.06145659,6.40396018e-05,1.06145659,0,0.00473500697,0.0532027013,4.5567451e-13,5.32841526e-06,14800,401,1890
1319,0.645970643,0.923580128,6.42744764e-05,0.923580128,0,0.00360484279,0.046070822,4.59023147e-13,7.98815929e-06,14200,401,1880
1320,0.979649305,1.06843181,9.05863258e-05,1.06843181,0,0.00485264715,0.0535688868,9.11764713e-13,4.51288445e-06,10900,401,737
1321,0.862592459,1.01067473,7.22612926e-05,1.01067473,0,0.00402243079,0.0505474244,5.80188268e-13,5.64579585e-06,1550,401,1551
1322,0.523305535,0.88661698,8.97380193e-05,0.88661698,0,0.00337775434,0.0442730106,8.94768013e-13,8.96967304e-06,6300,401,831
1323,0.391283125,0.857976288,4.00469282e-05,0.857976288,0,0.00326011654,0.0429754699,1.78195162e-13,1.44762671e-05,13400,401,2777
1324,0.944291711,1.05022347,3.7586991e-05,1.05022347,0,0.00455250376,0.0526138181,1.56975766e-13,6.36792883e-06,14050,401,2889
1325,0.728208899,0.95350223,5.17353038e-05,0.95350223,0,0.00372881354,0.0475833193,2.97393517e-13,7.52619184e-06,14200,401,2390
1326,0.0802539438,0.842505611,2.90651494e-05,0.842505611,0,0.00310211212,0.0427684196,9.38647678e-14,1.25162828e-05,13000,401,2996
1327,0.137998536,0.839481691,0.000113536132,0.839481691,0,0.00304731084,0.0425010014,1.4322726e-12,9.82351562e-06,12900,401,549
1328,0.198989034,0.839274397,0.000141155227,0.839274397,0,0.00313897634,0.042363711,2.21386645e-12,6.62144818e-06,15400,401,155
1329,0.190336645,0.839118672,0.000141234134,0.839118672,0,0.00312890435,0.0423732971,2.21634229e-12,6.67933624e-06,15400,401,148
1330,0.702918291,0.943878441,5.01545909e-05,0.943878441,0,0.00369427847,0.0470926293,2.7949811e-13,7.89083531e-06,14200,401,2499
1331,0.104319721,0.840909179,6.45838506e-05,0.840909179,0,0.00300035727,0.0426449919,4.6345264e-13,1.20010456e-05,1850,401,1869
1332,0.0437913314,0.845842169,0.00013042348,0.845842169,0,0.00338715554,0.0429935766,1.89003156e-12,1.02224537e-05,,401,372
1333,0.272816122,0.84305238,0.00010505662,0.84305238,0,0.00322200535,0.0424116287,1.22632149e-12,1.10128583e-05,17650,401,621
1334,0.675203741,0.933759963,5.46875341e-05,0.933759963,0,0.00365182979,0.046580929,3.32302932e-13,8.07225636e-06,14200,401,2251
1335,0.242422223,0.840970035,0.00012591088,0.840970035,0,0.00319070672,0.0423636675,1.76150553e-12,8.75768185e-06,15400,401,426
1336,0.935354352,1.04572507,3.56592011e-05,1.04572507,0,0.00448182523,0.0523783119,1.41286513e-13,6.52700172e-06,13400,401,2949
1337,0.97853452,1.06784764,8.81990155e-05,1.06784764,0,0.00484266668,0.053538205,8.64340704e-13,4.59400173e-06,10900,401,923
1338,0.797541559,0.981750968,7.07984716e-05,0.981750968,0,0.00382999631,0.0490406071,5.56935954e-13,5.73885515e-06,11750,401,1619
1339,0.567495286,0.898834191,8.8040121e-05,0.898834191,0,0.00346862326,0.0448553718,8.61229211e-13,7.81559045e-06,14200,401,929
1340,0.393921852,0.858428242,4.07147017e-05,0.858428242,0,0.0032602586,0.0429947111,1.84187437e-13,1.44234277e-05,13400,401,2754
1341,0.0822753385,0.842352974,2.94918272e-05,0.842352974,0,0.00309012845,0.0427573316,9.66408743e-14,1.25532939e-05,10100,401,2988
1342,0.748537123,0.961503916,5.64977463e-05,0.961503916,0,0.00375313265,0.0479940252,3.54666148e-13,7.02853976e-06,14200,401,2178
1343,0.860774338,1.00983508,7.26516823e-05,1.00983508,0,0.00401617318,0.0505034681,5.86474104e-13,5.57902209e-06,1550,401,1529
1344,0.940995097,1.04855946,3.62405553e-05,1.04855946,0,0.00452618819,0.0525266797,1.45930872e-13,6.53837842e-06,14050,401,2925
1345,0.386620522,0.857189965,3.87506437e-05,0.857189965,0,0.0032598663,0.0429421617,1.66845821e-13,1.45360357e-05,13400,401,2817
1346,0.202063963,0.83934444,0.000140781947,0.83934444,0,0.0031424796,0.0423610823,2.20217297e-12,6.69759043e-06,15400,401,178
1347,0.127222613,0.839836252,0.00010071122,0.839836252,0,0.00302618376,0.0425421815,1.1269722e-12,1.06288427e-05,5750,401,656
1348,0.351146936,0.851732754,4.4359804e-05,0.851732754,0,0.00325701389,0.0427181871,2.18643579e-13,1.45502297e-05,16800,401,2663
1349,0.813648164,0.988697051,7.4266767e-05,0.988697051,0,0.00387267951,0.0494009332,6.12839187e-13,5.31103516e-06,11750,401,1446
1350,0.641149759,0.921950678,6.60356942e-05,0.921950678,0,0.00359703324,0.0459896418,4.84523656e-13,7.95637236e-06,14200,401,1814
1351,0.265657425,0.842496188,0.000110442007,0.842496188,0,0.0032155684,0.0423967391,1.35527076e-12,1.05369104e-05,17650,401,575
1352,0.383597583,0.856688787,3.81723493e-05,0.856688787,0,0.00325970552,0.0429210503,1.61903139e-13,1.46032293e-05,13400,401,2845
1353,0.994517386,1.07628349,0.000127163853,1.07628349,0,0.0049889501,0.0539815144,1.79673839e-12,2.68426299e-06,18050,401,412
1354,0.471158743,0.873862679,7.72967988e-05,0.873862679,0,0.00328269742,0.0436815035,6.63866123e-13,1.14149335e-05,1750,401,1254
1355,0.908958256,1.03268444,4.91472109e-05,1.03268444,0,0.00428510283,0.051696707,2.68383149e-13,6.62288086e-06,12350,401,2561
1356,0.168513656,0.838996928,0.000136261109,0.838996928,0,0.00310000133,0.0424119258,2.06300997e-12,7.56510293e-06,15400,401,289
1357,0.499406517,0.880544562,8.59568585e-05,0.880544562,0,0.0033271188,0.0439893194,8.20953503e-13,1.00223643e-05,2300,401,1012
1358,0.801098049,0.983272448,7.17632621e-05,0.983272448,0,0.0038389853,0.0491194567,5.72218421e-13,5.59187136e-06,11750,401,1575
1359,0.593543649,0.906622874,8.22937916e-05,0.906622874,0,0.00351706096,0.0452334556,7.52474237e-13,7.61454634e-06,14200,401,1125
1360,0.508167922,0.882726316,8.77288246e-05,0.882726316,0,0.00334538843,0.0440907699,8.5514963e-13,9.70298024e-06,3850,401,941
1361,0.072067,0.843158461,3.79168267e-05,0.843158461,0,0.00315518573,0.042814794,1.59742861e-13,1.237084e-05,14500,401,2861
1362,0.00257894141,0.850942771,0.000339568586,0.850942771,0,0.00385633544,0.0433054601,1.28118694e-11,8.84573207e-07,,401,8
1363,0.361286581,0.853197415,4.01199728e-05,0.853197415,0,0.00325818169,0.042776874,1.78845802e-13,1.46359924e-05,14800,401,2772
1364,0.122676998,0.840014569,9.44465904e-05,0.840014569,0,0.00301738909,0.0425610402,9.91128716e-13,1.09575637e-05,4200,401,706
1365,0.573042333,0.900456749,8.70229204e-05,0.900456749,0,0.00347929841,0.0449337379,8.41443187e-13,7.72395269e-06,14200,401,969
1366,0.379708618,0.856053739,3.77246852e-05,0.856053739,0,0.00325949808,0.0428944357,1.58127986e-13,1.4597892e-05,14050,401,2875
1367,0.911507607,1.03392783,4.72367397e-05,1.03392783,0,0.00430329672,0.0517616231,2.47923287e-13,6.62583382e-06,13400,401,2599
1368,0.0143215489,0.849346064,0.00027163434,0.849346064,0,0.0037064881,0.0432104881,8.19835721e-12,4.48938545e-06,,401,43
1369,0.533085704,0.88921154,9.02268756e-05,0.88921154,0,0.00339858328,0.0443954581,9.0454323e-13,8.69076529e-06,8800,401,785
1370,0.793403268,0.97998949,6.99313833e-05,0.97998949,0,0.00381999265,0.0489493636,5.43377596e-13,5.73796342e-06,11750,401,1659
1371,0.110678293,0.840567636,7.56592589e-05,0.840567636,0,0.00299873678,0.042614789,6.3603594e-13,1.169292e-05,1950,401,1332
1372,0.0649880767,0.843767975,5.53443375e-05,0.843767975,0,0.00320642058,0.0428568337,3.40332854e-13,1.21233554e-05,17750,401,2223
1373,0.260062397,0.842089603,0.000114518801,0.842089603,0,0.00321010832,0.042386645,1.45717286e-12,1.00823756e-05,17650,401,540
1374,0.0472210683,0.845481188,0.00011671107,0.845481188,0,0.00335515966,0.0429703467,1.51349711e-12,1.06623837e-05,18100,401,518
1375,0.0507778041,0.845117148,0.000102964889,0.845117148,0,0.00332310551,0.0429467052,1.17797426e-12,1.10423223e-05,18100,401,637
1376,0.942033172,1.049083,3.65329098e-05,1.049083,0,0.00453444218,0.0525540922,1.48294833e-13,6.5343113e-06,14050,401,2917
1377,0.150249466,0.839194955,0.000124995236,0.839194955,0,0.00307015186,0.042460322,1.73597877e-12,8.83317808e-06,15400,401,436
1378,0.584335506,0.903820628,8.45892198e-05,0.903820628,0,0.00350041541,0.0450968854,7.95037345e-13,7.65443633e-06,14200,401,1055
1379,0.46398738,0.872253174,7.42997064e-05,0.872253174,0,0.00327690558,0.0436079461,6.13382931e-13,1.18578305e-05,2950,401,1443
1380,0.587961733,0.904917789,8.38017313e-05,0.904917789,0,0.00350703138,0.0451502875,7.80303353e-13,7.63810066e-06,14200,401,1079
1381,0.936173081,1.04613531,3.55505013e-05,1.04613531,0,0.00448821592,0.0523997808,1.40426461e-13,6.56564271e-06,14050,401,2954
1382,0.835427046,0.998315829,7.59534657e-05,0.998315829,0,0.00393578869,0.049901539,6.40992105e-13,5.19052207e-06,8900,401,1288
1383,0.0676911697,0.843530326,4.79831921e-05,0.843530326,0,0.00318629888,0.0428405677,2.55820747e-13,1.22428819e-05,16250,401,2584
1384,0.0803842396,0.842495627,2.88231765e-05,0.842495627,0,0.0031013233,0.0427676981,9.23083893e-14,1.25278221e-05,13000,401,3000
1385,0.000343162217,0.851259678,0.000353376611,0.851259678,0,0.00388635717,0.0433240853,1.38750032e-11,1.16517702e-07,,401,2
1386,0.629519522,0.918077743,7.03455085e-05,0.918077743,0,0.00357810583,0.0457972522,5.49832285e-13,7.89207618e-06,14200,401,1638
1387,0.0581978932,0.844391766,7.65620227e-05,0.844391766,0,0.00325990386,0.0428988667,6.51304813e-13,1.16947545e-05,17750,401,1272
1388,0.0921368524,0.841657143,4.22960273e-05,0.841657143,0,0.00303905953,0.0427052485,1.98772659e-13,1.24056078e-05,7700,401,2712
1389,0.335436016,0.849615691,5.42724839e-05,0.849615691,0,0.00325418022,0.0426357735,3.27278057e-13,1.41850664e-05,16950,401,2269
1390,0.262365699,0.842253997,0.00011279865,0.842253997,0,0.00321239769,0.0423906372,1.41372615e-12,1.02360169e-05,17650,401,554
1391,0.856469333,1.00785417,7.35794719e-05,1.00785417,0,0.00400172708,0.0503997988,6.01548743e-13,5.40386619e-06,5900,401,1484
1392,0.262031347,0.842230049,0.000113099138,0.842230049,0,0.00321207481,0.0423900513,1.42126834e-12,1.02166954e-05,17650,401,553
1393,0.353861451,0.852117342,4.2982198e-05,0.852117342,0,0.00325737084,0.0427334771,2.05274372e-13,1.46208649e-05,16600,401,2696
1394,0.597742856,0.907918637,8.09413687e-05,0.907918637,0,0.00352448804,0.0452967991,7.27945019e-13,7.70976974e-06,14200,401,1161
1395,0.470000654,0.873600384,7.68842852e-05,0.873600384,0,0.00328164628,0.0436694974,6.56799257e-13,1.14874882e-05,1750,401,1265
1396,0.767640412,0.969236887,6.22520121e-05,0.969236887,0,0.00377490977,0.0483929593,4.30590335e-13,6.55334285e-06,14200,401,1956
1397,0.693097591,0.940241556,5.10133114e-05,0.940241556,0,0.0036796643,0.0469081953,2.89150882e-13,8.0484722e-06,14200,401,2432
1398,0.87703228,1.01740598,6.73552546e-05,1.01740598,0,0.00407986836,0.050899766,5.04081147e-13,5.79433277e-06,1600,401,1761
1399,0.752035141,0.96290454,5.74720228e-05,0.96290454,0,0.00375707588,0.0480661478,3.67003711e-13,6.89967924e-06,14200,401,2140
1400,0.596375763,0.907495528,8.14273186e-05,0.907495528,0,0.00352208327,0.0452761021,7.36712025e-13,7.66526767e-06,14200,401,1147
1401,0.0639070868,0.843864754,5.84735165e-05,0.843864754,0,0.00321465879,0.0428634159,3.79905792e-13,1.20177253e-05,17750,401,2100
1402,0.969197929,1.06298148,6.92093158e-05,1.06298148,0,0.00476043488,0.053282724,5.32214378e-13,5.21385672e-06,14800,401,1688
1403,0.618497312,0.914483319,7.42350965e-05,0.914483319,0,0.00355992701,0.0456194524,6.12316617e-13,7.77203273e-06,14200,401,1447
1404,0.234676778,0.840556606,0.00013011867,0.840556606,0,0.00318138435,0.0423578047,1.88120759e-12,8.20441477e-06,15400,401,378
1405,0.00891147926,0.850067513,0.000302100429,0.850067513,0,0.00377390363,0.0432536443,1.01405188e-11,2.91934506e-06,,401,27
1406,0.782446504,0.975371264,6.68178037e-05,0.975371264,0,0.00379681851,0.0487102962,4.96068766e-13,6.04802472e-06,11750,401,1782
1407,0.339746743,0.850178177,5.12526219e-05,0.850178177,0,0.00325510331,0.0426573572,2.91870139e-13,1.43468061e-05,16950,401,2417
1408,0.168951109,0.838995591,0.000136317976,0.838995591,0,0.00310064977,0.0424109487,2.06473229e-12,7.53477046e-06,15400,401,288
1409,0.061376553,0.844094909,6.62229465e-05,0.844094909,0,0.00323434894,0.042878978,4.87275405e-13,1.19068327e-05,17750,401,1806
1410,0.956164896,1.05626495,4.87221693e-05,1.05626495,0,0.00464958758,0.0529304008,2.63761087e-13,5.86530272e-06,14050,401,2570
1411,0.55868125,0.896296458,8.92112261e-05,0.896296458,0,0.00345129799,0.0447332533,8.84293651e-13,7.92177132e-06,14200,401,870
1412,0.664703429,0.930044718,5.76645135e-05,0.930044718,0,0.00363505568,0.0463941927,3.69466235e-13,8.07411595e-06,14200,401,2133
1413,0.851350844,1.00551199,7.45969189e-05,1.00551199,0,0.00398508836,0.0502772968,6.18300035e-13,5.42445314e-06,7950,401,1424
1414,0.462939054,0.872020792,7.40014544e-05,0.872020792,0,0.0032761951,0.0435973502,6.08468362e-13,1.18323058e-05,3500,401,1460
1415,0.377055109,0.855626908,3.74504699e-05,0.855626908,0,0.00325934433,0.0428766381,1.55837522e-13,1.46396251e-05,14050,401,2900
1416,0.690712392,0.939366763,5.13309014e-05,0.939366763,0,0.00367603195,0.0468639174,2.92762382e-13,8.06863554e-06,14200,401,2412
1417,0.954684258,1.05550755,4.68628093e-05,1.05550755,0,0.00463728694,0.0528906945,2.44013655e-13,5.95446731e-06,14050,401,2608
1418,0.846783459,1.00343376,7.51719974e-05,1.00343376,0,0.00397063204,0.0501686783,6.2786991e-13,5.36026192e-06,8800,401,1379
1419,0.726877153,0.952986589,5.13959395e-05,0.952986589,0,0.00372712901,0.0475569332,2.93504733e-13,7.54013199e-06,14200,401,2408
1420,0.56980437,0.899507338,8.75995533e-05,0.899507338,0,0.00347309256,0.0448878574,8.52631305e-13,7.7351193e-06,14200,401,947
1421,0.477280706,0.875264684,7.94842943e-05,0.875264684,0,0.00328924757,0.0437457874,7.0197256e-13,1.11589117e-05,1750,401,1200
1422,0.469667941,0.873525183,7.66223595e-05,0.873525183,0,0.00328134215,0.0436660564,6.52331775e-13,1.15594222e-05,1800,401,1269
1423,0.231092587,0.840381579,0.00013187082,0.840381579,0,0.00317699209,0.0423559625,1.93221257e-12,7.99195665e-06,15400,401,356
1424,0.487886816,0.877754047,8.29488316e-05,0.877754047,0,0.00330504661,0.0438603047,7.64500963e-13,1.06747381e-05,1850,401,1104
1425,0.72002703,0.950348586,5.05749714e-05,0.950348586,0,0.00371817877,0.0474221125,2.84203081e-13,7.70434166e-06,14200,401,2464
1426,0.28876254,0.844435914,9.21926112e-05,0.844435914,0,0.00323413516,0.042452755,9.44386396e-13,1.20848801e-05,17650,401,724
1427,0.830222309,0.995993628,7.57087938e-05,0.995993628,0,0.00392026873,0.0497805019,6.36869051e-13,5.32766806e-06,11600,401,1325
1428,0.352023542,0.851856271,4.3935305e-05,0.851856271,0,0.00325713314,0.0427230871,2.14479002e-13,1.45906239e-05,16800,401,2672
1429,0.118558556,0.840191032,8.84085178e-05,0.840191032,0,0.00300983136,0.0425788725,8.6845178e-13,1.12082323e-05,3450,401,912
1430,0.863226652,1.01096805,7.21206904e-05,1.01096805,0,0.00402464277,0.0505627815,5.77932665e-13,5.69821059e-06,1550,401,1558
1431,0.787656784,0.977558842,6.82075197e-05,0.977558842,0,0.00380712532,0.0488235202,5.16918415e-13,5.95566214e-06,11750,401,1723
1432,0.695766389,0.941224282,5.063777e-05,0.941224282,0,0.00368368366,0.046957976,2.84909306e-13,7.99418557e-06,14200,401,2456
1433,0.173297331,0.838990312,0.000137948162,0.838990312,0,0.00310692038,0.0424016751,2.1144106e-12,7.28497547e-06,15400,401,258
1434,0.467317104,0.8729962,7.57016479e-05,0.8729962,0,0.00327938084,0.0436418687,6.36748833e-13,1.16888593e-05,1850,401,1327
1435,0.158781305,0.839068348,0.000131015002,0.839068348,0,0.00308477887,0.0424358872,1.90721453e-12,8.20301594e-06,15400,401,365
1436,0.592343867,0.906254748,8.25210324e-05,0.906254748,0,0.00351491413,0.0452154819,7.56635643e-13,7.56863331e-06,14200,401,1119
1437,0.287978619,0.844363238,9.28679199e-05,0.844363238,0,0.00323361175,0.0424504748,9.58272283e-13,1.20524725e-05,17650,401,719
1438,0.939746737,1.04793075,3.58614083e-05,1.04793075,0,0.0045162935,0.052493762,1.42893401e-13,6.5467163e-06,14050,401,2937
1439,0.466923773,0.872908009,7.55852717e-05,0.872908009,0,0.00327906462,0.0436378392,6.34792589e-13,1.16722199e-05,1850,401,1340
1440,0.793712914,0.980120813,6.99601e-05,0.980120813,0,0.00382071622,0.0489561654,5.43823955e-13,5.74596595e-06,11750,401,1656
1441,0.594995975,0.90706983,8.18518723e-05,0.90706983,0,0.00351964316,0.0452552915,7.44414333e-13,7.6146881e-06,14200,401,1135
1442,0.525601923,0.887220464,8.99375558e-05,0.887220464,0,0.00338266699,0.0443014274,8.98751548e-13,8.93236689e-06,6300,401,820
1443,0.612341642,0.912508377,7.64491568e-05,0.912508377,0,0.00354961276,0.0455220912,6.49385952e-13,7.72515901e-06,14200,401,1276
1444,0.0624748692,0.843994341,6.28073891e-05,0.843994341,0,0.00322572853,0.0428721943,4.38307569e-13,1.19574194e-05,17750,401,1936
1445,0.246956095,0.841234166,0.00012315148,0.841234166,0,0.00319597882,0.0423682906,1.68514299e-12,9.10156977e-06,15400,401,455
1446,0.980665088,1.06896434,9.30240267e-05,1.06896434,0,0.00486176604,0.0535968588,9.61496617e-13,4.26419161e-06,18050,401,718
1447,0.181196988,0.839020347,0.0001400753,0.839020347,0,0.00311757266,0.0423869433,2.18012108e-12,6.91147827e-06,15400,401,205
1448,0.863855183,1.01125896,7.1936627e-05,1.01125896,0,0.00402685312,0.050578013,5.74986478e-13,5.48722235e-06,1550,401,1568
1449,0.33348906,0.849366428,5.56108825e-05,0.849366428,0,0.00325372073,0.0426262909,3.43618917e-13,1.4193289e-05,16950,401,2212
1450,0.956773043,1.05657643,4.93649293e-05,1.05657643,0,0.00465466649,0.0529467309,2.70766249e-13,5.9289244e-06,14050,401,2556
1451,0.509281993,0.883007678,8.79014084e-05,0.883007678,0,0.00334775448,0.0441038929,8.5851751e-13,9.60225791e-06,3850,401,935
1452,0.491560549,0.878634137,8.39475193e-05,0.878634137,0,0.00331169216,0.0439009106,7.83020667e-13,1.05027751e-05,1900,401,1074
1453,0.809648991,0.986959207,7.34570243e-05,0.986959207,0,0.00386166603,0.049310694,5.99548269e-13,5.40108492e-06,11750,401,1491
1454,0.401667833,0.85978432,4.38264209e-05,0.85978432,0,0.00326074299,0.0430528401,2.13417241e-13,1.42356081e-05,13400,401,2676
1455,0.0741920471,0.842983641,3.40081064e-05,0.842983641,0,0.0031407367,0.0428025277,1.285057e-13,1.24549601e-05,14200,401,2962
1456,0.963773847,1.06017541,5.98376755e-05,1.06017541,0,0.00471375886,0.0531354829,3.97838602e-13,5.59976663e-06,14800,401,2049
1457,0.82457155,0.99348905,7.56529195e-05,0.99348905,0,0.00390373403,0.049650086,6.35929359e-13,5.23982069e-06,11750,401,1334
1458,0.601952612,0.909228599,7.97399717e-05,0.909228599,0,0.00353183741,0.0453609559,7.06495899e-13,7.64777328e-06,14200,401,1192
1459,0.438602149,0.866842973,6.23558671e-05,0.866842973,0,0.0032659287,0.0433633055,4.3202824e-13,1.29895448e-05,8000,401,1953
1460,0.535661578,0.889905095,9.03273857e-05,0.889905095,0,0.00340402829,0.0444283081,9.06559624e-13,8.52673585e-06,14200,401,766
1461,0.329437226,0.848856676,5.86852471e-05,0.848856676,0,0.0032526807,0.0426070592,3.82662026e-13,1.40093885e-05,16950,401,2091
1462,0.653336763,0.926097033,6.15972591e-05,0.926097033,0,0.00361674685,0.0461964807,4.21580258e-13,8.06172594e-06,14200,401,1982
1463,0.785969496,0.976848811,6.7758608e-05,0.976848811,0,0.00380362784,0.0487867677,5.1013655e-13,5.9717852e-06,11750,401,1745
1464,0.160944924,0.839045742,0.000132313589,0.839045742,0,0.00308830144,0.0424302003,1.94520955e-12,8.08678168e-06,15400,401,349
1465,0.541732788,0.891557442,9.04508586e-05,0.891557442,0,0.00341674109,0.0445067682,9.09039757e-13,8.35335244e-06,14200,401,739
1466,0.0104545373,0.849859214,0.000293278958,0.849859214,0,0.00375439306,0.0432412286,9.55694971e-12,3.40526419e-06,,401,32
1467,0.299350739,0.845463871,8.33365075e-05,0.845463871,0,0.0032405685,0.0424861033,7.71663721e-13,1.27156677e-05,16950,401,1092
1468,0.285211772,0.844110631,9.51241022e-05,0.844110631,0,0.00323169736,0.0424426476,1.00539942e-12,1.18412777e-05,17650,401,701
1469,0.0361906476,0.846676769,0.00016294782,0.846676769,0,0.00346186654,0.0430465515,2.95022133e-12,9.13660501e-06,,401,109
1470,0.476904541,0.875177716,7.94220824e-05,0.875177716,0,0.00328879346,0.0437417944,7.0087413e-13,1.11525724e-05,1750,401,1203
1471,0.989731848,1.07374365,0.000114645572,1.07374365,0,0.00494441971,0.0538479908,1.46040079e-12,3.32722476e-06,18050,401,538
1472,0.199604169,0.839287804,0.000141035354,0.839287804,0,0.00313968109,0.0423631545,2.21010791e-12,6.62609376e-06,15400,401,160
1473,0.352873385,0.851976606,4.35019693e-05,0.851976606,0,0.00325724692,0.0427278703,2.10269037e-13,1.45455537e-05,16650,401,2679
1474,0.331113547,0.849066014,5.74898231e-05,0.849066014,0,0.00325312675,0.0426149297,3.67231085e-13,1.41203891e-05,16950,401,2139
1475,0.868695557,1.01350613,7.04713456e-05,1.01350613,0,0.00404450084,0.050695684,5.51801173e-13,5.61548665e-06,1550,401,1634
1476,0.219395727,0.839881993,0.000136664905,0.839881993,0,0.00316266831,0.042353744,2.07525513e-12,7.26882884e-06,15400,401,282
1477,0.324638337,0.848269099,6.24948731e-05,0.848269099,0,0.00325128655,0.0425851833,4.33956574e-13,1.39039437e-05,16950,401,1948
1478,0.755045295,0.964115443,5.83145858e-05,0.964115443,0,0.00376045716,0.0481285519,3.77843436e-13,6.85427764e-06,14200,401,2107
1479,0.853402913,1.00644935,7.43181133e-05,1.00644935,0,0.0039917056,0.0503263127,6.13686885e-13,5.4434901e-06,7200,401,1441
1480,0.275509745,0.843272118,0.000102884666,0.843272118,0,0.00322426448,0.0424178059,1.17613938e-12,1.11889846e-05,17650,401,638
1481,0.0981487408,0.841272706,5.32455751e-05,0.841272706,0,0.00301544153,0.0426750319,3.15010141e-13,1.22475688e-05,3500,401,2316
1482,0.452852249,0.86982459,6.93564219e-05,0.86982459,0,0.00327071316,0.0434975688,5.34479251e-13,1.23378456e-05,4800,401,1681
1483,0.52464819,0.886969541,8.99400033e-05,0.886969541,0,0.00338062312,0.0442896081,8.98800466e-13,8.90251786e-06,6300,401,819
1484,0.931226552,1.04366156,3.63060065e-05,1.04366156,0,0.00444987616,0.0522703423,1.46458456e-13,6.61531773e-06,13400,401,2924
1485,0.990695655,1.07425448,0.000117200835,1.07425448,0,0.00495334384,0.0538748417,1.52622618e-12,3.26281019e-06,18050,401,512
1486,0.986800432,1.07219375,0.000107475993,1.07219375,0,0.00491745336,0.0537665318,1.28345434e-12,3.64158656e-06,18050,401,600
1487,0.0906339362,0.841758062,3.95840148e-05,0.841758062,0,0.00304595487,0.0427129815,1.74099358e-13,1.24605116e-05,8900,401,2787
1488,0.941816211,1.04897359,3.64995244e-05,1.04897359,0,0.00453271584,0.0525483625,1.4802392e-13,6.42823065e-06,14050,401,2919
1489,0.643127203,0.922617283,6.52701359e-05,0.922617283,0,0.00360023879,0.0460228358,4.73354516e-13,7.97438411e-06,14200,401,1840
1490,0.306062907,0.84616052,7.77236772e-05,0.84616052,0,0.00324401788,0.0425097384,6.71218889e-13,1.30700486e-05,16950,401,1242
1491,0.0878061354,0.841952886,3.51467895e-05,0.841952886,0,0.00305985778,0.0427277247,1.37255201e-13,1.25078884e-05,8900,401,2957
1492,0.701266229,0.943262978,5.01877441e-05,0.943262978,0,0.0036918597,0.0470613783,2.7986774e-13,7.94449404e-06,14200,401,2497
1493,0.282676697,0.84388441,9.72506405e-05,0.84388441,0,0.00322986874,0.0424357638,1.05085412e-12,1.16729495e-05,17650,401,684
1494,0.486567914,0.877440339,8.25423112e-05,0.877440339,0,0.00330277866,0.0438458474,7.57025905e-13,1.06765214e-05,1800,401,1116
1495,0.610091567,0.911792325,7.71653784e-05,0.911792325,0,0.00354580146,0.0454868518,6.61610624e-13,7.80523155e-06,14200,401,1257
1496,0.492437422,0.878845585,8.42739542e-05,0.878845585,0,0.00331334426,0.0439106783,7.8912215e-13,1.04105591e-05,1900,401,1065
1497,0.617692232,0.914223615,7.4601858e-05,0.914223615,0,0.00355858593,0.0456066357,6.18381914e-13,7.69741994e-06,14200,401,1423
1498,0.250744998,0.841467523,0.000120777565,0.841467523,0,0.00320024596,0.0423728374,1.62080226e-12,9.37883683e-06,17650,401,480
1499,0.800537407,0.983032147,7.14120272e-05,0.983032147,0,0.00383754687,0.0491070011,5.66630847e-13,5.71349707e-06,11750,401,1588
1500,0.67098397,0.932259161,5.57911062e-05,0.932259161,0,0.00364511074,0.0465054191,3.45849725e-13,8.0353036e-06,14200,401,2206
1501,0.40211454,0.859863859,4.3902503e-05,0.859863859,0,0.00326077795,0.0430562673,2.14158863e-13,1.42453501e-05,13400,401,2673
1502,0.14899604,0.839218684,0.000124002708,0.839218684,0,0.00306790398,0.0424641851,1.70851905e-12,8.93961429e-06,15400,401,447
1503,0.129315868,0.839759818,0.000103435897,0.839759818,0,0.00303029552,0.0425337885,1.1887761e-12,1.04985312e-05,11450,401,634
1504,0.546992302,0.893008251,9.00715144e-05,0.893008251,0,0.00342762773,0.0445758798,9.01430856e-13,8.26162164e-06,14200,401,805
1505,0.625475645,0.916750223,7.17883484e-05,0.916750223,0,0.00357147759,0.045731498,5.72618551e-13,7.74610169e-06,14200,401,1573
1506,0.197737515,0.839248137,0.000141119106,0.839248137,0,0.00313754343,0.0423648999,2.21273356e-12,6.69160919e-06,15400,401,158
1507,0.993976593,1.07599586,0.000125570156,1.07599586,0,0.00498388181,0.0539663907,1.75198488e-12,2.85955808e-06,18050,401,430
1508,0.894226909,1.02556715,5.85427165e-05,1.02556715,0,0.00418371521,0.051325407,3.80805517e-13,6.19170586e-06,3850,401,2097
1509,0.611206949,0.912146854,7.6829075e-05,0.912146854,0,0.00354769482,0.0455042951,6.55856308e-13,7.70138894e-06,14200,401,1266
1510,0.799700201,0.982673611,7.14791481e-05,0.982673611,0,0.00383542083,0.0490884174,5.67696513e-13,5.65683891e-06,11750,401,1583
1511,0.683784544,0.93684467,5.26220414e-05,0.93684467,0,0.00366533351,0.0467364485,3.07675472e-13,8.02621927e-06,14200,401,2345
1512,0.961531758,1.05902006,5.62979995e-05,1.05902006,0,0.00469469279,0.0530748776,3.5216275e-13,5.71134085e-06,14800,401,2185
1513,0.966359317,1.06151113,6.42205132e-05,1.06151113,0,0.00473590966,0.0532055622,4.58252701e-13,5.41318076e-06,14800,401,1883
1514,0.93177098,1.04393301,3.60918183e-05,1.04393301,0,0.00445406479,0.0522845439,1.44735483e-13,6.82915467e-06,13400,401,2929
1515,0.0237759184,0.848143364,0.000221835999,0.848143364,0,0.00359529429,0.0431375325,5.46791227e-12,6.79920152e-06,,401,72
1516,0.439762622,0.867080359,6.29589706e-05,0.867080359,0,0.00326622752,0.043373937,4.40425776e-13,1.29313594e-05,8000,401,1931
1517,0.97881937,1.06799704,8.89279377e-05,1.06799704,0,0.00484521626,0.0535460503,8.78686457e-13,4.52829782e-06,10900,401,886
1518,0.243177503,0.841012876,0.000125422777,0.841012876,0,0.00319159723,0.0423643746,1.74787479e-12,8.81200455e-06,15400,401,431
1519,0.718342483,0.949704086,5.04829614e-05,0.949704086,0,0.00371592532,0.0473892157,2.83169932e-13,7.6898119e-06,14200,401,2473
1520,0.326142728,0.848451381,6.12209456e-05,0.848451381,0,0.0032517401,0.0425919348,4.16444909e-13,1.3946023e-05,16950,401,1995
1521,0.182864606,0.839033249,0.000140384229,0.839033249,0,0.00311971085,0.0423841841,2.18974796e-12,6.89981192e-06,15400,401,193
1522,0.709635496,0.946398736,5.00248205e-05,0.946398736,0,0.00370391576,0.0472207669,2.7805363e-13,7.8323161e-06,14200,401,2519
1523,0.783269227,0.975715592,6.71904747e-05,0.975715592,0,0.00379834614,0.0487281169,5.01617766e-13,6.01545866e-06,11750,401,1769
1524,0.715005577,0.948432168,5.00215186e-05,0.948432168,0,0.00371139456,0.0473243428,2.78016924e-13,7.7920371e-06,14200,401,2520
1525,0.618012786,0.914326941,7.44978617e-05,0.914326941,0,0.00355911947,0.0456117347,6.16659045e-13,7.76334486e-06,14200,401,1432
1526,0.0716656744,0.843191938,3.86522571e-05,0.843191938,0,0.00315795926,0.0428171307,1.65999665e-13,1.23660234e-05,14500,401,2824
1527,0.708640754,0.946023853,4.99473498e-05,0.946023853,0,0.00370251025,0.0472016905,2.77193083e-13,7.87724436e-06,14200,401,2537
1528,0.528773725,0.888059789,9.01021406e-05,0.888059789,0,0.00338943478,0.0443410146,9.0204397e-13,8.80759442e-06,8800,401,802
1529,0.10026066,0.841144643,5.71385371e-05,0.841144643,0,0.00300901124,0.0426646507,3.62756936e-13,1.21874609e-05,3450,401,2152
1530,0.155112118,0.839115461,0.000128668203,0.839115461,0,0.00307862844,0.0424460034,1.83950072e-12,8.49633567e-06,15400,401,396
1531,0.0599300601,0.844228936,7.09087941e-05,0.844228936,0,0.00324586542,0.0428879822,5.58673009e-13,1.18010779e-05,17750,401,1613
1532,0.971534371,1.064195,7.37886548e-05,1.064195,0,0.00478079271,0.053346419,6.04973954e-13,5.0198571e-06,14800,401,1476
1533,0.314558029,0.847091957,7.06124447e-05,0.847091957,0,0.00324773864,0.0425424127,5.54013039e-13,1.3439539e-05,16950,401,1626
1534,0.706251144,0.945125808,5.00575141e-05,0.945125808,0,0.00369910118,0.0471560153,2.78417191e-13,7.87098086e-06,14200,401,2512
1535,0.540074944,0.89110381,9.03624746e-05,0.89110381,0,0.00341328081,0.0444852009,9.07264091e-13,8.42951387e-06,14200,401,757
1536,0.890898705,1.02397528,6.04240639e-05,1.02397528,0,0.00416186055,0.051242416,4.05674167e-13,6.24180527e-06,2100,401,2026
1537,0.224361777,0.840080612,0.000134875263,0.840080612,0,0.0031687086,0.0423539753,2.02125961e-12,7.54388096e-06,15400,401,312
1538,0.251603752,0.841521998,0.000120268154,0.841521998,0,0.00320119327,0.0423739547,1.60715876e-12,9.44990748e-06,17650,401,484
1539,0.717368364,0.949332147,5.03688967e-05,0.949332147,0,0.00371460324,0.0473702387,2.81891751e-13,7.70664247e-06,14200,401,2481
1540,0.888948858,1.02304526,6.15144624e-05,1.02304526,0,0.00414927696,0.0511939367,4.20447677e-13,6.09737003e-06,1900,401,1984
1541,0.385901362,0.857070126,3.86114132e-05,0.857070126,0,0.0032598271,0.0429371051,1.65649025e-13,1.45455979e-05,13400,401,2826
1542,0.256338775,0.84183275,0.000117174398,0.84183275,0,0.00320627697,0.0423806778,1.52553773e-12,9.79511577e-06,17650,401,514
1543,0.385317564,0.856973004,3.84658403e-05,0.856973004,0,0.00325980049,0.0429330099,1.64402319e-13,1.45360122e-05,13400,401,2832
1544,0.986053884,1.07179967,0.000105747823,1.07179967,0,0.00491062071,0.0537458232,1.24251133e-12,3.73615972e-06,18050,401,615
1545,0.996945441,1.07757652,0.000133672424,1.07757652,0,0.00501177757,0.0540495086,1.98536854e-12,2.52014727e-06,18050,401,329
1546,0.805160284,0.985018952,7.25751969e-05,0.985018952,0,0.00384959413,0.0492100182,5.85239912e-13,5.57278489e-06,11750,401,1532
1547,0.537347257,0.890361436,9.04457277e-05,0.890361436,0,0.00340757204,0.0444499495,9.0893663e-13,8.43099856e-06,14200,401,740
1548,0.346960366,0.851150488,4.67113787e-05,0.851150488,0,0.00325639897,0.0426952136,2.42439211e-13,1.44692366e-05,16950,401,2611
1549,0.941207707,1.04866649,3.63087158e-05,1.04866649,0,0.00452787822,0.0525322843,1.46480316e-13,6.58491702e-06,14050,401,2923
1550,0.526830614,0.887544858,9.00286343e-05,0.887544858,0,0.00338529095,0.0443167189,9.00572777e-13,8.92995696e-06,6300,401,807
1551,0.934115946,1.04510491,3.58471552e-05,1.04510491,0,0.00447218862,0.0523458588,1.42779837e-13,6.61868164e-06,13400,401,2938
1552,0.492887914,0.878954481,8.43907896e-05,0.878954481,0,0.00331420143,0.0439157104,7.91311708e-13,1.03705285e-05,1900,401,1060
1553,0.977917075,1.06752461,8.69817428e-05,1.06752461,0,0.00483715019,0.0535212398,8.40647064e-13,4.42766109e-06,10900,401,973
1554,0.32636407,0.848478356,6.10522033e-05,0.848478356,0,0.00325180548,0.0425929363,4.14152391e-13,1.39503023e-05,16950,401,2003
1555,0.837663949,0.999318285,7.57913141e-05,0.999318285,0,0.00394254038,0.0499538231,6.38258144e-13,5.32135643e-06,8900,401,1307
1556,0.474339604,0.874587838,7.8372476e-05,0.874587838,0,0.00328589345,0.0437147306,6.82471666e-13,1.13429714e-05,1750,401,1225
1557,0.744616926,0.959942756,5.52993255e-05,0.959942756,0,0.00374865285,0.0479137132,3.39779488e-13,7.13027644e-06,14200,401,2227
1558,0.435589671,0.866230889,6.06831458e-05,0.866230889,0,0.00326519754,0.0433359415,4.09160465e-13,1.31807674e-05,8000,401,2016
1559,0.974422812,1.06569913,7.96022852e-05,1.06569913,0,0.00480615493,0.0534253826,7.04058201e-13,4.75369149e-06,10900,401,1196
1560,0.404082298,0.860215813,4.49096204e-05,0.860215813,0,0.00326091634,0.0430714536,2.24097111e-13,1.41404219e-05,13150,401,2650
1561,0.0888289958,0.84188162,3.67623576e-05,0.84188162,0,0.00305469624,0.0427223607,1.50163437e-13,1.24497654e-05,8900,401,2914
1562,0.0939928144,0.841535252,4.55895864e-05,0.841535252,0,0.003031047,0.042695803,2.30934488e-13,1.23932724e-05,5950,401,2633
1563,0.901925802,1.0292727,5.3694887e-05,1.0292727,0,0.00423585396,0.0515186618,3.20348988e-13,6.4798641e-06,7150,401,2294
1564,0.266597331,0.84256702,0.000109853689,0.84256702,0,0.00321644868,0.0423985735,1.34087033e-12,1.05812012e-05,17650,401,579
1565,0.722702563,0.951375718,5.08317165e-05,0.951375718,0,0.00372171786,0.0474745736,2.87095933e-13,7.66131642e-06,14200,401,2442
1566,0.455847055,0.870469283,7.08429789e-05,0.870469283,0,0.00327210854,0.0435267896,5.57636406e-13,1.21742544e-05,4300,401,1615
1567,0.0604108535,0.844184186,6.93176777e-05,0.844184186,0,0.00324201091,0.0428849809,5.33882272e-13,1.18420879e-05,17750,401,1682
1568,0.142031252,0.839373679,0.000117725111,0.839373679,0,0.00305503376,0.0424868867,1.53991131e-12,9.47719222e-06,14400,401,508
1569,0.731535614,0.954795725,5.2321073e-05,0.954795725,0,0.00373300867,0.0476495493,3.04166075e-13,7.38210151e-06,14200,401,2360
1570,0.163358703,0.839025047,0.000133627426,0.839025047,0,0.00309213349,0.042424098,1.98403211e-12,7.90522984e-06,15400,401,330
1571,0.291106522,0.844655912,9.02718212e-05,0.844655912,0,0.00323566758,0.0424597188,9.05444633e-13,1.22379646e-05,17650,401,776
1572,0.219798386,0.839897408,0.000136464676,0.839897408,0,0.00316315269,0.0423537267,2.06917863e-12,7.28308223e-06,15400,401,285
1573,0.129849777,0.839740897,0.000104150871,0.839740897,0,0.00303134939,0.0425316775,1.2052671e-12,1.04149492e-05,11450,401,627
1574,0.907519281,1.03198421,4.99141948e-05,1.03198421,0,0.00427490983,0.0516601552,2.76825205e-13,6.55618858e-06,12350,401,2543
1575,0.0402253382,0.846227699,0.00014542271,0.846227699,0,0.00342155371,0.0430181698,2.34975163e-12,9.76141171e-06,,401,121
1576,0.398573697,0.859237337,4.24906925e-05,0.859237337,0,0.00326054713,0.0430293231,2.0060655e-13,1.42976045e-05,13400,401,2707
1577,0.227171615,0.840201828,0.000133617849,0.840201828,0,0.00317216209,0.0423545716,1.98374774e-12,7.72405226e-06,15400,401,331
1578,0.146530777,0.839268925,0.000121829024,0.839268925,0,0.00306342137,0.0424719751,1.64914567e-12,9.16078431e-06,15400,401,469
1579,0.708912551,0.946126235,4.99422994e-05,0.946126235,0,0.00370289355,0.0472068997,2.77137029e-13,7.87626829e-06,14200,401,2541
1580,0.917642117,1.03693411,4.32959463e-05,1.03693411,0,0.00434781603,0.0519186392,2.08282108e-13,6.60786845e-06,13400,401,2686
1581,0.952675581,1.05448202,4.44754731e-05,1.05448202,0,0.00462067314,0.0528369394,2.19785301e-13,6.13240533e-06,14050,401,2661
1582,0.605475783,0.910333281,7.8676902e-05,0.910333281,0,0.00353792282,0.0454151493,6.87783879e-13,7.69440858e-06,14200,401,1220
1583,0.121888012,0.840047397,9.33310545e-05,0.840047397,0,0.00301590211,0.0425644072,9.6785397e-13,1.09904825e-05,4200,401,715
1584,0.681053221,0.935858111,5.32678024e-05,0.935858111,0,0.00366105995,0.0466866637,3.15273196e-13,8.04923013e-06,14200,401,2314
1585,0.950837672,1.05354511,4.26529048e-05,1.05354511,0,0.00460556901,0.0527878375,2.02141143e-13,6.18876836e-06,14050,401,2704
1586,0.231388047,0.840395649,0.00013173503,0.840395649,0,0.00317735559,0.0423560959,1.92823535e-12,8.00422666e-06,15400,401,359
1587,0.657611728,0.927572676,6.01299669e-05,0.927572676,0,0.003623645,0.0462702981,4.01734769e-13,8.10826007e-06,14200,401,2037
1588,0.682284772,0.936302384,5.28798023e-05,0.936302384,0,0.00366298839,0.0467090779,3.10697055e-13,8.16993241e-06,14200,401,2331
1589,0.274588257,0.843196381,0.00010364914,0.843196381,0,0.0032235019,0.0424156607,1.19368269e-12,1.11380265e-05,17650,401,632
1590,0.386046588,0.857094368,3.85986854e-05,0.857094368,0,0.00325983768,0.0429381281,1.65539835e-13,1.45060156e-05,13400,401,2828
1591,0.734745145,0.956049451,5.29601964e-05,0.956049451,0,0.00373695137,0.047713806,3.1164249e-13,7.41120462e-06,14200,401,2324
1592,0.33955732,0.850153165,5.13642745e-05,0.850153165,0,0.00325506515,0.0426563927,2.93143189e-13,1.43410557e-05,16950,401,2409
1593,0.85235548,1.00597043,7.44732905e-05,1.00597043,0,0.00398832418,0.0503012674,6.16252333e-13,5.44514768e-06,7250,401,1434
1594,0.527046561,0.887601982,9.01140279e-05,0.887601982,0,0.00338575173,0.0443194131,9.02282002e-13,8.82031491e-06,6300,401,797
1595,0.812537313,0.988213445,7.40003862e-05,0.988213445,0,0.00386960047,0.0493758141,6.08450796e-13,5.40283852e-06,11750,401,1461
1596,0.225800052,0.840141989,0.000134282287,0.840141989,0,0.00317047765,0.0423542456,2.00352585e-12,7.67130585e-06,15400,401,321
1597,0.44467172,0.868095516,6.53426521e-05,0.868095516,0,0.00326765413,0.0434195206,4.74406909e-13,1.27918666e-05,7250,401,1838
1598,0.503431261,0.881540333,8.67924837e-05,0.881540333,0,0.00333541771,0.0440355563,8.36992802e-13,9.86270175e-06,3450,401,979
1599,0.874600768,1.01626462,6.81949656e-05,1.01626462,0,0.00406856126,0.0508400837,5.16728148e-13,5.88272188e-06,1550,401,1724
1600,0.465800464,0.872656834,7.50957709e-05,0.872656834,0,0.00327821233,0.0436263675,6.265972e-13,1.17135546e-05,1950,401,1385
1601,0.328702927,0.848765676,5.93313723e-05,0.848765676,0,0.00325248162,0.0426036504,3.91134637e-13,1.40201953e-05,16950,401,2068
1602,0.416155905,0.862436877,5.05915666e-05,0.862436877,0,0.00326201022,0.0431680917,2.84389623e-13,1.38303506e-05,11650,401,2463
1603,0.0991775393,0.84120987,5.510881e-05,0.84120987,0,0.00301216624,0.0426699601,3.37442327e-13,1.21937464e-05,3450,401,2235
1604,0.770751536,0.970515674,6.31352985e-05,0.970515674,0,0.00377881408,0.0484590763,4.42896214e-13,6.4099142e-06,14200,401,1923
1605,0.140181988,0.839421368,0.000115768569,0.839421368,0,0.00305151275,0.0424932623,1.48915128e-12,9.66531314e-06,14400,401,527
1606,0.809788942,0.987019721,7.34704654e-05,0.987019721,0,0.00386204914,0.0493138352,5.99767698e-13,5.41225563e-06,11750,401,1488
1607,0.541330993,0.891447224,9.03266062e-05,0.891447224,0,0.00341590791,0.0445015257,9.06543976e-13,8.38664953e-06,14200,401,767
1608,0.915745735,1.03600266,4.43733362e-05,1.03600266,0,0.00433395354,0.0518699791,2.18776997e-13,6.5695409e-06,13400,401,2662
1609,0.770346344,0.970349002,6.30480197e-05,0.970349002,0,0.00377830045,0.0484504561,4.41672532e-13,6.45681919e-06,14200,401,1924
1610,0.125384927,0.839906249,9.82367186e-05,0.839906249,0,0.00302259247,0.0425496986,1.07227254e-12,1.07656102e-05,5100,401,676
1611,0.103061095,0.8409807,6.22153625e-05,0.8409807,0,0.00300246317,0.0426510503,4.30083481e-13,1.20733855e-05,1900,401,1958
1612,0.111842141,0.840508841,7.76406729e-05,0.840508841,0,0.00299983748,0.0426093558,6.69786011e-13,1.16331279e-05,2000,401,1248
1613,0.497754872,0.880138856,8.565638e-05,0.880138856,0,0.00332376967,0.0439705128,8.15223938e-13,1.01313058e-05,2100,401,1020
1614,0.751170278,0.962557813,5.70988936e-05,0.962557813,0,0.00375610371,0.0480482876,3.62253739e-13,6.99432345e-06,14200,401,2155
1615,0.873628795,1.01580942,6.8478416e-05,1.01580942,0,0.0040643067,0.0508162667,5.21032606e-13,5.90523816e-06,1550,401,1715
1616,0.306655496,0.846223706,7.72716061e-05,0.846223706,0,0.00324430001,0.0425119182,6.63433456e-13,1.31082018e-05,16950,401,1255
1617,0.936883926,1.04649203,3.55979673e-05,1.04649203,0,0.00449377396,0.0524184505,1.40801697e-13,6.51753981e-06,14050,401,2952
1618,0.515721142,0.884648678,8.88734414e-05,0.884648678,0,0.00336150539,0.0441806043,8.77609843e-13,9.25216696e-06,6100,401,889
1619,0.674509943,0.933512657,5.48661403e-05,0.933512657,0,0.00365073227,0.0465684787,3.34477039e-13,8.1040178e-06,14200,401,2244
1620,0.623962998,0.916256325,7.22698284e-05,0.916256325,0,0.00356897605,0.0457070612,5.80325343e-13,7.89232964e-06,14200,401,1550
1621,0.152322143,0.839158672,0.00012663994,0.839158672,0,0.00307380932,0.0424540911,1.78196384e-12,8.70840982e-06,15400,401,419
1622,0.754490733,0.963891766,5.80744924e-05,0.963891766,0,0.0037598308,0.048117022,3.74738518e-13,6.93612595e-06,14200,401,2115
1623,0.230583861,0.840357673,0.000132095033,0.840357673,0,0.00317636334,0.0423557509,1.93878864e-12,7.91871213e-06,15400,401,352
1624,0.897787094,1.02727653,5.63373552e-05,1.02727653,0,0.00420757386,0.0514145431,3.52655288e-13,6.39539876e-06,5600,401,2181
1625,0.717901409,0.949535421,5.02796027e-05,0.949535421,0,0.00371532757,0.0473806093,2.80893161e-13,7.78729395e-06,14200,401,2487
1626,0.14385213,0.839329166,0.000119511077,0.839329166,0,0.00305845786,0.0424807406,1.58698861e-12,9.31611748e-06,15400,401,492
1627,0.589619517,0.905422131,8.32210552e-05,0.905422131,0,0.0035100286,0.045174865,7.69527115e-13,7.74215829e-06,14200,401,1095
1628,0.617531419,0.914171859,7.46936431e-05,0.914171859,0,0.00355831127,0.0456040826,6.1990448e-13,7.74043763e-06,14200,401,1417
1629,0.970477104,1.06364572,7.18804647e-05,1.06364572,0,0.00477156499,0.0533175857,5.74089023e-13,5.12363694e-06,14800,401,1569
1630,0.351823181,0.851828039,4.41264377e-05,0.851828039,0,0.00325710543,0.0427219671,2.16349167e-13,1.45369811e-05,16800,401,2668
1631,0.189299271,0.839104163,0.000141163211,0.839104163,0,0.00312766325,0.0423746676,2.21411689e-12,6.69852878e-06,15400,401,154
1632,0.655380011,0.926801001,6.08464609e-05,0.926801001,0,0.00362003943,0.046231683,4.11365756e-13,8.07088994e-06,14200,401,2010
1633,0.232095376,0.840429597,0.000131366837,0.840429597,0,0.00317822483,0.0423564276,1.91747177e-12,8.02865671e-06,15400,401,362
1634,0.77328372,0.971560614,6.4115453e-05,0.971560614,0,0.00378219907,0.0485131219,4.56754591e-13,6.31270723e-06,14200,401,1889
1635,0.135963246,0.839541282,0.000111379629,0.839541282,0,0.0030433557,0.0425083925,1.3783802e-12,9.97473601e-06,12900,401,567
1636,0.251942217,0.841543719,0.000120059058,0.841543719,0,0.00320156781,0.0423744077,1.60157527e-12,9.50489729e-06,17650,401,486
1637,0.239529923,0.840810038,0.000127536435,0.840810038,0,0.00318726757,0.0423611769,1.80728248e-12,8.57498309e-06,15400,401,408
1638,0.543918371,0.892158042,9.03059696e-05,0.892158042,0,0.00342127914,0.0445353542,9.06129795e-13,8.32072843e-06,14200,401,770
1639,0.559923768,0.896651342,8.91073046e-05,0.896651342,0,0.00345377238,0.0447502965,8.82234637e-13,7.86003121e-06,14200,401,875
1640,0.068457447,0.843464013,4.60196906e-05,0.843464013,0,0.00318071951,0.0428360016,2.35312436e-13,1.22626023e-05,16250,401,2626
1641,0.212960199,0.839654049,0.000138538069,0.839654049,0,0.00315500916,0.0423549876,2.13253297e-12,6.95999857e-06,15400,401,246
1642,0.203928992,0.839390643,0.000140529833,0.839390643,0,0.00314461272,0.0423596825,2.19429265e-12,6.69497229e-06,15400,401,188
1643,0.0650285184,0.843764388,5.53130707e-05,0.843764388,0,0.00320611444,0.04285659,3.39948421e-13,1.20939058e-05,17750,401,2225
1644,0.718960762,0.94994048,5.06018911e-05,0.94994048,0,0.00371675562,0.0474012793,2.84505709e-13,7.59597901e-06,14200,401,2458
1645,0.866259098,1.01237341,7.12055149e-05,1.01237341,0,0.00403546123,0.0506363688,5.63358372e-13,5.73484339e-06,1550,401,1601
1646,0.632363856,0.919017197,6.92900955e-05,0.919017197,0,0.00358274681,0.0458438449,5.33457482e-13,7.8956527e-06,14200,401,1684
1647,0.498406321,0.880298674,8.57970573e-05,0.880298674,0,0.00332507589,0.0439779195,8.17903893e-13,1.00359062e-05,2150,401,1017
1648,0.547183931,0.893061367,9.02038233e-05,0.893061367,0,0.00342802125,0.0445784133,9.04081082e-13,8.14230481e-06,14200,401,788
1649,0.753343463,0.963430196,5.78555272e-05,0.963430196,0,0.00375854892,0.0480932322,3.71918003e-13,6.89605823e-06,14200,401,2125
1650,0.638557673,0.921080304,6.69597705e-05,0.921080304,0,0.00359283008,0.0459463352,4.98178986e-13,7.93842434e-06,14200,401,1777
1651,0.387135446,0.857276096,3.87887051e-05,0.857276096,0,0.00325989324,0.0429458003,1.67173738e-13,1.45572155e-05,13400,401,2816
1652,0.505265534,0.881997829,8.71489368e-05,0.881997829,0,0.00333926066,0.0440568366,8.43881909e-13,9.80683375e-06,3500,401,962
1653,0.330180258,0.848949217,5.81322316e-05,0.848949217,0,0.00325288449,0.0426105335,3.75484039e-13,1.40426399e-05,16950,401,2113
1654,0.0505848974,0.845136559,0.000103715621,0.845136559,0,0.00332481646,0.0429479717,1.19521445e-12,1.10129772e-05,18100,401,630
1655,0.581093073,0.902846681,8.54486284e-05,0.902846681,0,0.00349443074,0.0450495579,8.11274233e-13,7.56208926e-06,14200,401,1028
1656,0.257938594,0.841941771,0.000115971464,0.841941771,0,0.00320794607,0.0423831686,1.49437561e-12,9.93320478e-06,17650,401,525
1657,0.601371348,0.909047067,7.99240113e-05,0.909047067,0,0.00353083109,0.0453520584,7.09760843e-13,7.66170881e-06,14200,401,1187
1658,0.796701014,0.981392291,7.06185068e-05,0.981392291,0,0.00382792173,0.0490220246,5.54108167e-13,5.71412947e-06,11750,401,1624
1659,0.743743837,0.959595876,5.50765645e-05,0.959595876,0,0.00374763958,0.0478958812,3.3704755e-13,7.19144933e-06,14200,401,2236
1660,0.437704682,0.866659922,6.19158834e-05,0.866659922,0,0.00326569632,0.0433551142,4.25952958e-13,1.30072162e-05,8000,401,1970
1661,0.560565889,0.896835053,8.89908104e-05,0.896835053,0,0.00345504214,0.0447591246,8.7992937e-13,7.94866048e-06,14200,401,885
1662,0.898316085,1.0275314,5.61353245e-05,1.0275314,0,0.00421115912,0.0514278341,3.50130517e-13,6.49960457e-06,5600,401,2192
1663,0.389363885,0.857650663,3.93925104e-05,0.857650663,0,0.00326001191,0.0429616499,1.72418875e-13,1.44847734e-05,13400,401,2797
1664,0.447807699,0.868752893,6.69607024e-05,0.868752893,0,0.00326871354,0.0434491364,4.98192851e-13,1.26082053e-05,6600,401,1776
1665,0.181652024,0.839023669,0.000140182468,0.839023669,0,0.00311816423,0.0423861797,2.18345826e-12,6.90448617e-06,15400,401,201
1666,0.300074697,0.845537293,8.27413865e-05,0.845537293,0,0.00324096492,0.0424885575,7.60681894e-13,1.27212951e-05,16950,401,1114
1667,0.413559496,0.861950421,4.94288138e-05,0.861950421,0,0.003261732,0.0431468134,2.71467515e-13,1.3922551e-05,12250,401,2554
1668,0.366016001,0.853906705,3.87502426e-05,0.853906705,0,0.00325859282,0.0428057105,1.66842367e-13,1.46832836e-05,14050,401,2818
1669,0.213671789,0.839677604,0.000138468264,0.839677604,0,0.00315584893,0.0423547631,2.13038446e-12,7.00273093e-06,15400,401,248
1670,0.264465779,0.842407614,0.000111410503,0.842407614,0,0.00321443527,0.0423944803,1.37914446e-12,1.03885775e-05,17650,401,566
1671,0.833030701,0.997244721,7.57809189e-05,0.997244721,0,0.00392861266,0.0498456978,6.38083074e-13,5.22412382e-06,11100,401,1312
1672,0.484214306,0.876883389,8.18105563e-05,0.876883389,0,0.00329893828,0.0438201987,7.43663014e-13,1.07910881e-05,1800,401,1137
1673,0.285575122,0.844143458,9.49102207e-05,0.844143458,0,0.00323195516,0.0424436563,1.00088333e-12,1.18833005e-05,17650,401,703
1674,0.341089934,0.850356234,5.03846933e-05,0.850356234,0,0.00325537128,0.0426642396,2.82068591e-13,1.43535299e-05,16950,401,2480
1675,0.205813721,0.839440203,0.000140214847,0.839440203,0,0.00314675754,0.0423584195,2.18446703e-12,6.76678535e-06,15400,401,199
1676,0.901658416,1.02914307,5.3972064e-05,1.02914307,0,0.0042340088,0.0515119006,3.23664854e-13,6.45245058e-06,6750,401,2284
1677,0.467550427,0.873048436,7.57058653e-05,0.873048436,0,0.0032795682,0.0436442552,6.36819782e-13,1.16658534e-05,1800,401,1326
1678,0.631330431,0.918675203,6.97238282e-05,0.918675203,0,0.00358106215,0.0458268783,5.40156913e-13,7.84885685e-06,14200,401,1664
1679,0.757230341,0.964997484,5.88674876e-05,0.964997484,0,0.00376289772,0.0481740379,3.85042344e-13,6.79511671e-06,14200,401,2083
1680,0.89651078,1.02666316,5.71922349e-05,1.02666316,0,0.00419896771,0.0513825555,3.63439081e-13,6.38045086e-06,4700,401,2150
1681,0.946546018,1.0513649,3.90467208e-05,1.0513649,0,0.00457065084,0.0526736062,1.69405157e-13,6.22350804e-06,14050,401,2809
1682,0.320825279,0.847814681,6.55337348e-05,0.847814681,0,0.00325004733,0.0425684962,4.771856e-13,1.3743938e-05,16950,401,1832
1683,0.493656844,0.879140546,8.45171795e-05,0.879140546,0,0.00331567235,0.0439243099,7.93683736e-13,1.03513388e-05,1950,401,1057
1684,0.801683724,0.983523729,7.18762453e-05,0.983523729,0,0.00384049508,0.0491324829,5.74021627e-13,5.58435008e-06,11750,401,1570
1685,0.606262982,0.910581153,7.83439972e-05,0.910581153,0,0.00353927281,0.0454273211,6.81975766e-13,7.68568543e-06,14200,401,1226
1686,0.981971979,1.06965079,9.60054493e-05,1.06965079,0,0.00487353341,0.0536329194,1.02411625e-12,4.09502213e-06,18050,401,693
1687,0.806131303,0.98543771,7.26910782e-05,0.98543771,0,0.00385217837,0.0492317401,5.87110317e-13,5.53677431e-06,11750,401,1527
1688,0.328109652,0.848692325,5.9746419e-05,0.848692325,0,0.00325231345,0.0426009077,3.96626065e-13,1.40254604e-05,16950,401,2053
1689,0.00822637416,0.850160583,0.000306102015,0.850160583,0,0.00378263954,0.0432591817,1.04109382e-11,2.74562883e-06,,401,25
1690,0.778694868,0.973805444,6.56001109e-05,0.973805444,0,0.00379030772,0.0486292664,4.78152727e-13,6.18580939e-06,11750,401,1828
1691,0.764948487,0.968134724,6.14369943e-05,0.968134724,0,0.00377170741,0.0483360002,4.19389363e-13,6.53846176e-06,14200,401,1989
1692,0.536942661,0.890251742,9.03401353e-05,0.890251742,0,0.0034067162,0.0444447461,9.06815561e-13,8.54279972e-06,14200,401,762
1693,0.662718773,0.929349914,5.82887658e-05,0.929349914,0,0.00363186951,0.0463593408,3.77508913e-13,8.11028882e-06,14200,401,2109
1694,0.0775169581,0.842717719,3.00178039e-05,0.842717719,0,0.00311906798,0.0427836609,1.00118728e-13,1.25017883e-05,13900,401,2983
1695,0.730146766,0.954255163,5.21268694e-05,0.954255163,0,0.00373126809,0.0476218634,3.01912279e-13,7.44421181e-06,14200,401,2368
1696,0.283744067,0.84397906,9.63398793e-05,0.84397906,0,0.00323064971,0.0424386283,1.03126359e-12,1.17573914e-05,17650,401,691
1697,0.452174813,0.869679736,6.90641172e-05,0.869679736,0,0.00327042145,0.0434910124,5.29983588e-13,1.24146761e-05,4800,401,1691
1698,0.0410365127,0.846139135,0.000141968251,0.846139135,0,0.0034136308,0.0430125369,2.23944271e-12,9.87147175e-06,,401,124
1699,0.0242586993,0.848083909,0.00021936405,0.848083909,0,0.00358983421,0.043133891,5.34673185e-12,6.91239553e-06,,401,73
1700,0.949836791,1.05303599,4.16974218e-05,1.05303599,0,0.00459738357,0.0527611584,1.93186109e-13,6.06271263e-06,14050,401,2727
1701,0.236943364,0.840672634,0.000129001724,0.840672634,0,0.00318414503,0.0423592547,1.84904941e-12,8.33995092e-06,15400,401,391
1702,0.716920674,0.94916136,5.02139705e-05,0.94916136,0,0.00371400174,0.0473615271,2.80160315e-13,7.73278164e-06,14200,401,2493
1703,0.536128879,0.890031407,9.03026108e-05,0.890031407,0,0.00340501194,0.044434296,9.06062392e-13,8.57658831e-06,14200,401,771
1704,0.191466004,0.839135582,0.000141264876,0.839135582,0,0.00313024702,0.042371865,2.21730723e-12,6.66540901e-06,15400,401,142
1705,0.312206239,0.846828587,7.2579934e-05,0.846828587,0,0.00324677548,0.0425330605,5.85316314e-13,1.33514404e-05,16950,401,1531
1706,0.061996948,0.844037969,6.42376615e-05,0.844037969,0,0.00322945978,0.0428751408,4.58497462e-13,1.19295779e-05,17750,401,1882
1707,0.0218505599,0.848382296,0.000231636424,0.848382296,0,0.00361725976,0.0431521344,5.96171478e-12,6.33389725e-06,,401,66
1708,0.242243424,0.840959921,0.000125990123,0.840959921,0,0.00319049321,0.0423635016,1.76372345e-12,8.71986912e-06,15400,401,424
1709,0.904668212,1.03060001,5.19741827e-05,1.03060001,0,0.00425489106,0.0515879159,3.00146186e-13,6.48512387e-06,11550,401,2378
1710,0.278807193,0.843548863,0.000100324332,0.843548863,0,0.00322691768,0.0424257943,1.11833018e-12,1.14390251e-05,17650,401,658
1711,0.755704761,0.964381251,5.85556179e-05,0.964381251,0,0.00376119304,0.0481422576,3.80973376e-13,6.84821614e-06,14200,401,2096
1712,0.471436262,0.873925731,7.73489925e-05,0.873925731,0,0.00328296366,0.0436843905,6.64762961e-13,1.14728965e-05,1750,401,1252
1713,0.619636178,0.914851162,7.38870813e-05,0.914851162,0,0.00356182771,0.045637613,6.06588977e-13,7.78802131e-06,14200,401,1467
1714,0.804836452,0.984879543,7.25222783e-05,0.984879543,0,0.0038487407,0.0492027866,5.84386761e-13,5.52069463e-06,11750,401,1536
1715,0.924016774,1.04007905,3.9457786e-05,1.04007905,0,0.00439511656,0.0520829967,1.72990764e-13,6.65612326e-06,13400,401,2793
1716,0.151489541,0.839172767,0.000125966418,0.839172767,0,0.00307234803,0.0424565684,1.76305982e-12,8.76295001e-06,15400,401,425
1717,0.852952898,1.00624363,7.43603374e-05,1.00624363,0,0.00399024683,0.0503155534,6.1438442e-13,5.43882968e-06,7200,401,1437
1718,0.442745835,0.86769526,6.45251888e-05,0.86769526,0,0.00326706571,0.0434015259,4.6261111e-13,1.28120588e-05,7700,401,1871
1719,0.995740652,1.07693456,0.000130332257,1.07693456,0,0.0050004239,0.0540157493,1.88738857e-12,2.74077181e-06,18050,401,374
1720,0.786755145,0.977179299,6.78689189e-05,0.977179299,0,0.00380523977,0.048803874,5.11798906e-13,5.99937468e-06,11750,401,1740
1721,0.0784464255,0.842645029,2.94083581e-05,0.842645029,0,0.003113215,0.0427784576,9.60946137e-14,1.25085826e-05,13750,401,2990
1722,0.799049675,0.982395303,7.13300096e-05,0.982395303,0,0.00383377396,0.0490739942,5.6533003e-13,5.6405303e-06,11750,401,1593
1723,0.826189876,0.994204639,7.54296253e-05,0.994204639,0,0.00390843144,0.0496873341,6.32180931e-13,5.25159788e-06,11750,401,1360
1724,0.247886553,0.841290388,0.000122631313,0.841290388,0,0.00319703667,0.0423693488,1.67093766e-12,9.13040462e-06,15400,401,461
1725,0.846368134,1.00324543,7.52540699e-05,1.00324543,0,0.00396932128,0.0501588392,6.29241671e-13,5.27777075e-06,8800,401,1375
1726,0.512304723,0.883774532,8.84444941e-05,0.883774532,0,0.00335419376,0.0441397027,8.69158726e-13,9.44403435e-06,4250,401,909
1727,0.191010296,0.839128673,0.000141275787,0.839128673,0,0.00312970943,0.0423724379,2.21764977e-12,6.66588695e-06,15400,401,138
1728,0.657940507,0.927686728,6.00319319e-05,0.927686728,0,0.00362417462,0.0462760074,4.00425871e-13,8.02947564e-06,14200,401,2041
1729,0.220888555,0.83993958,0.000136133825,0.83993958,0,0.00316447095,0.0423537028,2.05915759e-12,7.38022909e-06,15400,401,291
1730,0.71006602,0.946560799,5.00266425e-05,0.946560799,0,0.00370451917,0.0472290163,2.78073885e-13,7.83377793e-06,14200,401,2518
1731,0.318291694,0.847518875,6.75444016e-05,0.847518875,0,0.00324915151,0.0425577492,5.06916244e-13,1.36297238e-05,16950,401,1753
1732,0.838542342,0.99971302,7.57884752e-05,0.99971302,0,0.003945199,0.0499744162,6.3821033e-13,5.25350704e-06,8900,401,1309
1733,0.291450381,0.844688644,9.00036751e-05,0.844688644,0,0.00323588711,0.0424607656,9.00073503e-13,1.22129164e-05,17650,401,809
1734,0.979223132,1.06820842,8.98374152e-05,1.06820842,0,0.00484882526,0.0535571536,8.96751241e-13,4.51100793e-06,10900,401,825
1735,0.785385013,0.976603191,6.76410782e-05,0.976603191,0,0.00380245787,0.0487740549,5.08368384e-13,5.9741613e-06,11750,401,1749
1736,0.749901891,0.962049746,5.68611407e-05,0.962049746,0,0.00375467423,0.048022124,3.59243259e-13,7.02104194e-06,14200,401,2164
1737,0.739803374,0.95803744,5.42114612e-05,0.95803744,0,0.00374302547,0.0478158134,3.26542503e-13,7.23643536e-06,14200,401,2272
1738,0.550882459,0.894092739,8.98640347e-05,0.894092739,0,0.00343558314,0.0446276728,8.97282748e-13,8.09399686e-06,14200,401,823
1739,0.780630112,0.974612008,6.60427e-05,0.974612008,0,0.00379357569,0.0486710042,4.84626469e-13,6.18142975e-06,11750,401,1812
1740,0.0952405259,0.841454971,4.77391276e-05,0.841454971,0,0.00302600177,0.0426895164,2.53224923e-13,1.23443254e-05,4850,401,2589
1741,0.772394598,0.971193264,6.37196203e-05,0.971193264,0,0.00378098361,0.0484941203,4.51132224e-13,6.36982806e-06,14200,401,1904
1742,0.0705610216,0.843284699,4.10262667e-05,0.843284699,0,0.00316568596,0.0428235892,1.87017173e-13,1.23153551e-05,14500,401,2746
1743,0.604218245,0.909938095,7.91242735e-05,0.909938095,0,0.00353576101,0.0453957528,6.95627852e-13,7.80008603e-06,14200,401,1209
1744,0.395037144,0.858620807,4.1206655e-05,0.858620807,0,0.00326032526,0.0430029295,1.8866538e-13,1.4398451e-05,13400,401,2739
1745,0.244694754,0.841100371,0.000124513158,0.841100371,0,0.00319336537,0.0423658746,1.72261406e-12,8.93170789e-06,15400,401,440
1746,0.213475317,0.839671075,0.000138519172,0.839671075,0,0.00315562134,0.0423548232,2.13195121e-12,6.97195035e-06,15400,401,247
1747,0.386963189,0.85724727,3.87484548e-05,0.85724727,0,0.00325988059,0.0429445829,1.66826972e-13,1.45353838e-05,13400,401,2819
1748,0.293246925,0.844860561,8.85100154e-05,0.844860561,0,0.00323701036,0.0424662857,8.7044698e-13,1.23548879e-05,17650,401,906
1749,0.580069482,0.902540474,8.56425219e-05,0.902540474,0,0.00349252225,0.0450346937,8.14960173e-13,7.6320605e-06,14200,401,1021
1750,0.801540256,0.98346214,7.18154878e-05,0.98346214,0,0.00384012637,0.0491292899,5.73051588e-13,5.64534702e-06,11750,401,1571
1751,0.411357254,0.861541488,4.82978449e-05,0.861541488,0,0.00326151313,0.0431289735,2.59186869e-13,1.39864597e-05,12350,401,2579
1752,0.724540293,0.952083571,5.11642827e-05,0.952083571,0,0.00372411443,0.0475107521,2.90864869e-13,7.56834731e-06,14200,401,2424
1753,0.703004301,0.943910727,4.99912888e-05,0.943910727,0,0.0036944024,0.0470942694,2.77680995e-13,7.95749962e-06,14200,401,2529
1754,0.26978147,0.842811694,0.000107388202,0.842811694,0,0.00321934749,0.042405047,1.28135843e-12,1.08147244e-05,17650,401,601
1755,0.586240411,0.904396034,8.41603103e-05,0.904396034,0,0.00350390597,0.0451248805,7.86995315e-13,7.5850193e-06,14200,401,1068
1756,0.401484281,0.8597515,4.36588619e-05,0.8597515,0,0.00326072849,0.0430514252,2.11788469e-13,1.42712999e-05,13400,401,2678
1757,0.663399875,0.929588187,5.81920742e-05,0.929588187,0,0.00363296264,0.0463712904,3.762575e-13,8.08483403e-06,14200,401,2111
1758,0.0559172705,0.844609793,8.43899348e-05,0.844609793,0,0.00327880213,0.0429133558,7.91295677e-13,1.14862839e-05,18000,401,1061
1759,0.547568262,0.893168078,9.01214988e-05,0.893168078,0,0.00342881024,0.0445835058,9.02431617e-13,8.09314355e-06,14200,401,796
1760,0.999527872,1.07895565,0.000140907101,1.07895565,0,0.00503624327,0.0541220399,2.20609013e-12,2.14769319e-06,18050,401,171
1761,0.825879037,0.994067039,7.5530569e-05,0.994067039,0,0.0039075236,0.0496801708,6.33874095e-13,5.20436232e-06,11750,401,1349
1762,0.261353523,0.842181292,0.000113594527,0.842181292,0,0.00321140182,0.0423888572,1.43374628e-12,1.01901495e-05,17650,401,546
1763,0.894784272,1.02583445,5.83513761e-05,1.02583445,0,0.00418742432,0.0513393437,3.78320344e-13,6.31559376e-06,3850,401,2106
1764,0.583803356,0.903660178,8.47695458e-05,0.903660178,0,0.00349943943,0.0450890832,7.98430655e-13,7.66568444e-06,14200,401,1050
1765,0.101684421,0.841060529,5.97202421e-05,0.841060529,0,0.00300537105,0.0426577176,3.9627859e-13,1.21077297e-05,2100,401,2055
1766,0.0475326814,0.845448843,0.000115438792,0.845448843,0,0.0033523104,0.0429682553,1.48067941e-12,1.06933571e-05,18100,401,530
1767,0.217437938,0.839809072,0.000137290042,0.839809072,0,0.00316031442,0.0423539353,2.09428396e-12,7.18037895e-06,15400,401,271
1768,0.292610496,0.844799374,8.90394349e-05,0.844799374,0,0.00323661789,0.0424643142,8.80891218e-13,1.2333837e-05,17650,401,880
1769,0.821722031,0.992232578,7.51177571e-05,0.992232578,0,0.00389550096,0.0495847101,6.2696416e-13,5.29841672e-06,11750,401,1382
1770,0.40722394,0.860783662,4.60991837e-05,0.860783662,0,0.00326115537,0.0430960322,2.36126082e-13,1.41504595e-05,12650,401,2624
1771,0.956507325,1.05644009,4.89603814e-05,1.05644009,0,0.00465244963,0.0529395839,2.6634655e-13,5.96494765e-06,14050,401,2564
1772,0.241990849,0.840945796,0.000126153921,0.840945796,0,0.00319020002,0.0423632756,1.76831242e-12,8.72491951e-06,15400,401,423
1773,0.0569510423,0.844510426,8.07904902e-05,0.844510426,0,0.00327017411,0.0429067644,7.252337e-13,1.16055358e-05,17750,401,1165
1774,0.475061864,0.874753536,7.86573997e-05,0.874753536,0,0.00328667687,0.0437223305,6.87442948e-13,1.12222119e-05,1750,401,1221
1775,0.357108086,0.852584501,4.15590928e-05,0.852584501,0,0.00325775171,0.0427521671,1.91906466e-13,1.46138426e-05,14800,401,2730
1776,0.269331694,0.842776714,0.000107769339,0.842776714,0,0.00321894787,0.0424041089,1.29047006e-12,1.07879649e-05,17650,401,596
1777,0.930079401,1.04308977,3.67442573e-05,1.04308977,0,0.00444107838,0.0522404333,1.50015605e-13,6.61968975e-06,13400,401,2915
1778,0.736457705,0.956720927,5.34077657e-05,0.956720927,0,0.00373903424,0.047748244,3.1693216e-13,7.35586133e-06,14200,401,2310
1779,0.680350661,0.935605012,5.33540337e-05,0.935605012,0,0.00365996182,0.0466738985,3.16294768e-13,8.05258088e-06,14200,401,2312
1780,0.629689872,0.918133739,7.01572954e-05,0.918133739,0,0.00357838321,0.0458000279,5.46894012e-13,7.9251992e-06,14200,401,1648
1781,0.115859404,0.840314216,8.41832381e-05,0.840314216,0,0.00300530674,0.0425909224,7.87424175e-13,1.13754696e-05,3450,401,1067
1782,0.637962937,0.920881275,6.72126886e-05,0.920881275,0,0.00359186506,0.0459364383,5.019495e-13,7.91712388e-06,14200,401,1768
1783,0.57019347,0.899621044,8.75039404e-05,0.899621044,0,0.00347383868,0.044893348,8.50771065e-13,7.75926362e-06,14200,401,953
1784,0.553867757,0.894931558,8.97303042e-05,0.894931558,0,0.00344163678,0.0446678081,8.94614167e-13,8.07085417e-06,14200,401,833
1785,0.891833305,1.02442171,5.99404951e-05,1.02442171,0,0.00416795045,0.0512656892,3.99206995e-13,6.22620727e-06,2600,401,2044
1786,0.706916928,0.945375555,4.99740744e-05,0.945375555,0,0.00370005392,0.0471687141,2.7748979e-13,7.84429821e-06,14200,401,2531
1787,0.729891241,0.954155658,5.20723679e-05,0.954155658,0,0.00373094691,0.0476167677,3.01281278e-13,7.41740731e-06,14200,401,2372
1788,0.575978637,0.901323684,8.64980772e-05,0.901323684,0,0.00348486167,0.0449756984,8.31324151e-13,7.77346258e-06,14200,401,989
1789,0.453082532,0.869874154,6.9521851e-05,0.869874154,0,0.00327081415,0.0434998141,5.37031974e-13,1.23728977e-05,4800,401,1675
1790,0.476240218,0.87502463,7.91245966e-05,0.87502463,0,0.00328802165,0.0437347679,6.95633532e-13,1.12145164e-05,1750,401,1208
1791,0.106106393,0.840809893,6.77811761e-05,0.840809893,0,0.00299836025,0.04263644,5.10476427e-13,1.19236838e-05,1850,401,1744
1792,0.488241076,0.877838508,8.30821218e-05,0.877838508,0,0.00330566163,0.0438641986,7.66959884e-13,1.06416342e-05,1850,401,1101
1793,0.0203862134,0.848566141,0.000239231261,0.848566141,0,0.00363420095,0.0431633314,6.35906627e-12,6.01957889e-06,,401,62
1794,0.481253922,0.876188306,8.08288738e-05,0.876188306,0,0.00329449053,0.0437882229,7.25922982e-13,1.09570658e-05,1750,401,1163
1795,0.0912931338,0.841713563,4.06825341e-05,0.841713563,0,0.00304288707,0.0427095805,1.83896509e-13,1.24555204e-05,8300,401,2756
1796,0.422406346,0.863627862,5.39701401e-05,0.863627862,0,0.00326279937,0.0432204319,3.2364178e-13,1.36157782e-05,8000,401,2285
1797,0.177590638,0.839000316,0.000139223249,0.839000316,0,0.00311281568,0.04239333,2.15367923e-12,7.05884657e-06,15400,401,228
1798,0.057941813,0.844416014,7.74375832e-05,0.844416014,0,0.00326200411,0.0429004831,6.66286588e-13,1.16720707e-05,17750,401,1250
1799,0.645143032,0.923299281,6.45855177e-05,0.923299281,0,0.00360350398,0.046056821,4.63476566e-13,7.99762385e-06,14200,401,1868
1800,0.338645846,0.850033164,5.20205668e-05,0.850033164,0,0.0032548862,0.0426517693,3.00682152e-13,1.42956705e-05,16950,401,2375
1801,0.131813824,0.839673501,0.000106582373,0.839673501,0,0.00303521822,0.0425240257,1.26220025e-12,1.02699013e-05,12900,401,608
1802,0.501327217,0.881018323,8.63667459e-05,0.881018323,0,0.0033310558,0.0440113042,8.28801645e-13,9.97398922e-06,3450,401,997
1803,0.690190554,0.939175889,5.14271111e-05,0.939175889,0,0.00367523871,0.0468542602,2.93860862e-13,8.07435612e-06,14200,401,2406
1804,0.939194918,1.047653,3.57999157e-05,1.047653,0,0.00451194789,0.0524792214,1.42403774e-13,6.37674146e-06,14050,401,2941
1805,0.818638206,0.990877963,7.48694816e-05,0.990877963,0,0.00388669556,0.049514266,6.22826587e-13,5.33849035e-06,11750,401,1405
1806,0.0909726396,0.84173521,4.01135447e-05,0.84173521,0,0.00304436822,0.0427112363,1.78788496e-13,1.24380799e-05,8850,401,2774
1807,0.722470999,0.951286707,5.09786044e-05,0.951286707,0,0.00372141424,0.0474700257,2.88757567e-13,7.58777442e-06,14200,401,2433
1808,0.517998636,0.88523569,8.92163896e-05,0.88523569,0,0.00336638193,0.0442081179,8.84396019e-13,9.22218865e-06,6100,401,869
1809,0.522422731,0.88638594,8.97499478e-05,0.88638594,0,0.00337585692,0.044262143,8.95005903e-13,8.97198825e-06,6300,401,828
1810,0.391877145,0.858077577,4.01168879e-05,0.858077577,0,0.00326015207,0.0429797764,1.788183e-13,1.44898616e-05,13400,401,2773
1811,0.337245733,0.849850124,5.29601273e-05,0.849850124,0,0.00325458186,0.0426447393,3.11641675e-13,1.42473614e-05,16950,401,2325
1812,0.301016331,0.845633522,8.19252345e-05,0.845633522,0,0.00324146422,0.0424917898,7.45749339e-13,1.28119872e-05,16950,401,1134
1813,0.000325876201,0.851262159,0.000353480868,0.851262159,0,0.00388659112,0.0433242318,1.38831916e-11,1.10496469e-07,,401,1
1814,0.411124349,0.861498543,4.81711007e-05,0.861498543,0,0.00326149165,0.0431271037,2.57828327e-13,1.4012348e-05,12350,401,2581
1815,0.872994065,1.01551236,6.89919772e-05,1.01551236,0,0.00406161614,0.0508007189,5.28876992e-13,5.80514896e-06,1550,401,1696
1816,0.107539333,0.840732045,7.02656684e-05,0.840732045,0,0.00299766744,0.0426296108,5.48584906e-13,1.18825382e-05,1850,401,1643
1817,0.586562455,0.904493493,8.39854099e-05,0.904493493,0,0.00350448985,0.0451296251,7.83727675e-13,7.67451677e-06,14200,401,1072
1818,0.0069732191,0.850331925,0.000313385853,0.850331925,0,0.00379872817,0.0432693579,1.09122992e-11,2.31314771e-06,,401,21
1819,0.409405589,0.861182134,4.72313901e-05,0.861182134,0,0.00326133927,0.0431133335,2.47867134e-13,1.41016328e-05,12650,401,2600
1820,0.905142725,1.03083003,5.18686332e-05,1.03083003,0,0.00425819767,0.0515999197,2.98928345e-13,6.42002054e-06,11550,401,2384
1821,0.54430753,0.892265358,9.03528518e-05,0.892265358,0,0.00342208397,0.0445404659,9.07070869e-13,8.32127296e-06,14200,401,758
1822,0.269340932,0.842777391,0.000107722132,0.842777391,0,0.00321895497,0.0424041257,1.28933975e-12,1.07560576e-05,17650,401,597
1823,0.497629762,0.880108162,8.55242226e-05,0.880108162,0,0.00332351581,0.0439690903,8.12710294e-13,1.01638602e-05,2100,401,1025
1824,0.523835957,0.886756269,8.97864398e-05,0.886756269,0,0.00337889146,0.0442795665,8.95733864e-13,8.91500359e-06,6300,401,826
1825,0.49565649,0.879626255,8.49836389e-05,0.879626255,0,0.00331957621,0.0439467758,8.02468764e-13,1.02678066e-05,2000,401,1042
1826,0.0138647268,0.849406016,0.000274173263,0.849406016,0,0.00371207681,0.043214091,8.35233088e-12,4.35442335e-06,,401,42
1827,0.00450280821,0.850673347,0.000328018702,0.850673347,0,0.00383088867,0.0432895695,1.1955141e-11,1.54766235e-06,,401,14
1828,0.967714548,1.06221265,6.6589767e-05,1.06221265,0,0.00474759825,0.0532423752,4.92688563e-13,5.28355698e-06,14800,401,1793
1829,0.296107471,0.84513974,8.61088793e-05,0.84513974,0,0.00323872884,0.0424753764,8.238599e-13,1.25336702e-05,17650,401,1004
1830,0.763215899,0.967427474,6.08613996e-05,0.967427474,0,0.00376968569,0.0482994653,4.11567774e-13,6.62142269e-06,14200,401,2009
1831,0.59027189,0.905621168,8.31503197e-05,0.905621168,0,0.00351120729,0.04518457,7.68219519e-13,7.66089127e-06,14200,401,1099
1832,0.115651593,0.840323858,8.38611514e-05,0.840323858,0,0.00300497738,0.0425918573,7.81410301e-13,1.14186082e-05,3450,401,1077
1833,0.672223806,0.932698961,5.54995149e-05,0.932698961,0,0.00364709192,0.0465275362,3.42244017e-13,8.06933633e-06,14200,401,2216
1834,0.881645739,1.01958022,6.52097394e-05,1.01958022,0,0.00410451033,0.051013284,4.72478902e-13,6.08697262e-06,1650,401,1845
1835,0.555941343,0.895517799,8.95293563e-05,0.895517799,0,0.00344581772,0.044695897,8.90611739e-13,7.93317747e-06,14200,401,850
1836,0.933116436,1.04460525,3.59196779e-05,1.04460525,0,0.00446444848,0.052319714,1.4335814e-13,6.56851568e-06,13400,401,2934
1837,0.784932792,0.976413274,6.75345157e-05,0.976413274,0,0.00380155749,0.048764225,5.06767868e-13,6.02137857e-06,11750,401,1754
1838,0.536541998,0.890143224,9.04311049e-05,0.890143224,0,0.00340587508,0.0444395989,9.08642747e-13,8.50938683e-06,14200,401,744
1839,0.399997652,0.859488056,4.30216169e-05,0.859488056,0,0.00326063136,0.0430400895,2.05651058e-13,1.42926848e-05,13400,401,2694
1840,0.129362434,0.839758148,0.000103471304,0.839758148,0,0.00303038315,0.0425336033,1.18959008e-12,1.04911632e-05,11450,401,633
1841,0.624719739,0.916503109,7.21054861e-05,0.916503109,0,0.00357022961,0.0457192694,5.77689014e-13,7.83894994e-06,14200,401,1559
1842,0.916635156,1.0364392,4.40229835e-05,1.0364392,0,0.00434044292,0.0518927844,2.15335897e-13,6.57141121e-06,13400,401,2669
1843,0.760105133,0.966161986,5.98605815e-05,0.966161986,0,0.00376613687,0.0482341245,3.98143247e-13,6.68912058e-06,14200,401,2047
1844,0.259502739,0.842050285,0.000114948877,0.842050285,0,0.0032095413,0.0423857087,1.46813826e-12,1.00482569e-05,17650,401,534
1845,0.661392689,0.928886892,5.88606675e-05,0.928886892,0,0.00362973704,0.0463361278,3.84953131e-13,8.1014271e-06,14200,401,2084
1846,0.357940406,0.852705549,4.1279988e-05,0.852705549,0,0.003257843,0.0427570304,1.8933749e-13,1.46326692e-05,14800,401,2738
1847,0.94527328,1.0507203,3.80633362e-05,1.0507203,0,0.00456039133,0.0526398401,1.6097973e-13,6.35813796e-06,14050,401,2849
1848,0.120015331,0.840126983,9.05994819e-05,0.840126983,0,0.00301243728,0.0425724849,9.12029569e-13,1.11290213e-05,3850,401,736
1849,0.355597258,0.852366251,4.2212044e-05,0.852366251,0,0.0032575799,0.0427434214,1.97984074e-13,1.45875664e-05,16300,401,2715
1850,0.32152167,0.847896879,6.49244329e-05,0.847896879,0,0.00325028365,0.0425714992,4.68353553e-13,1.3738006e-05,16950,401,1856
1851,0.0756109282,0.842869089,3.19308564e-05,0.842869089,0,0.00313135291,0.0427944314,1.13286621e-13,1.24855381e-05,14200,401,2970
1852,0.107225008,0.840748944,6.9703784e-05,0.840748944,0,0.00299774922,0.0426311046,5.3984639e-13,1.1871134e-05,1850,401,1665
1853,0.745223165,0.960183471,5.55757585e-05,0.960183471,0,0.00374934966,0.0479260915,3.43184993e-13,7.1501552e-06,14200,401,2213
1854,0.849797428,1.00480397,7.48674471e-05,1.00480397,0,0.00398014376,0.0502402833,6.22792737e-13,5.40623958e-06,8250,401,1406
1855,0.428490281,0.864813736,5.72335445e-05,0.864813736,0,0.00326376847,0.0432728744,3.63964291e-13,1.33837136e-05,8000,401,2147
1856,0.902347744,1.02947641,5.35723769e-05,1.02947641,0,0.00423877155,0.0515292907,3.18888841e-13,6.50462646e-06,7150,401,2299
1857,0.311730713,0.846775884,7.29082251e-05,0.846775884,0,0.00324657429,0.0425312,5.90623254e-13,1.33516857e-05,16950,401,1519
1858,0.568085492,0.899005945,8.78899352e-05,0.899005945,0,0.00346977448,0.0448636565,8.58293412e-13,7.76104957e-06,14200,401,936
1859,0.238567755,0.840758281,0.000128055555,0.840758281,0,0.00318611438,0.0423604271,1.82202501e-12,8.45641389e-06,15400,401,403
1860,0.17889905,0.839006386,0.000139601829,0.839006386,0,0.00311456504,0.0423909486,2.16540786e-12,6.98504474e-06,15400,401,219
1861,0.829180837,0.995530497,7.5654923e-05,0.995530497,0,0.00391719347,0.0497563766,6.35963041e-13,5.30698884e-06,11600,401,1333
1862,0.976902187,1.06699373,8.49327392e-05,1.06699373,0,0.00482811539,0.0534933606,8.01507798e-13,4.70280116e-06,10900,401,1046
1863,0.0942714065,0.841517201,4.60353692e-05,0.841517201,0,0.00302989525,0.0426943957,2.35472802e-13,1.23808066e-05,5950,401,2625
1864,0.824267745,0.993354971,7.53947042e-05,0.993354971,0,0.00390284471,0.0496431085,6.31595714e-13,5.2777973e-06,11750,401,1361
1865,0.648540318,0.924454454,6.32529847e-05,0.924454454,0,0.00360899851,0.0461144382,4.44548898e-13,8.0865415e-06,14200,401,1917
1866,0.603554606,0.909729845,7.93056598e-05,0.909729845,0,0.00353461752,0.0453855356,6.98820853e-13,7.65768837e-06,14200,401,1206
1867,0.0443529673,0.845782271,0.000128154367,0.845782271,0,0.00338184038,0.0429897375,1.82483797e-12,1.03075734e-05,18100,401,402
1868,0.827464998,0.994769354,7.55500544e-05,0.994769354,0,0.00391216201,0.0497167366,6.34201192e-13,5.23689595e-06,11750,401,1347
1869,0.425710052,0.864268654,5.55255862e-05,0.864268654,0,0.00326329971,0.0432487315,3.42565636e-13,1.3529066e-05,8000,401,2215
1870,0.773967147,0.971843029,6.41536109e-05,0.971843029,0,0.00378314709,0.0485277318,4.57298421e-13,6.34360545e-06,14200,401,1888
1871,0.0319869556,0.847159002,0.000182133869,0.847159002,0,0.00350545493,0.0430767412,3.6858607e-12,8.42700965e-06,,401,96
1872,0.888388753,1.02277856,6.19388701e-05,1.02277856,0,0.00414571048,0.0511800344,4.26269291e-13,6.12367745e-06,1850,401,1968
1873,0.886854231,1.02204859,6.26944718e-05,1.02204859,0,0.00413600599,0.0511419839,4.36732977e-13,6.20045313e-06,1800,401,1942
1874,0.0934831128,0.84156848,4.47102885e-05,0.84156848,0,0.00303318875,0.0426983888,2.22112211e-13,1.24054953e-05,6600,401,2653
1875,0.310242414,0.846611777,7.42775046e-05,0.846611777,0,0.0032459334,0.0425254255,6.13016409e-13,1.32534417e-05,16950,401,1445
1876,0.524188936,0.886848874,8.96983824e-05,0.886848874,0,0.00337964519,0.0442839261,8.93977756e-13,9.01927915e-06,6300,401,837
1877,0.736289084,0.956654699,5.32862545e-05,0.956654699,0,0.00373882244,0.0477448472,3.15491657e-13,7.33041926e-06,14200,401,2313
1878,0.938336134,1.04722119,3.5639416e-05,1.04722119,0,0.00450517812,0.0524566172,1.41129775e-13,6.55220649e-06,14050,401,2950
1879,0.442483455,0.867641067,6.42016461e-05,0.867641067,0,0.00326698934,0.0433990925,4.57983484e-13,1.28816936e-05,7950,401,1885
1880,0.374967068,0.855294667,3.75275745e-05,0.855294667,0,0.0032592225,0.0428628367,1.56479872e-13,1.46617589e-05,14050,401,2896
1881,0.0477161407,0.845429873,0.00011472557,0.845429873,0,0.00335063343,0.0429670281,1.46243961e-12,1.07264646e-05,18100,401,536
1882,0.277523309,0.84344024,0.000101383411,0.84344024,0,0.00322590447,0.0424226351,1.14206622e-12,1.13600072e-05,17650,401,651
1883,0.841454923,1.00102367,7.56402038e-05,1.00102367,0,0.00395409514,0.0500428151,6.35715604e-13,5.24604856e-06,8900,401,1336
1884,0.93161422,1.04385479,3.61978812e-05,1.04385479,0,0.00445285093,0.0522804524,1.455874e-13,6.58849502e-06,13400,401,2926
1885,0.782868147,0.975547879,6.68415882e-05,0.975547879,0,0.00379760077,0.0487194358,4.9642199e-13,6.03566438e-06,11750,401,1781
1886,0.414833993,0.86218869,4.99597253e-05,0.86218869,0,0.00326186805,0.0431572283,2.77330461e-13,1.39106468e-05,11650,401,2532
1887,0.621834278,0.915563543,7.3068707e-05,0.915563543,0,0.00356546347,0.0456728067,5.93226215e-13,7.79587802e-06,14200,401,1507
1888,0.808393419,0.986415314,7.33244645e-05,0.986415314,0,0.00385825644,0.0492824655,5.97386344e-13,5.46806359e-06,11750,401,1497
1889,0.533834755,0.88941265,9.02104536e-05,0.88941265,0,0.00340016662,0.0444049788,9.04213994e-13,8.67188639e-06,10800,401,787
1890,0.184232503,0.839045447,0.000140642909,0.839045447,0,0.00312144266,0.0423820077,2.19782533e-12,6.82476877e-06,15400,401,182
1891,0.938244104,1.04717506,3.5734277e-05,1.04717506,0,0.0045044454,0.0524542025,1.41882062e-13,6.48997828e-06,14050,401,2944
1892,0.979897439,1.06856179,9.14292618e-05,1.06856179,0,0.00485487325,0.0535757136,9.28812212e-13,4.37264163e-06,10900,401,730
1893,0.843175888,1.00180032,7.55286023e-05,1.00180032,0,0.00395939713,0.0500833632,6.33841085e-13,5.32797043e-06,8800,401,1350
1894,0.0709118992,0.843255093,4.02901194e-05,0.843255093,0,0.00316322206,0.0428215318,1.80365969e-13,1.23519115e-05,14500,401,2766
1895,0.697323024,0.941799494,5.05298184e-05,0.941799494,0,0.00368601645,0.0469871329,2.83695838e-13,8.03700335e-06,14200,401,2467
1896,0.987600267,1.07261626,0.000109465177,1.07261626,0,0.00492478562,0.0537887361,1.33140277e-12,3.60847931e-06,18050,401,583
1897,0.00647394825,0.850400456,0.000316358426,0.850400456,0,0.00380518043,0.0432734232,1.11202948e-11,2.18124348e-06,,401,20
1898,0.253576487,0.841649276,0.000119037076,0.841649276,0,0.0032033361,0.0423766361,1.57442506e-12,9.57948086e-06,17650,401,497
1899,0.181889385,0.839025448,0.000140197136,0.839025448,0,0.00311846499,0.0423857839,2.18391523e-12,6.88197968e-06,15400,401,200
1900,0.887247145,1.02223534,6.25092629e-05,1.02223534,0,0.00413847296,0.0511517189,4.34156439e-13,6.1657732e-06,1800,401,1946
1901,0.34263441,0.850562654,4.93763377e-05,0.850562654,0,0.00325565823,0.0426722462,2.70891414e-13,1.44253909e-05,16950,401,2555
1902,0.0352732018,0.846780822,0.000167108814,0.846780822,0,0.00347124131,0.0430530909,3.10281732e-12,9.00003526e-06,,401,106
1903,0.00324850646,0.850848717,0.00033553914,0.850848717,0,0.00384744214,0.0432999182,1.25096127e-11,1.12675198e-06,,401,10
1904,0.940053523,1.04808512,3.5979946e-05,1.04808512,0,0.00451872746,0.052501845,1.43839613e-13,6.56906008e-06,14050,401,2933
1905,0.0295929257,0.847440328,0.000193365168,0.847440328,0,0.00353100989,0.0430942232,4.15445426e-12,7.9917186e-06,,401,89
1906,0.535057187,0.88974193,9.02844633e-05,0.88974193,0,0.003402749,0.0444205757,9.05698257e-13,8.56899462e-06,14200,401,772
1907,0.905418873,1.03096384,5.14695302e-05,1.03096384,0,0.0042601393,0.0516069021,2.94345838e-13,6.47143234e-06,11550,401,2403
1908,0.128675237,0.839782825,0.000102611841,0.839782825,0,0.00302903353,0.0425363375,1.16991e-12,1.05101117e-05,11450,401,641
1909,0.53208214,0.888942271,9.03188971e-05,0.888942271,0,0.00339645924,0.0443827173,9.06389241e-13,8.61101508e-06,8800,401,768
1910,0.779628277,0.974194152,6.59424604e-05,0.974194152,0,0.00379186245,0.0486493803,4.83156453e-13,6.1890273e-06,11750,401,1817
1911,0.814686656,0.989149805,7.4371897e-05,0.989149805,0,0.00387557611,0.049424452,6.14575452e-13,5.36531072e-06,11750,401,1436
1912,0.179719299,0.83901086,0.000139722016,0.83901086,0,0.00311564804,0.0423894915,2.16913798e-12,6.96495429e-06,15400,401,215
1913,0.234518796,0.840548681,0.000130225452,0.840548681,0,0.00318119755,0.0423577115,1.88429648e-12,8.19577738e-06,15400,401,376
1914,0.371855468,0.854805397,3.77669306e-05,0.854805397,0,0.00325902028,0.042842599,1.58482338e-13,1.46751404e-05,14050,401,2871
1915,0.365989685,0.853902679,3.86981528e-05,0.853902679,0,0.00325859529,0.0428055459,1.66394115e-13,1.46637669e-05,14050,401,2823
1916,0.579260767,0.90229913,8.58101015e-05,0.90229913,0,0.00349102403,0.045022983,8.18152614e-13,7.65494976e-06,14200,401,1016
1917,0.126095042,0.839878895,9.92202521e-05,0.839878895,0,0.00302397581,0.0425467777,1.09385094e-12,1.07249378e-05,5100,401,669
1918,0.762296498,0.967053046,6.06269194e-05,0.967053046,0,0.00376862834,0.0482801281,4.08402596e-13,6.55835895e-06,14200,401,2018
1919,0.574002743,0.900739701,8.68829582e-05,0.900739701,0,0.00348112275,0.0449474266,8.38738714e-13,7.66506734e-06,14200,401,976
1920,0.900659442,1.02866086,5.45429079e-05,1.02866086,0,0.00422714522,0.051486746,3.30547645e-13,6.39525819e-06,6750,401,2259
1921,0.825003028,0.993679718,7.54450147e-05,0.993679718,0,0.00390497477,0.0496600099,6.32438916e-13,5.23274679e-06,11750,401,1358
1922,0.740234613,0.958207487,5.42949941e-05,0.958207487,0,0.00374353471,0.0478245462,3.27549599e-13,7.23541817e-06,14200,401,2268
1923,0.165513039,0.839010755,0.000134772406,0.839010755,0,0.00309547747,0.0424188738,2.01817793e-12,7.72455729e-06,15400,401,315
1924,0.3091515,0.846492818,7.5076701e-05,0.846492818,0,0.00324544784,0.042521265,6.26279004e-13,1.32017463e-05,16950,401,1387
1925,0.879570127,1.01860068,6.61364635e-05,1.01860068,0,0.00409291536,0.05096217,4.86003534e-13,5.86439038e-06,1650,401,1808
1926,0.579593182,0.902398456,8.56845495e-05,0.902398456,0,0.003491638,0.0450278022,8.15760225e-13,7.77465659e-06,14200,401,1019
1927,0.227649808,0.840223136,0.000133378232,0.840223136,0,0.00317274993,0.042354708,1.9766392e-12,7.7583556e-06,15400,401,334
1928,0.950392187,1.05331835,4.22710934e-05,1.05331835,0,0.00460191922,0.0527759552,1.98538371e-13,6.07649607e-06,14050,401,2713
1929,0.930675924,1.04338689,3.64891955e-05,1.04338689,0,0.00444564439,0.0522559759,1.47940154e-13,6.66241986e-06,13400,401,2920
1930,0.832291484,0.996914999,7.5769224e-05,0.996914999,0,0.00392641037,0.0498285115,6.37886145e-13,5.24531504e-06,11400,401,1315
1931,0.238713384,0.840766135,0.000127961251,0.840766135,0,0.00318628291,0.042360542,1.81934243e-12,8.48654445e-06,15400,401,404
1932,0.212426484,0.839636662,0.000138785538,0.839636662,0,0.0031543895,0.0423551679,2.1401584e-12,6.96034503e-06,15400,401,239
1933,0.188749924,0.839096719,0.000141124404,0.839096719,0,0.00312700082,0.0423754059,2.21289972e-12,6.69900098e-06,15400,401,157
1934,0.306870729,0.846246753,7.7014645e-05,0.846246753,0,0.00324440296,0.042512715,6.59028394e-13,1.30928322e-05,16950,401,1260
1935,0.0783141404,0.842655225,2.94740185e-05,0.842655225,0,0.00311404052,0.0427791912,9.6524196e-14,1.25235412e-05,13750,401,2989
1936,0.406436533,0.860640667,4.58361462e-05,0.860640667,0,0.00326109071,0.0430898349,2.33439145e-13,1.41409759e-05,12700,401,2629
1937,0.00734595768,0.850280758,0.000311237719,0.850280758,0,0.00379392581,0.0432663215,1.07632131e-11,2.44343975e-06,,401,23
1938,0.598780394,0.908240381,8.07690721e-05,0.908240381,0,0.00352631368,0.0453125457,7.24849224e-13,7.63404967e-06,14200,401,1166
1939,0.769588649,0.970037125,6.2880782e-05,0.970037125,0,0.00377732856,0.0484343299,4.39332527e-13,6.40310705e-06,14200,401,1934
1940,0.933821082,1.0449574,3.5825345e-05,1.0449574,0,0.00446990743,0.0523381396,1.42606149e-13,6.59888432e-06,13400,401,2940
1941,0.883292794,1.02035912,6.45224104e-05,1.02035912,0,0.0041141587,0.0510539067,4.62571271e-13,6.07919465e-06,1700,401,1872
1942,0.975427389,1.06622321,8.16651668e-05,1.06622321,0,0.00481503611,0.0534528995,7.41022163e-13,4.78338792e-06,10900,401,1140
1943,0.318775713,0.847574961,6.721415e-05,0.847574961,0,0.00324933327,0.0425597785,5.01971329e-13,1.36786828e-05,16950,401,1767
1944,0.155517742,0.839109736,0.000128918967,0.839109736,0,0.00307932104,0.0424448581,1.84667777e-12,8.42347835e-06,15400,401,393
1945,0.521330416,0.886100736,8.96456446e-05,0.886100736,0,0.00337352046,0.044248734,8.92926844e-13,8.99867416e-06,6100,401,843
1946,0.370646536,0.854617232,3.78198634e-05,0.854617232,0,0.00325893839,0.0428348438,1.58926896e-13,1.46995176e-05,14050,401,2867
1947,0.468439341,0.873248303,7.61144079e-05,0.873248303,0,0.00328029317,0.0436533928,6.43711455e-13,1.16119176e-05,1800,401,1282
1948,0.905769169,1.03113389,5.12877886e-05,1.03113389,0,0.00426259623,0.0516157768,2.92270806e-13,6.54559547e-06,11550,401,2415
1949,0.681808293,0.93613034,5.30438915e-05,0.93613034,0,0.00366225324,0.0467003964,3.12628269e-13,8.07797332e-06,14200,401,2322
1950,0.599590778,0.908492349,8.04309721e-05,0.908492349,0,0.00352772771,0.0453248824,7.18793475e-13,7.5867429e-06,14200,401,1176
1951,0.210445628,0.839574019,0.000139230775,0.839574019,0,0.00315207874,0.0423559444,2.15391207e-12,6.89791743e-06,15400,401,227
1952,0.839298189,1.00005258,7.57452279e-05,1.00005258,0,0.0039475032,0.0499921333,6.37482172e-13,5.35859158e-06,8900,401,1318
1953,0.249457434,0.841386919,0.000121575257,0.841386919,0,0.00319880505,0.0423712226,1.64228256e-12,9.28821476e-06,15400,401,471
1954,0.766809225,0.968896085,6.20393812e-05,0.968896085,0,0.00377391155,0.0483753438,4.27653869e-13,6.4901525e-06,14200,401,1963
1955,0.840881526,1.00076519,7.57188984e-05,1.00076519,0,0.00395232817,0.0500293242,6.37039063e-13,5.26040488e-06,8900,401,1324
1956,0.889260292,1.02319355,6.145141e-05,1.02319355,0,0.00415127299,0.0512016673,4.19586199e-13,6.19745087e-06,1900,401,1988
1957,0.419758469,0.863119994,5.25863441e-05,0.863119994,0,0.0032624427,0.0431980713,3.07258176e-13,1.37143116e-05,8000,401,2346
1958,0.825606346,0.993946405,7.53871324e-05,0.993946405,0,0.00390673072,0.0496738911,6.31468859e-13,5.2164783e-06,11750,401,1363
1959,0.402947545,0.860012386,4.43097855e-05,0.860012386,0,0.00326083209,0.0430626706,2.18150788e-13,1.42122423e-05,13400,401,2664
1960,0.221122414,0.839948856,0.000136033936,0.839948856,0,0.00316475423,0.0423537092,2.05613685e-12,7.32009893e-06,15400,401,292
1961,0.0321131237,0.847144312,0.000181491311,0.847144312,0,0.00350412771,0.0430758262,3.65989954e-12,8.45980278e-06,,401,97
1962,0.630966008,0.918554712,6.98370454e-05,0.918554712,0,0.00358047052,0.0458209016,5.41912546e-13,7.851141e-06,14200,401,1660
1963,0.228912577,0.840280237,0.000132881834,0.840280237,0,0.00317430566,0.0423551144,1.96195352e-12,7.83012138e-06,15400,401,341
1964,0.994967163,1.07652268,0.000128339645,1.07652268,0,0.00499316209,0.0539940912,1.83011828e-12,2.77313514e-06,18050,401,400
1965,0.766028702,0.968576473,6.17076251e-05,0.968576473,0,0.00377297326,0.0483588266,4.23092333e-13,6.56173888e-06,14200,401,1979
1966,0.193663865,0.839171407,0.000141307202,0.839171407,0,0.00313282872,0.0423692315,2.21863615e-12,6.64718413e-06,15400,401,136
1967,0.454216331,0.87011759,7.00171759e-05,0.87011759,0,0.00327133234,0.0435108418,5.44711658e-13,1.2276396e-05,4350,401,1652
1968,0.582281053,0.903202737,8.512233e-05,0.903202737,0,0.00349663119,0.0450668516,8.05090118e-13,7.60261768e-06,14200,401,1037
1969,0.819177687,0.991114675,7.48511536e-05,0.991114675,0,0.00388822437,0.0495265734,6.22521689e-13,5.34646376e-06,11750,401,1407
1970,0.334364384,0.849478088,5.51127666e-05,0.849478088,0,0.00325393227,0.0426305316,3.37490782e-13,1.41902362e-05,16950,401,2234
1971,0.434764206,0.866064423,6.04806657e-05,0.866064423,0,0.00326501589,0.0433285124,4.06434547e-13,1.31701942e-05,8000,401,2024
1972,0.0862132758,0.842065441,3.29476443e-05,0.842065441,0,0.00306817109,0.0427361428,1.20616363e-13,1.2536997e-05,10000,401,2967
1973,0.0332711153,0.84701014,0.000176201391,0.84701014,0,0.00349197023,0.0430674532,3.44965893e-12,8.66857644e-06,,401,100
1974,0.662431657,0.929249578,5.84732806e-05,0.929249578,0,0.00363140643,0.0463543099,3.79902727e-13,7.97699421e-06,14200,401,2101
1975,0.70515269,0.944713932,5.0085782e-05,0.944713932,0,0.00369751853,0.0471350781,2.78731729e-13,7.89944372e-06,14200,401,2505
1976,0.963093221,1.05982421,5.8795364e-05,1.05982421,0,0.00470795085,0.0531170599,3.84099425e-13,5.58558767e-06,14800,401,2088
1977,0.241651714,0.840926833,0.000126380096,0.840926833,0,0.00318979863,0.042362973,1.77465874e-12,8.68322114e-06,15400,401,421
1978,0.85560894,1.00745945,7.39871213e-05,1.00745945,0,0.00399889972,0.0503791479,6.0823268e-13,5.36053613e-06,6500,401,1462
1979,0.804226696,0.984616587,7.23665454e-05,0.984616587,0,0.00384712934,0.0491891487,5.81879656e-13,5.59811398e-06,11750,401,1544
1980,0.203177825,0.839371641,0.000140621042,0.839371641,0,0.00314374898,0.0423602256,2.19714193e-12,6.70818465e-06,15400,401,185
1981,0.984476864,1.07096862,0.000101881004,1.07096862,0,0.00489623936,0.0537021545,1.15330434e-12,3.93041432e-06,18050,401,647
1982,0.972145975,1.06451289,7.50414492e-05,1.06451289,0,0.00478614298,0.0533631064,6.25691011e-13,4.92150496e-06,14800,401,1390
1983,0.967485666,1.06209415,6.63018259e-05,1.06209415,0,0.00474561527,0.0532361567,4.88436902e-13,5.33274407e-06,14800,401,1803
1984,0.308144629,0.846383641,7.60387848e-05,0.846383641,0,0.00324499396,0.04251746,6.42432977e-13,1.31849001e-05,16950,401,1285
1985,0.494527519,0.879351613,8.47878023e-05,0.879351613,0,0.00331736267,0.0439340699,7.98774602e-13,1.03262371e-05,1950,401,1049
1986,0.76890707,0.969756986,6.26073613e-05,0.969756986,0,0.00377646949,0.0484198459,4.35520188e-13,6.48155821e-06,14200,401,1943
1987,0.0664939582,0.843634767,5.11846108e-05,0.843634767,0,0.00319513512,0.0428477364,2.91096042e-13,1.21683913e-05,17150,401,2422
1988,0.848626018,1.00427107,7.49897177e-05,1.00427107,0,0.00397642936,0.0502124306,6.24828639e-13,5.29491966e-06,8800,401,1396
1989,0.712416887,0.947449982,4.99920173e-05,0.947449982,0,0.00370780959,0.0472742929,2.77689088e-13,7.79731548e-06,14200,401,2528
1990,0.682349026,0.936325638,5.29345709e-05,0.936325638,0,0.0036630865,0.0467102519,3.11340978e-13,8.01708745e-06,14200,401,2328
1991,0.130648628,0.839713032,0.00010513842,0.839713032,0,0.00303292001,0.0425285422,1.22823194e-12,1.03988718e-05,12900,401,619
1992,0.0517392233,0.84502061,9.94588296e-05,0.84502061,0,0.003314636,0.0429403954,1.09911764e-12,1.11239389e-05,18100,401,667
1993,0.14692539,0.839260432,0.000122247246,0.839260432,0,0.00306414441,0.0424707055,1.66048767e-12,9.11630095e-06,15400,401,466
1994,0.114221193,0.840391948,8.15679165e-05,0.840391948,0,0.00300283785,0.0425983714,7.39258334e-13,1.14755438e-05,2550,401,1143
1995,0.749322176,0.961817613,5.66643179e-05,0.961817613,0,0.00375402926,0.0480101728,3.56760547e-13,7.03915021e-06,14200,401,2172
1996,0.694343626,0.940700038,5.08703257e-05,0.940700038,0,0.00368155741,0.0469314139,2.87532226e-13,8.02439642e-06,14200,401,2440
1997,0.874812663,1.01636423,6.80982692e-05,1.01636423,0,0.00406950604,0.050845295,5.15263807e-13,5.96286394e-06,1550,401,1731
1998,0.301639467,0.845697508,8.14644101e-05,0.845697508,0,0.00324179502,0.0424939464,7.37383346e-13,1.28427532e-05,16950,401,1145
1999,0.463559479,0.872158364,7.41896452e-05,0.872158364,0,0.00327660774,0.0436036236,6.1156705e-13,1.18369503e-05,3250,401,1451
2000,0.384674251,0.856866436,3.83722818e-05,0.856866436,0,0.00325976618,0.0429285221,1.63603557e-13,1.45726186e-05,13400,401,2835
2001,0.413313329,0.861904524,4.92378162e-05,0.861904524,0,0.00326170764,0.0431448095,2.69373616e-13,1.39368036e-05,12250,401,2558
2002,0.896027386,1.02643093,5.74632442e-05,1.02643093,0,0.0041957352,0.0513704455,3.66891604e-13,6.25677194e-06,4700,401,2141
2003,0.283573508,0.843963825,9.65225693e-05,0.843963825,0,0.00323052318,0.042438165,1.03517849e-12,1.17646064e-05,17650,401,690
2004,0.490974039,0.878493044,8.38504193e-05,0.878493044,0,0.00331060164,0.0438943964,7.81210312e-13,1.0481486e-05,1900,401,1078
2005,0.352458447,0.851917879,4.37199771e-05,0.851917879,0,0.0032571894,0.0427255354,2.12381822e-13,1.45717935e-05,16800,401,2677
2006,0.927701235,1.04190614,3.77470039e-05,1.04190614,0,0.00442293256,0.0521785291,1.58315145e-13,6.67914722e-06,13400,401,2872
2007,0.401211202,0.859703104,4.34278333e-05,0.859703104,0,0.00326071466,0.0430493421,2.09552968e-13,1.42725102e-05,13400,401,2682
2008,0.447217792,0.868628669,6.66065254e-05,0.868628669,0,0.00326850405,0.0434435338,4.9293658e-13,1.2635627e-05,7200,401,1792
2009,0.934579194,1.04533689,3.56819343e-05,1.04533689,0,0.00447579091,0.0523579972,1.41466715e-13,6.45855075e-06,13400,401,2946
2010,0.458562911,0.871059447,7.19919944e-05,0.871059447,0,0.00327353351,0.0435535917,5.75871918e-13,1.20651237e-05,3500,401,1566
2011,0.84764415,1.00382469,7.50184605e-05,1.00382469,0,0.00397332471,0.0501891045,6.25307713e-13,5.33407535e-06,8800,401,1395
2012,0.926831603,1.04147418,3.80296931e-05,1.04147418,0,0.00441634203,0.0521559399,1.60695284e-13,6.58347578e-06,13400,401,2855
2013,0.814552784,0.989091573,7.4145161e-05,0.989091573,0,0.00387518853,0.0494214272,6.10833877e-13,5.43487721e-06,11750,401,1455
2014,0.470611274,0.873738643,7.69962916e-05,0.873738643,0,0.00328219377,0.0436758247,6.58714324e-13,1.15106917e-05,1750,401,1261
2015,0.763759196,0.967649087,6.1130688e-05,0.967649087,0,0.00377030933,0.0483109123,4.15217891e-13,6.56193151e-06,14200,401,1999
2016,0.534035563,0.889466841,9.02778461e-05,0.889466841,0,0.00340059535,0.0444075449,9.05565499e-13,8.5503776e-06,10800,401,775
2017,0.802730978,0.9839733,7.22060825e-05,0.9839733,0,0.00384320535,0.0491557911,5.79302038e-13,5.49352035e-06,11750,401,1555
2018,0.539621472,0.890980111,9.0367264e-05,0.890980111,0,0.00341233286,0.0444793235,9.07360267e-13,8.37302852e-06,14200,401,756
2019,0.838695467,0.999781545,7.58575019e-05,0.999781545,0,0.00394566609,0.0499779917,6.393734e-13,5.36338729e-06,8900,401,1295
2020,0.870863736,1.0145167,6.95716306e-05,1.0145167,0,0.00405291859,0.0507485982,5.3780131e-13,5.75962038e-06,1550,401,1669
2021,0.639695108,0.921461646,6.65227762e-05,0.921461646,0,0.00359467926,0.0459653043,4.9169775e-13,8.01429827e-06,14200,401,1795
2022,0.86297214,1.01085039,7.20518931e-05,1.01085039,0,0.00402376051,0.0505566215,5.76830589e-13,5.64619943e-06,1550,401,1561
2023,0.45767206,0.870865459,7.15888295e-05,0.870865459,0,0.00327305377,0.0435447768,5.69440057e-13,1.21289903e-05,3900,401,1581
2024,0.768634439,0.969644697,6.24692596e-05,0.969644697,0,0.00377613194,0.0484140412,4.33600933e-13,6.43522358e-06,14200,401,1950
2025,0.0344181918,0.846878405,0.000170880261,0.846878405,0,0.00348005009,0.0430592089,3.24445152e-12,8.84691229e-06,,401,104
2026,0.0277618617,0.847658586,0.000202137369,0.847658586,0,0.00355090244,0.0431077262,4.5399462e-12,7.60959597e-06,,401,84
2027,0.440080941,0.867145707,6.31944262e-05,0.867145707,0,0.00326630958,0.043376866,4.43726167e-13,1.29383721e-05,8000,401,1920
2028,0.848918438,1.00440382,7.4905664e-05,1.00440382,0,0.00397735372,0.0502193676,6.23428722e-13,5.33980884e-06,8250,401,1403
2029,0.991750717,1.07481363,0.000119822087,1.07481363,0,0.00496312556,0.0539042361,1.59525916e-12,3.12944853e-06,18050,401,488
2030,0.792829037,0.979745668,6.95222598e-05,0.979745668,0,0.00381864067,0.0489367382,5.3703829e-13,5.85921355e-06,11750,401,1674
2031,0.256317645,0.84183126,0.000117138314,0.84183126,0,0.00320626072,0.0423806412,1.52459828e-12,9.78005477e-06,17650,401,515
2032,0.389300823,0.857640045,3.94515728e-05,0.857640045,0,0.00326001097,0.0429612007,1.72936289e-13,1.44523122e-05,13400,401,2794
2033,0.904573262,1.03055367,5.21117298e-05,1.03055367,0,0.00425422746,0.051585499,3.01736932e-13,6.45174229e-06,11550,401,2371
2034,0.110384181,0.840582688,7.5181809e-05,0.840582688,0,0.00299850959,0.0426161678,6.28033822e-13,1.17109018e-05,1950,401,1377
2035,0.515524805,0.88459827,8.883785e-05,0.88459827,0,0.00336108527,0.0441782433,8.76907065e-13,9.34383714e-06,4250,401,890
2036,0.329241991,0.848832434,5.90383109e-05,0.848832434,0,0.00325263199,0.0426061512,3.87280239e-13,1.40418837e-05,16950,401,2079
2037,0.525155008,0.887102831,8.98876592e-05,0.887102831,0,0.00338170379,0.0442958861,8.97754587e-13,8.9803728e-06,6300,401,822
2038,0.615889907,0.913643829,7.51722924e-05,0.913643829,0,0.00355557635,0.0455780374,6.27874839e-13,7.71098065e-06,14200,401,1378
2039,0.346230656,0.851050323,4.71134287e-05,0.851050323,0,0.00325628162,0.042691283,2.46630574e-13,1.44233502e-05,16950,401,2605
2040,0.899933934,1.02831094,5.51494175e-05,1.02831094,0,0.00422217503,0.0514684929,3.37939806e-13,6.34055001e-06,5600,401,2232
2041,0.195549563,0.839205189,0.000141322171,0.839205189,0,0.00313502292,0.042367135,2.21910624e-12,6.63874174e-06,15400,401,130
2042,0.332944781,0.849297223,5.61427129e-05,0.849297223,0,0.00325358949,0.0426236669,3.5022269e-13,1.41422122e-05,16950,401,2191
2043,0.657141984,0.92741006,6.02969301e-05,0.92741006,0,0.00362288977,0.0462621578,4.03968865e-13,8.0210786e-06,14200,401,2030
2044,0.0655410513,0.843718834,5.38600446e-05,0.843718834,0,0.00320225699,0.0428534829,3.22322712e-13,1.21141675e-05,17500,401,2287
2045,0.14765352,0.839245386,0.000122723076,0.839245386,0,0.00306547333,0.0424683933,1.67343927e-12,9.08373818e-06,15400,401,459
2046,0.317594618,0.847438425,6.81493639e-05,0.847438425,0,0.00324889954,0.0425548444,5.16037312e-13,1.35897205e-05,16950,401,1728
2047,0.270840526,0.842894854,0.000106509821,0.842894854,0,0.00322028993,0.0424072981,1.26048244e-12,1.089072e-05,17650,401,609
2048,0.769240677,0.969893925,6.27314149e-05,0.969893925,0,0.00377689284,0.0484269255,4.37247824e-13,6.46835261e-06,14200,401,1940
2049,0.486705899,0.877473117,8.25316495e-05,0.877473117,0,0.00330300944,0.0438473581,7.56830351e-13,1.07165476e-05,1800,401,1118
2050,0.694980562,0.940934552,5.07447799e-05,0.940934552,0,0.00368250536,0.0469432949,2.86114743e-13,7.98517515e-06,14200,401,2448
2051,0.972450674,1.06467148,7.57399742e-05,1.06467148,0,0.0047888125,0.0533714311,6.37393743e-13,4.97144642e-06,14800,401,1319
2052,0.997713029,1.0779862,0.000135970739,1.0779862,0,0.00501903369,0.0540710524,2.05422687e-12,2.30383873e-06,18050,401,295
2053,0.806359708,0.985536292,7.27784493e-05,0.985536292,0,0.00385278639,0.0492368542,5.88522521e-13,5.48719401e-06,11750,401,1525
2054,0.503838599,0.881641745,8.69088868e-05,0.881641745,0,0.00333627329,0.0440402713,8.392394e-13,9.90030126e-06,3450,401,975
2055,0.0621989667,0.844019574,6.36847637e-05,0.844019574,0,0.00322788089,0.0428738981,4.50638792e-13,1.19423682e-05,17750,401,1906
2056,0.363654792,0.853550485,3.9224589e-05,0.853550485,0,0.00325839629,0.0427911969,1.70952043e-13,1.46691169e-05,14800,401,2800
2057,0.0355117843,0.846753703,0.000165972812,0.846753703,0,0.003468797,0.0430513865,3.06077494e-12,9.04024794e-06,,401,107
2058,0.580450058,0.902654107,8.55446843e-05,0.902654107,0,0.00349323795,0.0450402091,8.13099224e-13,7.61316029e-06,14200,401,1024
2059,0.750220597,0.962177168,5.69020937e-05,0.962177168,0,0.00375504008,0.0480286847,3.59760919e-13,7.00098156e-06,14200,401,2160
2060,0.193279415,0.83916481,0.000141216944,0.83916481,0,0.00313238058,0.0423696757,2.21580281e-12,6.68559283e-06,15400,401,150
2061,0.254843116,0.8417327,0.000118102116,0.8417327,0,0.00320469682,0.0423784503,1.54978998e-12,9.68290417e-06,17650,401,504
2062,0.0609458946,0.844134638,6.75962074e-05,0.844134638,0,0.00323776008,0.042881651,5.0769414e-13,1.18657852e-05,17750,401,1752
2063,0.642480671,0.922399028,6.55754393e-05,0.922399028,0,0.00359918552,0.0460119654,4.77793138e-13,7.94792009e-06,14200,401,1830
2064,0.504847646,0.881893375,8.70873019e-05,0.881893375,0,0.00333838124,0.0440519757,8.42688684e-13,9.86121268e-06,3450,401,967
2065,0.132335067,0.839656106,0.000107133645,0.839656106,0,0.00303624292,0.0425220203,1.27529089e-12,1.02440419e-05,12900,401,603
2066,0.0562790334,0.844574835,8.31714773e-05,0.844574835,0,0.00327577166,0.0429110402,7.68610515e-13,1.15301457e-05,18000,401,1097
2067,0.45745492,0.870818094,7.14384125e-05,0.870818094,0,0.0032729339,0.0435426248,5.67049642e-13,1.21938869e-05,3900,401,1586
2068,0.744266868,0.959803473,5.5267979e-05,0.959803473,0,0.00374825034,0.0479065525,3.39394389e-13,7.15513815e-06,14200,401,2229
2069,0.338860512,0.850061342,5.19442815e-05,0.850061342,0,0.00325492613,0.0426528538,2.99800931e-13,1.4328193e-05,16950,401,2380
2070,0.717084169,0.949223712,5.04455016e-05,0.949223712,0,0.00371422212,0.047364707,2.82749848e-13,7.68580269e-06,14200,401,2477
2071,0.257500947,0.841911748,0.000116282717,0.841911748,0,0.00320749467,0.0423824761,1.5024078e-12,9.88660822e-06,17650,401,522
2072,0.93487978,1.04548722,3.56029375e-05,1.04548722,0,0.00447812556,0.0523658642,1.40841018e-13,6.62535242e-06,13400,401,2951
2073,0.863370299,1.01103432,7.21480064e-05,1.01103432,0,0.00402515394,0.0505662521,5.78370537e-13,5.6212419e-06,1550,401,1556
2074,0.210042626,0.839561686,0.000139321172,0.839561686,0,0.00315161557,0.0423561235,2.15670988e-12,6.86510833e-06,15400,401,226
2075,0.308872491,0.846462465,7.53371856e-05,0.846462465,0,0.00324532085,0.042520205,6.30632392e-13,1.31900791e-05,16950,401,1368
2076,0.380635113,0.85620404,3.76941131e-05,0.85620404,0,0.00325954763,0.0429007203,1.57871796e-13,1.46585127e-05,14050,401,2876
2077,0.64455235,0.923099387,6.47588149e-05,0.923099387,0,0.00360254875,0.0460468573,4.65967123e-13,7.95773306e-06,14200,401,1860
2078,0.560937822,0.896941394,8.90139096e-05,0.896941394,0,0.00345577999,0.0447642351,8.80386233e-13,7.86898252e-06,14200,401,883
2079,0.568751693,0.899200116,8.779967e-05,0.899200116,0,0.00347105371,0.0448730262,8.5653134e-13,7.7439845e-06,14200,401,939
2080,0.0457871482,0.845630947,0.000122361502,0.845630947,0,0.00336840687,0.0429800088,1.66359302e-12,1.04894022e-05,18100,401,464
2081,0.91449827,1.03539098,4.52921279e-05,1.03539098,0,0.00432488219,0.0518380304,2.27930761e-13,6.57706284e-06,13400,401,2642
2082,0.478994548,0.875661667,8.0040228e-05,0.875661667,0,0.0032914103,0.0437640181,7.11826456e-13,1.10655777e-05,1750,401,1185
2083,0.290011317,0.844552563,9.11930089e-05,0.844552563,0,0.00323496122,0.0424564346,9.24018319e-13,1.21438729e-05,17650,401,733
2084,0.45266217,0.869783968,6.92905341e-05,0.869783968,0,0.0032706299,0.0434957296,5.33464236e-13,1.23612788e-05,4800,401,1683
2085,0.466157526,0.872736532,7.52291321e-05,0.872736532,0,0.00327847698,0.0436300065,6.28824702e-13,1.16974598e-05,1900,401,1376
2086,0.19385612,0.839174678,0.000141308838,0.839174678,0,0.00313305251,0.04236901,2.21868751e-12,6.62761237e-06,15400,401,133
2087,0.607912719,0.911101859,7.79032151e-05,0.911101859,0,0.00354209381,0.0454529026,6.74323437e-13,7.74844084e-06,14200,401,1237
2088,0.864036679,1.01134291,7.20128027e-05,1.01134291,0,0.00402749551,0.0505824087,5.76204862e-13,5.59727646e-06,1550,401,1564
2089,0.727552295,0.953247826,5.1652051e-05,0.953247826,0,0.00372798219,0.0475702997,2.96437153e-13,7.51044441e-06,14200,401,2394
2090,0.659811616,0.928336289,5.9305371e-05,0.928336289,0,0.00362718779,0.0463085379,3.90791893e-13,8.10724627e-06,14200,401,2070
2091,0.281956494,0.843821147,9.78330927e-05,0.843821147,0,0.00322932399,0.0424338627,1.06347934e-12,1.16438611e-05,17650,401,679
2092,0.294982523,0.845029242,8.70030227e-05,0.845029242,0,0.00323806528,0.0424717617,8.41058439e-13,1.24652691e-05,17650,401,972
2093,0.441719919,0.867483076,6.38682073e-05,0.867483076,0,0.00326677107,0.0433919972,4.53238656e-13,1.28962505e-05,7950,401,1897
2094,0.466623724,0.872840816,7.54629616e-05,0.872840816,0,0.00327883837,0.0436347696,6.32739842e-13,1.16573809e-05,1850,401,1356
2095,0.31728825,0.847403179,6.83973898e-05,0.847403179,0,0.00324878585,0.0425535732,5.19800326e-13,1.36086629e-05,16950,401,1719
2096,0.752781034,0.96320407,5.76817868e-05,0.96320407,0,0.00375792369,0.0480815797,3.69687614e-13,6.93820478e-06,14200,401,2132
2097,0.0155950328,0.849179727,0.00026467551,0.849179727,0,0.00369102602,0.0432004759,7.78368062e-12,4.81439857e-06,,401,47
2098,0.15573971,0.839106717,0.000129044161,0.839106717,0,0.00307969942,0.0424442369,1.85026617e-12,8.44403127e-06,15400,401,390
2099,0.139975116,0.839427007,0.000115667779,0.839427007,0,0.00305111815,0.0424939915,1.48655944e-12,9.6664302e-06,14400,401,529
2100,0.494322926,0.879302022,8.47524791e-05,0.879302022,0,0.0033169687,0.0439317762,7.9810919e-13,1.03037634e-05,1950,401,1052
2101,0.510206878,0.883241605,8.80750916e-05,0.883241605,0,0.00334972055,0.0441148096,8.61913528e-13,9.45954394e-06,3850,401,927
2102,0.030044347,0.847386877,0.000191213265,0.847386877,0,0.00352614769,0.04309091,4.0625014e-12,8.0560259e-06,,401,91
2103,0.74228853,0.959019283,5.46642518e-05,0.959019283,0,0.00374594389,0.0478662476,3.32020047e-13,7.2290977e-06,14200,401,2254
2104,0.58166492,0.90301778,8.52594025e-05,0.90301778,0,0.00349549388,0.0450578666,8.07685079e-13,7.69983338e-06,14200,401,1032
2105,0.479505986,0.875780673,8.02449059e-05,0.875780673,0,0.00329208733,0.0437694863,7.15471657e-13,1.10792921e-05,1750,401,1181
2106,0.337517023,0.84988551,5.27956132e-05,0.84988551,0,0.00325464219,0.0426460972,3.0970853e-13,1.42410366e-05,16950,401,2334
2107,0.622853994,0.915895069,7.28212174e-05,0.915895069,0,0.00356715588,0.0456891949,5.89214412e-13,7.73096964e-06,14200,401,1523
2108,0.00192338298,0.851035286,0.000343671316,0.851035286,0,0.0038650924,0.0433109041,1.31233304e-11,6.49820184e-07,,401,6
2109,0.0537632406,0.844819713,9.20111534e-05,0.844819713,0,0.00329708225,0.0429272142,9.40672484e-13,1.13267466e-05,18100,401,725
2110,0.608049452,0.911145277,7.78621477e-05,0.911145277,0,0.0035423331,0.0454550365,6.73612672e-13,7.59567996e-06,14200,401,1239
2111,0.0281820297,0.84760824,0.000200151375,0.84760824,0,0.00354631037,0.0431046163,4.45117476e-12,7.70722647e-06,,401,85
2112,0.819358051,0.991193699,7.49242984e-05,0.991193699,0,0.0038887416,0.0495306823,6.23738943e-13,5.19420328e-06,11750,401,1402
2113,0.607427776,0.910948669,7.79971715e-05,0.910948669,0,0.00354126594,0.0454453748,6.75950974e-13,7.72311833e-06,14200,401,1236
2114,0.237307742,0.840691704,0.000128690305,0.840691704,0,0.00318459315,0.0423595092,1.84013274e-12,8.40231676e-06,15400,401,395
2115,0.68535316,0.937413353,5.22587446e-05,0.937413353,0,0.00366777502,0.0467651662,3.03441821e-13,8.10465783e-06,14200,401,2363
2116,0.909202397,1.03280324,4.91124573e-05,1.03280324,0,0.00428683558,0.0517029098,2.68003718e-13,6.57868674e-06,12350,401,2562
2117,0.678123891,0.934804983,5.39040938e-05,0.934804983,0,0.00365644724,0.0466335673,3.22850148e-13,7.99812033e-06,14200,401,2286
2118,0.280608177,0.843703586,9.89228894e-05,0.843703586,0,0.00322831348,0.042430354,1.08730423e-12,1.15768348e-05,17650,401,671
2119,0.539826274,0.891035857,9.03348953e-05,0.891035857,0,0.00341276074,0.0444819718,9.06710367e-13,8.46148378e-06,14200,401,764
2120,0.721259832,0.950821271,5.07159286e-05,0.950821271,0,0.00371981983,0.0474462494,2.85789491e-13,7.68951162e-06,14200,401,2451
2121,0.199781731,0.839291709,0.000141043032,0.839291709,0,0.00313988068,0.0423629948,2.21034855e-12,6.6375544e-06,15400,401,159
2122,0.656898022,0.927325706,6.02939877e-05,0.927325706,0,0.00362250003,0.0462579361,4.03929439e-13,8.02659201e-06,14200,401,2031
2123,0.433667719,0.865843723,5.99043064e-05,0.865843723,0,0.00326477354,0.0433186709,3.98725102e-13,1.31977226e-05,8000,401,2045
2124,0.578963697,0.902210563,8.59134228e-05,0.902210563,0,0.00349046055,0.0450186868,8.20124024e-13,7.65989124e-06,14200,401,1013
2125,0.220478669,0.839923621,0.000136259616,0.839923621,0,0.00316397693,0.0423537067,2.06296477e-12,7.32050244e-06,15400,401,290
2126,0.643938839,0.922891605,6.49489675e-05,0.922891605,0,0.00360155594,0.0460365029,4.68707597e-13,8.03504988e-06,14200,401,1855
2127,0.998234868,1.07826469,0.000137325274,1.07826469,0,0.00502397201,0.0540856994,2.09535897e-12,2.19961073e-06,18050,401,269
2128,0.551713228,0.894325613,8.995004e-05,0.894325613,0,0.00343728419,0.0446388078,8.99001077e-13,8.09126863e-06,14200,401,817
2129,0.668499589,0.931380434,5.66511362e-05,0.931380434,0,0.00364114428,0.0464612554,3.56594581e-13,8.03032887e-06,14200,401,2174
2130,0.103970326,0.840928832,6.38776056e-05,0.840928832,0,0.00300088707,0.0426466673,4.53372056e-13,1.20363314e-05,1900,401,1896
2131,0.252423793,0.841574599,0.000119756862,0.841574599,0,0.00320208905,0.0423750522,1.5935229e-12,9.48179421e-06,17650,401,490
2132,0.430185288,0.865148852,5.79175147e-05,0.865148852,0,0.00326407407,0.0432877501,3.72715389e-13,1.3383655e-05,8000,401,2121
2133,0.296972424,0.845225474,8.53945184e-05,0.845225474,0,0.00323923284,0.0424781973,8.10247085e-13,1.2600832e-05,17650,401,1031
2134,0.782171786,0.975256459,6.67890391e-05,0.975256459,0,0.00379631286,0.0487043545,4.9564175e-13,6.06109079e-06,11750,401,1784
2135,0.289851487,0.844537623,9.13511394e-05,0.844537623,0,0.00323485781,0.0424559626,9.2722563e-13,1.21437973e-05,17650,401,731
2136,0.937805414,1.04695467,3.57347501e-05,1.04695467,0,0.00450100207,0.0524426658,1.41885818e-13,6.40253934e-06,14050,401,2943
2137,0.511188567,0.883490614,8.83394187e-05,0.883490614,0,0.00335181002,0.0441264368,8.67094766e-13,9.52623355e-06,3850,401,918
2138,0.767133057,0.96902881,6.21068998e-05,0.96902881,0,0.00377429029,0.0483822042,4.28585223e-13,6.54706084e-06,14200,401,1960
2139,0.700098693,0.942828863,5.02115323e-05,0.942828863,0,0.00369013821,0.047039345,2.80133108e-13,7.99831929e-06,14200,401,2495
2140,0.348670185,0.851386653,4.57106326e-05,0.851386653,0,0.00325666136,0.0427045046,2.32162437e-13,1.44783516e-05,16950,401,2631
2141,0.216480792,0.839774654,0.000137678421,0.839774654,0,0.00315917362,0.0423540924,2.10614973e-12,7.09881136e-06,15400,401,263
2142,0.890519798,1.02379428,6.05425583e-05,1.02379428,0,0.00415939594,0.0512329818,4.07266819e-13,6.17765174e-06,2050,401,2020
2143,0.405429304,0.860458465,4.54999606e-05,0.860458465,0,0.003261015,0.0430819456,2.3002738e-13,1.41402606e-05,13150,401,2637
2144,0.0413620472,0.846103646,0.000140528924,0.846103646,0,0.00341046216,0.0430102797,2.19426428e-12,9.90155591e-06,,401,189
2145,0.382325649,0.856479838,3.8056425e-05,0.856479838,0,0.00325964003,0.0429122756,1.60921276e-13,1.45745839e-05,13400,401,2851
2146,0.389987975,0.857756286,3.95354766e-05,0.857756286,0,0.00326004541,0.0429661294,1.73672657e-13,1.44981184e-05,13400,401,2789
2147,0.273007572,0.843067886,0.000104916833,0.843067886,0,0.00322217185,0.0424120606,1.2230602e-12,1.10124053e-05,17650,401,623
2148,0.36715132,0.854079407,3.83454451e-05,0.854079407,0,0.00325868337,0.0428127697,1.63374795e-13,1.46778091e-05,14050,401,2838
2149,0.702649415,0.943778459,5.00849912e-05,0.943778459,0,0.00369388607,0.0470875515,2.78722927e-13,7.92555423e-06,14200,401,2506
2150,0.443446547,0.867840631,6.48602068e-05,0.867840631,0,0.00326727651,0.0434080583,4.67427381e-13,1.2770634e-05,7700,401,1858
2151,0.265967816,0.842519536,0.000110205681,0.842519536,0,0.00321585568,0.0423973424,1.3494769e-12,1.0483802e-05,17650,401,576
2152,0.0986312851,0.841243124,5.40881609e-05,0.841243124,0,0.00301386966,0.0426726502,3.25058795e-13,1.22333654e-05,3450,401,2278
2153,0.212199092,0.839629343,0.000138873688,0.839629343,0,0.00315412343,0.0423552517,2.1428779e-12,6.92071449e-06,15400,401,235
2154,0.621112108,0.915329188,7.34272374e-05,0.915329188,0,0.00356426994,0.0456612253,5.99062133e-13,7.71344368e-06,14200,401,1494
2155,0.827059984,0.994589799,7.55518737e-05,0.994589799,0,0.00391097303,0.049707387,6.34231735e-13,5.34588865e-06,11750,401,1346
2156,0.542048693,0.891643951,9.03920629e-05,0.891643951,0,0.0034173961,0.044510883,9.07858338e-13,8.38090545e-06,14200,401,750
2157,0.581871092,0.903079606,8.51614386e-05,0.903079606,0,0.00349587702,0.0450608699,8.05830069e-13,7.71119747e-06,14200,401,1036
2158,0.147673279,0.839244897,0.000122828239,0.839244897,0,0.0030655082,0.0424683272,1.67630848e-12,9.05785159e-06,15400,401,458
2159,0.978286862,1.06771814,8.78222358e-05,1.06771814,0,0.00484045267,0.0535314031,8.56971679e-13,4.52393359e-06,10900,401,938
2160,0.86210978,1.01045171,7.2454619e-05,1.01045171,0,0.00402076171,0.0505357478,5.83296868e-13,5.64002702e-06,1550,401,1540
2161,0.342256129,0.850511922,4.96711881e-05,0.850511922,0,0.00325559284,0.0426702752,2.74136325e-13,1.44222856e-05,16950,401,2551
2162,0.0307639223,0.847302064,0.000187847301,0.847302064,0,0.00351844519,0.0430856438,3.92073428e-12,8.22328112e-06,,401,93
2163,0.493843555,0.879185722,8.4599723e-05,0.879185722,0,0.00331604296,0.043926398,7.95234792e-13,1.03548205e-05,1950,401,1054
2164,0.769989908,0.970202245,6.29622047e-05,0.970202245,0,0.00377783807,0.048442868,4.40471024e-13,6.38558419e-06,14200,401,1929
2165,0.585318446,0.904117252,8.43737591e-05,0.904117252,0,0.00350221531,0.0451113141,7.90992358e-13,7.6770658e-06,14200,401,1062
2166,0.475568026,0.87486993,7.88779906e-05,0.87486993,0,0.00328724552,0.0437276697,6.91304156e-13,1.12739338e-05,1750,401,1215
2167,0.718300879,0.949688202,5.04475594e-05,0.949688202,0,0.00371586771,0.0473884052,2.82772916e-13,7.7099695e-06,14200,401,2476
2168,0.516103983,0.884747118,8.90236874e-05,0.884747118,0,0.00336232703,0.0441852145,8.80579659e-13,9.33469823e-06,6100,401,882
2169,0.815179765,0.989365052,7.43078702e-05,0.989365052,0,0.00387694497,0.0494356352,6.1351773e-13,5.39122784e-06,11750,401,1442
2170,0.165785328,0.839009135,0.000134888571,0.839009135,0,0.00309589397,0.0424182243,2.02165849e-12,7.72706674e-06,15400,401,311
2171,0.959777772,1.05811793,5.35272116e-05,1.05811793,0,0.0046798699,0.053027564,3.18351376e-13,5.82529121e-06,14050,401,2301
2172,0.206984162,0.839472302,0.000140015263,0.839472302,0,0.00314809331,0.0423577043,2.17825264e-12,6.79136987e-06,15400,401,206
2173,0.465195149,0.872521805,7.47875193e-05,0.872521805,0,0.0032777653,0.0436202028,6.21463671e-13,1.17996439e-05,2250,401,1413
2174,0.851772368,1.00570442,7.4503741e-05,1.00570442,0,0.00398645182,0.0502873573,6.16756381e-13,5.5114563e-06,7650,401,1430
2175,0.765365601,0.968305372,6.14883525e-05,0.968305372,0,0.0037721898,0.0483448172,4.20090832e-13,6.59462408e-06,14200,401,1987
2176,0.0460180007,0.845606635,0.000121460748,0.845606635,0,0.00336626235,0.0429784435,1.63919037e-12,1.05030764e-05,18100,401,472
2177,0.6135391,0.91289087,7.59389465e-05,0.91289087,0,0.00355162959,0.0455409285,6.40747067e-13,7.78402334e-06,14200,401,1290
2178,0.45380789,0.870029702,6.98275191e-05,0.870029702,0,0.00327113804,0.0435068592,5.41764713e-13,1.22918817e-05,4350,401,1661
2179,0.370021999,0.854520544,3.80204179e-05,0.854520544,0,0.0032588958,0.0428308668,1.60616909e-13,1.4680701e-05,14050,401,2857
2180,0.208651602,0.839520167,0.000139652466,0.839520167,0,0.00315000817,0.0423567976,2.16697902e-12,6.87344527e-06,15400,401,218
2181,0.200674608,0.839311924,0.000140917083,0.839311924,0,0.0031409039,0.0423622238,2.20640269e-12,6.63175531e-06,15400,401,169
2182,0.723848403,0.951816704,5.11224507e-05,0.951816704,0,0.00372321751,0.0474971102,2.90389441e-13,7.59924622e-06,14200,401,2426
2183,0.553383529,0.8947951,8.97292996e-05,0.8947951,0,0.0034406608,0.0446612743,8.94594133e-13,8.08490146e-06,14200,401,834
2184,0.266944051,0.842593234,0.000109528297,0.842593234,0,0.00321676726,0.042399255,1.33293865e-12,1.05826528e-05,17650,401,582
2185,0.314021379,0.847031529,7.10613177e-05,0.847031529,0,0.00324752113,0.0425402605,5.61078986e-13,1.34383448e-05,16950,401,1608
2186,0.0744085163,0.842966053,3.37911192e-05,0.842966053,0,0.00313929562,0.0428012866,1.26871082e-13,1.2444128e-05,14200,401,2964
2187,0.0431156904,0.845914252,0.000133212188,0.845914252,0,0.00339358237,0.0429981931,1.97172079e-12,1.01594833e-05,,401,337
2188,0.382942319,0.85658093,3.80440748e-05,0.85658093,0,0.00325966929,0.0429165176,1.60816847e-13,1.46119632e-05,13400,401,2852
2189,0.439520568,0.867030844,6.28052325e-05,0.867030844,0,0.00326616146,0.0433717184,4.3827747e-13,1.29715113e-05,8000,401,1937
2190,0.40013811,0.859513023,4.30785747e-05,0.859513023,0,0.00326064473,0.0430411643,2.06195955e-13,1.43139938e-05,13400,401,2692
2191,0.37119934,0.854703271,3.78656098e-05,0.854703271,0,0.00325897774,0.0428383894,1.59311601e-13,1.46015378e-05,14050,401,2864
2192,0.538702369,0.890729569,9.0432696e-05,0.890729569,0,0.00341041518,0.0444674231,9.08674722e-13,8.4183274e-06,14200,401,743
2193,0.759483099,0.96590957,5.97646663e-05,0.96590957,0,0.00376543879,0.0482210972,3.96868371e-13,6.72888036e-06,14200,401,2052
2194,0.562303662,0.897333504,8.87925927e-05,0.897333504,0,0.00345847611,0.0447830894,8.76013836e-13,7.92112582e-06,14200,401,892
2195,0.66704154,0.930866338,5.7037614e-05,0.930866338,0,0.00363880899,0.0464354342,3.61476602e-13,8.04447393e-06,14200,401,2157
2196,0.301896244,0.845724018,8.12268256e-05,0.845724018,0,0.00324193275,0.0424948416,7.33088577e-13,1.28458109e-05,16950,401,1152
2197,0.298609465,0.845389,8.39635282e-05,0.845389,0,0.00324015482,0.0424836083,7.83319341e-13,1.26906862e-05,16950,401,1073
2198,0.694119036,0.940617216,5.08011269e-05,0.940617216,0,0.00368120735,0.0469272194,2.867505e-13,8.02014677e-06,14200,401,2443
2199,0.156397343,0.839097669,0.000129464184,0.839097669,0,0.00308081188,0.0424423914,1.86233054e-12,8.39147291e-06,15400,401,385
2200,0.759236574,0.96580962,5.94233016e-05,0.96580962,0,0.00376515686,0.0482159391,3.92347642e-13,6.80186602e-06,14200,401,2063
2201,0.117504202,0.840238386,8.68037294e-05,0.840238386,0,0.00300800524,0.0425835438,8.37209715e-13,1.12975999e-05,3450,401,978
2202,0.512344003,0.883784502,8.84310952e-05,0.883784502,0,0.00335428128,0.0441401691,8.688954e-13,9.47161798e-06,4250,401,911
2203,0.983519375,1.07046475,9.95458922e-05,1.07046475,0,0.00488754433,0.0536756807,1.10104274e-12,3.99719866e-06,18050,401,666
2204,0.784208953,0.976109623,6.7395295e-05,0.976109623,0,0.00380014569,0.0487485091,5.04680643e-13,5.97812923e-06,11750,401,1758
2205,0.253816515,0.841664964,0.000118815749,0.841664964,0,0.00320359901,0.0423769731,1.56857581e-12,9.62630548e-06,17650,401,498
2206,0.606430948,0.910634075,7.83104469e-05,0.910634075,0,0.0035395599,0.0454299206,6.81391789e-13,7.64459127e-06,14200,401,1227
2207,0.87545228,1.01666415,6.79795628e-05,1.01666415,0,0.00407239621,0.0508609812,5.13468996e-13,5.83689534e-06,1600,401,1734
2208,0.239322275,0.840798863,0.000127652871,0.840798863,0,0.00318701445,0.042361014,1.81058394e-12,8.55089426e-06,15400,401,407
2209,0.899020135,1.02787026,5.57543409e-05,1.02787026,0,0.00421594573,0.0514455076,3.45394059e-13,6.45686668e-06,5600,401,2207
2210,0.891180515,1.02410976,6.02024252e-05,1.02410976,0,0.0041636871,0.0512494271,4.02703556e-13,6.300945e-06,2150,401,2034
2211,0.669431925,0.931709818,5.63308043e-05,0.931709818,0,0.00364264009,0.046477805,3.52573279e-13,8.08040623e-06,14200,401,2184
2212,0.0488004461,0.845318191,0.000110486265,0.845318191,0,0.00334078644,0.0429597898,1.3563572e-12,1.08450821e-05,18100,401,574
2213,0.772945285,0.97142059,6.38483202e-05,0.97142059,0,0.00378173695,0.0485058791,4.52956444e-13,6.35699691e-06,14200,401,1898
2214,0.582668424,0.903318887,8.49709372e-05,0.903318887,0,0.00349734617,0.0450724952,8.02228907e-13,7.69978809e-06,14200,401,1043
2215,0.725737631,0.95254579,5.12515318e-05,0.95254579,0,0.00372566724,0.0475343867,2.91857723e-13,7.63732633e-06,14200,401,2418
2216,0.588109076,0.904962678,8.36559683e-05,0.904962678,0,0.0035072994,0.0451524742,7.77591226e-13,7.71180534e-06,14200,401,1084
2217,0.0255767684,0.847922623,0.000212885376,0.847922623,0,0.00357505592,0.043123992,5.03557593e-12,7.16846473e-06,,401,77
2218,0.424936175,0.864117814,5.50558731e-05,0.864117814,0,0.00326317242,0.0432420606,3.36794352e-13,1.35990662e-05,8000,401,2238
2219,0.876303434,1.01706377,6.75995591e-05,1.01706377,0,0.00407636807,0.0508818777,5.07744488e-13,5.98758837e-06,1600,401,1751
2220,0.624480784,0.916425178,7.20861442e-05,0.916425178,0,0.00356983776,0.0457154137,5.77379132e-13,7.85375362e-06,14200,401,1560
2221,0.529596329,0.888278513,9.01815915e-05,0.888278513,0,0.00339118134,0.0443513428,9.03635494e-13,8.80464588e-06,8800,401,795
2222,0.511526346,0.883576358,8.83850679e-05,0.883576358,0,0.00335253628,0.0441304419,8.67991136e-13,9.43900476e-06,3850,401,915
2223,0.841079652,1.00085452,7.56758211e-05,1.00085452,0,0.00395294443,0.0500339861,6.36314433e-13,5.33392519e-06,8900,401,1329
2224,0.464797825,0.87243338,7.4675644e-05,0.87243338,0,0.00327747564,0.0436161675,6.19605756e-13,1.1767296e-05,2450,401,1419
2225,0.294227511,0.84495558,8.77031514e-05,0.84495558,0,0.00323760824,0.0424693637,8.54649197e-13,1.23906608e-05,17650,401,944
2226,0.170302391,0.838992282,0.000136832613,0.838992282,0,0.00310263335,0.042407976,2.08035155e-12,7.46645497e-06,15400,401,280
2227,0.654897273,0.926634562,6.09957533e-05,0.926634562,0,0.00361926698,0.0462233578,4.1338688e-13,8.08149992e-06,14200,401,2004
2228,0.28593424,0.844176017,9.4552095e-05,0.844176017,0,0.00323220692,0.0424446602,9.93344296e-13,1.18985397e-05,17650,401,704
2229,0.750818253,0.962416433,5.71009542e-05,0.962416433,0,0.00375570668,0.0480410067,3.62279885e-13,6.97218837e-06,14200,401,2154
2230,0.39319253,0.858302805,4.05049092e-05,0.858302805,0,0.00326022554,0.0429893637,1.82294186e-13,1.44294243e-05,13400,401,2759
2231,0.803547084,0.984324279,7.23209652e-05,0.984324279,0,0.00384534567,0.04917399,5.8114689e-13,5.62555133e-06,11750,401,1548
2232,0.805871189,0.985325267,7.27617293e-05,0.985325267,0,0.00385148396,0.0492259074,5.88252138e-13,5.53668024e-06,11750,401,1526
2233,0.969864011,1.06332715,7.04556783e-05,1.06332715,0,0.00476622224,0.0533008661,5.51555844e-13,5.23734536e-06,14800,401,1636
2234,0.461191267,0.871635366,7.30662344e-05,0.871635366,0,0.00327507016,0.0435797927,5.93186068e-13,1.19739194e-05,3500,401,1509
2235,0.90989095,1.03313895,4.84431067e-05,1.03313895,0,0.0042917424,0.0517204342,2.60748287e-13,6.58075358e-06,12350,401,2577
2236,0.650746763,0.925208451,6.24650852e-05,0.925208451,0,0.00361256338,0.046152082,4.33542985e-13,7.96416705e-06,14200,401,1951
2237,0.534823596,0.889678871,9.03187837e-05,0.889678871,0,0.00340225243,0.0444175878,9.06386965e-13,8.5858832e-06,10800,401,769
2238,0.961329579,1.05891586,5.59332429e-05,1.05891586,0,0.00469297141,0.0530694127,3.47614184e-13,5.76459131e-06,14800,401,2202
2239,0.0258631147,0.847887898,0.000211439531,0.847887898,0,0.00357186546,0.0431218558,4.96740837e-12,7.20514409e-06,,401,78
2240,0.284258336,0.844025033,9.59181392e-05,0.844025033,0,0.00323101442,0.04244003,1.02225438e-12,1.1799691e-05,17650,401,694
2241,0.764468193,0.967938711,6.12030073e-05,0.967938711,0,0.00377113782,0.0483258727,4.16200901e-13,6.58856521e-06,14200,401,1997
2242,0.206386879,0.839455849,0.000140126918,0.839455849,0,0.00314741399,0.0423580652,2.18172814e-12,6.71515718e-06,15400,401,204
2243,0.124418877,0.839944219,9.68817308e-05,0.839944219,0,0.00302072653,0.0425537101,1.04289664e-12,1.08212151e-05,4200,401,686
2244,0.856292307,1.00777305,7.38033213e-05,1.00777305,0,0.00400113612,0.0503955552,6.05214471e-13,5.47791723e-06,5900,401,1475
2245,0.0338331647,0.846945411,0.000173597239,0.846945411,0,0.00348611552,0.0430634055,3.34844461e-12,8.74588338e-06,,401,102
2246,0.991178155,1.07451005,0.000118439056,1.07451005,0,0.00495780872,0.0538882762,1.55864556e-12,3.14471826e-06,18050,401,502
2247,0.919186831,1.03769391,4.23113979e-05,1.03769391,0,0.00435918398,0.0519583383,1.98917154e-13,6.6305478e-06,13400,401,2711
2248,0.89387697,1.02539966,5.86677058e-05,1.02539966,0,0.00418139998,0.0513166734,3.82433301e-13,6.31259808e-06,3850,401,2093
2249,0.0201044343,0.848601593,0.000240713105,0.848601593,0,0.0036374825,0.0431654875,6.43808878e-12,5.9572797e-06,,401,61
2250,0.75629276,0.96461866,5.86486629e-05,0.96461866,0,0.0037618542,0.0481544995,3.82185074e-13,6.84519003e-06,14200,401,2094
2251,0.218316704,0.839841464,0.000137078161,0.839841464,0,0.00316136559,0.0423538318,2.08782468e-12,7.19540262e-06,15400,401,275
2252,0.0967855081,0.841357154,5.07015601e-05,0.841357154,0,0.00302016929,0.0426817862,2.85627577e-13,1.22941771e-05,4350,401,2453
2253,0.711266518,0.947014471,5.00309283e-05,0.947014471,0,0.00370620285,0.0472521127,2.78121532e-13,7.75271384e-06,14200,401,2517
2254,0.0948804542,0.841477972,4.71215061e-05,0.841477972,0,0.00302743179,0.042691324,2.46715148e-13,1.23604295e-05,5850,401,2603
2255,0.130692646,0.83971162,0.00010511569,0.83971162,0,0.0030330093,0.0425283751,1.22770093e-12,1.03681373e-05,12900,401,620
2256,0.340952694,0.850337921,5.05221189e-05,0.850337921,0,0.00325534395,0.0426635298,2.83609389e-13,1.43426347e-05,16950,401,2468
2257,0.890050054,1.02357032,6.09470395e-05,1.02357032,0,0.00415635779,0.0512213065,4.12726847e-13,6.18762263e-06,2000,401,2007
2258,0.480531424,0.876019502,8.05180963e-05,0.876019502,0,0.00329348111,0.0437804621,7.20351538e-13,1.10000547e-05,1750,401,1171
2259,0.502936065,0.881417219,8.67848518e-05,0.881417219,0,0.00333439321,0.0440298336,8.36845611e-13,9.89264788e-06,3450,401,981
2260,0.464338362,0.87233124,7.45416034e-05,0.87233124,0,0.00327714867,0.0436115083,6.17383404e-13,1.18001705e-05,2700,401,1428
2261,0.14279744,0.839354537,0.000118469642,0.839354537,0,0.00305647897,0.0424842792,1.55945067e-12,9.42853558e-06,14400,401,501
2262,0.101592585,0.841065916,5.95068357e-05,0.841065916,0,0.0030055846,0.042658164,3.934515e-13,1.21393693e-05,2150,401,2060
2263,0.591745555,0.906071694,8.26836325e-05,0.906071694,0,0.00351384983,0.0452065479,7.59620342e-13,7.62921496e-06,14200,401,1115
2264,0.780209839,0.974436759,6.61357186e-05,0.974436759,0,0.00379284646,0.048661935,4.85992586e-13,6.08906181e-06,11750,401,1809
2265,0.636155903,0.9202776,6.79367492e-05,0.9202776,0,0.00358893011,0.0459064312,5.12822433e-13,7.88848923e-06,14200,401,1735
2266,0.899547815,1.02812467,5.53060608e-05,1.02812467,0,0.00421953766,0.051458778,3.39862262e-13,6.43577549e-06,5600,401,2226
2267,0.229278833,0.840296998,0.000132728516,0.840296998,0,0.00317475572,0.0423552433,1.95742879e-12,7.83772768e-06,15400,401,343
2268,0.93239069,1.04424263,3.60892227e-05,1.04424263,0,0.00445883479,0.0523007422,1.44714666e-13,6.46717968e-06,13400,401,2930
2269,0.12743111,0.839828479,0.000101001376,0.839828479,0,0.00302658994,0.0425413373,1.13347534e-12,1.06254384e-05,5750,401,653
2270,0.923913121,1.04002739,3.943762e-05,1.04002739,0,0.004394338,0.0520802965,1.72813985e-13,6.6528658e-06,13400,401,2795
2271,0.257157445,0.841888267,0.000116488225,0.841888267,0,0.00320713289,0.0423819376,1.50772294e-12,9.86885936e-06,17650,401,520
2272,0.4823291,0.876440067,8.12138494e-05,0.876440067,0,0.00329605555,0.0437998007,7.3285437e-13,1.09389132e-05,1800,401,1154
2273,0.98538506,1.07144715,0.000104052273,1.07144715,0,0.0049045048,0.0537272992,1.20298618e-12,3.76409587e-06,18050,401,628
2274,0.507592559,0.882581519,8.76715695e-05,0.882581519,0,0.00334416349,0.0440840211,8.54033788e-13,9.65175996e-06,3850,401,946
2275,0.823897421,0.993191472,7.53633103e-05,0.993191472,0,0.00390177072,0.0496345996,6.31069838e-13,5.26216328e-06,11750,401,1366
2276,0.0540364496,0.844792926,9.10207862e-05,0.844792926,0,0.00329474065,0.0429254488,9.20531503e-13,1.13606304e-05,18100,401,734
2277,0.479267806,0.875725213,8.02508659e-05,0.875725213,0,0.003291773,0.0437669381,7.15577943e-13,1.10358128e-05,1750,401,1180
2278,0.578441203,0.902054954,8.60305921e-05,0.902054954,0,0.00348948374,0.0450111398,8.2236253e-13,7.64834402e-06,14200,401,1008
2279,0.74731493,0.961016295,5.61684368e-05,0.961016295,0,0.00375174401,0.0479689312,3.50543699e-13,7.04210986e-06,14200,401,2190
2280,0.311142594,0.846710886,7.34511958e-05,0.846710886,0,0.00324632328,0.0425289094,5.99453129e-13,1.33108075e-05,16950,401,1492
2281,0.180076614,0.839013018,0.000139824078,0.839013018,0,0.00311611525,0.0423888678,2.17230809e-12,6.95061747e-06,15400,401,211
2282,0.362477809,0.85337443,3.96861762e-05,0.85337443,0,0.00325828898,0.0427840466,1.74999176e-13,1.46654367e-05,14800,401,2783
2283,0.474001795,0.874510634,7.8249518e-05,0.874510634,0,0.003285533,0.0437111919,6.80331896e-13,1.13458515e-05,1750,401,1230
2284,0.367803067,0.854179027,3.82053714e-05,0.854179027,0,0.00325873559,0.0428168477,1.62183378e-13,1.47030377e-05,14050,401,2844
2285,0.166526526,0.839005246,0.00013521111,0.839005246,0,0.00309701979,0.0424164824,2.03133826e-12,7.68663518e-06,15400,401,308
2286,0.480901331,0.876105789,8.07306989e-05,0.876105789,0,0.00329399195,0.0437844285,7.24160639e-13,1.09584432e-05,1750,401,1168
2287,0.671122134,0.932308087,5.58254956e-05,0.932308087,0,0.00364533046,0.0465078788,3.46276218e-13,8.15983448e-06,14200,401,2205
2288,0.641426563,0.922043927,6.58754046e-05,0.922043927,0,0.00359748692,0.0459942834,4.82174325e-13,8.02415873e-06,14200,401,1821
2289,0.989197373,1.07346086,0.000113374543,1.07346086,0,0.00493948387,0.0538331264,1.42819855e-12,3.4023451e-06,18050,401,550
2290,0.880683184,1.0191256,6.56231304e-05,1.0191256,0,0.0040990445,0.0509895661,4.7848836e-13,5.99361452e-06,1650,401,1827
2291,0.69277072,0.940121525,5.1080096e-05,0.940121525,0,0.00367916134,0.0469021182,2.89908468e-13,7.98895994e-06,14200,401,2427
2292,0.930463433,1.04328115,3.65168605e-05,1.04328115,0,0.00444401361,0.0522504441,1.48164567e-13,6.56623389e-06,13400,401,2918
2293,0.996236801,1.07719882,0.000131888528,1.07719882,0,0.00500509713,0.054029645,1.93273153e-12,2.50410494e-06,18050,401,355
2294,0.558338821,0.896199057,8.92645231e-05,0.896199057,0,0.00345061407,0.0447285776,8.85350564e-13,7.97496203e-06,14200,401,865
2295,0.018252492,0.848836959,0.000250414801,0.848836959,0,0.00365924358,0.0431797694,6.96750808e-12,5.47219836e-06,,401,55
2296,0.723502159,0.951683438,5.09705278e-05,0.951683438,0,0.00372276114,0.0474902991,2.88666079e-13,7.65610713e-06,14200,401,2434
2297,0.826513469,0.994347817,7.56170433e-05,0.994347817,0,0.003909374,0.049694788,6.35326359e-13,5.25932308e-06,11750,401,1337
2298,0.0751766115,0.842903972,3.25138087e-05,0.842903972,0,0.00313419855,0.0427969013,1.17460862e-13,1.24630965e-05,14200,401,2968
2299,0.524879754,0.887030323,8.99775942e-05,0.887030323,0,0.00338112172,0.0442924701,8.99551939e-13,8.90823099e-06,6300,401,812
2300,0.647762358,0.924189396,6.34995269e-05,0.924189396,0,0.00360773049,0.0461012122,4.48021102e-13,8.07628631e-06,14200,401,1911
2301,0.878061712,1.01789041,6.69946931e-05,1.01789041,0,0.00408501118,0.0509250785,4.98698767e-13,5.9647746e-06,1600,401,1775
2302,0.215288147,0.839732641,0.000137928462,0.839732641,0,0.00315775627,0.0423543351,2.11380673e-12,7.06909701e-06,15400,401,259
2303,0.225319728,0.840121307,0.000134436362,0.840121307,0,0.00316988488,0.0423541449,2.00812617e-12,7.61470673e-06,15400,401,319
2304,0.480185151,0.875938769,8.04388452e-05,0.875938769,0,0.00329300075,0.0437767511,7.18934202e-13,1.10177719e-05,1750,401,1175
2305,0.216666818,0.839781222,0.000137544182,0.839781222,0,0.00315939175,0.0423540562,2.10204467e-12,7.12375151e-06,15400,401,266
2306,0.777110994,0.973146594,6.50835612e-05,0.973146594,0,0.00378779337,0.0485951747,4.70652215e-13,6.25047484e-06,11750,401,1847
2307,0.697463453,0.941851512,5.055894e-05,0.941851512,0,0.00368623127,0.0469897698,2.84022935e-13,7.97473634e-06,14200,401,2465
2308,0.828184366,0.995088312,7.55369658e-05,0.995088312,0,0.00391426567,0.0497333459,6.33981466e-13,5.27748126e-06,11750,401,1348
2309,0.811734259,0.987864126,7.3764884e-05,0.987864126,0,0.00386737765,0.0493576756,6.04584235e-13,5.41644988e-06,11750,401,1477
2310,0.655311525,0.926777376,6.07799684e-05,0.926777376,0,0.00361993372,0.0462305011,4.10467173e-13,8.08674749e-06,14200,401,2013
2311,0.491127491,0.878529955,8.37999339e-05,0.878529955,0,0.00331088015,0.0438961009,7.8026988e-13,1.05378199e-05,1900,401,1080
2312,0.660728514,0.928655534,5.90073114e-05,0.928655534,0,0.00362866484,0.0463245336,3.86873644e-13,7.98787545e-06,14200,401,2081
2313,0.38254562,0.856515891,3.80155586e-05,0.856515891,0,0.00325965103,0.0429137883,1.60575855e-13,1.45705538e-05,13400,401,2858
2314,0.315849841,0.847238518,6.95710884e-05,0.847238518,0,0.00324823984,0.0425476551,5.37792927e-13,1.35224009e-05,16950,401,1670
2315,0.267565757,0.84264065,0.000109027081,0.84264065,0,0.00321734061,0.042400499,1.32076716e-12,1.06213029e-05,17650,401,587
2316,0.399181277,0.859344254,4.27520268e-05,0.859344254,0,0.00326058205,0.0430339128,2.03081755e-13,1.4346585e-05,13400,401,2700
2317,0.792447329,0.979583923,6.95461315e-05,0.979583923,0,0.00381775406,0.0489283622,5.37407156e-13,5.80317857e-06,11750,401,1673
2318,0.274333209,0.843175534,0.00010386156,0.843175534,0,0.00322328725,0.0424150734,1.1985804e-12,1.11227612e-05,17650,401,629
2319,0.145652696,0.839288065,0.00012108911,0.839288065,0,0.00306180476,0.0424748162,1.62917472e-12,9.21317296e-06,15400,401,478
2320,0.995159328,1.07662503,0.000128957196,1.07662503,0,0.00499496745,0.0539994722,1.84777315e-12,2.67079627e-06,18050,401,392
2321,0.450266987,0.869273314,6.81165186e-05,0.869273314,0,0.00326963562,0.0434726334,5.15540012e-13,1.25013509e-05,5900,401,1729
2322,0.175259009,0.838993029,0.000138620111,0.838993029,0,0.0031096483,0.0423977629,2.13505946e-12,7.16965298e-06,15400,401,242
2323,0.953187227,1.05474289,4.52027363e-05,1.05474289,0,0.00462489892,0.0528506132,2.2703193e-13,6.01391731e-06,14050,401,2644
2324,0.818148613,0.990663515,7.47753216e-05,0.990663515,0,0.00388531515,0.0495031174,6.21260969e-13,5.35463276e-06,11750,401,1414
2325,0.370752513,0.85463376,3.77294702e-05,0.85463376,0,0.00325895093,0.0428355256,1.58168102e-13,1.46547982e-05,14050,401,2874
2326,0.92293334,1.03954281,4.00482069e-05,1.03954281,0,0.00438699642,0.052054966,1.78206542e-13,6.59615573e-06,13400,401,2776
2327,0.268044114,0.842677205,0.000108667609,0.842677205,0,0.00321778307,0.0424014598,1.31207213e-12,1.06691594e-05,17650,401,591
2328,0.914717436,1.03549829,4.50787982e-05,1.03549829,0,0.00432646745,0.051843635,2.25788672e-13,6.64426921e-06,13400,401,2648
2329,0.247140393,0.841245286,0.00012303582,0.841245286,0,0.0031961897,0.0423684996,1.68197922e-12,9.09624124e-06,15400,401,456
2330,0.398956358,0.859304567,4.25653234e-05,0.859304567,0,0.00326056558,0.0430322087,2.01311862e-13,1.43181424e-05,13400,401,2705
2331,0.0148555115,0.849276177,0.000268685847,0.849276177,0,0.00369998427,0.0432062838,8.0213427e-12,4.63965211e-06,,401,45
2332,0.955978155,1.05616932,4.84318572e-05,1.05616932,0,0.00464803885,0.0529253874,2.60627199e-13,5.89515423e-06,14050,401,2578
2333,0.577344418,0.901728633,8.61547722e-05,0.901728633,0,0.00348743293,0.0449953187,8.24738309e-13,7.71920835e-06,14200,401,1003
2334,0.47594896,0.874957543,7.904817e-05,0.874957543,0,0.00328768033,0.0437316901,6.94290354e-13,1.12207218e-05,1750,401,1212
2335,0.305373907,0.84608753,7.82794267e-05,0.84608753,0,0.00324368114,0.0425072291,6.80852072e-13,1.30258761e-05,16950,401,1228
2336,0.528491557,0.88798485,9.0200445e-05,0.88798485,0,0.00338883104,0.044337477,9.04013364e-13,8.75630254e-06,8800,401,791
2337,0.153561279,0.839138653,0.000127498223,0.839138653,0,0.00307596818,0.0424504555,1.80619966e-12,8.62379891e-06,15400,401,409
2338,0.761639953,0.966785624,6.02929653e-05,0.966785624,0,0.00376787725,0.0482663198,4.0391574e-13,6.66886478e-06,14200,401,2032
2339,0.0944783613,0.841503807,4.63592559e-05,0.841503807,0,0.0030290511,0.0426933488,2.38797846e-13,1.23594746e-05,5900,401,2618
2340,0.41886887,0.862950413,5.20535511e-05,0.862950413,0,0.00326233233,0.0431906177,3.01063575e-13,1.37764763e-05,8000,401,2373
2341,0.917293847,1.03676278,4.34320315e-05,1.03676278,0,0.00434525887,0.0519096886,2.09593485e-13,6.70936756e-06,13400,401,2681
2342,0.282306314,0.843851827,9.74936243e-05,0.843851827,0,0.00322959273,0.0424347831,1.05611186e-12,1.16797171e-05,17650,401,682
2343,0.635176718,0.919951176,6.81644787e-05,0.919951176,0,0.00358733029,0.0458902141,5.1626624e-13,7.92756725e-06,14200,401,1727
2344,0.422954679,0.863733629,5.4171946e-05,0.863733629,0,0.00326287869,0.0432250957,3.26066637e-13,1.36132986e-05,8000,401,2276
2345,0.538577616,0.890695649,9.04186155e-05,0.890695649,0,0.00341015382,0.0444658123,9.08391782e-13,8.44431282e-06,14200,401,745
2346,0.0700064301,0.843331595,4.22355802e-05,0.843331595,0,0.00316960917,0.0428268455,1.98204915e-13,1.23297634e-05,14500,401,2714
2347,0.519764364,0.885693284,8.94333185e-05,0.885693284,0,0.00337016722,0.044229593,8.8870205e-13,9.16771976e-06,6100,401,856
2348,0.790758908,0.978868953,6.90493891e-05,0.978868953,0,0.00381389432,0.0488913416,5.29757571e-13,5.869997e-06,11750,401,1693
2349,0.656341195,0.927132981,6.0513783e-05,0.927132981,0,0.00362159111,0.0462482922,4.06879771e-13,8.13540368e-06,14200,401,2022
2350,0.72893846,0.953785579,5.18114816e-05,0.953785579,0,0.00372975113,0.0475978213,2.98269958e-13,7.54844149e-06,14200,401,2388
2351,0.872033715,1.01506327,6.92704712e-05,1.01506327,0,0.00405763037,0.0507772133,5.33155353e-13,5.75347511e-06,1550,401,1685
2352,0.189972669,0.839113434,0.000141183178,0.839113434,0,0.00312847112,0.04237377,2.21474331e-12,6.71605343e-06,15400,401,151
2353,0.546440721,0.892855095,9.01854472e-05,0.892855095,0,0.00342648863,0.0445685742,9.03712765e-13,8.24811484e-06,14200,401,794
2354,0.289574593,0.844511556,9.15163889e-05,0.844511556,0,0.00323467361,0.0424551365,9.30583271e-13,1.21133093e-05,17650,401,729
2355,0.724053025,0.951895663,5.10350441e-05,0.951895663,0,0.00372348042,0.0475011465,2.89397302e-13,7.60439409e-06,14200,401,2431
2356,0.730698466,0.954469647,5.21680231e-05,0.954469647,0,0.00373195879,0.0476328473,3.02389182e-13,7.44685465e-06,14200,401,2366
2357,0.205158249,0.839422551,0.000140358841,0.839422551,0,0.00314601307,0.042358837,2.18895603e-12,6.73740257e-06,15400,401,196
2358,0.831536353,0.996578489,7.56652446e-05,0.996578489,0,0.00392416447,0.0498109757,6.36136582e-13,5.33441723e-06,11600,401,1330
2359,0.260881037,0.842147573,0.000113926567,0.842147573,0,0.00321093331,0.0423880383,1.44214029e-12,1.01396526e-05,17650,401,544
2360,0.574686468,0.900941504,8.68261091e-05,0.900941504,0,0.0034824231,0.044957193,8.37641469e-13,7.65353078e-06,14200,401,977
2361,0.104380287,0.840905692,6.46684318e-05,0.840905692,0,0.00300026788,0.0426446982,4.64667342e-13,1.19998682e-05,1850,401,1861
2362,0.80370909,0.984394244,7.23612911e-05,0.984394244,0,0.00384576798,0.0491776179,5.81795161e-13,5.52937456e-06,11750,401,1545
2363,0.0874414444,0.841978503,3.45918735e-05,0.841978503,0,0.00306172734,0.0427296473,1.32955301e-13,1.25197549e-05,10000,401,2959
2364,0.192327112,0.839149129,0.000141308585,0.839149129,0,0.0031312654,0.0423708075,2.21867959e-12,6.65772385e-06,15400,401,134
2365,0.134188488,0.839596044,0.000109354119,0.839596044,0,0.00303988187,0.0425149853,1.32870259e-12,1.01034907e-05,12900,401,584
2366,0.609692812,0.911665704,7.72488071e-05,0.911665704,0,0.0035451245,0.0454806241,6.63042023e-13,7.77511119e-06,14200,401,1256
2367,0.962636352,1.05958896,5.79334477e-05,1.05958896,0,0.00470406861,0.0531047193,3.72920485e-13,5.67731504e-06,14800,401,2120
2368,0.476545691,0.875094862,7.91995302e-05,0.875094862,0,0.00328837287,0.0437379906,6.96951731e-13,1.11806331e-05,1750,401,1207
2369,0.132697433,0.83964399,0.000107583625,0.83964399,0,0.00303695543,0.0425206263,1.28602625e-12,1.02410259e-05,12900,401,599
2370,0.586906254,0.904597711,8.40008261e-05,0.904597711,0,0.00350511343,0.0451346989,7.8401542e-13,7.70930588e-06,14200,401,1070
2371,0.109073438,0.840650759,7.28726084e-05,0.840650759,0,0.00299778907,0.0426223448,5.90046339e-13,1.17906427e-05,1900,401,1521
2372,0.92990303,1.0430017,3.67776605e-05,1.0430017,0,0.00443971528,0.0522358274,1.50288479e-13,6.56544774e-06,13400,401,2913
2373,0.38552615,0.857007743,3.86014775e-05,0.857007743,0,0.00325981304,0.0429344747,1.65563785e-13,1.4565086e-05,13400,401,2827
2374,0.853940248,1.00669506,7.43293046e-05,1.00669506,0,0.00399344667,0.0503391631,6.13871725e-13,5.40439262e-06,6600,401,1439
2375,0.454372883,0.870151303,7.01015879e-05,0.870151303,0,0.00327140394,0.0435123697,5.46025848e-13,1.22923981e-05,4350,401,1650
2376,0.7036888,0.944166228,5.00770743e-05,0.944166228,0,0.00369539968,0.0471072478,2.78634819e-13,7.94284079e-06,14200,401,2508
2377,0.250452757,0.841449045,0.000120935335,0.841449045,0,0.0031999137,0.0423724624,1.62503949e-12,9.376464e-06,15400,401,479
2378,0.898703933,1.02771802,5.59121195e-05,1.02771802,0,0.00421379093,0.0514375681,3.47351678e-13,6.41275236e-06,5600,401,2203
2379,0.571543455,0.90001655,8.724628e-05,0.90001655,0,0.00347642827,0.044912456,8.45768153e-13,7.76505949e-06,14200,401,960
2380,0.37933439,0.855993359,3.75407845e-05,0.855993359,0,0.00325947822,0.0428919141,1.56590056e-13,1.46225821e-05,14050,401,2894
2381,0.166721463,0.839004335,0.000135345268,0.839004335,0,0.00309731651,0.0424160298,2.03537129e-12,7.66768746e-06,15400,401,305
2382,0.7710917,0.970655821,6.32262995e-05,0.970655821,0,0.00377925637,0.0484663237,4.44173883e-13,6.46324713e-06,14200,401,1918
2383,0.0673105344,0.843563398,4.89246316e-05,0.843563398,0,0.00318909237,0.0428428409,2.65957731e-13,1.21883075e-05,16250,401,2566
2384,0.893032968,1.02499553,5.92987216e-05,1.02499553,0,0.00417582531,0.0512956043,3.90704265e-13,6.23321968e-06,3500,401,2071
2385,0.459722131,0.871312828,7.24915625e-05,0.871312828,0,0.00327419238,0.043565113,5.83891848e-13,1.20484696e-05,3500,401,1538
2386,0.320218921,0.847743405,6.59919694e-05,0.847743405,0,0.00324983459,0.0425658973,4.83882224e-13,1.36746506e-05,16950,401,1816
2387,0.714840174,0.948369052,5.00681344e-05,0.948369052,0,0.00371116648,0.0473211255,2.78535343e-13,7.82863536e-06,14200,401,2509
2388,0.919641256,1.03791798,4.20344517e-05,1.03791798,0,0.00436253898,0.0519700466,1.96321681e-13,6.72036899e-06,13400,401,2719
2389,0.146233663,0.839275276,0.000121638007,0.839275276,0,0.0030628765,0.0424729303,1.64397831e-12,9.17590168e-06,15400,401,470
2390,0.844868004,1.00256565,7.5261088e-05,1.00256565,0,0.00396464552,0.0501233296,6.2935904e-13,5.3228834e-06,8800,401,1374
2391,0.572207153,0.900211355,8.71251819e-05,0.900211355,0,0.00347769836,0.0449218725,8.43421925e-13,7.73261334e-06,14200,401,965
2392,0.0880762562,0.841933961,3.55891767e-05,0.841933961,0,0.00305847694,0.0427263047,1.40732167e-13,1.25270735e-05,8900,401,2953
2393,0.518368423,0.885331442,8.92388843e-05,0.885331442,0,0.00336718138,0.0442126096,8.84842051e-13,9.22065027e-06,6100,401,868
2394,0.169526443,0.838993995,0.000136557249,0.838993995,0,0.00310149636,0.042409673,2.07198693e-12,7.50707269e-06,15400,401,284
2395,0.204945579,0.839416992,0.000140445244,0.839416992,0,0.00314576522,0.0423589817,2.19165185e-12,6.72505566e-06,15400,401,192
2396,0.252698034,0.841592293,0.000119542071,0.841592293,0,0.00320239039,0.0423754256,1.58781186e-12,9.53409028e-06,17650,401,491
2397,0.780952156,0.974746563,6.64994283e-05,0.974746563,0,0.00379413273,0.0486779675,4.91352662e-13,6.04230617e-06,11750,401,1796
2398,0.672797263,0.932902808,5.52882983e-05,0.932902808,0,0.00364799892,0.0465377906,3.39643992e-13,8.12432181e-06,14200,401,2228
2399,0.485494107,0.877185692,8.22125764e-05,0.877185692,0,0.00330099539,0.0438341175,7.50989746e-13,1.07514358e-05,1800,401,1127
2400,0.683200002,0.936633221,5.2719298e-05,0.936633221,0,0.00366442302,0.0467257747,3.0881382e-13,8.12442782e-06,14200,401,2338
2401,0.867284894,1.01284975,7.09191368e-05,1.01284975,0,0.0040392242,0.050661313,5.58835996e-13,5.66506713e-06,1550,401,1612
2402,0.268796116,0.842735188,0.000108167677,0.842735188,0,0.00321846647,0.0424029992,1.30002737e-12,1.07155648e-05,17650,401,594
2403,0.157358438,0.839085314,0.000130179281,0.839085314,0,0.00308242066,0.0424397411,1.88296058e-12,8.3117067e-06,15400,401,377
2404,0.631919503,0.91887011,6.93806594e-05,0.91887011,0,0.00358202732,0.0458365465,5.34852878e-13,7.88168357e-06,14200,401,1680
2405,0.263017595,0.842301318,0.000112475945,0.842301318,0,0.00321303884,0.0423918101,1.40564869e-12,1.03001323e-05,17650,401,557
2406,0.415492266,0.862312172,5.03552157e-05,0.862312172,0,0.00326193386,0.0431626316,2.81738639e-13,1.38438785e-05,11650,401,2483
2407,0.423429638,0.863825484,5.45509043e-05,0.863825484,0,0.00326295157,0.0432291489,3.30644573e-13,1.35621493e-05,8000,401,2257
2408,0.421160966,0.863388407,5.32075231e-05,0.863388407,0,0.0032626287,0.0432098814,3.14560057e-13,1.36933927e-05,8000,401,2319
2409,0.353612036,0.852081766,4.31679619e-05,0.852081766,0,0.00325733185,0.0427320592,2.07052548e-13,1.45487146e-05,16600,401,2689
2410,0.61163944,0.912284603,7.66821921e-05,0.912284603,0,0.00354842792,0.0455110753,6.53350954e-13,7.66145068e-06,14200,401,1268
2411,0.228321955,0.840253406,0.000133082071,0.840253406,0,0.00317357874,0.0423549176,1.96787086e-12,7.80917582e-06,15400,401,338
2412,0.138651282,0.83946324,0.000114275502,0.83946324,0,0.00304857058,0.042498666,1.45098783e-12,9.77391415e-06,12900,401,541
2413,0.171183869,0.838990853,0.000137191252,0.838990853,0,0.00310390639,0.042406076,2.09127106e-12,7.39368641e-06,15400,401,273
2414,0.230217278,0.840340298,0.000132304105,0.840340298,0,0.00317591392,0.0423555911,1.94493069e-12,7.90132274e-06,15400,401,350
2415,0.968761206,1.06275533,6.84248163e-05,1.06275533,0,0.00475665037,0.0532708528,5.20217277e-13,5.26691379e-06,14800,401,1718
2416,0.587532759,0.904787572,8.38798054e-05,0.904787572,0,0.00350625105,0.0451439448,7.81757973e-13,7.59785007e-06,14200,401,1076
2417,0.399503976,0.85940106,4.2802371e-05,0.85940106,0,0.0032606067,0.0430363521,2.03560329e-13,1.42990551e-05,13400,401,2699
2418,0.865288317,1.011923,7.14754607e-05,1.011923,0,0.00403194725,0.0506127834,5.67637943e-13,5.76879701e-06,1550,401,1584
2419,0.895760298,1.02630255,5.75328184e-05,1.02630255,0,0.0041939368,0.0513637517,3.67780578e-13,6.35940151e-06,4700,401,2137
2420,0.621564746,0.91547601,7.32195667e-05,0.91547601,0,0.00356501924,0.0456684803,5.95678328e-13,7.72841274e-06,14200,401,1505
2421,0.570745468,0.899782602,8.73692886e-05,0.899782602,0,0.00347490072,0.0449011514,8.48154732e-13,7.87204273e-06,14200,401,957
2422,0.949438691,1.05283324,4.1188125e-05,1.05283324,0,0.00459413581,0.0527505358,1.88495738e-13,6.3321248e-06,14050,401,2741
2423,0.982452273,1.06990324,9.72306606e-05,1.06990324,0,0.00487787953,0.0536461809,1.05042237e-12,4.06931757e-06,18050,401,685
2424,0.660661995,0.928632224,5.90197435e-05,0.928632224,0,0.00362855259,0.0463233654,3.8703668e-13,8.12356685e-06,14200,401,2080
2425,0.422061175,0.863561265,5.36171988e-05,0.863561265,0,0.00326275121,0.0432174954,3.19422667e-13,1.36814398e-05,8000,401,2297
2426,0.732793748,0.955286511,5.26624076e-05,0.955286511,0,0.00373455666,0.0476746967,3.08147686e-13,7.41721466e-06,14200,401,2342
2427,0.259131134,0.84202438,0.000115198303,0.84202438,0,0.00320916562,0.0423850988,1.47451656e-12,1.00382779e-05,17650,401,532
2428,0.137054756,0.839508825,0.000112583846,0.839508825,0,0.00304548096,0.0425044026,1.40834693e-12,9.88545372e-06,12900,401,555
2429,0.0849299282,0.842157765,3.15907042e-05,0.842157765,0,0.00307511861,0.0427429913,1.10885844e-13,1.25018682e-05,10000,401,2974
2430,0.964135468,1.06036226,6.05075779e-05,1.06036226,0,0.00471683913,0.0531452851,4.06796331e-13,5.43211216e-06,14800,401,2023
2431,0.976008713,1.06652659,8.28983459e-05,1.06652659,0,0.00482018069,0.0534688307,7.63570639e-13,4.73596617e-06,10900,401,1107
2432,0.783723414,0.9759059,6.70579688e-05,0.9759059,0,0.00379921702,0.0487379656,4.99641242e-13,6.09696563e-06,11750,401,1773
2433,0.660026729,0.928411352,5.92568994e-05,0.928411352,0,0.00362753329,0.0463122987,3.90153348e-13,8.08995331e-06,14200,401,2072
2434,0.0868254676,0.84202187,3.38333753e-05,0.84202187,0,0.00306493742,0.042732894,1.27188587e-13,1.24916863e-05,10000,401,2963
2435,0.910308003,1.03334251,4.81952576e-05,1.03334251,0,0.00429471728,0.0517310614,2.58086984e-13,6.48663561e-06,12350,401,2580
2436,0.27511248,0.843239454,0.00010319045,0.843239454,0,0.00322393674,0.0424168797,1.183141e-12,1.11710754e-05,17650,401,635
2437,0.83105725,0.996365065,7.578418e-05,0.996365065,0,0.00392274546,0.0497998545,6.38137993e-13,5.23744499e-06,11600,401,1311
2438,0.464237839,0.872308862,7.45000394e-05,0.872308862,0,0.0032770775,0.0436104874,6.16695096e-13,1.17946055e-05,2750,401,1431
2439,0.133513182,0.83961764,0.000108554879,0.83961764,0,0.00303856058,0.0425175329,1.3093513e-12,1.01444636e-05,12900,401,592
2440,0.303238839,0.845863158,8.01618354e-05,0.845863158,0,0.00324262195,0.0424995574,7.13991095e-13,1.29394832e-05,16950,401,1183
2441,0.678939998,0.935097705,5.36734634e-05,0.935097705,0,0.00365773907,0.0466483206,3.20093409e-13,8.13769829e-06,14200,401,2295
2442,0.563715756,0.89773994,8.8574355e-05,0.89773994,0,0.00346125228,0.044802647,8.7171293e-13,7.84527092e-06,14200,401,903
2443,0.973773837,1.06536085,7.82733846e-05,1.06536085,0,0.00480044244,0.0534076212,6.80746971e-13,4.89395956e-06,14800,401,1229
2444,0.273820937,0.843133744,0.00010422408,0.843133744,0,0.00322285977,0.0424138989,1.20696209e-12,1.10894454e-05,17650,401,626
2445,0.527723849,0.887781258,9.01058916e-05,0.887781258,0,0.00338719195,0.0443278701,9.02119077e-13,8.78963886e-06,8800,401,800
2446,0.824918032,0.993642245,7.55169635e-05,0.993642245,0,0.00390473174,0.0496580596,6.33645753e-13,5.26967864e-06,11750,401,1351
2447,0.627441943,0.917394297,7.10980545e-05,0.917394297,0,0.00357469758,0.0457633879,5.61659262e-13,7.81548066e-06,14200,401,1605
2448,0.654350102,0.926445752,6.12606622e-05,0.926445752,0,0.00361837995,0.0462139158,4.16985415e-13,8.12879221e-06,14200,401,1994
2449,0.0427307561,0.845955682,0.000134846193,0.845955682,0,0.00339726366,0.043000841,2.02038841e-12,1.01090271e-05,,401,313
2450,0.700432837,0.942952686,5.01425381e-05,0.942952686,0,0.00369063972,0.0470456286,2.79363791e-13,7.95169063e-06,14200,401,2501
2451,0.957380712,1.05688773,5.01670315e-05,1.05688773,0,0.00465974031,0.052963055,2.79636783e-13,5.96391906e-06,14050,401,2498
2452,0.361887634,0.853286574,3.98557185e-05,0.853286574,0,0.00325823306,0.042780484,1.76497588e-13,1.46054724e-05,14800,401,2779
2453,0.459546864,0.871274464,7.24820117e-05,0.871274464,0,0.00327409079,0.0435633679,5.83738002e-13,1.2047473e-05,3500,401,1539
2454,0.530663431,0.888562907,9.02576929e-05,0.888562907,0,0.00339344718,0.0443647802,9.05161236e-13,8.75014362e-06,8800,401,781
2455,0.0731019974,0.84307287,3.59128279e-05,0.84307287,0,0.00314809341,0.0428088003,1.43303468e-13,1.2405518e-05,14200,401,2935
2456,0.941379249,1.04875291,3.6367737e-05,1.04875291,0,0.00452924404,0.0525368088,1.46956922e-13,6.52612686e-06,14050,401,2922
2457,0.835859954,0.998509601,7.58366374e-05,0.998509601,0,0.00393708924,0.0499116441,6.39021731e-13,5.29996034e-06,8900,401,1300
2458,0.0790386125,0.842598973,2.92479087e-05,0.842598973,0,0.00310953819,0.0427751523,9.5048907e-14,1.25032846e-05,13000,401,2992
2459,0.334058404,0.849439116,5.52069587e-05,0.849439116,0,0.00325386341,0.0426290515,3.38645365e-13,1.41966185e-05,16950,401,2231
2460,0.218744278,0.839857366,0.000136855889,0.839857366,0,0.00316187804,0.0423537885,2.08105937e-12,7.25491969e-06,15400,401,279
2461,0.483545482,0.876725787,8.15975073e-05,0.876725787,0,0.00329789002,0.0438129456,7.39794799e-13,1.08347438e-05,1800,401,1142
2462,0.416404009,0.86248371,5.07971559e-05,0.86248371,0,0.0032620377,0.0431701431,2.86705672e-13,1.38722558e-05,11650,401,2444
2463,0.112128735,0.840494401,7.81476113e-05,0.840494401,0,0.00300015599,0.0426080179,6.78561016e-13,1.15891865e-05,2050,401,1233
2464,0.935015619,1.04555551,3.56878743e-05,1.04555551,0,0.00447918852,0.0523694373,1.41513819e-13,6.53288029e-06,13400,401,2945
2465,0.365618885,0.85384656,3.87454949e-05,0.85384656,0,0.00325855956,0.0428032558,1.66801486e-13,1.46813628e-05,14800,401,2821
2466,0.488734782,0.877956441,8.31591019e-05,0.877956441,0,0.00330653267,0.0438696372,7.68381803e-13,1.05773525e-05,1850,401,1098
2467,0.816520333,0.989950604,7.46499931e-05,0.989950604,0,0.00388071079,0.0494660627,6.19180164e-13,5.29200238e-06,11750,401,1421
2468,0.880248845,1.01892076,6.58897103e-05,1.01892076,0,0.00409662568,0.050978876,4.82383769e-13,6.01710763e-06,1650,401,1819
2469,0.0773229003,0.842732956,3.01466953e-05,0.842732956,0,0.00312029904,0.0427847493,1.0098036e-13,1.25185157e-05,13900,401,2982
2470,0.405690372,0.860505548,4.54381298e-05,0.860505548,0,0.00326103699,0.0430839827,2.29402627e-13,1.41675636e-05,13150,401,2638
2471,0.312652647,0.846878315,7.22106781e-05,0.846878315,0,0.00324695612,0.0425348212,5.79375782e-13,1.3387419e-05,16950,401,1554
2472,0.855045676,1.0072011,7.40608642e-05,1.0072011,0,0.00399705328,0.050365633,6.09445735e-13,5.5555123e-06,6550,401,1457
2473,0.715872824,0.948762095,5.01479585e-05,0.948762095,0,0.00371257819,0.0473411644,2.79424194e-13,7.78158973e-06,14200,401,2500
2474,0.0547015853,0.844727831,8.86876734e-05,0.844727831,0,0.00328906395,0.0429211576,8.73944824e-13,1.14111629e-05,18100,401,895
2475,0.609562099,0.911624203,7.73318426e-05,0.911624203,0,0.00354490576,0.0454785824,6.64468209e-13,7.62996371e-06,14200,401,1253
2476,0.554111779,0.895000452,8.96611685e-05,0.895000452,0,0.00344213852,0.0446711074,8.93236127e-13,7.99846066e-06,14200,401,840
2477,0.442211658,0.86758485,6.42135701e-05,0.86758485,0,0.00326690778,0.0433965678,4.5815362e-13,1.2840281e-05,7950,401,1884
2478,0.743221641,0.959388855,5.48531822e-05,0.959388855,0,0.00374703521,0.0478852398,3.34319066e-13,7.24230317e-06,14200,401,2245
2479,0.164451092,0.839017272,0.000134221424,0.839017272,0,0.00309384239,0.0424214203,2.00171006e-12,7.82559683e-06,15400,401,322
2480,0.707074821,0.945434878,4.99970199e-05,0.945434878,0,0.00370027697,0.047171731,2.77744667e-13,7.89940136e-06,14200,401,2525
2481,0.0292862449,0.84747661,0.00019480796,0.84747661,0,0.00353432294,0.0430964721,4.21668237e-12,7.90926858e-06,,401,88
2482,0.233971849,0.840521391,0.000130494512,0.840521391,0,0.00318052656,0.0423573996,1.89209085e-12,8.15512656e-06,15400,401,371
2483,0.960920811,1.05870555,5.53464453e-05,1.05870555,0,0.0046895173,0.0530583827,3.40358778e-13,5.74238568e-06,14800,401,2222
2484,0.648284614,0.924367245,6.34166198e-05,0.924367245,0,0.00360858002,0.0461100858,4.46851963e-13,8.06329189e-06,14200,401,1913
2485,0.60025233,0.908698034,8.02782575e-05,0.908698034,0,0.00352888174,0.0453349566,7.16066515e-13,7.61298065e-06,14200,401,1179
2486,0.0813588724,0.842421826,2.91331697e-05,0.842421826,0,0.00309550445,0.042762344,9.43046197e-14,1.25070447e-05,12450,401,2994
2487,0.929031193,1.04256753,3.71402617e-05,1.04256753,0,0.00443305993,0.0522131179,1.5326656e-13,6.59943861e-06,13400,401,2908
2488,0.325794041,0.848409002,6.15204871e-05,0.848409002,0,0.00325164324,0.0425903625,4.20530037e-13,1.39330613e-05,16950,401,1983
2489,0.797697842,0.981817622,7.08927974e-05,0.981817622,0,0.00383038712,0.0490440604,5.5842097e-13,5.74016723e-06,11750,401,1614
2490,0.854569137,1.00698276,7.40470895e-05,1.00698276,0,0.00399549862,0.0503542123,6.09219052e-13,5.44672148e-06,6600,401,1458
2491,0.0736352727,0.843029207,3.49019114e-05,0.843029207,0,0.00314448084,0.0428057312,1.35349269e-13,1.24365509e-05,14200,401,2958
2492,0.663878083,0.929755591,5.79666552e-05,0.929755591,0,0.00363373135,0.0463796869,3.73348124e-13,8.04216491e-06,14200,401,2119
2493,0.713040113,0.947685735,5.00523062e-05,0.947685735,0,0.0037086769,0.0472863032,2.78359262e-13,7.81152547e-06,14200,401,2513
2494,0.857323945,1.00824642,7.34005007e-05,1.00824642,0,0.00400456014,0.0504203227,5.98625945e-13,5.49600877e-06,5450,401,1496
2495,0.318375021,0.847528557,6.75118092e-05,0.847528557,0,0.00324918309,0.0425581,5.06427153e-13,1.35888787e-05,16950,401,1757
2496,0.474847436,0.874704469,7.85213603e-05,0.874704469,0,0.0032864447,0.0437200804,6.85067114e-13,1.13735972e-05,1750,401,1224
2497,0.74175185,0.958806943,5.4634823e-05,0.958806943,0,0.00374532087,0.0478553371,3.31662654e-13,7.21749904e-06,14200,401,2255
2498,0.0531576201,0.844879522,9.42190984e-05,0.844879522,0,0.00330229456,0.0429311449,9.86359833e-13,1.12418987e-05,18100,401,708
2499,0.595969915,0.90737022,8.14281108e-05,0.90737022,0,0.00352136267,0.0452699752,7.36726359e-13,7.64286395e-06,14200,401,1146
2500,0.18642208,0.839068236,0.00014091649,0.839068236,0,0.00312416392,0.0423786979,2.20638412e-12,6.72460193e-06,15400,401,170
2501,0.1492908,0.839212908,0.000124237128,0.839212908,0,0.00306843589,0.0424632675,1.71498489e-12,8.93011711e-06,15400,401,443
2502,0.985018313,1.07125401,0.000103163906,1.07125401,0,0.00490116659,0.0537171503,1.1825324e-12,3.87355031e-06,18050,401,636
2503,0.207829446,0.839496241,0.000139803527,0.839496241,0,0.00314906551,0.042357228,2.17166957e-12,6.78709054e-06,15400,401,212
2504,0.697784901,0.941970457,5.05111033e-05,0.941970457,0,0.00368671113,0.0469958008,2.83485729e-13,8.01062791e-06,14200,401,2470
2505,0.0829951689,0.842299513,2.98507872e-05,0.842299513,0,0.0030859803,0.0427534212,9.90077218e-14,1.25215851e-05,10000,401,2986
2506,0.679620922,0.93534257,5.34694694e-05,0.93534257,0,0.00365881023,0.0466606651,3.17664907e-13,8.05822394e-06,14200,401,2307
2507,0.372394204,0.85488947,3.77950234e-05,0.85488947,0,0.00325905434,0.0428460685,1.58718199e-13,1.4669341e-05,14050,401,2870
2508,0.692313969,0.939953862,5.10672099e-05,0.939953862,0,0.00367847421,0.0468936301,2.89762214e-13,8.06531261e-06,14200,401,2429
2509,0.348319352,0.851338084,4.59575196e-05,0.851338084,0,0.00325660674,0.0427025921,2.34677068e-13,1.44869397e-05,16950,401,2627
2510,0.57130444,0.899946441,8.73925461e-05,0.899946441,0,0.00347597513,0.0449090681,8.48606346e-13,7.75655065e-06,14200,401,956
2511,0.190941885,0.839127537,0.000141274492,0.839127537,0,0.00312962563,0.0423725199,2.21760911e-12,6.70426852e-06,15400,401,140
2512,0.448416471,0.868881277,6.71750908e-05,0.868881277,0,0.00326893066,0.0434549287,5.01388092e-13,1.25730278e-05,6550,401,1770
2513,0.865778267,1.01215011,7.13566656e-05,1.01215011,0,0.00403371386,0.0506246764,5.65752636e-13,5.70547819e-06,1500,401,1591
2514,0.197403073,0.839241346,0.000141244702,0.839241346,0,0.00313715538,0.0423652303,2.21667398e-12,6.65452715e-06,15400,401,144
2515,0.559079409,0.896409924,8.91408838e-05,0.896409924,0,0.00345209677,0.0447387006,8.82899685e-13,7.95066192e-06,14200,401,873
2516,0.910645068,1.03350693,4.78493764e-05,1.03350693,0,0.00429712513,0.0517396461,2.54395869e-13,6.53721785e-06,13400,401,2587
2517,0.926250935,1.04118606,3.83029827e-05,1.04118606,0,0.00441194634,0.0521408746,1.63013165e-13,6.62003534e-06,13400,401,2839
2518,0.297357112,0.84526366,8.50141427e-05,0.84526366,0,0.0032394512,0.0424794562,8.03044939e-13,1.25752193e-05,17650,401,1041
2519,0.491821527,0.87869705,8.39984976e-05,0.87869705,0,0.00331217854,0.0439038167,7.83971955e-13,1.04559025e-05,1900,401,1071
2520,0.180765331,0.839017391,0.000139991534,0.839017391,0,0.00311701325,0.0423876777,2.17751439e-12,6.9567325e-06,15400,401,207
2521,0.136007652,0.839539947,0.000111359587,0.839539947,0,0.00304344185,0.0425082301,1.37788418e-12,9.97800654e-06,12900,401,568
2522,0.995357692,1.07673075,0.000129498046,1.07673075,0,0.00499683225,0.0540050314,1.86330489e-12,2.57875876e-06,18050,401,383
2523,0.676357746,0.934172361,5.43286201e-05,0.934172361,0,0.00365365865,0.0466016963,3.27955441e-13,8.05623166e-06,14200,401,2265
2524,0.144863203,0.839305754,0.000120354407,0.839305754,0,0.00306034471,0.0424773963,1.60946481e-12,9.27176855e-06,15400,401,483
2525,0.00948809367,0.849989495,0.000298818233,0.849989495,0,0.0037665852,0.0432489976,9.92137069e-12,3.09455387e-06,,401,29
2526,0.8406443,1.00065831,7.55165655e-05,1.00065831,0,0.00395161173,0.0500237452,6.33639073e-13,5.36502819e-06,8900,401,1352
2527,0.829984069,0.995887574,7.58288059e-05,0.995887574,0,0.00391956773,0.0497749772,6.38889756e-13,5.31875562e-06,11600,401,1303
2528,0.592821836,0.906401459,8.24501393e-05,0.906401459,0,0.00351577702,0.0452226437,7.55336164e-13,7.69860586e-06,14200,401,1122
2529,0.799589992,0.982626373,7.12480074e-05,0.982626373,0,0.00383513364,0.0490859701,5.64030952e-13,5.71294802e-06,11750,401,1598
2530,0.832549214,0.997029825,7.57540405e-05,0.997029825,0,0.00392717749,0.0498344969,6.37630516e-13,5.27711854e-06,11400,401,1316
2531,0.379250199,0.855979637,3.76592528e-05,0.855979637,0,0.00325947331,0.0428913402,1.57579924e-13,1.46110044e-05,14050,401,2878
2532,0.756844401,0.964841382,5.88545885e-05,0.964841382,0,0.00376246768,0.0481659862,3.84873621e-13,6.82164348e-06,14200,401,2086
2533,0.998690903,1.07850817,0.000138565372,1.07850817,0,0.00502829161,0.0540985059,2.1333736e-12,2.23016696e-06,18050,401,244
2534,0.602256536,0.909323525,7.96697216e-05,0.909323525,0,0.00353236737,0.0453656091,7.05251616e-13,7.65539315e-06,14200,401,1195
2535,0.707972825,0.945772436,4.99361812e-05,0.945772436,0,0.00370155699,0.0471888998,2.77069133e-13,7.90933247e-06,14200,401,2542
2536,0.406015575,0.860564464,4.56463996e-05,0.860564464,0,0.00326106151,0.0430865339,2.31510422e-13,1.41297934e-05,12700,401,2632
2537,0.83045429,0.996096697,7.57889465e-05,0.996096697,0,0.0039209567,0.0497858728,6.38218268e-13,5.17287154e-06,11600,401,1308
2538,0.599209905,0.908373802,8.05844027e-05,0.908373802,0,0.00352706115,0.0453190776,7.2153844e-13,7.73698163e-06,14200,401,1169
2539,0.351499021,0.85178239,4.42089101e-05,0.85178239,0,0.0032570625,0.0427201558,2.17158637e-13,1.45422359e-05,16800,401,2665
2540,0.36963436,0.854460547,3.80787971e-05,0.854460547,0,0.00325886218,0.0428283992,1.61110532e-13,1.46694271e-05,14050,401,2848
2541,0.019562969,0.848670119,0.000243501131,0.848670119,0,0.00364381168,0.0431696518,6.58808899e-12,5.79783235e-06,,401,59
2542,0.13032046,0.839724407,0.000104603184,0.839724407,0,0.00303227478,0.0425298252,1.21575846e-12,1.04107953e-05,12900,401,625
2543,0.585949957,0.904308149,8.42130645e-05,0.904308149,0,0.0035033656,0.045120604,7.87982247e-13,7.61207635e-06,14200,401,1066
2544,0.424175233,0.863969904,5.48509299e-05,0.863969904,0,0.00326305877,0.0432355252,3.34291613e-13,1.35811215e-05,8000,401,2246
2545,0.69997251,0.942781731,5.01950497e-05,0.942781731,0,0.00368995752,0.0470369537,2.79949224e-13,7.95880447e-06,14200,401,2496
2546,0.512892187,0.883924301,8.84927012e-05,0.883924301,0,0.00335544896,0.0441467044,8.70106462e-13,9.46948621e-06,4250,401,907
2547,0.428802609,0.864875367,5.73151059e-05,0.864875367,0,0.0032638218,0.0432756084,3.65002374e-13,1.34059563e-05,8000,401,2145
2548,0.869045913,1.01366907,7.03409705e-05,1.01366907,0,0.00404583864,0.050704217,5.49761348e-13,5.74271688e-06,1550,401,1639
2549,0.392257154,0.858142507,4.02464896e-05,0.858142507,0,0.00326016874,0.0429825388,1.79975547e-13,1.44964282e-05,13400,401,2768
2550,0.144545719,0.839313103,0.000120061988,0.839313103,0,0.00305974847,0.042478446,1.60165343e-12,9.32700234e-06,15400,401,485
2551,0.490574241,0.87839695,8.37400409e-05,0.87839695,0,0.00330985719,0.0438899606,7.79154938e-13,1.05178251e-05,1850,401,1082
2552,0.434237897,0.86595837,6.01620912e-05,0.86595837,0,0.00326489671,0.0433237817,4.02164135e-13,1.31712692e-05,8000,401,2035
2553,0.0690132827,0.843416336,4.46871613e-05,0.843416336,0,0.00317670642,0.0428327103,2.21882488e-13,1.2293505e-05,16250,401,2655
2554,0.148522303,0.839227869,0.00012358957,0.839227869,0,0.00306705423,0.0424656574,1.69715353e-12,9.00015222e-06,15400,401,450
2555,0.458063513,0.870950486,7.1809446e-05,0.870950486,0,0.00327326156,0.0435486391,5.72955171e-13,1.21102469e-05,3900,401,1572
2556,0.933616757,1.04485506,3.58829561e-05,1.04485506,0,0.00446832263,0.052332786,1.43065171e-13,6.51764199e-06,13400,401,2936
2557,0.226512864,0.840172902,0.00013385466,0.840172902,0,0.00317135107,0.0423544044,1.99078557e-12,7.63881902e-06,15400,401,327
2558,0.756510794,0.964706598,5.86822958e-05,0.964706598,0,0.00376209322,0.0481590349,3.82623538e-13,6.84979549e-06,14200,401,2092
2559,0.663125873,0.929492327,5.82960717e-05,0.929492327,0,0.00363252287,0.0463664826,3.77603553e-13,8.05149359e-06,14200,401,2108
2560,0.245109081,0.841124567,0.00012433628,0.841124567,0,0.00319384892,0.0423662998,1.7177234e-12,8.96791728e-06,15400,401,442
2561,0.900869191,1.02876214,5.43258429e-05,1.02876214,0,0.00422858882,0.0514920283,3.27921912e-13,6.43087438e-06,6750,401,2266
2562,0.0469339043,0.84551098,0.000117765566,0.84551098,0,0.00335779762,0.042972272,1.54096985e-12,1.06113586e-05,18100,401,507
2563,0.273351759,0.843095656,0.000104631977,0.843095656,0,0.00322246346,0.0424128334,1.21642785e-12,1.1058512e-05,17650,401,624
2564,0.121543191,0.840061767,9.28038481e-05,0.840061767,0,0.00301525478,0.0425658814,9.56950469e-13,1.10354407e-05,4200,401,721
2565,0.981291711,1.06929352,9.44057211e-05,1.06929352,0,0.00486740598,0.0536141507,9.90271131e-13,4.23886253e-06,18050,401,707
2566,0.920819402,1.03849895,4.13138691e-05,1.03849895,0,0.00437125944,0.0520004066,1.8964842e-13,6.61419342e-06,13400,401,2737
2567,0.745931029,0.96046514,5.56646773e-05,0.96046514,0,0.00375015854,0.0479405775,3.44284033e-13,7.07101291e-06,14200,401,2209
2568,0.296399742,0.845168593,8.58500384e-05,0.845168593,0,0.0032389009,0.0424763228,8.18914344e-13,1.25510963e-05,17650,401,1014
2569,0.912769735,1.03454473,4.64991302e-05,1.03454473,0,0.0043123809,0.0517938348,2.40241012e-13,6.60822341e-06,13400,401,2615
2570,0.743466675,0.959486111,5.49330499e-05,0.959486111,0,0.00374732109,0.0478902379,3.3529333e-13,7.25831999e-06,14200,401,2242
2571,0.170994848,0.838991051,0.000137172712,0.838991051,0,0.00310363085,0.0424064788,2.09070588e-12,7.39727927e-06,15400,401,274
2572,0.517525792,0.885113702,8.91582449e-05,0.885113702,0,0.00336537203,0.0442023973,8.83243626e-13,9.21668264e-06,6100,401,871
2573,0.925149262,1.04063957,3.87483402e-05,1.04063957,0,0.00440362826,0.0521123016,1.66825985e-13,6.66185267e-06,13400,401,2820
2574,0.0310787242,0.847265249,0.000186351758,0.847265249,0,0.00351509048,0.0430833529,3.85855309e-12,8.24915201e-06,,401,94
2575,0.0825530291,0.842332345,2.95624767e-05,0.842332345,0,0.00308851641,0.0427558239,9.71044479e-14,1.25452513e-05,10100,401,2987
2576,0.864688098,1.01164477,7.16761606e-05,1.01164477,0,0.00402980884,0.0505982144,5.70830223e-13,5.72118737e-06,1550,401,1579
2577,0.0688511878,0.843430187,4.50893995e-05,0.843430187,0,0.00317787723,0.0428336667,2.25894883e-13,1.22733644e-05,16250,401,2647
2578,0.788971245,0.978113348,6.87289019e-05,0.978113348,0,0.00380994757,0.0488522236,5.24851329e-13,5.85194575e-06,11750,401,1704
2579,0.646854639,0.923880293,6.38895002e-05,0.923880293,0,0.00360627098,0.0460857918,4.53540915e-13,7.98097555e-06,14200,401,1893
2580,0.460386276,0.871458412,7.28703791e-05,0.871458412,0,0.00327458375,0.0435717373,5.90010238e-13,1.19965524e-05,3500,401,1522
2581,0.229603961,0.84031203,0.00013259435,0.84031203,0,0.00317515847,0.0423553648,1.95347353e-12,7.84116856e-06,15400,401,345
2582,0.390559167,0.857853185,3.96080937e-05,0.857853185,0,0.00326007625,0.0429702414,1.74311232e-13,1.45029214e-05,13400,401,2785
2583,0.438674152,0.866857693,6.24164606e-05,0.866857693,0,0.00326594232,0.0433639643,4.32868284e-13,1.29864633e-05,8000,401,1952
2584,0.928308845,1.04220831,3.73469982e-05,1.04220831,0,0.0044275494,0.0521943313,1.54977586e-13,6.66836894e-06,13400,401,2902
2585,0.298887044,0.845417043,8.37907495e-05,0.845417043,0,0.00324030944,0.0424845429,7.80098856e-13,1.2688153e-05,16950,401,1081
2586,0.651186883,0.925359004,6.23035993e-05,0.925359004,0,0.00361327275,0.0461596017,4.31304276e-13,7.99473779e-06,14200,401,1955
2587,0.175506234,0.838993532,0.000138657127,0.838993532,0,0.00310998513,0.0423972788,2.13619986e-12,7.17224293e-06,15400,401,241
2588,0.28115052,0.843750646,9.84579846e-05,0.843750646,0,0.00322872431,0.0424317537,1.0771083e-12,1.15722767e-05,17650,401,675
2589,0.689771652,0.939022494,5.13963758e-05,0.939022494,0,0.0036745937,0.0468465014,2.93509717e-13,8.09823577e-06,14200,401,2407
2590,0.32553634,0.848377712,6.17415458e-05,0.848377712,0,0.00325156414,0.0425892025,4.23557609e-13,1.39245521e-05,16950,401,1978
2591,0.337988496,0.849947085,5.25007814e-05,0.849947085,0,0.00325474593,0.0426484607,3.06259117e-13,1.43186525e-05,16950,401,2351
2592,0.0192204285,0.848713532,0.000245374841,0.848713532,0,0.00364782955,0.043172287,6.68986807e-12,5.7215717e-06,,401,58
2593,0.854992926,1.00717739,7.38736229e-05,1.00717739,0,0.00399688086,0.0503643915,6.06368018e-13,5.50971932e-06,6550,401,1468
2594,0.240166366,0.84084471,0.000127176487,0.84084471,0,0.00318802772,0.0423616958,1.79709542e-12,8.61562087e-06,15400,401,411
2595,0.294376969,0.844970101,8.75490969e-05,0.844970101,0,0.00323770387,0.042469835,8.51649374e-13,1.24152609e-05,17650,401,949
2596,0.649305284,0.924715502,6.29528403e-05,0.924715502,0,0.00361023325,0.0461274679,4.40340011e-13,8.1439988e-06,14200,401,1932
2597,0.30719775,0.846281711,7.68222772e-05,0.846281711,0,0.00324455413,0.0425139233,6.55740252e-13,1.31123644e-05,16950,401,1267
2598,0.620362341,0.915086177,7.35981675e-05,0.915086177,0,0.00356302448,0.04564922,6.01854474e-13,7.82246265e-06,14200,401,1483
2599,0.640056551,0.921583062,6.64671385e-05,0.921583062,0,0.00359525906,0.0459713459,4.90875612e-13,7.95692529e-06,14200,401,1797
2600,0.96008724,1.05827697,5.4096634e-05,1.05827697,0,0.00468247603,0.0530359055,3.25160645e-13,5.68984411e-06,14800,401,2277
2601,0.829429805,0.995641099,7.57721453e-05,0.995641099,0,0.0039179344,0.0497621381,6.37935334e-13,5.20640044e-06,11600,401,1313
2602,0.153997421,0.839131925,0.000127877258,0.839131925,0,0.00307671976,0.0424491923,1.81695479e-12,8.5569209e-06,15400,401,406
2603,0.688854754,0.938687778,5.15833612e-05,0.938687778,0,0.00367318207,0.0468295736,2.9564924e-13,8.0941647e-06,14200,401,2398
2604,0.650370181,0.925079524,6.2596584e-05,0.925079524,0,0.00361195333,0.0461456429,4.35370258e-13,8.0385835e-06,14200,401,1944
2605,0.79609257,0.981133099,7.05358239e-05,0.981133099,0,0.00382643291,0.0490085966,5.52811383e-13,5.70520503e-06,11750,401,1630
2606,0.992882669,1.07541473,0.000122676461,1.07541473,0,0.00497366422,0.0539358365,1.67216824e-12,3.04450969e-06,18050,401,460
2607,0.383813143,0.856724291,3.81399085e-05,0.856724291,0,0.00325971697,0.042922542,1.61628069e-13,1.46167586e-05,13400,401,2846
2608,0.0571269393,0.84449356,8.0192296e-05,0.84449356,0,0.0032687194,0.0429056444,7.14533815e-13,1.16040775e-05,17750,401,1182
2609,0.457045436,0.870729049,7.12532367e-05,0.870729049,0,0.00327271981,0.0435385803,5.6411375e-13,1.21851813e-05,3900,401,1597
2610,0.444150448,0.867987024,6.52656656e-05,0.867987024,0,0.00326748552,0.0434146417,4.73289679e-13,1.2715351e-05,7700,401,1841
2611,0.0563818812,0.844565062,8.27739479e-05,0.844565062,0,0.00327491561,0.0429103902,7.61280717e-13,1.15529196e-05,17750,401,1111
2612,0.797087729,0.981557227,7.07194934e-05,0.981557227,0,0.0038288767,0.0490305697,5.55694083e-13,5.69878362e-06,11750,401,1620
2613,0.924667776,1.04040124,3.91165699e-05,1.04040124,0,0.00440000408,0.0520998407,1.70011782e-13,6.59330953e-06,13400,401,2805
2614,0.23288627,0.84046793,0.000130998791,0.84046793,0,0.00317919339,0.0423568191,1.90674257e-12,8.08434872e-06,15400,401,366
2615,0.381161451,0.856289596,3.78415223e-05,0.856289596,0,0.00325958016,0.0429043011,1.59108979e-13,1.45953983e-05,13400,401,2865
2616,0.520789683,0.88595998,8.94118198e-05,0.88595998,0,0.0033723668,0.0442421197,8.88274836e-13,9.16749571e-06,6100,401,858
2617,0.556328356,0.895627636,8.94541864e-05,0.895627636,0,0.00344659372,0.044701163,8.8911683e-13,7.98326087e-06,14200,401,855
2618,0.52748692,0.887718534,9.01021406e-05,0.887718534,0,0.00338669142,0.0443249105,9.0204397e-13,8.85806049e-06,8800,401,802
2619,0.14150998,0.839386828,0.000117176395,0.839386828,0,0.0030540426,0.0424886689,1.52558973e-12,9.55163895e-06,14400,401,513
2620,0.554907084,0.895224969,8.96445436e-05,0.895224969,0,0.00344373482,0.0446818625,8.92904911e-13,7.96811373e-06,14200,401,844
2621,0.0391281284,0.846348473,0.000150095001,0.846348473,0,0.00343236934,0.0430258299,2.5031677e-12,9.59026164e-06,,401,118
2622,0.123759568,0.839970566,9.59081268e-05,0.839970566,0,0.0030194574,0.0425564702,1.02204098e-12,1.08857578e-05,4200,401,695
2623,0.719109952,0.949997397,5.04986524e-05,0.949997397,0,0.00371695601,0.0474041853,2.83345989e-13,7.77657556e-06,14200,401,2472
2624,0.56503123,0.898119776,8.83942358e-05,0.898119776,0,0.00346382787,0.044820937,8.68171214e-13,7.77886244e-06,14200,401,913
2625,0.975178301,1.0660934,8.12272155e-05,1.0660934,0,0.0048128327,0.0534460829,7.33095615e-13,4.77248667e-06,10900,401,1151
2626,0.149762645,0.839203951,0.000124549225,0.839203951,0,0.00306928185,0.0424618115,1.72361217e-12,8.90693022e-06,15400,401,439
2627,0.319273502,0.847632837,6.67157188e-05,0.847632837,0,0.00324950326,0.0425618769,4.94554126e-13,1.36817804e-05,16950,401,1787
2628,0.832782388,0.997133901,7.58539981e-05,0.997133901,0,0.00392787076,0.0498399215,6.39314336e-13,5.18444674e-06,11100,401,1296
2629,0.0116226664,0.849702893,0.000286683878,0.849702893,0,0.00373977486,0.0432318862,9.13196063e-12,3.70527362e-06,,401,35
2630,0.676734686,0.934307295,5.42071066e-05,0.934307295,0,0.00365425829,0.0466084921,3.26490045e-13,8.1822615e-06,14200,401,2273
2631,0.674062669,0.933353156,5.50059533e-05,0.933353156,0,0.00365001452,0.0465604508,3.36183877e-13,8.02453822e-06,14200,401,2240
2632,0.0372869112,0.846553441,0.000158082101,0.846553441,0,0.00345076909,0.0430387837,2.77666118e-12,9.31416074e-06,,401,112
2633,0.214358345,0.839700792,0.000138253599,0.839700792,0,0.00315665682,0.0423545713,2.12378417e-12,7.02749198e-06,15400,401,253
2634,0.70983696,0.946474652,4.99439983e-05,0.946474652,0,0.00370419939,0.0472246312,2.77155885e-13,7.86163585e-06,14200,401,2540
2635,0.102362253,0.84102109,6.09485587e-05,0.84102109,0,0.00300386031,0.042654433,4.12747423e-13,1.20889093e-05,2000,401,2006
2636,0.41937831,0.863047418,5.22636392e-05,0.863047418,0,0.00326239522,0.0431948792,3.03498664e-13,1.3759887e-05,8000,401,2362
2637,0.234215528,0.840533573,0.000130384718,0.840533573,0,0.00318082705,0.0423575397,1.8889083e-12,8.16161773e-06,15400,401,373
2638,0.822423697,0.992541747,7.52890485e-05,0.992541747,0,0.00389751815,0.049600794,6.29826759e-13,5.27616586e-06,11750,401,1372
2639,0.395706147,0.858736652,4.14091292e-05,0.858736652,0,0.00326036501,0.0430078789,1.90523998e-13,1.4387629e-05,13400,401,2735
2640,0.915000379,1.03563694,4.48212488e-05,1.03563694,0,0.00432851363,0.0518508781,2.23216038e-13,6.60474401e-06,13400,401,2651
2641,0.821582198,0.992171097,7.51462652e-05,0.992171097,0,0.00389509769,0.0495815129,6.27440131e-13,5.30166624e-06,11750,401,1380
2642,0.37607035,0.85546981,3.74431884e-05,0.85546981,0,0.00325928878,0.0428701071,1.55776928e-13,1.46304277e-05,14050,401,2901
2643,0.372204334,0.854859989,3.76479659e-05,0.854859989,0,0.00325904262,0.0428448528,1.57485481e-13,1.46673706e-05,14050,401,2880
2644,0.923644006,1.0398945,3.95333648e-05,1.0398945,0,0.00439232169,0.0520733494,1.73654103e-13,6.72583252e-06,13400,401,2790
2645,0.843573093,1.00197992,7.54914861e-05,1.00197992,0,0.00396062232,0.0500927408,6.33218274e-13,5.33628768e-06,8800,401,1354
2646,0.420613587,0.86328339,5.29594669e-05,0.86328339,0,0.00326255544,0.0432052577,3.11633904e-13,1.3704747e-05,8000,401,2326
2647,0.487092614,0.877564897,8.27685559e-05,0.877564897,0,0.00330367455,0.0438515859,7.61181538e-13,1.06287066e-05,1800,401,1112
2648,0.955151558,1.05574654,4.73723546e-05,1.05574654,0,0.00464116244,0.0529032227,2.49348887e-13,5.9377869e-06,14050,401,2596
2649,0.479949325,0.875883865,8.04444846e-05,0.875883865,0,0.00329267976,0.0437742283,7.19035011e-13,1.10275306e-05,1750,401,1174
2650,0.9481318,1.05216972,4.01679395e-05,1.05216972,0,0.00458349648,0.0527157686,1.79273707e-13,6.21352356e-06,14050,401,2770
2651,0.789946377,0.978525102,6.88274139e-05,0.978525102,0,0.0038120904,0.0488735397,5.26356989e-13,5.85969588e-06,11750,401,1700
2652,0.0644759759,0.843813619,5.69569481e-05,0.843813619,0,0.00321030904,0.0428599427,3.60454882e-13,1.20767691e-05,17750,401,2158
2653,0.538218677,0.890597986,9.04609978e-05,0.890597986,0,0.00340939351,0.0444611762,9.09243569e-13,8.41854658e-06,14200,401,738
2654,0.98874712,1.07322241,0.000112234648,1.07322241,0,0.00493533639,0.0538205938,1.39962402e-12,3.51396497e-06,18050,401,559
2655,0.55450213,0.895110663,8.96132546e-05,0.895110663,0,0.00344291996,0.0446763864,8.92281711e-13,8.06989315e-06,14200,401,847
2656,0.504058719,0.881696561,8.70103623e-05,0.881696561,0,0.00333673265,0.0440428205,8.4120035e-13,9.82324584e-06,3450,401,970
2657,0.545882702,0.892700576,9.02295152e-05,0.892700576,0,0.00342534237,0.0445612058,9.04596157e-13,8.32344472e-06,14200,401,784
2658,0.652198374,0.92570598,6.19598064e-05,0.92570598,0,0.0036149081,0.0461769367,4.26557512e-13,7.96852682e-06,14200,401,1966
2659,0.719909012,0.950303503,5.06010003e-05,0.950303503,0,0.00371801727,0.0474198109,2.84495692e-13,7.68816769e-06,14200,401,2460
2660,0.0334354341,0.846991177,0.000175386402,0.846991177,0,0.00349025584,0.0430662678,3.41782109e-12,8.70338903e-06,,401,101
2661,0.758690774,0.965588466,5.94424653e-05,0.965588466,0,0.00376454168,0.048204527,3.92600742e-13,6.78334675e-06,14200,401,2062
2662,0.675976455,0.934036104,5.44571718e-05,0.934036104,0,0.00365305155,0.0465948336,3.29509284e-13,8.11598258e-06,14200,401,2262
2663,0.172805354,0.838990079,0.000137811008,0.838990079,0,0.00310621853,0.0424026815,2.11020821e-12,7.3043327e-06,15400,401,261
2664,0.661155343,0.928804058,5.88563843e-05,0.928804058,0,0.00362935618,0.0463319764,3.84897108e-13,8.01786827e-06,14200,401,2085
2665,0.567719281,0.89889939,8.79609184e-05,0.89889939,0,0.003469064,0.0448585161,8.59680352e-13,7.7433811e-06,14200,401,931
2666,0.513841093,0.884166715,8.86638525e-05,0.884166715,0,0.00335747763,0.0441580425,8.73475415e-13,9.37380669e-06,4250,401,898
2667,0.739123046,0.957769281,5.4054106e-05,0.957769281,0,0.00374221246,0.0478020456,3.24649597e-13,7.23921796e-06,14200,401,2280
2668,0.456900656,0.870697804,7.13191696e-05,0.870697804,0,0.0032726472,0.0435371621,5.65158217e-13,1.21620133e-05,3900,401,1595
2669,0.121127732,0.840079238,9.2241115e-05,0.840079238,0,0.00301448618,0.0425676634,9.45380367e-13,1.10588116e-05,4200,401,723
2670,0.593726456,0.906679029,8.21828615e-05,0.906679029,0,0.00351737782,0.0452361987,7.5044697e-13,7.65248589e-06,14200,401,1128
2671,0.34196043,0.850472378,4.98303141e-05,0.850472378,0,0.00325553446,0.042668741,2.75895578e-13,1.43814484e-05,16950,401,2545
2672,0.0674427748,0.843551845,4.85590343e-05,0.843551845,0,0.00318812384,0.0428420478,2.61997757e-13,1.22358851e-05,16250,401,2573
2673,0.497294247,0.880026039,8.54219733e-05,0.880026039,0,0.00332283765,0.0439652861,8.10768169e-13,1.01803699e-05,2100,401,1029
2674,0.217073068,0.83979587,0.00013747961,0.83979587,0,0.00315988145,0.0423539907,2.10007145e-12,7.17217403e-06,15400,401,267
2675,0.866492748,1.01248188,7.11406718e-05,1.01248188,0,0.0040363103,0.0506420489,5.62332798e-13,5.66409133e-06,1550,401,1603
2676,0.12346404,0.839982564,9.55750965e-05,0.839982564,0,0.00301888734,0.0425577177,1.01495545e-12,1.08829533e-05,4200,401,698
2677,0.511867106,0.883663033,8.83640143e-05,0.883663033,0,0.00335325593,0.0441344922,8.6757767e-13,9.4809788e-06,4250,401,916
2678,0.753172815,0.963361594,5.78979148e-05,0.963361594,0,0.00375835809,0.0480896963,3.72463171e-13,6.87351689e-06,14200,401,2123
2679,0.461607546,0.871726921,7.33104556e-05,0.871726921,0,0.00327532703,0.0435839618,5.97158101e-13,1.19438992e-05,3500,401,1498
2680,0.726060092,0.952670383,5.13444219e-05,0.952670383,0,0.00372607054,0.0475407594,2.92916629e-13,7.56345708e-06,14200,401,2411
2681,0.182584479,0.839030888,0.000140378652,0.839030888,0,0.00311935464,0.0423846378,2.18957398e-12,6.86102526e-06,15400,401,194
2682,0.169799194,0.838993344,0.000136589971,0.838993344,0,0.00310189266,0.0424090742,2.07298003e-12,7.47089942e-06,15400,401,283
2683,0.39010492,0.857776137,3.95115325e-05,0.857776137,0,0.00326005417,0.0429669713,1.73462356e-13,1.45007047e-05,13400,401,2791
2684,0.7915681,0.979211227,6.95904282e-05,0.979211227,0,0.00381573121,0.0489090643,5.38091966e-13,5.76338971e-06,11750,401,1668
2685,0.703626454,0.944143211,5.00034309e-05,0.944143211,0,0.00369531056,0.0471060782,2.778159e-13,7.9637195e-06,14200,401,2524
2686,0.881947041,1.01972267,6.50129449e-05,1.01972267,0,0.00410624697,0.0510207135,4.69631445e-13,6.06988835e-06,1650,401,1853
2687,0.94761914,1.05190927,3.9661363e-05,1.05190927,0,0.0045793353,0.0527021236,1.74780412e-13,6.33715983e-06,14050,401,2784
2688,0.505507469,0.88205845,8.71459633e-05,0.88205845,0,0.00333977589,0.0440596579,8.43824325e-13,9.73403003e-06,3500,401,963
2689,0.342885464,0.850596369,4.91871531e-05,0.850596369,0,0.00325570848,0.0426735569,2.68819559e-13,1.44059857e-05,16950,401,2559
2690,0.811284065,0.987668789,7.36465392e-05,0.987668789,0,0.00386613945,0.0493475323,6.02645859e-13,5.48033332e-06,11750,401,1481
2691,0.287035674,0.844276459,9.36369836e-05,0.844276459,0,0.00323297296,0.0424477701,9.74209411e-13,1.19493121e-05,17650,401,714
2692,0.626247704,0.917002748,7.15416252e-05,0.917002748,0,0.00357273719,0.0457439983,5.68689349e-13,7.79591631e-06,14200,401,1582
2693,0.37533322,0.855352568,3.7616429e-05,0.855352568,0,0.00325924114,0.0428652382,1.57221748e-13,1.46369764e-05,14050,401,2882
2694,0.45489499,0.870263772,7.02783249e-05,0.870263772,0,0.00327164709,0.0435174682,5.4878255e-13,1.22924529e-05,4350,401,1642
2695,0.518914104,0.885472734,8.9270259e-05,0.885472734,0,0.00336834203,0.0442192397,8.8546435e-13,9.13312851e-06,6100,401,864
2696,0.673868001,0.933283803,5.50158943e-05,0.933283803,0,0.00364970861,0.0465569603,3.36305403e-13,8.08773054e-06,14200,401,2239
2697,0.255587786,0.84178229,0.000117660584,0.84178229,0,0.00320549043,0.0423795467,1.53822367e-12,9.73378842e-06,17650,401,509
2698,0.91122067,1.03378785,4.75942068e-05,1.03378785,0,0.00430124832,0.0517543127,2.51689836e-13,6.66223984e-06,13400,401,2595
2699,0.499147892,0.880480761,8.60099106e-05,0.880480761,0,0.00332658589,0.0439863605,8.21967192e-13,1.00363546e-05,2250,401,1009
2700,0.413977534,0.862028454,4.94826371e-05,0.862028454,0,0.00326177488,0.043150223,2.72059042e-13,1.39461782e-05,11650,401,2552
2701,0.223310575,0.840036996,0.000135216094,0.840036996,0,0.00316742048,0.0423538445,2.03148802e-12,7.49962133e-06,15400,401,307
2702,0.668915033,0.931526837,5.63344701e-05,0.931526837,0,0.00364180665,0.046468611,3.52619168e-13,8.13713051e-06,14200,401,2182
2703,0.628519773,0.917748414,7.06465545e-05,0.917748414,0,0.00357646588,0.0457809309,5.54548407e-13,7.84115798e-06,14200,401,1621
2704,0.411824316,0.861628053,4.84732191e-05,0.861628053,0,0.00326156065,0.0431327472,2.61072552e-13,1.39738122e-05,12350,401,2576
2705,0.535898626,0.889969188,9.03356179e-05,0.889969188,0,0.00340452403,0.0444313472,9.06724874e-13,8.54696727e-06,14200,401,763
2706,0.508657038,0.882849701,8.77800887e-05,0.882849701,0,0.00334643221,0.0440965237,8.5614933e-13,9.66542383e-06,3850,401,940
2707,0.375704825,0.855411645,3.75270561e-05,0.855411645,0,0.00325926514,0.042867691,1.56475549e-13,1.46214344e-05,14050,401,2897
2708,0.420238286,0.863211587,5.27375905e-05,0.863211587,0,0.0032625087,0.0432020995,3.09028161e-13,1.36998698e-05,8000,401,2337
2709,0.408166468,0.860955392,4.67640088e-05,0.860955392,0,0.00326123614,0.0431034836,2.42985835e-13,1.4080891e-05,12650,401,2610
2710,0.0973011255,0.84132509,5.16068718e-05,0.84132509,0,0.00301833426,0.0426792279,2.95918802e-13,1.22870939e-05,3900,401,2396
2711,0.99861908,1.07846996,0.000138557125,1.07846996,0,0.00502761403,0.0540964935,2.13311966e-12,2.10808847e-06,18050,401,245
2712,0.561441958,0.897085974,8.89029131e-05,0.897085974,0,0.00345677666,0.0447711853,8.78191994e-13,7.81949924e-06,14200,401,887
2713,0.516587198,0.884871512,8.90983583e-05,0.884871512,0,0.00336335792,0.0441910441,8.82057495e-13,9.27512051e-06,6100,401,876
2714,0.038129475,0.846459333,0.000154378599,0.846459333,0,0.00344231078,0.0430328417,2.64808353e-12,9.43464073e-06,,401,115
2715,0.774824977,0.972198228,6.44012366e-05,0.972198228,0,0.00378437361,0.0485461065,4.60835475e-13,6.30871025e-06,14200,401,1876
2716,0.734489441,0.955949514,5.29038002e-05,0.955949514,0,0.00373663702,0.0477086815,3.10979119e-13,7.4205672e-06,14200,401,2330
2717,0.104700021,0.84088775,6.52473254e-05,0.84088775,0,0.00299982766,0.0426431637,4.73023719e-13,1.20056514e-05,1850,401,1842
2718,0.0185090173,0.848804141,0.00024903978,0.848804141,0,0.00365620928,0.0431777812,6.89120134e-12,5.56025284e-06,,401,56
2719,0.451695412,0.869577349,6.87695132e-05,0.869577349,0,0.00327021891,0.04348638,5.25471771e-13,1.24622492e-05,5450,401,1703
2720,0.740799546,0.958430711,5.4265136e-05,0.958430711,0,0.00374419731,0.0478360103,3.27189442e-13,7.29641662e-06,14200,401,2270
2721,0.187752575,0.839083971,0.000141035142,0.839083971,0,0.00312578852,0.0423767876,2.21010126e-12,6.72419424e-06,15400,401,161
2722,0.108176336,0.840697982,7.14045675e-05,0.840697982,0,0.00299761323,0.0426265846,5.66512473e-13,1.18428696e-05,1850,401,1589
2723,0.883788586,1.02059404,6.43215885e-05,1.02059404,0,0.00411713196,0.0510661547,4.59696306e-13,5.97957095e-06,1700,401,1878
2724,0.226033643,0.840151978,0.0001341189,0.840151978,0,0.00317075818,0.0423542902,1.99865325e-12,7.63802997e-06,15400,401,323
2725,0.397469997,0.859043989,4.20642651e-05,0.859043989,0,0.00326047143,0.043021033,1.96600267e-13,1.43664778e-05,13400,401,2718
2726,0.9634341,1.06000011,5.93120918e-05,1.06000011,0,0.00471086077,0.0531262864,3.9088047e-13,5.54465018e-06,14800,401,2069
2727,0.731935322,0.95495177,5.2438599e-05,0.95495177,0,0.00373350515,0.0476575442,3.05534073e-13,7.45208123e-06,14200,401,2354
2728,0.395640463,0.858725234,4.15074888e-05,0.858725234,0,0.00326036333,0.0430073907,1.9143018e-13,1.43933609e-05,13400,401,2732
2729,0.53234905,0.88901385,9.03926869e-05,0.88901385,0,0.00339701993,0.0443861036,9.07870871e-13,8.68512866e-06,8800,401,749
2730,0.937605619,1.04685427,3.56716993e-05,1.04685427,0,0.00449943158,0.0524374101,1.4138557e-13,6.47145079e-06,14050,401,2948
2731,0.678562224,0.93496209,5.3758756e-05,0.93496209,0,0.00365714801,0.0466414852,3.21111539e-13,8.08161638e-06,14200,401,2290
2732,0.440864146,0.867306799,6.35640222e-05,0.867306799,0,0.00326652843,0.0433840891,4.48931657e-13,1.29118872e-05,8000,401,1908
2733,0.58972764,0.905455144,8.32471651e-05,0.905455144,0,0.0035102185,0.0451764749,7.70010056e-13,7.74370183e-06,14200,401,1094
2734,0.755567789,0.964326066,5.84367935e-05,0.964326066,0,0.00376104177,0.048139412,3.7942876e-13,6.88421001e-06,14200,401,2103
2735,0.309614271,0.846543163,7.47228237e-05,0.846543163,0,0.00324565485,0.0425230229,6.20388932e-13,1.32430815e-05,16950,401,1416
2736,0.520524204,0.885890882,8.95119401e-05,0.885890882,0,0.00337179568,0.0442388739,8.90265269e-13,9.0983808e-06,6100,401,852
2737,0.481724948,0.876298488,8.10328283e-05,0.876298488,0,0.00329517164,0.0437932889,7.2959103e-13,1.09543961e-05,1800,401,1159
2738,0.682985306,0.936555532,5.27093234e-05,0.936555532,0,0.00366409349,0.046721853,3.08696975e-13,8.09767624e-06,14200,401,2340
2739,0.0724887997,0.843123507,3.70376155e-05,0.843123507,0,0.00315228193,0.0428123487,1.52420551e-13,1.24210132e-05,14500,401,2909
2740,0.473765314,0.874456469,7.8201601e-05,0.874456469,0,0.00328528413,0.043708708,6.79498932e-13,1.13876442e-05,1750,401,1232
2741,0.22851117,0.84026192,0.00013304685,0.84026192,0,0.00317381025,0.0423549758,1.96682937e-12,7.77821175e-06,15400,401,339
2742,0.354709148,0.852238514,4.27131597e-05,0.852238514,0,0.00325747644,0.0427383123,2.02712668e-13,1.45956093e-05,16300,401,2703
2743,0.194872916,0.839192822,0.00014131859,0.839192822,0,0.00313423848,0.0423678744,2.21899378e-12,6.62981379e-06,15400,401,131
2744,0.543430984,0.892023949,9.02813989e-05,0.892023949,0,0.0034202726,0.0445289692,9.05636775e-13,8.33933214e-06,14200,401,774
2745,0.0119437436,0.8496601,0.00028491986,0.8496601,0,0.00373577577,0.0432293258,9.01992515e-12,3.81225674e-06,,401,36
2746,0.569287896,0.899356465,8.7707463e-05,0.899356465,0,0.00347209555,0.0448805725,8.54733229e-13,7.79026364e-06,14200,401,942
2747,0.958122015,1.05726809,5.12762365e-05,1.05726809,0,0.00466594847,0.0529829973,2.92139159e-13,5.81670578e-06,14050,401,2416
2748,0.0841899812,0.842211685,3.07971072e-05,0.842211685,0,0.00307921857,0.042746969,1.05384645e-13,1.25311004e-05,10000,401,2978
2749,0.970153332,1.06347735,7.12088534e-05,1.06347735,0,0.00476874033,0.0533087491,5.634112e-13,5.12037182e-06,14800,401,1600
2750,0.232461125,0.84044723,0.000131236868,0.84044723,0,0.00317867131,0.0423566034,1.91367949e-12,8.08619935e-06,15400,401,364
2751,0.158572912,0.83907081,0.000130848956,0.83907081,0,0.00308443501,0.0424364505,1.90238324e-12,8.23783451e-06,15400,401,368
2752,0.839837074,1.00029488,7.56089416e-05,1.00029488,0,0.00394914682,0.050004778,6.35190228e-13,5.31924705e-06,8900,401,1339
2753,0.649719656,0.924857159,6.28977577e-05,0.924857159,0,0.00361090202,0.0461345397,4.39569769e-13,8.01928851e-06,14200,401,1933
2754,0.494969815,0.879458998,8.48726831e-05,0.879458998,0,0.0033182307,0.0439390357,8.00374705e-13,1.02745495e-05,2000,401,1048
2755,0.233142927,0.840480432,0.000130881924,0.840480432,0,0.00317951054,0.0423569483,1.903342e-12,8.1227331e-06,15400,401,367
2756,0.22472392,0.840096021,0.000134732611,0.840096021,0,0.00316915102,0.0423540415,2.01698628e-12,7.60079344e-06,15400,401,316
2757,0.333993077,0.849430628,5.53475204e-05,0.849430628,0,0.00325384532,0.0426287273,3.40372002e-13,1.41568225e-05,16950,401,2221
2758,0.0367615148,0.846612463,0.000160444115,0.846612463,0,0.00345607129,0.0430425033,2.86025712e-12,9.22828466e-06,,401,111
2759,0.698599398,0.942272393,5.05160639e-05,0.942272393,0,0.00368792011,0.0470111133,2.83541413e-13,7.96468686e-06,14200,401,2469
2760,0.477555901,0.875328216,7.95541052e-05,0.875328216,0,0.00328959384,0.0437487035,7.03206185e-13,1.11687448e-05,1750,401,1198
2761,0.576665401,0.901527134,8.63532422e-05,0.901527134,0,0.00348615369,0.0449855546,8.28542494e-13,7.73994425e-06,14200,401,999
2762,0.235219628,0.840584092,0.000129793744,0.840584092,0,0.00318204841,0.0423581356,1.87182399e-12,8.21407107e-06,15400,401,380
2763,0.684054911,0.936942606,5.25029976e-05,0.936942606,0,0.0036657541,0.0467413935,3.06284973e-13,8.1261518e-06,14200,401,2350
2764,0.634973288,0.91988352,6.83371411e-05,0.91988352,0,0.00358700269,0.0458868538,5.18884984e-13,7.90469229e-06,14200,401,1720
2765,0.446694374,0.868518827,6.65666543e-05,0.868518827,0,0.00326832043,0.0434385839,4.92346608e-13,1.25690558e-05,7200,401,1794
2766,0.906523287,1.03150022,5.06547195e-05,1.03150022,0,0.00426788279,0.0516348947,2.85100067e-13,6.34295007e-06,11550,401,2454
2767,0.0261685122,0.847850871,0.000209892602,0.847850871,0,0.0035684709,0.0431195776,4.89498936e-12,7.2939087e-06,,401,79
2768,0.638238311,0.920973295,6.70786343e-05,0.920973295,0,0.00359231377,0.0459410135,4.99949242e-13,7.95128494e-06,14200,401,1772
2769,0.920021534,1.03810552,4.1753745e-05,1.03810552,0,0.0043653431,0.0519798465,1.93708358e-13,6.59246135e-06,13400,401,2725
2770,0.813934028,0.988821859,7.41751127e-05,0.988821859,0,0.00387347259,0.0494074156,6.11327482e-13,5.46693188e-06,11750,401,1452
2771,0.113406971,0.84043142,8.0289521e-05,0.84043142,0,0.00300172497,0.0426021085,7.16267465e-13,1.15539015e-05,2200,401,1178
2772,0.446157873,0.868406347,6.60710564e-05,0.868406347,0,0.0032681405,0.043433516,4.85042722e-13,1.27133555e-05,7200,401,1811
2773,0.173561588,0.83899053,0.000138070458,0.83899053,0,0.00310728952,0.0424011406,2.11816126e-12,7.28212621e-06,15400,401,254
2774,0.243773878,0.84104706,0.000125181323,0.84104706,0,0.0031922936,0.0423649529,1.74115152e-12,8.8548264e-06,15400,401,435
2775,0.0327356979,0.847072138,0.000178628192,0.847072138,0,0.00349757419,0.0430713236,3.54533676e-12,8.57467672e-06,,401,99
2776,0.0263737869,0.847825881,0.000208934622,0.847825881,0,0.00356619836,0.04311804,4.85040848e-12,7.30933665e-06,,401,80
2777,0.367645979,0.854155018,3.83502973e-05,0.854155018,0,0.00325872571,0.0428158645,1.63416145e-13,1.46627224e-05,14050,401,2837
2778,0.176327184,0.83899585,0.000138849744,0.83899585,0,0.00311111346,0.042395704,2.14213903e-12,7.16305825e-06,15400,401,236
2779,0.921242833,1.03870777,4.11277995e-05,1.03870777,0,0.00437440264,0.0520113195,1.87943988e-13,6.60395196e-06,13400,401,2742
2780,0.943557024,1.04985246,3.72478131e-05,1.04985246,0,0.00454661126,0.052594387,1.54155509e-13,6.35581404e-06,14050,401,2906
2781,0.408910602,0.86109156,4.71276874e-05,0.86109156,0,0.0032612981,0.0431093977,2.4677988e-13,1.40342128e-05,12650,401,2602
2782,0.988270402,1.07297053,0.000111093465,1.07297053,0,0.00493094316,0.0538073551,1.37130645e-12,3.51086843e-06,18050,401,570
2783,0.529906332,0.888361171,9.01064137e-05,0.888361171,0,0.00339184566,0.0443552477,9.02129532e-13,8.75617298e-06,8800,401,799
2784,0.585422993,0.904148818,8.44015611e-05,0.904148818,0,0.00350240615,0.0451128503,7.91513725e-13,7.64060119e-06,14200,401,1059
2785,0.798880279,0.982322825,7.1244626e-05,0.982322825,0,0.00383334113,0.0490702388,5.63977414e-13,5.69911407e-06,11750,401,1599
2786,0.303471029,0.845887454,7.98824609e-05,0.845887454,0,0.0032427383,0.0425003863,7.09023062e-13,1.29255647e-05,16950,401,1189
2787,0.0484828949,0.845350758,0.000111754634,0.845350758,0,0.00334365796,0.0429619035,1.38767758e-12,1.08141376e-05,18100,401,564
2788,0.162061334,0.839035581,0.000132956135,0.839035581,0,0.00309008513,0.0424273461,1.96414821e-12,7.96443798e-06,15400,401,340
2789,0.89277786,1.02487317,5.93333403e-05,1.02487317,0,0.00417414621,0.0512892261,3.91160585e-13,6.36660941e-06,3500,401,2067
2790,0.521726072,0.886204116,8.95461908e-05,0.886204116,0,0.00337437228,0.0442535932,8.90946699e-13,9.06566019e-06,6300,401,849
2791,0.244482398,0.841088054,0.000124683699,0.841088054,0,0.00319312228,0.0423656602,1.7273361e-12,8.89824292e-06,15400,401,438
2792,0.988650143,1.07317127,0.000112125807,1.07317127,0,0.00493443426,0.053817906,1.39691074e-12,3.40559678e-06,18050,401,561
2793,0.394545704,0.858535802,4.09155388e-05,0.858535802,0,0.00326029967,0.0429992997,1.86009035e-13,1.43959743e-05,13400,401,2749
2794,0.235908091,0.840619152,0.000129491712,0.840619152,0,0.00318288945,0.0423585662,1.86312262e-12,8.2837443e-06,15400,401,384
2795,0.0739306286,0.843004938,3.4487961e-05,0.843004938,0,0.00314249151,0.0428040272,1.32157717e-13,1.24028893e-05,14200,401,2960
2796,0.355783373,0.852393045,4.21080371e-05,0.852393045,0,0.00325759912,0.0427444938,1.97009643e-13,1.46131551e-05,16300,401,2717
2797,0.599723876,0.908533731,8.04854258e-05,0.908533731,0,0.00352796255,0.0453269089,7.19767085e-13,7.63975441e-06,14200,401,1173
2798,0.322075188,0.847962386,6.44710152e-05,0.847962386,0,0.00325046961,0.0425738963,4.61834645e-13,1.38072996e-05,16950,401,1873
2799,0.403231263,0.860063196,4.45388461e-05,0.860063196,0,0.0032608556,0.0430648636,2.2041209e-13,1.42428123e-05,13150,401,2659
2800,0.762515366,0.967142232,6.07173998e-05,0.967142232,0,0.00376887817,0.0482847338,4.09622515e-13,6.62313996e-06,14200,401,2015
2801,0.41923517,0.863019975,5.23402905e-05,0.863019975,0,0.00326236928,0.0431936726,3.04389557e-13,1.37493575e-05,8000,401,2359
2802,0.429544419,0.865021956,5.76390018e-05,0.865021956,0,0.00326395549,0.0432821146,3.69139392e-13,1.33969028e-05,8000,401,2136
2803,0.500850201,0.88090052,8.6254692e-05,0.88090052,0,0.00333007146,0.0440058351,8.26652432e-13,9.99288823e-06,3450,401,1000
2804,0.313670248,0.846992068,7.12846761e-05,0.846992068,0,0.00324737478,0.0425388566,5.64611672e-13,1.34455677e-05,16950,401,1596
2805,0.445973098,0.868367351,6.61683781e-05,0.868367351,0,0.00326808028,0.0434317581,4.86472695e-13,1.26486131e-05,7200,401,1807
2806,0.762863755,0.967283972,6.07536496e-05,0.967283972,0,0.00376927711,0.0482920539,4.10111772e-13,6.59098574e-06,14200,401,2014
2807,0.186694726,0.83907135,0.000140874835,0.83907135,0,0.00312449454,0.042378301,2.2050799e-12,6.77964568e-06,15400,401,173
2808,0.179140538,0.839007678,0.000139666603,0.839007678,0,0.00311488381,0.042390518,2.16741778e-12,6.95517219e-06,15400,401,217
2809,0.254213721,0.84169108,0.000118533237,0.84169108,0,0.00320402656,0.0423775401,1.56112536e-12,9.62089141e-06,17650,401,500
2810,0.161081001,0.83904446,0.0001323921,0.83904446,0,0.00308851705,0.0424298507,1.9475187e-12,8.04585609e-06,15400,401,348
2811,0.652339637,0.925754435,6.19598064e-05,0.925754435,0,0.00361513543,0.0461793582,4.26557512e-13,7.99554026e-06,14200,401,1966
2812,0.531749964,0.888853312,9.03744459e-05,0.888853312,0,0.00339575439,0.0443785097,9.07504497e-13,8.64105339e-06,8800,401,753
2813,0.646362901,0.923713324,6.41799725e-05,0.923713324,0,0.00360547335,0.0460774644,4.57674318e-13,7.92293048e-06,14200,401,1887
2814,0.214145288,0.83969356,0.000138290821,0.83969356,0,0.0031564044,0.0423546293,2.12492791e-12,7.04633691e-06,15400,401,251
2815,0.699232996,0.942507241,5.02870638e-05,0.942507241,0,0.00368885378,0.0470230268,2.80976532e-13,8.00178677e-06,14200,401,2486
2816,0.436288327,0.866372305,6.12021366e-05,0.866372305,0,0.00326536333,0.0433422565,4.16189059e-13,1.31210877e-05,8000,401,1998
2817,0.347685784,0.851250471,4.63582196e-05,0.851250471,0,0.00325650753,0.0426991432,2.38787169e-13,1.44598714e-05,16950,401,2619
2818,0.775935233,0.972658401,6.46204765e-05,0.972658401,0,0.00378599774,0.0485699151,4.63978442e-13,6.28587589e-06,14200,401,1863
2819,0.903401494,1.02998638,5.27615131e-05,1.02998638,0,0.00424606751,0.051555897,3.09308585e-13,6.4613313e-06,7150,401,2336
2820,0.611802042,0.912336234,7.66080106e-05,0.912336234,0,0.00354869868,0.0455136166,6.52087477e-13,7.67866027e-06,14200,401,1271
2821,0.842531085,1.00150916,7.54828112e-05,1.00150916,0,0.00395741425,0.05006816,6.33072755e-13,5.34707006e-06,8900,401,1355
2822,0.87123096,1.01468844,6.95610417e-05,1.01468844,0,0.00405438169,0.0507575891,5.37637613e-13,5.81587142e-06,1550,401,1672
2823,0.778327942,0.97365275,6.54801515e-05,0.97365275,0,0.00378971329,0.0486213648,4.76405582e-13,6.22954646e-06,11750,401,1834
2824,0.263364732,0.842326692,0.000112173227,0.842326692,0,0.00321337318,0.0423924441,1.39809253e-12,1.03308102e-05,17650,401,560
2825,0.297145665,0.845242712,8.51827851e-05,0.845242712,0,0.00323933417,0.0424787655,8.06234098e-13,1.25916752e-05,17650,401,1035
2826,0.898410559,1.02757664,5.59375083e-05,1.02757664,0,0.00421179849,0.0514301941,3.47667204e-13,6.42688996e-06,5600,401,2201
2827,0.984113514,1.07077727,0.000100881112,1.07077727,0,0.00489293259,0.0536921008,1.13077765e-12,4.04433746e-06,18050,401,655
2828,0.153035983,0.839147041,0.000127147846,0.839147041,0,0.00307505602,0.0424519911,1.79628608e-12,8.62130522e-06,15400,401,413
2829,0.311632216,0.846764976,7.30319155e-05,0.846764976,0,0.00324653205,0.0425308152,5.92628964e-13,1.33466255e-05,16950,401,1512
2830,0.968102574,1.06241347,6.72618514e-05,1.06241347,0,0.00475094745,0.0532529138,5.02684073e-13,5.30779584e-06,14800,401,1765
2831,0.768098891,0.969425131,6.23531113e-05,0.969425131,0,0.00377547877,0.0484026893,4.31990055e-13,6.48219567e-06,14200,401,1954
2832,0.171509713,0.838990615,0.000137305833,0.838990615,0,0.00310437323,0.0424053896,2.09476574e-12,7.36658097e-06,15400,401,270
2833,0.21160236,0.839610263,0.000139042845,0.839610263,0,0.00315342593,0.042355474,2.14810141e-12,6.93743249e-06,15400,401,233
2834,0.778519928,0.973732508,6.54804842e-05,0.973732508,0,0.00379002378,0.0486254917,4.76410423e-13,6.26106325e-06,11750,401,1833
2835,0.249993593,0.841420324,0.000121347555,0.841420324,0,0.0031994065,0.0423718863,1.63613656e-12,9.3279871e-06,15400,401,474
2836,0.686760306,0.937924703,5.19689207e-05,0.937924703,0,0.00366996081,0.0467910004,3.00085413e-13,8.02487095e-06,14200,401,2379
2837,0.330337554,0.848968802,5.8070535e-05,0.848968802,0,0.00325293006,0.0426112689,3.74687448e-13,1.40389859e-05,16950,401,2116
2838,0.71205014,0.947310955,5.00085634e-05,0.947310955,0,0.0037072978,0.0472672119,2.77872935e-13,7.89318062e-06,14200,401,2523
2839,0.441168278,0.867369373,6.37387834e-05,0.867369373,0,0.00326661421,0.0433868956,4.51403612e-13,1.29074271e-05,8000,401,1903
2840,0.255761981,0.84179402,0.000117489906,0.84179402,0,0.00320567134,0.04237981,1.53376423e-12,9.76271885e-06,17650,401,511
2841,0.831893027,0.996737465,7.5799077e-05,0.996737465,0,0.00392522329,0.0498192598,6.38388897e-13,5.18429172e-06,11400,401,1306
2842,0.220218331,0.839913518,0.0001364248,0.839913518,0,0.00316366128,0.0423537103,2.06796955e-12,7.33381929e-06,15400,401,287
2843,0.0682058036,0.843485703,4.66211548e-05,0.843485703,0,0.00318254869,0.0428374971,2.41503564e-13,1.22644054e-05,16250,401,2612
2844,0.408407003,0.860999403,4.68963691e-05,0.860999403,0,0.00326125502,0.0431053946,2.4436327e-13,1.4086587e-05,12650,401,2607
2845,0.642215312,0.92230958,6.56529554e-05,0.92230958,0,0.0035987622,0.0460075109,4.78923395e-13,7.92500982e-06,14200,401,1826
2846,0.189465895,0.839106306,0.000141233197,0.839106306,0,0.00312786304,0.0423744383,2.21631287e-12,6.68075697e-06,15400,401,149
2847,0.911735356,1.03403912,4.72502264e-05,1.03403912,0,0.00430493822,0.0517674323,2.48064877e-13,6.62820173e-06,13400,401,2598
2848,0.735689938,0.956419727,5.32153347e-05,0.956419727,0,0.00373809498,0.0477327942,3.14652428e-13,7.3725204e-06,14200,401,2317
2849,0.564100385,0.897850936,8.84698593e-05,0.897850936,0,0.00346201324,0.0448079898,8.69657334e-13,7.86336041e-06,14200,401,908
2850,0.696153998,0.941367378,5.05435356e-05,0.941367378,0,0.00368426942,0.0469652276,2.83849888e-13,8.03675971e-06,14200,401,2466
2851,0.0857281238,0.842100166,3.24279474e-05,0.842100166,0,0.00307077325,0.0427387246,1.16841308e-13,1.25338385e-05,10000,401,2969
2852,0.83520335,0.998215924,7.5839745e-05,0.998215924,0,0.0039351126,0.0498963291,6.39074102e-13,5.28080266e-06,8900,401,1298
2853,0.211844429,0.839617935,0.000138828131,0.839617935,0,0.0031537087,0.04235538,2.14147221e-12,6.96213306e-06,15400,401,237
2854,0.43238163,0.865586118,5.91738226e-05,0.865586118,0,0.0032645106,0.0433071957,3.89060142e-13,1.32740542e-05,8000,401,2074
2855,0.09564735,0.841429015,4.8518547e-05,0.841429015,0,0.00302442117,0.0426874739,2.61561044e-13,1.23228574e-05,4800,401,2574
2856,0.292720765,0.844809977,8.89913528e-05,0.844809977,0,0.00323668678,0.0424646559,8.79940096e-13,1.23165558e-05,17650,401,884
2857,0.00540624326,0.850547895,0.000322598764,0.850547895,0,0.00381905964,0.0432821539,1.15633292e-11,1.8261009e-06,,401,17
2858,0.276342988,0.843341285,0.000102288962,0.843341285,0,0.00322494663,0.0424197824,1.16255909e-12,1.12835688e-05,17650,401,643
2859,0.265236944,0.842464916,0.000110747733,0.842464916,0,0.00321516772,0.0423959409,1.36278448e-12,1.04731291e-05,17650,401,572
2860,0.518136024,0.885271256,8.91389767e-05,0.885271256,0,0.00336667599,0.0442097865,8.82861907e-13,9.17825768e-06,6100,401,874
2861,0.360035509,0.853012516,4.04332843e-05,0.853012516,0,0.0032580605,0.0427693988,1.81650053e-13,1.46041746e-05,14800,401,2763
2862,0.826992333,0.994559803,7.56128709e-05,0.994559803,0,0.00391077201,0.0497058255,6.35256249e-13,5.24856534e-06,11750,401,1338
2863,0.0660589263,0.843673136,5.24037803e-05,0.843673136,0,0.0031983701,0.0428503597,3.05128466e-13,1.21729618e-05,17150,401,2355
2864,0.537061453,0.890283973,9.03487083e-05,0.890283973,0,0.00340696551,0.044446275,9.06987676e-13,8.51926643e-06,14200,401,760
2865,0.32344979,0.84812626,6.33841525e-05,0.84812626,0,0.00325091346,0.0425799157,4.46394532e-13,1.38497085e-05,16950,401,1914
2866,0.6581406,0.927755815,5.98850032e-05,0.927755815,0,0.00362449311,0.0462794673,3.98468178e-13,8.0627251e-06,14200,401,2046
2867,0.0843476877,0.842200095,3.1002711e-05,0.842200095,0,0.00307833957,0.0427461159,1.06796454e-13,1.25295879e-05,10000,401,2976
2868,0.88653487,1.02189664,6.29602346e-05,1.02189664,0,0.00413399744,0.0511340631,4.40443459e-13,6.1268126e-06,1800,401,1930
2869,0.4305363,0.865218628,5.81970321e-05,0.865218628,0,0.00326414354,0.0432908512,3.76321616e-13,1.33106577e-05,8000,401,2110
2870,0.170545459,0.838991785,0.000136892867,0.838991785,0,0.00310298607,0.0424074465,2.08218413e-12,7.4169921e-06,15400,401,278
2871,0.09316542,0.841589328,4.39908148e-05,0.841589328,0,0.00303454882,0.0427000047,2.15021309e-13,1.23813886e-05,7200,401,2670
2872,0.928431749,1.04226941,3.73247415e-05,1.04226941,0,0.00442848906,0.0521975261,1.54792925e-13,6.65701385e-06,13400,401,2903
2873,0.720853567,0.950665622,5.07024398e-05,0.950665622,0,0.00371928024,0.0474383004,2.85637489e-13,7.66928098e-06,14200,401,2452
2874,0.0811889544,0.842434733,2.90937874e-05,0.842434733,0,0.00309650971,0.0427632804,9.40498297e-14,1.25179918e-05,13000,401,2995
2875,0.732603908,0.95521242,5.25450574e-05,0.95521242,0,0.00373432279,0.0476708993,3.06775895e-13,7.45455433e-06,14200,401,2348
2876,0.0511501543,0.845079733,0.000101536594,0.845079733,0,0.00331981344,0.04294426,1.14551998e-12,1.10619521e-05,18100,401,648
2877,0.711595595,0.947138994,4.99955543e-05,0.947138994,0,0.00370666683,0.0472584535,2.77728384e-13,7.82167565e-06,14200,401,2527
2878,0.288125932,0.844376803,9.28395452e-05,0.844376803,0,0.00323371543,0.0424508996,9.57686794e-13,1.20552592e-05,17650,401,720
2879,0.761006713,0.966528288,6.01433022e-05,0.966528288,0,0.00376715597,0.0482530336,4.01912978e-13,6.68900452e-06,14200,401,2036
2880,0.753851533,0.963634534,5.78864295e-05,0.963634534,0,0.00375912276,0.0481037627,3.72315413e-13,6.91172623e-06,14200,401,2124
2881,0.458949238,0.871143761,7.21365756e-05,0.871143761,0,0.00327375111,0.0435574245,5.78187282e-13,1.20698869e-05,3500,401,1557
2882,0.225335822,0.840121926,0.000134478287,0.840121926,0,0.00316990196,0.0423541445,2.00937884e-12,7.59728115e-06,15400,401,318
2883,0.359869957,0.85298808,4.04636196e-05,0.85298808,0,0.00325803981,0.0427684118,1.81922724e-13,1.46001136e-05,14800,401,2762
2884,0.788500071,0.977914565,6.84826474e-05,0.977914565,0,0.00380892882,0.0488419334,5.21096999e-13,5.90922023e-06,11750,401,1714
2885,0.194042161,0.839177909,0.000141360305,0.839177909,0,0.00313327045,0.0423687973,2.22030397e-12,6.65171912e-06,15400,401,127
2886,0.823097169,0.992838458,7.53685005e-05,0.992838458,0,0.00389945417,0.0496162314,6.31156763e-13,5.20050701e-06,11750,401,1365
2887,0.591178238,0.905898062,8.28172975e-05,0.905898062,0,0.00351283396,0.0451980763,7.62078308e-13,7.71867619e-06,14200,401,1110
2888,0.423045695,0.863751171,5.43257433e-05,0.863751171,0,0.00326289068,0.0432258694,3.27920709e-13,1.35756561e-05,8000,401,2267
2889,0.638917208,0.921200851,6.68589332e-05,0.921200851,0,0.00359341153,0.0459523309,4.9667966e-13,7.93946858e-06,14200,401,1780
2890,0.723272741,0.951595166,5.08339049e-05,0.951595166,0,0.00372246781,0.0474857871,2.87120654e-13,7.66771292e-06,14200,401,2441
2891,0.85844934,1.00876393,7.33057779e-05,1.00876393,0,0.00400830563,0.0504474037,5.97081896e-13,5.56017361e-06,4800,401,1499
2892,0.303872645,0.845929442,7.96022517e-05,0.845929442,0,0.00324294002,0.042501818,7.04057609e-13,1.29786101e-05,16950,401,1197
2893,0.548821747,0.893516915,9.02028451e-05,0.893516915,0,0.00343138022,0.0446001584,9.04061474e-13,8.24032976e-06,14200,401,789
2894,0.802416265,0.983838199,7.19943184e-05,0.983838199,0,0.00384238598,0.0491487865,5.75909098e-13,5.59751585e-06,11750,401,1565
2895,0.329842627,0.848907052,5.84964342e-05,0.848907052,0,0.00325279422,0.0426089492,3.80203646e-13,1.40340045e-05,16950,401,2099
2896,0.167353407,0.839001303,0.00013569314,0.839001303,0,0.00309827393,0.04241456,2.0458476e-12,7.60915554e-06,15400,401,299
2897,0.594284296,0.906850743,8.20444786e-05,0.906850743,0,0.00351837451,0.0452445867,7.47921829e-13,7.58255274e-06,14200,401,1131
2898,0.907053649,1.03175769,5.04277537e-05,1.03175769,0,0.00427162479,0.0516483318,2.82550927e-13,6.53048941e-06,12350,401,2478
2899,0.97073704,1.06378039,7.22844517e-05,1.06378039,0,0.00477382774,0.0533246554,5.80560217e-13,5.07310682e-06,14800,401,1549
2900,0.187627316,0.839082461,0.000141013092,0.839082461,0,0.00312563954,0.0423769665,2.20941024e-12,6.74405165e-06,15400,401,163
2901,0.322482914,0.848010866,6.41877062e-05,0.848010866,0,0.00325059697,0.0425756748,4.57784625e-13,1.37773577e-05,16950,401,1886
2902,0.407738686,0.860877214,4.65807844e-05,0.860877214,0,0.00326119878,0.0431000893,2.41085497e-13,1.40846356e-05,12650,401,2614
2903,0.690528393,0.939299477,5.13464745e-05,0.939299477,0,0.00367575069,0.0468605137,2.92940049e-13,8.06133795e-06,14200,401,2410
2904,0.913504958,1.03490436,4.59545246e-05,1.03490436,0,0.00431768322,0.0518126147,2.34646481e-13,6.58310275e-06,13400,401,2628
2905,0.0267515015,0.847780253,0.00020712963,0.847780253,0,0.00356202034,0.0431152292,4.76696485e-12,7.43955681e-06,,401,81
2906,0.891379476,1.02420471,6.03872977e-05,1.02420471,0,0.00416498377,0.051254377,4.05180636e-13,6.22596492e-06,2200,401,2028
2907,0.0348687991,0.846826895,0.000168877338,0.846826895,0,0.00347539972,0.0430559801,3.16883947e-12,8.90633266e-06,,401,105
2908,0.562387645,0.897357695,8.87654609e-05,0.897357695,0,0.00345864233,0.0447842527,8.7547856e-13,7.86120676e-06,14200,401,894
2909,0.392729223,0.858223376,4.04674449e-05,0.858223376,0,0.00326019669,0.0429859808,1.81957122e-13,1.44311537e-05,13400,401,2760
2910,0.637627125,0.920768901,6.73031466e-05,0.920768901,0,0.00359131579,0.0459308507,5.03301505e-13,7.92982692e-06,14200,401,1763
2911,0.333110392,0.849318368,5.60292063e-05,0.849318368,0,0.00325363205,0.0426244691,3.48807995e-13,1.41164012e-05,16950,401,2197
2912,0.0747254118,0.842940426,3.32770931e-05,0.842940426,0,0.00313718769,0.0427994771,1.23040547e-13,1.24540449e-05,14200,401,2965
2913,0.173720986,0.838990698,0.000138046524,0.838990698,0,0.00310750689,0.0424008196,2.11742698e-12,7.26502683e-06,15400,401,256
2914,0.115193948,0.840345546,8.31891086e-05,0.840345546,0,0.00300427673,0.0425939367,7.68936421e-13,1.1416368e-05,3450,401,1096
2915,0.0885948241,0.84189791,3.63682133e-05,0.84189791,0,0.00305586235,0.0427235885,1.46960771e-13,1.24880181e-05,8900,401,2921
2916,0.324276417,0.84822544,6.27118498e-05,0.84822544,0,0.00325117145,0.0425835707,4.36975123e-13,1.38680344e-05,16950,401,1941
2917,0.957049131,1.05671786,4.97776161e-05,1.05671786,0,0.00465696536,0.052954148,2.75312341e-13,5.98381363e-06,14050,401,2548
2918,0.948888838,1.05255393,4.07679056e-05,1.05255393,0,0.00458965562,0.0527358992,1.84669126e-13,6.26574192e-06,14050,401,2752
2919,0.641731381,0.92214642,6.582736e-05,0.92214642,0,0.00359797342,0.0459993867,4.81471258e-13,8.00972271e-06,14200,401,1822
2920,0.328463912,0.848736009,5.94175072e-05,0.848736009,0,0.0032524149,0.0426025395,3.92271129e-13,1.39938679e-05,16950,401,2064
2921,0.889594257,1.02335291,6.12154288e-05,1.02335291,0,0.00415341381,0.0512099738,4.16369858e-13,6.29030716e-06,1950,401,1996
2922,0.807526767,0.986040268,7.29296203e-05,0.986040268,0,0.00385591527,0.0492630031,5.90969946e-13,5.52109628e-06,11750,401,1516
2923,0.496397763,0.879807057,8.52342734e-05,0.879807057,0,0.00332104551,0.0439551458,8.0720904e-13,1.02725877e-05,2050,401,1033
2924,0.895043314,1.02595865,5.80604204e-05,1.02595865,0,0.00418915128,0.05134582,3.74556935e-13,6.34370735e-06,3850,401,2117
2925,0.307882398,0.846355262,7.61362739e-05,0.846355262,0,0.00324487049,0.0425164727,6.44081356e-13,1.31735293e-05,16950,401,1281
2926,0.276739836,0.843374375,0.000101927221,0.843374375,0,0.00322527261,0.0424207312,1.15435094e-12,1.12649053e-05,17650,401,646
2927,0.0449809171,0.845715795,0.000125570628,0.845715795,0,0.00337593614,0.0429854684,1.75199808e-12,1.041495e-05,18100,401,429
2928,0.588490427,0.905078486,8.35855348e-05,0.905078486,0,0.00350799203,0.0451581166,7.76282403e-13,7.62833156e-06,14200,401,1085
2929,0.477953851,0.875420414,7.96767642e-05,0.875420414,0,0.00329008331,0.0437529377,7.05376307e-13,1.11423636e-05,1750,401,1194
2930,0.650012493,0.924957221,6.27588864e-05,0.924957221,0,0.003611383,0.0461395352,4.3763087e-13,8.0682012e-06,14200,401,1938
2931,0.720433891,0.950504467,5.06281337e-05,0.950504467,0,0.00371872023,0.0474300718,2.8480088e-13,7.63624452e-06,14200,401,2457
2932,0.964548528,1.06057545,6.10749864e-05,1.06057545,0,0.00472037669,0.0531564697,4.14461551e-13,5.53101152e-06,14800,401,2002
2933,0.932679534,1.04438673,3.60092596e-05,1.04438673,0,0.00446106749,0.0523082813,1.44074086e-13,6.59132045e-06,13400,401,2932
2934,0.964966595,1.06079102,6.18289496e-05,1.06079102,0,0.00472395491,0.0531677802,4.24757667e-13,5.49554047e-06,14800,401,1974
2935,0.84218359,1.00135224,7.56618991e-05,1.00135224,0,0.00395633489,0.0500599677,6.3608033e-13,5.29224287e-06,8900,401,1331
2936,0.77423048,0.971952269,6.43081917e-05,0.971952269,0,0.0037835279,0.048533382,4.59504835e-13,6.27569851e-06,14200,401,1879
2937,0.555335879,0.895346421,8.96512559e-05,0.895346421,0,0.0034446,0.044687682,8.93038631e-13,7.99507659e-06,14200,401,841
2938,0.243637174,0.841039201,0.000125245075,0.841039201,0,0.00319213494,0.0423648201,1.74292543e-12,8.81664462e-06,15400,401,434
2939,0.154490799,0.839124591,0.000128224267,0.839124591,0,0.00307757036,0.0424477786,1.82682918e-12,8.51472263e-06,15400,401,401
2940,0.00392572163,0.850753795,0.000331421691,0.850753795,0,0.00383848442,0.0432943206,1.22044819e-11,1.35914917e-06,,401,12
2941,0.918434858,1.03732389,4.2834989e-05,1.03732389,0,0.00435363502,0.0519390055,2.03870698e-13,6.59256635e-06,13400,401,2698
2942,0.710509777,0.946728586,4.99863756e-05,0.946728586,0,0.00370514499,0.047237557,2.77626416e-13,7.849183e-06,14200,401,2530
2943,0.284715682,0.844065864,9.55553274e-05,0.844065864,0,0.00323134213,0.0424412735,1.01453562e-12,1.18184533e-05,17650,401,699
2944,0.256761283,0.841861368,0.000116832475,0.841861368,0,0.00320672171,0.042381325,1.51664747e-12,9.84923097e-06,17650,401,517
2945,0.316412896,0.847302748,6.90560148e-05,0.847302748,0,0.00324845567,0.0425499594,5.29859243e-13,1.35506219e-05,16950,401,1692
2946,0.977228403,1.06716425,8.54793526e-05,1.06716425,0,0.00483101838,0.0535023155,8.11857748e-13,4.61438651e-06,10900,401,1026
2947,0.91394788,1.03512118,4.55451451e-05,1.03512118,0,0.00432088774,0.0518239396,2.30484471e-13,6.64595695e-06,13400,401,2634
2948,0.864537895,1.0115751,7.17670063e-05,1.0115751,0,0.00402927237,0.0505945659,5.72278132e-13,5.76996187e-06,1550,401,1574
2949,0.704654157,0.94452742,4.99545916e-05,0.94452742,0,0.00369679816,0.0471255996,2.7727347e-13,7.92300655e-06,14200,401,2533
2950,0.916252196,1.03625127,4.41338593e-05,1.03625127,0,0.00433764223,0.0518829678,2.16421948e-13,6.66240225e-06,13400,401,2667
2951,0.0924619064,0.841635618,4.27383026e-05,0.841635618,0,0.00303760878,0.0427035881,2.0295139e-13,1.24283042e-05,7700,401,2701
2952,0.0112660611,0.849750533,0.000288610538,0.849750533,0,0.00374422528,0.043234736,9.25511584e-12,3.61993069e-06,,401,34
2953,0.677987099,0.934755933,5.39776629e-05,0.934755933,0,0.00365623548,0.0466310955,3.2373201e-13,8.07383456e-06,14200,401,2283
2954,0.144145548,0.839322364,0.000119781205,0.839322364,0,0.00305901175,0.0424797693,1.59417078e-12,9.33333799e-06,15400,401,489
2955,0.624073148,0.91629218,7.23514834e-05,0.91629218,0,0.00356916317,0.0457088343,5.8163746e-13,7.80721456e-06,14200,401,1547
2956,0.987270296,1.07244173,0.000108787123,1.07244173,0,0.00492175715,0.0537795648,1.3149598e-12,3.49126638e-06,18050,401,590
2957,0.526025593,0.887332246,8.99536585e-05,0.887332246,0,0.00338356289,0.0443066958,8.99073408e-13,8.93557845e-06,6300,401,815
2958,0.290886104,0.844635077,9.04396173e-05,0.844635077,0,0.00323553092,0.0424590556,9.0881382e-13,1.22159836e-05,17650,401,742
2959,0.0491565466,0.845281752,0.000109152407,0.845281752,0,0.00333757628,0.0429574225,1.32380532e-12,1.08633026e-05,18100,401,586
2960,0.873122334,1.01557256,6.88148854e-05,1.01557256,0,0.00406216249,0.0508038696,5.26165383e-13,5.8427435e-06,1550,401,1701
2961,0.900150537,1.02841516,5.49607449e-05,1.02841516,0,0.00422365064,0.0514739303,3.35631498e-13,6.43815089e-06,5600,401,2241
2962,0.356139153,0.852444309,4.19973526e-05,0.852444309,0,0.00325764258,0.0427465455,1.95975292e-13,1.46220321e-05,16300,401,2720
2963,0.28663218,0.844239513,9.39459307e-05,0.844239513,0,0.0032326923,0.0424466222,9.80648655e-13,1.19312412e-05,17650,401,710
2964,0.10583324,0.840824701,6.72328673e-05,0.840824701,0,0.00299858519,0.0426377344,5.02250938e-13,1.19529218e-05,1850,401,1766
2965,0.102083385,0.841037188,6.05367848e-05,0.841037188,0,0.00300446324,0.042655779,4.07189147e-13,1.21227863e-05,2000,401,2021
2966,0.0176195092,0.848918007,0.000253760742,0.848918007,0,0.00366675329,0.0431846753,7.15494599e-12,5.34714025e-06,,401,53
2967,0.556690395,0.895730155,8.94615086e-05,0.895730155,0,0.00344732233,0.0447060787,8.89262392e-13,7.94514034e-06,14200,401,854
2968,0.201978847,0.839342465,0.000140788636,0.839342465,0,0.00314238336,0.0423611526,2.20238223e-12,6.68720811e-06,15400,401,176
2969,0.278073341,0.843486554,0.000100982147,0.843486554,0,0.00322634082,0.0424239763,1.13304378e-12,1.13930052e-05,17650,401,654
2970,0.233537674,0.840499836,0.00013065701,0.840499836,0,0.00317999281,0.0423571594,1.89680603e-12,8.10326609e-06,15400,401,369
2971,0.951568782,1.05391759,4.32882201e-05,1.05391759,0,0.00461157418,0.0528073571,2.08207778e-13,6.23840791e-06,14050,401,2687
2972,0.483716816,0.876766223,8.17395618e-05,0.876766223,0,0.00329815964,0.0438148067,7.42372885e-13,1.08483404e-05,1800,401,1139
2973,0.715393007,0.948579393,5.0137127e-05,0.948579393,0,0.00371191641,0.0473318487,2.793035e-13,7.80094112e-06,14200,401,2502
2974,0.71346432,0.947846706,5.00352326e-05,0.947846706,0,0.00370925877,0.0472945046,2.78169389e-13,7.85297238e-06,14200,401,2515
2975,0.0495395921,0.8452427,0.000107701424,0.8452427,0,0.00333413318,0.0429548838,1.28884409e-12,1.0929829e-05,18100,401,598
2976,0.221403465,0.83996001,0.000136019044,0.83996001,0,0.00316509978,0.0423537172,2.05568669e-12,7.33200083e-06,15400,401,293
2977,0.564616442,0.897999908,8.83612929e-05,0.897999908,0,0.00346301552,0.0448151635,8.67524231e-13,7.81121166e-06,14200,401,917
2978,0.925866663,1.04099543,3.84166732e-05,1.04099543,0,0.00440902592,0.0521309074,1.63982309e-13,6.55086028e-06,13400,401,2833
2979,0.210859582,0.839586898,0.00013922244,0.839586898,0,0.00315256466,0.0423557707,2.1536542e-12,6.92042747e-06,15400,401,229
2980,0.508947015,0.882922979,8.79600819e-05,0.882922979,0,0.00334704848,0.0440999412,8.59664e-13,9.55350789e-06,3850,401,932
2981,0.748198926,0.961368951,5.62712201e-05,0.961368951,0,0.0037527474,0.0479870791,3.51827801e-13,7.07719141e-06,14200,401,2186
2982,0.0455441214,0.845656422,0.000123406743,0.845656422,0,0.00337066991,0.0429816494,1.69213602e-12,1.04707423e-05,18100,401,453
2983,0.0766188726,0.842788636,3.08512709e-05,0.842788636,0,0.0031248032,0.042788718,1.05755657e-13,1.24820386e-05,14200,401,2977
2984,0.246283904,0.841193945,0.000123608254,0.841193945,0,0.00319520859,0.0423675485,1.69766672e-12,9.06496958e-06,15400,401,449
2985,0.445011497,0.868166476,6.55540345e-05,0.868166476,0,0.00326776659,0.0434227139,4.77481271e-13,1.27678393e-05,7250,401,1831
2986,0.783643723,0.975872595,6.70461355e-05,0.975872595,0,0.00379906012,0.0487362415,4.9946492e-13,6.04684586e-06,11750,401,1774
2987,0.997625351,1.07793941,0.000135469118,1.07793941,0,0.00501820088,0.0540685913,2.039098e-12,2.3838149e-06,18050,401,304
2988,0.519344389,0.885584204,8.92835503e-05,0.885584204,0,0.00336927089,0.0442244712,8.8572804e-13,9.22267923e-06,6100,401,862
2989,0.983683228,1.07055077,0.000100085792,1.07055077,0,0.00488902769,0.0536802003,1.11301842e-12,3.9557786e-06,18050,401,659
2990,0.776554883,0.972915559,6.50610636e-05,0.972915559,0,0.00378693391,0.0485832207,4.70326889e-13,6.22289524e-06,11750,401,1849
2991,0.353299081,0.852037224,4.33298922e-05,0.852037224,0,0.00325729644,0.0427302857,2.0860884e-13,1.452279e-05,16600,401,2685
2992,0.541463792,0.891483658,9.04091764e-05,0.891483658,0,0.00341617994,0.0445032586,9.08202131e-13,8.35477046e-06,14200,401,746
2993,0.0325206332,0.847097074,0.000179663354,0.847097074,0,0.00349983535,0.043072879,3.58654676e-12,8.53298858e-06,,401,98
2994,0.734016001,0.955764097,5.26603094e-05,0.955764097,0,0.00373605854,0.0476991756,3.08123132e-13,7.45914242e-06,14200,401,2343
2995,0.736957192,0.956917049,5.34840186e-05,0.956917049,0,0.0037396295,0.047758306,3.17837805e-13,7.31420902e-06,14200,401,2306
2996,0.688407242,0.938524401,5.16956187e-05,0.938524401,0,0.0036724995,0.0468213127,2.96937444e-13,8.10597223e-06,14200,401,2392
2997,0.327325046,0.848595845,6.03463104e-05,0.848595845,0,0.00325209002,0.0425973082,4.04630798e-13,1.40025163e-05,16950,401,2029
2998,0.701597452,0.943386243,5.02322365e-05,0.943386243,0,0.00369235092,0.0470676357,2.80364176e-13,7.94799798e-06,14200,401,2491
2999,0.436566502,0.866428691,6.13126851e-05,0.866428691,0,0.00326542553,0.0433447763,4.17693929e-13,1.30666046e-05,8000,401,1992
