epoch,loss,residual_loss,ic_loss,grad_norm,update_norm,lr,layer_1_grad_norm,layer_2_grad_norm,layer_3_grad_norm,layer_4_grad_norm
0,0.19527120888233185,0.19527120888233185,0.0,2.4701965295158335,0.101453498005867,0.001,0.6541675496753475,1.0978433578502238,0.9722141655330772,0.7700946507553333
10,0.04912445694208145,0.04912445694208145,0.0,0.46820389208578833,0.03581327944993973,0.00099955,0.11668751071312829,0.1740365760886923,0.16532402154365283,0.1250928146771417
20,0.03234377130866051,0.03234377130866051,0.0,0.33555586131722487,0.017403539270162582,0.0009991,0.10725010663779722,0.15461724858333145,0.14307850731197352,0.10426108035372032
30,0.017989404499530792,0.017989404499530792,0.0,0.26064801926635467,0.019236989319324493,0.00099865,0.057948694384252854,0.08494713550577221,0.08002489053397094,0.06542568408048505
40,0.007450052071362734,0.007450052071362734,0.0,0.13119185080601306,0.018712248653173447,0.0009982,0.038891164713751085,0.05433411178977077,0.0478280895426811,0.03795162843866701
50,0.0018148900708183646,0.0018148900708183646,0.0,0.05769223517297914,0.016109973192214966,0.00099775,0.014906019258137771,0.023110864141144834,0.017786799866559684,0.016585905391398797
60,0.0002349762071389705,0.0002349762071389705,0.0,0.024297527375697934,0.010717233642935753,0.0009973,0.004292321450863923,0.006076106277655549,0.00628677444363564,0.007191863839239834
70,0.00016149767907336354,0.00016149767907336354,0.0,0.019669371401962905,0.005721159279346466,0.00099685,0.008571552179536054,0.012235820319993863,0.007891712073266442,0.006160684709364268
80,0.00011510427430039272,0.00011510427430039272,0.0,0.018773026717008996,0.003433306934311986,0.0009964,0.006579955268684166,0.008725214218073226,0.00788326687759736,0.006357946331208948
90,4.929278657073155e-05,4.929278657073155e-05,0.0,0.00901816895995059,0.0027233329601585865,0.00099595,0.0027557068322219434,0.004190727305980855,0.003265190063232336,0.002859358303261204
100,2.4415681764367037e-05,2.4415681764367037e-05,0.0,0.003027618604331022,0.00196172040887177,0.0009955,0.0004096955164909611,0.000655391880293921,0.0007484586928778185,0.0007739734709000654
110,2.264100476168096e-05,2.264100476168096e-05,0.0,0.0028147112604263043,0.0007958508213050663,0.00099505,0.0008860942204593738,0.0013660941025222283,0.001170334320863796,0.000961428943492187
120,2.1325766283553094e-05,2.1325766283553094e-05,0.0,0.001940156644223464,0.0005522276624105871,0.0009946,0.0005125196527096055,0.000778339863377212,0.00073523624095255,0.0006532156969450467
130,1.977702231670264e-05,1.977702231670264e-05,0.0,0.0006383810360953445,0.00046920598833821714,0.00099415,0.0001799979942310401,0.0002464789789749805,0.00022121033519637923,0.00020192193997878595
140,1.9472261556074955e-05,1.9472261556074955e-05,0.0,0.0007700878238601081,0.00023992967908270657,0.0009937000000000001,0.00024225792949451698,0.0003229020773983544,0.00031640803289060036,0.00024986028215125513
150,1.9257560779806226e-05,1.9257560779806226e-05,0.0,0.0003941012810952472,0.0001934691536007449,0.00099325,0.00014317544985446084,0.00015933561312515544,0.00012699388192070004,0.00010831236999361496
160,1.9032664567930624e-05,1.9032664567930624e-05,0.0,0.00034910941768615493,0.00018460712453816086,0.0009928,0.00012946056809014182,0.0001618291077939261,0.00011839495738691219,9.51194939550339e-05
170,1.8837881725630723e-05,1.8837881725630723e-05,0.0,0.00021553890241532832,0.00017276228754781187,0.00099235,0.00011576577005623965,0.00011339804032767379,8.068038018430505e-05,4.294024084095815e-05
180,1.8654092855285853e-05,1.8654092855285853e-05,0.0,0.00024053247432517834,0.0001729110663291067,0.0009919,0.00011806791743663425,0.00010956100630560032,8.679774312704872e-05,5.0280395376943824e-05
190,1.8462074876879342e-05,1.8462074876879342e-05,0.0,0.00020601306368407302,0.00017674679111223668,0.00099145,0.00011559311649257736,0.00010463066557621279,7.65198465888767e-05,3.4817675198111766e-05
200,1.8269853171659634e-05,1.8269853171659634e-05,0.0,0.00020279919147433553,0.00017921760445460677,0.000991,0.00011531376982353086,0.00010564819040846786,7.604200237680921e-05,3.477277199873627e-05
210,1.807434637157712e-05,1.807434637157712e-05,0.0,0.00019978021350756977,0.00018312115571461618,0.00099055,0.00011450069326698815,0.00010423561964957631,7.511597171394323e-05,3.2879568343966184e-05
220,1.7875630874186754e-05,1.7875630874186754e-05,0.0,0.00019787803567369918,0.00018686123075895011,0.0009901,0.00011341901746158386,0.000103039864978666,7.457650525757e-05,3.206500858475753e-05
230,1.767417779774405e-05,1.767417779774405e-05,0.0,0.00019686939112937015,0.000190543316421099,0.0009896500000000001,0.00011239084440773907,0.0001024437221462432,7.426719604271598e-05,3.230027684911623e-05
240,1.7469928934588097e-05,1.7469928934588097e-05,0.0,0.0001950577683996811,0.0001941785158123821,0.0009892,0.00011156607158503877,0.000101958989125859,7.373587834495646e-05,3.2005628618725625e-05
250,1.7263135305256583e-05,1.7263135305256583e-05,0.0,0.00019378845065043653,0.0001976444764295593,0.00098875,0.00011079454160699425,0.00010141143090322851,7.318950723487398e-05,3.166481852496372e-05
260,1.7053958799806423e-05,1.7053958799806423e-05,0.0,0.00019272336684380656,0.00020096760999877006,0.0009883,0.00010989033251704533,0.00010079795739159407,7.266746169554548e-05,3.145860296202078e-05
270,1.6842550394358113e-05,1.6842550394358113e-05,0.0,0.00019146302952085243,0.00020419237262103707,0.00098785,0.0001090021275609465,0.00010020974954108574,7.22531169628889e-05,3.133339699099799e-05
280,1.6629022866254672e-05,1.6629022866254672e-05,0.0,0.00019012980994260423,0.00020735323778353631,0.0009874,0.0001081714570375694,9.960240224457352e-05,7.182351039153141e-05,3.109689373504514e-05
290,1.6413529010606e-05,1.6413529010606e-05,0.0,0.0001888893204814234,0.00021041481522843242,0.0009869500000000001,0.00010732983161850873,9.900187508404693e-05,7.138332487214801e-05,3.088737910834686e-05
300,1.619623799342662e-05,1.619623799342662e-05,0.0,0.00018766607390339378,0.000213382561923936,0.0009865,0.00010644587734083673,9.839903237721462e-05,7.091581125335192e-05,3.069257611217519e-05
310,1.5977253497112542e-05,1.5977253497112542e-05,0.0,0.0001863853330974671,0.00021625214139930904,0.00098605,0.00010559365730232271,9.782283993351442e-05,7.049097583215428e-05,3.0528904689084656e-05
320,1.5756701031932607e-05,1.5756701031932607e-05,0.0,0.00018511338653900695,0.0002190526865888387,0.0009856,0.000104698582850416,9.722599686908789e-05,7.002682708765784e-05,3.0347491568681752e-05
330,1.5534704289166257e-05,1.5534704289166257e-05,0.0,0.00018382888394822538,0.00022177201753947884,0.00098515,0.00010382752306979015,9.661074059368903e-05,6.955117266575277e-05,3.010748920677109e-05
340,1.5311386960092932e-05,1.5311386960092932e-05,0.0,0.00018255533602223623,0.00022441019245889038,0.0009847,0.00010294007315741815,9.602549685741428e-05,6.910618140552984e-05,2.9949684447560166e-05
350,1.5086838175193407e-05,1.5086838175193407e-05,0.0,0.00018127565390201592,0.0002269882388645783,0.0009842499999999999,0.0001020493532309065,9.542324344101424e-05,6.864003127687944e-05,2.9754180693459378e-05
360,1.486116525484249e-05,1.486116525484249e-05,0.0,0.00017997863099263213,0.00022948179685045034,0.0009838,0.00010119210814832693,9.483667477399936e-05,6.820345962308281e-05,2.9572875815301637e-05
370,1.4634483704867307e-05,1.4634483704867307e-05,0.0,0.0001786906213299906,0.00023190926003735512,0.00098335,0.00010028295936823512,9.422766689362654e-05,6.771856927699846e-05,2.9367342158493933e-05
380,1.440689175069565e-05,1.440689175069565e-05,0.0,0.00017740017522673493,0.00023426709230989218,0.0009829,9.941212725802578e-05,9.363924789180829e-05,6.727910747988977e-05,2.9197075304490374e-05
390,1.4178466699377168e-05,1.4178466699377168e-05,0.0,0.00017611086055876717,0.00023656419944018126,0.0009824500000000002,9.851200829163093e-05,9.30398768967638e-05,6.681453037276243e-05,2.9016484857639177e-05
400,1.3949313142802566e-05,1.3949313142802566e-05,0.0,0.00017480987882684224,0.00023879107902757823,0.000982,9.763034306311264e-05,9.244275441606203e-05,6.636202986079728e-05,2.8832310664214695e-05
410,1.3719543858314864e-05,1.3719543858314864e-05,0.0,0.0001734959635513413,0.00024094711989164352,0.00098155,9.676378553562228e-05,9.184480080916166e-05,6.590926609249279e-05,2.8634169987922346e-05
420,1.3489216144080274e-05,1.3489216144080274e-05,0.0,0.00017221705518261098,0.00024305566330440342,0.0009811,9.584554298791069e-05,9.125698863525643e-05,6.545198635686369e-05,2.8499265500749772e-05
430,1.3258441867947113e-05,1.3258441867947113e-05,0.0,0.00017087929939958263,0.00024508460774086416,0.00098065,9.497744385783176e-05,9.063598192613516e-05,6.496568603227047e-05,2.824458600380676e-05
440,1.3027301974943839e-05,1.3027301974943839e-05,0.0,0.0001695873497887188,0.00024705962277948856,0.0009802,9.409061865933604e-05,9.006084804732857e-05,6.4541252077213e-05,2.81321146961448e-05
450,1.2795885595551226e-05,1.2795885595551226e-05,0.0,0.0001682753558956618,0.000248973403358832,0.00097975,9.319474031622957e-05,8.945577997629208e-05,6.407278217892481e-05,2.7948576781378248e-05
460,1.2564278222271241e-05,1.2564278222271241e-05,0.0,0.0001669592674596804,0.0002508317702449858,0.0009793,9.230251718954205e-05,8.88479458832971e-05,6.360450296675079e-05,2.7762193018963463e-05
470,1.2332541700743604e-05,1.2332541700743604e-05,0.0,0.00016562440827308885,0.00025262581766583025,0.00097885,9.143878988131036e-05,8.825386038062933e-05,6.315523482305056e-05,2.758941343259419e-05
480,1.2100816093152389e-05,1.2100816093152389e-05,0.0,0.00016432050280672052,0.00025435438146814704,0.0009784000000000001,9.05297235202125e-05,8.765140158264347e-05,6.269289172777799e-05,2.7441394611885825e-05
490,1.1869105946971104e-05,1.1869105946971104e-05,0.0,0.00016297946060191978,0.000256026309216395,0.00097795,8.96513400643073e-05,8.704952790800888e-05,6.22274454009133e-05,2.7266849002025962e-05
500,1.1637588613666594e-05,1.1637588613666594e-05,0.0,0.0001616581660188188,0.0002576327824499458,0.0009775,8.876334426539372e-05,8.644858034877507e-05,6.17759910914422e-05,2.712264829391248e-05
510,1.140627955464879e-05,1.140627955464879e-05,0.0,0.00016030933838047666,0.0002591812808532268,0.00097705,8.786532338708051e-05,8.581649498176607e-05,6.128503953329453e-05,2.6912588278113684e-05
520,1.1175290637766011e-05,1.1175290637766011e-05,0.0,0.00015898279991384258,0.0002606633643154055,0.0009766,8.698008315269856e-05,8.521911944080893e-05,6.084282432271355e-05,2.6792803726623575e-05
530,1.094470644602552e-05,1.094470644602552e-05,0.0,0.00015760296067443368,0.0002620771119836718,0.00097615,8.61006243613513e-05,8.457912482609948e-05,6.0345193685629634e-05,2.6564008379745718e-05
540,1.0714613381423987e-05,1.0714613381423987e-05,0.0,0.00015626541675374108,0.0002634371630847454,0.0009757,8.519782664677058e-05,8.396634164243484e-05,5.988005622358416e-05,2.6433299162931823e-05
550,1.0485124221304432e-05,1.0485124221304432e-05,0.0,0.0001548882513699868,0.00026472238823771477,0.00097525,8.431107817064613e-05,8.334024829841045e-05,5.939579673899873e-05,2.6258493975220725e-05
560,1.0256274435960222e-05,1.0256274435960222e-05,0.0,0.00015350989417676334,0.00026594361406750977,0.0009748000000000001,8.34174962591831e-05,8.270494028384581e-05,5.890670456764559e-05,2.6083068489590946e-05
570,1.0028200449596625e-05,1.0028200449596625e-05,0.0,0.000152130448154277,0.0002670962712727487,0.00097435,8.253828376743292e-05,8.208345727559322e-05,5.844297729696923e-05,2.5947574089642243e-05
580,9.800994121178519e-06,9.800994121178519e-06,0.0,0.00015073794075992058,0.00026818198966793716,0.0009739,8.164550871937597e-05,8.144636658368079e-05,5.795014459198133e-05,2.578705251482081e-05
590,9.574730938766152e-06,9.574730938766152e-06,0.0,0.00014932084277205344,0.00026919302763417363,0.00097345,8.075729367054972e-05,8.079009715016162e-05,5.745375699335544e-05,2.5600501756070065e-05
600,9.34952186071314e-06,9.34952186071314e-06,0.0,0.00014792197370864265,0.0002701281337067485,0.000973,7.985115324003666e-05,8.013089144572433e-05,5.695498666089428e-05,2.5439352554571083e-05
610,9.12544783204794e-06,9.12544783204794e-06,0.0,0.00014648544656273828,0.0002709900727495551,0.0009725500000000001,7.897294348361647e-05,7.947369726554272e-05,5.6457854932234996e-05,2.526908538071486e-05
620,8.902638001018204e-06,8.902638001018204e-06,0.0,0.0001450768065815323,0.00027177875745110214,0.0009720999999999999,7.80395934098378e-05,7.879808150255288e-05,5.593934018366527e-05,2.5113507906690354e-05
630,8.681153303768951e-06,8.681153303768951e-06,0.0,0.00014362948995998482,0.0002724821970332414,0.00097165,7.714031077374213e-05,7.811645782251412e-05,5.5428267739112956e-05,2.494088949276376e-05
640,8.46111015562201e-06,8.46111015562201e-06,0.0,0.00014216122455485526,0.00027310303994454443,0.0009712,7.624798233987328e-05,7.743463507670076e-05,5.491739819355641e-05,2.47742739593853e-05
650,8.242634066846222e-06,8.242634066846222e-06,0.0,0.00014067656540882103,0.00027364183915778995,0.00097075,7.534319163781029e-05,7.67309566544118e-05,5.437767750204158e-05,2.4578023335518672e-05
660,8.025813258427661e-06,8.025813258427661e-06,0.0,0.0001391874552435564,0.0002740844793152064,0.0009703000000000001,7.444237750955723e-05,7.603057253702162e-05,5.3852810985682525e-05,2.4410713920138713e-05
670,7.810757779225241e-06,7.810757779225241e-06,0.0,0.00013769544427848197,0.0002744566008914262,0.00096985,7.3526696261778e-05,7.531522722423374e-05,5.3317801952044944e-05,2.4242170835776497e-05
680,7.597554940730333e-06,7.597554940730333e-06,0.0,0.0001361818825379652,0.0002747249964158982,0.0009694,7.26065925720732e-05,7.458961362832853e-05,5.277462239259788e-05,2.406830924783297e-05
690,7.3863457146217115e-06,7.3863457146217115e-06,0.0,0.00013465589400093135,0.0002749026461970061,0.00096895,7.169414315881745e-05,7.386080982140401e-05,5.2229330979706185e-05,2.390097366364247e-05
700,7.177206498454325e-06,7.177206498454325e-06,0.0,0.00013309230279168487,0.0002749865816440433,0.0009685000000000001,7.078025215501419e-05,7.310658509558628e-05,5.164942380516311e-05,2.3686137482903822e-05
710,6.9702896325907204e-06,6.9702896325907204e-06,0.0,0.0001315603150482113,0.00027497074916027486,0.00096805,6.98403197851279e-05,7.235760837885165e-05,5.110251285962265e-05,2.3542133487507488e-05
720,6.765659691154724e-06,6.765659691154724e-06,0.0,0.00012997406520573611,0.0002748549450188875,0.0009676,6.891956037305422e-05,7.15878738093183e-05,5.052604296491309e-05,2.3345981465454052e-05
730,6.5634449128992856e-06,6.5634449128992856e-06,0.0,0.00012836616640472305,0.0002746249665506184,0.00096715,6.798011646485211e-05,7.079116214188922e-05,4.9917092931483747e-05,2.3115899087791605e-05
740,6.363770353345899e-06,6.363770353345899e-06,0.0,0.00012675068821509482,0.0002743020304478705,0.0009667,6.705053962124351e-05,7.000349208117159e-05,4.932580568748185e-05,2.2922580303274263e-05
750,6.166709226818057e-06,6.166709226818057e-06,0.0,0.00012514883566232994,0.0002738752809818834,0.0009662500000000001,6.609261512982096e-05,6.919513326633069e-05,4.873763911267867e-05,2.2743532789822947e-05
760,5.9723884078266565e-06,5.9723884078266565e-06,0.0,0.00012349201093040074,0.00027332635363563895,0.0009658000000000001,6.516510009607844e-05,6.837947553127854e-05,4.813324411402459e-05,2.25341353658668e-05
770,5.7809338613878936e-06,5.7809338613878936e-06,0.0,0.00012181526817732763,0.00027266715187579393,0.00096535,6.423519865626141e-05,6.755439085314172e-05,4.751372584449029e-05,2.231773879588456e-05
780,5.5924356274772435e-06,5.5924356274772435e-06,0.0,0.00012014261510199534,0.00027189834509044886,0.0009649,6.328196321492609e-05,6.671987894122149e-05,4.6885944277987226e-05,2.2115785682233754e-05
790,5.406976470112568e-06,5.406976470112568e-06,0.0,0.000118468605697745,0.0002710137632675469,0.00096445,6.231270799941509e-05,6.585907667389463e-05,4.626519237014984e-05,2.1912969458994608e-05
800,5.224694632488536e-06,5.224694632488536e-06,0.0,0.00011676048916713837,0.0002700136392377317,0.000964,6.133552176425643e-05,6.4974807700713e-05,4.560701402208614e-05,2.166789218975923e-05
810,5.045646958024008e-06,5.045646958024008e-06,0.0,0.00011501466878210338,0.00026888144202530384,0.0009635500000000001,6.038748844533622e-05,6.409732019306348e-05,4.495615136043963e-05,2.1430657754245943e-05
820,4.8699434955779e-06,4.8699434955779e-06,0.0,0.00011325643752164279,0.00026763734058476985,0.0009630999999999999,5.943971592041145e-05,6.321223976911146e-05,4.428882811186136e-05,2.118832796831893e-05
830,4.697702479461441e-06,4.697702479461441e-06,0.0,0.00011149914570512533,0.00026627685292623937,0.00096265,5.8472012221695896e-05,6.23101779397345e-05,4.362306731763622e-05,2.0952570655367295e-05
840,4.528962108452106e-06,4.528962108452106e-06,0.0,0.000109752778823559,0.0002647984365466982,0.0009622,5.748164408333874e-05,6.13910335689332e-05,4.296639820698649e-05,2.0733218870358618e-05
850,4.363837433629669e-06,4.363837433629669e-06,0.0,0.00010797091859453679,0.00026318582240492105,0.00096175,5.650857673468145e-05,6.0470716908131034e-05,4.227968623707849e-05,2.0490311050188236e-05
860,4.202384843665641e-06,4.202384843665641e-06,0.0,0.00010618012945461999,0.0002614635741338134,0.0009613000000000001,5.5536381881774444e-05,5.954206056963354e-05,4.159449023038138e-05,2.02506876566354e-05
870,4.044670276925899e-06,4.044670276925899e-06,0.0,0.00010435408671799269,0.0002596028207335621,0.00096085,5.456284762389948e-05,5.8590170146781016e-05,4.089400736249837e-05,1.997582915642467e-05
880,3.8907737689442e-06,3.8907737689442e-06,0.0,0.0001025191115632703,0.00025763342273421586,0.0009604,5.360085837479615e-05,5.763727350869932e-05,4.019455030853121e-05,1.970637723070386e-05
890,3.740752845260431e-06,3.740752845260431e-06,0.0,0.00010069149699703175,0.0002555378887336701,0.00095995,5.261366007985793e-05,5.667275401233412e-05,3.9480646970604695e-05,1.94388496336292e-05
900,3.594650252125575e-06,3.594650252125575e-06,0.0,9.885552738037365e-05,0.00025333225494250655,0.0009595000000000001,5.1645599638819065e-05,5.571363831129391e-05,3.877928073071447e-05,1.9187528540303918e-05
910,3.452489863775554e-06,3.452489863775554e-06,0.0,9.70291147844684e-05,0.0002510005724616349,0.00095905,5.065153255575256e-05,5.473251477837084e-05,3.8071126888624725e-05,1.8928755382592566e-05
920,3.3143494420073694e-06,3.3143494420073694e-06,0.0,9.517383115589298e-05,0.0002485566074028611,0.0009586,4.9660229606797634e-05,5.3736771126512e-05,3.733872719825944e-05,1.8632436327272324e-05
930,3.180232170052477e-06,3.180232170052477e-06,0.0,9.333251418857549e-05,0.00024599593598395586,0.0009581500000000001,4.8663286792900414e-05,5.2734744196426794e-05,3.661021530521943e-05,1.834579034686917e-05
940,3.050151235584053e-06,3.050151235584053e-06,0.0,9.146677602819145e-05,0.00024332238535862416,0.0009577,4.769325626567453e-05,5.174288919896426e-05,3.588510558546493e-05,1.806039332313375e-05
950,2.9241393804113613e-06,2.9241393804113613e-06,0.0,8.96097552632434e-05,0.00024053770175669342,0.0009572500000000001,4.6703013453791056e-05,5.073057379917559e-05,3.514549826870329e-05,1.775469760705042e-05
960,2.8021818252454977e-06,2.8021818252454977e-06,0.0,8.774623293465831e-05,0.00023765202786307782,0.0009568000000000001,4.5751221847670676e-05,4.9743852549132475e-05,3.4425683183821774e-05,1.7478761958511556e-05
970,2.6842919851333136e-06,2.6842919851333136e-06,0.0,8.591111916374026e-05,0.00023466828861273825,0.00095635,4.47672424018993e-05,4.873555929250642e-05,3.371083673313415e-05,1.7202688764457495e-05
980,2.5704450763441855e-06,2.5704450763441855e-06,0.0,8.403994039883477e-05,0.00023159118427429348,0.0009559,4.379723279796032e-05,4.7714418625986494e-05,3.295287777984783e-05,1.6861806296443566e-05
990,2.4606317765574204e-06,2.4606317765574204e-06,0.0,8.219082413448595e-05,0.00022841215832158923,0.00095545,4.283202510860786e-05,4.6703206006418734e-05,3.222135871823864e-05,1.65528176005379e-05
1000,2.3548188892164035e-06,2.3548188892164035e-06,0.0,8.035424196901431e-05,0.00022514590818900615,0.000955,4.1893567256063574e-05,4.57142174234877e-05,3.1512293831121746e-05,1.6276908986969622e-05
1010,2.2529645775648532e-06,2.2529645775648532e-06,0.0,7.853981748559244e-05,0.00022180478845257312,0.0009545500000000001,4.0943363950367616e-05,4.471819605719201e-05,3.080176891473771e-05,1.5996973456680848e-05
1020,2.155031097572646e-06,2.155031097572646e-06,0.0,7.671037331675779e-05,0.00021837915119249374,0.0009540999999999999,3.999406429677608e-05,4.37056976579699e-05,3.0060601692566197e-05,1.566078545403173e-05
1030,2.0609791135939304e-06,2.0609791135939304e-06,0.0,7.489073344383106e-05,0.00021487737831193954,0.00095365,3.907361223550513e-05,4.271498495351643e-05,2.935197053240267e-05,1.5352945943995577e-05
1040,1.9707304090843536e-06,1.9707304090843536e-06,0.0,7.309455964046975e-05,0.00021130716777406633,0.0009532000000000001,3.81625996675729e-05,4.1735606833464364e-05,2.8645279108847878e-05,1.5055070212446524e-05
1050,1.8842373492589104e-06,1.8842373492589104e-06,0.0,7.131793091909201e-05,0.0002076809760183096,0.00095275,3.722553738165292e-05,4.073251968872902e-05,2.7920923296759493e-05,1.4716944974472868e-05
1060,1.8014220586337615e-06,1.8014220586337615e-06,0.0,6.955738705802196e-05,0.00020399660570546985,0.0009523000000000001,3.633244287847181e-05,3.976647568534114e-05,2.7225659158418912e-05,1.4419126742676635e-05
1070,1.7222113228854141e-06,1.7222113228854141e-06,0.0,6.782837305674549e-05,0.00020027620485052466,0.00095185,3.54197357410223e-05,3.878923528641921e-05,2.653932053275992e-05,1.4114307889978015e-05
1080,1.6465270391563536e-06,1.6465270391563536e-06,0.0,6.610228743907665e-05,0.00019650532340165228,0.0009514,3.454233962672075e-05,3.783401892662037e-05,2.5858108072257935e-05,1.3807030019805914e-05
1090,1.5742886034786352e-06,1.5742886034786352e-06,0.0,6.439447426901805e-05,0.00019269282347522676,0.00095095,3.367007967876396e-05,3.688102267638814e-05,2.517492089914385e-05,1.348323884117252e-05
1100,1.5053935840114718e-06,1.5053935840114718e-06,0.0,6.27313587401788e-05,0.00018886088219005615,0.0009505000000000001,3.278471861004298e-05,3.5925355356659665e-05,2.4500592823242277e-05,1.31642039723629e-05
1110,1.4397492122952826e-06,1.4397492122952826e-06,0.0,6.106256783553847e-05,0.0001849872642196715,0.0009500499999999999,3.196902880790804e-05,3.5020336411662816e-05,2.3850159205729875e-05,1.286944600991662e-05
1120,1.3772845477433293e-06,1.3772845477433293e-06,0.0,5.9434932024108736e-05,0.00018110366363544017,0.0009496,3.115236630887261e-05,3.412369492270746e-05,2.3218158614307842e-05,1.2591045849302088e-05
1130,1.3178648714529118e-06,1.3178648714529118e-06,0.0,5.78449608957318e-05,0.00017722698976285756,0.0009491500000000001,3.0290862065910972e-05,3.318808586049889e-05,2.256453077410903e-05,1.2249089863518313e-05
1140,1.2614159459189977e-06,1.2614159459189977e-06,0.0,5.626505296340852e-05,0.00017332281277049333,0.0009487,2.9501921843651667e-05,3.231529217616288e-05,2.1943403123285932e-05,1.1960676729937757e-05
1150,1.2078224926881376e-06,1.2078224926881376e-06,0.0,5.4722357881755e-05,0.0001694337697699666,0.0009482500000000001,2.8693310892433326e-05,3.142992785647406e-05,2.132613745604613e-05,1.1649294887685188e-05
1160,1.1569899243113468e-06,1.1569899243113468e-06,0.0,5.323201493401934e-05,0.00016555405454710126,0.0009477999999999999,2.7897264157184578e-05,3.0563761880677394e-05,2.0736526536064016e-05,1.1372882980674961e-05
1170,1.108804553950904e-06,1.108804553950904e-06,0.0,5.172786234773171e-05,0.00016167707508429885,0.00094735,2.7168797291858475e-05,2.974852534396061e-05,2.0164161223299538e-05,1.110490480097236e-05
1180,1.0631671329974779e-06,1.0631671329974779e-06,0.0,5.026400901411504e-05,0.00015782282571308315,0.0009469,2.6433517566841313e-05,2.8932220975699348e-05,1.9591349494174486e-05,1.0824375061419109e-05
1190,1.019982391881058e-06,1.019982391881058e-06,0.0,4.884482688386859e-05,0.00015398458344861865,0.00094645,2.565827761329147e-05,2.8077372360196858e-05,1.8976839396315557e-05,1.0458599088230087e-05
1200,9.791295951799839e-07,9.791295951799839e-07,0.0,4.743547521739387e-05,0.00015017368423286825,0.000946,2.4972057758693208e-05,2.7309773636988384e-05,1.84394042735207e-05,1.0204443948784365e-05
1210,9.405284799868241e-07,9.405284799868241e-07,0.0,4.608650519883762e-05,0.00014641054440289736,0.00094555,2.4251259871844776e-05,2.651983482506801e-05,1.7910807570590488e-05,9.936531903848047e-06
1220,9.040610962074425e-07,9.040610962074425e-07,0.0,4.474905464742424e-05,0.00014267498045228422,0.0009451,2.357001387365004e-05,2.5761765555740037e-05,1.7381171384550095e-05,9.657345384633699e-06
1230,8.69641269218846e-07,8.69641269218846e-07,0.0,4.3447557755603746e-05,0.00013897773169446737,0.00094465,2.2889599936343247e-05,2.501118957820965e-05,1.687086378805664e-05,9.382934014990195e-06
1240,8.371636113224667e-07,8.371636113224667e-07,0.0,4.217096319201185e-05,0.00013532837328966707,0.0009442000000000001,2.2252167745692973e-05,2.429718410124517e-05,1.636853387715167e-05,9.127149394465322e-06
1250,8.065492238529259e-07,8.065492238529259e-07,0.0,4.093446187920289e-05,0.0001317307905992493,0.00094375,2.1593200396073963e-05,2.3573151915305828e-05,1.5881020464414122e-05,8.851618214565053e-06
1260,7.776882853249845e-07,7.776882853249845e-07,0.0,3.972923398482398e-05,0.00012819170660804957,0.0009433,2.0959017572319004e-05,2.287152407648751e-05,1.5405131672682244e-05,8.59106624986335e-06
1270,7.505033750021539e-07,7.505033750021539e-07,0.0,3.8539882576144896e-05,0.00012469665671233088,0.00094285,2.0373303731708912e-05,2.2217696301399196e-05,1.4955267334930002e-05,8.365726838856887e-06
1280,7.249130362652068e-07,7.249130362652068e-07,0.0,3.740487282016306e-05,0.00012125453940825537,0.0009424,1.9742406415503876e-05,2.1524522317175292e-05,1.4468010318083862e-05,8.052082917802995e-06
1290,7.008210900494305e-07,7.008210900494305e-07,0.0,3.627553768317489e-05,0.00011788168194470927,0.00094195,1.918107732275842e-05,2.0898067760166028e-05,1.4054469217432093e-05,7.854208094769204e-06
1300,6.781634169783501e-07,6.781634169783501e-07,0.0,3.5193852565820764e-05,0.00011456223001005128,0.0009415000000000001,1.8588242232685616e-05,2.0248872902025317e-05,1.3608966282440128e-05,7.574471176550182e-06
1310,6.568533876816218e-07,6.568533876816218e-07,0.0,3.411536366100581e-05,0.00011130913480883464,0.0009410499999999999,1.808055513840577e-05,1.9676948797713064e-05,1.3225287923852239e-05,7.409683642243511e-06
1320,6.368209142237902e-07,6.368209142237902e-07,0.0,3.310918246688306e-05,0.00010813592962222174,0.0009406,1.747887152741119e-05,1.9026152788704327e-05,1.2823645097436033e-05,7.147981029414705e-06
1330,6.179964771035884e-07,6.179964771035884e-07,0.0,3.208335028665091e-05,0.00010499308700673282,0.0009401500000000001,1.699902743437748e-05,1.8484325877919472e-05,1.2394045861697226e-05,6.903653213174819e-06
1340,6.003136832077871e-07,6.003136832077871e-07,0.0,3.111457862852263e-05,0.00010195265349466354,0.0009397,1.644851889469102e-05,1.7888020117044887e-05,1.2055333534395024e-05,6.7168649903818605e-06
1350,5.837064236402512e-07,5.837064236402512e-07,0.0,3.0152876678387158e-05,9.895703260554001e-05,0.0009392500000000001,1.5956109377742745e-05,1.7341594062808127e-05,1.1657993480111946e-05,6.473380901607624e-06
1360,5.681134780388675e-07,5.681134780388675e-07,0.0,2.9220869884175845e-05,9.602926729712635e-05,0.0009387999999999999,1.5477496738494143e-05,1.681307582453791e-05,1.1315402945377166e-05,6.29425444595998e-06
1370,5.534774345505866e-07,5.534774345505866e-07,0.0,2.8342503596320438e-05,9.317452349932864e-05,0.00093835,1.4969788783708687e-05,1.6260289182249287e-05,1.0940650573760098e-05,6.042046773204899e-06
1380,5.397473614721093e-07,5.397473614721093e-07,0.0,2.7436716260711518e-05,9.038155258167535e-05,0.0009379,1.4547010101687905e-05,1.5791601804961796e-05,1.0610898106127184e-05,5.881260396058708e-06
1390,5.268639142741449e-07,5.268639142741449e-07,0.0,2.6601093508731775e-05,8.767052349867299e-05,0.00093745,1.4052006847989674e-05,1.5251200170546712e-05,1.029519915293063e-05,5.679037669945398e-06
1400,5.147821298123745e-07,5.147821298123745e-07,0.0,2.5749131021112762e-05,8.50159049150534e-05,0.0009370000000000001,1.365147967571365e-05,1.4807252462440518e-05,9.976004685401626e-06,5.521136612865423e-06
1410,5.0345300905974e-07,5.0345300905974e-07,0.0,2.4954927467877816e-05,8.242539479397237e-05,0.00093655,1.3188293739201285e-05,1.4305607562467299e-05,9.654675753043174e-06,5.303795470805865e-06
1420,4.928343741994468e-07,4.928343741994468e-07,0.0,2.4159887476076806e-05,7.989905861904845e-05,0.0009361,1.2780033368508497e-05,1.385765730369855e-05,9.35883529748519e-06,5.141653713232602e-06
1430,4.828837063541869e-07,4.828837063541869e-07,0.0,2.3406224474516885e-05,7.744489994365722e-05,0.00093565,1.2367939105210315e-05,1.3406506696011487e-05,9.042220037644207e-06,4.940838563173539e-06
1440,4.7356138566101436e-07,4.7356138566101436e-07,0.0,2.266223575131164e-05,7.50575345591642e-05,0.0009352000000000001,1.195444379798704e-05,1.2960160200315519e-05,8.767350616160773e-06,4.773916821071658e-06
1450,4.64826257484674e-07,4.64826257484674e-07,0.0,2.1924504095935044e-05,7.273276423802599e-05,0.00093475,1.1587145243897622e-05,1.2559637102306376e-05,8.48680654050808e-06,4.622565161398083e-06
1460,4.5664793901778467e-07,4.5664793901778467e-07,0.0,2.1246659416674242e-05,7.04620688338764e-05,0.0009343,1.1181045367473296e-05,1.2117773256884902e-05,8.207766087014973e-06,4.434147959523544e-06
1470,4.4898752094013616e-07,4.4898752094013616e-07,0.0,2.0546556692741597e-05,6.825412128819153e-05,0.00093385,1.0831414633802031e-05,1.173415353207776e-05,7.944527660913472e-06,4.292471303216415e-06
1480,4.418178889409319e-07,4.418178889409319e-07,0.0,1.987366802119231e-05,6.611388380406424e-05,0.0009334,1.0483340216559412e-05,1.1352501144957113e-05,7.698289642584737e-06,4.162372017825626e-06
1490,4.3511008129826223e-07,4.3511008129826223e-07,0.0,1.9231560315933458e-05,6.402331928256899e-05,0.00093295,1.0124260997076033e-05,1.0971468190450065e-05,7.433396738463968e-06,3.989453932822823e-06
1500,4.288318393719237e-07,4.288318393719237e-07,0.0,1.8606196390275486e-05,6.199735071277246e-05,0.0009325000000000001,9.798219919006213e-06,1.0624955050933607e-05,7.174941512797989e-06,3.838172533343106e-06
1510,4.2296113633710775e-07,4.2296113633710775e-07,0.0,1.799332555859054e-05,6.003303860779852e-05,0.00093205,9.453933577066902e-06,1.0238575616665487e-05,6.962230210597751e-06,3.720394261543868e-06
1520,4.174702610271197e-07,4.174702610271197e-07,0.0,1.7411471694967292e-05,5.812804738525301e-05,0.0009316,9.117388296921708e-06,9.874116125522407e-06,6.728910978793115e-06,3.570274862419838e-06
1530,4.1233627712244925e-07,4.1233627712244925e-07,0.0,1.6847417280316678e-05,5.626675556413829e-05,0.0009311500000000001,8.80028418861587e-06,9.538457225640215e-06,6.489600047968035e-06,3.4202098486297402e-06
1540,4.0753749885880097e-07,4.0753749885880097e-07,0.0,1.625640590355676e-05,5.447350849863142e-05,0.0009307,8.51913579165745e-06,9.22499150887806e-06,6.2952925616809096e-06,3.338744928489718e-06
1550,4.0305314996658126e-07,4.0305314996658126e-07,0.0,1.5712220799362797e-05,5.271538611850701e-05,0.0009302500000000001,8.22866496723327e-06,8.91845623458252e-06,6.065452181592429e-06,3.200164630892723e-06
1560,3.988626531281625e-07,3.988626531281625e-07,0.0,1.5193047092498807e-05,5.102069189888425e-05,0.0009297999999999999,7.929171231104486e-06,8.594176897654414e-06,5.857010591682039e-06,3.069994223878311e-06
1570,3.9494943848694675e-07,3.9494943848694675e-07,0.0,1.467372966048873e-05,4.93797633680515e-05,0.00092935,7.64390082325897e-06,8.286081571624958e-06,5.674980311862837e-06,2.9733641153728996e-06
1580,3.912939519068459e-07,3.912939519068459e-07,0.0,1.418306146431262e-05,4.777847425430082e-05,0.0009289000000000001,7.364913287945303e-06,7.991412396755432e-06,5.465323043900318e-06,2.8390601485113935e-06
1590,3.878828636061371e-07,3.878828636061371e-07,0.0,1.3689460945306029e-05,4.622864435077645e-05,0.00092845,7.110030547107296e-06,7.7155654629835e-06,5.283163044121324e-06,2.7470181475888556e-06
1600,3.8469775631710945e-07,3.8469775631710945e-07,0.0,1.3255409182465027e-05,4.473622175282799e-05,0.0009280000000000001,6.838155951761359e-06,7.418681099809348e-06,5.088371550414836e-06,2.6219891488128726e-06
1610,3.8172481708897976e-07,3.8172481708897976e-07,0.0,1.2777022502768132e-05,4.3283103877911344e-05,0.00092755,6.609197039885942e-06,7.17486341895833e-06,4.907566462697686e-06,2.5334278263318926e-06
1620,3.7895304672019847e-07,3.7895304672019847e-07,0.0,1.2336540985239026e-05,4.187613012618385e-05,0.0009271,6.362578535637523e-06,6.909686983641573e-06,4.741575884647702e-06,2.4439812004047778e-06
1630,3.763631184483529e-07,3.763631184483529e-07,0.0,1.1920612574052795e-05,4.05191422032658e-05,0.00092665,6.119473380903843e-06,6.649815357808208e-06,4.566241816927183e-06,2.33501672489295e-06
1640,3.7395213325908117e-07,3.7395213325908117e-07,0.0,1.1503503400958357e-05,3.919536538887769e-05,0.0009262000000000001,5.896734171949313e-06,6.4042169142006475e-06,4.416274496438821e-06,2.2661684874983096e-06
1650,3.71703038126725e-07,3.71703038126725e-07,0.0,1.1102998963700318e-05,3.7928683013888076e-05,0.00092575,5.682694691196726e-06,6.180981579567786e-06,4.245363853785821e-06,2.17014887073213e-06
1660,3.6960446436751226e-07,3.6960446436751226e-07,0.0,1.0724495375939207e-05,3.6700101190945134e-05,0.0009253,5.459492686834274e-06,5.93793161002599e-06,4.09710659289112e-06,2.087687466304277e-06
1670,3.6764848232451186e-07,3.6764848232451186e-07,0.0,1.0361473241406408e-05,3.550676046870649e-05,0.00092485,5.2480090710278555e-06,5.707447165902205e-06,3.948783993930906e-06,2.0062701914227653e-06
1680,3.6582457596523454e-07,3.6582457596523454e-07,0.0,1.0003481961300546e-05,3.436005499679595e-05,0.0009244,5.043593890763997e-06,5.490896244797721e-06,3.805810587240244e-06,1.9302753985977023e-06
1690,3.6412407666830404e-07,3.6412407666830404e-07,0.0,9.684531565511501e-06,3.325547368149273e-05,0.0009239500000000001,4.835003460428309e-06,5.273309282818126e-06,3.6584563977650045e-06,1.8395264736373948e-06
1700,3.625414990438003e-07,3.625414990438003e-07,0.0,9.327960976845834e-06,3.218774509150535e-05,0.0009235000000000001,4.656930256994746e-06,5.076928173900288e-06,3.5328428954566907e-06,1.786594960660685e-06
1710,3.610626606587175e-07,3.610626606587175e-07,0.0,9.02042059171861e-06,3.115843719569966e-05,0.00092305,4.47733751514913e-06,4.891768432106323e-06,3.383650514955459e-06,1.7009134440833065e-06
1720,3.5968557199339557e-07,3.5968557199339557e-07,0.0,8.697851933618354e-06,3.0170805985108018e-05,0.0009226,4.313867265680686e-06,4.717175594040496e-06,3.2553309177422696e-06,1.6422544691951804e-06
1730,3.5840170653500536e-07,3.5840170653500536e-07,0.0,8.420933152303139e-06,2.9214599635452032e-05,0.00092215,4.128937102327404e-06,4.5138644798532295e-06,3.1408011208855394e-06,1.584221994370077e-06
1740,3.5720432833841187e-07,3.5720432833841187e-07,0.0,8.153928088193784e-06,2.8298225515754893e-05,0.0009217,3.972076259500685e-06,4.358944850708922e-06,3.009466838845928e-06,1.5123997595464406e-06
1750,3.560886625564308e-07,3.560886625564308e-07,0.0,7.867834442107469e-06,2.7426298402133398e-05,0.0009212500000000001,3.801481356097714e-06,4.161383546530073e-06,2.915281256819157e-06,1.4801361743072228e-06
1760,3.5504857009982516e-07,3.5504857009982516e-07,0.0,7.575527282607445e-06,2.659166966623161e-05,0.0009207999999999999,3.659667341333734e-06,4.007333534964671e-06,2.8222582389188914e-06,1.4506506105936512e-06
1770,3.5407487075644895e-07,3.5407487075644895e-07,0.0,7.365078207482998e-06,2.5786897822399624e-05,0.00092035,3.555820568784921e-06,3.900627998836799e-06,2.78211774684932e-06,1.495449963696327e-06
1780,3.531702077452792e-07,3.531702077452792e-07,0.0,7.069974812382274e-06,2.4993270926643163e-05,0.0009199,3.3760510128053813e-06,3.709356918093813e-06,2.6008225506285527e-06,1.3435310268936537e-06
1790,3.5232278605690226e-07,3.5232278605690226e-07,0.0,6.869159654942087e-06,2.4259681595140137e-05,0.00091945,3.2378322375344677e-06,3.578723057986829e-06,2.477237694342836e-06,1.2670798504853961e-06
1800,3.515316961966164e-07,3.515316961966164e-07,0.0,6.640051272799531e-06,2.3556473024655133e-05,0.0009190000000000001,3.098691174324647e-06,3.4208292080654867e-06,2.390076586730031e-06,1.2347918501031463e-06
1810,3.507904864363809e-07,3.507904864363809e-07,0.0,6.4172376268041545e-06,2.289513395226095e-05,0.00091855,2.9750533689871618e-06,3.283808664808232e-06,2.305579558645413e-06,1.2070985654695593e-06
1820,3.5009878729397315e-07,3.5009878729397315e-07,0.0,6.218816200818732e-06,2.225024400104303e-05,0.0009181,2.8546989128255584e-06,3.153708799124724e-06,2.2173355921152895e-06,1.1720830580503137e-06
1830,3.4944955018545443e-07,3.4944955018545443e-07,0.0,6.037457483768675e-06,2.164327452192083e-05,0.00091765,2.7371819220891757e-06,3.0370057883525844e-06,2.125585303005472e-06,1.1281094238646303e-06
1840,3.488415245556098e-07,3.488415245556098e-07,0.0,5.829873466622146e-06,2.107253203575965e-05,0.0009172000000000001,2.6352628429516175e-06,2.9283851927981382e-06,2.04897062254304e-06,1.1042552386062107e-06
1850,3.4827385775315634e-07,3.4827385775315634e-07,0.0,5.70342516885804e-06,2.053136267932132e-05,0.0009167499999999999,2.5157388864243696e-06,2.7926536291035627e-06,1.9754613070532067e-06,1.0867129789670854e-06
1860,3.4773964330270246e-07,3.4773964330270246e-07,0.0,5.545253636879425e-06,2.001499706238974e-05,0.0009163,2.4222125531324298e-06,2.6980133691649804e-06,1.8978742009868189e-06,1.0576892650321284e-06
1870,3.472332821274904e-07,3.472332821274904e-07,0.0,5.383211065400047e-06,1.9522438378771767e-05,0.0009158500000000001,2.3207764380311545e-06,2.5827231539804566e-06,1.8313764601480481e-06,1.0420843127535938e-06
1880,3.467621354502626e-07,3.467621354502626e-07,0.0,5.196348032956122e-06,1.9074390365858562e-05,0.0009154,2.2318766109301267e-06,2.4867042616348406e-06,1.7627109057231772e-06,1.0148488703709941e-06
1890,3.463174778062239e-07,3.463174778062239e-07,0.0,5.061300658142674e-06,1.865187005023472e-05,0.0009149500000000001,2.1390406566619913e-06,2.3839685028298452e-06,1.7026090377967108e-06,1.001272367154161e-06
1900,3.4589641018101247e-07,3.4589641018101247e-07,0.0,4.945945741649414e-06,1.824706487241201e-05,0.0009145,2.049911437680055e-06,2.288339638460134e-06,1.6413689799083483e-06,9.879073625677822e-07
1910,3.45497198850353e-07,3.45497198850353e-07,0.0,4.796078660337701e-06,1.7878668586490676e-05,0.00091405,1.9747248528327057e-06,2.214711713871397e-06,1.5796584410164369e-06,9.60264538857378e-07
1920,3.451191616932192e-07,3.451191616932192e-07,0.0,4.698251060713495e-06,1.7534619473735802e-05,0.0009136,1.8947312026792037e-06,2.127405379842672e-06,1.5202552384950763e-06,9.484499661768117e-07
1930,3.447602807682415e-07,3.447602807682415e-07,0.0,4.609984220663423e-06,1.7204469259013422e-05,0.00091315,1.8167443166785493e-06,2.035998849475696e-06,1.4807604270632285e-06,9.59209637467034e-07
1940,3.4442322771610634e-07,3.4442322771610634e-07,0.0,4.503922924294057e-06,1.6911983038880862e-05,0.0009127,1.7503777924373038e-06,1.9671299872267577e-06,1.4239754660825298e-06,9.415177804312901e-07
1950,3.440990212766337e-07,3.440990212766337e-07,0.0,4.431342801315983e-06,1.663772673055064e-05,0.00091225,1.692985818945609e-06,1.913586773922861e-06,1.3749508056274694e-06,9.337729785156999e-07
1960,3.437939994910266e-07,3.437939994910266e-07,0.0,4.2971581112967964e-06,1.6386646166210994e-05,0.0009117999999999999,1.62695209993104e-06,1.8295363822144417e-06,1.3453721805455614e-06,9.307549351416018e-07
1970,3.4349554312029795e-07,3.4349554312029795e-07,0.0,4.205169834198236e-06,1.6156216588569805e-05,0.00091135,1.565230285023194e-06,1.767006962516062e-06,1.2870118984820154e-06,9.076885248466233e-07
1980,3.432137418712955e-07,3.432137418712955e-07,0.0,4.140375101731802e-06,1.5956900824676268e-05,0.0009109000000000001,1.510551385541058e-06,1.7046447168150023e-06,1.2592678025423764e-06,9.149517929949761e-07
1990,3.4294038186999387e-07,3.4294038186999387e-07,0.0,4.072331506301143e-06,1.5758101653773338e-05,0.00091045,1.4586197436041133e-06,1.6502637235763379e-06,1.2091115689317735e-06,9.056708615644922e-07
2000,3.4268290960426384e-07,3.4268290960426384e-07,0.0,4.008386232528056e-06,1.5598201571265236e-05,0.00091,1.4120320704340742e-06,1.594754691574331e-06,1.1956082299310806e-06,9.164421171321933e-07
2010,3.424315764277708e-07,3.424315764277708e-07,0.0,3.914362526291351e-06,1.5447079931618646e-05,0.00090955,1.3659507737786043e-06,1.5542704442427745e-06,1.1374472076814718e-06,8.833114401643289e-07
2020,3.421879739562428e-07,3.421879739562428e-07,0.0,3.910354484258731e-06,1.5306777640944347e-05,0.0009091,1.322803363975205e-06,1.4942579500803688e-06,1.1379449017555895e-06,9.262925384701579e-07
2030,3.4195181797258556e-07,3.4195181797258556e-07,0.0,3.818655471743864e-06,1.5186858036031481e-05,0.00090865,1.293437408867589e-06,1.4864510049612564e-06,1.0738045288471605e-06,8.767792121208596e-07
2040,3.417251832615875e-07,3.417251832615875e-07,0.0,3.852788311368965e-06,1.507025990576949e-05,0.0009082000000000001,1.2888155996820557e-06,1.4918764434391405e-06,1.0750464275555861e-06,9.142382439601699e-07
2050,3.4150374972341524e-07,3.4150374972341524e-07,0.0,3.878767753979405e-06,1.4983392247813754e-05,0.00090775,1.2956275344481538e-06,1.530413372375768e-06,1.087789401826335e-06,9.320479088633931e-07
2060,3.412866362850764e-07,3.412866362850764e-07,0.0,3.787708532917484e-06,1.4904499039403163e-05,0.0009073,1.2293196488636167e-06,1.4206186478543225e-06,1.035945824388122e-06,9.322400575036524e-07
2070,3.4107785040760064e-07,3.4107785040760064e-07,0.0,3.6742531084574307e-06,1.4845128134766128e-05,0.0009068500000000001,1.1502940395800817e-06,1.3026084861787128e-06,1.0078419132255405e-06,9.168633656446298e-07
2080,3.4087369726876204e-07,3.4087369726876204e-07,0.0,3.6171994884559016e-06,1.4807745174039155e-05,0.0009064,1.1400332722004083e-06,1.3334170103814514e-06,1.0096167630090977e-06,9.008003966735034e-07
2090,3.4067028309436864e-07,3.4067028309436864e-07,0.0,3.726349890997299e-06,1.4769078916287981e-05,0.0009059500000000001,1.1503691578444532e-06,1.3265366903719822e-06,1.0649059732005288e-06,9.739100153873496e-07
2100,3.4047315011775936e-07,3.4047315011775936e-07,0.0,3.6656421603566633e-06,1.4738921890966594e-05,0.0009055,1.1015913858936258e-06,1.2567118916420182e-06,1.0111882835221123e-06,9.634045879849968e-07
2110,3.4027578976747463e-07,3.4027578976747463e-07,0.0,3.513057796532301e-06,1.4705240573675837e-05,0.00090505,1.0603248620539272e-06,1.207752628845636e-06,9.025754002526256e-07,8.892098268038692e-07
2120,3.400849664103589e-07,3.400849664103589e-07,0.0,3.5738679024821274e-06,1.4689843737869523e-05,0.0009046,1.0628981802212776e-06,1.2018686252056563e-06,9.208746301545357e-07,9.521036330121385e-07
2130,3.398957630906807e-07,3.398957630906807e-07,0.0,3.4949929113505473e-06,1.4686233043903485e-05,0.00090415,1.0260210612950826e-06,1.1743380341327358e-06,9.237833286997324e-07,9.099191349577438e-07
2140,3.397093735202361e-07,3.397093735202361e-07,0.0,3.4930250149827756e-06,1.468723075959133e-05,0.0009037,1.0282753381076611e-06,1.1662604773063933e-06,8.795256689106143e-07,9.273771385601639e-07
2150,3.395231260583387e-07,3.395231260583387e-07,0.0,3.4300637685693335e-06,1.4697398910357151e-05,0.00090325,9.857995561266941e-07,1.109136713277116e-06,8.55873570106292e-07,9.074206862773719e-07
2160,3.3934043131012004e-07,3.3934043131012004e-07,0.0,3.455994944270232e-06,1.4728766473126598e-05,0.0009028,9.933320961045608e-07,1.1677232313985518e-06,9.259582197673251e-07,9.231814588130052e-07
2170,3.3915907238224463e-07,3.3915907238224463e-07,0.0,3.4978178437682214e-06,1.4723972526553553e-05,0.00090235,9.968081628544387e-07,1.120339735351259e-06,8.7965644996991e-07,9.818575630392672e-07
2180,3.389799303477048e-07,3.389799303477048e-07,0.0,3.4023691489117587e-06,1.4752002243767492e-05,0.0009019000000000001,9.899470515533812e-07,1.140789658184553e-06,8.460798413960745e-07,9.095412499466789e-07
2190,3.38801584121029e-07,3.38801584121029e-07,0.0,3.3422517992549255e-06,1.4799344171478879e-05,0.00090145,9.377367986331037e-07,1.0747586088141796e-06,8.332526342073153e-07,8.90939654014154e-07
2200,3.386212767964025e-07,3.386212767964025e-07,0.0,3.3372358352203e-06,1.4826287952018902e-05,0.000901,9.474544914712479e-07,1.0784842082824525e-06,8.135775364760109e-07,8.963661371554249e-07
2210,3.384440105946851e-07,3.384440105946851e-07,0.0,3.323132651097477e-06,1.4870204722683411e-05,0.00090055,9.188678682076685e-07,1.0305542995311179e-06,8.029005996668195e-07,9.025230250313543e-07
2220,3.382688475994655e-07,3.382688475994655e-07,0.0,3.333744217587161e-06,1.491075090598315e-05,0.0009001,9.425902676493286e-07,1.0679325140909933e-06,8.054932171787264e-07,9.136891817069441e-07
2230,3.380909561201406e-07,3.380909561201406e-07,0.0,3.3220007553323397e-06,1.4956082850403618e-05,0.0008996500000000001,9.068940968656167e-07,1.0109855090310452e-06,8.00999409697175e-07,9.161837604787656e-07
2240,3.379144573045778e-07,3.379144573045778e-07,0.0,3.3204558571190446e-06,1.5005473869678099e-05,0.0008992000000000001,9.120423594952578e-07,1.0088628360583354e-06,7.881862030659042e-07,9.290627435401041e-07
2250,3.37740402756026e-07,3.37740402756026e-07,0.0,3.3012469586136907e-06,1.5059163160913158e-05,0.0008987499999999999,9.015500170175717e-07,9.989169440479915e-07,7.806045179221809e-07,9.239988158171e-07
2260,3.375638186753349e-07,3.375638186753349e-07,0.0,3.3304452634675388e-06,1.5114708730834536e-05,0.0008983,9.027250012613771e-07,9.955188706128017e-07,7.949162793919579e-07,9.454490161465127e-07
2270,3.373885135715682e-07,3.373885135715682e-07,0.0,3.347876852838095e-06,1.5169756807154045e-05,0.0008978500000000001,9.670543355822558e-07,1.1138649140269768e-06,8.298939245351482e-07,9.40474188179987e-07
2280,3.3721340741976746e-07,3.3721340741976746e-07,0.0,3.2872079789796694e-06,1.5221829016809352e-05,0.0008974,8.981693692467178e-07,9.898436033479481e-07,7.707909711678175e-07,9.335648284544816e-07
2290,3.370370222910424e-07,3.370370222910424e-07,0.0,3.3294644379065464e-06,1.5286350389942527e-05,0.0008969500000000001,8.979631989124246e-07,9.968350824187415e-07,8.134573905292616e-07,9.415714122150428e-07
2300,3.3686143297018134e-07,3.3686143297018134e-07,0.0,3.3315425522843214e-06,1.535137380415108e-05,0.0008964999999999999,9.59557878613136e-07,1.1022581370438637e-06,8.250428352174438e-07,9.478560953774757e-07
2310,3.3668428045530163e-07,3.3668428045530163e-07,0.0,3.2987825781043754e-06,1.5411569620482624e-05,0.00089605,9.325222767038531e-07,1.0400631635408626e-06,7.878222818340453e-07,9.478769131608349e-07
2320,3.3650957220743294e-07,3.3650957220743294e-07,0.0,3.3398949119808204e-06,1.548809086671099e-05,0.0008956,9.702839328184483e-07,1.1386329286956917e-06,8.532573159350095e-07,9.487965000663685e-07
2330,3.36333130235289e-07,3.36333130235289e-07,0.0,3.3540850941129266e-06,1.5547600924037397e-05,0.00089515,9.82476788791837e-07,1.1391870673771431e-06,8.50290529501221e-07,9.644665360254059e-07
2340,3.361566314197262e-07,3.361566314197262e-07,0.0,3.258051343107374e-06,1.561311728437431e-05,0.0008947000000000001,9.128794588414776e-07,1.0104323101277296e-06,7.69418621355409e-07,9.349818281938278e-07
2350,3.35980701038352e-07,3.35980701038352e-07,0.0,3.2620792065593706e-06,1.5697387425461784e-05,0.00089425,8.817269115838224e-07,9.785794120662874e-07,7.967212876276153e-07,9.270191476629944e-07
2360,3.358025537636422e-07,3.358025537636422e-07,0.0,3.3087625191994353e-06,1.575270107423421e-05,0.0008938,8.887651330077491e-07,9.860210899949765e-07,8.138301982184551e-07,9.480340040526472e-07
2370,3.356229854034609e-07,3.356229854034609e-07,0.0,3.448392568138715e-06,1.5827723473194055e-05,0.00089335,9.340772527927755e-07,1.0720655572936815e-06,9.022443401451352e-07,1.0021856919917589e-06
2380,3.354464013227698e-07,3.354464013227698e-07,0.0,3.5414632783631716e-06,1.589378371136263e-05,0.0008929000000000001,1.0974502952698582e-06,1.2884168747593826e-06,9.592940677468032e-07,1.0632016507843418e-06
2390,3.352653266119887e-07,3.352653266119887e-07,0.0,3.2739473319999774e-06,1.596864967723377e-05,0.00089245,8.860053135877645e-07,9.553845656044226e-07,7.684649376514379e-07,9.549812742307479e-07
2400,3.3508595720377343e-07,3.3508595720377343e-07,0.0,3.5543346647894783e-06,1.6027344827307388e-05,0.000892,9.720932833981246e-07,1.1201952418387721e-06,9.340914715048653e-07,1.092788189040865e-06
2410,3.34906843590943e-07,3.34906843590943e-07,0.0,3.7864108604272556e-06,1.6101008441182785e-05,0.00089155,1.2056727471687212e-06,1.4085007760937098e-06,1.0769343265867078e-06,1.211485028152084e-06
2420,3.3472710470050515e-07,3.3472710470050515e-07,0.0,3.936546710936077e-06,1.619508293515537e-05,0.0008911,1.1380456053123712e-06,1.3791017955331466e-06,1.1710698602011255e-06,1.1904411547383305e-06
2430,3.345437562529696e-07,3.345437562529696e-07,0.0,3.370983747602103e-06,1.6261796190519817e-05,0.00089065,1.0084480327428597e-06,1.191623139887967e-06,8.958816105428696e-07,9.865395672876923e-07
2440,3.3436430157962604e-07,3.3436430157962604e-07,0.0,3.240948148423244e-06,1.633003012102563e-05,0.0008902000000000001,9.133165662705355e-07,9.9253100873665e-07,7.596548180279748e-07,9.570320578269016e-07
2450,3.341773719967023e-07,3.341773719967023e-07,0.0,3.355019070736618e-06,1.6409414456575178e-05,0.00088975,9.049754234695244e-07,9.996444248929122e-07,8.222586502516042e-07,9.920953888066672e-07
2460,3.339956435866043e-07,3.339956435866043e-07,0.0,3.512123940641998e-06,1.6464211512356997e-05,0.0008893,1.0115706135223728e-06,1.1289815541790542e-06,9.0671137443824e-07,1.1374579786662341e-06
2470,3.338118688134273e-07,3.338118688134273e-07,0.0,3.194180103297002e-06,1.6567079001106322e-05,0.0008888500000000001,8.823754591746425e-07,9.831775073478063e-07,7.63115709891522e-07,9.241787655252706e-07
2480,3.3362647400281276e-07,3.3362647400281276e-07,0.0,3.195345130308212e-06,1.6641368347336538e-05,0.0008884,8.620702594903102e-07,9.420769208820559e-07,7.520176411227586e-07,9.245309373149124e-07
2490,3.3344036864946247e-07,3.3344036864946247e-07,0.0,3.335197636680299e-06,1.6700530977686867e-05,0.0008879500000000001,9.668504349889415e-07,1.0453196689145105e-06,8.034865756635205e-07,1.0295309813589354e-06
2500,3.332581002268853e-07,3.332581002268853e-07,0.0,3.3144445317061716e-06,1.6786481864983216e-05,0.0008874999999999999,9.832119677823426e-07,1.1215113995007853e-06,8.44103471810997e-07,9.839737036186579e-07
2510,3.330681579427619e-07,3.330681579427619e-07,0.0,3.402152819051041e-06,1.6876942027010955e-05,0.00088705,1.006320492206039e-06,1.2496341449916935e-06,9.730709338163824e-07,1.004067242736732e-06
2520,3.3288088729932497e-07,3.3288088729932497e-07,0.0,4.8482463074253985e-06,1.6904439689824358e-05,0.0008866000000000001,1.5839539703868966e-06,1.933921656165076e-06,1.6179704818169594e-06,1.7826073641437429e-06
2530,3.3269230925725424e-07,3.3269230925725424e-07,0.0,3.4221336642013613e-06,1.7027878129738383e-05,0.00088615,1.0532541892556488e-06,1.2559207786844777e-06,9.456831266812068e-07,1.0164680879515855e-06
2540,3.325042143842438e-07,3.325042143842438e-07,0.0,3.815251619209689e-06,1.714864993118681e-05,0.0008857,1.0630685138048787e-06,1.4451498523328216e-06,1.2990675543732919e-06,1.2428907139767006e-06
2550,3.3231327734029037e-07,3.3231327734029037e-07,0.0,5.361498247309374e-06,1.728662391542457e-05,0.00088525,1.5358578770700329e-06,2.2661650428022876e-06,2.1239749048047003e-06,1.9784481139034063e-06
2560,3.321240171771933e-07,3.321240171771933e-07,0.0,1.225991024450419e-05,1.7687054423731752e-05,0.0008848,3.707169019941786e-06,5.596220870035622e-06,5.300200875174749e-06,4.983030447758907e-06
2570,3.3198563187397667e-07,3.3198563187397667e-07,0.0,4.32673765938897e-05,2.0988958567613736e-05,0.00088435,1.3274456091784105e-05,1.9989879971938834e-05,1.8861014914235067e-05,1.804114284430048e-05
2580,3.336691634103772e-07,3.336691634103772e-07,0.0,0.00025564764108890566,6.749395106453449e-05,0.0008839000000000001,7.889125079381386e-05,0.00011790579929303968,0.00011103201480643497,0.00010701436746524855
2590,4.865267442255572e-07,4.865267442255572e-07,0.0,0.0022928140700901895,0.0005858837976120412,0.0008834499999999999,0.0007080292020872733,0.0010569083510464437,0.00099490499015513,0.0009602934786119778
2600,2.2688216631649993e-05,2.2688216631649993e-05,0.0,0.027647574183288812,0.0068814936093986034,0.000883,0.008544433102933888,0.012731618273845372,0.011984548863777991,0.011572950328819222
2610,1.891391093522543e-06,1.891391093522543e-06,0.0,0.006030221385769773,0.003348696045577526,0.00088255,0.001993598391999122,0.003147033054273097,0.002646452843597666,0.002194292280297519
2620,2.0972696802346036e-05,2.0972696802346036e-05,0.0,0.02988230484331792,0.004077085759490728,0.0008821,0.010033829696264207,0.013687269875690872,0.012467253574959874,0.011947661676284338
2630,5.598131792794447e-06,5.598131792794447e-06,0.0,0.014906318779059976,0.0027056948747485876,0.0008816500000000001,0.0049259354694401545,0.006778105470443365,0.0062295895563597575,0.005997766274495777
2640,3.965584767229302e-07,3.965584767229302e-07,0.0,0.0011948813013341665,0.0006784733850508928,0.0008812,0.0003605374550780284,0.0005660139921235934,0.0005350628720032736,0.0005068074677161183
2650,8.941512419369246e-07,8.941512419369246e-07,0.0,0.004952190257617434,0.0005601625889539719,0.00088075,0.0016959417242195032,0.002281594100909768,0.0020494542048504166,0.001949279042122072
2660,6.495649813587079e-07,6.495649813587079e-07,0.0,0.003681543459488242,0.0006030414951965213,0.0008803,0.0012439881829457585,0.0016830915708589886,0.0015239280657476499,0.0014568987443425972
2670,3.424373176130757e-07,3.424373176130757e-07,0.0,0.00019468850796964976,7.14729685569182e-05,0.0008798500000000001,5.8734767487228864e-05,8.778510182991016e-05,8.396099175416262e-05,8.129023898181234e-05
2680,3.860052117943269e-07,3.860052117943269e-07,0.0,0.0014046044212025271,0.00021909519273322076,0.0008794,0.00046932000868913086,0.0006424341577785353,0.0005883316974310557,0.0005652037147352773
2690,3.38384836595651e-07,3.38384836595651e-07,0.0,0.00010033964574984229,4.163445555604994e-05,0.00087895,3.353192877803916e-05,4.616504313343865e-05,4.214254140973463e-05,4.045729752987304e-05
2700,3.4192777320640744e-07,3.4192777320640744e-07,0.0,0.0004650439738719028,8.797277405392379e-05,0.0008785,0.000154359833455011,0.0002113400924043171,0.00019368076937329256,0.00018636079207350636
2710,3.37549494133782e-07,3.37549494133782e-07,0.0,0.0002706486573609318,5.059711111243814e-05,0.00087805,9.019316766965574e-05,0.00012345647211116842,0.00011331996753631077,0.00010896131339957837
2720,3.349960024934262e-07,3.349960024934262e-07,0.0,5.943686206638491e-05,3.1368159397970885e-05,0.0008776000000000001,1.9938774068965733e-05,2.687207835544983e-05,2.4142789904604383e-05,2.3088323860642307e-05
2730,3.3414622180316655e-07,3.3414622180316655e-07,0.0,2.3774769193921915e-05,2.9579781767097302e-05,0.00087715,8.409089712348004e-06,1.104470986729896e-05,9.399436744845275e-06,8.684845822045138e-06
2740,3.334712346259039e-07,3.334712346259039e-07,0.0,2.7318667182679605e-05,2.8138372726971284e-05,0.0008767,9.16215174195862e-06,1.274517417131303e-05,1.1826782319169906e-05,1.1271193780070607e-05
2750,3.328581783534901e-07,3.328581783534901e-07,0.0,1.2934900555466987e-05,2.5738143449416384e-05,0.00087625,4.240501399413944e-06,5.663963332603662e-06,5.041831375947988e-06,4.801319340959295e-06
2760,3.323263797483378e-07,3.323263797483378e-07,0.0,8.72328426364156e-06,2.4320055672433227e-05,0.0008758,2.6730611181279956e-06,3.6062867743377304e-06,3.233707151064495e-06,3.1080035787195505e-06
2770,3.3185304459948384e-07,3.3185304459948384e-07,0.0,1.6425173363473858e-05,2.338864578632638e-05,0.00087535,5.745754601761392e-06,7.644640618948842e-06,6.84553895952709e-06,6.387063722043578e-06
2780,3.3141978406092676e-07,3.3141978406092676e-07,0.0,1.0274023721108475e-05,2.2201085812412202e-05,0.0008749000000000001,3.307475657205745e-06,4.405967706129458e-06,3.923251809994844e-06,3.7963321969456973e-06
2790,3.3102867291745497e-07,3.3102867291745497e-07,0.0,1.6228383649945377e-05,2.1411093257484026e-05,0.0008744499999999999,5.468000338160329e-06,7.26880701183314e-06,6.415358213444105e-06,6.157090676973285e-06
2800,3.3066874038922833e-07,3.3066874038922833e-07,0.0,2.036264481000509e-05,2.083200160996057e-05,0.000874,6.717174641611822e-06,9.085308290881583e-06,8.240958507855395e-06,7.989340813371329e-06
2810,3.3037960633919283e-07,3.3037960633919283e-07,0.0,4.977653898946544e-05,2.1572572222794406e-05,0.0008735500000000001,1.6513831628414827e-05,2.253422035386722e-05,2.0611219559384206e-05,1.9924878057220917e-05
2820,3.3113505537585297e-07,3.3113505537585297e-07,0.0,0.00022052718555485768,4.364035339676775e-05,0.0008731,7.355696471103539e-05,0.00010044606499290095,9.199038491057316e-05,8.855749441273951e-05
2830,3.875148024690134e-07,3.875148024690134e-07,0.0,0.0015745934583225364,0.00029320703470148146,0.0008726500000000001,0.0005248808438363419,0.000717863336429727,0.0006583498120126361,0.0006335268874090249
2840,6.558621862495784e-06,6.558621862495784e-06,0.0,0.01634775411375083,0.0031018112786114216,0.0008722,0.005455020924546822,0.007455697964879697,0.00683584037567011,0.0065771244256785585
2850,0.00029520108364522457,0.00029520108364522457,0.0,0.11424689948915008,0.017037909477949142,0.00087175,0.03899560206708099,0.05246740554466735,0.047478123681088426,0.04531162092572906
2860,1.7951733752852306e-05,1.7951733752852306e-05,0.0,0.02018900876943795,0.005770208314061165,0.0008713,0.006150447001025455,0.010139100790825958,0.009048923461361616,0.007958617816277156
2870,1.8491477021598257e-05,1.8491477021598257e-05,0.0,0.022894780757952177,0.004379902500659227,0.00087085,0.008300933766366366,0.011920522454006701,0.009445854049689185,0.007512128124513808
2880,8.45527301862603e-06,8.45527301862603e-06,0.0,0.016188616801782293,0.0026403211522847414,0.0008704000000000001,0.006007200802177344,0.008345403364803185,0.00657308315149318,0.005287341738480476
2890,2.6387117486592615e-06,2.6387117486592615e-06,0.0,0.00949731041543769,0.001388715230859816,0.00086995,0.0035285844029448754,0.004707703892911335,0.003792172089322548,0.003224493727947497
2900,8.655788406031206e-07,8.655788406031206e-07,0.0,0.004692448988035962,0.000828844029456377,0.0008694999999999999,0.0016700705309943996,0.002203909260092459,0.0019058143285873583,0.0017584835088454117
2910,4.591116180563404e-07,4.591116180563404e-07,0.0,0.001562409930871296,0.0004412474518176168,0.00086905,0.0004577904621371235,0.0007180082288546907,0.0006919339295976877,0.0006622149104823391
2920,4.595676443841512e-07,4.595676443841512e-07,0.0,0.0016205235778436445,0.0003369009937159717,0.0008686000000000001,0.0005867884233407915,0.0008441025867702165,0.0006701174385896222,0.0005336360406341958
2930,4.1391001559532015e-07,4.1391001559532015e-07,0.0,0.0012860071791908055,0.00027398281963542104,0.00086815,0.0004771918825141726,0.0006656820928923002,0.0005247846395358233,0.0004211439980520969
2940,3.6307409345681663e-07,3.6307409345681663e-07,0.0,0.0003887209961626364,0.00012170734407845885,0.0008677,0.00011653000737682898,0.00019139410621138133,0.00017599921397458166,0.00015971997983061132
2950,3.5957216937276826e-07,3.5957216937276826e-07,0.0,0.0005518548416071534,9.851602226262912e-05,0.00086725,0.00018617160387208523,0.000251346928252539,0.00022928864863434748,0.0002193735812957201
2960,3.4986183550245187e-07,3.4986183550245187e-07,0.0,0.00013768301699224302,6.688829307677224e-05,0.0008668,4.175746342084363e-05,6.732566590996307e-05,6.257534309271253e-05,5.7738569373099614e-05
2970,3.469922091881017e-07,3.469922091881017e-07,0.0,0.00016323763756801124,6.326577567961067e-05,0.00086635,6.121308873149254e-05,8.386630870758357e-05,6.592791055863623e-05,5.353786692419547e-05
2980,3.4396276760162436e-07,3.4396276760162436e-07,0.0,8.890529777143223e-05,4.99964808113873e-05,0.0008659000000000001,3.202711431977449e-05,4.2103400374147444e-05,3.669687550546682e-05,3.3892410242931816e-05
2990,3.4175710084127786e-07,3.4175710084127786e-07,0.0,1.7458269230634106e-05,4.4937518396181986e-05,0.00086545,5.497551956360293e-06,7.59548414858731e-06,7.011750959397294e-06,6.493908695480714e-06
3000,3.4003957694039855e-07,3.4003957694039855e-07,0.0,2.515056841042355e-05,4.169504245510325e-05,0.000865,7.3604821751110785e-06,1.0740483234601287e-05,1.0341656812634642e-05,9.957960536166949e-06
3010,3.385527520549658e-07,3.385527520549658e-07,0.0,1.5541653709018787e-05,3.8309710362227634e-05,0.0008645500000000001,5.6883999632506536e-06,7.75738506758591e-06,6.350448186906806e-06,4.932632182032919e-06
3020,3.372796015810309e-07,3.372796015810309e-07,0.0,9.946059381101896e-06,3.527910666889511e-05,0.0008641,4.037387018945085e-06,5.113436243302929e-06,3.598567038046495e-06,2.6259167250987112e-06
3030,3.361833762483002e-07,3.361833762483002e-07,0.0,7.7060504978049e-06,3.275925701018423e-05,0.0008636500000000001,3.2427043189911277e-06,4.03220709337568e-06,2.754766378094731e-06,1.8743897603697234e-06
3040,3.3522582043588045e-07,3.3522582043588045e-07,0.0,9.47918492454948e-06,3.061507231905125e-05,0.0008632,3.7050933699311415e-06,4.637873464620193e-06,3.766080103782681e-06,2.992818823511519e-06
3050,3.343859305005026e-07,3.343859305005026e-07,0.0,6.861198612713139e-06,2.8728738470817916e-05,0.00086275,2.448961719448163e-06,2.9528283906268325e-06,2.3133621581571783e-06,1.8755821025852745e-06
3060,3.336420490995806e-07,3.336420490995806e-07,0.0,5.1783113431574924e-06,2.7058014893555082e-05,0.0008623000000000001,2.14902023185453e-06,2.4937100631684923e-06,1.6779759293043947e-06,1.0396191983531945e-06
3070,3.329820685848972e-07,3.329820685848972e-07,0.0,5.289475597100453e-06,2.5643317712820135e-05,0.00086185,2.0106656932993364e-06,2.3310043119684097e-06,1.6399421716585452e-06,1.1467079625990237e-06
3080,3.323911528241297e-07,3.323911528241297e-07,0.0,5.0144285941388465e-06,2.441418109810911e-05,0.0008614,1.9807488413174192e-06,2.315481260707706e-06,1.7477873596350488e-06,1.2771151962395385e-06
3090,3.318560004572646e-07,3.318560004572646e-07,0.0,1.1420103668495247e-05,2.3430800865753554e-05,0.00086095,3.9198401313077645e-06,5.08238148377262e-06,4.326733241126536e-06,4.02195942739427e-06
3100,3.31420920929304e-07,3.31420920929304e-07,0.0,4.991287009549888e-05,2.4093646061373875e-05,0.0008605,1.82526444150708e-05,2.407694286137137e-05,1.9837128514370068e-05,1.7577821649926118e-05
3110,3.36151600777157e-07,3.36151600777157e-07,0.0,0.00048029839761407414,8.738019096199423e-05,0.00086005,0.0001754332889026984,0.000231260061187226,0.00019285853535512773,0.00017169654112672241
3120,1.3468832094076788e-06,1.3468832094076788e-06,0.0,0.006694417213385049,0.0012006169417873025,0.0008596000000000001,0.002445910813233013,0.00322380811274918,0.0026905888097527196,0.0023952469777897135
3130,0.00026262193568982184,0.00026262193568982184,0.0,0.10774633786070065,0.01828189566731453,0.00085915,0.03935522429624604,0.05178289660317502,0.04337768597627669,0.038814375031121603
3140,0.00010010375990532339,0.00010010375990532339,0.0,0.06676969923483568,0.007756418082863092,0.0008587,0.023017246033947763,0.030608182875309867,0.02720954222432789,0.025563752497094486
3150,1.831945701269433e-05,1.831945701269433e-05,0.0,0.02226935210568993,0.006738020572811365,0.00085825,0.0066025337995338365,0.010370223469956964,0.009904818660556241,0.009451556640905944
3160,2.040272011072375e-05,2.040272011072375e-05,0.0,0.021476503628304337,0.004895105492323637,0.0008578,0.007136856903404515,0.01114386553080496,0.009288485872659381,0.007650623588558108
3170,1.1112840638816124e-06,1.1112840638816124e-06,0.0,0.005260084904565393,0.001226578839123249,0.0008573500000000001,0.0017908042123891135,0.0024079850636861883,0.002186471782450485,0.002084875799879162
3180,2.5827039280557074e-06,2.5827039280557074e-06,0.0,0.00834647578298701,0.0013841232284903526,0.0008569000000000001,0.003063323783350065,0.004229517531274987,0.0033711434746096108,0.0027466361716020665
3190,4.538275959475868e-07,4.538275959475868e-07,0.0,0.0008265495862503601,0.0005215775454416871,0.0008564499999999999,0.00025137048969477724,0.00041107140014064907,0.0003680797765841019,0.00032620445327297934
3200,6.732740303050377e-07,6.732740303050377e-07,0.0,0.0026410541665342234,0.0005293535068631172,0.000856,0.0009407795023209421,0.0013714938358255946,0.0011005971817768213,0.0008792206781071636
3210,4.0192753658629954e-07,4.0192753658629954e-07,0.0,0.00024852752839218674,0.00013543498062063009,0.0008555500000000001,8.180108311087637e-05,0.00012973763233744293,0.0001116871763820363,9.58250566076219e-05
3220,4.1573287035134854e-07,4.1573287035134854e-07,0.0,0.0009174621572746636,0.00023182241420727223,0.0008551,0.000337926398051524,0.00046877223259218776,0.0003741239357239377,0.00030359633861537684
3230,3.89906233522197e-07,3.89906233522197e-07,0.0,0.0005660361642172945,0.0001148646479123272,0.0008546500000000001,0.0002088625850061535,0.0002835037018349805,0.00022843769966533536,0.00019024012708184287
3240,3.7455797041729966e-07,3.7455797041729966e-07,0.0,0.00016795005640806967,8.996076212497428e-05,0.0008542,5.623799509423786e-05,7.723437589145395e-05,7.19864902969987e-05,6.962014512662455e-05
3250,3.6899487554364896e-07,3.6899487554364896e-07,0.0,0.00015037053180359412,8.789804996922612e-05,0.00085375,4.9336378791649824e-05,7.783928460121048e-05,6.654448177317186e-05,5.6775264275258826e-05
3260,3.636112921867607e-07,3.636112921867607e-07,0.0,0.00011847861539288551,7.376484427368268e-05,0.0008533,4.27287763725744e-05,6.183065495899113e-05,4.923593057158906e-05,3.942550456445307e-05
3270,3.5913646456720016e-07,3.5913646456720016e-07,0.0,7.78481788669183e-05,6.465478509198874e-05,0.00085285,2.9214243363179447e-05,3.914079390717394e-05,3.104132202879249e-05,2.5850057542556608e-05
3280,3.555367413810018e-07,3.555367413810018e-07,0.0,3.75355749115208e-05,5.8757334045367315e-05,0.0008524,1.3966021413626558e-05,1.8269451837790057e-05,1.4505958976034862e-05,1.2351075685858589e-05
3290,3.525766203438252e-07,3.525766203438252e-07,0.0,1.3408467148936067e-05,5.352448715711944e-05,0.00085195,5.815287634492108e-06,7.4500797613759935e-06,5.469451247472612e-06,4.278931746171418e-06
3300,3.5008037002626224e-07,3.5008037002626224e-07,0.0,1.1341682008701592e-05,4.911989162792452e-05,0.0008515,5.026216354180969e-06,6.159711747180973e-06,4.692014961911119e-06,3.916495242342172e-06
3310,3.479503050130006e-07,3.479503050130006e-07,0.0,9.06083172843528e-06,4.536702545010485e-05,0.00085105,3.806309665589798e-06,4.378050842803007e-06,3.07025894193685e-06,2.065909121976704e-06
3320,3.4612409649525944e-07,3.4612409649525944e-07,0.0,7.843428991850967e-06,4.187263402855024e-05,0.0008506000000000001,3.4347602058548202e-06,3.887411156337278e-06,2.5978699426993703e-06,1.5587347167794623e-06
3330,3.445480842856341e-07,3.445480842856341e-07,0.0,7.1505178283977365e-06,3.872478555422276e-05,0.0008501499999999999,3.306998209694187e-06,3.792295892615873e-06,2.4962630579877817e-06,1.5466994159057525e-06
3340,3.431815116528014e-07,3.431815116528014e-07,0.0,7.142314631144353e-06,3.599515912355855e-05,0.0008497,3.123597186406337e-06,3.604256867848722e-06,2.3662032944342583e-06,1.467614197100366e-06
3350,3.419897325329657e-07,3.419897325329657e-07,0.0,7.006790612855037e-06,3.355745138833299e-05,0.0008492500000000001,2.9793214407386325e-06,3.4954974254943247e-06,2.3106431210207747e-06,1.484868772885334e-06
3360,3.4094585998900584e-07,3.4094585998900584e-07,0.0,5.783858421661141e-06,3.137682142551057e-05,0.0008488,2.4725537436052998e-06,2.761228512069498e-06,1.87250162557018e-06,1.087765879398299e-06
3370,3.4002388815679296e-07,3.4002388815679296e-07,0.0,5.521746307554703e-06,2.9474180337274447e-05,0.00084835,2.2882109523223078e-06,2.562945747320397e-06,1.7768375953665118e-06,1.0647398539499136e-06
3380,3.3920909459084214e-07,3.3920909459084214e-07,0.0,6.345723901461636e-06,2.7767831852543168e-05,0.0008479,2.625951407227125e-06,3.098290453973223e-06,2.3886166428072058e-06,1.8612584175782968e-06
3390,3.3848098723865405e-07,3.3848098723865405e-07,0.0,5.567033741010475e-06,2.633767871884629e-05,0.00084745,2.040697355809338e-06,2.401826751665975e-06,1.918834618103423e-06,1.3910175641965132e-06
3400,3.3782819741645653e-07,3.3782819741645653e-07,0.0,4.988532145310871e-06,2.5049001123989e-05,0.000847,1.87929980582924e-06,2.129886776913593e-06,1.5682879007860909e-06,1.099791263165245e-06
3410,3.3723898695825483e-07,3.3723898695825483e-07,0.0,4.73988681417211e-06,2.392514761595521e-05,0.0008465500000000001,1.8811813478682643e-06,2.153560062607866e-06,1.5630960713198737e-06,1.0945127107007518e-06
3420,3.3670306720523513e-07,3.3670306720523513e-07,0.0,5.670015820575331e-06,2.2970572899794206e-05,0.0008461,2.166986909213022e-06,2.67303159005115e-06,2.1428549536492866e-06,1.8039611891506166e-06
3430,3.3621472539380193e-07,3.3621472539380193e-07,0.0,1.136331917795934e-05,2.2204556444194168e-05,0.00084565,4.00804362353719e-06,5.293412051912842e-06,4.738670664357733e-06,4.415090824006877e-06
3440,3.358312596901669e-07,3.358312596901669e-07,0.0,5.213729714471875e-05,2.363712337682955e-05,0.0008451999999999999,1.692830774119567e-05,2.355745163586618e-05,2.22018300904492e-05,2.1556524208103606e-05
3450,3.4078686894645216e-07,3.4078686894645216e-07,0.0,0.0004565561853925062,9.392559150001034e-05,0.00084475,0.00014635630144781882,0.00020433410267735783,0.0001937017711311773,0.0001889446368237576
3460,1.1624259741438436e-06,1.1624259741438436e-06,0.0,0.005637028215157208,0.0011503065470606089,0.0008443000000000001,0.0018060299744070759,0.002520220932378242,0.002389134230841906,0.002331425348031244
3470,0.0001754656113917008,0.0001754656113917008,0.0,0.08274179530987266,0.015881435945630074,0.00084385,0.026601262332466298,0.03697434125789657,0.03495688001966784,0.03405606700418295
3480,0.00010661283158697188,0.00010661283158697188,0.0,0.06749756322397024,0.00991780124604702,0.0008434,0.02367538684188545,0.03129398707236606,0.027665602683968907,0.025900780906567358
3490,1.6775878975749947e-05,1.6775878975749947e-05,0.0,0.021969258812334722,0.006713964976370335,0.00084295,0.008041329356534423,0.011306669386711644,0.00897134198065169,0.007231462253722
3500,6.728135304001626e-06,6.728135304001626e-06,0.0,0.012312890428695624,0.002802810864523053,0.0008425,0.004258303944060869,0.006399268079682123,0.005218325299491125,0.004214832450140163
3510,2.4503551685484126e-06,2.4503551685484126e-06,0.0,0.007898074705337153,0.0020156661048531532,0.00084205,0.0023451971273224146,0.003507499267705218,0.0034485943268853466,0.003372999241475464
3520,5.70002441691031e-07,5.70002441691031e-07,0.0,0.0022948689009587055,0.00052361044799909,0.0008416000000000001,0.0006920602260219083,0.0010089993138144898,0.0009879034289514547,0.0009702821001403195
3530,7.046743348837481e-07,7.046743348837481e-07,0.0,0.002710688666702301,0.0006882250891067088,0.00084115,0.0007684098389633036,0.0012573307976677908,0.0012150269747468992,0.001148401489018109
3540,4.3227169044257607e-07,4.3227169044257607e-07,0.0,0.0013176074213325539,0.00019136675109621137,0.0008407,0.0004734317053255794,0.0006229819532198705,0.0005368128129357202,0.0004921340072869198
3550,4.6722746560590167e-07,4.6722746560590167e-07,0.0,0.0015444758981603929,0.0003223169769626111,0.00084025,0.0005567260673703648,0.0007938303679512944,0.0006340068035258819,0.0005097927809078928
3560,3.9380432781399577e-07,3.9380432781399577e-07,0.0,0.0008480454641893394,0.00015743638505227864,0.0008398,0.00031306687017562044,0.0004170560463611276,0.00034110971136732093,0.00029432753070053174
3570,3.726928810010577e-07,3.726928810010577e-07,0.0,0.000337427815923552,0.00011305006773909554,0.0008393500000000001,9.80999701111631e-05,0.00015082969198670942,0.00014887043702725927,0.00014511609803664286
3580,3.6633875311054e-07,3.6633875311054e-07,0.0,0.0002838840387276573,8.373135642614216e-05,0.0008389,0.00010340355004144796,0.00014576603785327043,0.00011585657332103627,9.347541056025994e-05
3590,3.598555338157894e-07,3.598555338157894e-07,0.0,0.0001577050172715007,7.290993380593136e-05,0.00083845,5.665193770260475e-05,7.458761611261969e-05,6.338504539150596e-05,5.76656609867416e-05
3600,3.5596562497630657e-07,3.5596562497630657e-07,0.0,8.577239666944137e-05,6.377363752108067e-05,0.000838,3.0213344527352733e-05,4.411286112501396e-05,3.589748030603219e-05,2.8736779255021846e-05
3610,3.528339505010081e-07,3.528339505010081e-07,0.0,6.165870649209204e-05,5.6659897381905466e-05,0.0008375500000000001,2.167216503138384e-05,3.159597186850854e-05,2.5799280040605144e-05,2.0635100232191496e-05
3620,3.502288734580361e-07,3.502288734580361e-07,0.0,4.987424105393922e-05,5.055057772551663e-05,0.0008371,1.6368636464657385e-05,2.200558083924839e-05,2.0165366296006616e-05,1.9365189855675908e-05
3630,3.4803645121428417e-07,3.4803645121428417e-07,0.0,1.1738710339265478e-05,4.5669308747164905e-05,0.00083665,4.642181086688511e-06,5.856496402386584e-06,4.683974835481693e-06,3.485147699640572e-06
3640,3.4621947975210787e-07,3.4621947975210787e-07,0.0,1.0130670502971256e-05,4.19177595176734e-05,0.0008362,4.283909317924263e-06,5.117196104575266e-06,4.027538689035179e-06,3.2193098982552923e-06
3650,3.4466364695617813e-07,3.4466364695617813e-07,0.0,1.1113873158787666e-05,3.8755941204726696e-05,0.00083575,4.349871471948063e-06,5.3874690232074964e-06,3.9210728805033725e-06,3.106626464038572e-06
3660,3.433227391269611e-07,3.433227391269611e-07,0.0,8.300575798371414e-06,3.577430106815882e-05,0.0008353,3.5035035734759077e-06,4.145612109873708e-06,3.2644685620088603e-06,2.585600808676398e-06
3670,3.4216327549074776e-07,3.4216327549074776e-07,0.0,6.36520514692677e-06,3.3282402000622824e-05,0.00083485,2.679669311740648e-06,3.0574023677960957e-06,2.019817844233717e-06,1.2696860224139967e-06
3680,3.411514626350254e-07,3.411514626350254e-07,0.0,5.683854138209643e-06,3.104771167272702e-05,0.0008344,2.3708322102183346e-06,2.660511824940946e-06,1.784562421646774e-06,1.0811019537871542e-06
3690,3.4026626849481545e-07,3.4026626849481545e-07,0.0,9.909849406715257e-06,2.9088056180626154e-05,0.00083395,3.850975263946026e-06,4.8120209049434315e-06,3.985427356740012e-06,3.345217735963785e-06
3700,3.394836767256493e-07,3.394836767256493e-07,0.0,6.4266032692586105e-06,2.740931449807249e-05,0.0008335,2.546662200141478e-06,3.0454957353904993e-06,2.405441970233829e-06,1.8152359778956219e-06
3710,3.387849574210122e-07,3.387849574210122e-07,0.0,4.83473984766771e-06,2.595539808680769e-05,0.0008330500000000001,1.909146652167352e-06,2.1412005291278334e-06,1.4780860206295072e-06,9.658007625558016e-07
3720,3.3816101563388656e-07,3.3816101563388656e-07,0.0,5.2094467891884604e-06,2.4719822249608114e-05,0.0008326000000000001,1.9244573717422846e-06,2.228552173529778e-06,1.590398212151284e-06,1.237387781813174e-06
3730,3.375953951945121e-07,3.375953951945121e-07,0.0,4.816726132693662e-06,2.3640754079679027e-05,0.0008321499999999999,1.8753519621043048e-06,2.1705007590785446e-06,1.6342809955336519e-06,1.2320258534418212e-06
3740,3.3708616342664754e-07,3.3708616342664754e-07,0.0,5.081838434398978e-06,2.2739053747500293e-05,0.0008317,1.9251666500343312e-06,2.2818360989762912e-06,1.798687112559852e-06,1.4275569616617413e-06
3750,3.3661697784737044e-07,3.3661697784737044e-07,0.0,6.563537521072888e-06,2.199446680606343e-05,0.0008312500000000001,2.420989378721407e-06,3.0297157265108346e-06,2.5214488480991023e-06,2.0819921853694813e-06
3760,3.3625485684751766e-07,3.3625485684751766e-07,0.0,5.411270837978142e-05,2.3256498025148176e-05,0.0008308,1.9514087579584037e-05,2.5695300484921454e-05,2.1959365050114226e-05,1.9803452616420824e-05
3770,3.480026578017714e-07,3.480026578017714e-07,0.0,0.0007112305949301697,0.0001309815124841407,0.0008303500000000001,0.00025613869816063525,0.0003377578912950796,0.00028671096835414874,0.0002589701300188556
3780,3.986243427789304e-06,3.986243427789304e-06,0.0,0.012295581200209337,0.0022776902187615633,0.0008299,0.004426585333534275,0.005838285742385114,0.004953688082311207,0.00447431101326189
3790,0.0005898064700886607,0.0005898064700886607,0.0,0.1567909981706575,0.023324232548475266,0.00082945,0.05573483827993006,0.07363463483017525,0.06317028468548293,0.05749763799110105
3800,0.0001244223240064457,0.0001244223240064457,0.0,0.06994903747957487,0.011142183095216751,0.000829,0.025317137311445893,0.0333983523105628,0.028158839468292295,0.025196771662620365
3810,2.2015579816070385e-05,2.2015579816070385e-05,0.0,0.02893462737415549,0.0048058852553367615,0.0008285500000000001,0.009420313605980975,0.0127474717467356,0.011953360425315175,0.011651980777396457
3820,1.4134195225778967e-05,1.4134195225778967e-05,0.0,0.017975284758658564,0.003859695279970765,0.0008281000000000001,0.006297672959607982,0.009360542284848738,0.0075808924107318995,0.006104959078811314
3830,1.5343551922342158e-06,1.5343551922342158e-06,0.0,0.004708831364154682,0.0022032202687114477,0.00082765,0.0014010428376133187,0.0023233321820497,0.00211584613359341,0.0019047808051365204
3840,1.8779156789605622e-06,1.8779156789605622e-06,0.0,0.005442654530775793,0.0010297406697645783,0.0008271999999999999,0.0017031803623994246,0.0027557513048126867,0.0023967227333724674,0.002061575330419553
3850,8.723609425942414e-07,8.723609425942414e-07,0.0,0.003678294717161062,0.0008545478922314942,0.00082675,0.0013599312154718938,0.0018529467398687256,0.0014919738633275342,0.001241200115859675
3860,4.7177667283904157e-07,4.7177667283904157e-07,0.0,0.0009902575101270138,0.0002553492959123105,0.0008263000000000001,0.0002955815909315211,0.00048605195895270575,0.00044590549868803815,0.0004050411696704753
3870,5.028344958191155e-07,5.028344958191155e-07,0.0,0.0018521740551095418,0.0003200128849130124,0.00082585,0.0006697819311715235,0.0008854730255306257,0.0007433954762254563,0.0006610209389129176
3880,4.07331867791072e-07,4.07331867791072e-07,0.0,0.0005271475322216843,0.00012641961802728474,0.0008254,0.000178324307210021,0.0002368175873945094,0.0002171532841084442,0.00020952608753300103
3890,3.9901115655993635e-07,3.9901115655993635e-07,0.0,0.0004438867067546868,0.0001459335326217115,0.00082495,0.0001567000556499203,0.00023070130024616806,0.0001868467576801038,0.0001509349437509224
3900,3.8397675439227896e-07,3.8397675439227896e-07,0.0,0.00017689641176855868,9.488929208600894e-05,0.0008245,6.531891672686478e-05,9.12204982510117e-05,7.253798335000331e-05,5.875830182403137e-05
3910,3.765864278193476e-07,3.765864278193476e-07,0.0,8.885158613737061e-05,9.324657003162429e-05,0.00082405,3.065437602759659e-05,4.5702092161892556e-05,3.759562969207764e-05,3.0177833342090652e-05
3920,3.712240470576944e-07,3.712240470576944e-07,0.0,0.00010274655199360715,8.181100565707311e-05,0.0008236000000000001,3.567262829649685e-05,5.2444168446034906e-05,4.299145376149546e-05,3.461085560470754e-05
3930,3.663225243144552e-07,3.663225243144552e-07,0.0,3.711105326272384e-05,7.045084930723533e-05,0.00082315,1.2657489406694645e-05,1.8739886877191296e-05,1.5617967577346e-05,1.2432849833151078e-05
3940,3.624820692493813e-07,3.624820692493813e-07,0.0,1.1542160782014085e-05,6.362817657645792e-05,0.0008227,5.189054594865162e-06,5.95895117728798e-06,3.971017485717913e-06,2.669026052202414e-06
3950,3.5931697084379266e-07,3.5931697084379266e-07,0.0,1.695311007444666e-05,5.7872235629474744e-05,0.0008222500000000001,7.0043234713545715e-06,9.11721363161701e-06,6.592030393329694e-06,5.063836275579914e-06
3960,3.5664567121784785e-07,3.5664567121784785e-07,0.0,1.4475927812771471e-05,5.276473530102521e-05,0.0008218,6.018373081002179e-06,7.904404140932807e-06,5.772767951693643e-06,4.538652247999255e-06
3970,3.54381342049237e-07,3.54381342049237e-07,0.0,1.0738405476742229e-05,4.8262361815432087e-05,0.00082135,4.701752109824496e-06,5.904278689418021e-06,4.176645855325227e-06,3.2185916664869563e-06
3980,3.524592102621682e-07,3.524592102621682e-07,0.0,8.48230673219778e-06,4.4313757825875655e-05,0.0008209,3.8385338631497735e-06,4.551662414543381e-06,2.9795182362782547e-06,2.0312991894559916e-06
3990,3.508162933485437e-07,3.508162933485437e-07,0.0,7.800031770379359e-06,4.0846796764526516e-05,0.00082045,3.315764731035103e-06,3.8123172850530465e-06,2.5296587303338734e-06,1.7198784064049167e-06
4000,3.4940507021019584e-07,3.4940507021019584e-07,0.0,7.422571727470835e-06,3.774600918404758e-05,0.0008200000000000001,3.0909239504433364e-06,3.562762062727052e-06,2.389858110202892e-06,1.6736017609900608e-06
4010,3.481830788132356e-07,3.481830788132356e-07,0.0,6.266231286021371e-06,3.498199657769874e-05,0.00081955,2.7854642260900903e-06,3.1851667755336954e-06,2.0291686305257808e-06,1.286304915480327e-06
4020,3.4712095953182143e-07,3.4712095953182143e-07,0.0,5.723188337109447e-06,3.259339791839011e-05,0.0008190999999999999,2.514015804680183e-06,2.838733844902194e-06,1.820682694894654e-06,1.1400914735537154e-06
4030,3.4618963695720595e-07,3.4618963695720595e-07,0.0,5.391116635182412e-06,3.051739804504905e-05,0.00081865,2.22207408793962e-06,2.476895065874162e-06,1.7008706724297964e-06,1.0866924762536215e-06
4040,3.4536580528765626e-07,3.4536580528765626e-07,0.0,5.205819244437907e-06,2.872270306397695e-05,0.0008182,2.0654025167973405e-06,2.3110794553111862e-06,1.6011454421206155e-06,1.0829649803576322e-06
4050,3.446342589086271e-07,3.446342589086271e-07,0.0,4.9884880796508815e-06,2.715281880227849e-05,0.00081775,2.0362613629906225e-06,2.3027564154409863e-06,1.6343952311453518e-06,1.1369151561210124e-06
4060,3.4397984904899204e-07,3.4397984904899204e-07,0.0,4.789792646364351e-06,2.5832801838987507e-05,0.0008173000000000001,1.8084807866374282e-06,2.043538841828437e-06,1.4829151672136927e-06,1.0642804091917067e-06
4070,3.433904396388243e-07,3.433904396388243e-07,0.0,4.665099627880422e-06,2.4701923393877223e-05,0.0008168499999999999,1.8434205317045898e-06,2.1150457672012823e-06,1.5237942248866713e-06,1.1497287515967485e-06
4080,3.428555146456347e-07,3.428555146456347e-07,0.0,4.4961528500503384e-06,2.37712447415106e-05,0.0008164,1.6223832383141201e-06,1.832471537935554e-06,1.3092375776986793e-06,1.0421597922690922e-06
4090,3.4236461488035275e-07,3.4236461488035275e-07,0.0,4.336264523331008e-06,2.2981786969467066e-05,0.00081595,1.6238216693587606e-06,1.860557292645762e-06,1.3724875693189256e-06,1.0720171645022783e-06
4100,3.4191253917015274e-07,3.4191253917015274e-07,0.0,4.328535102964886e-06,2.2349489881889895e-05,0.0008155,1.561398543341137e-06,1.8187513232886464e-06,1.2291879662254516e-06,1.001956749003471e-06
4110,3.414928926304128e-07,3.414928926304128e-07,0.0,4.075701713989559e-06,2.1824738723807968e-05,0.0008150500000000001,1.4639781383106593e-06,1.7035943742077183e-06,1.2668828599463652e-06,1.044098901535938e-06
4120,3.410990530028357e-07,3.410990530028357e-07,0.0,4.340882431654936e-06,2.1417474272311665e-05,0.0008146,1.4102212080853402e-06,1.6390707794292402e-06,1.271378290741976e-06,1.215729168835851e-06
4130,3.4073116239596857e-07,3.4073116239596857e-07,0.0,5.332019875886615e-06,2.1101499442011118e-05,0.00081415,1.7016388048257424e-06,2.087262402010837e-06,1.7477025586827117e-06,1.7575483891888216e-06
4140,3.4037947216347675e-07,3.4037947216347675e-07,0.0,5.54578031059374e-06,2.086708445858676e-05,0.0008137,1.8314571500028644e-06,2.25969345185798e-06,1.8346386944758942e-06,1.816996857703007e-06
4150,3.400458865598921e-07,3.400458865598921e-07,0.0,7.528951810774534e-06,2.0688510630861856e-05,0.0008132500000000001,2.2319384013564595e-06,3.0070438815193456e-06,2.887288643071813e-06,2.962268914286021e-06
4160,3.397369141566742e-07,3.397369141566742e-07,0.0,2.1412914316441275e-05,2.1004332666052505e-05,0.0008128,6.327202690055223e-06,9.152468156371013e-06,9.062334701336034e-06,9.122049749033904e-06
4170,3.3985355685217655e-07,3.3985355685217655e-07,0.0,0.00011985383604073011,3.3908301702467725e-05,0.00081235,3.6226650583553205e-05,5.221345193945245e-05,5.143297196580082e-05,5.1278855733623264e-05
4180,3.732511402176897e-07,3.732511402176897e-07,0.0,0.001067162252516262,0.0002456365618854761,0.0008119000000000001,0.0003260634815487448,0.0004658714440094811,0.00045731355968899203,0.0004549504738285592
4190,5.436934316094266e-06,5.436934316094266e-06,0.0,0.013025844184584457,0.0030445337761193514,0.00081145,0.003979989032504486,0.005688602626205906,0.005585673320652953,0.005555665234036556
4200,0.00025135756004601717,0.00025135756004601717,0.0,0.09672443782312141,0.015981320291757584,0.000811,0.03127361686697036,0.04257000333863118,0.04069394173009754,0.040095529339603406
4210,6.15418393863365e-05,6.15418393863365e-05,0.0,0.037494021662652637,0.008361260406672955,0.00081055,0.012934426239913432,0.01939846213751506,0.01591164691571885,0.01294041126230621
4220,9.746448995429091e-06,9.746448995429091e-06,0.0,0.017370639465983023,0.0031631195452064276,0.0008101,0.006307394579722727,0.00856660662901371,0.006948287557251407,0.005878429920283561
4230,4.203639036859386e-06,4.203639036859386e-06,0.0,0.008853604617681485,0.0026495580095797777,0.00080965,0.0025501135310135726,0.004252979447164589,0.0040020131096439055,0.0036719650278680886
4240,1.8704912463363144e-06,1.8704912463363144e-06,0.0,0.006840341602966807,0.0009843114530667663,0.0008092,0.0025139323492127117,0.003413271656768329,0.0027564503130440947,0.002319257116860675
4250,1.0590057399895159e-06,1.0590057399895159e-06,0.0,0.004609453894540898,0.0010356158018112183,0.00080875,0.0013776096184204643,0.001987522827978382,0.001981374241440663,0.0019779798485921097
4260,5.048936486673483e-07,5.048936486673483e-07,0.0,0.0018375268993226727,0.00024281757941935211,0.0008083000000000001,0.0006604356023558744,0.0009394563353737939,0.0007565154886858375,0.0006143669298897008
4270,4.4483775241133117e-07,4.4483775241133117e-07,0.0,0.001618647749914111,0.0003572822024580091,0.0008078499999999999,0.0005066644998992411,0.0006997999166047843,0.0006811839528391438,0.0006780053888000323
4280,4.0130666434379236e-07,4.0130666434379236e-07,0.0,0.0009326178907945597,0.0001937105698743835,0.0008074,0.0003276135344287268,0.0004789130799374242,0.00038980376815359193,0.00031644829489223605
4290,3.61156992312317e-07,3.61156992312317e-07,0.0,0.0001134419534572663,8.908213931135833e-05,0.0008069500000000001,4.192524522079764e-05,5.516012374587517e-05,4.5780538546475155e-05,4.06838760766382e-05
4300,3.619315691594238e-07,3.619315691594238e-07,0.0,0.0003519587912093378,0.00011423925025155768,0.0008065,0.0001259530414297627,0.00017980718920017742,0.00014545193732760315,0.0001181731982647112
4310,3.5647602203425777e-07,3.5647602203425777e-07,0.0,0.0002816437466170237,7.529198774136603e-05,0.00080605,8.78555176854705e-05,0.00012169081619785706,0.00011855514055171212,0.00011803651390301318
4320,3.522517602050357e-07,3.522517602050357e-07,0.0,0.00011755907749596896,5.490715557243675e-05,0.0008056,4.2448862856108874e-05,5.8952492865848984e-05,4.7876403638330374e-05,3.955558638209767e-05
4330,3.498582259453542e-07,3.498582259453542e-07,0.0,6.546893744836988e-05,4.7920180804794654e-05,0.00080515,2.294169754821458e-05,3.0116765605918392e-05,2.5847131505572963e-05,2.3927246979135585e-05
4340,3.4811625937436474e-07,3.4811625937436474e-07,0.0,4.848408248745324e-05,4.286052717361599e-05,0.0008047,1.676175151258259e-05,2.198924476187631e-05,2.004731045410448e-05,1.9224616762634736e-05
4350,3.466670648322179e-07,3.466670648322179e-07,0.0,3.184218958676519e-05,3.946482320316136e-05,0.0008042500000000001,1.1784687808339347e-05,1.597762460421696e-05,1.2573085447243656e-05,1.043526261061951e-05
4360,3.4543421634225524e-07,3.4543421634225524e-07,0.0,1.6005267645837605e-05,3.568707325030118e-05,0.0008038,5.584834214269334e-06,7.4173027672014055e-06,6.905577469117555e-06,6.674059270893805e-06
4370,3.4439867135915847e-07,3.4439867135915847e-07,0.0,1.054231733042147e-05,3.29737231368199e-05,0.00080335,3.905192919719794e-06,4.978619477088587e-06,4.4208757442584674e-06,4.138056211289888e-06
4380,3.4350640021330037e-07,3.4350640021330037e-07,0.0,8.079822955447639e-06,3.07400623569265e-05,0.0008029,3.160176215488539e-06,4.016601106868486e-06,2.842903156743014e-06,2.211618171340062e-06
4390,3.427313686188427e-07,3.427313686188427e-07,0.0,1.2460905675657142e-05,2.888558265112806e-05,0.00080245,4.551928237045909e-06,5.888759046459566e-06,4.623692906561311e-06,4.05963499592132e-06
4400,3.4206436794192996e-07,3.4206436794192996e-07,0.0,2.648585334082189e-05,2.7678179321810603e-05,0.0008020000000000001,9.405258794332212e-06,1.2338470218322414e-05,1.0353508998929867e-05,9.487324145524513e-06
4410,3.41715178819868e-07,3.41715178819868e-07,0.0,0.00010346286081916675,3.251112502766773e-05,0.00080155,3.6804260356821445e-05,4.843790628450681e-05,4.140178968017871e-05,3.796285843935851e-05
4420,3.5271503406875127e-07,3.5271503406875127e-07,0.0,0.0006748452990561672,0.00013033508730586618,0.0008011,0.00024045576781071034,0.00031649317660698353,0.0002713443697488073,0.0002484475749261358
4430,1.4225574886950199e-06,1.4225574886950199e-06,0.0,0.006453213910922618,0.0012428370537236333,0.00080065,0.002300633294623845,0.0030281584935407673,0.0025966268916111767,0.002376398242782506
4440,0.00014718495367560536,0.00014718495367560536,0.0,0.07518563579866715,0.014134549535810947,0.0008002,0.0268180011429884,0.035267745812414535,0.030300845152750777,0.027799311026154776
4450,0.00013544225657824427,0.00013544225657824427,0.0,0.07237143096611312,0.01090475544333458,0.00079975,0.025312969775903308,0.03325226247254268,0.02917151652045881,0.027269941791954407
4460,3.805849701166153e-05,3.805849701166153e-05,0.0,0.03817604340068968,0.006155650597065687,0.0007993000000000001,0.013155567437755563,0.017274566682495777,0.01540255530147016,0.014612713605381163
4470,1.4320645277621225e-05,1.4320645277621225e-05,0.0,0.02301216410049187,0.0035720334853976965,0.00079885,0.007776061311166362,0.010263673566728266,0.009397389608822259,0.009097849045873085
4480,4.956354587193346e-06,4.956354587193346e-06,0.0,0.012999503263187074,0.0018639699555933475,0.0007984,0.0042500793096906485,0.005673198740959562,0.005339219057131068,0.005260667216194906
4490,1.5837181308597792e-06,1.5837181308597792e-06,0.0,0.006523798572525037,0.0008134208037517965,0.00079795,0.0021306469444520608,0.0028628748622155174,0.002716365891911424,0.0026844793671617203
4500,6.608355533899157e-07,6.608355533899157e-07,0.0,0.003140747904033198,0.0003137530293315649,0.0007975,0.001021693465427522,0.0013678759366047724,0.001295844523151932,0.0012811013200831772
4510,4.562419917419902e-07,4.562419917419902e-07,0.0,0.001651972704050613,0.0001669570046942681,0.0007970500000000001,0.0005510341836396129,0.0007287754400053673,0.0006751005520349651,0.0006590064413217731
4520,4.063537630827341e-07,4.063537630827341e-07,0.0,0.0010555886097741098,0.00013872215640731156,0.0007966,0.00036369263606875023,0.0004774599180951442,0.00043073119110063164,0.0004126510272530858
4530,3.872097238399874e-07,3.872097238399874e-07,0.0,0.0007905805969526485,0.00012491138477344066,0.00079615,0.00027177337648910335,0.00035636424300518603,0.0003195882441636496,0.0003050008636663335
4540,3.7477894920812105e-07,3.7477894920812105e-07,0.0,0.0005819759377684137,0.0001096345076803118,0.0007957,0.00020177099320709517,0.00026449998831820924,0.00023695375799309332,0.00022567547253609223
4550,3.6522368418445694e-07,3.6522368418445694e-07,0.0,0.00036215543294907407,8.957886893767864e-05,0.0007952500000000001,0.00012447435064942344,0.0001632435858491845,0.00014722854010937918,0.00014094827444055796
4560,3.5898474948226067e-07,3.5898474948226067e-07,0.0,0.00013993341305402866,6.790934276068583e-05,0.0007948,4.7974371196323284e-05,6.289923995733266e-05,5.727000136035752e-05,5.51519997791085e-05
4570,3.557691741207236e-07,3.557691741207236e-07,0.0,2.7432757626146845e-05,5.643961776513606e-05,0.00079435,9.81290787406817e-06,1.268747904505939e-05,1.0332953077155749e-05,9.25550342629646e-06
4580,3.53672788833137e-07,3.53672788833137e-07,0.0,7.875060682919253e-05,5.2631083235610276e-05,0.0007939,2.7480087629712383e-05,3.5985375648071374e-05,3.147520854982763e-05,2.9568882960807204e-05
4590,3.516834965466842e-07,3.516834965466842e-07,0.0,3.364499928929026e-05,4.687374894274399e-05,0.00079345,1.1928185823660331e-05,1.555106003838886e-05,1.3094057839988748e-05,1.2010453781343585e-05
4600,3.501151013551862e-07,3.501151013551862e-07,0.0,1.971455862079427e-05,4.190039908280596e-05,0.0007930000000000001,7.051842190496378e-06,9.076567180753643e-06,8.282285953537926e-06,7.946019755543584e-06
4610,3.488032973564259e-07,3.488032973564259e-07,0.0,1.3752020237821076e-05,3.836300675175153e-05,0.00079255,5.163487866740239e-06,6.50297039755457e-06,5.625699938060244e-06,5.084316746649377e-06
4620,3.4769269063872343e-07,3.4769269063872343e-07,0.0,1.001641291100923e-05,3.542639751685783e-05,0.0007921,3.216423469424075e-06,4.109285224602124e-06,3.6338083756344813e-06,3.512176473732503e-06
4630,3.46740108625454e-07,3.46740108625454e-07,0.0,5.304146417769826e-06,3.2760861358838156e-05,0.00079165,2.062897582545392e-06,2.3192211679054045e-06,1.5896564669662251e-06,1.1330237207833624e-06
4640,3.459130937244481e-07,3.459130937244481e-07,0.0,5.390936790443294e-06,3.0531358788721263e-05,0.0007912,2.2067796984213193e-06,2.586104702089579e-06,1.8798958985113808e-06,1.5078827208703308e-06
4650,3.45189079098418e-07,3.45189079098418e-07,0.0,4.6267610715700526e-06,2.8743574148393236e-05,0.0007907500000000001,1.7932529111914951e-06,2.000117520066953e-06,1.3559831209796294e-06,9.7632310534048e-07
4660,3.4454868114153214e-07,3.4454868114153214e-07,0.0,4.776493013288193e-06,2.7281868824502453e-05,0.0007903,1.7693818890474667e-06,2.014279677760225e-06,1.3604021747830847e-06,1.1010330964012873e-06
4670,3.4397527315377374e-07,3.4397527315377374e-07,0.0,5.823076570059764e-06,2.6054038244183175e-05,0.0007898499999999999,2.1666463598620376e-06,2.638731224815204e-06,2.1453269713169857e-06,1.8075433298054678e-06
4680,3.43456321161284e-07,3.43456321161284e-07,0.0,4.542893311875648e-06,2.5128081688308157e-05,0.0007894,1.5251211914549015e-06,1.7539960549171446e-06,1.3290043706676708e-06,1.215707096282148e-06
4690,3.429792059250758e-07,3.429792059250758e-07,0.0,4.297043120938354e-06,2.4382936317124404e-05,0.0007889500000000001,1.4829879858667681e-06,1.6969218039634032e-06,1.1909780613079075e-06,1.0759888262439924e-06
4700,3.425396641887346e-07,3.425396641887346e-07,0.0,4.066065301808034e-06,2.3810604034224525e-05,0.0007885,1.405185305902422e-06,1.6113732312848035e-06,1.0965585747089158e-06,9.82215822163007e-07
4710,3.421323526708875e-07,3.421323526708875e-07,0.0,5.045885866195216e-06,2.337320984224789e-05,0.00078805,1.744666306070807e-06,2.148905503220663e-06,1.8107671910817274e-06,1.5564408622286725e-06
4720,3.4174831853306387e-07,3.4174831853306387e-07,0.0,4.8306945868219004e-06,2.3088176021701656e-05,0.0007876,1.6311885584836394e-06,2.017425492366836e-06,1.7624499094135562e-06,1.614862655255553e-06
4730,3.413852596167999e-07,3.413852596167999e-07,0.0,5.613936253107462e-06,2.2875576178194024e-05,0.00078715,1.8903831247311446e-06,2.3830636652346822e-06,2.1388272563775996e-06,1.9762322696912546e-06
4740,3.410392821479036e-07,3.410392821479036e-07,0.0,1.2372140957888016e-05,2.2815371266915463e-05,0.0007867,4.350039562389963e-06,5.689920281024373e-06,4.9912505861418036e-06,4.519749618380306e-06
4750,3.4072851917699154e-07,3.4072851917699154e-07,0.0,3.221067587292802e-05,2.3423875973094255e-05,0.0007862500000000001,1.096999638294511e-05,1.4433790978674215e-05,1.322967552459305e-05,1.265550036412707e-05
4760,3.4118201597266307e-07,3.4118201597266307e-07,0.0,0.00017556572464810466,4.025155431008898e-05,0.0007858,5.934562505787864e-05,7.821174507132946e-05,7.190318750526172e-05,6.966911348385561e-05
4770,3.949616598220018e-07,3.949616598220018e-07,0.0,0.0014502351527722556,0.0002805847907438874,0.00078535,0.0004908339680878578,0.0006463704006529598,0.0005927639699059605,0.0005745478670903418
4780,7.5997650128556415e-06,7.5997650128556415e-06,0.0,0.016684062680782475,0.003262970596551895,0.0007848999999999999,0.005647498260232401,0.0074369883493721626,0.006815198215545954,0.006603008742190953
4790,0.00031298803514800966,0.00031298803514800966,0.0,0.10936769526007332,0.01682184264063835,0.00078445,0.03697368635504868,0.04870335134016722,0.044398511409446284,0.04276508866006202
4800,5.701970439986326e-05,5.701970439986326e-05,0.0,0.04436255667616553,0.009179024025797844,0.0007840000000000001,0.014222317966159094,0.019235218235105173,0.01855504982996077,0.01851621673891876
4810,2.6789541152538732e-05,2.6789541152538732e-05,0.0,0.02989009882491362,0.005552484188228846,0.0007835499999999999,0.009307587338151457,0.012711405297402317,0.012461159244121937,0.012533065227534926
4820,6.590216344193323e-06,6.590216344193323e-06,0.0,0.014668146114711183,0.0018402100540697575,0.0007831,0.004723612332240508,0.006340771331870387,0.006092116917660277,0.0060724145522708965
4830,4.599341707489657e-07,4.599341707489657e-07,0.0,0.0010834985347665921,0.0007315243128687143,0.0007826500000000001,0.00038765290168080353,0.0005413872265359206,0.0004364915815282167,0.0003616922019408386
4840,1.0302921964466805e-06,1.0302921964466805e-06,0.0,0.004592306936115014,0.0010704323649406433,0.0007822,0.0014677249121322201,0.0019851963899261372,0.0019248436608014705,0.0019265865265214643
4850,8.052026601035323e-07,8.052026601035323e-07,0.0,0.003817073871454913,0.0006371721974574029,0.00078175,0.001225819426992243,0.0016384145572369356,0.0015705907095773812,0.0015675726949439602
4860,4.729169518213894e-07,4.729169518213894e-07,0.0,0.0017055092620521738,0.0002592761011328548,0.0007813,0.0005311466449097111,0.0007280592565181948,0.0007169957057567004,0.0007227558064967915
4870,3.8405704572141985e-07,3.8405704572141985e-07,0.0,0.00048505802334316764,0.00011121228453703225,0.00078085,0.00014832789803006705,0.00020604191162085927,0.00020478325743714893,0.00020705152272145554
4880,3.704081450450758e-07,3.704081450450758e-07,0.0,7.395457728574489e-05,0.00010331747034797445,0.0007804,2.6648220932781685e-05,3.780798867442826e-05,3.0092242936700148e-05,2.476610198211957e-05
4890,3.6529053204503725e-07,3.6529053204503725e-07,0.0,0.00012169073591270371,9.194645826937631e-05,0.0007799500000000001,4.15618442827731e-05,5.434666356958491e-05,4.876612804278516e-05,4.652877501518042e-05
4900,3.6090585808778997e-07,3.6090585808778997e-07,0.0,8.070222414743564e-05,7.880181510699913e-05,0.0007795,2.4868241167925263e-05,3.5524938638500103e-05,3.54579729452949e-05,3.5700032065566965e-05
4910,3.573529738787329e-07,3.573529738787329e-07,0.0,4.458017793421513e-05,6.717976793879643e-05,0.00077905,1.604125834490771e-05,2.0785680438181638e-05,1.84581988021337e-05,1.7373801836308655e-05
4920,3.5458987213132787e-07,3.5458987213132787e-07,0.0,1.2591969816469997e-05,5.890884131076746e-05,0.0007786,5.3453885308209725e-06,6.789339524891497e-06,4.839870790200146e-06,3.7297893621788442e-06
4930,3.5240006468484353e-07,3.5240006468484353e-07,0.0,2.2848364702897977e-05,5.295614755596034e-05,0.00077815,6.547973446618916e-06,9.142948491400208e-06,9.099773635000968e-06,9.193520970586264e-06
4940,3.5061086123278074e-07,3.5061086123278074e-07,0.0,2.8444846335414427e-05,4.793241896550171e-05,0.0007777000000000001,8.463359859279555e-06,1.1707512915347193e-05,1.1595385403355675e-05,1.1728672880277025e-05
4950,3.4911511193058686e-07,3.4911511193058686e-07,0.0,2.1667061955469117e-05,4.333713877713308e-05,0.0007772500000000001,6.507321908960169e-06,8.894301247145295e-06,8.710134220075664e-06,8.790360632332549e-06
4960,3.4786330616043415e-07,3.4786330616043415e-07,0.0,9.734972451138719e-06,3.9266622479772195e-05,0.0007767999999999999,2.893548347638302e-06,3.869049810452343e-06,3.6238139554075917e-06,3.5254839336322864e-06
4970,3.4681556826399174e-07,3.4681556826399174e-07,0.0,7.6213791788603865e-06,3.593822111724876e-05,0.00077635,2.894605847417802e-06,3.636132136680694e-06,2.9043728640441426e-06,2.287465226238536e-06
4980,3.4594563658174593e-07,3.4594563658174593e-07,0.0,2.668685933156739e-05,3.421619112486951e-05,0.0007759,9.307184346023787e-06,1.3445471206640829e-05,1.1086082129463924e-05,9.062110735700898e-06
4990,3.4616655852914846e-07,3.4616655852914846e-07,0.0,0.00015147950598731814,5.814447649754584e-05,0.00077545,5.2020241847342656e-05,7.755997573514265e-05,6.369639006595948e-05,5.237637549988227e-05
5000,4.1939898665077635e-07,4.1939898665077635e-07,0.0,0.0012945141736004334,0.00042773765744641423,0.0007750000000000001,0.0004462199094735651,0.0006643639054071493,0.0005435643219177367,0.0004468633799769508
5010,1.0725039828685112e-05,1.0725039828685112e-05,0.0,0.015253363956195636,0.005057514179497957,0.0007745499999999999,0.0052637151744446995,0.007828489347576243,0.006400738618158566,0.005259517572839137
5020,2.132531881215982e-05,2.132531881215982e-05,0.0,0.026254435343305283,0.003849867731332779,0.0007741,0.009396683850660822,0.01253292938021601,0.010497935288967326,0.009315293112368601
5030,1.2436124961823225e-05,1.2436124961823225e-05,0.0,0.019012552394260716,0.003971367608755827,0.00077365,0.006848703591498292,0.00927990835592779,0.007634161175376797,0.006565524546520828
5040,1.2508837698987918e-06,1.2508837698987918e-06,0.0,0.005565444842742094,0.0005987911717966199,0.0007732,0.0017870669009948821,0.0023949151848488095,0.002306563412779503,0.0023157736870030427
5050,2.4236678655142896e-06,2.4236678655142896e-06,0.0,0.008504248519769553,0.0016679223626852036,0.0007727500000000001,0.003006930733873222,0.003944488741989562,0.0033991204293161176,0.0031394083606492832
5060,5.385698500504077e-07,5.385698500504077e-07,0.0,0.0019469111682804724,0.0008475584909319878,0.0007723,0.0006565281030920897,0.0009872354002442604,0.0008247628556015956,0.000683573321300385
5070,6.863457429062692e-07,6.863457429062692e-07,0.0,0.0033416310535031575,0.0006417684489861131,0.00077185,0.0010538821821472672,0.0014259832556311712,0.0013926328602938951,0.0014069061565338142
5080,4.0312025362254644e-07,4.0312025362254644e-07,0.0,0.0010511141357162819,0.0003341904084663838,0.0007714,0.00028850822819951347,0.0004610771532231639,0.00046709774570826746,0.0004636468124154585
5090,4.033229004107852e-07,4.033229004107852e-07,0.0,0.0011972498274881555,0.0002819772344082594,0.0007709500000000001,0.00043227390776297384,0.0005911056061283385,0.00048370725982138364,0.00041074670880556825
5100,3.5983615020995785e-07,3.5983615020995785e-07,0.0,0.0005186062654137799,0.00012245652033016086,0.0007705,0.0001539208504875342,0.00021933399760649955,0.000222199720282469,0.00022643368376155658
5110,3.5060938330389035e-07,3.5060938330389035e-07,0.0,0.00018443239566256982,7.420591282425448e-05,0.00077005,5.1804717881193944e-05,7.966930045073059e-05,8.136272536089529e-05,8.17998100258985e-05
5120,3.4896805800599395e-07,3.4896805800599395e-07,0.0,0.0001855544539364545,5.973579754936509e-05,0.0007696000000000001,6.640130648373877e-05,8.77250431849577e-05,7.402911578288976e-05,6.683877940227723e-05
5130,3.474310119599977e-07,3.474310119599977e-07,0.0,0.00014001447600752554,4.389365130919032e-05,0.00076915,4.9828576209889344e-05,6.558332000683695e-05,5.62314898899744e-05,5.1323313490739494e-05
5140,3.4623926126187143e-07,3.4623926126187143e-07,0.0,0.00010059076212866988,3.889426443492994e-05,0.0007687,3.133489221010279e-05,4.2558512029936884e-05,4.176115226179023e-05,4.2370349385013694e-05
5150,3.452518910762592e-07,3.452518910762592e-07,0.0,5.1037884930132494e-05,3.389723860891536e-05,0.00076825,1.821423615007568e-05,2.5376329700311837e-05,2.0926180200952107e-05,1.7480859527868966e-05
5160,3.444723688517115e-07,3.444723688517115e-07,0.0,1.5245486622031438e-05,2.9834687666152604e-05,0.0007678,4.901496118786811e-06,6.407878058056666e-06,5.88857699185831e-06,5.923954535937361e-06
5170,3.438696865032398e-07,3.438696865032398e-07,0.0,1.4444134319685966e-05,2.8204070986248553e-05,0.00076735,5.2534413093798e-06,7.252865640341924e-06,5.6644006746809646e-06,4.6836018753033586e-06
5180,3.4333092457927705e-07,3.4333092457927705e-07,0.0,2.0474137442058122e-05,2.7115296688862145e-05,0.0007669,6.9966803320991084e-06,9.119627826088262e-06,8.445551894737513e-06,8.154978272564232e-06
5190,3.428327204346715e-07,3.428327204346715e-07,0.0,1.2765516330526676e-05,2.6192779841949232e-05,0.00076645,4.557666409218371e-06,6.0223004827131295e-06,5.147875232290754e-06,4.4836840208692455e-06
5200,3.423787688916491e-07,3.423787688916491e-07,0.0,1.2591424585363574e-05,2.5603372705518268e-05,0.0007660000000000001,4.409261922186471e-06,5.709450692958066e-06,5.102659867524444e-06,4.7378192732899586e-06
5210,3.4198021126030653e-07,3.4198021126030653e-07,0.0,3.0310945328161405e-05,2.56875700870296e-05,0.0007655499999999999,1.048322306009416e-05,1.3691630340259828e-05,1.2342960558223556e-05,1.1734769693916824e-05
5220,3.420124414788006e-07,3.420124414788006e-07,0.0,0.00012765185343784446,3.5109504096908495e-05,0.0007651,4.4457329108767675e-05,5.812528897278076e-05,5.154373690901007e-05,4.876089607239801e-05
5230,3.6070522924092074e-07,3.6070522924092074e-07,0.0,0.00084126253032723,0.0001708847557893023,0.0007646500000000001,0.0002923825882392733,0.000382141698622023,0.0003390727348032114,0.00032194813124894597
5240,2.0839158878516173e-06,2.0839158878516173e-06,0.0,0.007951537489146189,0.0016303228912875056,0.0007642,0.002763135847468103,0.0036115734502152443,0.003203306710872169,0.0030416740774773534
5250,0.00018894171807914972,0.00018894171807914972,0.0,0.08272370144077078,0.015971403568983078,0.0007637500000000001,0.028612756236080165,0.03743462545186682,0.03328467095449602,0.03163948270419408
5260,7.19408635632135e-05,7.19408635632135e-05,0.0,0.05092482889999893,0.007221702020615339,0.0007633,0.017356305794317982,0.02263948363804564,0.020518083214386983,0.01990189459029963
5270,2.6511610485613346e-05,2.6511610485613346e-05,0.0,0.030359304197644387,0.004613689612597227,0.00076285,0.01051148674321518,0.013696200792092775,0.012243386015652946,0.011733161116837986
5280,7.0079190663818736e-06,7.0079190663818736e-06,0.0,0.015183349805765264,0.0020934739150106907,0.0007624,0.005276821413115143,0.006879084416739295,0.006066528545293434,0.0057503527787449065
5290,1.5440291463164613e-06,1.5440291463164613e-06,0.0,0.006161254087466623,0.000618831196334213,0.0007619500000000001,0.002191883128084328,0.0028751286236627536,0.0024663695730437656,0.0022692714926798945
5300,5.493479307006055e-07,5.493479307006055e-07,0.0,0.0020580854642415947,0.00017134267545770854,0.0007615000000000001,0.0007514718367917442,0.001027717050679874,0.0008378298561888018,0.000709735829711006
5310,4.23971158625136e-07,4.23971158625136e-07,0.0,0.0008932171154207478,0.000234596140217036,0.00076105,0.00028605818408426867,0.00044822957603707646,0.0003849377974647797,0.00032811599565924014
5320,3.866488214043784e-07,3.866488214043784e-07,0.0,0.0004749470836068149,0.00017310517432633787,0.0007606,0.00014809721292949863,0.00023490091441975733,0.0002053192193060592,0.00017832210573064388
5330,3.7197042956904625e-07,3.7197042956904625e-07,0.0,0.00032739769246636777,9.505405614618212e-05,0.00076015,0.0001177418625067809,0.0001545731632572657,0.00013155300085894556,0.00011976742841599493
5340,3.697406043556839e-07,3.697406043556839e-07,0.0,0.0004673472848232848,0.00010244329314446077,0.0007597000000000001,0.00015422208001804373,0.00020187697225088373,0.00018852040823427336,0.0001870986096754296
5350,3.6434602179724607e-07,3.6434602179724607e-07,0.0,0.0004049046760312213,9.559431782690808e-05,0.0007592499999999999,0.00014186082641512812,0.00018501471842324958,0.00016237866939066743,0.00015322514454724423
5360,3.591507038436248e-07,3.591507038436248e-07,0.0,0.0002838986758155084,8.705140498932451e-05,0.0007588,0.00010256283822441692,0.00013787949035304684,0.00011400325197477712,9.946242807968742e-05
5370,3.5442272405816766e-07,3.5442272405816766e-07,0.0,0.0001352895529128193,6.700752419419587e-05,0.00075835,4.794191049835576e-05,6.33160421615956e-05,5.350356290156028e-05,4.853158592152901e-05
5380,3.518441360483848e-07,3.518441360483848e-07,0.0,2.466716667761554e-05,5.387780038290657e-05,0.0007579,6.470538639233972e-06,1.0975173083501854e-05,1.0712666722068852e-05,1.0138447528821766e-05
5390,3.502756271700491e-07,3.502756271700491e-07,0.0,6.244260190179198e-05,4.775080378749408e-05,0.00075745,2.1783703744506925e-05,2.8300631974396426e-05,2.5314741987894773e-05,2.417325804680389e-05
5400,3.4883120747508656e-07,3.4883120747508656e-07,0.0,2.565750280558622e-05,4.291409641155042e-05,0.000757,9.309263056879009e-06,1.2296661317231462e-05,1.0454632153873807e-05,9.206517793178574e-06
5410,3.47695106484025e-07,3.47695106484025e-07,0.0,1.6111465208693222e-05,3.880645090248436e-05,0.00075655,5.7557356614431535e-06,7.386654882562593e-06,6.074427107082898e-06,5.621971592580557e-06
5420,3.4674474136409117e-07,3.4674474136409117e-07,0.0,1.2776443706442222e-05,3.572537752916105e-05,0.0007561,4.599216570113825e-06,5.8729561913658415e-06,4.733075335163174e-06,4.345132955985316e-06
5430,3.459342963196832e-07,3.459342963196832e-07,0.0,9.612686794758347e-06,3.306195139884949e-05,0.00075565,3.533366414878499e-06,4.46098010820896e-06,3.83026084971515e-06,3.414017060979445e-06
5440,3.452310295415373e-07,3.452310295415373e-07,0.0,5.487731795931751e-06,3.111429396085441e-05,0.0007552,1.810157857446969e-06,2.315451105821225e-06,1.9169125480467825e-06,1.6113689250799834e-06
5450,3.4461402265151264e-07,3.4461402265151264e-07,0.0,5.671820275666644e-06,2.9589447876787744e-05,0.00075475,2.070695897852481e-06,2.4975316744355373e-06,1.7779469950732633e-06,1.5819938813882862e-06
5460,3.440578666413785e-07,3.440578666413785e-07,0.0,4.364735639450111e-06,2.8427330107660964e-05,0.0007543,1.506736450324066e-06,1.7680633562016801e-06,1.37250739702343e-06,1.1504400303042737e-06
5470,3.435596909184824e-07,3.435596909184824e-07,0.0,5.685021053528813e-06,2.761305950116366e-05,0.00075385,1.616252438172025e-06,2.148917309352252e-06,2.0151818114705543e-06,2.0489791946710444e-06
5480,3.4309638863305736e-07,3.4309638863305736e-07,0.0,5.803528609240298e-06,2.7025747840525582e-05,0.0007534,1.6184951521316184e-06,2.2851904353046137e-06,2.1507186494455967e-06,2.123642569975362e-06
5490,3.4266676607330737e-07,3.4266676607330737e-07,0.0,7.176146872862447e-06,2.665806641743984e-05,0.0007529500000000001,1.920231319892568e-06,2.8858206314443013e-06,2.84927803211443e-06,2.8573720301918986e-06
5500,3.4228457934659673e-07,3.4228457934659673e-07,0.0,2.4468639332168536e-05,2.7318857974023558e-05,0.0007524999999999999,6.572625755929672e-06,1.0483798239440462e-05,1.0634933924410514e-05,1.0717740145511167e-05
5510,3.428200159305561e-07,3.428200159305561e-07,0.0,0.00014214951649848268,5.4699874453945085e-05,0.00075205,3.8677619448036176e-05,6.328483686791115e-05,6.299801051759592e-05,6.20005712830173e-05
5520,4.158626722983172e-07,4.158626722983172e-07,0.0,0.0012658660677148015,0.0004400244215503335,0.0007516000000000001,0.000345213348617045,0.000562313567376614,0.0005611916550201765,0.000553686637854148
5530,1.0945529538730625e-05,1.0945529538730625e-05,0.0,0.015122300507417686,0.005280393175780773,0.00075115,0.004125968962019065,0.00671426706857185,0.006706189783594967,0.006618603642332701
5540,1.1809341231128201e-05,1.1809341231128201e-05,0.0,0.02010722541189138,0.004846705589443445,0.0007507000000000001,0.006894696754746549,0.008978781241565946,0.008144776202824675,0.00789202138966301
5550,5.6172848417190835e-06,5.6172848417190835e-06,0.0,0.011095200306084201,0.0022602484095841646,0.0007502499999999999,0.003916754930393628,0.005581721756064536,0.004581898453856039,0.0038023232994358488
5560,1.0438079698360525e-06,1.0438079698360525e-06,0.0,0.004831009747730774,0.001740089850500226,0.0007498,0.001696003864189512,0.0022186001645716023,0.001921042162784723,0.0017965668764846723
5570,1.3013919897275628e-06,1.3013919897275628e-06,0.0,0.004684543521281807,0.0016929922858253121,0.00074935,0.001259946165332623,0.0019788536392429975,0.002060753165953733,0.002089350145229381
5580,1.0410025197415962e-06,1.0410025197415962e-06,0.0,0.0036143664944016138,0.0011514007346704602,0.0007489,0.00098163388748296,0.0016488649718037164,0.001626969571688935,0.0015527056045976375
5590,6.199549602570187e-07,6.199549602570187e-07,0.0,0.0022622829847350964,0.0005833104369230568,0.0007484500000000001,0.0007278510000031758,0.0011303337081137266,0.0009798784903246086,0.0008335978225269835
5600,4.0171852333514835e-07,4.0171852333514835e-07,0.0,0.0011581125053110246,0.00019989826250821352,0.000748,0.00032281712731664685,0.0004813005200342526,0.0005024258193845706,0.0005162738394994376
5610,3.699053365835425e-07,3.699053365835425e-07,0.0,0.0008668313346598293,0.00015336474461946636,0.0007475499999999999,0.0002817181109766709,0.00037238085660996537,0.00035646908502366166,0.0003593484101693312
5620,3.611093006838928e-07,3.611093006838928e-07,0.0,0.0007188576909994851,0.0001481643703300506,0.0007471,0.0002465764982788866,0.000321042081541052,0.0002900542684957228,0.00028126145395274333
5630,4.1609027334743587e-07,4.1609027334743587e-07,0.0,0.0015710569792069366,0.00032134755747392774,0.0007466500000000001,0.0005456357248200426,0.0007109799533636986,0.000629457807952742,0.0006007906931619831
5640,1.695736045803642e-06,1.695736045803642e-06,0.0,0.006849904694627342,0.0014193854294717312,0.0007462,0.0023820314210559407,0.003104562783289829,0.0027438368588871306,0.002614188388994165
5650,4.9763446440920234e-05,4.9763446440920234e-05,0.0,0.04142153047209624,0.008495929650962353,0.00074575,0.014376958365899991,0.018745532596374254,0.016577320772154465,0.015795455016938877
5660,2.5496253783785505e-06,2.5496253783785505e-06,0.0,0.008553313122266851,0.0034009506925940514,0.0007453000000000001,0.0030300140620988874,0.003948543138457396,0.003452002659966189,0.0032482654009822983
5670,2.028937524301e-05,2.028937524301e-05,0.0,0.026285177529372185,0.004673980176448822,0.00074485,0.009009926922459553,0.011717494509915856,0.01050710079754719,0.010154920084586495
5680,3.8298492199828615e-07,3.8298492199828615e-07,0.0,0.0005633472025912662,0.000562243745662272,0.0007444,0.00018993871834125788,0.0002469522073920412,0.00022274599469498049,0.00021684763677693982
5690,2.81655184153351e-06,2.81655184153351e-06,0.0,0.009171336085422841,0.0016037104651331902,0.0007439500000000001,0.003161123816126336,0.004106378309174411,0.0036794651055814995,0.0035596814625936442
5700,3.687844127853168e-07,3.687844127853168e-07,0.0,0.00041790495588509675,0.00031537938048131764,0.0007435,0.00014617624444649997,0.0001903476733937381,0.00017268130138541548,0.00016903996530221005
5710,6.808113539591432e-07,6.808113539591432e-07,0.0,0.003314093787889842,0.0006105783977545798,0.00074305,0.001146758469587988,0.0014899196495234389,0.0013304845362048284,0.0012832235454330455
5720,3.777632571200229e-07,3.777632571200229e-07,0.0,0.0008710060126580593,0.00011424217518651858,0.0007425999999999999,0.0002963441757261019,0.0003850453962846789,0.00034805472800946287,0.00033939125497658745
5730,3.650330313575978e-07,3.650330313575978e-07,0.0,0.0006438213135948171,0.0001691083743935451,0.00074215,0.00022099331776278373,0.00028710448054771083,0.00025865366751639314,0.0002514379251201827
5740,3.657623892650008e-07,3.657623892650008e-07,0.0,0.0007207776787647434,0.0001458926999475807,0.0007417000000000001,0.0002487291613822245,0.00032317709852355624,0.0002893464000029263,0.00027945562537550796
5750,3.542801323419553e-07,3.542801323419553e-07,0.0,0.00043895558686321746,9.362932905787602e-05,0.0007412499999999999,0.0001504574311568649,0.00019548579790986783,0.00017586368369836917,0.00017088558622046436
5760,3.4884345723185106e-07,3.4884345723185106e-07,0.0,0.0002417249843603595,6.0348156694089994e-05,0.0007408,8.283139342272346e-05,0.00010761558778295922,9.681539810498694e-05,9.373496536817267e-05
5770,3.465672477886983e-07,3.465672477886983e-07,0.0,0.00015328317521698658,5.005587809137069e-05,0.0007403500000000001,5.255033036165153e-05,6.826736356752414e-05,6.126780905503833e-05,5.9488520528518404e-05
5780,3.4518649272285984e-07,3.4518649272285984e-07,0.0,0.00010838174954406694,4.24739409936592e-05,0.0007399,3.738372006835608e-05,4.8541691617858885e-05,4.3786539217151626e-05,4.233632182879848e-05
5790,3.4407588600515737e-07,3.4407588600515737e-07,0.0,6.132560669313633e-05,3.7546735256910324e-05,0.00073945,2.1029349855169762e-05,2.7294241823780977e-05,2.4374525173571996e-05,2.366238359557052e-05
5800,3.4322098940720025e-07,3.4322098940720025e-07,0.0,6.1540243800354075e-06,3.294205089332536e-05,0.000739,2.1843451786675363e-06,2.6024631628676883e-06,1.9328504562444834e-06,1.8213534527443882e-06
5810,3.4259832659699896e-07,3.4259832659699896e-07,0.0,3.088404599988196e-05,3.154844671371393e-05,0.00073855,1.0751280739594689e-05,1.3946187343308071e-05,1.2537990130181575e-05,1.1984233993097389e-05
5820,3.420062455461448e-07,3.420062455461448e-07,0.0,1.7762955036021312e-05,2.9959954190417193e-05,0.0007381,6.1774993538619045e-06,7.984527334091333e-06,7.209816493055602e-06,6.840858155848242e-06
5830,3.4148834515690396e-07,3.4148834515690396e-07,0.0,1.9043428309334973e-05,2.9103446649969555e-05,0.00073765,6.4897721921823866e-06,8.406829691887741e-06,7.763112154137275e-06,7.538772927746661e-06
5840,3.4108572322111286e-07,3.4108572322111286e-07,0.0,5.206138801716126e-05,3.0085428079473786e-05,0.0007372000000000001,1.7924091712220876e-05,2.3304253711395645e-05,2.102264329068298e-05,2.0263227497678494e-05
5850,3.423836574256711e-07,3.423836574256711e-07,0.0,0.00025001087430447517,5.920095645706169e-05,0.00073675,8.580237159920535e-05,0.00011152670143300025,0.00010056488442017044,9.748725043818702e-05
5860,4.3635432689370646e-07,4.3635432689370646e-07,0.0,0.0018213914361057608,0.0003923857875633985,0.0007363,0.00062494473785933,0.0008121939124759037,0.0007317173010207081,0.0007099353883102126
5870,1.0344980182708241e-05,1.0344980182708241e-05,0.0,0.018579189369489803,0.004049079492688179,0.00073585,0.006369945646458362,0.008280039214632039,0.0074603929679037525,0.007239097439831671
5880,0.00014139190898276865,0.00014139190898276865,0.0,0.06980813781587683,0.010777687653899193,0.0007354000000000001,0.023522799213764548,0.030616067269660346,0.02791981906211472,0.02731572784447127
5890,4.086579065187834e-05,4.086579065187834e-05,0.0,0.03695086416761814,0.007534440606832504,0.0007349500000000001,0.012691959869164634,0.016471666667949143,0.014767418885189168,0.014317535602884075
5900,1.2034320207021665e-05,1.2034320207021665e-05,0.0,0.019604389051894114,0.00427718972787261,0.0007344999999999999,0.006802532359640617,0.008830595727006507,0.007818436323041435,0.007479410058852663
5910,5.051068001193926e-06,5.051068001193926e-06,0.0,0.012285465148846379,0.0025897901505231857,0.00073405,0.004277032509553484,0.005566978882627431,0.004872429880684586,0.004622799294397179
5920,2.2473700482805725e-06,2.2473700482805725e-06,0.0,0.0076769051917337724,0.0015647434629499912,0.0007336,0.0027089109304943757,0.003533976291922326,0.0030587878317903847,0.002868199090710057
5930,1.070063831321022e-06,1.070063831321022e-06,0.0,0.004647848151395742,0.0009587937965989113,0.00073315,0.001645401150886662,0.002150903171326389,0.001855418786322015,0.0017252772319359619
5940,6.039441586835892e-07,6.039441586835892e-07,0.0,0.0027065514530037003,0.0005836562486365438,0.0007327000000000001,0.0009495403574791153,0.0012421789643904915,0.0010725829444915343,0.0010022283926872484
5950,4.2860304461100895e-07,4.2860304461100895e-07,0.0,0.0014361307769873864,0.000330815848428756,0.00073225,0.0004993605567663284,0.0006493471269977486,0.0005712468854828888,0.0005435374715383511
5960,3.7069949598844687e-07,3.7069949598844687e-07,0.0,0.0005923571748099436,0.00017154602392110974,0.0007318,0.00020054288107615743,0.00025982111107450986,0.00023903361355660687,0.00023651829038934865
5970,3.565740200883738e-07,3.565740200883738e-07,0.0,7.930078282835869e-05,8.749384869588539e-05,0.00073135,2.2624439714390955e-05,3.5200927016773466e-05,3.48776615191592e-05,3.508038919468839e-05
5980,3.548931317709503e-07,3.548931317709503e-07,0.0,0.00023785432060691695,7.589143206132576e-05,0.0007309,8.21553870386755e-05,0.00010650243008520122,9.498245143633156e-05,9.219316518442251e-05
5990,3.5237999895798566e-07,3.5237999895798566e-07,0.0,0.0002341717201890422,7.558186916867271e-05,0.0007304500000000001,7.869058161899588e-05,0.00010195635397376229,9.343658316495624e-05,9.239013151930363e-05
6000,3.490089568458643e-07,3.490089568458643e-07,0.0,7.097760695030262e-05,5.760046042269096e-05,0.00073,2.4886566445475485e-05,3.247798072479846e-05,2.7830703131960417e-05,2.610442519434422e-05
6010,3.474007996828732e-07,3.474007996828732e-07,0.0,5.216402864421051e-05,4.82632931380067e-05,0.0007295499999999999,1.7873041399101513e-05,2.3080289711816392e-05,2.1070027209072065e-05,2.0718182485926947e-05
6020,3.4614035371305363e-07,3.4614035371305363e-07,0.0,4.2734069843198005e-05,4.422935671755113e-05,0.0007291000000000001,1.523019504221081e-05,1.9975024644042443e-05,1.7281705611764865e-05,1.5819577608670145e-05
6030,3.450615793099132e-07,3.450615793099132e-07,0.0,1.4943087455508546e-05,3.942973125958815e-05,0.0007286500000000001,5.394410408093215e-06,6.979971613538235e-06,5.606159033550823e-06,5.052808039647024e-06
6040,3.441992930675042e-07,3.441992930675042e-07,0.0,1.318042421147878e-05,3.6547840863931924e-05,0.0007281999999999999,4.444561720599273e-06,5.6595509651847556e-06,4.9095626848939596e-06,4.925501224148295e-06
6050,3.4346075494795514e-07,3.4346075494795514e-07,0.0,1.0211815707566205e-05,3.4029013477265835e-05,0.00072775,3.6035784137376417e-06,4.536246929210366e-06,4.096777807979545e-06,3.9436533038066605e-06
6060,3.4281686112080934e-07,3.4281686112080934e-07,0.0,5.141631551122849e-06,3.233357710996643e-05,0.0007273000000000001,1.7102961906514453e-06,1.9964134920643397e-06,1.5557438368537488e-06,1.5647943214044134e-06
6070,3.42247091111858e-07,3.42247091111858e-07,0.0,4.030143130797681e-06,3.1090083211893216e-05,0.00072685,1.4866880377410873e-06,1.68727655838653e-06,1.0792209434309206e-06,9.256133262194748e-07
6080,3.4173211815868854e-07,3.4173211815868854e-07,0.0,4.622093818048274e-06,3.0236969905672595e-05,0.0007264,1.6005854835375709e-06,1.9300811589694944e-06,1.5763580314011717e-06,1.3750347036049424e-06
6090,3.4125835668419313e-07,3.4125835668419313e-07,0.0,4.93999427349332e-06,2.97240330837667e-05,0.00072595,1.4552157370221648e-06,1.809057003726956e-06,1.6196327493523918e-06,1.7315850239534682e-06
6100,3.408166548979352e-07,3.408166548979352e-07,0.0,4.78504269477868e-06,2.9382021239143796e-05,0.0007255,1.512609646097875e-06,1.980941177740299e-06,1.7029751519283536e-06,1.5167317269608768e-06
6110,3.403992252515309e-07,3.403992252515309e-07,0.0,4.236749162959094e-06,2.923640568042174e-05,0.00072505,1.2256340869575796e-06,1.5728443955557157e-06,1.3965018193241572e-06,1.398900683326913e-06
6120,3.4000359505625966e-07,3.4000359505625966e-07,0.0,6.188327271269722e-06,2.9242793971206993e-05,0.0007246,1.8742091081578742e-06,2.366072702888316e-06,2.200858110289214e-06,2.409642971258377e-06
6130,3.396214935946773e-07,3.396214935946773e-07,0.0,7.856666798625246e-06,2.9295675631146878e-05,0.0007241500000000001,2.1603554340893213e-06,3.056693763975044e-06,3.102646609555747e-06,3.3328532218316563e-06
6140,3.3929481446648424e-07,3.3929481446648424e-07,0.0,3.1156210016067015e-05,3.1082439818419516e-05,0.0007237,8.293609030897129e-06,1.3752560403817554e-05,1.3744940553539257e-05,1.357539487722411e-05
6150,3.4201434573333245e-07,3.4201434573333245e-07,0.0,0.00024321130446253563,9.799100371310487e-05,0.0007232499999999999,6.617386745216731e-05,0.00011062228258369467,0.00010818506564721411,0.00010435497985813697
6160,7.339315857279871e-07,7.339315857279871e-07,0.0,0.002728975373015979,0.0010851445840671659,0.0007228,0.0007443326470404821,0.0012443971272038264,0.0012146112775272108,0.0011688998911696285
6170,6.095234493841417e-05,6.095234493841417e-05,0.0,0.033772491820995815,0.012603040784597397,0.0007223500000000001,0.00919973227966822,0.015372978189455735,0.015045801946265367,0.014490622029586734
6180,1.9916300516342744e-05,1.9916300516342744e-05,0.0,0.01864595235440028,0.005044500809162855,0.0007219,0.005583339857547647,0.009048953211860703,0.00821070675498471,0.007311590055971305
6190,3.969155386585044e-06,3.969155386585044e-06,0.0,0.008247538517228146,0.0017447102582082152,0.0007214499999999999,0.0021697285378229976,0.0036435028346126766,0.003692742096666294,0.003610643834056629
6200,4.510365272381023e-07,4.510365272381023e-07,0.0,0.0016858243623688637,0.0011786530958488584,0.000721,0.0006008885164323415,0.0007993577288599797,0.0006732194308012398,0.0006020983541555088
6210,1.1027345863112714e-06,1.1027345863112714e-06,0.0,0.0038041993994244235,0.0014543315628543496,0.00072055,0.0009855733830662818,0.0016459964235381699,0.001703715010609759,0.0016892627825207944
6220,8.211388831114164e-07,8.211388831114164e-07,0.0,0.003134649194953277,0.0008564408635720611,0.0007201,0.0008155703348591774,0.0013187199079331855,0.0013938952549252537,0.0014145059041969646
6230,4.826571284866077e-07,4.826571284866077e-07,0.0,0.0019237092081792026,0.0003696265921462327,0.0007196500000000001,0.0005521520014164043,0.0007841711385477382,0.0008207566078449415,0.0008576825308220889
6240,7.338025511671731e-07,7.338025511671731e-07,0.0,0.003609970525154302,0.0007757039275020361,0.0007192,0.0012299495731556487,0.0015922403843300602,0.0014443140918647384,0.0014196290294209
6250,8.315098966704682e-06,8.315098966704682e-06,0.0,0.016235303105644104,0.0035689992364495993,0.00071875,0.00560479677690481,0.007260160658571901,0.006478851446762365,0.006278243373715234
6260,8.560326386941597e-05,8.560326386941597e-05,0.0,0.05301354731641672,0.010356134735047817,0.0007183,0.01830177891931914,0.023690387988162906,0.021230275324095632,0.020649241359680347
6270,2.2057176465750672e-05,2.2057176465750672e-05,0.0,0.02676393606507041,0.004647233057767153,0.00071785,0.009168195744203515,0.011857755584212004,0.01068331151664455,0.010461510103747186
6280,4.137762914524501e-07,4.137762914524501e-07,0.0,0.0013150891544179712,0.0005590475047938526,0.0007174000000000001,0.0004508558370713316,0.0005838279306673976,0.0005174541731760778,0.0005050849627342863
6290,2.769131015156745e-06,2.769131015156745e-06,0.0,0.008896002458762492,0.0018648519180715084,0.0007169499999999999,0.0030437973626419017,0.003931904948249969,0.0035517950566365734,0.0034848663644214454
6300,1.065582296178036e-06,1.065582296178036e-06,0.0,0.004804650946263858,0.0007775619742460549,0.0007165,0.0016535068108998834,0.0021367301313989693,0.0019180592576958898,0.0018721774557243858
6310,3.5447499158181017e-07,3.5447499158181017e-07,0.0,4.813153066850558e-05,0.00014716602163389325,0.0007160500000000001,8.644454463355809e-06,1.5404072230931458e-05,1.747658155337222e-05,1.8827757216413105e-05
6320,4.1422785557188035e-07,4.1422785557188035e-07,0.0,0.0014400706630893336,0.00034671969478949904,0.0007156,0.0004926643466507143,0.0006365605952100933,0.0005742735512487901,0.0005638242008585394
6330,3.960193737384543e-07,3.960193737384543e-07,0.0,0.0012513541306847804,0.0002611499803606421,0.00071515,0.00042665461047221884,0.0005513022253089616,0.0004986029110604955,0.000490144559954485
6340,3.66817971553246e-07,3.66817971553246e-07,0.0,0.0008201327235371405,0.00017705811478663236,0.0007147,0.00028036737493554686,0.00036230664573095683,0.0003266241209757444,0.0003203661551483866
6350,3.522911242725968e-07,3.522911242725968e-07,0.0,0.0005020455019332872,0.00011183827155036852,0.00071425,0.00017126028444262292,0.00022125772419020028,0.00020063301490569457,0.00019733118465208136
6360,3.4530776815699937e-07,3.4530776815699937e-07,0.0,0.0002580602016634576,7.336878479691222e-05,0.0007138,8.873311557329313e-05,0.00011465895794141399,0.0001030630926011048,0.00010086738550654401
6370,3.421895655719709e-07,3.421895655719709e-07,0.0,3.3150632786726046e-05,4.2933814256684855e-05,0.00071335,1.1230788923199529e-05,1.444116748408284e-05,1.3357149276778275e-05,1.3189093974443866e-05
6380,3.4165464057878125e-07,3.4165464057878125e-07,0.0,0.0001173401052113767,4.3686304707080126e-05,0.0007129,4.016035034025713e-05,5.188054714597646e-05,4.711305344901591e-05,4.6245522696901267e-05
6390,3.40524962894051e-07,3.40524962894051e-07,0.0,4.653156383491825e-05,3.7354697269620374e-05,0.00071245,1.5849409452706512e-05,2.0440609819041463e-05,1.83568229697825e-05,1.8108295489288132e-05
6400,3.4000649407062156e-07,3.4000649407062156e-07,0.0,8.500051193176219e-05,3.839222699753009e-05,0.000712,2.8993934153606816e-05,3.7440937063283665e-05,3.376181909002424e-05,3.327103128016496e-05
6410,3.3979944191742106e-07,3.3979944191742106e-07,0.0,0.00014062581802979626,4.4562137190951034e-05,0.00071155,4.796654393250317e-05,6.1967470943403e-05,5.596412943514048e-05,5.512073267845329e-05
6420,3.445310596816853e-07,3.445310596816853e-07,0.0,0.00043929783533718924,0.00010179336823057383,0.0007111000000000001,0.00014991676671619294,0.00019372105589280045,0.00017534286477496972,0.0001724984267508425
6430,5.005011303182982e-07,5.005011303182982e-07,0.0,0.0023113416570265887,0.0005196203710511327,0.0007106500000000001,0.0007891082670890788,0.0010198146189771009,0.0009234507430976575,0.0009080789677593486
6440,9.947350008587819e-06,9.947350008587819e-06,0.0,0.017780294747750225,0.004050429444760084,0.0007101999999999999,0.006073592566618182,0.00784833288239669,0.007109230804831412,0.006991624665483894
6450,0.00010396930883871391,0.00010396930883871391,0.0,0.05807923427950383,0.010375280864536762,0.00070975,0.019864810295855444,0.02565782962662834,0.023370666133300643,0.023060776066184355
6460,4.788229944097111e-06,4.788229944097111e-06,0.0,0.011879963831484661,0.003997174557298422,0.0007093000000000001,0.004092605743884374,0.005280264490644531,0.004755676536379394,0.004660753228684491
6470,3.0751707527088e-06,3.0751707527088e-06,0.0,0.009369021881418372,0.0009621153003536165,0.00070885,0.003160248185843343,0.004075154245821219,0.003743466043743814,0.0037329099397007447
6480,3.901785476045916e-06,3.901785476045916e-06,0.0,0.010698598212619571,0.0018187077948823571,0.0007084,0.0036084520804750076,0.00465337230115701,0.0042470193670533524,0.0042320814777102944
6490,1.6747302424846566e-06,1.6747302424846566e-06,0.0,0.006506900834149807,0.0013547802809625864,0.00070795,0.002198987172988384,0.0028335904392653025,0.0025924350106036158,0.0025785157925625477
6500,4.454546456145181e-07,4.454546456145181e-07,0.0,0.0016442258706709442,0.0005180423031561077,0.0007075,0.0005616891004102897,0.0007242041948475628,0.0006614148646601957,0.0006598935072802132
6510,4.10816994644847e-07,4.10816994644847e-07,0.0,0.0013323365809908049,0.00017714266141410917,0.00070705,0.00045249899228396454,0.0005834544716155084,0.0005266081126439014,0.0005188340528359726
6520,4.1885940049724013e-07,4.1885940049724013e-07,0.0,0.001465201528201733,0.0003057286376133561,0.0007066,0.0005004026581230037,0.0006451946395510437,0.0005823748004529281,0.0005744705187323996
6530,3.4905434631582466e-07,3.4905434631582466e-07,0.0,7.956682194387455e-05,9.409206541022286e-05,0.0007061500000000001,2.7475646190848863e-05,3.617157972188693e-05,3.085466151798519e-05,2.802999917427561e-05
6540,3.5531786579667823e-07,3.5531786579667823e-07,0.0,0.0005346469555788022,0.00011593712406465784,0.0007057,0.00018153050329188888,0.00023392137294332268,0.00021450458744671355,0.00021374660263865356
6550,3.4455334230187873e-07,3.4455334230187873e-07,0.0,1.009323589087533e-05,5.696351217920892e-05,0.0007052499999999999,3.583892027050011e-06,4.396695655593069e-06,3.427506350334116e-06,3.342771144098788e-06
6560,3.441440412643715e-07,3.441440412643715e-07,0.0,0.0001864944403850864,6.481090531451628e-05,0.0007048,6.293520204351842e-05,8.111859580786304e-05,7.446269337710617e-05,7.442021818447367e-05
6570,3.4218561495436006e-07,3.4218561495436006e-07,0.0,9.85191545741301e-05,4.70731538371183e-05,0.0007043500000000001,3.3679334090512214e-05,4.340032714585785e-05,3.9447204336638e-05,3.888230663535063e-05
6580,3.409203941373562e-07,3.409203941373562e-07,0.0,1.534764474235241e-05,4.059246202814393e-05,0.0007039,5.295268224397981e-06,6.718407423315554e-06,5.728667432964966e-06,5.63129968788388e-06
6590,3.401096364541445e-07,3.401096364541445e-07,0.0,1.477215921167613e-05,3.791590643231757e-05,0.00070345,5.097185711657297e-06,6.4646759478216705e-06,5.598665468107491e-06,5.549315707419067e-06
6600,3.394225700503739e-07,3.394225700503739e-07,0.0,1.5817385089319517e-05,3.5493416362442076e-05,0.0007030000000000001,5.458938830172002e-06,6.992962051336461e-06,6.32697594814559e-06,6.091936938364297e-06
6610,3.388108211765939e-07,3.388108211765939e-07,0.0,1.1328442456799215e-05,3.406543328310363e-05,0.00070255,3.8261760084073814e-06,4.829174904304594e-06,4.192522742886228e-06,4.2671649491453545e-06
6620,3.382697570941673e-07,3.382697570941673e-07,0.0,4.93163037687391e-06,3.2892370654735714e-05,0.0007021,1.7091152849312537e-06,2.0352686389539346e-06,1.7857471059108844e-06,1.6835536110188495e-06
6630,3.377748782895651e-07,3.377748782895651e-07,0.0,3.6027551819015683e-06,3.229688809369691e-05,0.0007016500000000001,1.215279656946771e-06,1.3398724857143223e-06,9.99412241904931e-07,9.258880803501091e-07
6640,3.373195340827806e-07,3.373195340827806e-07,0.0,3.845663705989903e-06,3.200153150828555e-05,0.0007012,1.2444196101032422e-06,1.390363077924467e-06,1.0316158046813365e-06,1.1190131405190552e-06
6650,3.368894283539703e-07,3.368894283539703e-07,0.0,3.454667669174877e-06,3.191348150721751e-05,0.00070075,1.1547233366010695e-06,1.2800087775528336e-06,8.740765955256323e-07,8.823487645876014e-07
6660,3.3647771147116146e-07,3.3647771147116146e-07,0.0,3.2740016087628775e-06,3.1939056498231366e-05,0.0007003,1.0311118968596763e-06,1.1344371049376977e-06,8.456046774504772e-07,8.69371322248441e-07
6670,3.360845539646107e-07,3.360845539646107e-07,0.0,3.380564820569955e-06,3.2067713618744165e-05,0.0006998500000000001,1.0522629414754373e-06,1.173480025724452e-06,9.701469290334024e-07,9.668534626974435e-07
6680,3.35697279751912e-07,3.35697279751912e-07,0.0,3.496935346460445e-06,3.22657469951082e-05,0.0006994000000000001,1.0676014962692066e-06,1.178253177185138e-06,9.379183607399099e-07,1.0841370842890237e-06
6690,3.3532398902025307e-07,3.3532398902025307e-07,0.0,5.007871563476529e-06,3.2529820600757375e-05,0.0006989499999999999,1.714050430587407e-06,2.0605245192970906e-06,1.6351405518772833e-06,1.6868529195921286e-06
6700,3.3497371987323277e-07,3.3497371987323277e-07,0.0,2.6079632478299117e-05,3.332186315674335e-05,0.0006985,8.817116836538674e-06,1.128806421317419e-05,1.02759477473723e-05,1.0397764387608037e-05
6710,3.3640134233792196e-07,3.3640134233792196e-07,0.0,0.0002421930648273839,6.651470175711438e-05,0.0006980500000000001,8.218117253188202e-05,0.00010589020553797133,9.665661381947187e-05,9.608456387059977e-05
6720,6.342255005620245e-07,6.342255005620245e-07,0.0,0.003115818816896559,0.0007516985642723739,0.0006976,0.0010545062661299247,0.0013594192516659914,0.0012457544836625865,0.0012397502474549293
6730,7.574543997179717e-05,7.574543997179717e-05,0.0,0.04937189263145219,0.011775451712310314,0.00069715,0.01672366239726102,0.021550897812558346,0.01977367820507518,0.019695199600156782
6740,0.00011947890016017482,0.00011947890016017482,0.0,0.061502868566968925,0.01184448879212141,0.0006967,0.02088082562425937,0.02687037877685608,0.024554871762355338,0.024317632016153223
6750,3.3628362871240824e-05,3.3628362871240824e-05,0.0,0.03208933973997656,0.005363001488149166,0.00069625,0.010956312941080487,0.014115235070791633,0.012630161361303847,0.012475787051981735
6760,1.4740076039743144e-06,1.4740076039743144e-06,0.0,0.005544393397246261,0.0006930964882485569,0.0006958,0.0019467272786580208,0.0025345866376938883,0.002141426995165111,0.00210855644456933
6770,2.7730827696359484e-06,2.7730827696359484e-06,0.0,0.00851930342001371,0.0022774343378841877,0.0006953500000000001,0.0028991485896078615,0.0037347879492975176,0.0033184928325536984,0.0033288138282342866
6780,1.7136238739112741e-06,1.7136238739112741e-06,0.0,0.006344732029507085,0.0010751343797892332,0.0006949000000000001,0.002182852078665827,0.002808074065280172,0.0024995863869662995,0.0024762737154168384
6790,4.0426849068353476e-07,4.0426849068353476e-07,0.0,0.0007679454545095764,0.000208274504984729,0.00069445,0.00027277919648710123,0.0003498901701792193,0.00032089267530085287,0.00030142190853586396
6800,4.550908840883494e-07,4.550908840883494e-07,0.0,0.0016004866295867318,0.0004400912148412317,0.000694,0.000544670022630523,0.0006990604313960518,0.0006333317271539711,0.0006271361552378222
6810,4.320561686199653e-07,4.320561686199653e-07,0.0,0.001446923753967056,0.0003071750106755644,0.00069355,0.0004942474650128044,0.0006342952779129006,0.0005745804655495089,0.0005680212943467764
6820,3.752353450181545e-07,3.752353450181545e-07,0.0,0.0007332217862518672,0.00015693613386247307,0.0006931000000000001,0.00024788585019726376,0.00031878041847998114,0.00028774860691414334,0.00029030428623197835
6830,3.5510925044945907e-07,3.5510925044945907e-07,0.0,0.0002486282898621528,9.787019371287897e-05,0.00069265,8.390158323325115e-05,0.00010797482167483682,9.68723377526553e-05,9.79456850490526e-05
6840,3.4955584737872414e-07,3.4955584737872414e-07,0.0,4.2569578155256185e-05,8.58541825436987e-05,0.0006921999999999999,1.4897402833293535e-05,1.9185841074267924e-05,1.749491040431295e-05,1.619928083222676e-05
6850,3.4677313465181214e-07,3.4677313465181214e-07,0.0,1.9919319690149875e-05,7.435015140799806e-05,0.00069175,7.220144557195839e-06,9.660804029039535e-06,7.242708066576929e-06,6.5699415515590875e-06
6860,3.4466873444216617e-07,3.4466873444216617e-07,0.0,2.2034080941977367e-05,6.405742897186428e-05,0.0006913,7.204800283117563e-06,9.212425609486067e-06,8.426476548929175e-06,8.691760514391487e-06
6870,3.430251069858059e-07,3.430251069858059e-07,0.0,1.094607879488433e-05,5.54432554054074e-05,0.00069085,4.169149529417755e-06,5.1001678287735965e-06,4.021261286675352e-06,3.6077867874649097e-06
6880,3.417260927562893e-07,3.417260927562893e-07,0.0,5.574091495699342e-06,4.9119880713988096e-05,0.0006904,2.2982456085431846e-06,2.657516033864562e-06,1.8189025537797568e-06,1.4433187938427731e-06
6890,3.406757400625793e-07,3.406757400625793e-07,0.0,1.0466794642336454e-05,4.427536987350322e-05,0.00068995,3.8838295354255045e-06,4.820060502273826e-06,4.159169627791082e-06,3.943783725262637e-06
6900,3.398073147309333e-07,3.398073147309333e-07,0.0,1.2244593504695358e-05,4.0733517380431294e-05,0.0006895,4.323990200895632e-06,5.412626307112399e-06,4.928134918230929e-06,4.809753199253759e-06
6910,3.390634049083019e-07,3.390634049083019e-07,0.0,9.096381271789923e-06,3.823361112154089e-05,0.00068905,3.26181542242487e-06,4.1264300077892925e-06,3.606159059248148e-06,3.273868167115332e-06
6920,3.3841740787465824e-07,3.3841740787465824e-07,0.0,6.046401000319575e-06,3.6503031878964975e-05,0.0006886,2.049680611869899e-06,2.7025154993879796e-06,2.3041484214052785e-06,1.9655433310674317e-06
6930,3.3784363040467724e-07,3.3784363040467724e-07,0.0,5.057031604939944e-06,3.535341966198757e-05,0.00068815,1.5062125123540925e-06,1.9552176460696585e-06,1.7378181650770872e-06,1.7520761350628611e-06
6940,3.3732314363987825e-07,3.3732314363987825e-07,0.0,6.567896825748327e-06,3.466844282229431e-05,0.0006877,1.807752895061261e-06,2.539024990621855e-06,2.4759536878401444e-06,2.6252830349974357e-06
6950,3.3685734024402336e-07,3.3685734024402336e-07,0.0,1.8375041081241252e-05,3.4882166801253334e-05,0.00068725,4.942387369206787e-06,8.236892745905583e-06,8.012339097247974e-06,7.709481297307454e-06
6960,3.372142600710504e-07,3.372142600710504e-07,0.0,0.00012024850468716461,6.0607868363149464e-05,0.0006868000000000001,3.2766023716116627e-05,5.490380109228788e-05,5.312441815198659e-05,5.096308014385554e-05
6970,4.1034644482351723e-07,4.1034644482351723e-07,0.0,0.001135479959545058,0.000495606567710638,0.0006863500000000001,0.00031125862813213877,0.0005208024249971377,0.0005019301721789432,0.00047988637878417385
6980,1.1831085430458188e-05,1.1831085430458188e-05,0.0,0.014107141990912841,0.006147871725261211,0.0006858999999999999,0.00386917776022299,0.006471875346722886,0.00623861199477732,0.005961886732170015
6990,7.290903795365011e-06,7.290903795365011e-06,0.0,0.010951832003083676,0.006299212109297514,0.00068545,0.002960874940106635,0.004969161367212377,0.0048528139043767515,0.004671201163481655
7000,6.066939590709808e-07,6.066939590709808e-07,0.0,0.002280869439641742,0.0025521398056298494,0.0006850000000000001,0.0006010966217214644,0.0009581991972911242,0.0009891954954293143,0.0010295931256563379
7010,1.1635947885224596e-06,1.1635947885224596e-06,0.0,0.0037627970510718165,0.0021632262505590916,0.00068455,0.0009968246862722817,0.0016671972816242006,0.0016669628947677947,0.0016420236321826288
7020,1.2443092600733507e-06,1.2443092600733507e-06,0.0,0.0038815219214855565,0.0016374057158827782,0.0006841,0.0010450431085843757,0.0017575614802950142,0.0017295358323705006,0.0016542234950672396
7030,7.832314850020339e-07,7.832314850020339e-07,0.0,0.0027194792087214263,0.0009545251959934831,0.00068365,0.000718681238977248,0.0012197657148605603,0.0012193402583752292,0.001168410426574659
7040,4.801598265657958e-07,4.801598265657958e-07,0.0,0.0015419838208715019,0.00046132292482070625,0.0006832,0.0003950190257118964,0.000675649438740325,0.0006967459806578984,0.000675950394315651
7050,3.7575534861389315e-07,3.7575534861389315e-07,0.0,0.0007699795677224676,0.0002099470584653318,0.00068275,0.00020085237088352342,0.00034501375180180416,0.0003497565613190501,0.0003311842394497079
7060,3.482188617454085e-07,3.482188617454085e-07,0.0,0.000395477381790639,0.0001062667797668837,0.0006823,0.0001040654253924367,0.00017880466556368765,0.00018028738007838847,0.00016890490336394614
7070,3.407708391023334e-07,3.407708391023334e-07,0.0,0.00023350812527265128,6.892515375511721e-05,0.0006818500000000001,5.954159068783322e-05,0.00010234768816357925,0.00010700090463726809,0.00010250475750929679
7080,3.3809240562732157e-07,3.3809240562732157e-07,0.0,0.00015327606247089284,5.714181315852329e-05,0.0006814,4.104083323732968e-05,7.00510069903942e-05,6.971722573929844e-05,6.480770431963784e-05
7090,3.3662800547062943e-07,3.3662800547062943e-07,0.0,0.00011146607232974932,5.0440121412975714e-05,0.0006809499999999999,2.863491635195886e-05,4.900570325690128e-05,5.092931333324385e-05,4.8890550918925274e-05
7100,3.3558299605829234e-07,3.3558299605829234e-07,0.0,7.348513138330841e-05,4.4860375055577606e-05,0.0006805,1.9573014854797894e-05,3.331299977184127e-05,3.3432046137854565e-05,3.138380357856744e-05
7110,3.347785479945742e-07,3.347785479945742e-07,0.0,3.951051320387645e-05,3.910419763997197e-05,0.0006800500000000001,1.0416475249308694e-05,1.7638294808808682e-05,1.8045378496539487e-05,1.7129871585039427e-05
7120,3.341809531320905e-07,3.341809531320905e-07,0.0,9.565147176402244e-06,3.533853669068776e-05,0.0006796,2.768525810969074e-06,4.286867188644437e-06,4.278793904411606e-06,3.953431310483508e-06
7130,3.337096075028967e-07,3.337096075028967e-07,0.0,9.272414410213533e-06,3.442669185460545e-05,0.0006791499999999999,2.6145621105343667e-06,4.153292932078871e-06,3.8937499779785535e-06,3.5922474735377065e-06
7140,3.3327032156194036e-07,3.3327032156194036e-07,0.0,1.0983521265123676e-05,3.442861998337321e-05,0.0006787000000000001,3.0692452899814177e-06,5.004362001049432e-06,4.7089347417946385e-06,4.312713207237729e-06
7150,3.3284564437963127e-07,3.3284564437963127e-07,0.0,9.390042273566646e-06,3.4450367820682004e-05,0.00067825,3.213574664157879e-06,4.195900815986759e-06,3.714947807055114e-06,3.4210416789373984e-06
7160,3.324509236790618e-07,3.324509236790618e-07,0.0,1.992800694971837e-05,3.488383299554698e-05,0.0006778,6.526459288618659e-06,8.393952861094069e-06,8.078365237844957e-06,8.154628554091578e-06
7170,3.322249710890901e-07,3.322249710890901e-07,0.0,7.497514645732995e-05,3.8910664443392307e-05,0.0006773500000000001,2.54269464865242e-05,3.266292895829158e-05,2.993318392714866e-05,2.968304764367455e-05
7180,3.378351891569764e-07,3.378351891569764e-07,0.0,0.00043730181413427846,0.00011111342610092834,0.0006769,0.00014881766333604192,0.00019097105876531148,0.00017406145318858647,0.00017260117863660107
7190,7.525845262534858e-07,7.525845262534858e-07,0.0,0.003613641529278844,0.0008919881074689329,0.00067645,0.001229173314392067,0.0015768355952300393,0.0014377687267437141,0.001427296522630031
7200,4.740095027955249e-05,4.740095027955249e-05,0.0,0.0382045852481031,0.009323760867118835,0.000676,0.01296743536459711,0.016641020340599937,0.015184699430461994,0.01507859694172825
7210,4.0919687307905406e-05,4.0919687307905406e-05,0.0,0.035308395669817055,0.009019291028380394,0.00067555,0.01201541473545119,0.015379707921539327,0.014007094630788905,0.013900862566716472
7220,1.470966935812612e-06,1.470966935812612e-06,0.0,0.004676656621516023,0.002655365038663149,0.0006751000000000001,0.001594105416800571,0.0022281424350343955,0.0019342118635048953,0.0016665782024864978
7230,9.764020205693669e-07,9.764020205693669e-07,0.0,0.0032366435855509176,0.001390830148011446,0.00067465,0.0009041950351885409,0.0014317795378375082,0.001363596581965634,0.0014080953646384538
7240,7.301682671823073e-07,7.301682671823073e-07,0.0,0.002636096710091173,0.0008680633618496358,0.0006742,0.0007330238440840901,0.0011294057455035157,0.0011236970900634395,0.0011910666339799362
7250,5.69937071759341e-07,5.69937071759341e-07,0.0,0.0021777828663175364,0.0005640455055981874,0.0006737500000000001,0.000608333355945162,0.0008865446031359084,0.0009187304571675981,0.000988104451333482
7260,4.839137659473636e-07,4.839137659473636e-07,0.0,0.0018666905151996586,0.0004088854184374213,0.0006733,0.0005481874662690729,0.0007434054165536977,0.0007665552200302612,0.0008257986380745346
7270,4.2265236288585584e-07,4.2265236288585584e-07,0.0,0.0014782588795046814,0.0003000057186000049,0.00067285,0.00046930439925996274,0.0006072604987948578,0.000592702138033982,0.0006259655389391302
7280,3.779296662287379e-07,3.779296662287379e-07,0.0,0.0009795408788858247,0.0002108630578732118,0.0006724,0.0003361771820404469,0.000430611016024002,0.00038538123232952727,0.00038588982424330495
7290,3.5303520462548477e-07,3.5303520462548477e-07,0.0,0.0004943322434998784,0.00015656220784876496,0.00067195,0.0001756386159583379,0.0002381662434157717,0.00019641891116070688,0.00017483518649003736
7300,3.425728607453493e-07,3.425728607453493e-07,0.0,0.00019998651805476928,0.00011268893285887316,0.0006715,5.422377975629076e-05,9.225700129546906e-05,8.922800391840243e-05,8.2450539253066e-05
7310,3.3894903594955395e-07,3.3894903594955395e-07,0.0,0.00014749959663624547,7.018956239335239e-05,0.00067105,4.801942603256877e-05,6.143356431168022e-05,5.9692597317939085e-05,6.133501493930033e-05
7320,3.3742961136340455e-07,3.3742961136340455e-07,0.0,0.00011181200614285304,6.313776248134673e-05,0.0006706,3.86739967662471e-05,5.490549560618171e-05,4.606879731718589e-05,3.944904635311727e-05
7330,3.3572311508578423e-07,3.3572311508578423e-07,0.0,3.291855581010388e-05,4.941130828228779e-05,0.00067015,9.59877993009389e-06,1.4384332368832534e-05,1.4137875710103224e-05,1.4951591260605368e-05
7340,3.348474706399429e-07,3.348474706399429e-07,0.0,4.233369919471821e-05,4.553764301817864e-05,0.0006697,1.4086293071946657e-05,2.0851642165463238e-05,1.760716833794304e-05,1.5001332366416064e-05
7350,3.3399010135326535e-07,3.3399010135326535e-07,0.0,7.875870497579511e-06,4.052503572893329e-05,0.00066925,2.637231497112066e-06,3.3273445965391804e-06,2.672786105003878e-06,2.885137829028954e-06
7360,3.333436211505614e-07,3.333436211505614e-07,0.0,1.4889316844586439e-05,3.897095666616224e-05,0.0006688000000000001,5.0430026130908865e-06,7.441745022920231e-06,6.146506035438574e-06,5.231367647045149e-06
7370,3.327610897940758e-07,3.327610897940758e-07,0.0,9.923744872793044e-06,3.7288798921508715e-05,0.0006683500000000001,2.9694302756022516e-06,4.5893609091538746e-06,4.143487104282632e-06,3.6548076324860765e-06
7380,3.322349755308096e-07,3.322349755308096e-07,0.0,4.4332976090685085e-06,3.6559496948029846e-05,0.0006678999999999999,1.5040223787569044e-06,1.8787857591430918e-06,1.5617328509831405e-06,1.521180011519867e-06
7390,3.317524033263908e-07,3.317524033263908e-07,0.0,4.717172698038154e-06,3.625214958447032e-05,0.00066745,1.5842930309184951e-06,1.8417484361559612e-06,1.4301909176021221e-06,1.5616179516516949e-06
7400,3.3130069709841337e-07,3.3130069709841337e-07,0.0,3.3304368522471796e-06,3.617757829488255e-05,0.0006670000000000001,1.1048928088423488e-06,1.20580492978926e-06,9.183046612542015e-07,9.095531403870299e-07
7410,3.308679197289166e-07,3.308679197289166e-07,0.0,3.554573607181003e-06,3.629104685387574e-05,0.00066655,1.0928811488878089e-06,1.2238555363860796e-06,9.975422355603538e-07,1.1173689350372751e-06
7420,3.304525080238818e-07,3.304525080238818e-07,0.0,3.600544550589672e-06,3.656998524093069e-05,0.0006661000000000001,1.1601512450918882e-06,1.379385886462893e-06,1.1488075834645116e-06,1.1003851119370287e-06
7430,3.3004758392962685e-07,3.3004758392962685e-07,0.0,3.6896041569605363e-06,3.682805618154816e-05,0.00066565,1.2220202337474273e-06,1.3598062281318784e-06,1.0392275216491344e-06,1.1462003579025094e-06
7440,3.2964749152597506e-07,3.2964749152597506e-07,0.0,3.1855527640742393e-06,3.712671241373755e-05,0.0006652,1.0155630170889275e-06,1.0687954702783201e-06,8.064628042028233e-07,9.307813480398979e-07
7450,3.292555845746392e-07,3.292555845746392e-07,0.0,3.6281453016391918e-06,3.745482172234915e-05,0.00066475,1.17837974081555e-06,1.2970332507777168e-06,1.0299726106942797e-06,1.1924329070873484e-06
7460,3.288670598067256e-07,3.288670598067256e-07,0.0,5.202737266628157e-06,3.7725836591562256e-05,0.0006643,1.589229455380056e-06,1.9653487154321366e-06,1.818739341147287e-06,2.106219307873271e-06
7470,3.2848740261215426e-07,3.2848740261215426e-07,0.0,1.0924502069096286e-05,3.8067420973675326e-05,0.0006638500000000001,3.0981187008132995e-06,4.210889308296155e-06,4.478501055987592e-06,4.863571578165241e-06
7480,3.281804765720153e-07,3.281804765720153e-07,0.0,4.5334655763045756e-05,4.023846850031987e-05,0.0006634,1.2536075117783697e-05,1.7810429417598018e-05,1.9230226363822686e-05,2.06666005052596e-05
7490,3.313958814032958e-07,3.313958814032958e-07,0.0,0.0002900997227402311,0.00010619201930239797,0.0006629499999999999,7.668313605581411e-05,0.00011437677067029915,0.00012598377587955706,0.00013330217346848848
7500,6.841868867013545e-07,6.841868867013545e-07,0.0,0.0027988388888624664,0.0010272066574543715,0.0006625,0.0007273356076373365,0.0011100171444233247,0.0012247912582179735,0.0012877059631555042
7510,4.527309647528455e-05,4.527309647528455e-05,0.0,0.031369092316146006,0.01096762903034687,0.0006620500000000001,0.008167016507926398,0.012447557672773354,0.013733153870857176,0.014439935763662422
7520,5.1124712626915425e-05,5.1124712626915425e-05,0.0,0.031951792089653284,0.009237000718712807,0.0006615999999999999,0.011002742241076776,0.015602186897675445,0.013160784624387488,0.011307629463239544
7530,8.824997166811954e-06,8.824997166811954e-06,0.0,0.01604496202265046,0.003150559263303876,0.00066115,0.005088839752452367,0.006548180646097583,0.006472424234869785,0.006749415032088137
7540,3.2091115826915484e-06,3.2091115826915484e-06,0.0,0.008317484724696133,0.002646849025040865,0.0006607000000000001,0.0022903285408816345,0.0032519986551121753,0.00355848463229242,0.003795506964376388
7550,1.1385270681785187e-06,1.1385270681785187e-06,0.0,0.003655301769548617,0.000902392843272537,0.00066025,0.0009104002126142485,0.0015469907776850139,0.0016310294283130625,0.001624003058112192
7560,5.421276227934868e-07,5.421276227934868e-07,0.0,0.0021906947488444057,0.0008547499310225248,0.0006598,0.000627669592130504,0.0008562328857748902,0.0009569328785589286,0.0009769479914608136
7570,5.486872396431863e-07,5.486872396431863e-07,0.0,0.0018385080613680723,0.0006347309681586921,0.00065935,0.0006012815883770684,0.0009127363862673994,0.0007790266783203005,0.0006651140628431731
7580,3.66102085536113e-07,3.66102085536113e-07,0.0,0.000867044951176126,0.000267896888544783,0.0006589,0.0002928212956852375,0.000376364438070384,0.00033476547453643646,0.00034553766216886383
7590,3.561488881587138e-07,3.561488881587138e-07,0.0,0.00063509906687091,0.0002368362038396299,0.00065845,0.00016620618126813422,0.00024536909198902604,0.0002837647622082852,0.00029051327098810533
7600,3.4105926260963315e-07,3.4105926260963315e-07,0.0,0.00032849026406543143,0.00011270539835095406,0.000658,7.880297321390396e-05,0.0001304470766739451,0.00014785655700715305,0.0001506390924365968
7610,3.3678477961984754e-07,3.3678477961984754e-07,0.0,0.0002956742279678686,8.886836440069601e-05,0.0006575500000000001,0.00010354666700061365,0.00013474720549727455,0.00011763683741332978,0.00010989832168619564
7620,3.325269801734976e-07,3.325269801734976e-07,0.0,8.642924415993813e-05,6.584786024177447e-05,0.0006571,3.020118830439832e-05,4.2563177430476106e-05,3.520953627373779e-05,3.0286021772349715e-05
7630,3.3239365393455955e-07,3.3239365393455955e-07,0.0,0.0001797757038026899,7.074206951074302e-05,0.0006566499999999999,6.383908238035152e-05,8.510536759934428e-05,7.108970607847495e-05,6.436327467604712e-05
7640,3.323684438782948e-07,3.323684438782948e-07,0.0,0.00024341019306613947,7.850312249502167e-05,0.0006562,8.590377135847705e-05,0.0001119563738881938,9.450980402683598e-05,9.049420107878454e-05
7650,3.450472547683603e-07,3.450472547683603e-07,0.0,0.0006736019613504627,0.00017607556947041303,0.0006557500000000001,0.00023289945014880005,0.00029918646293367816,0.0002642344424478888,0.00026004647882963593
7660,6.812574042669439e-07,6.812574042669439e-07,0.0,0.003219291049365881,0.0008260392351076007,0.0006553,0.0011073126512406387,0.0014196916522219616,0.001265545311628893,0.0012547345329819808
7670,1.6733463780838065e-05,1.6733463780838065e-05,0.0,0.021977976396668833,0.005664648953825235,0.0006548499999999999,0.00755782365033261,0.009685266573413107,0.008652240075643068,0.008590439916219585
7680,1.0934848432953004e-05,1.0934848432953004e-05,0.0,0.017693296528856966,0.0025055822916328907,0.0006544,0.006050532868595512,0.0077248521493427265,0.007028497930954161,0.007087814280975735
7690,1.0840051800187211e-05,1.0840051800187211e-05,0.0,0.017630472289699536,0.004624384921044111,0.00065395,0.005993670018746911,0.007629146810324654,0.007002620558804049,0.007019967557299857
7700,1.614816483197501e-06,1.614816483197501e-06,0.0,0.005860016529718769,0.0009901236044242978,0.0006535,0.0020114517425332806,0.002606535494799634,0.0022248630090686457,0.0023270174122282214
7710,2.2937103949516313e-06,2.2937103949516313e-06,0.0,0.007586753985297155,0.0016728489426895976,0.0006530500000000001,0.002576209558100348,0.003280275069538294,0.0029843117830167286,0.00302035958286442
7720,4.259820798324654e-07,4.259820798324654e-07,0.0,0.001021899914990461,0.0005550853093154728,0.0006526,0.00034960379714753893,0.0005092240772101383,0.00043686042668075124,0.000391886465197029
7730,5.703979013560456e-07,5.703979013560456e-07,0.0,0.0025759089414445317,0.0006232080631889403,0.00065215,0.0008810642703216395,0.0011286624231825165,0.00099741904640523,0.0010244556431333626
7740,3.602434901495144e-07,3.602434901495144e-07,0.0,0.0005301789311849045,0.00028020935133099556,0.0006517,0.00018500454090841878,0.0002726869960619895,0.00021748259005046936,0.00020541552456070452
7750,3.5625512850856467e-07,3.5625512850856467e-07,0.0,0.0008029292738639706,0.00020055499044246972,0.00065125,0.00027255373364008914,0.0003467579600647016,0.00031745169692564876,0.00032065597120317586
7760,3.4195358011857024e-07,3.4195358011857024e-07,0.0,0.0004398445352913003,0.00017648121865931898,0.0006508000000000001,0.00015145581287401963,0.0002047374692228389,0.00016240487854451318,0.00017595118501444326
7770,3.335686642458313e-07,3.335686642458313e-07,0.0,0.00016331935374087902,9.732283069752157e-05,0.00065035,5.8150383544071215e-05,8.558853674311078e-05,6.592479509341252e-05,6.381096195860151e-05
7780,3.3067996696445334e-07,3.3067996696445334e-07,0.0,8.671632270778541e-05,5.757578037446365e-05,0.0006498999999999999,2.9278191938480256e-05,4.013431159808546e-05,3.7797182361677094e-05,3.366097774077159e-05
7790,3.2946846317827294e-07,3.2946846317827294e-07,0.0,5.345795433382811e-05,4.7211695346049964e-05,0.0006494500000000001,1.7919615969128547e-05,2.2825593901436472e-05,2.17408465247704e-05,2.0977389842883004e-05
7800,3.2865716548258206e-07,3.2865716548258206e-07,0.0,2.5125699572623718e-05,4.240148700773716e-05,0.0006490000000000001,8.581978193158874e-06,1.089601179511495e-05,1.0311137201389057e-05,1.0031902092121177e-05
7810,3.280152895968058e-07,3.280152895968058e-07,0.0,9.444770671822958e-06,4.04158781748265e-05,0.00064855,3.293547197788173e-06,4.383664821394246e-06,3.7776973910193126e-06,3.4249741911454215e-06
7820,3.2746922329351946e-07,3.2746922329351946e-07,0.0,1.587560436726296e-05,3.977641972596757e-05,0.0006481,5.498035665131524e-06,7.708814783847239e-06,5.805620516324897e-06,6.174447564424794e-06
7830,3.269625210577942e-07,3.269625210577942e-07,0.0,1.5234523975955357e-05,3.9535341784358025e-05,0.00064765,5.366292474044628e-06,7.664761477695094e-06,5.742386972392315e-06,6.012219225346322e-06
7840,3.264772487909795e-07,3.264772487909795e-07,0.0,5.590356672275457e-06,3.874237518175505e-05,0.0006472,1.935494798975568e-06,2.5651437977574933e-06,2.0648414950086973e-06,1.9785557394274485e-06
7850,3.2602963528916007e-07,3.2602963528916007e-07,0.0,6.3033203964240045e-06,3.886203558067791e-05,0.00064675,2.1783056668824897e-06,2.9447421315649646e-06,2.4264434106357168e-06,2.3032193811461955e-06
7860,3.2559700002821046e-07,3.2559700002821046e-07,0.0,4.340323008562756e-06,3.908697181032039e-05,0.0006463,1.4058603467508313e-06,1.7179519761237523e-06,1.5097175575430527e-06,1.4892139185571316e-06
7870,3.251837483730924e-07,3.251837483730924e-07,0.0,1.0283808517245214e-05,3.9688402466708794e-05,0.00064585,3.4488143756795407e-06,4.729779805065174e-06,3.821639942124278e-06,4.076658807255267e-06
7880,3.2485795031789166e-07,3.2485795031789166e-07,0.0,4.3148869398144745e-05,4.369477028376423e-05,0.0006454,1.483244998357035e-05,2.0104057094167182e-05,1.6109409601034295e-05,1.73480045628036e-05
7890,3.2768946311989566e-07,3.2768946311989566e-07,0.0,0.00027430691513823487,0.00011283485946478322,0.00064495,9.459097033259455e-05,0.00012621616735755223,0.00010244295919083367,0.00011028520033756822
7900,5.800250733045687e-07,5.800250733045687e-07,0.0,0.002466600059373254,0.0009098348091356456,0.0006445000000000001,0.0008487489113670654,0.0011233735961721058,0.0009242157757928759,0.0009924203067883984
7910,3.0270130082499236e-05,3.0270130082499236e-05,0.0,0.027600289297303227,0.009097707457840443,0.0006440500000000001,0.009436486259327206,0.012362372127097086,0.010412677203340772,0.0110988215412804
7920,1.724199319141917e-05,1.724199319141917e-05,0.0,0.014339453237237417,0.0056648761965334415,0.0006435999999999999,0.004942305973530605,0.007300697247373746,0.005952620265596256,0.005617688642990263
7930,1.2229265848873183e-05,1.2229265848873183e-05,0.0,0.017207183033387263,0.005443371832370758,0.00064315,0.006116172363304114,0.007991380612720962,0.0065590233583991756,0.006402214501241774
7940,6.025041329849046e-06,6.025041329849046e-06,0.0,0.010651799170081144,0.0029372815042734146,0.0006427000000000001,0.003853612058444228,0.0051958370092424185,0.003949905575779042,0.003932034943145519
7950,2.117108806487522e-06,2.117108806487522e-06,0.0,0.005803170572132362,0.0018623464275151491,0.00064225,0.0019261285586514214,0.002567446599117969,0.0025162397288523244,0.0023010505208811063
7960,6.55693497719767e-07,6.55693497719767e-07,0.0,0.0018438161163122798,0.0011663836194202304,0.0006418,0.000600191864368911,0.0009261334029806704,0.0008315237183159613,0.0007347205747898498
7970,4.5414753913064487e-07,4.5414753913064487e-07,0.0,0.0016538419875659438,0.0005705173825845122,0.00064135,0.0005437216850123415,0.0007137996236431023,0.0006258833512334528,0.0006885165313268823
7980,4.051645134950377e-07,4.051645134950377e-07,0.0,0.0012674537857759395,0.0003202260995749384,0.0006409,0.0004242437708753038,0.0005568504660152812,0.00047876052086384766,0.0005234013607033823
7990,3.533425001478463e-07,3.533425001478463e-07,0.0,0.00046332961351103116,0.00020566096645779908,0.00064045,0.00014631156900115052,0.00022026474498270114,0.0002094875600744119,0.00018794875667854275
8000,3.4378390978417883e-07,3.4378390978417883e-07,0.0,0.0005252204691035503,0.00017379652126692235,0.00064,0.00017397267467984148,0.00022283095805928217,0.00022101816199983175,0.0002123359315531224
8010,3.313308241104096e-07,3.313308241104096e-07,0.0,0.00013896669019635333,8.663712651468813e-05,0.0006395500000000001,4.86722862361581e-05,6.483719040103446e-05,5.715389473179826e-05,5.1082599814500094e-05
8020,3.306806775071891e-07,3.306806775071891e-07,0.0,0.000212697995750519,8.423526014667004e-05,0.0006391,6.12803002759532e-05,8.290934849473473e-05,9.313073157014139e-05,9.380185220129694e-05
8030,3.274830078225932e-07,3.274830078225932e-07,0.0,4.334609099164574e-05,6.170164851937443e-05,0.0006386499999999999,1.4341759010814104e-05,2.014963963048302e-05,1.854658139042766e-05,1.6356168645210336e-05
8040,3.264542272063409e-07,3.264542272063409e-07,0.0,5.6463310252519664e-05,5.0988262955797836e-05,0.0006382,1.7559082220784826e-05,2.294919122704834e-05,2.450314161042582e-05,2.3901195465917937e-05
8050,3.2554297035858326e-07,3.2554297035858326e-07,0.0,4.5817128811236083e-05,4.669907866627909e-05,0.0006377500000000001,1.545436848689082e-05,1.9633521125830466e-05,1.8562390016319814e-05,1.795308109037482e-05
8060,3.2477223044224957e-07,3.2477223044224957e-07,0.0,2.2403335722614905e-05,4.246021489962004e-05,0.0006373,7.5713631631394745e-06,1.0181255188717364e-05,8.546496749269886e-06,9.480240955718635e-06
8070,3.241349872951105e-07,3.241349872951105e-07,0.0,1.408990200567368e-05,4.077684570802376e-05,0.00063685,4.494960652708438e-06,5.9133512631562834e-06,5.170782612725968e-06,5.81876094375136e-06
8080,3.2358397561438323e-07,3.2358397561438323e-07,0.0,1.0561340526952726e-05,3.953883424401283e-05,0.0006364000000000001,3.4930776257953234e-06,4.468349060000047e-06,4.38657164110338e-06,4.06022378669069e-06
8090,3.230755964978016e-07,3.230755964978016e-07,0.0,6.403017075559192e-06,3.9127360651036724e-05,0.00063595,2.2470447663334674e-06,2.7152661347817473e-06,2.1637495764454262e-06,2.2681516674484034e-06
8100,3.226060414363019e-07,3.226060414363019e-07,0.0,5.211386206282617e-06,3.900637602782808e-05,0.0006355,1.766211459556383e-06,2.2272028808030557e-06,1.8321594692854542e-06,1.823032181790219e-06
8110,3.221625775040593e-07,3.221625775040593e-07,0.0,3.6053706010234376e-06,3.9156031562015414e-05,0.0006350500000000001,1.1656929335528218e-06,1.3042040042259059e-06,1.0468791755677537e-06,1.1344760497853104e-06
8120,3.2173494446396944e-07,3.2173494446396944e-07,0.0,4.615449506188405e-06,3.944318450521678e-05,0.0006346,1.5119308503481633e-06,1.7566926254624572e-06,1.4834438985061524e-06,1.6815643550340997e-06
8130,3.2131524108081067e-07,3.2131524108081067e-07,0.0,3.0408716499809746e-06,3.977959931944497e-05,0.00063415,9.842595399183698e-07,1.026653991218257e-06,8.047543897842785e-07,8.368698063070567e-07
8140,3.209108569990349e-07,3.209108569990349e-07,0.0,3.447713034079896e-06,4.015680679003708e-05,0.0006337,1.06747982650527e-06,1.1956546129050716e-06,1.1030981719373554e-06,1.1006420464555385e-06
8150,3.205083771717909e-07,3.205083771717909e-07,0.0,4.0569826763226794e-06,4.055859972140752e-05,0.00063325,1.2421174207614187e-06,1.4742635588005981e-06,1.4162019166225316e-06,1.425847714076154e-06
8160,3.2011166695156135e-07,3.2011166695156135e-07,0.0,5.738381406237644e-06,4.09533349738922e-05,0.0006328000000000001,1.7922910356262167e-06,2.2441201593113056e-06,2.1689380068162565e-06,2.193624408965538e-06
8170,3.197470448412787e-07,3.197470448412787e-07,0.0,3.152322303604444e-05,4.220182745484635e-05,0.00063235,1.0218267230913582e-05,1.3069330357939006e-05,1.2492104893225307e-05,1.312647467771236e-05
8180,3.220054338726186e-07,3.220054338726186e-07,0.0,0.0002806755389832137,8.689010428497568e-05,0.0006319,9.188412201757397e-05,0.00011702033211126607,0.00011071006817420065,0.00011702029036653598
8190,7.161155508583761e-07,7.161155508583761e-07,0.0,0.0034165762971061346,0.0009403005824424326,0.0006314500000000001,0.00112117725370814,0.0014265990000638838,0.0013461140001886731,0.0014222058940742464
8200,7.985197589732707e-05,7.985197589732707e-05,0.0,0.0483746704203846,0.012797413393855095,0.000631,0.015845510422254138,0.02017059406973389,0.019031374409461572,0.02006759340444096
8210,5.853598486282863e-05,5.853598486282863e-05,0.0,0.041479304153539336,0.007999713532626629,0.0006305499999999999,0.013612454686356808,0.01719628378493084,0.016383013171323138,0.017038253844572908
8220,1.315843837801367e-05,1.315843837801367e-05,0.0,0.019235941411718062,0.0032329969108104706,0.0006301,0.006103550493617594,0.007766394102304275,0.00771824078751006,0.008174641685776985
8230,5.069391022516356e-07,5.069391022516356e-07,0.0,0.0018227280393825437,0.0011851985473185778,0.00062965,0.000632391517356354,0.0008155157596934438,0.000699723964207882,0.0007427419903716472
8240,1.7142117485491326e-06,1.7142117485491326e-06,0.0,0.006035939005821555,0.0019297301769256592,0.0006292,0.0017918575412130074,0.0023507820422082903,0.002457302281855075,0.0026668620269748888
8250,1.1872301683979458e-06,1.1872301683979458e-06,0.0,0.004765458444990191,0.0010183412814512849,0.00062875,0.0014675481426400197,0.0019047463068955206,0.0019157699998070747,0.0020840384977865384
8260,4.1881577317326446e-07,4.1881577317326446e-07,0.0,0.0014336971336017198,0.00025071794516406953,0.0006283000000000001,0.00046808454657262056,0.0005930467223792953,0.0005738293409280129,0.0006031873667954986
8270,3.514687705319375e-07,3.514687705319375e-07,0.0,0.0004960887647008278,0.0003310108440928161,0.00062785,0.00013420865648788532,0.00019460455558949097,0.0002041876360438669,0.00022615457734537496
8280,3.609719954056345e-07,3.609719954056345e-07,0.0,0.0008432616133453904,0.00027306785341352224,0.0006274,0.00025672184799571267,0.00033367826860150395,0.0003435465915810187,0.00037159505112076356
8290,3.4502093626542774e-07,3.4502093626542774e-07,0.0,0.0006185623979286918,0.00017991419008467346,0.00062695,0.00018774842448799584,0.0002435882642844831,0.0002534558827941785,0.0002725241297493188
8300,3.3279428635069053e-07,3.3279428635069053e-07,0.0,0.0003321378104931233,0.0001189374306704849,0.0006265000000000001,9.168847103101125e-05,0.00012696494499287632,0.0001391178474212834,0.0001517412279280693
8310,3.2759476198407356e-07,3.2759476198407356e-07,0.0,0.00017975863486620488,8.70233416208066e-05,0.00062605,4.7562020604791686e-05,6.861065520569497e-05,7.533117236824366e-05,8.258968289230765e-05
8320,3.2507159630768e-07,3.2507159630768e-07,0.0,0.00011280998976102785,6.611387652810663e-05,0.0006255999999999999,3.426142824335153e-05,4.446170911832248e-05,4.503578369166133e-05,4.917851880886019e-05
8330,3.2357800705540285e-07,3.2357800705540285e-07,0.0,6.567495943602648e-05,5.646950739901513e-05,0.00062515,1.8869365778673807e-05,2.5235148378252923e-05,2.680450618890667e-05,2.9397626051288186e-05
8340,3.22532685004262e-07,3.22532685004262e-07,0.0,4.14317584199784e-05,5.0658225518418476e-05,0.0006247000000000001,1.0824684039915221e-05,1.5675840976213247e-05,1.7515149503924564e-05,1.9061003976374466e-05
8350,3.217047321868449e-07,3.217047321868449e-07,0.0,2.96552170007571e-05,4.62169737147633e-05,0.00062425,9.143824259221497e-06,1.1695305490803123e-05,1.1811388759528195e-05,1.271715133970521e-05
8360,3.210186605429044e-07,3.210186605429044e-07,0.0,1.4170726689216681e-05,4.369442831375636e-05,0.0006238,3.481404993261241e-06,5.341002694865306e-06,5.973201257196186e-06,6.407801715322004e-06
8370,3.2042436259871465e-07,3.2042436259871465e-07,0.0,6.218711699218831e-06,4.222581264912151e-05,0.0006233500000000001,2.136536094437854e-06,2.536316611580398e-06,2.1024537504693193e-06,2.168949703905959e-06
8380,3.1989367244023015e-07,3.1989367244023015e-07,0.0,4.306462284430728e-06,4.1530616726959124e-05,0.0006229,1.513322813372102e-06,1.7585083674932012e-06,1.4933506283210041e-06,1.4353196233730106e-06
8390,3.194027442532388e-07,3.194027442532388e-07,0.0,4.336152779745229e-06,4.139242082601413e-05,0.00062245,1.4234981461742513e-06,1.6937470292451205e-06,1.551077695881196e-06,1.5913010951074654e-06
8400,3.189386177382403e-07,3.189386177382403e-07,0.0,3.3908878875252005e-06,4.149368032813072e-05,0.000622,1.1444483289752178e-06,1.2700103400775575e-06,1.0244047722655586e-06,1.0251561002042725e-06
8410,3.184948980106128e-07,3.184948980106128e-07,0.0,3.7979611927474004e-06,4.1689316276460886e-05,0.00062155,1.198437246421361e-06,1.4887915974723271e-06,1.2843330429338917e-06,1.2099115581654406e-06
8420,3.180655312462477e-07,3.180655312462477e-07,0.0,3.212987101903959e-06,4.2040606786031276e-05,0.0006211,1.0126013215390072e-06,1.147276440035735e-06,9.419643884583885e-07,9.480653390558832e-07
8430,3.1764500363351544e-07,3.1764500363351544e-07,0.0,2.989912875531395e-06,4.245286982040852e-05,0.0006206499999999999,9.764434756055637e-07,1.0329334110769617e-06,7.836369735568644e-07,8.23297419562779e-07
8440,3.172353331137856e-07,3.172353331137856e-07,0.0,3.333942140946687e-06,4.279741915524937e-05,0.0006202,9.97771322178919e-07,1.1770395280189675e-06,1.0403770466148872e-06,1.095717978922987e-06
8450,3.168283342347422e-07,3.168283342347422e-07,0.0,7.732367357040783e-06,4.314313264330849e-05,0.0006197500000000001,2.4697873981257313e-06,3.537197100358347e-06,3.1126195166884177e-06,2.763539009777772e-06
8460,3.165557416195952e-07,3.165557416195952e-07,0.0,5.015531543664182e-05,4.693308801506646e-05,0.0006192999999999999,1.689245280833954e-05,2.420180021118148e-05,2.0657912723056225e-05,1.7984399051088356e-05
8470,3.2577599995420314e-07,3.2577599995420314e-07,0.0,0.00042833615710055026,0.00017972687783185393,0.00061885,0.0001455396528227903,0.0002072508697114791,0.00017593421326249418,0.00015309065175151784
8480,1.674908958193555e-06,1.674908958193555e-06,0.0,0.0050554010377586965,0.0021178482566028833,0.0006184000000000001,0.0017190211687359207,0.0024463763163142783,0.0020757115297023693,0.0018059237772027783
8490,7.451292185578495e-05,7.451292185578495e-05,0.0,0.03917134420502362,0.012192456051707268,0.00061795,0.013586563112228046,0.018648883332569328,0.01578244036903862,0.013957022284744559
8500,1.3890580703446176e-05,1.3890580703446176e-05,0.0,0.016797295691548537,0.005749056115746498,0.0006175,0.00434975006194115,0.006523256691087318,0.007185760741448219,0.007806648637309626
8510,6.075807050365256e-06,6.075807050365256e-06,0.0,0.010791447541852768,0.003741275053471327,0.00061705,0.0027771081243111997,0.004211187355921802,0.004619283374028282,0.005012089059698383
8520,1.7288805338466773e-06,1.7288805338466773e-06,0.0,0.005057630868822671,0.001281379722058773,0.0006166,0.0017027382215157368,0.0024161872854103136,0.002076978522129949,0.0018099391875103024
8530,6.670005632258835e-07,6.670005632258835e-07,0.0,0.002975298746277416,0.0007640602416358888,0.00061615,0.0010365989073400231,0.0013262668605125523,0.0011473300534536979,0.0011290531261539964
8540,4.1263885464104533e-07,4.1263885464104533e-07,0.0,0.0014721217141039124,0.00048211796092800796,0.0006157000000000001,0.0005136483305672987,0.0006597275371376506,0.000588548178491312,0.0005561546352779654
8550,3.763539666579163e-07,3.763539666579163e-07,0.0,0.0009909812242089762,0.0004221118870191276,0.0006152500000000001,0.0003363890138643101,0.0004702760239290472,0.00041094461135913725,0.0003600374940700708
8560,3.622264728164737e-07,3.622264728164737e-07,0.0,0.0009531833457757698,0.0002967440814245492,0.0006148,0.00026581763083543083,0.00037610884134292875,0.00039306735712341394,0.0004380602239598918
8570,3.308377074517921e-07,3.308377074517921e-07,0.0,0.00045561881502877475,0.00014863778778817505,0.0006143499999999999,0.0001548208016467888,0.00021489880813315896,0.00018774066600635053,0.00016503601583882046
8580,3.2133598892869486e-07,3.2133598892869486e-07,0.0,0.00020070731519406977,8.78139107953757e-05,0.0006139,5.4425735997939604e-05,8.849040240883369e-05,8.716052850666366e-05,8.784667139708565e-05
8590,3.1874628803052474e-07,3.1874628803052474e-07,0.0,0.0001220785095005335,6.669743015663698e-05,0.0006134500000000001,3.300014132030087e-05,5.3247693566722446e-05,5.266361929791472e-05,5.4147883751842914e-05
8600,3.174106097958429e-07,3.174106097958429e-07,0.0,7.687319002040705e-05,5.444124326459132e-05,0.000613,2.4411736083609677e-05,3.630850706430314e-05,3.2690164234636104e-05,2.939292761809975e-05
8610,3.165269220062328e-07,3.165269220062328e-07,0.0,4.3223507973770025e-05,4.7722372983116657e-05,0.0006125499999999999,1.2178641761831024e-05,1.9506523556815024e-05,1.8777921339261096e-05,1.8443109781613968e-05
8620,3.158878314479807e-07,3.158878314479807e-07,0.0,2.9791430791847842e-05,4.450626147445291e-05,0.0006121,7.914764778387668e-06,1.1946662725833449e-05,1.2729495745079453e-05,1.3824893602649174e-05
8630,3.1535830657958286e-07,3.1535830657958286e-07,0.0,2.47544496184139e-05,4.3282390834065154e-05,0.00061165,8.727793098223669e-06,1.1069590268209001e-05,9.490872531416163e-06,9.31961652414547e-06
8640,3.148659857288294e-07,3.148659857288294e-07,0.0,9.044723822918891e-06,4.244060255587101e-05,0.0006112,3.0009391274949837e-06,3.7613691829986395e-06,3.579658227213933e-06,3.5248355947391615e-06
8650,3.1441862802239484e-07,3.1441862802239484e-07,0.0,1.1928517509938397e-05,4.2593881516950205e-05,0.0006107500000000001,4.061215095222229e-06,5.3018526338151985e-06,4.727145873570098e-06,4.4138423795218795e-06
8660,3.1398153055306466e-07,3.1398153055306466e-07,0.0,4.887742781139977e-06,4.293024176149629e-05,0.0006103,1.5338080527985994e-06,2.041345426748763e-06,1.838139052125458e-06,1.680933211876315e-06
8670,3.135571660095593e-07,3.135571660095593e-07,0.0,6.089683931375544e-06,4.337960490374826e-05,0.00060985,1.93093413992507e-06,2.375916969107245e-06,2.373405004854122e-06,2.3720803344049132e-06
8680,3.1317441084866005e-07,3.1317441084866005e-07,0.0,2.9213419640893753e-05,4.4478387280832976e-05,0.0006094,9.468007598683635e-06,1.2015048229533403e-05,1.1564303774925775e-05,1.220062431577946e-05
8690,3.1369361863653467e-07,3.1369361863653467e-07,0.0,0.0001662052447584004,6.273654435062781e-05,0.00060895,5.481874735600147e-05,6.916956594557753e-05,6.548102294393848e-05,6.872970598135145e-05
8700,3.7668539221158426e-07,3.7668539221158426e-07,0.0,0.0013614157340852977,0.0003757716913241893,0.0006085000000000001,0.0004495337577593228,0.0005666338934351315,0.0005360221280808291,0.0005630493386166524
8710,8.286043339467142e-06,8.286043339467142e-06,0.0,0.015157994312700977,0.004199247807264328,0.00060805,0.005000913168036622,0.0063042875659811435,0.00596506017897002,0.00626632564750044
8720,2.8637723517022096e-05,2.8637723517022096e-05,0.0,0.02857056092920497,0.004206381738185883,0.0006075999999999999,0.009328266742986618,0.01174646195440971,0.011181518005340096,0.011671286192952886
8730,2.613836113596335e-05,2.613836113596335e-05,0.0,0.027065569383415373,0.005690241698175669,0.0006071500000000001,0.008973002394975357,0.011276735493859404,0.010604547249050961,0.011030298232898816
8740,8.952895768743474e-06,8.952895768743474e-06,0.0,0.01557240999160609,0.003412565914914012,0.0006067000000000001,0.005196678197626503,0.006521144084311568,0.006115094169713932,0.006336435214163735
8750,3.270512252129265e-06,3.270512252129265e-06,0.0,0.009049045402608749,0.00198844145052135,0.00060625,0.0030338268706916636,0.0038037947782750764,0.0035686500565626426,0.003675476157330106
8760,1.331790599579108e-06,1.331790599579108e-06,0.0,0.005258540225933736,0.0011849869042634964,0.0006058,0.001763625919269653,0.002209760423389407,0.0020896596208081247,0.0021381244182592193
8770,6.667762022516399e-07,6.667762022516399e-07,0.0,0.003042682811470651,0.0007296323892660439,0.00060535,0.0010091866150586499,0.0012643946207305434,0.0012241182574084567,0.0012478512296072216
8780,4.3392702764322166e-07,4.3392702764322166e-07,0.0,0.0017034603336671054,0.000455946137662977,0.0006049,0.0005472332787655493,0.0006885727312529742,0.0006973262917029328,0.0007125561153441325
8790,3.509817361191381e-07,3.509817361191381e-07,0.0,0.0008425894926632906,0.0002714667352847755,0.00060445,0.00025303121572532196,0.0003260252460394606,0.0003542952229101978,0.0003664495305884299
8800,3.251538487347716e-07,3.251538487347716e-07,0.0,0.00031094952410885075,0.00014803545491304249,0.000604,7.810188021596225e-05,0.00011729486492449791,0.00013733794237486924,0.0001445120482069979
8810,3.204647782695247e-07,3.204647782695247e-07,0.0,0.00018513478403830565,9.818186663324013e-05,0.00060355,6.038788923666309e-05,8.817228492542763e-05,7.836258714176098e-05,6.986549544826073e-05
8820,3.1851212156652764e-07,3.1851212156652764e-07,0.0,0.0001917276613160005,8.681105828145519e-05,0.0006031,6.522982248845932e-05,8.453869359521033e-05,7.940400264909024e-05,7.410169023165766e-05
8830,3.16036363301464e-07,3.16036363301464e-07,0.0,9.650037059520745e-05,6.291636236710474e-05,0.00060265,2.9640515667912035e-05,3.765623972429529e-05,3.921811530142864e-05,4.180870049953554e-05
8840,3.149627332277305e-07,3.149627332277305e-07,0.0,4.819643011313688e-05,5.5464261095039546e-05,0.0006022000000000001,1.4599127505391886e-05,2.2463932950489583e-05,2.049616128330399e-05,1.9280946673797192e-05
8850,3.1412659495799744e-07,3.1412659495799744e-07,0.0,3.749872421809053e-05,4.872142744716257e-05,0.0006017500000000001,1.282645635280628e-05,1.635942561355227e-05,1.499496213757662e-05,1.4446001405380442e-05
8860,3.13466216539382e-07,3.13466216539382e-07,0.0,1.764271581769059e-05,4.636968515114859e-05,0.0006012999999999999,5.326664761645706e-06,8.159133329008786e-06,7.458786850287282e-06,7.338449113096301e-06
8870,3.128934622509405e-07,3.128934622509405e-07,0.0,1.1425610986968245e-05,4.514388274401426e-05,0.00060085,4.0684999089505634e-06,5.097831786569816e-06,4.188907558619953e-06,4.1327774785671e-06
8880,3.1238573683367576e-07,3.1238573683367576e-07,0.0,9.902260723220387e-06,4.449815969564952e-05,0.0006004000000000001,3.0573758424440015e-06,4.5479348816623475e-06,4.152471703329087e-06,3.7066166955393566e-06
8890,3.1190364779831725e-07,3.1190364779831725e-07,0.0,4.0679898609110525e-06,4.464017183636315e-05,0.00059995,1.4037027962570997e-06,1.7343346944220659e-06,1.3808889281206705e-06,1.2706567645728702e-06
8900,3.11450037315808e-07,3.11450037315808e-07,0.0,3.1896200531470785e-06,4.489464845391922e-05,0.0005994999999999999,1.092462072577002e-06,1.1541085975882452e-06,8.345361593021512e-07,9.083681897234762e-07
8910,3.1100958608476503e-07,3.1100958608476503e-07,0.0,3.1842740941242093e-06,4.523390452959575e-05,0.0005990500000000001,1.0215642361277518e-06,1.133257948236598e-06,9.612752550328892e-07,9.5429967319692e-07
8920,3.105772918843286e-07,3.105772918843286e-07,0.0,3.051993678349144e-06,4.5721895730821416e-05,0.0005986,1.0447423094723242e-06,1.104894771387857e-06,8.038475527512017e-07,8.512585415136267e-07
8930,3.1015511581244937e-07,3.1015511581244937e-07,0.0,2.8884362232465225e-06,4.614702265826054e-05,0.00059815,9.285572432180341e-07,9.602784262704312e-07,7.664169446462814e-07,8.318956139177825e-07
8940,3.0973583875493205e-07,3.0973583875493205e-07,0.0,2.975865156209502e-06,4.6590583224315196e-05,0.0005977,9.227515799640044e-07,1.0020327084774337e-06,8.485472799587084e-07,8.862902668300587e-07
8950,3.0931903438613517e-07,3.0931903438613517e-07,0.0,2.918579417637206e-06,4.700138379121199e-05,0.0005972500000000001,9.313180344068605e-07,9.699090820630209e-07,7.821875388407168e-07,8.890639880936066e-07
8960,3.0890453217580216e-07,3.0890453217580216e-07,0.0,3.165012684080077e-06,4.7391862608492374e-05,0.0005968,1.1100098316869144e-06,1.1859997159887376e-06,9.53747073207046e-07,9.77861317644222e-07
8970,3.0849182053316326e-07,3.0849182053316326e-07,0.0,3.510166582764793e-06,4.7778929001651704e-05,0.0005963499999999999,1.2434518399379475e-06,1.4124211536423438e-06,1.1752854556707856e-06,1.147267604040332e-06
8980,3.0808070050625247e-07,3.0808070050625247e-07,0.0,6.219219650478721e-06,4.823153358302079e-05,0.0005959,2.157416232053954e-06,2.9646281148102527e-06,2.554714925048202e-06,2.281973791736117e-06
8990,3.077202848089655e-07,3.077202848089655e-07,0.0,2.4485851879970604e-05,5.1026130677200854e-05,0.0005954500000000001,8.56853980248888e-06,1.2818313056697929e-05,1.0290222869685582e-05,9.215644644532429e-06
9000,3.09912280727076e-07,3.09912280727076e-07,0.0,0.00016984292640120745,0.00012753567716572434,0.0005949999999999999,5.8426641661325317e-05,8.934256598510809e-05,7.163559937389295e-05,6.414830302797359e-05
9010,5.58303952402639e-07,5.58303952402639e-07,0.0,0.0016476735069570808,0.0011703886557370424,0.00059455,0.000562957788982927,0.0008650381005789592,0.0006980411487973564,0.0006246732161785764
9020,1.9105602405034006e-05,1.9105602405034006e-05,0.0,0.014322346608296501,0.008931112475693226,0.0005941000000000001,0.00488737087263824,0.007521900122793318,0.00605692755932636,0.005411607240780305
9030,1.1622958481893875e-05,1.1622958481893875e-05,0.0,0.016354954601523777,0.004806226585060358,0.00059365,0.005532311316183543,0.007107061266939899,0.006714466187459107,0.006367185700890223
9040,1.0835015928023495e-05,1.0835015928023495e-05,0.0,0.01660195666390455,0.004002820234745741,0.0005932,0.004887687402820285,0.006345553118497837,0.006952768997122469,0.007407864134236325
9050,4.528741101239575e-06,4.528741101239575e-06,0.0,0.010649945617995113,0.0027314594481140375,0.00059275,0.003317516045322273,0.004258482707976531,0.004198626101126979,0.004645580085445201
9060,1.670977894718817e-06,1.670977894718817e-06,0.0,0.005983846749367417,0.0017956119263544679,0.0005923,0.0018719447453913634,0.002411636537585024,0.0023473960548105787,0.002612090276058617
9070,6.098467224546766e-07,6.098467224546766e-07,0.0,0.0025728247035140942,0.0008849654695950449,0.00059185,0.0006950427881142306,0.0009662415260773376,0.0011252450199289554,0.0011794911453389993
9080,4.288253023787547e-07,4.288253023787547e-07,0.0,0.0013740937207872802,0.0005597812123596668,0.0005914,0.00045613080541188406,0.0006446881362881781,0.0005818960890748945,0.0005217882249910605
9090,4.240331463734037e-07,4.240331463734037e-07,0.0,0.0015415398773664735,0.0005171037628315389,0.00059095,0.0005491716182482872,0.0007348887522644051,0.0005962930884284393,0.0005542209233514533
9100,3.305421500954253e-07,3.305421500954253e-07,0.0,0.000732435725867011,0.00023336912272498012,0.0005905,0.00023995580418017726,0.00031406859832838063,0.00027688725542687954,0.0003115854911438449
9110,3.0816843832326413e-07,3.0816843832326413e-07,0.0,0.00014073719151129284,8.14915110822767e-05,0.00059005,4.6624285621208386e-05,6.907643782663401e-05,6.0896296712092194e-05,5.548858903048798e-05
9120,3.136570114747883e-07,3.136570114747883e-07,0.0,0.00046238484802559407,0.00013302816660143435,0.0005896,0.00013902817572258318,0.0001781143071665926,0.00019133830910335296,0.00020405282557608544
9130,3.99291252506373e-07,3.99291252506373e-07,0.0,0.001620718693946957,0.00044256719411350787,0.0005891500000000001,0.0005415389767876203,0.0006787834311277397,0.0006396933093938236,0.0006594074970652297
9140,3.635067059803987e-06,3.635067059803987e-06,0.0,0.00957278816548222,0.002691390225663781,0.0005887,0.003235802339835062,0.004065667408327809,0.0037540884037557125,0.0038401931847786386
9150,5.9943151427432895e-05,5.9943151427432895e-05,0.0,0.04071282690102249,0.009830730967223644,0.0005882499999999999,0.013606469025622358,0.01707795956069933,0.015921677226173315,0.01646233124302515
9160,8.796571819402743e-06,8.796571819402743e-06,0.0,0.015289891789997154,0.0030163407791405916,0.0005878,0.005131430742625842,0.0064241727532187275,0.005994914178429469,0.006273879986791147
9170,4.168425675743492e-06,4.168425675743492e-06,0.0,0.00899079733007808,0.0033336973283439875,0.00058735,0.0031502228722220297,0.004195311632541437,0.0035939469361248445,0.00326535453852625
9180,7.29902524199133e-07,7.29902524199133e-07,0.0,0.002805836136281393,0.0006239060894586146,0.0005869,0.0009620495440363661,0.001321963664541293,0.001138022552735012,0.0010080875474403445
9190,1.030715907290869e-06,1.030715907290869e-06,0.0,0.004292489541580476,0.0011373779270797968,0.0005864500000000001,0.0014866564451798496,0.001878963737722979,0.0016746163228629804,0.0016616411440500232
9200,3.27362215557514e-07,3.27362215557514e-07,0.0,0.0006279914004079884,0.0002053387142950669,0.000586,0.00018922289399254534,0.00024390018171903817,0.0002494059053379825,0.00027705830269393416
9210,4.0435514847558807e-07,4.0435514847558807e-07,0.0,0.0014176524841402849,0.00045917308307252824,0.00058555,0.0004931263983768328,0.0006537326358613842,0.0005627590646996448,0.0005145689937905037
9220,3.17768922286632e-07,3.17768922286632e-07,0.0,0.0004352296214442061,0.0001277026894968003,0.0005851,0.00015152698843889288,0.00020328339523324146,0.000174784459516061,0.00015795084102416623
9230,3.1091292385099223e-07,3.1091292385099223e-07,0.0,0.00028175964106517623,0.0001310553343500942,0.00058465,9.77685433219378e-05,0.00013028188770834576,0.00011236667569822348,0.00010240290472214948
9240,3.109707620296831e-07,3.109707620296831e-07,0.0,0.00031951007077619194,0.0001201876366394572,0.0005842000000000001,0.00011180522268646872,0.00014874985473425098,0.0001277360774411948,0.00011620000405814934
9250,3.069447700454475e-07,3.069447700454475e-07,0.0,0.0002145923621839929,6.984528590692207e-05,0.00058375,7.184390850766836e-05,8.980485673697349e-05,8.379158391829472e-05,8.738766639440317e-05
9260,3.055173181110149e-07,3.055173181110149e-07,0.0,0.00011713939556150291,7.237079262267798e-05,0.0005832999999999999,3.2645155689047595e-05,5.329359001292026e-05,5.148258248068466e-05,4.90950070943144e-05
9270,3.105288612914592e-07,3.105288612914592e-07,0.0,0.00036394427894005383,0.00015147437807172537,0.00058285,9.446293528146208e-05,0.00014075853611938882,0.00015411182319309392,0.00017020396717484988
9280,4.805780804417736e-07,4.805780804417736e-07,0.0,0.0018299191307752749,0.0007808415684849024,0.0005824000000000001,0.0004611607629905884,0.0007179070843555317,0.0007841691813547874,0.0008547784214664465
9290,9.03630098036956e-06,9.03630098036956e-06,0.0,0.012976701213765577,0.005414720159024,0.00058195,0.0032840000452027444,0.0050627687156262185,0.0055419799252092936,0.006066648180371439
9300,3.0506093935400713e-06,3.0506093935400713e-06,0.0,0.007549316127652928,0.003206126857548952,0.0005815,0.002619864940425255,0.003501557430781874,0.003026881604480644,0.0027440016765061404
9310,3.8134885471663438e-06,3.8134885471663438e-06,0.0,0.007402945762509752,0.002690425841137767,0.0005810500000000001,0.002298374393587948,0.0034887828398698284,0.003162978873315359,0.0028338967876197284
9320,1.2826737929572118e-06,1.2826737929572118e-06,0.0,0.004583920931202938,0.0016853953711688519,0.0005806,0.001206802123315401,0.001739258419732671,0.0019196518227086968,0.0021380389171121775
9330,4.7447272777390026e-07,4.7447272777390026e-07,0.0,0.0021685933654246197,0.0005145033355802298,0.00058015,0.0006981014471533961,0.0008748477295336276,0.0008610947024427269,0.0009218684590951204
9340,5.236203719505284e-07,5.236203719505284e-07,0.0,0.0019321526342638941,0.0006827168981544673,0.0005797,0.0006400342204312038,0.0009189002483694902,0.0008034702224617307,0.0007064527164148003
9350,3.3166321600219817e-07,3.3166321600219817e-07,0.0,0.0008198629657117067,0.00031308725010603666,0.00057925,0.00022843893606358986,0.000309239512697358,0.0003376595498385319,0.00037663512387085737
9360,3.198858564701368e-07,3.198858564701368e-07,0.0,0.0005225801768602735,0.0001807513617677614,0.0005788,0.00016834838897193712,0.0002481054060428811,0.00022050754244796453,0.0001949379270416213
9370,3.0809545137344685e-07,3.0809545137344685e-07,0.0,0.00038632825919270974,0.00013551936717703938,0.0005783499999999999,0.00011305070946349778,0.00014811681069897643,0.0001579060239274875,0.0001750871399551071
9380,3.1183139981294516e-07,3.1183139981294516e-07,0.0,0.00047690424596200364,0.000152931286720559,0.0005779000000000001,0.00016663294246242204,0.0002180639493001445,0.00018917336769814713,0.00017586998645958784
9390,3.279772329278785e-07,3.279772329278785e-07,0.0,0.0008595657905483759,0.0002361824590479955,0.0005774500000000001,0.00028861015846971865,0.00036108275378534115,0.0003368310106499766,0.000348904411590672
9400,6.261781209104811e-07,6.261781209104811e-07,0.0,0.002989715498882415,0.0008294830331578851,0.0005769999999999999,0.0010040067654835214,0.0012561267416721028,0.0011711261850151436,0.001213331005941618
9410,9.278783181798644e-06,9.278783181798644e-06,0.0,0.015663031537224727,0.004396603908389807,0.00057655,0.005273357288370896,0.006602518922587889,0.006129522349359639,0.00632315242318836
9420,1.7082045815186575e-05,1.7082045815186575e-05,0.0,0.021571125021383135,0.004346122033894062,0.0005761000000000001,0.0071358146531654305,0.008918165834718314,0.008419503534793413,0.008847597607650899
9430,5.041921440351871e-07,5.041921440351871e-07,0.0,0.0020258623079342417,0.0007066651596687734,0.00057565,0.0005862388043366395,0.0008120569703936501,0.0008426817577034414,0.0009454863239284269
9440,2.6702657578425715e-06,2.6702657578425715e-06,0.0,0.008055726268343142,0.002283550798892975,0.0005752,0.0026769662693285506,0.003341779723545271,0.003132441685084025,0.0033189177487217827
9450,1.2652182022065972e-06,1.2652182022065972e-06,0.0,0.005128992759215794,0.0011175491381436586,0.00057475,0.0016537376052810691,0.002071558653133402,0.002019193957994143,0.002183337114544797
9460,3.106615338310803e-07,3.106615338310803e-07,0.0,0.00034105388933060234,0.00015241469372995198,0.0005743,0.00010093107252307798,0.0001279576654906318,0.00013512003558712233,0.00014764937965172618
9470,3.7406917385851557e-07,3.7406917385851557e-07,0.0,0.0013876503265257928,0.00042359260260127485,0.00057385,0.0004390516974914086,0.0005507536264316464,0.0005474354585152738,0.0005944214843619706
9480,3.590420760701818e-07,3.590420760701818e-07,0.0,0.0012442875658479095,0.00032814135192893445,0.0005734000000000001,0.0004032960558134957,0.0005043531609204901,0.0004881545154750722,0.000526165929269096
9490,3.2489316481587593e-07,3.2489316481587593e-07,0.0,0.0007954668210023164,0.0002083904400933534,0.0005729500000000001,0.0002634454231037249,0.00032874720151603606,0.00031074109690495125,0.0003300321506875439
9500,3.097559897469182e-07,3.097559897469182e-07,0.0,0.0004924820888765015,0.000131148801301606,0.0005725,0.0001642688816810712,0.00020486130282941465,0.00019276005733245762,0.00020185330980219718
9510,3.034790552192135e-07,3.034790552192135e-07,0.0,0.0003015687644072484,9.462767775403336e-05,0.0005720499999999999,0.00010126833094084735,0.00012631237522476614,0.00011785271771578703,0.00012291329734263697
9520,3.002731716605922e-07,3.002731716605922e-07,0.0,0.00014324014163330685,6.376712553901598e-05,0.0005716,4.850450884452573e-05,6.0700011356372736e-05,5.593991375641056e-05,5.781802433208772e-05
9530,2.9896841624577064e-07,2.9896841624577064e-07,0.0,1.902947088585653e-05,4.9414455133955926e-05,0.0005711500000000001,5.036055153372551e-06,7.0875603556282215e-06,8.074257993859655e-06,8.827821528561395e-06
9540,2.9871648621337954e-07,2.9871648621337954e-07,0.0,8.702951820950525e-05,5.380305810831487e-05,0.0005707,2.816811988732223e-05,3.516451464394159e-05,3.4243631953561594e-05,3.695622114133169e-05
9550,2.9797661227348726e-07,2.9797661227348726e-07,0.0,1.4981900003816567e-05,4.9329955800203606e-05,0.0005702499999999999,5.176866923843302e-06,6.3613708775393e-06,5.688385325244444e-06,5.971567143591237e-06
9560,2.975377526581724e-07,2.975377526581724e-07,0.0,2.64653844098992e-05,4.9854272219818085e-05,0.0005698,8.503715847746095e-06,1.0657331555169209e-05,1.0488660851081069e-05,1.1149923930308059e-05
9570,2.972273875911924e-07,2.972273875911924e-07,0.0,6.56804088996015e-05,5.2834242524113506e-05,0.00056935,2.1704331593802517e-05,2.7142646112173612e-05,2.5787867289553206e-05,2.711343261318248e-05
9580,2.9880456509090436e-07,2.9880456509090436e-07,0.0,0.00024483569097164383,8.445311686955392e-05,0.0005689,8.051544580928991e-05,0.00010049542849875955,9.62346570256455e-05,0.00010198315530330462
9590,3.6901982980452885e-07,3.6901982980452885e-07,0.0,0.0014199613761737705,0.0004071702715009451,0.0005684500000000001,0.0004667572713759769,0.0005823019328305795,0.0005578324285796045,0.0005923246774928745
9600,5.127405984239886e-06,5.127405984239886e-06,0.0,0.011570820005753,0.0033378712832927704,0.000568,0.0037993704931465902,0.004740152592313538,0.004544507987486936,0.004826822614010018
9610,4.874700971413404e-05,4.874700971413404e-05,0.0,0.03661480452256274,0.007872764021158218,0.00056755,0.011973866225377909,0.014941892117348369,0.014310904793397902,0.01516804318805194
9620,3.845170795102604e-06,3.845170795102604e-06,0.0,0.009899437331161375,0.0034672280307859182,0.0005671,0.003101253859975294,0.003877315845460308,0.0039215498395173895,0.004226351890141175
9630,1.550993374621612e-06,1.550993374621612e-06,0.0,0.005750041109539964,0.00098242680542171,0.00056665,0.0019043119217701506,0.0023828852921293055,0.002215972322621229,0.002396479857508951
9640,2.160901658498915e-06,2.160901658498915e-06,0.0,0.007130431826610057,0.0015519652515649796,0.0005662000000000001,0.0022635843114218726,0.002822892246972698,0.002834886697064162,0.0030426903963556764
9650,9.422329299013654e-07,9.422329299013654e-07,0.0,0.004111291402123226,0.0011342453071847558,0.00056575,0.0012926444127496104,0.001615704432941246,0.0016661391082463592,0.0017424740257432284
9660,3.200166531769355e-07,3.200166531769355e-07,0.0,0.0005985246311176095,0.0003414970124140382,0.0005653,0.00017630183409272207,0.00022430357168385165,0.00024423323037728046,0.00026235447357291533
9670,3.601926437113434e-07,3.601926437113434e-07,0.0,0.001219553372225168,0.00026824724045582116,0.0005648500000000001,0.00037637470816860287,0.000473817232856676,0.0005020507119627841,0.0005280334539725168
9680,3.279261875377415e-07,3.279261875377415e-07,0.0,0.0008574054872340892,0.00024616322480142117,0.0005644000000000001,0.0002773431598581326,0.00034496235409739294,0.00033944800718477627,0.0003619907606278126
9690,3.0134862072372925e-07,3.0134862072372925e-07,0.0,0.00021955810580968354,7.909801934147254e-05,0.0005639499999999999,7.172402403764071e-05,8.916875277747014e-05,8.766487247364145e-05,9.223908811416382e-05
9700,3.0220422786442214e-07,3.0220422786442214e-07,0.0,0.00032377001980796573,0.00011061763507314026,0.0005635,0.00010296384517356356,0.00012839750156523044,0.00012951380919426958,0.00013857912631717257
9710,2.981393265599763e-07,2.981393265599763e-07,0.0,0.00013343317948717314,6.229025166248903e-05,0.00056305,4.369636895647727e-05,5.432675230925049e-05,5.298633337566706e-05,5.6005546020077476e-05
9720,2.9688794711546507e-07,2.9688794711546507e-07,0.0,5.785987151815892e-05,5.7686575019033626e-05,0.0005626,1.8242629058546714e-05,2.2799339065439476e-05,2.3604116646845493e-05,2.465801138000697e-05
9730,2.963714962334052e-07,2.963714962334052e-07,0.0,7.77603015840014e-05,5.6154909543693066e-05,0.00056215,2.4771221969025317e-05,3.0847358037014144e-05,3.1153900507714943e-05,3.3215019213515666e-05
9740,2.9567746651082416e-07,2.9567746651082416e-07,0.0,4.295543350238955e-05,5.1806953706545755e-05,0.0005616999999999999,1.3589036417737898e-05,1.697591613081757e-05,1.7167230671038968e-05,1.8427410449848912e-05
9750,2.951242663584708e-07,2.951242663584708e-07,0.0,1.817167882991775e-05,5.140265784575604e-05,0.00056125,6.344797429387513e-06,7.852260261397081e-06,6.857661464848113e-06,7.167467731287274e-06
9760,2.9467852868947375e-07,2.9467852868947375e-07,0.0,2.4340451363617666e-05,5.34474675077945e-05,0.0005608,6.2619681061541715e-06,1.0385304936182853e-05,1.0704562198759703e-05,1.0752868955649684e-05
9770,2.972183494875935e-07,2.972183494875935e-07,0.0,0.00021139909448713616,0.00012639832857530564,0.00056035,5.956942851599982e-05,9.62864194718687e-05,9.232379964480696e-05,8.6872956965719e-05
9780,7.448278438459965e-07,7.448278438459965e-07,0.0,0.0025769069359621193,0.00139538012444973,0.0005599000000000001,0.0007146950749569072,0.0011663887692845009,0.0011288993587010802,0.0010688024358069229
9790,4.071293733431958e-05,4.071293733431958e-05,0.0,0.024425020515410806,0.011348518542945385,0.00055945,0.006938314593691062,0.011164846677047712,0.010650497452033825,0.009971985667916378
9800,2.0029867755511077e-06,2.0029867755511077e-06,0.0,0.00628933241190981,0.0034058941528201103,0.0005589999999999999,0.0016876591449643693,0.0023119527186825856,0.002663628755348991,0.002921854228683611
9810,1.0767965932245716e-06,1.0767965932245716e-06,0.0,0.00364768698136036,0.00226196413859725,0.00055855,0.0012205063206753802,0.0017188108477299941,0.0015118767106897903,0.0013386276048261644
9820,9.989316822611727e-07,9.989316822611727e-07,0.0,0.003403638149955937,0.001726321061141789,0.0005581000000000001,0.0008373980746433231,0.001360888404276188,0.001471574245207242,0.0015829113480934965
9830,7.285008791768632e-07,7.285008791768632e-07,0.0,0.0024544319447160463,0.001151713659055531,0.00055765,0.0006391768662893537,0.0010842482219816183,0.0011007046039503707,0.0010438439714364283
9840,4.694165340879408e-07,4.694165340879408e-07,0.0,0.0016087778934961753,0.0006589828990399837,0.0005571999999999999,0.00041792728275395107,0.0006809589816828047,0.0006934356726177298,0.0007259061141438928
9850,3.514064133014472e-07,3.514064133014472e-07,0.0,0.0008734752291835228,0.0003461881715338677,0.0005567500000000001,0.00022923172251057905,0.0003883497622453557,0.0003923520553096092,0.0003695499896983947
9860,3.117006315278559e-07,3.117006315278559e-07,0.0,0.000493904168419664,0.00018630450358614326,0.0005563,0.00012977603248055689,0.00021183773345060568,0.00021392310451912372,0.00022040658060512962
9870,3.001581774242368e-07,3.001581774242368e-07,0.0,0.00031379601799922904,0.00011324050865368918,0.00055585,7.289476562726194e-05,0.00012155938050322025,0.00013993282435459002,0.00014749315981907806
9880,2.9601304163406894e-07,2.9601304163406894e-07,0.0,0.0001910802249532283,8.857717330101877e-05,0.0005554000000000001,5.7740374896048795e-05,8.836688616356691e-05,8.236220520696895e-05,7.536119043025774e-05
9890,2.9405941859295126e-07,2.9405941859295126e-07,0.0,0.00012491953428834268,7.548966823378578e-05,0.00055495,3.7492658557822126e-05,5.895850389449257e-05,5.433550026846479e-05,4.867892810389364e-05
9900,2.9307898330444004e-07,2.9307898330444004e-07,0.0,0.00010443011616151647,6.95384296705015e-05,0.0005545,3.630037559907687e-05,5.114048128826911e-05,4.177606249329578e-05,3.714282491524982e-05
9910,2.951769317860453e-07,2.951769317860453e-07,0.0,0.00027617230382974406,0.00011038717639166862,0.0005540499999999999,9.702298817049299e-05,0.0001236898349097344,0.00010326038524844454,0.00010798921585131435
9920,3.6974572026338137e-07,3.6974572026338137e-07,0.0,0.0013553980576886614,0.0004930479917675257,0.0005536,0.0004696918168699653,0.0005987742470975787,0.0005054606298745307,0.0005440638056477766
9930,4.238495876052184e-06,4.238495876052184e-06,0.0,0.009629888136512213,0.0035155112855136395,0.0005531500000000001,0.0033363552788524624,0.0042526838978048575,0.0035946559484865714,0.0038715029950075306
9940,3.8789516111137345e-05,3.8789516111137345e-05,0.0,0.03221370757171664,0.007929750718176365,0.0005526999999999999,0.010765766078403674,0.013370281549412675,0.012663385014015028,0.013305363848562866
9950,1.0905541785177775e-05,1.0905541785177775e-05,0.0,0.012929357375077825,0.005454667843878269,0.00055225,0.003998709668596629,0.005560546107048428,0.005677722288674258,0.005382855160644323
9960,2.8138028937974013e-06,2.8138028937974013e-06,0.0,0.005364202102977833,0.0030650144908577204,0.0005518000000000001,0.0017239583041762775,0.0025788427434939786,0.0023891548826218212,0.002180820881392966
9970,1.6865178622538224e-06,1.6865178622538224e-06,0.0,0.005116152265112765,0.0017825000686571002,0.00055135,0.001800960164255619,0.0023723794439813226,0.0018614703975227639,0.0020143228206912743
9980,4.103035848856962e-07,4.103035848856962e-07,0.0,0.0013035032747100057,0.0003130771219730377,0.0005509,0.00040369910413257516,0.0005625867178990861,0.0005745129911218407,0.0005419349753482831
9990,3.3421108014408674e-07,3.3421108014408674e-07,0.0,0.0009980487530341258,0.0003867393243126571,0.00055045,0.0003331700137346395,0.0004126021052476357,0.0003974326333257051,0.000414395719161165
10000,3.352554927005258e-07,3.352554927005258e-07,0.0,0.0010159188970525633,0.0003356707456987351,0.00055,0.0003252170124813498,0.0004064557111525214,0.0004153452492269108,0.00042669457775851484
10010,3.0887898105902423e-07,3.0887898105902423e-07,0.0,0.0005797871421654638,0.00024129684607032686,0.00054955,0.0002017737487860081,0.0002601486902996231,0.00021293280292792262,0.00023121369276181346
10020,2.970170669414074e-07,2.970170669414074e-07,0.0,0.00031114589993162117,0.00014319809270091355,0.0005491,9.656570096189273e-05,0.0001276985244751487,0.00013419426841901387,0.000130971601310838
10030,2.9288733571775083e-07,2.9288733571775083e-07,0.0,0.00018051299021241434,9.842513100011274e-05,0.0005486500000000001,6.393984261426735e-05,8.508605318081342e-05,6.594311191717299e-05,7.134053203403768e-05
10040,2.9111103572176944e-07,2.9111103572176944e-07,0.0,0.0001302354110200669,7.359691517194733e-05,0.0005482,4.11005604385162e-05,5.306686163880389e-05,5.531356798231383e-05,5.472698088038794e-05
10050,2.900637241509685e-07,2.900637241509685e-07,0.0,9.42484675088184e-05,6.09780618106015e-05,0.00054775,3.227270910431707e-05,4.083143853646664e-05,3.548282513487856e-05,3.855622404650314e-05
10060,2.8921161288053554e-07,2.8921161288053554e-07,0.0,4.075227665992837e-05,5.335729292710312e-05,0.0005473,1.3348272413717264e-05,1.6521694812694626e-05,1.6314085334839997e-05,1.6985668540401154e-05
10070,2.886764036702516e-07,2.886764036702516e-07,0.0,2.5939048951896583e-05,5.167815834283829e-05,0.0005468500000000001,8.852034070362126e-06,1.1022282267480211e-05,9.730104193678045e-06,1.0655625885495548e-05
10080,2.881952525513043e-07,2.881952525513043e-07,0.0,1.8177747546761122e-05,5.1470622565830126e-05,0.0005464,5.6539721389987195e-06,7.359450057030437e-06,7.818740060106122e-06,7.617339887466468e-06
10090,2.877507654375222e-07,2.877507654375222e-07,0.0,2.4537900358171806e-05,5.209568189457059e-05,0.0005459499999999999,7.76118616088301e-06,9.74260849802624e-06,1.0129105081783994e-05,1.0298342851091481e-05
10100,2.8737855473082163e-07,2.8737855473082163e-07,0.0,4.946213507216718e-05,5.381764640333131e-05,0.0005455,1.6131429254935608e-05,2.004594597926744e-05,1.9603468670721944e-05,2.0649348307067987e-05
10110,2.87949319499603e-07,2.87949319499603e-07,0.0,0.0001720387189455365,7.139406807255e-05,0.00054505,5.6780291564985326e-05,7.04569510722128e-05,6.752313505326151e-05,7.142573145832914e-05
10120,3.2139348604687257e-07,3.2139348604687257e-07,0.0,0.0009730455210891176,0.0002870681055355817,0.0005446,0.00032120580838408984,0.00039817928145624207,0.0003821223978760348,0.00040425067083488904
10130,2.566790726632462e-06,2.566790726632462e-06,0.0,0.007860161586425777,0.0023213259410113096,0.0005441500000000001,0.002593343754884918,0.003214597480990074,0.0030864413595508003,0.0032653773777934257
10140,6.599514017580077e-05,6.599514017580077e-05,0.0,0.04219889997974599,0.010491740889847279,0.0005437,0.013841304036688509,0.017171113882420097,0.01649677200710448,0.017510023087248482
10150,1.3189002174840425e-06,1.3189002174840425e-06,0.0,0.004911379802386635,0.0008818264468573034,0.00054325,0.0016741699657611725,0.0021106697908462695,0.0018907681057440393,0.0020836436186626333
10160,5.768719802290434e-06,5.768719802290434e-06,0.0,0.011970851468432452,0.002895200625061989,0.0005428,0.003985841389001759,0.004952905519389015,0.004593240053300765,0.004973094725277492
10170,2.2298559088085312e-06,2.2298559088085312e-06,0.0,0.0071094126731520305,0.0020879111252725124,0.00054235,0.0023688809302821016,0.0029416872308632323,0.002720903187780243,0.002941758340140571
10180,4.1176437548529066e-07,4.1176437548529066e-07,0.0,0.0017032251759131515,0.0007673924556002021,0.0005419000000000001,0.0005664966672604193,0.0007064620903108991,0.0006396901326257687,0.0006950526430232093
10190,3.720311383403896e-07,3.720311383403896e-07,0.0,0.0014245505861656804,0.00025357111007906497,0.00054145,0.00047132760199940015,0.0005825687849638607,0.0005615110345758654,0.000599944055131101
10200,3.9427686715498567e-07,3.9427686715498567e-07,0.0,0.0016442198508906912,0.00042982754530385137,0.0005409999999999999,0.0005426891061016812,0.0006719217408897097,0.0006373400890092414,0.0006868649544325256
10210,2.9385373068180343e-07,2.9385373068180343e-07,0.0,0.000272238252850617,0.00015675170288886875,0.00054055,9.085464659478754e-05,0.00011435207023066303,0.00010189931346065291,0.00011325015832718516
10220,3.0059948130656267e-07,3.0059948130656267e-07,0.0,0.0005495386611951826,0.00014544505393132567,0.0005401000000000001,0.00017958004074271987,0.00022191631340078385,0.00021805954224999132,0.0002308658635522483
10230,2.88930863234782e-07,2.88930863234782e-07,0.0,0.00013930690071930715,8.701870683580637e-05,0.00053965,4.424501802873596e-05,5.4963037595750334e-05,5.646744455956468e-05,5.990664336372086e-05
10240,2.890788550757861e-07,2.890788550757861e-07,0.0,0.0002148109777209241,7.840086618671194e-05,0.0005392,7.098274453451415e-05,8.779676164042216e-05,8.40149668907324e-05,8.983287100206891e-05
10250,2.86726020704009e-07,2.86726020704009e-07,0.0,3.775017221216879e-05,5.644441625918262e-05,0.0005387500000000001,1.3237246536352394e-05,1.6725507173280844e-05,1.391267804502031e-05,1.4790194439763206e-05
10260,2.861684436084033e-07,2.861684436084033e-07,0.0,4.850515946193379e-05,5.6790555390762165e-05,0.0005383,1.6023331467490512e-05,1.9868246900512873e-05,1.860998588204763e-05,2.0423125948355024e-05
10270,2.856459389022348e-07,2.856459389022348e-07,0.0,4.79846230205776e-05,5.452174445963465e-05,0.00053785,1.5859271801378647e-05,1.9709145357588403e-05,1.856206180412818e-05,1.9954135579555374e-05
10280,2.851030274086952e-07,2.851030274086952e-07,0.0,2.818241953628072e-05,5.406775380834006e-05,0.0005374,9.413427128576323e-06,1.1551956428974236e-05,1.0977866076286634e-05,1.1690305226260819e-05
10290,2.846220752417139e-07,2.846220752417139e-07,0.0,1.617002135961628e-05,5.383204188547097e-05,0.00053695,5.244018655430008e-06,6.512472600093404e-06,6.46609369465353e-06,6.6947765535212605e-06
10300,2.8416837949407636e-07,2.8416837949407636e-07,0.0,1.2102621066456202e-05,5.45646580576431e-05,0.0005365,4.220059058017228e-06,5.1147150486936055e-06,4.575595296814646e-06,4.770462961212144e-06
10310,2.837259671650827e-07,2.837259671650827e-07,0.0,9.526739979009815e-06,5.49539145140443e-05,0.00053605,3.150747958455811e-06,3.978204744549822e-06,3.700744754583352e-06,3.7246859375029942e-06
10320,2.832894381299411e-07,2.832894381299411e-07,0.0,6.872597367198396e-06,5.563520608120598e-05,0.0005356000000000001,2.500484131134844e-06,2.9589673290411234e-06,2.484381042290325e-06,2.564820944224966e-06
10330,2.8285487019275024e-07,2.8285487019275024e-07,0.0,3.906463318598397e-06,5.603366662398912e-05,0.0005351500000000001,1.1767304034659591e-06,1.5791487422178885e-06,1.4254478442691645e-06,1.3546533452655003e-06
10340,2.8242479288564937e-07,2.8242479288564937e-07,0.0,3.966178617141284e-06,5.6607073929626495e-05,0.0005346999999999999,1.1348953270513787e-06,1.3446852382632653e-06,1.4704506995984528e-06,1.5722941484096744e-06
10350,2.819941755660693e-07,2.819941755660693e-07,0.0,5.278201756058223e-06,5.7114637456834316e-05,0.00053425,1.9777425943067257e-06,2.3421170376548287e-06,1.8721910753213088e-06,1.8126604759645955e-06
10360,2.8157165843367693e-07,2.8157165843367693e-07,0.0,1.440366319790524e-05,5.7724038924789056e-05,0.0005338000000000001,5.09979486186203e-06,6.225593199828791e-06,5.502796962971819e-06,5.624684427083732e-06
10370,2.811669617130974e-07,2.811669617130974e-07,0.0,3.0789997805882454e-05,5.8625490055419505e-05,0.00053335,1.044743235162708e-05,1.2810438666541101e-05,1.1935202823222586e-05,1.2639334103143066e-05
10380,2.811260344515176e-07,2.811260344515176e-07,0.0,0.00010671760384267979,6.647203554166481e-05,0.0005328999999999999,3.5422569193759854e-05,4.369657221738319e-05,4.175384072835556e-05,4.442012907813245e-05
10390,2.947512314221967e-07,2.947512314221967e-07,0.0,0.0006224034594506592,0.00019600709492806345,0.00053245,0.00020613647461366003,0.0002548238753204583,0.00024385286591410477,0.0002586718525574484
10400,1.2874971844212268e-06,1.2874971844212268e-06,0.0,0.005188926487475271,0.0015803382266312838,0.000532,0.0017193984915528713,0.00212628784069858,0.0020342910425394383,0.0021545548107634936
10410,6.239785579964519e-05,6.239785579964519e-05,0.0,0.040688467042493376,0.011382954195141792,0.00053155,0.013507475116743066,0.016699136941553245,0.01598406770462998,0.01695533337580562
10420,1.3726270481129177e-05,1.3726270481129177e-05,0.0,0.018795688168751858,0.0038671491201967,0.0005311000000000001,0.006275550054343136,0.007765788169988457,0.0072517849029291705,0.007697145523138795
10430,7.77309833210893e-06,7.77309833210893e-06,0.0,0.013696228018070458,0.003523691324517131,0.00053065,0.00455023271734867,0.0056476010052559,0.005483673427222086,0.0055638020027329186
10440,2.3340980987995863e-06,2.3340980987995863e-06,0.0,0.006883321468452269,0.0022862176410853863,0.0005302,0.0022239927360889786,0.0027957443647622943,0.0028392032821744377,0.0028446555854757375
10450,6.133870442681655e-07,6.133870442681655e-07,0.0,0.0027626698508306916,0.0010647602612152696,0.00052975,0.0009280756407311224,0.0011581059220600973,0.00111923930426567,0.0011149588197494652
10460,2.976285031763837e-07,2.976285031763837e-07,0.0,0.0004075707120411555,0.0003519623423926532,0.0005293,0.00013651075356501736,0.00016877862174486833,0.00016386146717801042,0.00017765841051620198
10470,3.1672001910010295e-07,3.1672001910010295e-07,0.0,0.0008664556866408272,0.00016662184498272836,0.0005288500000000001,0.0002851743351623137,0.0003518039632194615,0.0003448650265847686,0.00035915537299225454
10480,3.244948345582088e-07,3.244948345582088e-07,0.0,0.000942709922153058,0.00027362635591998696,0.0005283999999999999,0.0003083490974104069,0.0003886442968066789,0.0003883887683472285,0.00038509885230436007
10490,2.936394594144076e-07,2.936394594144076e-07,0.0,0.0004869142285106862,0.00018156129226554185,0.0005279499999999999,0.0001617180673650946,0.00020153857919037778,0.00019778911140692616,0.00019888725819780466
10500,2.8285359121582587e-07,2.8285359121582587e-07,0.0,6.389394945939252e-05,7.31062755221501e-05,0.0005275000000000001,2.1880023770078012e-05,2.8166310718887158e-05,2.5872494875468203e-05,2.4510886031163797e-05
10510,2.837444981196313e-07,2.837444981196313e-07,0.0,0.00021279670219995317,8.771595457801595e-05,0.00052705,6.992593086515994e-05,8.78588537686386e-05,8.745378139332741e-05,8.701068099203706e-05
10520,2.811542287872726e-07,2.811542287872726e-07,0.0,3.422508022298293e-05,6.146531086415052e-05,0.0005266,1.1394663763528208e-05,1.4147791335962045e-05,1.3460040414613438e-05,1.3808292901317772e-05
10530,2.807884698086127e-07,2.807884698086127e-07,0.0,8.104071811887758e-05,6.111998663982376e-05,0.00052615,2.6814975970594077e-05,3.318184471775731e-05,3.256482836911125e-05,3.334788822385432e-05
10540,2.8000923180115933e-07,2.8000923180115933e-07,0.0,8.483761625193646e-06,5.654241977026686e-05,0.0005257,2.5087812904872702e-06,3.8268353972837475e-06,3.454638497912381e-06,3.132236372437375e-06
10550,2.796377032154851e-07,2.796377032154851e-07,0.0,4.223760491370713e-05,5.9635603975038975e-05,0.00052525,1.2721164380829307e-05,1.9507764986077432e-05,1.8136877201758043e-05,1.6541421576007674e-05
10560,2.858954530893243e-07,2.858954530893243e-07,0.0,0.00032600582214880014,0.00017792033031582832,0.0005248,7.669154445191402e-05,0.00013145008819255994,0.000144714185667059,0.00015020521268201297
10570,1.2310379133850802e-06,1.2310379133850802e-06,0.0,0.0038116792720955367,0.002047918038442731,0.00052435,0.0009074600124189631,0.0015569851150216345,0.001692532065686888,0.0017415945037137274
10580,2.0325805962784216e-05,2.0325805962784216e-05,0.0,0.017712480473518585,0.006801970303058624,0.0005239,0.004215698519370231,0.007126579411165002,0.007806041868296286,0.008190728013384354
10590,6.019231932441471e-06,6.019231932441471e-06,0.0,0.008929550903758694,0.004531398881226778,0.00052345,0.0022407501986675105,0.003848150434563306,0.004015309099655677,0.0038848440380595066
10600,2.0848522126470925e-06,2.0848522126470925e-06,0.0,0.005287512308718064,0.0025393865071237087,0.000523,0.0012344565319109008,0.002102546821145886,0.0023436109261303502,0.0024518532676817374
10610,1.003013721856405e-06,1.003013721856405e-06,0.0,0.0031541182210205595,0.001554563408717513,0.0005225500000000001,0.0007728779816358044,0.0013399630669356317,0.001426199135202926,0.0013877970920299176
10620,5.580125730375585e-07,5.580125730375585e-07,0.0,0.0020661111339316013,0.0009007569751702249,0.0005221000000000001,0.0004787593187172348,0.0008188900431720063,0.0009178316403587675,0.0009581638400263665
10630,3.800950025834027e-07,3.800950025834027e-07,0.0,0.001181663133457193,0.000544563983567059,0.0005216499999999999,0.000288736293348973,0.0004990328395356509,0.0005318623953244811,0.0005216310831398159
10640,3.141762192626629e-07,3.141762192626629e-07,0.0,0.0007092141119519694,0.0003276424540672451,0.0005212,0.00016551483292545706,0.00028907562031311085,0.0003198089756576706,0.00032208817971103186
10650,2.903655911268288e-07,2.903655911268288e-07,0.0,0.0004269036590945904,0.00020467405556701124,0.00052075,9.929813609392825e-05,0.00016816177948278556,0.0001883553364032663,0.00019910825197863168
10660,2.8078065383851936e-07,2.8078065383851936e-07,0.0,0.00019636817642728455,0.000121793505968526,0.0005203,4.618820131967567e-05,8.083125790123588e-05,8.863066375163141e-05,8.855913420424586e-05
10670,2.7790025569629506e-07,2.7790025569629506e-07,0.0,7.256175945711403e-05,7.610495231347159e-05,0.00051985,2.3378631440772183e-05,3.536485714127786e-05,3.0472522148586218e-05,2.696284208324976e-05
10680,2.7735850949284213e-07,2.7735850949284213e-07,0.0,8.317264861000975e-05,6.798577669542283e-05,0.0005193999999999999,2.741884115340112e-05,3.6769772445446514e-05,3.096093226997765e-05,3.5762634748890345e-05
10690,2.7918287059947033e-07,2.7918287059947033e-07,0.0,0.00022595426029021673,0.00011782350338762626,0.00051895,7.523986292203282e-05,9.972744599097015e-05,8.37206223081062e-05,9.636094172790493e-05
10700,3.288739947038266e-07,3.288739947038266e-07,0.0,0.0009712621692982433,0.00048471620539203286,0.0005185,0.0003391668117970863,0.00044935139607669815,0.0003544110623057306,0.00039432953650531057
10710,2.530841356929159e-06,2.530841356929159e-06,0.0,0.006357747079403824,0.003163595451042056,0.00051805,0.002232066639146169,0.002950679123112216,0.0023175596663213976,0.002559140293660757
10720,1.8798808014253154e-05,1.8798808014253154e-05,0.0,0.021685419078109943,0.00612096069380641,0.0005176000000000001,0.007301805395074874,0.009074832466008794,0.008238916002069309,0.008906810427457633
10730,5.924709967075614e-06,5.924709967075614e-06,0.0,0.01088920376998321,0.004126403946429491,0.00051715,0.0035250688667970735,0.0045166988217346694,0.0045676756803137075,0.0044801280811999755
10740,1.8356660120844026e-06,1.8356660120844026e-06,0.0,0.00626444805246892,0.0020190454088151455,0.0005166999999999999,0.0021372055272228774,0.002649671977116839,0.0023920545427816155,0.00253594248641942
10750,9.137255574387382e-07,9.137255574387382e-07,0.0,0.00407188627133773,0.0010985294356942177,0.00051625,0.001316979947543795,0.0016344697311217514,0.0015684191130628936,0.0017429014552496412
10760,5.510122491614311e-07,5.510122491614311e-07,0.0,0.0024560625903795956,0.0007649926119484007,0.0005158000000000001,0.000816665596572724,0.0010355407363592188,0.0010068494223752257,0.0009816578606651736
10770,3.542559738889395e-07,3.542559738889395e-07,0.0,0.0012953897565896177,0.000493655155878514,0.00051535,0.00044438965529290187,0.0005676482009019307,0.00047765680737101203,0.0005321590275881066
10780,2.80850827039103e-07,2.80850827039103e-07,0.0,0.0003193509020940979,0.00016771754599176347,0.0005149,8.181715647963595e-05,0.00012063328895384305,0.00014406920433210116,0.00014861376222256655
10790,2.851900546829711e-07,2.851900546829711e-07,0.0,0.0005257426721020724,0.0001512820163043216,0.0005144500000000001,0.00016272172822719594,0.000205549441298554,0.00020595705156431257,0.00023409512336459109
10800,2.7791378442998393e-07,2.7791378442998393e-07,0.0,0.0003250208965810186,0.00011680670286295936,0.000514,0.00010313644717068451,0.00012879182494579536,0.00013325326550812417,0.00013747456307957651
10810,2.779064516289509e-07,2.779064516289509e-07,0.0,0.0003604542585355158,0.00011310019908705726,0.00051355,0.00011231549168877572,0.00013943357880456984,0.0001435238260953079,0.00015795361882692052
10820,2.7654974132929055e-07,2.7654974132929055e-07,0.0,0.00032369338728386406,0.00010929996642516926,0.0005131000000000001,0.00010889786543828737,0.00013433928305282738,0.00012504108377710472,0.00013299932066819192
10830,2.921620136930869e-07,2.921620136930869e-07,0.0,0.0007229599827055052,0.00022271406487561762,0.00051265,0.00024232090017321572,0.0002987905756202695,0.00028216906826677106,0.0002965383852675951
10840,6.25135953669087e-07,6.25135953669087e-07,0.0,0.0030488029065949334,0.0009160707704722881,0.0005122,0.0010104713812858304,0.0012445063420578172,0.0011937978473178436,0.001266686071860562
10850,1.209273705171654e-05,1.209273705171654e-05,0.0,0.01761683512300118,0.005279006902128458,0.0005117499999999999,0.005849804985416946,0.007204269393893072,0.006900851142381822,0.007320295465249416
10860,7.087731432875444e-07,7.087731432875444e-07,0.0,0.003320344813996912,0.0007239205879159272,0.0005113,0.001074311418948994,0.0013409947880261546,0.0012749238177689449,0.0014327887845922893
10870,3.6477206322160782e-06,3.6477206322160782e-06,0.0,0.009417706524195893,0.0029281035531312227,0.0005108500000000001,0.0031090710046898086,0.003822113457556651,0.0036611323493755377,0.0039146856589216215
10880,2.131008841388393e-06,2.131008841388393e-06,0.0,0.006888198417478287,0.0017596340039744973,0.0005103999999999999,0.002272376470314861,0.0028116829085894353,0.002636151523887615,0.002904808840999351
10890,2.859812866518041e-07,2.859812866518041e-07,0.0,0.00045058480411749353,0.0004040496423840523,0.00050995,0.00014712424085609998,0.00018154667791264465,0.00016768910107932918,0.0001813242851079347
10900,5.304133878780704e-07,5.304133878780704e-07,0.0,0.0025499258711607973,0.0007716830004937947,0.0005095000000000001,0.000843750079660414,0.001043659785475612,0.000981471445063533,0.0010815624374632454
10910,3.57509946979917e-07,3.57509946979917e-07,0.0,0.001481132559472717,0.0003478446160443127,0.00050905,0.00048467110718672515,0.0005956745656521703,0.0005783311123646733,0.0006238139770878377
10920,2.7948811975875287e-07,2.7948811975875287e-07,0.0,0.0004044937154767238,0.00010456183372298256,0.0005086,0.00013426296515875477,0.00016585522308607044,0.00016019909561557785,0.0001644711304420678
10930,2.7210654707232607e-07,2.7210654707232607e-07,0.0,4.483516367567424e-05,8.031012839637697e-05,0.00050815,1.1173153586650598e-05,1.6484165004624002e-05,1.9554880189239856e-05,2.1558877117406463e-05
10940,2.71607120794215e-07,2.71607120794215e-07,0.0,9.61296643531358e-05,7.504596578655764e-05,0.0005077,3.0972930105118e-05,3.834015349537765e-05,3.87645954220498e-05,4.018349200793195e-05
10950,2.7068995223089587e-07,2.7068995223089587e-07,0.0,4.159345374971454e-05,6.476714042946696e-05,0.00050725,1.4661987788657363e-05,1.84449043224547e-05,1.6770988819787438e-05,1.621234011515573e-05
10960,2.7010878511646297e-07,2.7010878511646297e-07,0.0,3.3352037312527866e-05,5.922184936935082e-05,0.0005068,9.739856085883596e-06,1.242522092372168e-05,1.3322869917177297e-05,1.515435959615373e-05
10970,2.697756542602292e-07,2.697756542602292e-07,0.0,7.444190846725508e-05,6.133964052423835e-05,0.0005063500000000001,2.3710345186095885e-05,2.9284078394848562e-05,2.9433577820842495e-05,3.216710149916876e-05
10980,2.6922967322207114e-07,2.6922967322207114e-07,0.0,5.990721092045847e-05,6.189403939060867e-05,0.0005059,1.944100626698065e-05,2.3844886844428176e-05,2.341371951150497e-05,2.5564064693620145e-05
10990,2.6864955771088717e-07,2.6864955771088717e-07,0.0,1.6553956153230768e-05,6.003833914292045e-05,0.00050545,5.7570314942947685e-06,6.977214139666456e-06,6.265585565498126e-06,6.7281364984577155e-06
11000,2.682144497612171e-07,2.682144497612171e-07,0.0,2.3987813461403485e-05,6.069775918149389e-05,0.000505,7.886994728457912e-06,9.784725835947966e-06,9.376497589016814e-06,9.855147935687019e-06
11010,2.6782356599142076e-07,2.6782356599142076e-07,0.0,4.4331714003533055e-05,6.215799658093601e-05,0.0005045500000000001,1.4428758681496499e-05,1.781989100024656e-05,1.7390032586053774e-05,1.8640232203783766e-05
11020,2.678017949619971e-07,2.678017949619971e-07,0.0,0.00011396334334875811,6.977027078391984e-05,0.0005041000000000001,3.726242807924745e-05,4.5919005959333774e-05,4.4535679585801065e-05,4.804169726670568e-05
11030,2.755490697836649e-07,2.755490697836649e-07,0.0,0.0004781411100580841,0.00015630476991645992,0.0005036499999999999,0.00015688435616866966,0.00019300252731129666,0.0001868485354853641,0.00020128282032529413
11040,6.124319043010473e-07,6.124319043010473e-07,0.0,0.003018973240846975,0.0009313261252827942,0.0005032,0.0009911646182135113,0.0012188556127381504,0.0011798059011367513,0.0012706708242335276
11050,2.151057378796395e-05,2.151057378796395e-05,0.0,0.023660025689985428,0.007152799982577562,0.00050275,0.0077526125001987365,0.009536365501555337,0.009238327719453593,0.009948511428410972
11060,1.021646039589541e-05,1.021646039589541e-05,0.0,0.01619009679777393,0.005249325186014175,0.0005023,0.005289962060451811,0.00649214517618894,0.0063270710179433145,0.0067801820098314725
11070,3.4439378850947833e-06,3.4439378850947833e-06,0.0,0.009058600582639267,0.0018360448302701116,0.0005018500000000001,0.0030023482072756105,0.0036894168821767115,0.003502854332418787,0.003777098856686654
11080,2.7661933472700184e-06,2.7661933472700184e-06,0.0,0.007961624701635797,0.002203461015596986,0.0005014,0.002566414133416603,0.0031606861751838533,0.003196782740765312,0.0033592898595771904
11090,3.5858312230629963e-07,3.5858312230629963e-07,0.0,0.0014536233099668688,0.0006967090303078294,0.00050095,0.0004480121261448322,0.0005543232220475386,0.0005851105733662295,0.0006261843054363835
11100,4.6247620844042103e-07,4.6247620844042103e-07,0.0,0.0021947346369814704,0.00048140910803340375,0.0005005,0.000691182574682612,0.0008534372125748239,0.0008854209293175472,0.000938263020344447
11110,3.548387610408099e-07,3.548387610408099e-07,0.0,0.0014681612255258484,0.00044894698658026755,0.00050005,0.0004792889208143063,0.0005884789248076731,0.0005814975135727586,0.0006141083414966718
11120,2.7916550493500836e-07,2.7916550493500836e-07,0.0,0.0004943351829309869,0.00012480231816880405,0.0004996,0.00016376860195344204,0.00020114533886716012,0.0001940739590461394,0.00020422821578443626
11130,2.797442562041397e-07,2.797442562041397e-07,0.0,0.0005370365511548293,0.00018331185856368393,0.00049915,0.00016799550890087887,0.00020777551651920997,0.0002175512133455097,0.0002309452322537738
11140,2.707383259803464e-07,2.707383259803464e-07,0.0,0.0002866775006721623,9.7187417850364e-05,0.0004987,9.058862864523094e-05,0.0001119451834733012,0.00011652754929270205,0.00012365384723442743
11150,2.6691725452110404e-07,2.6691725452110404e-07,0.0,5.892793346137137e-05,7.061266660457477e-05,0.00049825,1.8894714993679296e-05,2.3161163699794453e-05,2.327882847401105e-05,2.4962168205149095e-05
11160,2.6683528631110676e-07,2.6683528631110676e-07,0.0,0.0001276495595114665,7.258206460392103e-05,0.0004978000000000001,3.977720194819204e-05,4.9259754634338014e-05,5.19436953172905e-05,5.527314538677623e-05
11170,2.659492110979045e-07,2.659492110979045e-07,0.0,8.347844060535678e-05,6.56351912766695e-05,0.0004973499999999999,2.729973864377809e-05,3.359653091811682e-05,3.351545941435383e-05,3.494691632248968e-05
11180,2.652537602898519e-07,2.652537602898519e-07,0.0,4.256884350234118e-05,6.209244020283222e-05,0.0004969,1.3532109189384036e-05,1.6670377308452183e-05,1.673244980915216e-05,1.8182194381044382e-05
11190,2.6474356218386674e-07,2.6474356218386674e-07,0.0,2.1636104493272786e-05,6.288108124863356e-05,0.00049645,7.179970851869463e-06,9.332217655597111e-06,8.976104947356832e-06,8.593711825654822e-06
11200,2.6441313139002887e-07,2.6441313139002887e-07,0.0,4.758132352946639e-05,6.946850044187158e-05,0.000496,1.3570494228237853e-05,2.0446057523850646e-05,1.9126882599136845e-05,2.162471303692413e-05
11210,2.70693789161669e-07,2.70693789161669e-07,0.0,0.0003058930680332226,0.0002010826428886503,0.0004955500000000001,8.541682763525895e-05,0.0001353689195811387,0.000128699872232089,0.0001351957119971922
11220,9.231359285877261e-07,9.231359285877261e-07,0.0,0.0030437041067754326,0.0018390694167464972,0.0004950999999999999,0.0008196576931736823,0.0013184119729801698,0.0012933035986409313,0.0013596878413980348
11230,2.042117375822272e-05,2.042117375822272e-05,0.0,0.017032433302653797,0.008150416426360607,0.00049465,0.004384043218260592,0.007215522818512514,0.007344388013058644,0.007652923541938751
11240,1.6073396409410634e-06,1.6073396409410634e-06,0.0,0.004165904636389555,0.0034923923667520285,0.0004942,0.001309754845874052,0.0019482580142241776,0.001776367475668282,0.001676928020753979
11250,3.866353779358178e-07,3.866353779358178e-07,0.0,0.0015684084985068132,0.0014559375122189522,0.00049375,0.0004663366541425013,0.0006253062348972933,0.0006085944214528393,0.0007162245308820547
11260,3.074380572343216e-07,3.074380572343216e-07,0.0,0.0009107375875803527,0.0007726523908786476,0.0004933,0.00030740822654701884,0.00039837623927270694,0.0003720736772408048,0.000350733887886003
11270,2.738253783718392e-07,2.738253783718392e-07,0.0,0.00042281435576640547,0.0004440580669324845,0.00049285,0.0001212416202536118,0.0001673276490942498,0.00016697122345988829,0.0001960584143547515
11280,2.666459408828814e-07,2.666459408828814e-07,0.0,0.00019048949986979967,0.00024581069010309875,0.0004923999999999999,6.804395931361926e-05,9.807033704466482e-05,7.34754877967856e-05,7.135263225521154e-05
11290,2.6370500449957035e-07,2.6370500449957035e-07,0.0,0.0001045143330260021,0.00010422322520753369,0.00049195,3.558640645442371e-05,5.3966801294748366e-05,4.312264362209813e-05,4.045621905085713e-05
11300,2.653396222740412e-07,2.653396222740412e-07,0.0,0.0002568881214179737,9.817982208915055e-05,0.0004915000000000001,8.12427133102042e-05,0.00010832374301403174,9.698318622498825e-05,0.0001140059202982109
11310,2.696220633424673e-07,2.696220633424673e-07,0.0,0.00038582643885073795,0.0001780207676347345,0.00049105,0.00013427442222280027,0.00017638692263572867,0.00014091702208819293,0.00015800528042922283
11320,3.3913815400410385e-07,3.3913815400410385e-07,0.0,0.001242224432885767,0.0005370192811824381,0.0004906,0.00044424208261265865,0.0005717429146335077,0.00046093700428849455,0.00047677583598173157
11330,2.4984767605928937e-06,2.4984767605928937e-06,0.0,0.006746659185972664,0.0028115238528698683,0.00049015,0.002407601857073939,0.003086519005231237,0.00253262925228037,0.0025669499052725303
11340,2.1670148271368816e-05,2.1670148271368816e-05,0.0,0.022760926287266555,0.006697664503008127,0.0004897,0.00785775784753957,0.009737519709751702,0.008699941713406403,0.009146804071061132
11350,3.2934199225564953e-06,3.2934199225564953e-06,0.0,0.008728141316048212,0.0030248037073761225,0.00048925,0.0026549986379870217,0.0033088905128354604,0.0035716334373938037,0.0038395017992379366
11360,2.3148106720327633e-06,2.3148106720327633e-06,0.0,0.006095488455330603,0.002242123242467642,0.0004888000000000001,0.0015003850723162209,0.0022292006079140565,0.002713582024197708,0.0028653077782361852
11370,1.0142725841433275e-06,1.0142725841433275e-06,0.0,0.00375161265536578,0.0015054702525958419,0.0004883499999999999,0.0013424295661075077,0.0017504836907718967,0.001441117388718684,0.0013805948513859535
11380,4.0617996432956716e-07,4.0617996432956716e-07,0.0,0.0019156505467787808,0.0006085148779675364,0.0004879,0.0005824186972083341,0.0007234174066547561,0.0007763939134206357,0.0008460775337272195
11390,3.4720915209618397e-07,3.4720915209618397e-07,0.0,0.0013329291651994547,0.00041367774247191846,0.00048745000000000006,0.0003484309714286167,0.0004806531859277295,0.0005785051554814056,0.0006255521525521227
11400,2.941727359484503e-07,2.941727359484503e-07,0.0,0.000776769196586941,0.0003360477858223021,0.000487,0.0002764433609348079,0.0003642763015566154,0.0003009957959361803,0.0002839379600808936
11410,2.607523867936834e-07,2.607523867936834e-07,0.0,0.00011478453259085654,7.851031114114448e-05,0.00048655000000000004,4.134441904405911e-05,5.2923896438358136e-05,4.3672382611889957e-05,4.352952600855193e-05
11420,2.648469319410651e-07,2.648469319410651e-07,0.0,0.00031706257854687806,0.0001357569417450577,0.0004861,0.0001132658385685326,0.000148283718423884,0.0001219577779614279,0.00011670500024490936
11430,2.5928179070433544e-07,2.5928179070433544e-07,0.0,0.00010448057000170564,7.00599339324981e-05,0.00048565,3.584825930118841e-05,4.427511140006827e-05,4.038710212964406e-05,4.151905545723107e-05
11440,2.599629453925445e-07,2.599629453925445e-07,0.0,0.00019741375705348854,8.930225158110261e-05,0.0004852,6.861608550076933e-05,8.516425447568666e-05,7.574055462025484e-05,7.782454665701662e-05
11450,2.61014321267794e-07,2.61014321267794e-07,0.0,0.0002867427471086044,0.00010507682600291446,0.00048475000000000005,8.798876645727072e-05,0.00010899405232940469,0.00011599382796637107,0.0001266978291122702
11460,2.828628851148096e-07,2.828628851148096e-07,0.0,0.0008174185374221079,0.00025300035485997796,0.00048429999999999995,0.0002627241981431971,0.0003219682144132855,0.00032369159414805175,0.0003501644791634491
11470,8.451735311609809e-07,8.451735311609809e-07,0.0,0.003925464979643884,0.0012009779457002878,0.00048385,0.0012600405890635957,0.0015446402093049509,0.0015565530117414357,0.0016835729054844825
11480,1.9695662558660842e-05,1.9695662558660842e-05,0.0,0.02255552422127058,0.006718476768583059,0.00048340000000000004,0.00725822143987679,0.008894624589624835,0.00894582580945291,0.009679307784458037
11490,5.778268587164348e-06,5.778268587164348e-06,0.0,0.011981258550696969,0.003914806060492992,0.00048295,0.003828519574577724,0.004697208584185837,0.0047693079982629154,0.00517389297059951
11500,4.6009595280338544e-06,4.6009595280338544e-06,0.0,0.01042007631601195,0.0028690549079328775,0.0004825000000000001,0.003504967196407112,0.004308829109331112,0.003974792822733006,0.004317324393593768
11510,4.147549361732672e-07,4.147549361732672e-07,0.0,0.001480874197895599,0.0005339643685147166,0.00048205,0.00048107986632495094,0.0006958276763458214,0.0006027390965818636,0.0005391219790395572
11520,6.528891276502691e-07,6.528891276502691e-07,0.0,0.003053306255672436,0.0010323707247152925,0.00048160000000000005,0.0010537013153074286,0.0013040052173588028,0.001160251859044494,0.0012195882884638107
11530,4.325854376929783e-07,4.325854376929783e-07,0.0,0.0019583386863807556,0.0005659285234287381,0.00048114999999999996,0.0006855439458024911,0.0008599028716365325,0.0007404529925838341,0.0007572410535363228
11540,2.6490099003240175e-07,2.6490099003240175e-07,0.0,0.00038466841244629447,0.0001242384169017896,0.00048070000000000003,0.00011999325461884851,0.00014893326487818822,0.00015218320071859733,0.00017159994006131098
11550,2.635762541558506e-07,2.635762541558506e-07,0.0,0.00030683116883651923,0.00018138307495974004,0.00048025,0.0001089492283990425,0.00014581976978024816,0.00011725521404791999,0.00011131992031866848
11560,2.620483030568721e-07,2.620483030568721e-07,0.0,0.00034295457930279456,0.00013772741658613086,0.0004798,0.00011883500319858709,0.00014708085309528154,0.00013096706443682527,0.00013709248406844191
11570,2.5891134214361955e-07,2.5891134214361955e-07,0.0,0.0002542035152049073,9.995645814342424e-05,0.0004793500000000001,8.27495734540372e-05,0.00010127996001536547,9.95356343323682e-05,0.0001079874064031408
11580,2.5669126557659183e-07,2.5669126557659183e-07,0.0,0.00014804572531987325,7.87765602581203e-05,0.0004789,4.626738803801742e-05,5.697943731870327e-05,5.831407368695517e-05,6.504786812826794e-05
11590,2.554556886025239e-07,2.554556886025239e-07,0.0,5.2113423387966526e-05,6.564075010828674e-05,0.00047845000000000006,1.4752617117247507e-05,1.8870513807072722e-05,2.1368505450035467e-05,2.3944139877049037e-05
11600,2.549132602780446e-07,2.549132602780446e-07,0.0,2.776836348692613e-05,6.379850674420595e-05,0.00047799999999999996,9.698987352902955e-06,1.2864289917167146e-05,1.0569551300636613e-05,1.0244626890227995e-05
11610,2.545163226841396e-07,2.545163226841396e-07,0.0,4.8605948407707464e-05,6.628728442592546e-05,0.00047755000000000003,1.714891980377478e-05,2.12416719214325e-05,1.8307307635315123e-05,1.9213422261049888e-05
11620,2.5396698788426875e-07,2.5396698788426875e-07,0.0,7.500651150258134e-06,6.48147106403485e-05,0.0004771,2.4716510686570955e-06,3.506895371128667e-06,2.9346577270765494e-06,2.7262314155941178e-06
11630,2.5355211619171314e-07,2.5355211619171314e-07,0.0,2.9056863498330237e-05,6.589447730220854e-05,0.00047665,9.48050883913003e-06,1.1700523045777364e-05,1.1284439911737614e-05,1.2141017707732825e-05
11640,2.531348570755654e-07,2.531348570755654e-07,0.0,3.8189499479200306e-05,6.682753883069381e-05,0.0004762,1.2592315513928981e-05,1.553699657239061e-05,1.479484772551093e-05,1.5853331668084807e-05
11650,2.5293664407399774e-07,2.5293664407399774e-07,0.0,8.688417630717692e-05,7.136331259971485e-05,0.00047575,2.902327935833493e-05,3.573495121829939e-05,3.3518611176431296e-05,3.593274364910995e-05
11660,2.5738714271028584e-07,2.5738714271028584e-07,0.0,0.00036210802466253643,0.00013285117165651172,0.00047529999999999995,0.00012142597025498486,0.00014912232220206346,0.00013966063386702408,0.00014988822579422984
11670,4.638043265003944e-07,4.638043265003944e-07,0.0,0.002315522657930908,0.0007593309273943305,0.00047485,0.0007768545532529307,0.0009533739809143559,0.0008928273152463038,0.0009591784191767072
11680,1.436327238479862e-05,1.436327238479862e-05,0.0,0.01891321258798093,0.006106900982558727,0.00047440000000000004,0.006327193201340644,0.007763489085270866,0.007292419933566547,0.007839074331004572
11690,4.516248282016022e-06,4.516248282016022e-06,0.0,0.009563385298870393,0.004398928955197334,0.00047395,0.0033608766990231025,0.004242702928983176,0.0036066979203718376,0.0036617640243053976
11700,4.833089406020008e-06,4.833089406020008e-06,0.0,0.010456783432456207,0.00249779992736876,0.0004735,0.003601850132069395,0.004441586782116036,0.0040046348232365215,0.004180620394149297
11710,2.3835555111872964e-06,2.3835555111872964e-06,0.0,0.006605473181154218,0.002472034888342023,0.00047305,0.002343444921554631,0.0029701976450802825,0.002484446154526838,0.0025103881890361363
11720,3.712941349931498e-07,3.712941349931498e-07,0.0,0.001475790133236232,0.0008475470822304487,0.00047260000000000005,0.00047475223412385116,0.000620192948090198,0.0005491285832905257,0.0006448286009668961
11730,3.82080429517373e-07,3.82080429517373e-07,0.0,0.0017307298139291301,0.0003798204706981778,0.00047214999999999996,0.0005931804657158439,0.0007301165608532693,0.0006605817108336474,0.0006914195109828615
11740,3.600469256070937e-07,3.600469256070937e-07,0.0,0.0013519823626726684,0.0005951496423222125,0.00047170000000000003,0.0004830262737661121,0.0006284167194696174,0.0004944101199445057,0.0005252045001975127
11750,2.55189377185161e-07,2.55189377185161e-07,0.0,0.00015814162129659164,0.00015653630543965846,0.00047124999999999993,4.467876317067957e-05,6.113668419355303e-05,6.338467406106169e-05,7.421597493962681e-05
11760,2.6660364937924896e-07,2.6660364937924896e-07,0.0,0.0005236125119331627,0.00020320620387792587,0.0004708,0.00017950580776795186,0.00022890084188993288,0.000191751264188619,0.00021645983767009465
11770,2.525864317703963e-07,2.525864317703963e-07,0.0,9.508079818909669e-05,9.11548049771227e-05,0.0004703500000000001,3.212352709619211e-05,4.350472547809862e-05,3.879487196724058e-05,3.532487859729752e-05
11780,2.532469807192683e-07,2.532469807192683e-07,0.0,0.0002009471693384868,9.532029798720032e-05,0.0004699,7.031948118981925e-05,8.763476149035575e-05,7.503427007839166e-05,7.953698829304989e-05
11790,2.5099618028434634e-07,2.5099618028434634e-07,0.0,5.529623570997323e-05,6.702130485791713e-05,0.00046945000000000005,1.8289969727692786e-05,2.2395379464010678e-05,2.1317751011829703e-05,2.3181025307937563e-05
11800,2.504667691027862e-07,2.504667691027862e-07,0.0,4.623856805393179e-05,6.807735917391255e-05,0.00046899999999999996,1.4335070997269723e-05,1.8122620313735254e-05,1.767713249616773e-05,2.053951770377647e-05
11810,2.500331959254254e-07,2.500331959254254e-07,0.0,3.909112788533866e-05,7.089923019520938e-05,0.00046855000000000003,1.3483517253717863e-05,1.9768237436501285e-05,1.6084140069416264e-05,1.446655081406352e-05
11820,2.4993707370413176e-07,2.4993707370413176e-07,0.0,9.842104278564731e-05,7.93141225585714e-05,0.0004681,2.3690842991383108e-05,3.489041264809963e-05,4.283991973348008e-05,4.7253809513693664e-05
11830,2.605280258194398e-07,2.605280258194398e-07,0.0,0.0004328962526042445,0.00023210785002447665,0.00046765,9.909572453359629e-05,0.00016062984543801538,0.00019598034394029563,0.0002058381921624655
11840,8.54861127663753e-07,8.54861127663753e-07,0.0,0.00318026743296883,0.0016183604020625353,0.00046719999999999997,0.0007298577240693004,0.001169825971468322,0.0014337223099469929,0.0015167945660778982
11850,1.4718971215188503e-05,1.4718971215188503e-05,0.0,0.016356606989150434,0.0064864689484238625,0.00046675,0.003867225316967858,0.005852213098584902,0.007236868305514378,0.007838884518880897
11860,2.053467824225663e-06,2.053467824225663e-06,0.0,0.006485032421530271,0.002403747756034136,0.00046630000000000006,0.001986047772116675,0.0025283263215746055,0.0025092181646113264,0.0029296086469608445
11870,1.3290276683619595e-06,1.3290276683619595e-06,0.0,0.003906642416339084,0.001697258441708982,0.00046585,0.0014144965810003647,0.0019261251943093164,0.0014738097819679526,0.0014479552695040576
11880,6.299790697994467e-07,6.299790697994467e-07,0.0,0.0024878549812012065,0.0011417960049584508,0.00046540000000000004,0.0006148000188351721,0.0009294033588755629,0.0011260021083221992,0.0011647288105896077
11890,3.017643734892772e-07,3.017643734892772e-07,0.0,0.00082040229955834,0.0005535125965252519,0.00046495,0.0002583952028229996,0.00039054138593255875,0.00034986567836422096,0.0003127494731886483
11900,2.530055951410759e-07,2.530055951410759e-07,0.0,0.00027017653155368026,0.0001687061449047178,0.0004645,6.337362773700405e-05,9.9739878073064e-05,0.00011733936957107204,0.0001306098126594982
11910,2.659172366747953e-07,2.659172366747953e-07,0.0,0.0004932400519826877,0.0002460754767525941,0.00046405,0.00017486298253098435,0.0002434322724451705,0.000193564585756285,0.00017920805293955244
11920,2.514370009976119e-07,2.514370009976119e-07,0.0,0.0002558016168400697,0.00014563329750671983,0.00046360000000000005,6.729564350179823e-05,9.672418913661447e-05,0.00011475801696367801,0.00011789661627011747
11930,2.4923110686358996e-07,2.4923110686358996e-07,0.0,0.00021525786389220541,9.073974069906399e-05,0.00046314999999999995,7.61067001446009e-05,9.594360473051127e-05,8.13973062502569e-05,8.3169947180667e-05
11940,2.4841668277986173e-07,2.4841668277986173e-07,0.0,0.00016511568111931096,0.00010205736180068925,0.0004627,5.0619347659672255e-05,7.541815532398867e-05,7.055832156427796e-05,6.444239699375821e-05
11950,2.487662698058557e-07,2.487662698058557e-07,0.0,0.0002546816515193201,0.00010387034126324579,0.00046225000000000004,8.353183206812725e-05,0.00010307677677908284,0.00010236424454505018,0.00010571139172301238
11960,2.807919941005821e-07,2.807919941005821e-07,0.0,0.0009071364419177287,0.00031603683601133525,0.0004618,0.0003036803948410229,0.00037680212239432046,0.00036264378945607745,0.0003667740710992077
11970,1.3843330179952318e-06,1.3843330179952318e-06,0.0,0.005097102263307072,0.0018243170343339443,0.0004613500000000001,0.0017187564775479646,0.0021437918789696873,0.002038022653941994,0.002035227798748503
11980,2.504309122741688e-05,2.504309122741688e-05,0.0,0.02439004842076508,0.007442454341799021,0.0004609,0.008186944244236624,0.010104230463853857,0.009634409715068773,0.009865450266490562
11990,3.84422992283362e-06,3.84422992283362e-06,0.0,0.009078874857884604,0.002815831219777465,0.00046045000000000005,0.003128913871078922,0.003886226700856917,0.0035477943295534526,0.0035746363365519868
12000,2.721449163800571e-06,2.721449163800571e-06,0.0,0.005924236300436507,0.003161519067361951,0.00045999999999999996,0.0015937850285790839,0.0025072405208532533,0.0024634485667906518,0.002720062973931712
12010,7.101833716660622e-07,7.101833716660622e-07,0.0,0.0032606107270235192,0.001123917638324201,0.00045955000000000003,0.0010058494159476865,0.0012561280087535784,0.0013510365719873278,0.0014154587162560248
12020,5.14170153564919e-07,5.14170153564919e-07,0.0,0.001968040418743645,0.0009012405062094331,0.00045909999999999994,0.0007031779599273451,0.0009618667153533639,0.0007664490977820135,0.0007138358168239942
12030,3.322843156183808e-07,3.322843156183808e-07,0.0,0.0012258373741857046,0.0005494049983099103,0.00045865,0.0002771653539136514,0.0004393477248031064,0.000538400333149249,0.0005916598552583763
12040,2.61707555182511e-07,2.61707555182511e-07,0.0,0.0005980668129152686,0.00018664418894331902,0.0004582000000000001,0.00016916198277127305,0.00021920040660884852,0.00024249816247684798,0.0002793355254754105
12050,2.620064947223e-07,2.620064947223e-07,0.0,0.0005016797253263502,0.00024013649090193212,0.00045775,0.00017862087994246687,0.00024200660960080347,0.00019518566397715422,0.00018223701733085018
12060,2.471195159614581e-07,2.471195159614581e-07,0.0,0.00021562706036139923,0.00010216410737484694,0.00045730000000000006,6.986508228459808e-05,8.837291657713032e-05,8.951652291629691e-05,8.89221597237017e-05
12070,2.454286516240245e-07,2.454286516240245e-07,0.0,0.00013653195184866245,9.137341112364084e-05,0.00045684999999999996,4.601448175874653e-05,6.293020951837479e-05,5.5754422561110894e-05,5.057726528800178e-05
12080,2.4461579073431494e-07,2.4461579073431494e-07,0.0,0.00013171207774475137,8.062177948886529e-05,0.00045640000000000003,4.5333853418721963e-05,5.720967596930587e-05,5.2483753394510676e-05,5.0988958331630605e-05
12090,2.4365780859625374e-07,2.4365780859625374e-07,0.0,9.371994295443056e-05,7.387263758573681e-05,0.00045595,2.8770122490835594e-05,3.545860855200137e-05,3.729650657602191e-05,4.189856902843005e-05
12100,2.432966539345216e-07,2.432966539345216e-07,0.0,0.00010020951798988309,7.784541958244517e-05,0.0004555,3.09087513415349e-05,3.9359676247709096e-05,3.857767460718369e-05,4.532213102129022e-05
12110,2.4512797835996025e-07,2.4512797835996025e-07,0.0,0.000260142548228188,0.00011261329927947372,0.00045505,8.490826003660794e-05,0.00010445780318535329,9.942802011899464e-05,0.00011240873049007624
12120,2.9640409593412187e-07,2.9640409593412187e-07,0.0,0.0011685518137897692,0.0004026479728054255,0.0004546,0.00037166608043068695,0.0004591210488778865,0.00045126660420293093,0.0005144709717018084
12130,2.530936853872845e-06,2.530936853872845e-06,0.0,0.007574662645201221,0.0026030617300421,0.00045415000000000006,0.002419202482843309,0.002986348856195353,0.0029221807359505704,0.0033271280508733107
12140,2.422694888082333e-05,2.422694888082333e-05,0.0,0.02472324964271165,0.006828468758612871,0.0004537,0.008017201414795054,0.009813210660186908,0.009607706408456596,0.01072407544798547
12150,2.385179868724663e-06,2.385179868724663e-06,0.0,0.006814465613841167,0.0018805218860507011,0.00045325000000000004,0.0022636254949370705,0.0028467090485148096,0.002744667226848854,0.00271058903591494
12160,1.5316496728701168e-06,1.5316496728701168e-06,0.0,0.005703979143381623,0.001841947203502059,0.0004528,0.001747750774775122,0.002153940634685484,0.0022988429679519037,0.002533705817420949
12170,8.922604024519387e-07,8.922604024519387e-07,0.0,0.003722495266466189,0.0011362332152202725,0.00045235,0.0012711137127045054,0.001599989408016201,0.0014849471658813524,0.0014505284463899551
12180,3.388980474028358e-07,3.388980474028358e-07,0.0,0.0011442183078348724,0.0005857687792740762,0.0004519,0.0002889627400202056,0.0004516318311993863,0.000523853093662356,0.0005240037113342691
12190,3.2301366559295275e-07,3.2301366559295275e-07,0.0,0.0013488780538551232,0.0004891330027021468,0.00045145000000000005,0.0004659749166990877,0.0005764309449498742,0.0005108533255930314,0.0005342292722654153
12200,2.7944332714469056e-07,2.7944332714469056e-07,0.0,0.0007734588823098373,0.0003317719674669206,0.00045099999999999996,0.00027110361347563175,0.00036517508356684477,0.00030346984770683393,0.000280741698650094
12210,2.480616103639477e-07,2.480616103639477e-07,0.0,0.00030311325449011446,0.00014584528980776668,0.00045055000000000003,9.203503384340145e-05,0.00013733554952645116,0.00012989423496145836,0.00012014451339397845
12220,2.4114331154123647e-07,2.4114331154123647e-07,0.0,4.738036252500655e-05,7.514675235142931e-05,0.00045009999999999994,1.384700676761516e-05,2.1195144488293288e-05,2.0049659127060258e-05,1.9716533810298264e-05
12230,2.406106034413824e-07,2.406106034413824e-07,0.0,5.312797966707435e-05,8.126153261400759e-05,0.00044965,1.539562562176375e-05,2.4096723469629176e-05,2.2478874571484583e-05,2.337176711500852e-05
12240,2.3997583298296377e-07,2.3997583298296377e-07,0.0,4.231959268098767e-05,7.264679879881442e-05,0.0004492000000000001,1.0582194135856316e-05,1.651534255099151e-05,1.7769324670591795e-05,2.0181989776453443e-05
12250,2.394651801296277e-07,2.394651801296277e-07,0.0,4.321333695330447e-05,7.154053309932351e-05,0.00044875,1.2703305465215903e-05,1.5928372502193974e-05,1.790495356633245e-05,1.9422155293746532e-05
12260,2.390283668773918e-07,2.390283668773918e-07,0.0,4.8922349562496364e-05,7.282847946044058e-05,0.00044830000000000005,1.6157260437779732e-05,1.987309732710002e-05,1.9679470722715668e-05,2.0260263139737582e-05
12270,2.385068000876345e-07,2.385068000876345e-07,0.0,2.6457751620001136e-05,7.1837188443169e-05,0.00044784999999999996,8.695663073223414e-06,1.0964602073170708e-05,1.0664683419070091e-05,1.0562685707913132e-05
12280,2.380321291184373e-07,2.380321291184373e-07,0.0,1.2124446142875764e-05,7.23518242011778e-05,0.00044740000000000003,3.838617016164374e-06,4.7626541629402766e-06,4.670997099360697e-06,5.158271642464147e-06
12290,2.375872725224326e-07,2.375872725224326e-07,0.0,1.3570767175633109e-05,7.32460175640881e-05,0.00044694999999999994,4.447006878512871e-06,5.321604899512716e-06,5.2595602802665735e-06,5.938588310540968e-06
12300,2.371529603806266e-07,2.371529603806266e-07,0.0,2.115157805261095e-05,7.421243208227679e-05,0.0004465,7.462419476801666e-06,9.091529950080321e-06,8.176061734135849e-06,8.33722049495983e-06
12310,2.3681695893174037e-07,2.3681695893174037e-07,0.0,5.2648221693038135e-05,7.74065192672424e-05,0.00044605,1.86114108931863e-05,2.3252556602447242e-05,2.036557160790736e-05,2.0207370140893726e-05
12320,2.3829936424135667e-07,2.3829936424135667e-07,0.0,0.00021205753753762043,0.00011072829511249438,0.0004456,7.393714134155204e-05,9.248327635500035e-05,8.252432313180985e-05,8.218718942381042e-05
12330,3.0827371233499434e-07,3.0827371233499434e-07,0.0,0.0012648505039182364,0.00048500404227524996,0.00044515000000000006,0.0004395353686094397,0.000549342223974661,0.0004921388584286617,0.0004922436083254711
12340,4.96734492116957e-06,4.96734492116957e-06,0.0,0.010259174630140927,0.0038644508458673954,0.00044469999999999997,0.0035610142785933658,0.004443780943239111,0.003993403675282941,0.004007889584127442
12350,8.322302164742723e-06,8.322302164742723e-06,0.0,0.014226018755021361,0.004111472982913256,0.00044425000000000004,0.004249371998152412,0.00530512024495557,0.005708125985005697,0.006496288602672039
12360,6.511706487799529e-06,6.511706487799529e-06,0.0,0.009260519421139434,0.0041745747439563274,0.0004438,0.0026308673388786997,0.004132471205190274,0.0040335086712978115,0.0037552077563361122
12370,2.08777237276081e-06,2.08777237276081e-06,0.0,0.005163816611447572,0.0026060277596116066,0.00044335,0.0015773127403093626,0.0023339257341414158,0.0022042582509790767,0.002025944224165952
12380,7.418344694087864e-07,7.418344694087864e-07,0.0,0.0029382332697614737,0.0013679986586794257,0.0004429,0.0010072829166877732,0.0013428559416788853,0.0011902158264135369,0.0010899075801722416
12390,3.658886384982907e-07,3.658886384982907e-07,0.0,0.0013041085248952171,0.0008105395245365798,0.00044245,0.0002996147693342866,0.0005271200511717999,0.0005942811813276195,0.0005962688507955415
12400,2.5357951471960405e-07,2.5357951471960405e-07,0.0,0.0005779718015853308,0.0002941095153801143,0.00044199999999999996,0.0001920509104701928,0.00023671176285287686,0.0002306341249985622,0.00023418146856115995
12410,2.4236732087956625e-07,2.4236732087956625e-07,0.0,0.00031716725179434225,0.00012055427941959351,0.00044155,0.00011111816584413231,0.00013774229116585358,0.00012176588518235639,0.0001244990296665123
12420,2.4541918719478417e-07,2.4541918719478417e-07,0.0,0.0003431453991540954,0.0001580861717229709,0.00044110000000000004,8.771732285992689e-05,0.0001455345203986889,0.0001514728945415754,0.000150608860259302
12430,2.4085417749120097e-07,2.4085417749120097e-07,0.0,0.00028557444269581336,0.00013786896306555718,0.00044065,9.86143311570978e-05,0.0001312654986815506,0.00011362569929631897,0.00010500544535284603
12440,2.3608387778040196e-07,2.3608387778040196e-07,0.0,9.605584296331349e-05,9.198817133437842e-05,0.0004402,2.247152913517486e-05,3.673879705826953e-05,4.143701738713803e-05,4.6033188977488956e-05
12450,2.3523105596723326e-07,2.3523105596723326e-07,0.0,5.721571474206813e-05,7.59875329094939e-05,0.00043975,1.5175932416464547e-05,2.4535246086816633e-05,2.4995437601313794e-05,2.4762448203595157e-05
12460,2.3472216525988188e-07,2.3472216525988188e-07,0.0,5.3048336726298657e-05,7.827588706277311e-05,0.00043930000000000005,1.2956931324868604e-05,2.2163255764527627e-05,2.404896692350378e-05,2.3622752845099577e-05
12470,2.3405748095228773e-07,2.3405748095228773e-07,0.0,1.1653189522228633e-05,7.345860649365932e-05,0.00043884999999999996,2.7335042622497254e-06,4.721489858496615e-06,5.296798544826722e-06,5.304099802655452e-06
12480,2.3363639911622158e-07,2.3363639911622158e-07,0.0,2.639548029950739e-05,7.468280819011852e-05,0.00043840000000000003,5.916766127014026e-06,9.79095520396937e-06,1.1604596194138708e-05,1.2754095939447777e-05
12490,2.332249238179429e-07,2.332249238179429e-07,0.0,4.5426266427608737e-05,7.62245399528183e-05,0.00043794999999999994,1.4124988253995926e-05,1.7277380735430214e-05,1.792939146705124e-05,2.0321212386489656e-05
12500,2.3367601897916757e-07,2.3367601897916757e-07,0.0,0.00015628980395540284,9.196283644996583e-05,0.0004375,4.5948276011826304e-05,5.7403454530466975e-05,6.346987241933882e-05,7.157831681230939e-05
12510,2.6270802777617064e-07,2.6270802777617064e-07,0.0,0.0008685764433810636,0.0003066681674681604,0.0004370500000000001,0.0002521147256836113,0.0003169275985521884,0.0003539075662863734,0.00039984466174356967
12520,2.127510697391699e-06,2.127510697391699e-06,0.0,0.006859126965527304,0.0023640827275812626,0.0004366,0.0019962731675329626,0.0025060635830981507,0.0027939294996825793,0.0031546021278169513
12530,2.2718710170011036e-05,2.2718710170011036e-05,0.0,0.02398230824864267,0.0063405707478523254,0.00043615000000000006,0.007471869259245361,0.009157344663298188,0.009525933051714352,0.010685917608761964
12540,1.9965978026448283e-06,1.9965978026448283e-06,0.0,0.0044530011243480785,0.0028124884702265263,0.00043569999999999997,0.0014546637125727208,0.0021908737674615837,0.0018695739696444067,0.001682012102827354
12550,2.2772080683353124e-06,2.2772080683353124e-06,0.0,0.006123041031549628,0.002282890025526285,0.00043525000000000004,0.0020569678390265,0.0026865764664068467,0.002515251330588163,0.002362568991390395
12560,6.096454399084905e-07,6.096454399084905e-07,0.0,0.00213203517812401,0.0015141461044549942,0.0004348,0.0006658252572579555,0.000995513515229535,0.0009170773976740795,0.0008712910336386383
12570,3.0835411735097296e-07,3.0835411735097296e-07,0.0,0.0008681440778960946,0.00045322917867451906,0.00043435,0.0002789027376194263,0.00042039451320215844,0.00037720578936060176,0.0003559001874442305
12580,3.331076072754513e-07,3.331076072754513e-07,0.0,0.00137718114021398,0.0005213364493101835,0.0004339,0.0004579229003422526,0.0005875975466066539,0.0005679229644179972,0.0005470410777434438
12590,2.3837499441015098e-07,2.3837499441015098e-07,0.0,0.0002483917517534869,0.00018381746485829353,0.00043345,6.19692768723604e-05,0.00010243998100937192,0.00010792453392398968,0.00011285068773063087
12600,2.4634482542751357e-07,2.4634482542751357e-07,0.0,0.00045841676839260053,0.0002141424483852461,0.00043300000000000006,0.0001387386935071005,0.00018973230461384017,0.00020154063283706175,0.00019695873035630314
12610,2.3285359418423468e-07,2.3285359418423468e-07,0.0,0.00011456583958301793,9.708033758215606e-05,0.00043255,2.965519769693837e-05,3.9798076718815146e-05,4.853398787338543e-05,5.422730745586593e-05
12620,2.33405998528724e-07,2.33405998528724e-07,0.0,0.00019089998921976683,0.00010114083852386102,0.00043210000000000004,6.229275337255867e-05,7.837071335265446e-05,7.862921299436814e-05,7.855233303107223e-05
12630,2.3150508354774502e-07,2.3150508354774502e-07,0.0,7.886308269343742e-05,7.744259346509352e-05,0.00043165,2.707376759531381e-05,3.561015577059378e-05,3.15663453286499e-05,2.94827278680174e-05
12640,2.3071700638865877e-07,2.3071700638865877e-07,0.0,1.9332525370244132e-05,7.535133045166731e-05,0.0004312,5.926229403817364e-06,8.81879215762661e-06,8.387888403965607e-06,7.898553728425227e-06
12650,2.303119828184208e-07,2.303119828184208e-07,0.0,4.008626888502248e-05,7.70913902670145e-05,0.00043075,1.4001314149247511e-05,1.7769025546254398e-05,1.6045295402686402e-05,1.5330255324048187e-05
12660,2.2981481606620946e-07,2.2981481606620946e-07,0.0,2.1677704638355117e-05,7.629275205545127e-05,0.00043030000000000005,6.7903277538763956e-06,9.471712671042195e-06,9.460960553364671e-06,8.907485771039434e-06
12670,2.2934742105462647e-07,2.2934742105462647e-07,0.0,1.4847397263247589e-05,7.706063479417935e-05,0.00042984999999999996,4.663274887068341e-06,6.271723708951134e-06,6.390478716321641e-06,6.27033422150527e-06
12680,2.2889554429639247e-07,2.2889554429639247e-07,0.0,1.2800765108269732e-05,7.716739492025226e-05,0.00042940000000000003,4.0062275719451685e-06,5.00331520518906e-06,5.207029262069395e-06,5.325747439150483e-06
12690,2.2846589331493306e-07,2.2846589331493306e-07,0.0,1.904622165424041e-05,7.868051034165546e-05,0.00042895000000000005,6.1348929044389155e-06,8.570301769080594e-06,7.06126589636171e-06,8.175818158160053e-06
12700,2.2876159277984698e-07,2.2876159277984698e-07,0.0,0.00011754180747750937,9.908116044243798e-05,0.0004285,3.992631906838482e-05,5.200959743558163e-05,4.312518851031783e-05,4.9584569396084405e-05
12710,2.829253276104282e-07,2.829253276104282e-07,0.0,0.00100083912804299,0.0005353969754651189,0.0004280500000000001,0.00034013658847091533,0.0004420747559958152,0.0003675802930787115,0.0004241700880267314
12720,6.400451184163103e-06,6.400451184163103e-06,0.0,0.0106879954045432,0.005497677251696587,0.0004276,0.0036255570717829448,0.0046892297056805535,0.003926543888522967,0.004531524987768562
12730,6.856979325675638e-06,6.856979325675638e-06,0.0,0.009632725884831593,0.005190897732973099,0.00042715000000000006,0.0030392214956264764,0.004254267477506718,0.004188625103743425,0.003954791837576948
12740,1.987730001928867e-06,1.987730001928867e-06,0.0,0.0045038703930451885,0.0031398837454617023,0.00042669999999999996,0.0012795254112419694,0.0019755153415492305,0.0020625721221442183,0.0019691200459611255
12750,1.796781020857452e-06,1.796781020857452e-06,0.0,0.005246422778861396,0.0021915663965046406,0.00042625000000000003,0.0018898158097872752,0.0024290908571855513,0.001945149166452329,0.0020207917702341044
12760,5.167290169083572e-07,5.167290169083572e-07,0.0,0.0023934818000489666,0.000642255472484976,0.00042579999999999994,0.000757135727942802,0.0009656446938745584,0.001003722963125793,0.0010054770968859657
12770,2.4805763132462744e-07,2.4805763132462744e-07,0.0,0.0005060925994436478,0.0003489006485324353,0.00042535,0.0001235534271035996,0.00020949642947897312,0.00022403035119197893,0.0002269737438106581
12780,2.5386378865732695e-07,2.5386378865732695e-07,0.0,0.0007400741393879037,0.0003454605466686189,0.0004249000000000001,0.00023257191635602746,0.0002928033994021053,0.00030699199714773645,0.0003132712848269298
12790,2.503647635876405e-07,2.503647635876405e-07,0.0,0.0006974691291934314,0.00030147293000482023,0.00042445,0.0002240476993694214,0.0002848641356331934,0.0002620459622436803,0.00030887796346137767
12800,2.3618744648956636e-07,2.3618744648956636e-07,0.0,0.00044639300126208745,0.00018137956794817,0.00042400000000000006,0.00013193317465112536,0.00016983677552231122,0.00019047908098079633,0.00019845852287021603
12810,2.2938891675039486e-07,2.2938891675039486e-07,0.0,0.00026207974220995145,0.00012783128477167338,0.00042354999999999997,9.184807419028839e-05,0.00011595143041303616,9.647765762093476e-05,0.00010623811062948898
12820,2.264881828750731e-07,2.264881828750731e-07,0.0,0.00014384212233305225,9.57291413214989e-05,0.00042310000000000004,4.646531875488202e-05,6.041172969701635e-05,6.03222711053936e-05,5.852823493558522e-05
12830,2.2508493202622049e-07,2.2508493202622049e-07,0.0,4.7912105415261045e-05,8.052853081608191e-05,0.00042265,1.644331490892837e-05,2.410739175599019e-05,1.9421234952314785e-05,1.8048443667191185e-05
12840,2.245678984991173e-07,2.245678984991173e-07,0.0,5.483457590762308e-05,7.851516420487314e-05,0.0004222,1.755399005976037e-05,2.2606087988543037e-05,2.050041027257194e-05,2.420014870624086e-05
12850,2.2403709465379507e-07,2.2403709465379507e-07,0.0,3.819454912375949e-05,7.850035763112828e-05,0.00042175,1.1229936263856818e-05,1.435244174701178e-05,1.6193317160948355e-05,1.722510909354895e-05
12860,2.2355438034082908e-07,2.2355438034082908e-07,0.0,2.5178425806743792e-05,7.863436621846631e-05,0.0004213,8.455193247481092e-06,1.0480373504320884e-05,1.017907812935563e-05,1.0209432137583445e-05
12870,2.230848394901841e-07,2.230848394901841e-07,0.0,7.152893756910525e-06,7.860476762289181e-05,0.00042084999999999996,1.9462271025802527e-06,2.6303182736070886e-06,3.03328945981813e-06,3.349353612625388e-06
12880,2.2264205767896783e-07,2.2264205767896783e-07,0.0,5.7437824066635485e-06,7.909238047432154e-05,0.00042040000000000003,1.7232712480587648e-06,2.0895166857899894e-06,2.2766530365535577e-06,2.3793396254894426e-06
12890,2.2220910977921449e-07,2.2220910977921449e-07,0.0,1.7199935201831895e-05,7.966208067955449e-05,0.00041995000000000004,5.298392267734962e-06,6.5188240115417395e-06,6.895918117470306e-06,7.442649423446708e-06
12900,2.2210520000953693e-07,2.2210520000953693e-07,0.0,9.417662785178208e-05,8.488140883855522e-05,0.0004195,3.0588899213581463e-05,3.7268020125632284e-05,3.7019622070120336e-05,4.008949791720864e-05
12910,2.436182171550172e-07,2.436182171550172e-07,0.0,0.0007496330655520535,0.0002601190353743732,0.00041905,0.0002453454031041994,0.00029817968076373535,0.00029379315031296833,0.00031874280288179057
12920,2.711472916416824e-06,2.711472916416824e-06,0.0,0.007923378582233534,0.002666646847501397,0.0004186,0.0025919402981443014,0.00314946030196541,0.0031044940847701993,0.0033703329334406574
12930,1.7798569388105534e-05,1.7798569388105534e-05,0.0,0.02115029271087101,0.004636043217033148,0.00041815000000000005,0.006816941395871662,0.0082853560492452,0.008224661582841318,0.00908193700367213
12940,8.683385203767102e-06,8.683385203767102e-06,0.0,0.014294787398419887,0.0044729686342179775,0.00041769999999999996,0.004823482565002974,0.005870411953556085,0.0055352032877498975,0.0059094631978405705
12950,1.5157831967371749e-06,1.5157831967371749e-06,0.0,0.0054820522865967605,0.002215112093836069,0.00041725000000000003,0.001868690936712612,0.0022842540530349023,0.002114639632839561,0.002219944567996118
12960,3.223082387648901e-07,3.223082387648901e-07,0.0,0.001496980605803376,0.0008813831373117864,0.00041679999999999994,0.00048826821130986775,0.0005923446622119535,0.0005719115331343683,0.0006373497881869186
12970,2.4009258936530387e-07,2.4009258936530387e-07,0.0,0.0004879701309787082,0.0002654190466273576,0.00041635,0.00016669298110549686,0.0002050262979584687,0.00020130245538999263,0.00020456775184082978
12980,2.876632834158954e-07,2.876632834158954e-07,0.0,0.0012347357802192736,0.00027673784643411636,0.0004159000000000001,0.00040471546779851064,0.000490833360085655,0.00048385730468360406,0.0005203435920531674
12990,2.756335959475109e-07,2.756335959475109e-07,0.0,0.0011034950078238942,0.000321994157275185,0.00041545,0.0003727783132006087,0.0004546157032624895,0.0004306004553808619,0.00045132651193015023
13000,2.3583193353715615e-07,2.3583193353715615e-07,0.0,0.0005578248910740196,0.00021077673591207713,0.00041500000000000006,0.00018500250533826535,0.00022440828172893914,0.00021843037598785474,0.00023446717230902106
13010,2.223734725248505e-07,2.223734725248505e-07,0.0,2.403904681014258e-05,9.415986278327182e-05,0.00041454999999999997,6.438708706061499e-06,8.704101520434373e-06,9.150235148251186e-06,1.1079262616095742e-05
13020,2.2382309339263884e-07,2.2382309339263884e-07,0.0,0.0002247406726227451,9.857430268311873e-05,0.00041410000000000004,7.60787682930232e-05,9.281602098372322e-05,8.761005394174519e-05,9.2222900194504e-05
13030,2.2152050860313466e-07,2.2152050860313466e-07,0.0,9.417282826681687e-05,8.50028736749664e-05,0.00041364999999999994,3.057629500496005e-05,3.718612318041082e-05,3.7317027096869686e-05,3.998162740768436e-05
13040,2.2085629325374612e-07,2.2085629325374612e-07,0.0,6.597551108293348e-05,8.029174932744354e-05,0.0004132,2.2365970354463343e-05,2.7151050433340777e-05,2.511425059349823e-05,2.782661788906205e-05
13050,2.2026419799203723e-07,2.2026419799203723e-07,0.0,3.3804694773312636e-05,8.067182352533564e-05,0.00041275,1.2019210250783224e-05,1.4680475763412612e-05,1.2794737714943859e-05,1.3479176760719625e-05
13060,2.1979853670472949e-07,2.1979853670472949e-07,0.0,3.0295527630609238e-05,7.990675658220425e-05,0.0004123,9.722800002538403e-06,1.1857864106030362e-05,1.1917847043126769e-05,1.2972751554206705e-05
13070,2.1931529659013904e-07,2.1931529659013904e-07,0.0,2.904318774714462e-06,8.073224307736382e-05,0.00041185000000000006,1.040289712935299e-06,1.2153874675401879e-06,9.425079646010161e-07,9.71428990549876e-07
13080,2.188770196198675e-07,2.188770196198675e-07,0.0,1.0968624054481104e-05,8.165634790202603e-05,0.00041139999999999997,4.000442755671564e-06,4.819726866561605e-06,4.2316725507618115e-06,4.218881805858791e-06
13090,2.1843433728463424e-07,2.1843433728463424e-07,0.0,1.2368558301237929e-05,8.207756036426872e-05,0.00041095000000000004,3.138736841435042e-06,4.2203881036509304e-06,5.146030955358847e-06,5.86328592830079e-06
13100,2.180469067525337e-07,2.180469067525337e-07,0.0,2.9905860436475212e-05,8.448083826806396e-05,0.0004105,6.9387439503333216e-06,1.1897893135150545e-05,1.3385057726907825e-05,1.3769813362870341e-05
13110,2.1960063634196558e-07,2.1960063634196558e-07,0.0,0.0001740670800686538,0.00012949923984706402,0.00041005,3.865473516486504e-05,6.73153718536563e-05,7.784479848821553e-05,8.22383624815349e-05
13120,3.5602141679191845e-07,3.5602141679191845e-07,0.0,0.0014276709319001354,0.0008253000560216606,0.0004096,0.00031717157690107437,0.0005535449440670329,0.0006387823746140792,0.0006741157049043023
13130,9.735909770824946e-06,9.735909770824946e-06,0.0,0.011864947594701206,0.00632863026112318,0.00040915,0.0026255506092213517,0.004578609760500106,0.0053011107006147255,0.005619491254159906
13140,3.930446837330237e-06,3.930446837330237e-06,0.0,0.00737971629506082,0.003143870970234275,0.00040869999999999996,0.0016589360045456273,0.002867507420750793,0.003280185235511512,0.003481828229131397
13150,1.0644504300216795e-06,1.0644504300216795e-06,0.0,0.0033308758809172303,0.001958812354132533,0.00040825000000000003,0.0008472728783456654,0.001418899614661284,0.0014953522049372552,0.0014463360039376509
13160,3.02102790783465e-07,3.02102790783465e-07,0.0,0.0010326160456821663,0.0007255104719661176,0.00040780000000000005,0.00029407227139733433,0.0004374971669106733,0.000467779409139173,0.00045338599711081183
13170,2.791130100376904e-07,2.791130100376904e-07,0.0,0.0009874065587452499,0.00040987780084833503,0.00040735,0.0002377104001895305,0.00037878121000121034,0.0004200915067019668,0.0004750594888201049
13180,2.6761770755001635e-07,2.6761770755001635e-07,0.0,0.0007746215851242149,0.00039776338962838054,0.0004069,0.00020620854641859845,0.0003430382204344697,0.0003512752900802864,0.0003300778654157734
13190,2.2976804814334173e-07,2.2976804814334173e-07,0.0,0.00038663046453625235,0.0002857603249140084,0.00040645,9.996479943084549e-05,0.00016699073369674997,0.00017978304273717646,0.00017262330948487268
13200,2.168125092794071e-07,2.168125092794071e-07,0.0,9.8882325262761e-05,8.372846787096933e-05,0.00040600000000000006,3.0671911118528956e-05,4.823580682894514e-05,4.324688464569893e-05,3.936267172963372e-05
13210,2.1814361161887064e-07,2.1814361161887064e-07,0.0,0.00019183657607125003,0.00013168218720238656,0.00040554999999999996,4.399792868235903e-05,7.486115295263527e-05,8.905742784390254e-05,9.005004359847053e-05
13220,2.1508445513518382e-07,2.1508445513518382e-07,0.0,4.6108910059672335e-05,8.562603761674836e-05,0.00040510000000000003,1.4076683621106648e-05,2.145066924156284e-05,1.8905521243771737e-05,2.0193567558541747e-05
13230,2.147988595879724e-07,2.147988595879724e-07,0.0,7.519562600854252e-05,8.831420564092696e-05,0.00040464999999999994,1.611755016727464e-05,2.708191657651564e-05,3.3753263238208724e-05,3.6605312860166376e-05
13240,2.1410417616607447e-07,2.1410417616607447e-07,0.0,4.921496000723504e-05,8.376134792342782e-05,0.0004042,1.6834358921209917e-05,2.0819989926321256e-05,1.87776685830967e-05,1.9878860427437014e-05
13250,2.144044657370614e-07,2.144044657370614e-07,0.0,0.00014167665595376735,9.481399320065975e-05,0.0004037500000000001,4.792981603663252e-05,5.8726179538078774e-05,5.518459308589808e-05,5.7776340916840816e-05
13260,2.30376940635324e-07,2.30376940635324e-07,0.0,0.0006574988378681781,0.0002297570463269949,0.0004033,0.00021556085502129308,0.00026160534950772754,0.00025671961994465717,0.0002802416948110533
13270,9.746065643412294e-07,9.746065643412294e-07,0.0,0.004354028643722422,0.0014644910115748644,0.00040285000000000006,0.0014359623056397395,0.0017427813002213303,0.001698409886450854,0.0018442099830847144
13280,2.5563809685991146e-05,2.5563809685991146e-05,0.0,0.025154305255729145,0.0076164985075592995,0.00040239999999999997,0.00825660138372287,0.010020865197389307,0.009790824251603705,0.010671492022769544
13290,7.368400019913679e-06,7.368400019913679e-06,0.0,0.013361199490796196,0.0034651372116059065,0.00040195000000000004,0.004376257754279418,0.00530488194196313,0.0052006545837846065,0.005755485417407882
13300,9.241985026164912e-07,9.241985026164912e-07,0.0,0.004002299289890117,0.0017023649998009205,0.0004015,0.0013181307465277652,0.0016228610300511328,0.0016127054252957265,0.0016541315381960197
13310,8.419813184445957e-07,8.419813184445957e-07,0.0,0.003908082020318931,0.0010465191444382071,0.00040105,0.0012516068016950265,0.0015298941800616927,0.0015089573462992382,0.0017237363841726147
13320,4.187971285318781e-07,4.187971285318781e-07,0.0,0.002084661679550221,0.0007803756161592901,0.0004006,0.0006700925840945142,0.0008356505895732239,0.0008621910740265315,0.0008797662367972692
13330,2.725545584780775e-07,2.725545584780775e-07,0.0,0.0011526682660696662,0.0003978727909270674,0.00040015,0.00036177246232567054,0.0004505721175006079,0.0004443112534144004,0.0005199325429057241
13340,2.435682233681291e-07,2.435682233681291e-07,0.0,0.0006770197296034506,0.0003462695749476552,0.00039970000000000007,0.0002108685554755205,0.00028626536649293253,0.00029279755102364237,0.0002824447209054873
13350,2.2176018887876126e-07,2.2176018887876126e-07,0.0,0.0004525248969676362,0.00014875089982524514,0.00039925000000000003,0.0001382429288003586,0.00017036738384500896,0.00018595836274708092,0.0002014688221009291
13360,2.1414324180568656e-07,2.1414324180568656e-07,0.0,0.00013308254300071893,0.0001407186355208978,0.00039880000000000004,4.19477798041939e-05,6.365873030440115e-05,5.3998516570730006e-05,5.7244171752529926e-05
13370,2.1403440086942283e-07,2.1403440086942283e-07,0.0,0.00016155073583533868,0.00013011539704166353,0.00039835,4.978190047720381e-05,7.168058892681272e-05,7.131720655248739e-05,6.772368749691805e-05
13380,2.1235516101114627e-07,2.1235516101114627e-07,0.0,0.00010902166331708816,9.963339107343927e-05,0.0003979,3.2928263881107084e-05,4.664942682135154e-05,4.825659092094047e-05,4.6360000723977034e-05
13390,2.1126814431227103e-07,2.1126814431227103e-07,0.0,5.539631157736914e-05,8.846123091643676e-05,0.00039745,1.6827250502406433e-05,2.431848392200609e-05,2.4450915559306224e-05,2.3368592528668743e-05
13400,2.1064715838292614e-07,2.1064715838292614e-07,0.0,2.87371725969726e-05,8.550720667699352e-05,0.00039700000000000005,8.813623921280995e-06,1.3071006925973345e-05,1.2730914570668504e-05,1.2013937035554647e-05
13410,2.1015797813106474e-07,2.1015797813106474e-07,0.0,1.8419778119910198e-05,8.575691026635468e-05,0.00039654999999999996,5.736136933218076e-06,8.591172460068407e-06,8.011494677410442e-06,7.5937408852491e-06
13420,2.096932547601682e-07,2.096932547601682e-07,0.0,1.3426966219951086e-05,8.590484503656626e-05,0.00039610000000000003,4.068718422389736e-06,5.675484354489455e-06,5.934314073380984e-06,5.673174377443869e-06
13430,2.0924035482039471e-07,2.0924035482039471e-07,0.0,1.2637801773453473e-05,8.649297524243593e-05,0.00039564999999999994,4.166976579740776e-06,5.004985051770246e-06,5.085767966354041e-06,5.440119433225724e-06
13440,2.0878709960925335e-07,2.0878709960925335e-07,0.0,4.821781333190735e-06,8.672413969179615e-05,0.0003952,1.4030252490990535e-06,1.8082036119607911e-06,1.7380913437258e-06,2.036194167013572e-06
13450,2.0833911662521132e-07,2.0833911662521132e-07,0.0,2.600754459404677e-06,8.712121052667499e-05,0.00039475,9.752704546664235e-07,9.993360290033609e-07,8.982055520721788e-07,9.158472610701727e-07
13460,2.078906646829637e-07,2.078906646829637e-07,0.0,4.112784469979397e-06,8.750446431804448e-05,0.0003943,1.68675824182853e-06,1.8953770712106916e-06,1.427720316645913e-06,1.5293601301881367e-06
13470,2.0744002426908992e-07,2.0744002426908992e-07,0.0,5.089289413840566e-06,8.77886704984121e-05,0.00039385000000000006,1.6962688269277128e-06,2.113908175743759e-06,1.941536862642632e-06,2.2876403060392924e-06
13480,2.0699948777291866e-07,2.0699948777291866e-07,0.0,1.2594926011146174e-05,8.839170914143324e-05,0.00039339999999999997,4.030867820982374e-06,5.622134819196384e-06,4.927897309765535e-06,5.683210259110365e-06
13490,2.0686994162133487e-07,2.0686994162133487e-07,0.0,6.679657342607799e-05,9.95922164293006e-05,0.00039295000000000004,2.1814086181161137e-05,3.075067182144874e-05,2.5513610063330607e-05,2.9330198251602325e-05
13500,2.2800463739258703e-07,2.2800463739258703e-07,0.0,0.0005414979743596043,0.00038728484651073813,0.00039249999999999995,0.0001770536283646182,0.0002496055362146686,0.0002056586729928713,0.00023649068039399983
13510,2.4884191134333378e-06,2.4884191134333378e-06,0.0,0.00556947405205336,0.0037942160852253437,0.00039205,0.0018181822727009118,0.002555243399461344,0.0021118509973328038,0.002437896366194568
13520,1.4046168871573173e-05,1.4046168871573173e-05,0.0,0.017630655781994374,0.006970536895096302,0.0003916,0.005280774480962565,0.006627005352797644,0.0073952134813155355,0.007888003481252303
13530,2.8629406187974382e-06,2.8629406187974382e-06,0.0,0.007450604690512801,0.0038961966056376696,0.00039115,0.002378251606215217,0.003019659093415726,0.002815746958131133,0.003335820255952385
13540,2.2213005195226287e-06,2.2213005195226287e-06,0.0,0.005860698065976687,0.00252922042272985,0.00039070000000000006,0.0018840971757767403,0.002488459035777391,0.0024795723877679655,0.0023790237812106297
13550,7.077607619976334e-07,7.077607619976334e-07,0.0,0.0028928037047701214,0.0011066761799156666,0.00039024999999999997,0.0009970683221421776,0.0013222246011119205,0.001149886009857444,0.0010699407164557213
13560,3.5579432733356953e-07,3.5579432733356953e-07,0.0,0.00139491972221023,0.0007882034406065941,0.00038980000000000004,0.0004901999628107873,0.0006662898011241436,0.0005179802071284795,0.0005687891834544963
13570,2.44330919940694e-07,2.44330919940694e-07,0.0,0.0007543783565766746,0.0003152177669107914,0.00038935,0.00017177300106359548,0.000272019208289771,0.0003439466078439848,0.00036326593426016835
13580,2.1798551586016401e-07,2.1798551586016401e-07,0.0,0.0003746066031053596,0.00026320299366489053,0.0003889,9.184539553848197e-05,0.0001492834948692011,0.00017394631925181104,0.00017344777525850577
13590,2.1105707048718614e-07,2.1105707048718614e-07,0.0,0.00022754165799349486,0.00015103562327567488,0.00038845,7.878135552922725e-05,0.00011417972540699548,8.931106649422664e-05,9.088272817792903e-05
13600,2.0727841842926864e-07,2.0727841842926864e-07,0.0,0.00018306743276266617,0.00011499325046315789,0.000388,6.255848220133452e-05,8.11079196991332e-05,7.353779664299963e-05,6.953219364379357e-05
13610,2.0677943268765375e-07,2.0677943268765375e-07,0.0,0.00018230275729062614,0.00011219919542782009,0.00038754999999999996,6.044938286834122e-05,7.910016676552927e-05,7.543237142810536e-05,7.148158004434971e-05
13620,2.0496182173701527e-07,2.0496182173701527e-07,0.0,7.578567023163374e-05,9.54984498093836e-05,0.00038710000000000003,2.6064616466337067e-05,3.7480714238682406e-05,3.126190816428882e-05,2.8466138348854408e-05
13630,2.0428259972504748e-07,2.0428259972504748e-07,0.0,7.797127497341981e-05,8.856631757225841e-05,0.00038665000000000005,2.436427460598845e-05,3.0510432298009246e-05,2.992085080219875e-05,3.5465250430152235e-05
13640,2.0358443464374432e-07,2.0358443464374432e-07,0.0,1.4190226472706648e-05,8.618846914032474e-05,0.0003862,3.3459077494064272e-06,5.571564582721222e-06,6.337971935017084e-06,6.478596063963698e-06
13650,2.0316932136665855e-07,2.0316932136665855e-07,0.0,3.0139230414604206e-05,8.70154908625409e-05,0.00038575,1.0219286121005123e-05,1.268317851924651e-05,1.142667627385276e-05,1.225852665773356e-05
13660,2.029633492384164e-07,2.029633492384164e-07,0.0,8.041282272000742e-05,9.064669575309381e-05,0.0003853,2.7220682700498896e-05,3.335690751325317e-05,3.089701065999656e-05,3.2992991412940464e-05
13670,2.0650327314797323e-07,2.0650327314797323e-07,0.0,0.0003216428646369977,0.00013763336755800992,0.00038485000000000006,0.00010734458119217602,0.00013043824545721787,0.00012463564964047347,0.00013490082377236513
13680,3.5032593359574093e-07,3.5032593359574093e-07,0.0,0.0018984936563071638,0.0006610220298171043,0.00038439999999999997,0.0006346328188359943,0.0007707688070980456,0.0007366049557085964,0.0007950500354804658
13690,8.469532076560427e-06,8.469532076560427e-06,0.0,0.014177880140839668,0.004858006257563829,0.00038395000000000004,0.004729814280894092,0.005743616454557871,0.0054990554714684,0.0059410196130083165
13700,1.8606170897328411e-06,1.8606170897328411e-06,0.0,0.0057118363493700065,0.0030708571430295706,0.00038349999999999994,0.001975684295075373,0.0025084068448579665,0.0022386015110213283,0.002179928853857417
13710,3.577248435249203e-06,3.577248435249203e-06,0.0,0.008761000725080693,0.0024770076852291822,0.00038305,0.0030010947333545808,0.0036735915937653554,0.0033968623447074176,0.00353375701667464
13720,6.346354552988487e-07,6.346354552988487e-07,0.0,0.002711788011096043,0.0014550918713212013,0.0003826000000000001,0.0009239107862142339,0.0012210112607493869,0.0010904894673612782,0.0010132206170731595
13730,4.302017657664692e-07,4.302017657664692e-07,0.0,0.0019854137718544867,0.000609532231464982,0.00038215,0.0006849212031581973,0.000896157180108321,0.0007973048098330998,0.0007459694819007569
13740,3.3301145663244824e-07,3.3301145663244824e-07,0.0,0.00172454507158566,0.0006089803064242005,0.00038170000000000006,0.0005852610877377783,0.0007142889721285842,0.0006662717571050665,0.0006986775814340105
13750,2.1893288248975296e-07,2.1893288248975296e-07,0.0,0.0006208240056237666,0.00016074512677732855,0.00038124999999999997,0.00020705552063600654,0.00025071300732069197,0.00024029516994681884,0.00025895359855004343
13760,2.1730888022375439e-07,2.1730888022375439e-07,0.0,0.0005254275017669438,0.00025206204736605287,0.00038080000000000004,0.00018131995497037151,0.0002351693007403093,0.00020976582619129072,0.0001981689958989251
13770,2.069584894570653e-07,2.069584894570653e-07,0.0,0.000314463155013656,0.00014173967065289617,0.00038034999999999995,0.0001083140633127623,0.0001412748782486374,0.00012601200773740677,0.00011836970729754192
13780,2.0097358799375797e-07,2.0097358799375797e-07,0.0,5.7820400293572044e-05,9.314638009527698e-05,0.0003799,1.6947128032575792e-05,2.0913509660228278e-05,2.2853731471007147e-05,2.6435728804801302e-05
13790,2.0114681831273629e-07,2.0114681831273629e-07,0.0,0.00012537696277798251,9.88668471109122e-05,0.00037945,4.318126151717652e-05,5.4791721679527584e-05,4.934677189344105e-05,4.809552627665258e-05
13800,2.0029845870794816e-07,2.0029845870794816e-07,0.0,8.55616124797845e-05,9.411324572283775e-05,0.000379,2.9680459271211506e-05,3.8440285553990695e-05,3.4161130597394024e-05,3.2218391909661986e-05
13810,1.995519767206133e-07,1.995519767206133e-07,0.0,5.094945530317211e-05,8.89370494405739e-05,0.00037855000000000007,1.693349626551682e-05,2.0613237377599426e-05,1.9908897991198677e-05,2.1353161217564615e-05
13820,1.990334226320556e-07,1.990334226320556e-07,0.0,2.2973636705067598e-05,8.996143151307479e-05,0.0003781,7.784758220384318e-06,1.0561027827187055e-05,9.475743629287444e-06,8.613128971742654e-06
13830,1.9860428324136592e-07,1.9860428324136592e-07,0.0,3.319566824824642e-05,9.05281412997283e-05,0.00037765000000000005,9.024853093858847e-06,1.1666758147597366e-05,1.3594242768270358e-05,1.575706819039736e-05
13840,1.9868510037213127e-07,1.9868510037213127e-07,0.0,9.723370395600697e-05,0.00010326129995519295,0.0003772,2.105698056898701e-05,3.489685725250837e-05,4.2939475524002766e-05,4.766296842462756e-05
13850,2.1849233178272698e-07,2.1849233178272698e-07,0.0,0.0006113093078884261,0.0003114967839792371,0.00037675,0.00013716191146603905,0.00021487402519021053,0.00026633344256253827,0.000301416522050634
13860,1.614318648535118e-06,1.614318648535118e-06,0.0,0.005026488801360061,0.002481885487213731,0.0003763,0.0011231065448718534,0.001769788162754945,0.0021927430213016155,0.0024785556987481144
13870,3.384225237823557e-06,3.384225237823557e-06,0.0,0.008855721212082189,0.0023364617954939604,0.00037585,0.0025887286866472,0.00322689864602071,0.003546989027202522,0.004110593411575878
13880,2.5700178412080277e-06,2.5700178412080277e-06,0.0,0.00592888900953019,0.002838070271536708,0.00037539999999999996,0.0018875542141056985,0.002685414454598299,0.0025044994643013134,0.002286246662983367
13890,5.236595939095423e-07,5.236595939095423e-07,0.0,0.0028430192049359346,0.0010376096470281482,0.00037495000000000003,0.0008440843369350887,0.0010433132186248842,0.0011359376075911955,0.0013069384098094515
13900,3.621339601522777e-07,3.621339601522777e-07,0.0,0.0019165752658824703,0.0005487881135195494,0.00037450000000000005,0.0005250399091411655,0.0006881742380880336,0.0007783219704253602,0.0009172973187949024
13910,2.9189843075982935e-07,2.9189843075982935e-07,0.0,0.0011467031216108382,0.0005681267939507961,0.00037405,0.0003402080662792524,0.000509748818958937,0.0004963330271971235,0.0004623411770405755
13920,2.0087276197955362e-07,2.0087276197955362e-07,0.0,0.00022301236103514725,0.00019976300245616585,0.00037360000000000003,5.5314583587912376e-05,9.252050707275733e-05,9.87541718306317e-05,0.00010058419791821182
13930,2.0891910423870286e-07,2.0891910423870286e-07,0.0,0.00044895744541528505,0.00019064804655499756,0.00037315,0.00015085503446899749,0.00020309515441443285,0.0001842988339265481,0.00016953139040524267
13940,1.9811689355719864e-07,1.9811689355719864e-07,0.0,0.00018483550659280506,0.00013012168346904218,0.00037270000000000006,4.0983182159094466e-05,6.58267797934488e-05,8.053850589581778e-05,9.099213718985996e-05
13950,1.9830450526114873e-07,1.9830450526114873e-07,0.0,0.000226362643623217,0.00011803866800619289,0.00037224999999999997,7.772335119079093e-05,9.929083706237623e-05,9.037918248005374e-05,8.700450511789721e-05
13960,1.988236704164592e-07,1.988236704164592e-07,0.0,0.0002904425942866418,0.00013145914999768138,0.00037180000000000004,9.83300473228764e-05,0.00012008455936306719,0.00011320764332439289,0.00011899557178543087
13970,2.1538809846788354e-07,2.1538809846788354e-07,0.0,0.0007177031537094185,0.0002467164595145732,0.00037134999999999995,0.00023322798631969125,0.0002822778437715839,0.00028012554648938374,0.0003105405081712647
13980,5.375503633331391e-07,5.375503633331391e-07,0.0,0.002901166333214613,0.0009758143569342792,0.0003709,0.0009594946812310458,0.001161813907204468,0.0011304635972909354,0.0012314839135185139
13990,8.66078153194394e-06,8.66078153194394e-06,0.0,0.014429770867835116,0.004704594612121582,0.00037045,0.004757380024263954,0.005759695802171925,0.005619640798288494,0.006135993319335805
14000,9.943736358764e-07,9.943736358764e-07,0.0,0.004401369146105448,0.0019371416419744492,0.00037,0.001462760840777586,0.0017719990584185174,0.0017100511381598872,0.0018455556400878237
14010,1.8274326976097655e-06,1.8274326976097655e-06,0.0,0.006357997953627724,0.002046056091785431,0.00036955000000000007,0.002078958060114247,0.002512902326609801,0.002476069405491007,0.002741725090918328
14020,9.186948659589689e-07,9.186948659589689e-07,0.0,0.004245245468595831,0.0011555682867765427,0.00036909999999999997,0.0013691056900254157,0.001655746019706826,0.0016591446651873169,0.0018539123939826936
14030,2.7073068054050964e-07,2.7073068054050964e-07,0.0,0.0013631973346476063,0.00027818174567073584,0.00036865000000000004,0.0004460918972144595,0.0005389346112420382,0.0005314524740976091,0.0005867947442103869
14040,1.9524293293216033e-07,1.9524293293216033e-07,0.0,8.766056283064142e-05,0.00014669622760266066,0.0003682,2.1870436619337882e-05,3.177070843693566e-05,3.841805172302264e-05,4.371458754108419e-05
14050,1.9984430821295973e-07,1.9984430821295973e-07,0.0,0.0003823198869711038,0.00018511612142901868,0.00036775,0.00012416905779129327,0.0001500564600424749,0.00014863526383013457,0.000165543711057991
14060,1.9705615272869181e-07,1.9705615272869181e-07,0.0,0.0003025131339644589,0.00014298305904958397,0.0003673,9.960149268204873e-05,0.00012045599535669996,0.00011774853448850287,0.00012863541305717377
14070,1.9363875480848947e-07,1.9363875480848947e-07,0.0,0.00014262748622499583,0.00010862552881008014,0.00036685,4.726149876536254e-05,5.7092946904566355e-05,5.529745428941842e-05,6.0189623142782975e-05
14080,1.9233097248161357e-07,1.9233097248161357e-07,0.0,6.821635188400173e-06,9.095108543988317e-05,0.00036639999999999996,1.7133551302114083e-06,2.3172484752683343e-06,2.734903230877918e-06,3.1925107551604417e-06
14090,1.9225872449624148e-07,1.9225872449624148e-07,0.0,9.80073370292789e-05,9.412103099748492e-05,0.00036595000000000003,3.162267082932624e-05,3.830718314364118e-05,3.8330400922010117e-05,4.246397477331345e-05
14100,1.917860004141403e-07,1.917860004141403e-07,0.0,9.420753342539275e-05,9.784715075511485e-05,0.00036550000000000005,3.09021414698039e-05,3.723309705660172e-05,3.6709155015301346e-05,4.0689209365623955e-05
14110,1.909863840410253e-07,1.909863840410253e-07,0.0,9.906733927273207e-06,9.362335549667478e-05,0.00036505,3.3123524007714674e-06,3.868357033705724e-06,3.8034765842585228e-06,4.313838915618112e-06
14120,1.906092848003027e-07,1.906092848003027e-07,0.0,4.17615045124404e-05,9.474477701587602e-05,0.0003646,1.3388210819071e-05,1.6283711360236805e-05,1.633621308460796e-05,1.80818890966445e-05
14130,1.9022145636427013e-07,1.9022145636427013e-07,0.0,5.614271192389369e-05,9.581346239428967e-05,0.00036415,1.783915930011931e-05,2.167590051591117e-05,2.205187975742294e-05,2.456350322619666e-05
14140,1.9011874030638864e-07,1.9011874030638864e-07,0.0,0.0001080237815418458,0.00010031707643065602,0.0003637,3.484430799854775e-05,4.222433669964942e-05,4.234870556062675e-05,4.6862344354449984e-05
14150,1.9505806392317027e-07,1.9505806392317027e-07,0.0,0.00038238332984508736,0.00015626235108356923,0.00036324999999999997,0.0001235861525484724,0.00014950355744520994,0.00014977720995149342,0.0001662808606173213
14160,3.613356227560871e-07,3.613356227560871e-07,0.0,0.0020769081227682597,0.0007061968208290637,0.00036280000000000004,0.0006717387299019362,0.0008121570632229061,0.0008135631135600391,0.0009035170820460274
14170,8.177269592124503e-06,8.177269592124503e-06,0.0,0.014134373808630533,0.004714353010058403,0.00036234999999999994,0.0045651541830129235,0.005520131224110062,0.005533703582540405,0.006147307118191228
14180,1.5600049891872914e-06,1.5600049891872914e-06,0.0,0.005865981667183037,0.002558700507506728,0.0003619,0.001878093957504373,0.002269197245658171,0.002300366534540034,0.002553910261671147
14190,3.306555299786851e-06,3.306555299786851e-06,0.0,0.008796634202422231,0.0024797546211630106,0.00036145000000000003,0.0028547867520367382,0.003449047383730918,0.003431372803798362,0.0038191614256067106
14200,2.1204999711699202e-07,2.1204999711699202e-07,0.0,0.0005040205609669379,0.00048285178490914404,0.000361,0.00014036455977751893,0.0002045585124258022,0.00023139401340080626,0.00022990997308225316
14210,5.780215133199818e-07,5.780215133199818e-07,0.0,0.0031053751854645557,0.0009142489871010184,0.00036055000000000006,0.000997346722827548,0.0012057610383209337,0.0012091014560835305,0.0013593857996646672
14220,2.0211224693866825e-07,2.0211224693866825e-07,0.0,0.0004115753851968187,0.0002246450021630153,0.00036009999999999997,0.0001435526609990487,0.00019089941287993425,0.00015306535446626951,0.00017419867117121195
14230,2.2560129764315207e-07,2.2560129764315207e-07,0.0,0.0009494399525214073,0.0003190083662047982,0.00035965000000000004,0.00030307578094649305,0.00036635070622676835,0.0003754371997775878,0.0004144735568640129
14240,2.02892664447063e-07,2.02892664447063e-07,0.0,0.0005768357528293431,0.00020715140271931887,0.00035919999999999995,0.00019129165205072142,0.0002327661582338186,0.0002191726817465839,0.00024845170749098145
14250,1.8941979362807615e-07,1.8941979362807615e-07,0.0,0.00012393404159333316,0.00011740145419025794,0.00035875,4.407985380946948e-05,6.028767476936602e-05,4.6667465571965324e-05,5.050737321197179e-05
14260,1.8826651171366393e-07,1.8826651171366393e-07,0.0,0.00010316249529977058,0.000103490223409608,0.0003583,3.0094286794548037e-05,3.915610226339248e-05,4.4495683238264305e-05,4.61305536066504e-05
14270,1.8769517851069395e-07,1.8769517851069395e-07,0.0,0.00010339117138298778,0.00010182981350226328,0.00035785,3.254780825319106e-05,3.9563358888811885e-05,4.1801279093006235e-05,4.544281532609043e-05
14280,1.869990882141792e-07,1.869990882141792e-07,0.0,6.963086896579373e-05,9.749195305630565e-05,0.00035740000000000007,2.226033743980928e-05,2.702369850135037e-05,2.7764822267573075e-05,3.0251442763648647e-05
14290,1.8641920007667068e-07,1.8641920007667068e-07,0.0,3.9931179574333465e-05,9.803930151974782e-05,0.00035695,1.2789013288736193e-05,1.540023655046759e-05,1.593436652912378e-05,1.7548117459091406e-05
14300,1.8592236017411778e-07,1.8592236017411778e-07,0.0,1.761020408423731e-05,9.748532465891913e-05,0.00035650000000000005,5.071990265807399e-06,6.449850940118493e-06,7.476679902763432e-06,7.900626720713141e-06
14310,1.8546903390870284e-07,1.8546903390870284e-07,0.0,9.46864032603307e-06,9.824764856602997e-05,0.00035605,2.795449375640694e-06,4.34504692027273e-06,3.8216567371726205e-06,4.0909465425160935e-06
14320,1.8506948151753022e-07,1.8506948151753022e-07,0.0,2.7204077538686256e-05,0.00010011306585511193,0.0003556,8.049015360177093e-06,1.2154527897730641e-05,1.1903580926575319e-05,1.1027061907172793e-05
14330,1.869174610646951e-07,1.869174610646951e-07,0.0,0.0001789023834387675,0.00014840166841167957,0.00035515,4.247113922169263e-05,7.26932282793208e-05,8.037996299398253e-05,8.159904169934994e-05
14340,3.9199446177917707e-07,3.9199446177917707e-07,0.0,0.0016813821198606508,0.001053151790983975,0.0003547,0.0004012433635420767,0.0006859500992853455,0.000755056094089983,0.0007648537506468028
14350,9.854207746684551e-06,9.854207746684551e-06,0.0,0.011447737848100416,0.006272399798035622,0.00035424999999999996,0.002777999919322502,0.004709452542961107,0.005129202706809494,0.005167736116147698
14360,3.944286106616346e-07,3.944286106616346e-07,0.0,0.0017221210904209863,0.0007821301696822047,0.00035380000000000003,0.00040615778831332747,0.0006834917816984001,0.0007535528383488118,0.000812298012206128
14370,9.385292401020706e-07,9.385292401020706e-07,0.0,0.0031305804259230564,0.0013505718670785427,0.00035335000000000005,0.0007598344756571992,0.0012953450572037687,0.0014214019005309318,0.0013997817723321179
14380,5.240579525889189e-07,5.240579525889189e-07,0.0,0.002218513191366347,0.001065618242137134,0.0003529,0.00048154792818870366,0.0008420022755296702,0.0009956242251889051,0.0010629351635735795
14390,2.509478349566052e-07,2.509478349566052e-07,0.0,0.00096704425268865,0.0005875328206457198,0.00035245000000000003,0.00020444834540359785,0.0003652964593047956,0.0004421839418564345,0.0004626535564503844
14400,1.8558542080882034e-07,1.8558542080882034e-07,0.0,0.00016678661109374905,0.00018195186567027122,0.000352,5.493223086367941e-05,7.214861270608735e-05,6.938701349281914e-05,6.567245198150797e-05
14410,1.9228666303661157e-07,1.9228666303661157e-07,0.0,0.0003928838815275065,0.00015883833111729473,0.00035155000000000006,8.812971027494591e-05,0.00013889249490797793,0.0001703923798449847,0.0001947067627212415
14420,1.9298803977108037e-07,1.9298803977108037e-07,0.0,0.0004642952614218605,0.00019492914725560695,0.00035109999999999997,0.00011723152921362558,0.0001599710493835656,0.00019554133814407684,0.00022717616600026268
14430,2.3280244931811467e-07,2.3280244931811467e-07,0.0,0.0011153351443099436,0.0003842462901957333,0.00035065000000000004,0.00036392592953815405,0.0004400421158443568,0.000433602779082546,0.000483348291033421
14440,1.4124436802376295e-06,1.4124436802376295e-06,0.0,0.005474813385338464,0.0018965115305036306,0.00035019999999999995,0.00181205830911905,0.0021920355086173194,0.00211916175638927,0.0023397184149540774
14450,1.2192163922009058e-05,1.2192163922009058e-05,0.0,0.017197888680425724,0.00509629026055336,0.00034975,0.005631611811121528,0.0068060333142305005,0.006682217841798715,0.007392579181663508
14460,3.227771912861499e-06,3.227771912861499e-06,0.0,0.008674439804308053,0.0023415875621140003,0.0003493000000000001,0.002827884123544325,0.003413171200495644,0.0033988909823029993,0.0037679912408996484
14470,3.101231698110496e-07,3.101231698110496e-07,0.0,0.0016702353873380034,0.0004924281965941191,0.00034885,0.000522686041156896,0.0006470137095795133,0.0006894925156958909,0.0007236265070944325
14480,3.646906350240897e-07,3.646906350240897e-07,0.0,0.0018965205604779053,0.0009142738417722285,0.00034840000000000007,0.0006453540637975157,0.000807955714748517,0.0007047983072791545,0.0008120342203027246
14490,3.4937227155751316e-07,3.4937227155751316e-07,0.0,0.0018815489670739704,0.0007147079450078309,0.00034795,0.0006376834169295567,0.0007886047258077587,0.0007034300076987175,0.0008049700114863398
14500,2.315433960120572e-07,2.315433960120572e-07,0.0,0.0010210406236598462,0.0003635105094872415,0.00034750000000000004,0.000341737179077998,0.0004245761309992631,0.0003797295673302381,0.00043950926011663394
14510,1.9081328161973943e-07,1.9081328161973943e-07,0.0,0.0004342217936648459,0.00017934778588823974,0.00034704999999999995,0.00014714227205450854,0.0001842296071475969,0.00016075471042180882,0.00018558141380440807
14520,1.8277378899256291e-07,1.8277378899256291e-07,0.0,0.00020342446862984075,0.00011139048729091883,0.0003466,6.860793342412577e-05,8.460602450518202e-05,7.628694843081784e-05,8.71003553100557e-05
14530,1.8135145296582778e-07,1.8135145296582778e-07,0.0,0.00015472052907566884,0.00010402232874184847,0.00034615,5.064217672921101e-05,6.104076211790195e-05,6.062629681966901e-05,6.758366751153412e-05
14540,1.8067852636249881e-07,1.8067852636249881e-07,0.0,0.000132964896201905,0.00010352998651796952,0.0003457,4.385262117594354e-05,5.3514903895753544e-05,5.056812185787996e-05,5.75572141168738e-05
14550,1.800072340074621e-07,1.800072340074621e-07,0.0,0.00010013833383803265,0.00010895793820964172,0.00034524999999999996,3.431034673565582e-05,4.329700535736392e-05,3.694768384218579e-05,4.2712270063639685e-05
14560,1.792521970855887e-07,1.792521970855887e-07,0.0,6.790091031460357e-05,0.00010271988867316395,0.0003448,2.0794586463021342e-05,2.619157375482334e-05,2.8513793433525254e-05,2.9608946634742035e-05
14570,1.798407396336188e-07,1.798407396336188e-07,0.0,0.00012942243206242674,0.0001312641688855365,0.00034435000000000005,3.87685690363281e-05,5.534840705394661e-05,5.768726623513625e-05,5.567709557963841e-05
14580,2.0670246669851622e-07,2.0670246669851622e-07,0.0,0.0005695489808467571,0.00044747712672688067,0.0003439,0.00017187971602647994,0.0002574587564205289,0.00025531753777437995,0.00024288039250970508
14590,1.3188551974963048e-06,1.3188551974963048e-06,0.0,0.0036717878738509427,0.0027123871259391308,0.00034345,0.0011053799119863715,0.0016367493627268417,0.0016449569566871357,0.0015696190054552519
14600,1.7034795973813743e-06,1.7034795973813743e-06,0.0,0.0060737830402312655,0.0025649655144661665,0.000343,0.0020149763938732967,0.002437296403259927,0.002342443114241409,0.0025979067767162626
14610,9.86784243650618e-07,9.86784243650618e-07,0.0,0.0036343407641798477,0.0018038023263216019,0.00034255,0.0010904675740039413,0.0014660762249950816,0.0015904395008553343,0.0015829219057974593
14620,4.044494801291876e-07,4.044494801291876e-07,0.0,0.002224929761679511,0.0009265617118217051,0.00034209999999999997,0.0007707231551230277,0.0009456158153204411,0.0008554453302252063,0.0008976602299885539
14630,3.403800690193748e-07,3.403800690193748e-07,0.0,0.0018817840163950078,0.000616357836406678,0.00034165000000000004,0.0005501544746661148,0.0006949995230015978,0.0007966008940376107,0.0008556088453912483
14640,1.908539104533702e-07,1.908539104533702e-07,0.0,0.0004824220261881306,0.00028829072834923863,0.00034119999999999995,0.0001314017886617248,0.00018192131450437194,0.0002152665543437443,0.0002227653726387828
14650,1.8235934362564876e-07,1.8235934362564876e-07,0.0,0.0002840916640059065,0.00015708955470472574,0.00034075,7.025467520923058e-05,0.0001094849471475374,0.00013159058102128233,0.00013365775766697457
14660,1.9167021036992082e-07,1.9167021036992082e-07,0.0,0.0006090617833480313,0.00022849589004181325,0.00034030000000000003,0.0001967267712111573,0.00023963356383179663,0.0002453192210400554,0.00026077689435030643
14670,4.594499216636905e-07,4.594499216636905e-07,0.0,0.0026458973787991794,0.000911601004190743,0.00033985,0.0008597781895772955,0.0010400577046999755,0.0010257638444707046,0.001156243537336373
14680,7.968636055011302e-06,7.968636055011302e-06,0.0,0.013901829056627877,0.004633794073015451,0.00033940000000000006,0.0045051863392446805,0.005443109674391011,0.00541891928987026,0.0060581410128261815
14690,1.4987019767431775e-06,1.4987019767431775e-06,0.0,0.005722987951773204,0.0023430995643138885,0.00033894999999999997,0.0018548856357361505,0.0022392501415601355,0.00222300194401485,0.0024930526898134546
14700,1.9673302631417755e-06,1.9673302631417755e-06,0.0,0.006665316666579946,0.002024887129664421,0.00033850000000000004,0.0021526049703807578,0.002597236710339904,0.002616112911508939,0.0029096234549626115
14710,5.812972858620924e-07,5.812972858620924e-07,0.0,0.0031531200244817375,0.0007920333300717175,0.00033804999999999995,0.0010237973622023125,0.0012350220937209582,0.0012390278425780453,0.0013706713349793391
14720,1.7743199975939206e-07,1.7743199975939206e-07,0.0,7.55967041682728e-05,0.0002063149877358228,0.0003376,1.83439255874359e-05,3.15616285320066e-05,3.4926004580088835e-05,3.4295837461083366e-05
14730,2.1620931534016563e-07,2.1620931534016563e-07,0.0,0.0009977857414175029,0.0003724271373357624,0.00033715,0.0003234489421493044,0.0003902452607270298,0.0003920081257456482,0.00043705086170748794
14740,2.0548930024233414e-07,2.0548930024233414e-07,0.0,0.0008631992749061892,0.0002958143886644393,0.0003367,0.0002819659571029259,0.00034017192194151413,0.0003367074138604064,0.0003750816817290652
14750,1.8710203164573613e-07,1.8710203164573613e-07,0.0,0.0005563247966435355,0.0001885568053694442,0.00033625000000000007,0.0001808230264976549,0.00021816795752531567,0.0002180573753497854,0.0002416065876016711
14760,1.7877275126920722e-07,1.7877275126920722e-07,0.0,0.000341204163830441,0.00014421452942769974,0.0003358,0.00011040684532406228,0.00013311386697697822,0.00013404378956166768,0.00014812299293336548
14770,1.7538849306220072e-07,1.7538849306220072e-07,0.0,0.0002094384323747412,0.00011694503336912021,0.00033535000000000005,6.775707922395237e-05,8.18343256026709e-05,8.234795856103547e-05,9.09289026849348e-05
14780,1.7366440374644299e-07,1.7366440374644299e-07,0.0,0.00011026870736191898,0.0001092170859919861,0.0003349,3.621781409619936e-05,4.35814819586414e-05,4.3174887349467176e-05,4.77609483911974e-05
14790,1.727445777532921e-07,1.727445777532921e-07,0.0,2.0207668367968492e-05,0.00010291003854945302,0.00033445,6.619955636886632e-06,8.113468037373332e-06,7.880578894503743e-06,8.587537951665221e-06
14800,1.7234712856861734e-07,1.7234712856861734e-07,0.0,3.9212871074700756e-05,0.00010386038775322959,0.000334,1.2297232366348052e-05,1.4943823149483364e-05,1.5516866675217082e-05,1.728072989857003e-05
14810,1.7187120704420522e-07,1.7187120704420522e-07,0.0,2.6000654364251402e-05,0.00010484916856512427,0.00033355,8.588674355210016e-06,1.0239132010183639e-05,1.0215472825299231e-05,1.1392696044021176e-05
14820,1.714331290258997e-07,1.714331290258997e-07,0.0,2.877006340068911e-05,0.00010528030543355271,0.00033309999999999997,9.351009599245866e-06,1.1178143091484681e-05,1.128905754196697e-05,1.2767511195830019e-05
14830,1.7097465843107784e-07,1.7097465843107784e-07,0.0,2.1516078757245187e-05,0.00010534224566072226,0.00033265,6.976183256172298e-06,8.319525358169297e-06,8.486960658505052e-06,9.612458169402571e-06
14840,1.7057027434930205e-07,1.7057027434930205e-07,0.0,3.860202196719574e-05,0.00010635070066200569,0.00033220000000000005,1.256519212163563e-05,1.5049834851770344e-05,1.5201712930807174e-05,1.7015826912186574e-05
14850,1.707728074507031e-07,1.707728074507031e-07,0.0,0.00013276793597108706,0.00011596344120334834,0.00033175,4.262052646708093e-05,5.135108355663554e-05,5.238613369839143e-05,5.8585034752480965e-05
14860,1.9060017564243026e-07,1.9060017564243026e-07,0.0,0.0007245188871365872,0.00027350179152563214,0.00033130000000000003,0.00023097256686707186,0.0002788785212851713,0.00028611465020125126,0.0003205766763663273
14870,1.3464377843774855e-06,1.3464377843774855e-06,0.0,0.005429988451765625,0.0018937212880700827,0.00033085,0.0017251814841013672,0.0020842953090961843,0.002147637929316021,0.0024087802730577757
14880,1.4287961676018313e-05,1.4287961676018313e-05,0.0,0.018741384338346528,0.005221431143581867,0.0003304,0.0060235830381537145,0.007271301067017646,0.007386078719510498,0.008273708586741937
14890,3.1119506616050785e-07,3.1119506616050785e-07,0.0,0.0011560394994813159,0.0011640929151326418,0.00032994999999999997,0.0003761827960347607,0.00057123536735958,0.0004904301176867956,0.0004566022050909371
14900,1.5974999314494198e-06,1.5974999314494198e-06,0.0,0.005927607152025193,0.0016101343790069222,0.00032950000000000004,0.0017779590091685062,0.002175139619859919,0.0024020301612480825,0.002710000613229297
14910,4.281768894998095e-07,4.281768894998095e-07,0.0,0.0021598767737844725,0.0011075990041717887,0.00032904999999999995,0.0006202642740334703,0.000819567047459755,0.0009430030486887381,0.0009777288089320732
14920,2.1980446263114573e-07,2.1980446263114573e-07,0.0,0.0010140965893505678,0.00026771341799758375,0.0003286,0.0003032408079800217,0.0003807631109746684,0.00043006725176754346,0.00045936255262480876
14930,2.3720403419247305e-07,2.3720403419247305e-07,0.0,0.0011786060920776257,0.00047909229760989547,0.00032815000000000003,0.0003334748785000893,0.00042854529245658094,0.0005049802031328416,0.0005438133371733653
14940,1.7162751930754894e-07,1.7162751930754894e-07,0.0,0.0001287538370477109,0.00013505900278687477,0.0003277,3.642375875910363e-05,5.691913166367951e-05,5.941021395637996e-05,5.687875118397344e-05
14950,1.7857925627140503e-07,1.7857925627140503e-07,0.0,0.00046965069284586494,0.00017797703912947327,0.00032725000000000007,0.00013827596742213035,0.00017039430326425614,0.0001927075317354173,0.00021544240465132803
14960,1.6981286421469122e-07,1.6981286421469122e-07,0.0,0.00014209469086923213,0.00010830045357579365,0.0003268,4.216045447844808e-05,5.1731159728405195e-05,5.697513300224718e-05,6.565299767748006e-05
14970,1.6909068278891937e-07,1.6909068278891937e-07,0.0,9.900228411974584e-05,0.00011714408174157143,0.00032635000000000005,2.722722704869141e-05,3.6717950360427914e-05,4.374946921688059e-05,4.6075016911307426e-05
14980,1.685748003410481e-07,1.685748003410481e-07,0.0,9.665891046993064e-05,0.0001106237104977481,0.00032589999999999995,2.7657640024874024e-05,3.588871589976317e-05,4.176464007691302e-05,4.402776226292225e-05
14990,1.6773999789165828e-07,1.6773999789165828e-07,0.0,3.904584118793923e-05,0.00010736403055489063,0.00032545,1.0699344065448025e-05,1.4237820230702194e-05,1.7042706809999364e-05,1.8252394269208567e-05
15000,1.6722852080874873e-07,1.6722852080874873e-07,0.0,1.3821018510740296e-05,0.00010722850129241124,0.000325,4.195800350587361e-06,6.035188163066488e-06,5.887345766152253e-06,5.49059515792127e-06
15010,1.6706287908618833e-07,1.6706287908618833e-07,0.0,6.279563456906412e-05,0.00011376963811926544,0.00032455,1.6527412363785557e-05,2.671716805741683e-05,2.786456083678042e-05,2.730659845654708e-05
15020,1.8133350465632248e-07,1.8133350465632248e-07,0.0,0.00044865859890471727,0.00029953240300528705,0.00032410000000000007,0.0001166771692893731,0.00018993790469263802,0.00019995742446890705,0.00019605681066715914
15030,1.4969186850066762e-06,1.4969186850066762e-06,0.0,0.004225007090224348,0.0026373325381428003,0.00032365,0.001106609041417569,0.0017930997076112303,0.0018813230434314974,0.0018399018641407708
15040,4.5951506422170496e-07,4.5951506422170496e-07,0.0,0.002673437600639418,0.001708854571916163,0.00032320000000000005,0.000866615656722671,0.0010476824775715206,0.0010608368166732066,0.001156351689009497
15050,1.3811685448672506e-06,1.3811685448672506e-06,0.0,0.004255734304590263,0.001964220544323325,0.00032275,0.0009466282306621694,0.0016090577927355457,0.001876126994197639,0.002065349130357299
15060,5.068529844720615e-07,5.068529844720615e-07,0.0,0.0021023811444122035,0.0013088814448565245,0.00032230000000000003,0.00045599543147829195,0.0008181512015145673,0.0009771552233577235,0.000992534339869348
15070,1.88121305200184e-07,1.88121305200184e-07,0.0,0.00046272809139680254,0.0004119380610063672,0.00032185,0.00014350021552490393,0.00022158699091179914,0.00020364464002630165,0.00019553814952759203
15080,2.0192454996958986e-07,2.0192454996958986e-07,0.0,0.0007006985119145168,0.00029655545949935913,0.0003214,0.00016840055890224445,0.00028327379427300805,0.0003113460929287048,0.00032331764754673286
15090,1.8338147356189438e-07,1.8338147356189438e-07,0.0,0.000530018159726647,0.000286419119220227,0.00032094999999999997,0.00011347214974451507,0.00019275003074015272,0.0002350079323285952,0.00026116580265368364
15100,1.6506102440416726e-07,1.6506102440416726e-07,0.0,4.42608039539582e-05,0.00011737490422092378,0.00032050000000000004,1.5402622587552685e-05,2.063912696747069e-05,1.6529132784784813e-05,1.8770603336730617e-05
15110,1.6727894092127826e-07,1.6727894092127826e-07,0.0,0.00021789238916678378,0.00013910258712712675,0.00032004999999999995,4.851817398238192e-05,7.793309013884376e-05,9.464839423586019e-05,0.00010838417956301043
15120,1.6449725137590576e-07,1.6449725137590576e-07,0.0,9.975572010868711e-05,0.00011729014659067616,0.0003196,3.1742747231999064e-05,4.0146969432158346e-05,3.783906145497576e-05,4.5405647583247446e-05
15130,1.6580803219312656e-07,1.6580803219312656e-07,0.0,0.0001836015445731167,0.00014918237866368145,0.00031915000000000003,6.604795770709455e-05,8.670277743005283e-05,7.02848995307434e-05,7.002607242115457e-05
15140,1.899027495255723e-07,1.899027495255723e-07,0.0,0.0007214830039051491,0.00036563960020430386,0.0003187,0.0002492980638468518,0.00031244927623784533,0.00026766928270040974,0.00030340401224963583
15150,9.516412546872743e-07,9.516412546872743e-07,0.0,0.0038882733563816723,0.00192871387116611,0.00031825000000000006,0.0013446005499689352,0.0016905671523494907,0.001441425176743121,0.0016344761997976682
15160,7.012008154561045e-06,7.012008154561045e-06,0.0,0.012642334683034929,0.004576395731419325,0.00031779999999999997,0.0042377198328557835,0.005145576972065874,0.004832162078581102,0.005429171476407759
15170,1.8208055507784593e-06,1.8208055507784593e-06,0.0,0.006263957839236648,0.002282612957060337,0.00031735000000000004,0.0019521972988098533,0.002384645703779521,0.002557403709653424,0.0027635617387443074
15180,9.113790042647452e-07,9.113790042647452e-07,0.0,0.0038718400836427825,0.0014869802398607135,0.00031689999999999995,0.0011871815120407278,0.0015072273466443912,0.0016419178364553311,0.001693527429175394
15190,4.1152597418658843e-07,4.1152597418658843e-07,0.0,0.002325061815646333,0.0009151900303550065,0.00031645,0.0007966944381792644,0.0009748197209446706,0.0008763576525513379,0.000976925124608889
15200,2.486203243279306e-07,2.486203243279306e-07,0.0,0.001432971800583816,0.00045856175711378455,0.00031599999999999993,0.0004615499205925675,0.0005618270961289277,0.0005516257591814507,0.0006392042790588984
15210,1.9620281932475336e-07,1.9620281932475336e-07,0.0,0.0008471104633863218,0.00034081170451827347,0.00031555,0.0002478297625201017,0.0003147283960082672,0.0003609313973713639,0.00038472840110097235
15220,1.6597709873167332e-07,1.6597709873167332e-07,0.0,0.0003071456139690215,0.00016261513519566506,0.00031510000000000007,0.00010180345951574392,0.00012608900168213083,0.00012463731003373925,0.00012639028947719847
15230,1.6271746972051915e-07,1.6271746972051915e-07,0.0,0.00015438916393453164,0.00013295550888869911,0.00031465,3.775585962886192e-05,5.7905283525461323e-05,7.11600330800531e-05,7.355664171205108e-05
15240,1.6279076930914016e-07,1.6279076930914016e-07,0.0,0.00022753490067832445,0.00012438152043614537,0.00031420000000000005,7.105153361017629e-05,8.663696584289324e-05,9.264300583143038e-05,0.0001004067840519548
15250,1.6026800153667864e-07,1.6026800153667864e-07,0.0,3.301850643246227e-05,0.0001098175926017575,0.00031374999999999996,7.348540918355038e-06,1.2641760963994442e-05,1.543960035676553e-05,1.5654712384234132e-05
15260,1.6021128601551027e-07,1.6021128601551027e-07,0.0,0.00010409950676771128,0.0001149449308286421,0.0003133,3.045622104888011e-05,3.783662756897933e-05,4.34294950135419e-05,4.818937386007005e-05
15270,1.6027416904762504e-07,1.6027416904762504e-07,0.0,0.00015244788280658245,0.0001217101453221403,0.00031285,5.0650188912812976e-05,6.099504162718259e-05,5.959290522956792e-05,6.531391602976662e-05
15280,1.6440309025256283e-07,1.6440309025256283e-07,0.0,0.0003699860586407176,0.00016743749438319355,0.0003124,0.0001188390166941437,0.0001432481417664531,0.00014667002153228388,0.00016260210457311997
15290,2.463652322148846e-07,2.463652322148846e-07,0.0,0.0014731480491367037,0.0005164901376701891,0.00031194999999999997,0.00047438605474003795,0.0005721125926131358,0.0005838557515699016,0.0006452662190608231
15300,2.7486296403367305e-06,2.7486296403367305e-06,0.0,0.007998969693431812,0.0027386974543333054,0.0003115,0.002574765765865158,0.003105322174174039,0.003171065622964692,0.00350809379231157
15310,2.2788738078816095e-06,2.2788738078816095e-06,0.0,0.007233649849750206,0.0017336528981104493,0.00031105000000000005,0.002337775953594465,0.0028207967807715984,0.0028282237303657925,0.003191153869467968
15320,2.2980159997132432e-07,2.2980159997132432e-07,0.0,0.0009181983746495459,0.0007539096404798329,0.0003106,0.00028009854398252694,0.00040867995865424025,0.00040512613654054364,0.00038602368266618436
15330,6.483930974354735e-07,6.483930974354735e-07,0.0,0.0034500956159482965,0.0011684170458465815,0.00031015000000000003,0.0011250933087087653,0.0013562411900228098,0.0013586019090610045,0.0014959153054228686
15340,4.0441094029119995e-07,4.0441094029119995e-07,0.0,0.00235910102963968,0.0008020448731258512,0.0003097,0.0007853350930186456,0.0009584444672297574,0.000896198916200482,0.0010268778708674429
15350,1.9802426720616495e-07,1.9802426720616495e-07,0.0,0.0008649559525205166,0.0003334829234518111,0.00030925,0.00028299699078668277,0.0003611095740577673,0.0003236284891974565,0.0003855680132254933
15360,1.604616528538827e-07,1.604616528538827e-07,0.0,0.00018268371478423847,0.00014669749361928552,0.00030879999999999997,4.537956042865482e-05,7.388160418282318e-05,7.798331336655576e-05,8.673649905881031e-05
15370,1.5945099107739225e-07,1.5945099107739225e-07,0.0,0.00016856648033625283,0.00015387019084300846,0.00030835000000000004,5.8134912926171016e-05,7.886897036044322e-05,6.887372478146202e-05,6.353601067372315e-05
15380,1.5837285616271402e-07,1.5837285616271402e-07,0.0,0.0001371388518377609,0.00013486825628206134,0.00030789999999999995,4.7396375243707666e-05,6.481674887477472e-05,5.5032467724913593e-05,5.153048629869849e-05
15390,1.5709096601312922e-07,1.5709096601312922e-07,0.0,7.887884514802906e-05,0.0001205428343382664,0.00030745,2.470271766448885e-05,3.676996417624486e-05,3.408570187914473e-05,3.106126230623709e-05
15400,1.5634378769391333e-07,1.5634378769391333e-07,0.0,5.6789616707860616e-05,0.00011339936463627964,0.00030700000000000004,1.1724904259822245e-05,2.0372845295688938e-05,2.6190223644476238e-05,2.7952579658328647e-05
15410,1.5586378765419795e-07,1.5586378765419795e-07,0.0,6.397283896422974e-05,0.00011231943062739447,0.00030655,1.742217232014004e-05,2.221178403851391e-05,2.6866826691080873e-05,3.053401372543634e-05
15420,1.5533711916759785e-07,1.5533711916759785e-07,0.0,4.401678165961883e-05,0.00011321359488647431,0.00030610000000000007,1.462024337987701e-05,1.7814945835199295e-05,1.7750810865868663e-05,1.845881305296654e-05
15430,1.5483439597119286e-07,1.5483439597119286e-07,0.0,1.8247450262480166e-05,0.00011243976769037545,0.00030565,4.433696274040519e-06,7.216975772392217e-06,7.906552829631206e-06,8.786818781012615e-06
15440,1.54393589468782e-07,1.54393589468782e-07,0.0,1.8955386978578282e-05,0.00011231200187467039,0.00030520000000000005,6.12730308002214e-06,8.305424648599995e-06,7.854093685614972e-06,7.364275185458543e-06
15450,1.5394398644730245e-07,1.5394398644730245e-07,0.0,1.5611292483211302e-05,0.00011242672917433083,0.00030474999999999995,5.243781631585823e-06,6.646848888800252e-06,6.011765057295698e-06,6.243398161274836e-06
15460,1.5351096749327553e-07,1.5351096749327553e-07,0.0,2.1084754760404675e-05,0.00011260181054240093,0.0003043,6.6461180924717006e-06,8.11063843796593e-06,8.308824714052166e-06,9.181588031993482e-06
15470,1.5318707369260665e-07,1.5318707369260665e-07,0.0,5.869419406912607e-05,0.00011380617070244625,0.00030385,1.829840221490559e-05,2.2210710616607332e-05,2.3237434019694792e-05,2.630095474806292e-05
15480,1.556884541287218e-07,1.556884541287218e-07,0.0,0.0002773297324484976,0.00014664253103546798,0.0003034,8.458673519511362e-05,0.00010324951687436895,0.00010996245241833813,0.00012743440992441697
15490,3.0883140311743773e-07,3.0883140311743773e-07,0.0,0.001959719012290476,0.000733262742869556,0.00030295000000000007,0.00057747886188459,0.0007151308348000334,0.0007831769078864659,0.0009202704524985397
15500,9.726916687213816e-06,9.726916687213816e-06,0.0,0.015216431238426087,0.0055794320069253445,0.0003025,0.004382432651373705,0.005486370561496891,0.00611331242857697,0.0072157209616099454
15510,4.47952743343194e-06,4.47952743343194e-06,0.0,0.008763383062203048,0.00340937077999115,0.00030205000000000005,0.002008774539922136,0.0030998372045459477,0.003752330460471877,0.004370241872644392
15520,1.7309920394836809e-06,1.7309920394836809e-06,0.0,0.004933115835780267,0.002464953577145934,0.00030159999999999996,0.001050511598391563,0.0017967279802628916,0.0021898881338677204,0.0024274691806678893
15530,6.87531326093449e-07,6.87531326093449e-07,0.0,0.003297753463595354,0.0013508244883269072,0.00030115000000000003,0.0008077612663520969,0.001133981122290513,0.0013881783722223466,0.0016366047428730155
15540,3.420768450723699e-07,3.420768450723699e-07,0.0,0.0015957211496360833,0.0009131327969953418,0.0003007,0.0003784189008224933,0.0006415076211633788,0.0007145890864380699,0.0007357797446901576
15550,2.1297452690305363e-07,2.1297452690305363e-07,0.0,0.0011302183391240798,0.000483818439533934,0.00030025,0.0002864985032241257,0.00038732184215522683,0.00047360970087838994,0.0005573726167416877
15560,1.687644584080772e-07,1.687644584080772e-07,0.0,0.0004558717609189044,0.0003152522840537131,0.00029979999999999997,0.00011723397253716967,0.0001905462423872934,0.00020291541453262263,0.00020184272284020098
15570,1.5571555422866368e-07,1.5571555422866368e-07,0.0,0.00027197512871146644,0.0001654636871535331,0.00029935,7.902470594285739e-05,9.768503926729631e-05,0.00011054153026063764,0.0001276296208369857
15580,1.5281578669146256e-07,1.5281578669146256e-07,0.0,0.0001155642715485042,0.00012017621338600293,0.00029890000000000006,3.749708081105632e-05,4.5661257478547064e-05,4.6364167465185015e-05,4.945514463877341e-05
15590,1.5232321004532423e-07,1.5232321004532423e-07,0.0,8.508116190841923e-05,0.00011477601219667122,0.00029845,1.915580350370277e-05,3.2958234250266196e-05,3.80161331938462e-05,4.052336334948072e-05
15600,1.5182335744157172e-07,1.5182335744157172e-07,0.0,7.954474417163963e-05,0.00011738206376321614,0.00029800000000000003,1.784633046153212e-05,3.073295950125186e-05,3.553140095059837e-05,3.790750266381207e-05
15610,1.510637304136253e-07,1.510637304136253e-07,0.0,5.269345131212069e-05,0.00011371340224286541,0.00029755,1.3753658771567225e-05,1.8049500130714687e-05,2.1888872549341578e-05,2.5708073691102725e-05
15620,1.505228368614553e-07,1.505228368614553e-07,0.0,1.6749963606076637e-05,0.000113080364826601,0.0002971,5.400608478256208e-06,7.073053256635405e-06,6.9184337874655416e-06,6.6736319482433655e-06
15630,1.5009298692802986e-07,1.5009298692802986e-07,0.0,1.6864186333869307e-05,0.0001138064035330899,0.00029665,3.810702947433144e-06,6.172016288928843e-06,7.407021033913728e-06,8.413647106282822e-06
15640,1.4964420813612378e-07,1.4964420813612378e-07,0.0,9.683203892331496e-06,0.00011375248868716881,0.00029620000000000004,2.9746061054381154e-06,3.5906822705845515e-06,3.940375515734962e-06,4.570346140943228e-06
15650,1.4923848823400476e-07,1.4923848823400476e-07,0.0,2.520050168313572e-05,0.00011440712842158973,0.00029574999999999995,8.659186685438414e-06,1.085974134243223e-05,1.0269635204853575e-05,1.0010818542259729e-05
15660,1.4951982052480162e-07,1.4951982052480162e-07,0.0,0.0001259129088691061,0.00012635518214665353,0.0002953,4.196236311647474e-05,5.19826362181149e-05,5.115779367960159e-05,5.187794702926189e-05
15670,1.8318701222597156e-07,1.8318701222597156e-07,0.0,0.000862720560525084,0.00037866851198486984,0.00029484999999999993,0.0002850024745271152,0.0003532189555189916,0.0003512533223085138,0.0003578610653340612
15680,2.76285709333024e-06,2.76285709333024e-06,0.0,0.007473466209679398,0.0031650576274842024,0.0002944,0.002466453740731305,0.0030577469707280414,0.0030457555335024413,0.00310383324161809
15690,2.2739197902410524e-06,2.2739197902410524e-06,0.0,0.004998234864492399,0.0037541657220572233,0.00029395000000000007,0.0017207721834178694,0.0024221530982843813,0.0019169417178475923,0.0020951463991990904
15700,8.074846391536994e-07,8.074846391536994e-07,0.0,0.0036483532829008855,0.0014516866067424417,0.0002935,0.0009564968600097217,0.0012743135604815477,0.0015922615901519273,0.0017486593174048102
15710,5.533723879125318e-07,5.533723879125318e-07,0.0,0.002185713536124785,0.001288586645387113,0.00029305000000000005,0.0007409967356979598,0.0010570739351081632,0.0009043365362138799,0.0008331730923303007
15720,1.919641761105595e-07,1.919641761105595e-07,0.0,0.0009311888980297141,0.0005238696467131376,0.00029259999999999996,0.00022745895454166524,0.00031460094912432173,0.000400254008216596,0.0004624616954092481
15730,1.6015357573451183e-07,1.6015357573451183e-07,0.0,0.00043227822151232224,0.00038762396434322,0.00029215,0.00014050476120029709,0.0001839787229238254,0.00016121694591921234,0.00019278407111236992
15740,1.6405711278366653e-07,1.6405711278366653e-07,0.0,0.0005896846036501719,0.0002569266071077436,0.0002917,0.00017450858728214913,0.0002173063389342538,0.00024776534565118725,0.00026871213698798877
15750,1.5600814151639497e-07,1.5600814151639497e-07,0.0,0.0002910324647555969,0.00024119357112795115,0.00029125,9.837532196406498e-05,0.00014404980195026692,0.00012228244789330231,0.00011337913526273181
15760,1.4931791270100803e-07,1.4931791270100803e-07,0.0,0.00018331674192918258,0.00014298100722953677,0.00029079999999999997,5.1611096252328974e-05,6.777602458666568e-05,8.019725769223325e-05,8.463469967724056e-05
15770,1.4750884247405338e-07,1.4750884247405338e-07,0.0,7.953685795474806e-05,0.00011964039731537923,0.00029035,2.2910741285623467e-05,3.223151478203797e-05,3.129772797225593e-05,3.7802021281519964e-05
15780,1.4690859018173796e-07,1.4690859018173796e-07,0.0,5.4111512233448025e-05,0.00011429352161940187,0.00028990000000000005,1.5518658885032434e-05,2.3633194676216647e-05,2.375683020931268e-05,2.230245774552117e-05
15790,1.463064336348907e-07,1.463064336348907e-07,0.0,2.8949320014645253e-05,0.00011269995593465865,0.00028945,1.0081234384721667e-05,1.2096274018433453e-05,1.1183090038997398e-05,1.2085779904547926e-05
15800,1.4589802788123052e-07,1.4589802788123052e-07,0.0,3.2480343278309926e-05,0.00011279372847639024,0.00028900000000000003,8.726705821246269e-06,1.1934415608096133e-05,1.3023561071194952e-05,1.579273279050494e-05
15810,1.4543614668127702e-07,1.4543614668127702e-07,0.0,1.7812368678315207e-05,0.00011327702668495476,0.00028855,5.663170946900162e-06,7.309085071157898e-06,7.615382494273191e-06,7.633935651069738e-06
15820,1.4500025713459763e-07,1.4500025713459763e-07,0.0,8.484091157015716e-06,0.00011314319272059947,0.0002881,2.4003640173905357e-06,3.7093237139776354e-06,3.829303073834809e-06,3.7653858887969475e-06
15830,1.4457103247877967e-07,1.4457103247877967e-07,0.0,9.412018672440426e-06,0.00011308305693091825,0.00028764999999999997,2.6232972308758323e-06,3.38064142278547e-06,3.676527478818677e-06,4.400906661412388e-06
15840,1.4413976145988272e-07,1.4413976145988272e-07,0.0,3.807322932313549e-06,0.00011321520287310705,0.00028720000000000004,1.1655269467410967e-06,1.427345962288705e-06,1.5092121114728058e-06,1.5349370027632375e-06
15850,1.437126400105626e-07,1.437126400105626e-07,0.0,2.6055591422057273e-06,0.00011339419143041596,0.00028674999999999995,9.347271749920538e-07,1.0432574508093034e-06,1.0038626518273246e-06,1.0357577365418975e-06
15860,1.432829890291032e-07,1.432829890291032e-07,0.0,3.201378034981391e-06,0.00011363007797626778,0.0002863,1.3681409948632633e-06,1.4483753397647884e-06,1.1126453930968084e-06,1.2214951965756618e-06
15870,1.4285942029346188e-07,1.4285942029346188e-07,0.0,1.1698468347763758e-05,0.00011405425175325945,0.00028585000000000004,4.161395843946631e-06,4.870511125959089e-06,4.4862565342026135e-06,4.957160178490658e-06
15880,1.4258178282489098e-07,1.4258178282489098e-07,0.0,6.031658626609033e-05,0.00011736115993699059,0.0002854,2.0617788694037955e-05,2.489636228264348e-05,2.312637414171553e-05,2.560688570154808e-05
15890,1.50219321426448e-07,1.50219321426448e-07,0.0,0.0004351500059774352,0.00021013314835727215,0.00028495000000000007,0.0001469293423614703,0.00017833426831546635,0.00016690143495797015,0.00018537390458844084
15900,8.837735663291824e-07,8.837735663291824e-07,0.0,0.004135472844023285,0.0016562707023695111,0.0002845,0.001394230754575408,0.0016932314933900993,0.0015870558321193229,0.0017631230440474854
15910,1.1282750165264588e-05,1.1282750165264588e-05,0.0,0.0163652448375965,0.0053748455829918385,0.00028405000000000005,0.005407562284653402,0.006525996622243347,0.006370422225054072,0.0071230797194860385
15920,9.402145337844559e-07,9.402145337844559e-07,0.0,0.003426648382651853,0.0021669273264706135,0.00028359999999999995,0.0012060359931847834,0.001603299479938473,0.0013575196722066592,0.001293204526795881
15930,7.452615022884856e-07,7.452615022884856e-07,0.0,0.003629668959771495,0.001317461603321135,0.00028315,0.0010224087000952208,0.0012964777923742303,0.0015435995106565863,0.0016959493661508947
15940,4.342176112004381e-07,4.342176112004381e-07,0.0,0.0023385075312098587,0.0008506097365170717,0.00028269999999999993,0.0007781918872545725,0.0009910238710034017,0.000963229176851358,0.0009373773234027358
15950,2.9481080332516285e-07,2.9481080332516285e-07,0.0,0.0014232700316552612,0.0007698629051446915,0.00028225,0.00037797880261729023,0.00060235450171194,0.0006334903681408381,0.0006181931241836028
15960,1.5648197404516395e-07,1.5648197404516395e-07,0.0,0.00042649065545945913,0.0003583895741030574,0.0002818000000000001,0.00010870215599585668,0.00017834185830431395,0.00019000098485404444,0.00019346633858244696
15970,1.5154307675402379e-07,1.5154307675402379e-07,0.0,0.00035149387775027527,0.00019688329484779388,0.00028135,7.674430751994229e-05,0.00013698221144656136,0.00016329860499702305,0.00016611448248167883
15980,1.469470447545973e-07,1.469470447545973e-07,0.0,0.0002946894326264757,0.0001782542240107432,0.00028090000000000005,0.0001003419941942445,0.00013313709797077388,0.00012122885090501328,0.00011291291745198677
15990,1.4183918040089338e-07,1.4183918040089338e-07,0.0,0.00013073425392013435,0.00012366269947960973,0.00028044999999999996,3.693333589534264e-05,4.6111570481839014e-05,5.435278974363522e-05,6.180959632306672e-05
16000,1.4156387351249577e-07,1.4156387351249577e-07,0.0,0.00013885849442397434,0.0001192262934637256,0.00028000000000000003,4.727877093974614e-05,5.763965234631187e-05,5.353359904766284e-05,5.779263368275215e-05
16010,1.4034812068075553e-07,1.4034812068075553e-07,0.0,2.8759333271134638e-05,0.00011593115050345659,0.00027955,8.161561413334289e-06,1.3058710106198424e-05,1.2812247681046813e-05,1.1908929809686e-05
16020,1.3993951597512932e-07,1.3993951597512932e-07,0.0,3.891596895470739e-05,0.00011655831622192636,0.0002791,1.3297668844185069e-05,1.7165150562013783e-05,1.5910761528916903e-05,1.5049914615134933e-05
16030,1.3943449062026048e-07,1.3943449062026048e-07,0.0,7.845361591261597e-06,0.00011540343257365748,0.00027864999999999997,2.1101521259295556e-06,2.8031868875285567e-06,3.4868662468409286e-06,3.6130445325846545e-06
16040,1.39019263656337e-07,1.39019263656337e-07,0.0,1.2650534137132562e-05,0.00011556961544556543,0.0002782,3.5380685976078613e-06,5.416394025234887e-06,5.564016943452134e-06,5.354229289249195e-06
16050,1.385898258376983e-07,1.385898258376983e-07,0.0,7.476781670916699e-06,0.00011552249634405598,0.00027775000000000006,2.5195788946194626e-06,3.3692555520911096e-06,3.158161539895125e-06,2.905462993880109e-06
16060,1.3816342914196866e-07,1.3816342914196866e-07,0.0,2.665924486327776e-06,0.00011547125177457929,0.0002773,8.599288016275725e-07,1.1356274486529068e-06,9.697224967913017e-07,1.002460387006093e-06
16070,1.3773920670701045e-07,1.3773920670701045e-07,0.0,3.2090433056304343e-06,0.0001155797581304796,0.00027685000000000003,1.0014454958115582e-06,1.2574656909800619e-06,1.2984148581590902e-06,1.4780227900563088e-06
16080,1.3731602166444645e-07,1.3731602166444645e-07,0.0,2.611019300935126e-06,0.00011570903734536842,0.0002764,1.083923750493513e-06,1.15373459759062e-06,9.479115989189467e-07,9.163028017211975e-07
16090,1.368910034216242e-07,1.368910034216242e-07,0.0,2.4568269990759515e-06,0.00011583942250581458,0.00027595,8.156870619025794e-07,9.801271916617276e-07,9.278970696132723e-07,9.846228712119818e-07
16100,1.3646551622059633e-07,1.3646551622059633e-07,0.0,2.2801288595790565e-06,0.00011603333405219018,0.0002755,9.807746492332911e-07,9.749848742874152e-07,7.502385392556451e-07,8.58937395334508e-07
16110,1.3603938953110628e-07,1.3603938953110628e-07,0.0,2.1603497442115705e-06,0.00011621264275163412,0.00027505000000000004,9.123935119110606e-07,9.108991824115019e-07,7.043080019400293e-07,8.068788198469201e-07
16120,1.3561255229888047e-07,1.3561255229888047e-07,0.0,3.1335306285098256e-06,0.00011641286982921883,0.00027459999999999995,1.0279831781389474e-06,1.2226024669941395e-06,1.2432697677567155e-06,1.4492828394719618e-06
16130,1.351891114609316e-07,1.351891114609316e-07,0.0,8.852924385839811e-06,0.0001167249065474607,0.00027415,2.2768070429471394e-06,3.1321242200480927e-06,3.8067727927770055e-06,4.429203322613417e-06
16140,1.3484981309375144e-07,1.3484981309375144e-07,0.0,4.398381306851334e-05,0.00011888838344020769,0.00027370000000000004,1.0706284052388421e-05,1.4925180202839975e-05,1.8948828164740584e-05,2.2036627209031427e-05
16150,1.391105115544633e-07,1.391105115544633e-07,0.0,0.0003160127207950662,0.0001864064106484875,0.00027325,7.613978373175428e-05,0.00010632061110077433,0.00013602336924170753,0.0001581587712901593
16160,5.676777163898805e-07,5.676777163898805e-07,0.0,0.003007368176776531,0.0013751534279435873,0.00027280000000000007,0.0007224158878368003,0.0010103668552823807,0.0012952780902601077,0.001505482521476128
16170,7.218355221993988e-06,7.218355221993988e-06,0.0,0.01312161898991709,0.004020633641630411,0.00027235,0.003720710082584231,0.004645522331063644,0.005388473574021792,0.006277973050704521
16180,2.4910141291911714e-06,2.4910141291911714e-06,0.0,0.0058307980530849296,0.0030832348857074976,0.00027190000000000005,0.001881504020166926,0.002635143992760925,0.0024690497284944814,0.002264852118841355
16190,7.695039130339865e-07,7.695039130339865e-07,0.0,0.0036152013327587734,0.0014787961263209581,0.00027144999999999996,0.0009220370559430685,0.0012385864230261543,0.0015784089279525836,0.0017639137830274636
16200,2.7529188173502916e-07,2.7529188173502916e-07,0.0,0.0012896294831034323,0.0008731445414014161,0.00027100000000000003,0.00039610000188011524,0.0005947406771026609,0.0005651338634710887,0.0005168461691784908
16210,1.6899090837796393e-07,1.6899090837796393e-07,0.0,0.0007064355662381418,0.0004599928215611726,0.00027055,0.00014322154010029643,0.0002543902218284283,0.0003225282177966894,0.0003508127057951695
16220,1.4344492171858292e-07,1.4344492171858292e-07,0.0,0.000376121831101579,0.00027016422245651484,0.0002701,7.7897997561292e-05,0.00012994993663619072,0.0001686680543524546,0.00018999449639980033
16230,1.3594846848263842e-07,1.3594846848263842e-07,0.0,0.00012902178874036168,0.0001755440462147817,0.00026964999999999997,4.2535872945197124e-05,6.27970292798087e-05,5.476326964711727e-05,5.0607478440775115e-05
16240,1.3398026510458294e-07,1.3398026510458294e-07,0.0,1.7255418193553703e-05,0.00011806841939687729,0.0002692,4.763121088820308e-06,7.2522648011575775e-06,7.480416777077503e-06,7.329653270223742e-06
16250,1.3406246068825567e-07,1.3406246068825567e-07,0.0,7.954308254794651e-05,0.00011908579472219571,0.00026875000000000005,2.6622425806916348e-05,3.8001605810408326e-05,3.34964249513617e-05,3.07058701939771e-05
16260,1.3378353003190568e-07,1.3378353003190568e-07,0.0,0.00012208619624632007,0.00012029005301883444,0.00026829999999999996,3.099142953413815e-05,4.126951312983713e-05,5.151186592183587e-05,6.035413622760825e-05
16270,1.3290710398905503e-07,1.3290710398905503e-07,0.0,5.4353135073626044e-05,0.00012075994163751602,0.00026785000000000003,1.8373109847415e-05,2.5157434546777186e-05,2.2554933087131037e-05,2.0731845987287458e-05
16280,1.3229175976903207e-07,1.3229175976903207e-07,0.0,1.7219405300767925e-05,0.00011726393131539226,0.0002674,6.2925738622936265e-06,7.746704227204502e-06,6.7134343702382e-06,6.6688877124282235e-06
16290,1.3188829939281277e-07,1.3188829939281277e-07,0.0,2.418076685488568e-05,0.00011688302765833214,0.00026695,8.233958508002775e-06,1.0725633513489995e-05,9.560047957751135e-06,9.382572011582331e-06
16300,1.3146632227289956e-07,1.3146632227289956e-07,0.0,2.4834588541029124e-05,0.00011694330896716565,0.00026649999999999997,8.391964109533454e-06,1.076193781505258e-05,9.882099489417087e-06,9.772934691517445e-06
16310,1.3106537721796485e-07,1.3106537721796485e-07,0.0,3.584739154809592e-05,0.00011698009620886296,0.00026605,1.1568104321129068e-05,1.4070195097481106e-05,1.4108669342652531e-05,1.5533343810712015e-05
16320,1.3092410711124103e-07,1.3092410711124103e-07,0.0,8.998839621034073e-05,0.00011955556692555547,0.00026559999999999995,2.9167235033121536e-05,3.528888985800547e-05,3.553968336606052e-05,3.921697160383195e-05
16330,1.358529999606617e-07,1.358529999606617e-07,0.0,0.0003680327947872256,0.00017171015497297049,0.00026515,0.00012146070216738738,0.00014681911997646083,0.00014486741844572313,0.00015833215766702504
16340,3.256409968344087e-07,3.256409968344087e-07,0.0,0.0021602883925595567,0.000785524258390069,0.00026470000000000004,0.0007137718304939399,0.000862208775788644,0.00085032834384795,0.0009294745783568829
16350,7.247774192364886e-06,7.247774192364886e-06,0.0,0.013051371975930308,0.004439653363078833,0.00026425,0.0042989512038100405,0.0051905559048284295,0.00513180576872737,0.0056288107371722865
16360,3.1723220672574826e-06,3.1723220672574826e-06,0.0,0.008566533081203406,0.002798199187964201,0.0002638,0.0027971472545957102,0.0033727797475701805,0.0033931973409840554,0.003725020749830734
16370,6.287148153205635e-07,6.287148153205635e-07,0.0,0.003497546606096326,0.0008471014443784952,0.00026335,0.0011091325063309321,0.001342046893999587,0.0013658103748641047,0.0015752630727150973
16380,3.5148192978340376e-07,3.5148192978340376e-07,0.0,0.0021151876432439387,0.0009094878914766014,0.00026290000000000005,0.0006615986908701233,0.0008315841126687843,0.0008928917436787603,0.0009200143878220116
16390,2.2386029741028324e-07,2.2386029741028324e-07,0.0,0.0014710972567529954,0.00041198512190021574,0.00026244999999999996,0.000471227596610363,0.000573574031796052,0.0005974923239952505,0.0006384737816474698
16400,1.378471239377177e-07,1.378471239377177e-07,0.0,0.00034809572083317275,0.0002876172948163003,0.000262,0.00010603621074264833,0.00014445539509602877,0.00015394732261388969,0.00015120982965891177
16410,1.4922520108484605e-07,1.4922520108484605e-07,0.0,0.0006186485717210032,0.00027815389330498874,0.00026154999999999993,0.00019712493320975228,0.00025083443275927516,0.00026130801351971825,0.00026223426384803876
16420,1.324136889024885e-07,1.324136889024885e-07,0.0,0.0002516384023014667,0.00015097306459210813,0.0002611,7.897507468871141e-05,0.0001027819494222263,0.00010771079230967015,0.00010688896144764185
16430,1.2858328091169824e-07,1.2858328091169824e-07,0.0,4.477903521490912e-05,0.00012034876272082329,0.0002606500000000001,1.567134921684882e-05,2.1657672889874584e-05,1.72653071156529e-05,1.9069884389001258e-05
16440,1.283560777665116e-07,1.283560777665116e-07,0.0,9.331725730248428e-05,0.00012068454816471785,0.0002602,2.990896081986817e-05,3.613558933803489e-05,3.693540397838358e-05,4.118706427123093e-05
16450,1.2783684155692754e-07,1.2783684155692754e-07,0.0,7.76715985773379e-05,0.00012251008593011647,0.00025975000000000005,2.4678549912244206e-05,2.9847988330910917e-05,3.156472565803494e-05,3.4413584139984536e-05
16460,1.2727889497909928e-07,1.2727889497909928e-07,0.0,4.9100981005285605e-05,0.00011974207154707983,0.00025929999999999996,1.529965251242056e-05,1.912292278353467e-05,2.0513777065019818e-05,2.1292518415390503e-05
16470,1.2678906102792098e-07,1.2678906102792098e-07,0.0,2.829001199489714e-05,0.00012010023783659562,0.00025885000000000003,9.152818791511527e-06,1.1630048452215192e-05,1.1957617828846669e-05,1.1970013376006744e-05
16480,1.26335336858574e-07,1.26335336858574e-07,0.0,1.445760231761727e-05,0.00011901452671736479,0.0002584,4.481905489945881e-06,5.553287761390928e-06,5.917346024008696e-06,6.247923241361983e-06
16490,1.2590855646976706e-07,1.2590855646976706e-07,0.0,6.463058786173374e-06,0.00011922586418222636,0.00025795,2.3641546970479455e-06,2.752371940232374e-06,2.425776473291192e-06,2.8845536439421755e-06
16500,1.2549014627438737e-07,1.2549014627438737e-07,0.0,6.931992379150184e-06,0.00011927884770557284,0.00025749999999999997,2.512854317433161e-06,3.0679757397314547e-06,2.6048269958267772e-06,3.0975748229828125e-06
16510,1.2507328506217164e-07,1.2507328506217164e-07,0.0,9.32338590432333e-06,0.00011949675536016002,0.00025705,2.9161332367359833e-06,4.330251988523011e-06,4.026157362799394e-06,4.102963350182926e-06
16520,1.247347682920008e-07,1.247347682920008e-07,0.0,3.433634720958273e-05,0.0001221324928337708,0.00025660000000000006,1.1002905827704915e-05,1.552888054051499e-05,1.3390938787512626e-05,1.5624158852670955e-05
16530,1.269871745535056e-07,1.269871745535056e-07,0.0,0.00018580133307536658,0.00018544455815572292,0.00025615,5.799174328380825e-05,8.449979077941789e-05,7.322097646737487e-05,8.448188862749163e-05
16540,2.8476674174271466e-07,2.8476674174271466e-07,0.0,0.0014114942491118125,0.0010979778598994017,0.00025570000000000004,0.00043880296636119985,0.0006426992373496711,0.0005571079293739213,0.0006415252762854423
16550,3.04780519400083e-06,3.04780519400083e-06,0.0,0.0068186214403863875,0.0038785242941230536,0.00025525,0.0020568251291637205,0.0028491785924988472,0.002644004124590981,0.003206162845720092
16560,7.98561643478024e-07,7.98561643478024e-07,0.0,0.0034210183690100153,0.0017992720240727067,0.0002548,0.0011822895837868522,0.0015275273508490717,0.0013764205843748646,0.001322480801122798
16570,4.331334082507965e-07,4.331334082507965e-07,0.0,0.0023614419565042605,0.000959140423219651,0.00025435,0.0008334143700034558,0.0010502902101334076,0.0008879979915236058,0.0009616842361155785
16580,2.0022643809625151e-07,2.0022643809625151e-07,0.0,0.0008673807292662904,0.000626363733317703,0.00025390000000000005,0.0002466251210254334,0.00039533113043437696,0.00040156398991694417,0.0003836047321882226
16590,1.817396935166471e-07,1.817396935166471e-07,0.0,0.0010223423109901753,0.00047974297194741666,0.00025344999999999995,0.0003285301720466387,0.00042550471367679203,0.00043334854294375377,0.00042472725772440265
16600,1.2762116341491492e-07,1.2762116341491492e-07,0.0,0.00024630209887651136,0.00018267637642566115,0.000253,6.363532818764123e-05,0.00010331419415830396,0.00011117680772188969,0.00010834885454664056
16610,1.346001994306789e-07,1.346001994306789e-07,0.0,0.0005168199319554497,0.00020374826272018254,0.00025255000000000004,0.00014347921339670703,0.00018245250481212818,0.00022081359411295652,0.0002455466713107093
16620,1.4376306012309215e-07,1.4376306012309215e-07,0.0,0.0007100655876713201,0.00026398763293400407,0.0002521,0.00022871894398240333,0.0002780062868256953,0.0002877985692208118,0.00030864286516988796
16630,2.3473100441151473e-07,2.3473100441151473e-07,0.0,0.0016730610521646493,0.0005648536025546491,0.00025165000000000007,0.0005336387036513413,0.0006431482917171102,0.0006629376610432674,0.0007475003838933482
16640,1.3724272776016733e-06,1.3724272776016733e-06,0.0,0.0055471284359079175,0.001866530510596931,0.0002512,0.0017860791099689696,0.002151822553006469,0.0021931553724443267,0.002457022918525147
16650,1.8815130715665873e-06,1.8815130715665873e-06,0.0,0.006598047656151315,0.0018526299390941858,0.00025075000000000005,0.0021096290103543853,0.0025418784113994453,0.0026091859171722452,0.0029411196863054693
16660,8.792420658210176e-07,8.792420658210176e-07,0.0,0.004324970959966161,0.001267085550352931,0.00025029999999999996,0.001385806427206162,0.0016693242833593052,0.0017111804196562842,0.0019300902140397369
16670,4.1113310089713195e-07,4.1113310089713195e-07,0.0,0.002676175144097903,0.000799524481408298,0.00024985000000000003,0.0008541252674121749,0.0010289289608560676,0.0010599072167677755,0.0011947340317710314
16680,2.2188842763171124e-07,2.2188842763171124e-07,0.0,0.0015776362350418496,0.0005100704729557037,0.00024939999999999994,0.0005047598641083349,0.0006080459562644168,0.0006244935166595447,0.0007047915324755207
16690,1.4084379529322177e-07,1.4084379529322177e-07,0.0,0.0007064570337531057,0.0002654240233823657,0.00024895,0.00022540551477356083,0.00027160827498894585,0.00027938915401244673,0.000315843870962138
16700,1.2025586215713702e-07,1.2025586215713702e-07,0.0,2.7844730431405566e-05,0.00011786405957536772,0.0002485000000000001,9.056561894688943e-06,1.1029793188518766e-05,1.0778282705183096e-05,1.205531338883133e-05
16710,1.2574952279464924e-07,1.2574952279464924e-07,0.0,0.0003836078000119526,0.00016543186211492866,0.00024805,0.0001228627189935066,0.00014791270004209988,0.00015190503034666588,0.00017139410178434832
16720,1.1997218507531215e-07,1.1997218507531215e-07,0.0,0.0001204854413885341,0.00012403407890815288,0.00024760000000000006,3.8485043550921355e-05,4.645890527415784e-05,4.777516781885285e-05,5.3519100657685766e-05
16730,1.207063320407542e-07,1.207063320407542e-07,0.0,0.00020776566844104858,0.00013364390179049224,0.00024714999999999996,6.577156153106312e-05,7.938483387431392e-05,8.240676803242876e-05,9.33700815142915e-05
16740,1.196050476437449e-07,1.196050476437449e-07,0.0,0.00016178692964335592,0.00012875159154646099,0.00024670000000000003,5.074788163873009e-05,6.13263149979919e-05,6.433877597245966e-05,7.316884089334327e-05
16750,1.2027383888835175e-07,1.2027383888835175e-07,0.0,0.00023062009479627284,0.00013994297478348017,0.00024625,7.268611695495168e-05,8.775514849308313e-05,9.166685213160463e-05,0.00010400371750506625
16760,1.3549424693337642e-07,1.3549424693337642e-07,0.0,0.0006656512405894512,0.0002511286293156445,0.0002458,0.0002098555877458054,0.000253218658699937,0.0002646235589717542,0.00030068339195229375
16770,4.632559011952253e-07,4.632559011952253e-07,0.0,0.002938610823764354,0.0010116029297932982,0.00024535,0.0009247247083214817,0.0011158106672861832,0.0011689992377182435,0.0013298033009434354
16780,5.308016170602059e-06,5.308016170602059e-06,0.0,0.011380422106079225,0.0036345217376947403,0.0002449,0.003583854281035369,0.0043241825138720415,0.004520764920916569,0.005141222594032696
16790,1.731221914269554e-06,1.731221914269554e-06,0.0,0.006354270370398942,0.0020415668841451406,0.00024444999999999995,0.0019693326141814967,0.0023827279402115036,0.00253387200965767,0.002912829869287229
16800,7.289083328032575e-07,7.289083328032575e-07,0.0,0.00390582674189067,0.0011035696370527148,0.000244,0.0011975733663755449,0.0014543885086058042,0.001553178377954357,0.001804369763553133
16810,2.0476016970860655e-07,2.0476016970860655e-07,0.0,0.0014635499013801667,0.0003637550980783999,0.00024355000000000004,0.0004408764717395376,0.0005399327600203709,0.000582960972593396,0.0006859816713256611
16820,1.1865529359056382e-07,1.1865529359056382e-07,0.0,0.00014948084384487585,0.0001430422707926482,0.0002431,3.3178752985282734e-05,5.0131851501521065e-05,6.46196960300579e-05,7.56690854471454e-05
16830,1.2004593941128405e-07,1.2004593941128405e-07,0.0,0.00027657071171845903,0.00017619048594497144,0.00024265000000000004,8.884945535884865e-05,0.00010740891362751094,0.00010748068224905244,0.0001234348946286031
16840,1.1930659127301624e-07,1.1930659127301624e-07,0.0,0.0002647317466934779,0.00016208509623538703,0.00024219999999999998,7.827780668758373e-05,9.668408505021044e-05,0.00010607866947617267,0.00012580049915201656
16850,1.1699331281533887e-07,1.1699331281533887e-07,0.0,0.00015536735002815564,0.00013198828673921525,0.00024175000000000002,4.6201520671373834e-05,5.665539259504158e-05,6.218279383557504e-05,7.30033421293711e-05
16860,1.157464097900629e-07,1.157464097900629e-07,0.0,5.293407254182579e-05,0.00012416199024301022,0.00024129999999999996,1.833312970869003e-05,2.2471074597565635e-05,2.1067397052735393e-05,2.1588181669853576e-05
16870,1.1543782107992229e-07,1.1543782107992229e-07,0.0,6.1415494468865e-05,0.0001261875731870532,0.00024085000000000003,2.053084171250642e-05,2.7499579249712e-05,2.5623105622756352e-05,2.3839302456890964e-05
16880,1.1692260670770338e-07,1.1692260670770338e-07,0.0,0.00017488219481251737,0.00016023677017074078,0.00024039999999999996,3.698189176245465e-05,6.567010546170787e-05,7.968127005429248e-05,8.529111487309063e-05
16890,1.5725814250799885e-07,1.5725814250799885e-07,0.0,0.0007559469229222498,0.0004899295745417476,0.00023995,0.0002001247229253479,0.0003196549030680869,0.000340335485950173,0.00033030212784638233
16900,1.4000861483509652e-06,1.4000861483509652e-06,0.0,0.00413946662658758,0.0025388814974576235,0.00023950000000000005,0.0010718862878494296,0.0017352139566484503,0.001869169972112214,0.001829917872709158
16910,3.4076768429258664e-07,3.4076768429258664e-07,0.0,0.002091627367920451,0.001178381615318358,0.00023904999999999998,0.0004654677036355099,0.0006971998485476438,0.0009184129385864695,0.0010647141108529829
16920,4.497664463087858e-07,4.497664463087858e-07,0.0,0.0023641777992336995,0.0011640997836366296,0.00023860000000000003,0.0004854256136882017,0.0008168862471265382,0.0010587618535842912,0.00120002577101453
16930,1.8502070986414765e-07,1.8502070986414765e-07,0.0,0.0010296995659776827,0.0004524523392319679,0.00023815,0.0002199749448945833,0.0003821504375601854,0.0004613205747946618,0.000509221705119897
16940,1.225405128479906e-07,1.225405128479906e-07,0.0,0.00041049982282186033,0.00024119838781189173,0.00023770000000000003,0.00011570087572391224,0.00015286339488018938,0.00018079626467300296,0.00019053024440031653
16950,1.2498689727635792e-07,1.2498689727635792e-07,0.0,0.0004043645787223386,0.00026783975772559643,0.00023724999999999997,8.280268907027923e-05,0.000147926342199364,0.0001903672139546424,0.00019963037100492498
16960,1.202000419198157e-07,1.202000419198157e-07,0.0,0.00031565954153274343,0.00020781041530426592,0.0002368,0.00010250327149336152,0.0001459391093202013,0.00013408952788220217,0.000123282096701543
16970,1.1663213683732465e-07,1.1663213683732465e-07,0.0,0.00031739609971558297,0.00015943529433570802,0.00023634999999999994,8.393417899772602e-05,0.00010842186464375952,0.00013536115749513886,0.00015522481180997282
16980,1.2571089769153332e-07,1.2571089769153332e-07,0.0,0.0005715668388229672,0.0002315989841008559,0.00023590000000000001,0.00019020136339583643,0.00023008825820811413,0.0002227152736108719,0.0002470816783836366
16990,2.7865058882525773e-07,2.7865058882525773e-07,0.0,0.0020321664687303763,0.0007031632121652365,0.00023545000000000006,0.0006508556035439839,0.0007843443307820818,0.0008049636207515866,0.0009079208641606481
17000,2.839143917299225e-06,2.839143917299225e-06,0.0,0.0081908733350981,0.002763780765235424,0.000235,0.0026358836111678263,0.003176292880287305,0.0032358987462291645,0.0036443435858377095
17010,1.407092895533424e-07,1.407092895533424e-07,0.0,0.0008338733644690619,0.0006806809105910361,0.00023455000000000004,0.00027377152391429294,0.00033020822579766753,0.0003266335838902345,0.00036235027900162904
17020,1.8987661576375103e-07,1.8987661576375103e-07,0.0,0.001378695045822391,0.0006159793119877577,0.00023409999999999997,0.0004468008382633473,0.0005383071521918811,0.0005428725865441449,0.0006133469824398028
17030,2.0165394687410299e-07,2.0165394687410299e-07,0.0,0.0014883130895475476,0.0005583493039011955,0.00023365000000000004,0.00047714777604611493,0.0005751004305384757,0.0005859225229774347,0.0006664545848224165
17040,1.6225726540142205e-07,1.6225726540142205e-07,0.0,0.0011225788660899757,0.00040139537304639816,0.00023319999999999998,0.0003598376390028141,0.00043386212334001173,0.0004422937915564523,0.0005040353155417218
17050,1.3046465596744383e-07,1.3046465596744383e-07,0.0,0.0006991470076863749,0.00027398410020396113,0.00023275000000000002,0.000224044607242388,0.00027029238921794313,0.0002741024691637518,0.00031403677633168504
17060,1.1538450195303085e-07,1.1538450195303085e-07,0.0,0.0003560625342518403,0.00017491797916591167,0.00023229999999999995,0.00011482568734544201,0.00013913767583036114,0.00013853919778921144,0.00015999296765071002
17070,1.1018267542795002e-07,1.1018267542795002e-07,0.0,9.721500860714948e-05,0.00013255106750875711,0.00023185,3.234861059199238e-05,4.036284219307838e-05,3.656906473732313e-05,4.3293281974796614e-05
17080,1.0962846630491185e-07,1.0962846630491185e-07,0.0,8.749698709206124e-05,0.00012505293125286698,0.00023140000000000007,2.7089577457464293e-05,3.286812800246403e-05,3.590265257503554e-05,3.971906682492232e-05
17090,1.0961439045331645e-07,1.0961439045331645e-07,0.0,0.00013173140693382187,0.00012854757369495928,0.00023095,4.1695959987484986e-05,5.0671869160118474e-05,5.143770551894256e-05,5.982754053514955e-05
17100,1.0855739418502708e-07,1.0855739418502708e-07,0.0,3.4984597977063064e-05,0.0001251313806278631,0.00023050000000000005,1.1725394266731617e-05,1.46527146907035e-05,1.3197644673989785e-05,1.57541218592595e-05
17110,1.0823778495705483e-07,1.0823778495705483e-07,0.0,5.891916804207375e-05,0.00012606129166670144,0.00023004999999999998,1.905555139158018e-05,2.3308199190180413e-05,2.266123453425738e-05,2.692291396739387e-05
17120,1.0770167335749647e-07,1.0770167335749647e-07,0.0,2.097627533390329e-05,0.0001242560101673007,0.00022960000000000002,6.89553171353283e-06,8.891326425733849e-06,7.996378796552775e-06,9.691262699357692e-06
17130,1.0731911714856324e-07,1.0731911714856324e-07,0.0,2.3440705039158073e-05,0.000124967482406646,0.00022914999999999996,7.117349185105428e-06,1.0885506060634986e-05,1.0496300426996007e-05,1.0196607144018146e-05
17140,1.0778210679518452e-07,1.0778210679518452e-07,0.0,0.00010038494720003384,0.00014745135558769107,0.00022870000000000003,3.006035147161673e-05,4.5789110466176427e-05,4.5213403752487616e-05,4.359115870409384e-05
17150,1.395263069525754e-07,1.395263069525754e-07,0.0,0.0005941797051916283,0.0005127307376824319,0.00022824999999999996,0.0001784801049217143,0.0002736154967641926,0.00026661428779137236,0.0002576202249141669
17160,1.3405860954662785e-06,1.3405860954662785e-06,0.0,0.003668657695240512,0.0028977529145777225,0.0002278,0.0011020832218878764,0.0016798887136186972,0.001642925457914504,0.0015883049921321985
17170,1.4290826584328897e-06,1.4290826584328897e-06,0.0,0.0044934504884219535,0.0026306912768632174,0.00022735000000000005,0.001589999757988445,0.002075539982796733,0.0016924096781044673,0.0018394496939262745
17180,2.090382395181223e-06,2.090382395181223e-06,0.0,0.006976340552031477,0.0023038338404148817,0.00022689999999999999,0.001985108539943758,0.00247548190904417,0.00284114160512456,0.0033623497250946446
17190,6.868251603009412e-07,6.868251603009412e-07,0.0,0.003581150162338945,0.0013401010073721409,0.00022645000000000006,0.0010442829567108352,0.0013360419830144522,0.0014139677908724284,0.0017249233404413903
17200,2.582657998573268e-07,2.582657998573268e-07,0.0,0.0017078672668126764,0.0007072774460539222,0.000226,0.00040723034437347615,0.0005758802010365813,0.0007629603889692268,0.0008513931799454599
17210,1.4034324635758821e-07,1.4034324635758821e-07,0.0,0.0006861823096375348,0.0003860740107484162,0.00022555000000000003,0.00016307282900459463,0.0002738903538197768,0.00030342279372957265,0.0003281310023904662
17220,1.3036765267315786e-07,1.3036765267315786e-07,0.0,0.0006206946118083895,0.0002998881391249597,0.00022509999999999997,0.00020258667412317654,0.0002758443973128184,0.0002622172200834776,0.0002441297544773158
17230,1.1572774383239448e-07,1.1572774383239448e-07,0.0,0.0003787667796282976,0.00023029735893942416,0.00022465,0.0001242954938180879,0.00017426419692131162,0.00015991624057260195,0.0001475570676764293
17240,1.0852546949990938e-07,1.0852546949990938e-07,0.0,0.0002795689417930148,0.00016072228027042001,0.00022419999999999995,7.816517982022888e-05,0.00010282585556410857,0.00011163916552137725,0.00013679104951563181
17250,1.053101001957657e-07,1.053101001957657e-07,0.0,0.00014190857037119786,0.00013391907850746065,0.00022375000000000002,3.894891896787157e-05,4.990291206306489e-05,5.816514954284639e-05,6.983034237169698e-05
17260,1.056087199913236e-07,1.056087199913236e-07,0.0,0.00018505860134441018,0.00014405182446353137,0.00022330000000000006,6.340856789438335e-05,7.722098323514743e-05,7.12725141291424e-05,7.836412574635815e-05
17270,1.0839212194468928e-07,1.0839212194468928e-07,0.0,0.0003193575901124375,0.00017756238230504096,0.00022285,0.00010908421081376492,0.000133757524229236,0.00012632606501307805,0.00013191648488691425
17280,1.4071964926642977e-07,1.4071964926642977e-07,0.0,0.0009321113126606913,0.00036401094985194504,0.00022240000000000004,0.0003110988364256673,0.00037681879177720517,0.00036846750639175647,0.00039897812319932046
17290,7.040571290417574e-07,7.040571290417574e-07,0.0,0.0037363517189610584,0.0013742988230660558,0.00022194999999999997,0.0012471729426851478,0.0015104661306734486,0.0014748260341793165,0.001601362804153412
17300,2.9340033051994396e-06,2.9340033051994396e-06,0.0,0.008248293051021484,0.0025456277653574944,0.00022150000000000004,0.002707249086256344,0.003264667475396251,0.003257825446349687,0.0036161639982881058
17310,9.296903726863093e-07,9.296903726863093e-07,0.0,0.004360204984609879,0.0013668718747794628,0.00022104999999999998,0.0014589603341072727,0.0017689607825525247,0.0017192783470939223,0.0018569072426207187
17320,3.19000804438474e-07,3.19000804438474e-07,0.0,0.0021559542333253793,0.0006782556883990765,0.00022060000000000002,0.0007336892785761944,0.0009000267256110039,0.0008556772719633252,0.0008917529927163605
17330,1.4679235960102233e-07,1.4679235960102233e-07,0.0,0.0009028353458536984,0.0003052538959309459,0.00022014999999999996,0.0003080946964597135,0.0003926958826880353,0.0003664456138035058,0.0003574657072536357
17340,1.1436858216029577e-07,1.1436858216029577e-07,0.0,0.0004093614436586874,0.00020366905664559454,0.0002197,0.00012064755320849954,0.00017896314197326266,0.0001804215466103257,0.00016943301497094826
17350,1.0741848655015929e-07,1.0741848655015929e-07,0.0,0.00027307255558113987,0.00017727514205034822,0.00021924999999999996,6.96876696776073e-05,0.00011367176161117996,0.00012393513538186274,0.000121947133872708
17360,1.0364427538434029e-07,1.0364427538434029e-07,0.0,0.00020076722015733772,0.00014236282731872052,0.0002188,6.849998160185287e-05,8.773632629361801e-05,8.184438877359456e-05,7.920608473236667e-05
17370,1.0317290133343704e-07,1.0317290133343704e-07,0.0,0.0002246982407763472,0.00013872522686142474,0.00021835000000000005,7.427553713668243e-05,8.99228866692148e-05,8.890009290022864e-05,9.693604736141863e-05
17380,1.0165604180656374e-07,1.0165604180656374e-07,0.0,0.00011859911377041915,0.00014220099546946585,0.00021789999999999998,3.4048765308623315e-05,5.138887913246886e-05,5.2655350522194606e-05,4.9883196741732094e-05
17390,1.0058361255005366e-07,1.0058361255005366e-07,0.0,9.19081359812749e-05,0.00012868965859524906,0.00021745000000000003,2.462936795003964e-05,3.169757727627972e-05,3.798945182067615e-05,4.531156699976907e-05
17400,1.0161168972899759e-07,1.0161168972899759e-07,0.0,0.00020013089459695388,0.00014748834655620158,0.00021699999999999996,5.090803495811114e-05,6.799676284410503e-05,8.401601083655872e-05,0.0001003226562016882
17410,1.252287091801918e-07,1.252287091801918e-07,0.0,0.000713318118800888,0.00035292375832796097,0.00021655000000000003,0.00016222817475285644,0.00023974794576314175,0.00030884650389509854,0.0003646863125648347
17420,7.714086791565933e-07,7.714086791565933e-07,0.0,0.0036844958520136123,0.001677530468441546,0.00021609999999999997,0.0008543437284373072,0.0012387790242664918,0.001586831244269989,0.0018801682496656208
17430,1.137464323619497e-06,1.137464323619497e-06,0.0,0.005106764300198019,0.001575494185090065,0.00021565,0.0015706059826883065,0.0019036993043771058,0.0020391565166876916,0.0023648620480759253
17440,2.646437735620566e-07,2.646437735620566e-07,0.0,0.0016994938900300129,0.0009450154029764235,0.00021519999999999995,0.0005762432050794194,0.000747686670118654,0.0006974695417847717,0.0006677235703791497
17450,2.2447014202953142e-07,2.2447014202953142e-07,0.0,0.0013517650487340307,0.0007144890842027962,0.00021475,0.00028487814090408725,0.0005034748422615373,0.0006135569535440773,0.0006673941204900852
17460,1.3631110107326094e-07,1.3631110107326094e-07,0.0,0.0009233913767361998,0.0002864357957150787,0.00021430000000000006,0.00025245254406205546,0.000327304990325934,0.000375279931778749,0.00045525587548752693
17470,1.1121666432245547e-07,1.1121666432245547e-07,0.0,0.0005035559577242033,0.0002526293392293155,0.00021385,0.00017413731338321596,0.00021675941030287543,0.00019936710346048293,0.00020306101424235517
17480,1.0367512714992699e-07,1.0367512714992699e-07,0.0,0.0003219789837700287,0.0001898423070088029,0.00021340000000000004,7.101380651453865e-05,0.00010958463884624096,0.0001404713173294537,0.00016505643283980205
17490,1.0151720886142357e-07,1.0151720886142357e-07,0.0,0.00029025538177474865,0.00016023825446609408,0.00021294999999999997,7.630729407174863e-05,0.00010154523313786138,0.00011936964485350607,0.00014481588457158258
17500,1.0033458153202446e-07,1.0033458153202446e-07,0.0,0.0002451642173549004,0.00015166745288297534,0.00021250000000000002,8.170963660680944e-05,0.00010283842264296085,0.00010072819926063703,0.00010036816912861529
17510,1.0176957232488348e-07,1.0176957232488348e-07,0.0,0.0003455668738067983,0.00016568604041822255,0.00021204999999999998,0.00011068785949418616,0.0001336510591685288,0.00013617713932989156,0.0001555060394319106
17520,1.2469956800487125e-07,1.2469956800487125e-07,0.0,0.0008188485860616326,0.00030592616531066597,0.00021160000000000002,0.00026810330886149856,0.0003240650653917378,0.00032651286222382044,0.00035706161333338326
17530,4.711465635409695e-07,4.711465635409695e-07,0.0,0.0030062421286895465,0.001051338971592486,0.00021114999999999996,0.000980374762053378,0.0011827962770009515,0.001194515912915248,0.0013213537517719146
17540,2.848135636668303e-06,2.848135636668303e-06,0.0,0.008171555889788377,0.0025911543052643538,0.0002107,0.002652834322028959,0.003198720331158483,0.0032439026852259423,0.003607937618600379
17550,7.795277952027391e-07,7.795277952027391e-07,0.0,0.004071675665751733,0.0013662250712513924,0.00021025000000000004,0.0013231082385262256,0.0015946133269740047,0.0016169541003744025,0.0018008486177219665
17560,3.4662187431422353e-07,3.4662187431422353e-07,0.0,0.002477758760079434,0.0008098509279079735,0.0002098,0.0007985181382784307,0.0009620862651291847,0.000981224863426788,0.0011060119419816171
17570,1.8892227160449693e-07,1.8892227160449693e-07,0.0,0.0015162010734524542,0.0005142182344570756,0.00020935000000000005,0.0004836140017598534,0.0005833601316232608,0.0005990766271957648,0.0006855759925706473
17580,1.2543300442757754e-07,1.2543300442757754e-07,0.0,0.0008620848496391254,0.00031095719896256924,0.00020889999999999998,0.000272089530127336,0.0003290385541107827,0.0003402466083502452,0.00039375880383542186
17590,1.010834935755156e-07,1.010834935755156e-07,0.0,0.0003871031788675666,0.0001907839032355696,0.00020845000000000003,0.00012149877957170754,0.00014732812962766115,0.00015252929336294192,0.00017830331733933812
17600,9.46862641626467e-08,9.46862641626467e-08,0.0,3.6053027606639524e-05,0.0001251496869372204,0.00020799999999999996,1.0769007570367323e-05,1.4306440364150252e-05,1.3850277636971377e-05,1.7038398645899564e-05
17610,9.538749168314098e-08,9.538749168314098e-08,0.0,0.00017061570519038308,0.00013041315833106637,0.00020755,5.2910997760266986e-05,6.399534717464061e-05,6.842891637815075e-05,7.818777440235188e-05
17620,9.478284113129121e-08,9.478284113129121e-08,0.0,0.00015403138996980713,0.0001356662978651002,0.00020709999999999997,4.7846960333651504e-05,5.780942694725176e-05,6.158475236805845e-05,7.126102037715756e-05
17630,9.347365903522586e-08,9.347365903522586e-08,0.0,2.5808124583627012e-05,0.00012599588080774993,0.00020665,8.842910935669174e-06,1.0582550182622876e-05,1.022815951287265e-05,1.103417906306939e-05
17640,9.321964000719163e-08,9.321964000719163e-08,0.0,6.467902206816672e-05,0.0001265767205040902,0.00020620000000000005,2.0240154603947462e-05,2.451152921313968e-05,2.5793876668932176e-05,2.934138533420763e-05
17650,9.283417057304177e-08,9.283417057304177e-08,0.0,6.62216774110231e-05,0.00012660618813242763,0.00020575,2.0473139411937763e-05,2.4841665894401917e-05,2.6400916564486043e-05,3.0390699065615764e-05
17660,9.255747812630943e-08,9.255747812630943e-08,0.0,8.573119207345017e-05,0.0001278225245187059,0.00020530000000000003,2.5898474294141547e-05,3.1595309508019615e-05,3.4312430544140995e-05,4.010448428390562e-05
17670,9.346115348307649e-08,9.346115348307649e-08,0.0,0.00019975929475040324,0.0001407932722941041,0.00020485,6.069714885278444e-05,7.390861188282112e-05,7.989666640297005e-05,9.343273328454984e-05
17680,1.1424847201624289e-07,1.1424847201624289e-07,0.0,0.0007564577942268051,0.0002865217684302479,0.00020440000000000004,0.00023099510741346135,0.00028069692260327507,0.0003026708602491199,0.00035317934447670233
17690,6.858412575638795e-07,6.858412575638795e-07,0.0,0.0038673222981738197,0.0013532335869967937,0.00020394999999999997,0.0011820922026060576,0.0014355277484212432,0.0015481754814963182,0.0018043688184569298
17700,2.8774420570698567e-06,2.8774420570698567e-06,0.0,0.008347177068433964,0.0024362201802432537,0.0002035,0.0026194944148878216,0.003161602533407485,0.003330342409985203,0.003808955998150153
17710,5.255934638626059e-07,5.255934638626059e-07,0.0,0.003279991262563529,0.0008548612240701914,0.00020304999999999995,0.0010403356383218033,0.0012554455003049966,0.0013026932407311544,0.0014928939866843077
17720,1.204011113031811e-07,1.204011113031811e-07,0.0,0.000659104007429548,0.0005015251226723194,0.00020260000000000002,0.00013198909925635118,0.00023496376263444613,0.0003020233871502068,0.00033386543512552104
17730,1.9157542396897043e-07,1.9157542396897043e-07,0.0,0.0014936823228068516,0.0005856372299604118,0.00020215000000000006,0.0003758826178403634,0.0005049093380912461,0.0006303067831766823,0.000752664759936931
17740,1.2820227368592896e-07,1.2820227368592896e-07,0.0,0.0009254482938650277,0.0003216251789126545,0.0002017,0.00024045782151521075,0.00031504985492808826,0.00038894196976150457,0.0004628012306444151
17750,9.400400102776985e-08,9.400400102776985e-08,0.0,0.00028730895395149593,0.00013565503468271345,0.00020125000000000004,7.924854733210753e-05,9.977957733512684e-05,0.00011927516428447986,0.0001405210440296072
17760,9.03816470554375e-08,9.03816470554375e-08,0.0,4.3238543251533996e-05,0.00012815787340514362,0.00020079999999999997,1.0778070897923258e-05,1.8156470264864895e-05,2.0297615366443568e-05,1.9707037081539055e-05
17770,9.026588543292746e-08,9.026588543292746e-08,0.0,9.367042336587212e-05,0.00013358565047383308,0.00020035000000000005,2.2115095414881624e-05,3.107168322001282e-05,4.129514121584321e-05,4.752043385414452e-05
17780,8.972440213028676e-08,8.972440213028676e-08,0.0,7.60510298305632e-05,0.00013031228445470333,0.00019989999999999998,2.222619086305009e-05,2.8837099476458512e-05,2.9869629433824738e-05,3.669265182015679e-05
17790,8.918182459183299e-08,8.918182459183299e-08,0.0,5.327912372836183e-05,0.00012857730325777084,0.00019945000000000002,1.6284178386364557e-05,1.9852228239780207e-05,2.2148818028642676e-05,2.455355311493499e-05
17800,8.891308311831381e-08,8.891308311831381e-08,0.0,5.3343440040265884e-05,0.0001332316460320726,0.00019899999999999996,1.549847203951677e-05,2.3925160050446643e-05,2.350528409484808e-05,2.33623002763615e-05
17810,9.161794167766857e-08,9.161794167766857e-08,0.0,0.00019909443645881888,0.00019854902348015457,0.00019855,5.962918752296402e-05,8.943947558677032e-05,8.876683633944468e-05,8.599672498106609e-05
17820,1.8430421278026188e-07,1.8430421278026188e-07,0.0,0.0010683213195055946,0.0008377235499210656,0.00019810000000000004,0.00031996711564058174,0.00047943302717364346,0.00047781569688405023,0.00046232628485631854
17830,1.17033698643354e-06,1.17033698643354e-06,0.0,0.0037983800325064442,0.0024728935677558184,0.00019765,0.0011532598714184702,0.0016649289534800096,0.001683327966785032,0.0016174641135842656
17840,4.3181191244912043e-07,4.3181191244912043e-07,0.0,0.0019911146692716515,0.0012429694179445505,0.00019720000000000005,0.0006834666858347749,0.0009700712025827434,0.0008201664616633763,0.0007842367741714316
17850,2.087803352424089e-07,2.087803352424089e-07,0.0,0.0013654388295204103,0.0008099765400402248,0.00019674999999999998,0.0004277449913672459,0.0005893206449713406,0.0005927245795055916,0.0005640370623047117
17860,1.1472184269223362e-07,1.1472184269223362e-07,0.0,0.0005531842738590563,0.0003403418231755495,0.00019630000000000003,0.00016063385969497876,0.0002522685455379648,0.00023680238998253976,0.0002512269808286624
17870,1.035284569184114e-07,1.035284569184114e-07,0.0,0.0005832872591863931,0.0002814859035424888,0.00019584999999999996,0.00018029555781516834,0.00022709542527879985,0.0002486440745253399,0.0002587248346105335
17880,9.011581880713493e-08,9.011581880713493e-08,0.0,0.0001981821913649473,0.00016409935778938234,0.00019540000000000003,5.9280922712554585e-05,9.13260258793062e-05,8.820814331736883e-05,8.672595637761996e-05
17890,8.927186456730851e-08,8.927186456730851e-08,0.0,0.0002787881667865165,0.00015261709631886333,0.00019494999999999997,8.616926012579415e-05,0.00010466315952177693,0.00011443330415342693,0.0001270152463896877
17900,8.929679751190633e-08,8.929679751190633e-08,0.0,0.00025907013576465134,0.00016760667494963855,0.0001945,9.04872617808829e-05,0.0001137878310335271,9.874060370314583e-05,0.000107315142090329
17910,9.334344497347047e-08,9.334344497347047e-08,0.0,0.0004128209887258152,0.00019865894864778966,0.00019404999999999995,0.00013965141221885952,0.0001723580000793698,0.00016548753840533363,0.000171146846914332
17920,1.4456061592227343e-07,1.4456061592227343e-07,0.0,0.001142629195921979,0.0004525475960690528,0.0001936,0.00038696523423093464,0.0004737904040109635,0.00045330763075707105,0.00047929003268318233
17930,8.358924219464825e-07,8.358924219464825e-07,0.0,0.004097322983592799,0.0015506992349401116,0.00019315000000000006,0.0013827919133243035,0.001686126128315008,0.0016196977006873933,0.0017345666542919421
17940,9.915727332554525e-07,9.915727332554525e-07,0.0,0.0047566721800077405,0.0014016268542036414,0.0001927,0.0015013529718404548,0.00181174866539459,0.0018944860314450624,0.0021683407314500034
17950,3.567907072010712e-07,3.567907072010712e-07,0.0,0.002455259392635215,0.0007655940135009587,0.00019225000000000004,0.0008287739144358724,0.0010118770438027156,0.0009767864573988537,0.0010353614419358074
17960,1.6385664025619917e-07,1.6385664025619917e-07,0.0,0.0011475207327959073,0.0004444266378413886,0.00019179999999999997,0.00038151625260104857,0.0005059482683801804,0.0004799247408366802,0.00045363858938133066
17970,1.1879350836352387e-07,1.1879350836352387e-07,0.0,0.0006848951014755538,0.0003434949612710625,0.00019135000000000002,0.00018733151951861243,0.00029168678918966906,0.00030839228933450373,0.000297026911958456
17980,9.819562762913847e-08,9.819562762913847e-08,0.0,0.00044491977224112397,0.00025192261091433465,0.00019089999999999995,0.000125279499092574,0.0001914329345919495,0.00019912841369051372,0.00018982582167988615
17990,9.031098358036616e-08,9.031098358036616e-08,0.0,0.00037194608615986294,0.00018576694128569216,0.00019045000000000002,0.00012716244116556006,0.00015918178400579645,0.0001500986740574823,0.0001506630167830707
18000,8.577475085758124e-08,8.577475085758124e-08,0.0,0.0002327194840199625,0.00015304138651117682,0.00018999999999999996,7.906694580419555e-05,0.00010031057083017894,9.464195660823471e-05,9.348056035784184e-05
18010,8.34280839967505e-08,8.34280839967505e-08,0.0,0.00011345096359715303,0.00014289403043221682,0.00018955,2.3336293648226213e-05,4.179557636933155e-05,5.20748447876025e-05,5.636382097028712e-05
18020,8.373059756650036e-08,8.373059756650036e-08,0.0,0.0001759431767045356,0.00014721040497533977,0.00018910000000000004,3.936025872038181e-05,5.8548304507341416e-05,7.666148250805257e-05,9.06285242744243e-05
18030,9.279427359842884e-08,9.279427359842884e-08,0.0,0.0005062106101946239,0.00023043433611746877,0.00018864999999999998,0.00013200449472253387,0.00017252177546554074,0.00021204565790044734,0.0002536525923732098
18040,2.468323430093733e-07,2.468323430093733e-07,0.0,0.0019121100071531677,0.000802167400252074,0.00018820000000000005,0.00047276617265038277,0.0006429160232662766,0.0008124083958333595,0.0009712350936496417
18050,1.6398099660364096e-06,1.6398099660364096e-06,0.0,0.0060380743085592225,0.002186170779168606,0.00018774999999999998,0.0015848121081764182,0.0020638715282354195,0.0025235628015378205,0.003021088359126925
18060,3.7473125757969683e-07,3.7473125757969683e-07,0.0,0.002080661759103974,0.0010644097346812487,0.00018730000000000003,0.0004301261970311869,0.0007663191874112203,0.000949664747018837,0.0010371716256686776
18070,2.217232974999206e-07,2.217232974999206e-07,0.0,0.0014234095702990645,0.000655143114272505,0.00018684999999999996,0.00042956028303526444,0.0006212101881267832,0.0006249780046841354,0.0005880987053517126
18080,1.3045166724623414e-07,1.3045166724623414e-07,0.0,0.0009708887792089332,0.00036543403984978795,0.0001864,0.0003244603570869424,0.0004125445830453144,0.00040152210512611226,0.00039487896774887624
18090,8.644000359936399e-08,8.644000359936399e-08,0.0,0.00036547198421145504,0.0001811352267395705,0.00018594999999999994,0.00011554195503360099,0.0001412466724825253,0.00015127849070387824,0.00016252666935837403
18100,8.317486788200767e-08,8.317486788200767e-08,0.0,0.00022753105181238742,0.00016169171431101859,0.0001855,7.874839200829265e-05,0.00010084887484176185,9.177973930967114e-05,8.991797761057166e-05
18110,8.229807946236178e-08,8.229807946236178e-08,0.0,0.00021184246384541017,0.00015279663784895092,0.00018505000000000005,7.256128361350802e-05,9.233227950943477e-05,8.559379009295458e-05,8.461223111083146e-05
18120,8.075183188793744e-08,8.075183188793744e-08,0.0,0.00017550271928334866,0.00013427661906462163,0.0001846,5.13418876428966e-05,6.29695568124981e-05,7.263528188134922e-05,8.325017244450531e-05
18130,7.930793088917198e-08,7.930793088917198e-08,0.0,5.5535455045298096e-05,0.00012613306171260774,0.00018415000000000003,1.9211396834883743e-05,2.4414902358436535e-05,2.1754106933517493e-05,2.2385646021001122e-05
18140,7.881968855372179e-08,7.881968855372179e-08,0.0,2.9386385645046217e-05,0.00012537908332888037,0.00018369999999999997,8.908517880664288e-06,1.2005141462326597e-05,1.2943282981775551e-05,1.2771767569429984e-05
18150,7.850096039874188e-08,7.850096039874188e-08,0.0,5.012845099698858e-05,0.000126055019791238,0.00018325000000000004,1.4956071384741894e-05,1.8760045603020102e-05,1.968033667834672e-05,2.3850632846472075e-05
18160,7.89448222349165e-08,7.89448222349165e-08,0.0,0.00014626651052895577,0.0001337415014859289,0.00018279999999999997,4.799584910958584e-05,5.843585690442814e-05,5.893980592637883e-05,6.326491510271556e-05
18170,1.0063895672374201e-07,1.0063895672374201e-07,0.0,0.0007418564481554524,0.0002892441116273403,0.00018235000000000001,0.0002411787920102441,0.00029160100577385915,0.00029795443217740385,0.00032712342109754016
18180,9.355790098197758e-07,9.355790098197758e-07,0.0,0.004542126373224116,0.0016221256228163838,0.00018189999999999995,0.0014756983774129142,0.001782646133894025,0.0018215738657411113,0.002007294711573429
18190,7.925017939669488e-07,7.925017939669488e-07,0.0,0.00422076125630415,0.0010758244898170233,0.00018145,0.0013198763820868207,0.0015991216653402415,0.001673158669994202,0.001950589866271568
18200,2.0822658086672163e-07,2.0822658086672163e-07,0.0,0.0013666728815176711,0.0008835498592816293,0.00018100000000000006,0.0004155512553228654,0.0005949619440546394,0.0006018942784233346,0.000573441762401239
18210,3.0357389846358274e-07,3.0357389846358274e-07,0.0,0.00213881930729738,0.0007613463094457984,0.00018055,0.0007071945593430519,0.0008848942740900712,0.0008855866764402829,0.0008932914207732939
18220,8.979591115121366e-08,8.979591115121366e-08,0.0,0.0005326254181570471,0.00021456187823787332,0.00018010000000000004,0.00017662004851250117,0.00021450899300346805,0.000206389188176946,0.0002342850544392456
18230,9.729869532293378e-08,9.729869532293378e-08,0.0,0.0005451677552980724,0.0003558209864422679,0.00017964999999999998,0.0001685416163509277,0.00023559068175896844,0.00023964318545930497,0.000229279894072961
18240,8.72760494985414e-08,8.72760494985414e-08,0.0,0.0004019671299286426,0.00022871894179843366,0.00017920000000000002,0.00012568137930957346,0.0001730371498188473,0.00017547028372633352,0.00016777406315125604
18250,7.705836679861022e-08,7.705836679861022e-08,0.0,9.557133221631224e-05,0.00012989272363483906,0.00017874999999999998,2.592529701859349e-05,4.111805802023525e-05,4.2285575724526334e-05,4.333285089531356e-05
18260,7.634351106844406e-08,7.634351106844406e-08,0.0,9.464061137262526e-05,0.0001281920849578455,0.00017830000000000002,3.0407406799219163e-05,3.6805370434588905e-05,3.81294364780889e-05,4.2238526199199276e-05
18270,7.603438945125163e-08,7.603438945125163e-08,0.0,9.408925669124697e-05,0.00013254040095489472,0.00017784999999999996,3.140133440102053e-05,3.88946269139837e-05,3.868517517847853e-05,3.9429978937845443e-05
18280,7.544131364056739e-08,7.544131364056739e-08,0.0,5.997524703563491e-05,0.00012642209185287356,0.0001774,1.9537574691232024e-05,2.5554907124097768e-05,2.5262647933889318e-05,2.440308101948993e-05
18290,7.494968201626762e-08,7.494968201626762e-08,0.0,3.445670313548829e-05,0.00012701560626737773,0.00017695000000000005,1.1133370201862714e-05,1.5082165233689308e-05,1.4797449081176996e-05,1.3927843132476302e-05
18300,7.452814543285058e-08,7.452814543285058e-08,0.0,1.9447083940979142e-05,0.00012480221630539745,0.00017649999999999998,6.1455418648720425e-06,8.154313284073829e-06,8.279438621863241e-06,8.02267408115246e-06
18310,7.415083302930725e-08,7.415083302930725e-08,0.0,1.515501629780384e-05,0.0001250623317901045,0.00017605000000000005,4.79421668241493e-06,5.745018790347017e-06,6.26376352663753e-06,7.05159766644372e-06
18320,7.377596489277494e-08,7.377596489277494e-08,0.0,5.737434943815065e-06,0.00012465431063901633,0.00017559999999999999,1.6922793652346136e-06,2.366849822612994e-06,2.5411703478753654e-06,2.482360090635259e-06
18330,7.340767638197576e-08,7.340767638197576e-08,0.0,4.175440536663604e-06,0.00012480925943236798,0.00017515000000000003,1.6268190142490745e-06,1.92811924276524e-06,1.6865893769839326e-06,1.598273953768517e-06
18340,7.304154081566594e-08,7.304154081566594e-08,0.0,4.868563996703075e-06,0.00012474578397814184,0.00017469999999999996,1.111861767724131e-06,1.6376765275427127e-06,2.02233593002751e-06,2.4070626059391135e-06
18350,7.268182855568739e-08,7.268182855568739e-08,0.0,1.3061192888583838e-05,0.0001249060733243823,0.00017425,2.912283962061645e-06,4.2769541025838586e-06,5.5846574725364945e-06,6.678522689273744e-06
18360,7.244199196065892e-08,7.244199196065892e-08,0.0,5.011941909926271e-05,0.00012765479914378375,0.00017379999999999997,1.0990350150543109e-05,1.708045804968565e-05,2.176376190778109e-05,2.586292924569647e-05
18370,7.647010846767444e-08,7.647010846767444e-08,0.0,0.00029019664392306135,0.0001966447161976248,0.00017335,6.514983649220467e-05,0.00010012102071180494,0.00012548429840211146,0.00014976734804165363
18380,3.2573618113929115e-07,3.2573618113929115e-07,0.0,0.002176909647982229,0.0011488371528685093,0.00017290000000000006,0.0004941503582502363,0.0007545429742258588,0.0009382977644369178,0.00112278546282107
18390,1.1857551953653456e-06,1.1857551953653456e-06,0.0,0.005056985375089042,0.0018879566341638565,0.00017245,0.0013955300742505793,0.0018059416555332502,0.0020523703886230604,0.0025103764145037125
18400,2.7796548351943784e-07,2.7796548351943784e-07,0.0,0.0017388160581279257,0.001158667728304863,0.00017200000000000003,0.0005266014201637071,0.0007553588244561241,0.000763812087614443,0.0007221351239245053
18410,1.4149395610729698e-07,1.4149395610729698e-07,0.0,0.0009730459500965548,0.00043279671808704734,0.00017155,0.00025144288455580745,0.00040415075203722756,0.0004394685665743943,0.000440946589466762
18420,1.1630145735352926e-07,1.1630145735352926e-07,0.0,0.0008084848610682369,0.0004566989082377404,0.00017110000000000004,0.00017380049063855306,0.0003041056664085479,0.0003663607527773607,0.0004013990620852578
18430,7.389326128759421e-08,7.389326128759421e-08,0.0,0.00024841108489879533,0.00013900049088988453,0.00017064999999999997,8.3219475349837e-05,0.0001012130833654862,9.918944041446832e-05,0.00010630012567194776
18440,7.977906335554508e-08,7.977906335554508e-08,0.0,0.0004279646965282156,0.00019860485917888582,0.00017020000000000002,0.00010435980129983812,0.00014788961599129793,0.0001802643424833327,0.00021911139257433407
18450,7.088108588959585e-08,7.088108588959585e-08,0.0,7.938521409953735e-05,0.00013507001858670264,0.00016974999999999995,2.677593755661852e-05,3.588679786883834e-05,3.322759645573014e-05,3.120435688964586e-05
18460,7.11785901330586e-08,7.11785901330586e-08,0.0,0.00014603178016786502,0.0001338588190265,0.00016930000000000002,3.3487080206863706e-05,4.908352021852515e-05,6.32241150372715e-05,7.554025760624144e-05
18470,6.983456302123159e-08,6.983456302123159e-08,0.0,2.9616781015422016e-05,0.0001244009763468057,0.00016884999999999996,1.0098137203882452e-05,1.4300682516212177e-05,1.1913516815501062e-05,1.1815337105573973e-05
18480,6.95591850785604e-08,6.95591850785604e-08,0.0,5.632754433799953e-05,0.0001253137888852507,0.0001684,1.3998198531659659e-05,1.9573329660068375e-05,2.3463639731608852e-05,2.867253891090747e-05
18490,6.912438976769408e-08,6.912438976769408e-08,0.0,3.625218110811798e-05,0.0001235995878232643,0.00016795000000000004,1.1256193804860056e-05,1.4825623877145126e-05,1.5734274157401126e-05,1.5555248406551235e-05
18500,6.896980409010212e-08,6.896980409010212e-08,0.0,6.940681341734358e-05,0.0001275200629606843,0.00016749999999999998,2.0041215634564248e-05,2.6758419733740505e-05,3.0923934324119546e-05,3.181724537156871e-05
18510,7.122388723246331e-08,7.122388723246331e-08,0.0,0.00022533548816753044,0.0001704849419184029,0.00016705000000000002,6.294666041985134e-05,8.470755094858036e-05,0.0001010478493921191,0.00010574776156946469
18520,1.257650978914171e-07,1.257650978914171e-07,0.0,0.0009992948419818405,0.0005611954838968813,0.00016659999999999998,0.00028283048975134096,0.0003807735796619861,0.00044793599215756265,0.0004653393672181399
18530,9.974014574254397e-07,9.974014574254397e-07,0.0,0.004318242741238471,0.0018828617176041007,0.00016615000000000003,0.0012528402471200487,0.0016090590645122832,0.0018866328963446036,0.0020090801303299932
18540,1.0860928796319058e-06,1.0860928796319058e-06,0.0,0.004093426435745938,0.0020138744730502367,0.00016569999999999996,0.0014370130770132387,0.001853052266805203,0.0015580620397167828,0.0017060369914306136
18550,3.055550905628479e-07,3.055550905628479e-07,0.0,0.002351590473639882,0.0007903396035544574,0.00016525,0.0007817072968869711,0.0009476170100510296,0.0009355117290334424,0.0010221632074389384
18560,1.898760331187077e-07,1.898760331187077e-07,0.0,0.0016037715605442772,0.0005938119720667601,0.00016479999999999994,0.00045543028762815767,0.0005817756779491265,0.0006985309171922781,0.0007591115019470321
18570,9.903587283588422e-08,9.903587283588422e-08,0.0,0.0008464584877776264,0.0003744154528249055,0.00016435,0.00026370727728217277,0.0003288729905144575,0.0003288134082698655,0.00039851868754743494
18580,7.357974141086743e-08,7.357974141086743e-08,0.0,0.0003483658631169099,0.0001862673816503957,0.00016390000000000005,0.0001214603731055401,0.00015351589068563168,0.00013301694959762293,0.00014593909106234404
18590,6.851900735682648e-08,6.851900735682648e-08,0.0,0.00014852352523328562,0.00015872383664827794,0.00016345,4.229840346061086e-05,6.68543415937546e-05,6.473219812685691e-05,6.771032226005771e-05
18600,6.725174728217098e-08,6.725174728217098e-08,0.0,0.0001554099624124971,0.00012993134441785514,0.00016300000000000003,5.0400282776840835e-05,6.115835212378937e-05,6.066957593898482e-05,7.075587584120534e-05
18610,6.667167440355115e-08,6.667167440355115e-08,0.0,0.0001249382975135427,0.00013000397302675992,0.00016254999999999997,3.919853761810126e-05,4.957748901622931e-05,5.3294487873418546e-05,5.464268813236099e-05
18620,6.560633636354396e-08,6.560633636354396e-08,0.0,3.3123487138267856e-05,0.00012260947551112622,0.00016210000000000004,8.608138332065701e-06,1.2247144975013681e-05,1.3465511011573948e-05,1.6613374716756842e-05
18630,6.533136343023216e-08,6.533136343023216e-08,0.0,5.5190956027810755e-05,0.00012421648716554046,0.00016164999999999997,1.6557346825253393e-05,2.0319502279718346e-05,2.3272059939507696e-05,2.5868525273420067e-05
18640,6.492470561170194e-08,6.492470561170194e-08,0.0,3.929856824604945e-05,0.0001231473288498819,0.00016120000000000002,1.3172284619685683e-05,1.6007650004455857e-05,1.5156467991665855e-05,1.7695935914811687e-05
18650,6.453596057554023e-08,6.453596057554023e-08,0.0,2.5733118416945092e-05,0.0001224481238750741,0.00016074999999999995,8.55602029812267e-06,1.0203673833928126e-05,1.0301803178846985e-05,1.1500852660994916e-05
18660,6.419539033686306e-08,6.419539033686306e-08,0.0,2.8438681251904702e-05,0.0001224224251927808,0.0001603,9.064802550968099e-06,1.085724209900541e-05,1.1595543983191254e-05,1.3084205441315974e-05
18670,6.397596052920562e-08,6.397596052920562e-08,0.0,6.26707569905067e-05,0.00012443316518329084,0.00015985000000000006,2.0290182705257235e-05,2.4365618814929913e-05,2.4969195571525508e-05,2.8464385175973955e-05
18680,6.551683640054762e-08,6.551683640054762e-08,0.0,0.00022539872198658851,0.0001469392591388896,0.0001594,7.193571024987093e-05,8.665325430403902e-05,9.043770443490459e-05,0.00010258926467092824
18690,1.0959506369090377e-07,1.0959506369090377e-07,0.0,0.0010752404076246303,0.0003974518331233412,0.00015895000000000004,0.00034195626778626715,0.00041236300827224314,0.0004313875696189312,0.0004901388482626306
18700,1.3304501180755324e-06,1.3304501180755324e-06,0.0,0.005618106507410304,0.0019099317723885179,0.00015849999999999998,0.0017848723767178835,0.0021527830505049823,0.0022549004545088006,0.002563754525044177
18710,8.981194810075976e-08,8.981194810075976e-08,0.0,0.0008013554308373294,0.0005819070502184331,0.00015805000000000002,0.0002603668292885706,0.00031459572053201473,0.00032352220709467016,0.0003567377178276456
18720,2.625420449930971e-07,2.625420449930971e-07,0.0,0.002224286327729609,0.0007917894399724901,0.00015759999999999995,0.0007083632251772529,0.0008542889687059728,0.0008905026487714593,0.001011390328402728
18730,2.0151571789028822e-07,2.0151571789028822e-07,0.0,0.0018604138399209273,0.0005475225625559688,0.00015715000000000003,0.0005882617901708521,0.0007098311315464114,0.0007451099759133868,0.0008523608586615655
18740,8.482498259354543e-08,8.482498259354543e-08,0.0,0.0007481311981669209,0.0002129041968146339,0.00015669999999999996,0.00023268438752372297,0.00028112914726922635,0.00030115672496153505,0.0003468781805817455
18750,6.238614957965183e-08,6.238614957965183e-08,0.0,4.2783554772796075e-05,0.00012707014684565365,0.00015625,8.737441070757684e-06,1.4386361168570844e-05,2.00252875175607e-05,2.211401729967693e-05
18760,6.36360510952727e-08,6.36360510952727e-08,0.0,0.00020275596080678843,0.00014089999604038894,0.00015580000000000005,6.590691115879528e-05,7.969174999322912e-05,8.068517153726794e-05,9.040788821927632e-05
18770,6.319358192286018e-08,6.319358192286018e-08,0.0,0.00019805859664333872,0.000140095449751243,0.00015534999999999998,6.357685156717504e-05,7.655941098669164e-05,7.953589393323302e-05,8.964095689671313e-05
18780,6.202464675197916e-08,6.202464675197916e-08,0.0,0.00013734818992334604,0.00012636504834517837,0.00015490000000000005,4.326343718679263e-05,5.230400551271227e-05,5.5556367200555235e-05,6.264296104149042e-05
18790,6.122615303638668e-08,6.122615303638668e-08,0.0,8.608761091053648e-05,0.0001250323693966493,0.00015445,2.731972671587064e-05,3.286375513609612e-05,3.48877110009397e-05,3.9395947991726715e-05
18800,6.069672764397183e-08,6.069672764397183e-08,0.0,5.144899181782365e-05,0.00012110167153878137,0.00015400000000000003,1.6070058651653518e-05,1.9501118683814094e-05,2.087898295998529e-05,2.338900781408919e-05
18810,6.028428600757252e-08,6.028428600757252e-08,0.0,2.7680733089395398e-05,0.00012147559755248949,0.00015354999999999996,9.107087598193433e-06,1.0885819040840917e-05,1.1192013957787116e-05,1.241148936944773e-05
18820,5.992183105263393e-08,5.992183105263393e-08,0.0,1.2725204409127399e-05,0.00012040854198858142,0.0001531,3.99526703465015e-06,4.985336598344788e-06,5.1635506908089585e-06,5.492605460852867e-06
18830,5.957764770414542e-08,5.957764770414542e-08,0.0,2.43925148001029e-06,0.0001205447333632037,0.00015264999999999994,7.093980245288493e-07,8.58668049968688e-07,1.003335782744115e-06,1.1145266087693484e-06
18840,5.924034951476642e-08,5.924034951476642e-08,0.0,4.215812875627655e-06,0.00012046884512528777,0.0001522,1.3503241159714192e-06,1.6255577251462079e-06,1.7451427597736748e-06,2.109281769931742e-06
18850,5.890285592613509e-08,5.890285592613509e-08,0.0,2.633063204299508e-06,0.00012048437201883644,0.00015175000000000006,1.1040544831306695e-06,1.2392443324759735e-06,1.0334552098565396e-06,9.95066962170726e-07
18860,5.85658916918419e-08,5.85658916918419e-08,0.0,1.4888615469901604e-06,0.00012038427666993812,0.0001513,5.903969274091349e-07,6.030085105720028e-07,5.11571233525074e-07,5.81588065122194e-07
18870,5.823014248562686e-08,5.823014248562686e-08,0.0,4.136536550182813e-06,0.00012032625818392262,0.00015085000000000003,1.2218552882073993e-06,1.6446533708691208e-06,1.7067023619455167e-06,1.7154198345382431e-06
18880,5.7893501548278437e-08,5.7893501548278437e-08,0.0,5.230995971996047e-06,0.00012053379032295197,0.00015039999999999997,1.988782498846983e-06,2.3485753400338006e-06,2.1219579402335258e-06,2.0998365712656816e-06
18890,5.75570808791781e-08,5.75570808791781e-08,0.0,4.223604825307937e-06,0.00012052340753143653,0.00014995000000000004,1.5239633425744765e-06,1.9166342535605173e-06,1.7927819862417486e-06,1.6792252868062178e-06
18900,5.7221463123369176e-08,5.7221463123369176e-08,0.0,7.5219070166405026e-06,0.00012040438741678372,0.00014949999999999997,1.8302188235210689e-06,2.415986019137634e-06,3.1331349696208313e-06,3.7432553830089687e-06
18910,5.6903420642129277e-08,5.6903420642129277e-08,0.0,2.260987487274464e-05,0.00012052152305841446,0.00014905000000000002,6.050659347347728e-06,7.675307734633725e-06,9.419671842362343e-06,1.1168653298326325e-05
18920,5.677312131524559e-08,5.677312131524559e-08,0.0,7.231938861067594e-05,0.0001236441603396088,0.00014859999999999995,1.810637561221063e-05,2.4102735325709503e-05,3.0778820077918146e-05,3.683398561285555e-05
18930,6.162002108567322e-08,6.162002108567322e-08,0.0,0.0003413251057706991,0.0001935615437105298,0.00014815,8.053859136275094e-05,0.00011325044850390467,0.0001473175310146802,0.00017657640361018215
18940,2.6567087729745253e-07,2.6567087729745253e-07,0.0,0.0020720424448793084,0.0009836547542363405,0.00014770000000000007,0.0004694561717499613,0.0006879335605914665,0.0009029860933899766,0.0010786887051743937
18950,8.478262998323771e-07,8.478262998323771e-07,0.0,0.004410397322688071,0.001409465679898858,0.00014725,0.0012277590611783143,0.0015495844560978807,0.0018129334958957679,0.0021871121700512554
18960,1.5802551445176505e-07,1.5802551445176505e-07,0.0,0.0014048000692645868,0.0007531742448918521,0.00014680000000000004,0.00036652574444145946,0.0004940909115592435,0.0006311846290770031,0.0006894399978859797
18970,2.0836165504078963e-07,2.0836165504078963e-07,0.0,0.0017653623795262543,0.0006317454390227795,0.00014634999999999998,0.0004094741055232495,0.0005798490568997137,0.000789970235422165,0.0009065336557409556
18980,8.800499529115768e-08,8.800499529115768e-08,0.0,0.0007002286696381642,0.0004193189670331776,0.00014590000000000002,0.00021506949142896872,0.00030290916274285123,0.0003076641535610925,0.00029177420335826693
18990,6.235155325384767e-08,6.235155325384767e-08,0.0,0.000313400659679907,0.00017492265033069998,0.00014544999999999998,7.261975687769438e-05,0.00012351513458891527,0.00014217343376243162,0.00015162772034092744
19000,6.055321932763036e-08,6.055321932763036e-08,0.0,0.00027208381021965027,0.00019791039812844247,0.00014500000000000003,8.221714304592031e-05,0.00012091368181151224,0.00012089174966006404,0.00011295133262826618
19010,5.598639774007097e-08,5.598639774007097e-08,0.0,0.00014518134515258653,0.00012869446072727442,0.00014454999999999996,4.956522695340326e-05,6.522490347227567e-05,5.9579057714909024e-05,5.759859350815216e-05
19020,5.5046086799848126e-08,5.5046086799848126e-08,0.0,9.64119071630245e-05,0.00012841766874771565,0.0001441,2.6010468798145614e-05,4.0577785410103824e-05,4.3644320830824714e-05,4.2896066705276e-05
19030,5.421335558253304e-08,5.421335558253304e-08,0.0,4.795747209918667e-05,0.00012139574391767383,0.00014365000000000005,1.436832443211836e-05,2.0745412856355455e-05,2.128203409692535e-05,2.025068902723452e-05
19040,5.386826629205643e-08,5.386826629205643e-08,0.0,5.051192082254651e-05,0.00012170396075816825,0.00014319999999999998,1.7201844912528952e-05,2.1794680277962435e-05,2.0939957173298813e-05,2.0546036139675755e-05
19050,5.354495158371719e-08,5.354495158371719e-08,0.0,5.828715570422083e-05,0.00012000379501841962,0.00014275000000000005,1.6992040990115076e-05,2.086101165468176e-05,2.4040139689991684e-05,2.8387477655111872e-05
19060,5.331535390951103e-08,5.331535390951103e-08,0.0,7.217939560845451e-05,0.00012191012501716614,0.0001423,2.37051915992278e-05,2.877507405510808e-05,2.9580904007248255e-05,3.16594273264507e-05
19070,5.407267877899358e-08,5.407267877899358e-08,0.0,0.00017456917414533977,0.00013618434604723006,0.00014185000000000003,5.679194002638831e-05,6.893929747686595e-05,7.150216576384007e-05,7.712081544006398e-05
19080,6.707347921519613e-08,6.707347921519613e-08,0.0,0.0005895658856708328,0.00024627879611216486,0.00014139999999999997,0.00019005505292263346,0.00023042753265920739,0.00024133074942995488,0.0002627877196288135
19090,2.9882818353144103e-07,2.9882818353144103e-07,0.0,0.002419875148542353,0.0008825035765767097,0.00014095,0.0007805217650604065,0.0009467616185696313,0.0009904054131893492,0.0010775312845616803
19100,9.943388477040571e-07,9.943388477040571e-07,0.0,0.004791245683057857,0.0014656338607892394,0.00014049999999999997,0.0015456373262351195,0.0018666775238078011,0.0019373732952752973,0.002153525103679132
19110,3.3721562431310304e-07,3.3721562431310304e-07,0.0,0.002647089981919608,0.0007912770379334688,0.00014005000000000002,0.0008359118588949342,0.0010108190859043416,0.0010826602115466065,0.0012041922710864508
19120,1.3257076147965563e-07,1.3257076147965563e-07,0.0,0.0014011370786403282,0.0004271745856385678,0.00013959999999999995,0.00043694026306290997,0.0005302388194066265,0.0005798237152272545,0.000641600897621807
19130,7.013002800704271e-08,7.013002800704271e-08,0.0,0.0006620817538051363,0.00021191977430135012,0.00013915,0.00020724471560872935,0.0002527879855862172,0.0002757561076925822,0.0002999970399593413
19140,5.455211038452035e-08,5.455211038452035e-08,0.0,0.00026585959935537313,0.00013747173943556845,0.00013870000000000004,8.363762802375549e-05,0.0001040807271780989,0.00011303289746461101,0.0001183536338662897
19150,5.160712035490178e-08,5.160712035490178e-08,0.0,9.352309234924028e-05,0.00011788958363467827,0.00013825,2.7564786072000107e-05,4.011497763648016e-05,4.265512896576442e-05,4.1641107658134614e-05
19160,5.115287038393035e-08,5.115287038393035e-08,0.0,7.235161743114599e-05,0.00012266421981621534,0.00013780000000000004,2.2758698180755138e-05,3.52431537094808e-05,3.075565016351684e-05,3.19559631702665e-05
19170,5.065655628300192e-08,5.065655628300192e-08,0.0,5.816158414086793e-05,0.00012320693349465728,0.00013734999999999998,1.861381325520505e-05,2.843753195158494e-05,2.4860105661801187e-05,2.5678792176461368e-05
19180,5.012412884752848e-08,5.012412884752848e-08,0.0,3.872366917968415e-05,0.00011869228910654783,0.00013690000000000002,1.1272705667884634e-05,1.668017191085205e-05,1.781102081636909e-05,1.7463144540148885e-05
19190,4.978409151590313e-08,4.978409151590313e-08,0.0,4.610493471555956e-05,0.00011626573541434482,0.00013644999999999996,1.4107474174916304e-05,1.7421572500902874e-05,1.945783064450459e-05,2.0963090657104076e-05
19200,4.9405699087401445e-08,4.9405699087401445e-08,0.0,2.2906045617942895e-05,0.00011660750169539824,0.00013600000000000003,7.219053446830539e-06,8.961029978156665e-06,9.815289515504866e-06,1.0353964387988648e-05
19210,4.907413142518635e-08,4.907413142518635e-08,0.0,7.581068184999281e-06,0.00011592801456572488,0.00013554999999999996,2.6709363730227054e-06,3.539561498557559e-06,2.9873159869731883e-06,3.4589197548609255e-06
19220,4.876278936194467e-08,4.876278936194467e-08,0.0,6.4059255504253085e-06,0.0001156218713731505,0.0001351,1.7895016112108443e-06,2.454844677043512e-06,2.9057849383730392e-06,2.9257519063020573e-06
19230,4.84526516686401e-08,4.84526516686401e-08,0.0,4.329118789719794e-06,0.00011552705109352246,0.00013465000000000005,1.3032297567768906e-06,2.1207394993637707e-06,1.794455361367647e-06,1.8321834354857399e-06
19240,4.814577891920635e-08,4.814577891920635e-08,0.0,6.821252460212624e-06,0.00011553362128324807,0.00013419999999999998,1.9416002986541244e-06,3.083787934306231e-06,2.7895777456776645e-06,3.133375945309909e-06
19250,4.783763785098927e-08,4.783763785098927e-08,0.0,7.28260203304727e-06,0.00011540573905222118,0.00013375000000000003,2.206059229239753e-06,3.4177177110752744e-06,2.8936144433297954e-06,3.23192255873268e-06
19260,4.7553875504036114e-08,4.7553875504036114e-08,0.0,2.095252760303023e-05,0.00011575182725209743,0.0001333,6.612879533951969e-06,9.21808311792689e-06,8.042584692968909e-06,9.583855037713063e-06
19270,4.764849492744361e-08,4.764849492744361e-08,0.0,8.697011955888421e-05,0.00012378115206956863,0.00013285000000000003,2.8486351517004657e-05,3.72831311371191e-05,3.314105685477693e-05,3.957905079761611e-05
19280,5.692108473454027e-08,5.692108473454027e-08,0.0,0.00042270434277925716,0.0002617354039102793,0.00013239999999999997,0.00013855703211604044,0.00018030783357670985,0.00016131787615437134,0.00019337281836159597
19290,3.3964875001402106e-07,3.3964875001402106e-07,0.0,0.002327366309716488,0.0012584286741912365,0.00013195,0.0007613776284249135,0.0009828651434526884,0.0008891120471489862,0.0010676904135806901
19300,7.436610758304596e-07,7.436610758304596e-07,0.0,0.004158966012618283,0.0013667510356754065,0.00013149999999999994,0.0012753643379226607,0.001547784843228113,0.0017245571807372457,0.0019348168763249323
19310,2.9240123922136263e-07,2.9240123922136263e-07,0.0,0.0021897636459679033,0.000981982215307653,0.00013105000000000001,0.0006417112125900415,0.0008286733592587968,0.0009663505014140271,0.0010165527973984856
19320,1.0296434282963673e-07,1.0296434282963673e-07,0.0,0.0011227739830579754,0.0003988397365901619,0.00013060000000000006,0.00036091407295407035,0.0004439932185506185,0.0004691141223361944,0.0004939977438901913
19330,7.678301727764847e-08,7.678301727764847e-08,0.0,0.0007096695238190132,0.00037835969123989344,0.00013015,0.00024992926225283005,0.00032277389542884587,0.00027776758284655357,0.00029059400846722657
19340,5.140550385362985e-08,5.140550385362985e-08,0.0,0.00034105633858812564,0.00016656836669426411,0.00012970000000000004,0.00011489341836636905,0.00014273723915093304,0.0001391674259110339,0.0001428488266739685
19350,4.8060314838949125e-08,4.8060314838949125e-08,0.0,0.00018937337087140754,0.00015480992442462593,0.00012924999999999997,5.639473156717821e-05,7.94882858722527e-05,8.587554839245901e-05,8.438502981204611e-05
19360,4.5293077732821985e-08,4.5293077732821985e-08,0.0,2.785548405605647e-05,0.00011163534509250894,0.00012880000000000004,7.918804907314368e-06,1.1864969480272461e-05,1.2519139432033808e-05,1.2091692069995621e-05
19370,4.523045049609209e-08,4.523045049609209e-08,0.0,6.55257889824126e-05,0.00011711095430655405,0.00012834999999999998,1.701592396606752e-05,2.4689679527001065e-05,3.053893468276031e-05,3.16572811109956e-05
19380,4.479351645159113e-08,4.479351645159113e-08,0.0,5.854806818653786e-05,0.00011398876085877419,0.00012790000000000002,1.7432182190940474e-05,2.129216515405984e-05,2.4656548029275154e-05,2.792258435168984e-05
19390,4.4403879684296044e-08,4.4403879684296044e-08,0.0,2.9189709439481656e-05,0.000112179244752042,0.00012744999999999995,9.250876967201824e-06,1.1928876889954351e-05,1.1185547493879302e-05,1.3476607732866718e-05
19400,4.407797504768496e-08,4.407797504768496e-08,0.0,1.0405560348201543e-05,0.00011186884512426332,0.000127,3.027653487391938e-06,4.497263463877762e-06,4.801340657695511e-06,4.694057580244867e-06
19410,4.3783284553455815e-08,4.3783284553455815e-08,0.0,1.1522329856229681e-05,0.00011188376083737239,0.00012655000000000007,4.0262232843456935e-06,4.784843004332073e-06,4.6753983145847456e-06,4.9907804987455e-06
19420,4.348710902490893e-08,4.348710902490893e-08,0.0,4.367622178409372e-06,0.00011138395348098129,0.0001261,1.1704009016541697e-06,1.801382086190934e-06,2.020161033586955e-06,2.112474983231533e-06
19430,4.3198205901262554e-08,4.3198205901262554e-08,0.0,7.989320864551763e-06,0.00011121408169856295,0.00012565000000000005,2.2444582283455424e-06,2.8544853077715802e-06,3.4525940443096005e-06,3.6977314585870995e-06
19440,4.290663113692972e-08,4.290663113692972e-08,0.0,5.829947985741034e-06,0.00011109185288660228,0.00012519999999999998,1.576571437972673e-06,2.001488485370714e-06,2.343124772967451e-06,2.7710951936233365e-06
19450,4.2617980255954535e-08,4.2617980255954535e-08,0.0,6.982720530036167e-06,0.00011092109343735501,0.00012475000000000002,2.065997287557878e-06,2.5849213320927818e-06,2.824734838495268e-06,3.1365868628091928e-06
19460,4.233156403188332e-08,4.233156403188332e-08,0.0,1.1334608430786508e-05,0.00011080434342147782,0.00012429999999999996,3.3188779887191914e-06,4.095576767245115e-06,4.627533731389089e-06,5.277513069817032e-06
19470,4.205989867500648e-08,4.205989867500648e-08,0.0,2.3174853918416065e-05,0.0001106789568439126,0.00012385000000000003,7.053900382891631e-06,8.610642071983008e-06,9.459695312659593e-06,1.0711449248161363e-05
19480,4.188719060493895e-08,4.188719060493895e-08,0.0,5.892209172059527e-05,0.00011143970914417878,0.00012339999999999996,1.8042598168709495e-05,2.1902233425276444e-05,2.408232577277352e-05,2.752036820579098e-05
19490,4.281832843844313e-08,4.281832843844313e-08,0.0,0.0001859512227551748,0.00012432168296072632,0.00012295,5.698765144494374e-05,6.904559124909812e-05,7.59971200156697e-05,8.738214227127466e-05
19500,6.331043067575592e-08,6.331043067575592e-08,0.0,0.000751786494520264,0.000273680139798671,0.00012250000000000005,0.00023045009568309563,0.00027903099435462174,0.0003075098303656952,0.0003539241897108023
19510,4.6393751063078525e-07,4.6393751063078525e-07,0.0,0.0032880711039536092,0.0011063676793128252,0.00012205,0.001006839994058354,0.0012191759182298516,0.0013449300034536985,0.0015499431743948172
19520,1.9931094641378877e-07,1.9931094641378877e-07,0.0,0.002001014295826919,0.0004797059518750757,0.00012160000000000004,0.0006279284120908215,0.0007585831787759523,0.0008094615186154911,0.0009289922953303262
19530,7.814162472641328e-08,7.814162472641328e-08,0.0,0.0009591313968450947,0.00021730188746005297,0.00012114999999999998,0.0003087782020253422,0.0003731434333112509,0.0003839920703081633,0.00043760194182554537
19540,4.274102849421979e-08,4.274102849421979e-08,0.0,0.00021077483290931473,0.00010268172627547756,0.00012070000000000003,7.200067157649835e-05,8.898901104712717e-05,8.391230347473053e-05,8.919849030904076e-05
19550,4.0958678226843404e-08,4.0958678226843404e-08,0.0,0.00011888644107121352,0.000124379075714387,0.00012024999999999997,3.0729883317781946e-05,4.024366951714371e-05,5.023360682381349e-05,6.0697487238838663e-05
19560,4.1193221278490455e-08,4.1193221278490455e-08,0.0,0.0001664259454784346,0.0001324883778579533,0.00011980000000000003,5.072322219817722e-05,6.187068717443545e-05,6.699279024255558e-05,7.958664298706415e-05
19570,4.054903612882299e-08,4.054903612882299e-08,0.0,0.00013417381082996515,0.00011697942682076246,0.00011934999999999996,4.24033141320748e-05,5.1442073901951324e-05,5.369900511217446e-05,6.214665360719246e-05
19580,3.984693464076372e-08,3.984693464076372e-08,0.0,8.474987646900922e-05,0.00011454643390607089,0.0001189,2.7510218337530912e-05,3.3138033348338766e-05,3.391471552146113e-05,3.861950795688333e-05
19590,3.9351199632164935e-08,3.9351199632164935e-08,0.0,4.2394826729565877e-05,0.00010831701365532354,0.00011845000000000006,1.3114979598490924e-05,1.5968860001467504e-05,1.7095209027881993e-05,1.9762657660002955e-05
19600,3.901567779962534e-08,3.901567779962534e-08,0.0,1.5169844261698419e-05,0.00010836408182512969,0.000118,4.215879528461887e-06,5.383257005538245e-06,6.3138629127808356e-06,7.721261559948225e-06
19610,3.8732885343506496e-08,3.8732885343506496e-08,0.0,3.736208034418913e-06,0.00010768859647214413,0.00011755000000000005,1.2808599685680249e-06,1.4851091974130376e-06,1.5152247644407199e-06,1.8330534034385383e-06
19620,3.846520613137727e-08,3.846520613137727e-08,0.0,1.281793290445166e-05,0.00010746074985945597,0.00011709999999999999,3.7050678529615113e-06,4.584464675347189e-06,5.222923426164864e-06,6.088955939174483e-06
19630,3.8193068263581154e-08,3.8193068263581154e-08,0.0,1.2743779904118488e-05,0.00010769565415102988,0.00011665000000000003,4.168537214354034e-06,4.937061225070839e-06,5.167605593867922e-06,5.970625277422807e-06
19640,3.7916276340865807e-08,3.7916276340865807e-08,0.0,7.490214364946229e-06,0.00010718263365561143,0.00011619999999999998,2.1047069081696345e-06,2.6226550532867382e-06,3.0713665832417703e-06,3.5254811043287983e-06
19650,3.764374767456502e-08,3.764374767456502e-08,0.0,3.3554351919984443e-06,0.00010707711044233292,0.00011575000000000002,8.560316177914421e-07,1.3742653156066382e-06,1.510885318911308e-06,1.5582757150474811e-06
19660,3.737961051797356e-08,3.737961051797356e-08,0.0,9.85993589290627e-06,0.00010694723459891975,0.00011529999999999996,2.2302422354811463e-06,3.887424097313945e-06,4.562873314874721e-06,4.79906465202716e-06
19670,3.714079710448459e-08,3.714079710448459e-08,0.0,2.2965545061485107e-05,0.00010735077376011759,0.00011485000000000001,5.083867378150573e-06,8.894627734153235e-06,1.0608045235018362e-05,1.1332846803851321e-05
19680,3.714334795290597e-08,3.714334795290597e-08,0.0,6.579898684510524e-05,0.00011301606718916446,0.00011439999999999995,1.5322530648849453e-05,2.6084628446278415e-05,3.0437775673400226e-05,3.1652846190155965e-05
19690,4.0686980895543456e-08,4.0686980895543456e-08,0.0,0.00023987053132972804,0.00018165394430980086,0.00011394999999999999,5.691117880955379e-05,9.573106246631644e-05,0.00011084903202128136,0.0001144697310142505
19700,1.0573005226888199e-07,1.0573005226888199e-07,0.0,0.0009853428848909298,0.000621264218352735,0.00011350000000000005,0.00023262118311421462,0.00039211010587601334,0.0004552287331546251,0.00047170680549951606
19710,2.456541210449359e-07,2.456541210449359e-07,0.0,0.0017066291960566426,0.0009119684109464288,0.00011304999999999998,0.0004200688244168514,0.0006915792727785378,0.0007849089784447583,0.0008032333252860037
19720,1.0601214484040611e-07,1.0601214484040611e-07,0.0,0.0010051083000513856,0.0005639358423650265,0.00011260000000000004,0.00022283684911842164,0.0003863622177515844,0.0004614183232423205,0.000498793263724557
19730,6.052936640799089e-08,6.052936640799089e-08,0.0,0.0006197605494291232,0.00033468904439359903,0.00011214999999999997,0.00013111503876259706,0.0002275007553339328,0.0002807740423067386,0.0003179664175699131
19740,4.382201268526842e-08,4.382201268526842e-08,0.0,0.0003491174487641931,0.0002162380696972832,0.00011170000000000002,7.712602945633497e-05,0.00013339235856310689,0.0001591337248171082,0.00017485620663736126
19750,3.825149264002903e-08,3.825149264002903e-08,0.0,0.00020501232346246918,0.000152586042531766,0.00011124999999999997,5.197401772235814e-05,8.420465165035128e-05,9.380554017425037e-05,9.562130288716595e-05
19760,3.595841491232932e-08,3.595841491232932e-08,0.0,0.00012008572265280397,0.0001246580359293148,0.00011080000000000001,2.6908716412447843e-05,4.629662967856854e-05,5.475560181156855e-05,5.975701184138553e-05
19770,3.502039902514298e-08,3.502039902514298e-08,0.0,7.013932866742535e-05,0.00011026156425941736,0.00011034999999999994,1.4792094864636717e-05,2.5740294917043725e-05,3.186451397277662e-05,3.60448278229123e-05
19780,3.453553532040132e-08,3.453553532040132e-08,0.0,3.499916282305232e-05,0.00010637841478455812,0.0001099,9.90995070569767e-06,1.4883292369721211e-05,1.59317900969034e-05,1.5361116986533458e-05
19790,3.4214380661978794e-08,3.4214380661978794e-08,0.0,2.0090094724755535e-05,0.000103702703199815,0.00010945000000000004,4.502251448210956e-06,6.702282562831369e-06,9.217479770635832e-06,1.0504755209421285e-05
19800,3.395451741994293e-08,3.395451741994293e-08,0.0,1.710124755640324e-05,0.00010397139703854918,0.00010899999999999999,5.8994609192134085e-06,7.359702973524458e-06,6.574906256979553e-06,7.754572732319362e-06
19810,3.370999479557213e-08,3.370999479557213e-08,0.0,2.210005675001179e-05,0.00010368345101596788,0.00010855000000000004,7.05654307912864e-06,8.774063870017012e-06,9.528142378000529e-06,9.913789479245658e-06
19820,3.350239907717878e-08,3.350239907717878e-08,0.0,4.1945154961009464e-05,0.00010452114656800404,0.00010809999999999997,1.2924601962809714e-05,1.5621135926355554e-05,1.70927962058947e-05,2.0064977243940873e-05
19830,3.35888188374156e-08,3.35888188374156e-08,0.0,0.00010162376362149927,0.00010997429490089417,0.00010765000000000003,3.173890317597273e-05,3.826400299512364e-05,4.167269513307159e-05,4.755964893364989e-05
19840,3.6876087960990844e-08,3.6876087960990844e-08,0.0,0.0003166145950407623,0.00015238681226037443,0.00010719999999999996,9.829449751820329e-05,0.00011872035580365534,0.00013018557736386933,0.0001482224308906943
19850,8.31344095786335e-08,8.31344095786335e-08,0.0,0.0011336571846992229,0.00040363165317103267,0.00010675000000000002,0.0003508032874701798,0.0004240033959569705,0.0004661692033212965,0.0005316970589010707
19860,4.7249130830095964e-07,4.7249130830095964e-07,0.0,0.003350919295943512,0.0010890504345297813,0.00010629999999999995,0.001036040631473592,0.001252455391115032,0.0013766169836563285,0.0015737034994699323
19870,3.6773009526314127e-08,3.6773009526314127e-08,0.0,0.00030974959937928796,0.00020029404549859464,0.00010585,9.239403445586202e-05,0.00011574061017049184,0.00013476743311521835,0.00014451908526406747
19880,3.5783617846618654e-08,3.5783617846618654e-08,0.0,0.00027225361718017933,0.0001119827211368829,0.00010540000000000005,8.774518876789257e-05,0.0001108550933155715,0.00010555529907811888,0.00012683287193580623
19890,3.6841399264631036e-08,3.6841399264631036e-08,0.0,0.0003346975513371021,0.0001383282069582492,0.00010494999999999999,0.00010714304208690765,0.00013199083537339813,0.00013145067603050512,0.0001562087071949715
19900,3.55537004281814e-08,3.55537004281814e-08,0.0,0.00030110021180401974,0.0001273619564017281,0.00010450000000000003,9.581596816800898e-05,0.0001172390560021919,0.00011920946091401181,0.0001403921393134232
19910,3.379750879162202e-08,3.379750879162202e-08,0.0,0.0002348926029930712,0.00012627193063963205,0.00010404999999999998,7.502394161102604e-05,9.106454997781467e-05,9.36655179571899e-05,0.00010914216335303246
19920,3.234467271795438e-08,3.234467271795438e-08,0.0,0.00015975739056775396,0.00010777769784908742,0.00010360000000000002,5.092631802230123e-05,6.170677183509084e-05,6.424804608703973e-05,7.359652287209784e-05
19930,3.140923254818517e-08,3.140923254818517e-08,0.0,8.936954344629371e-05,0.00010532362648518756,0.00010314999999999996,2.9095476918627232e-05,3.5078770363788276e-05,3.641166046923339e-05,4.034835627427859e-05
19940,3.090821465434601e-08,3.090821465434601e-08,0.0,3.620388690773242e-05,9.91895649349317e-05,0.00010270000000000002,1.1628529320301613e-05,1.4703867572597298e-05,1.539717326683182e-05,1.5570893505630657e-05
19950,3.061472853005398e-08,3.061472853005398e-08,0.0,9.027030401128079e-06,9.897136624203995e-05,0.00010224999999999995,2.354116729805868e-06,3.824691344146811e-06,3.928157434467836e-06,4.326077267531862e-06
19960,3.038063667304414e-08,3.038063667304414e-08,0.0,1.3822405772467672e-05,9.889419743558392e-05,0.00010180000000000001,4.639834298649111e-06,5.532203785834539e-06,5.492450702517436e-06,6.400261502277e-06
19970,3.014574545545656e-08,3.014574545545656e-08,0.0,1.3055007453870904e-05,9.810720075620338e-05,0.00010135000000000005,4.136706127900497e-06,5.1498510637573115e-06,5.352586887662634e-06,5.715908368247307e-06
19980,2.9905802279017735e-08,2.9905802279017735e-08,0.0,4.242208638446506e-06,9.822649008128792e-05,0.00010089999999999999,1.5949221990833723e-06,1.9297904932403776e-06,1.780629092723937e-06,1.7023115041252205e-06
19990,2.9672769130684173e-08,2.9672769130684173e-08,0.0,3.6584607689999603e-06,9.792090713744983e-05,0.00010045000000000004,1.2692493840030451e-06,1.4715257709354445e-06,1.4791152276678694e-06,1.7959416713897102e-06
19999,2.946420707417019e-08,2.946420707417019e-08,0.0,1.876335274138263e-06,9.76726587396115e-05,0.00010004499999999994,6.332186466663997e-07,8.088719525552189e-07,8.048906185106469e-07,8.597713442398826e-07
