i,t,r_init,r_final,r_max,epoch_of_max,r_mean,r_std,loss_contribution_final,err_norm_final,epoch_below_1e-4,n_snapshots,rank_by_final_residual
0,2.99121022,0.657702571,0.000439926972,0.657702571,0,0.0136891072,0.0347821676,2.15039712e-11,0.000466668758,,401,1220
1,8.23576736,0.0736693683,0.0005190826,0.0736693683,0,0.00416427251,0.00600944206,2.99385273e-11,0.00202546249,,401,550
2,3.44986343,0.60318663,0.000206048312,0.60318663,0,0.0114831059,0.0315282374,4.71732301e-12,0.000703967155,,401,2638
3,9.71327782,0.189381798,0.000655738956,0.189381798,0,0.006627467,0.0113720231,4.77770643e-11,0.00254939975,,401,171
4,9.25395584,0.147286933,0.000581938385,0.147286933,0,0.00565006008,0.00933385294,3.76280315e-11,0.00209517188,,401,210
5,4.72695732,0.439209718,0.00040369268,0.439209718,0,0.00747591036,0.0225764936,1.81075311e-11,0.00155901138,14800,401,1503
6,3.96464443,0.538605741,0.000380639441,0.538605741,0,0.00943162993,0.0279261639,1.60984871e-11,0.000848600845,,401,1685
7,4.95090151,0.409638777,0.000166293552,0.409638777,0,0.00710820381,0.0210092165,3.07261614e-12,0.00176309287,,401,2745
8,1.64152122,0.789225132,0.000247168364,0.789225132,0,0.0224378724,0.0452043556,6.78802224e-12,0.000197211753,13600,401,2512
9,6.04354954,0.266860822,0.000515321897,0.266860822,0,0.0051399946,0.0138299063,2.95062953e-11,0.00226757187,,401,579
10,9.12394714,0.135539848,0.000475646377,0.135539848,0,0.00536602869,0.00895047001,2.51377195e-11,0.00203656165,,401,920
11,3.6833241,0.574260298,0.000474371437,0.574260298,0,0.0105693422,0.0298668007,2.50031401e-11,0.00077281747,,401,928
12,0.433808655,0.847789497,9.29115589e-05,0.847789497,0,0.0359090635,0.0621578853,9.59173087e-13,9.0657104e-05,14950,401,2950
13,8.95655441,0.12077435,0.000435936932,0.12077435,0,0.00510977283,0.00831958831,2.11156676e-11,0.00200755033,,401,1291
14,8.00756741,0.0723628542,0.000388303747,0.0723628542,0,0.00393246934,0.00591955815,1.67533111e-11,0.00197404407,,401,1626
15,3.84274793,0.554149208,0.000488668944,0.554149208,0,0.00991989878,0.0287623425,2.65330374e-11,0.000810888094,13700,401,810
16,7.87712288,0.0759808072,0.00032695578,0.0759808072,0,0.00398603257,0.00593147761,1.18777869e-11,0.00193828117,16200,401,2163
17,3.15486169,0.638652291,0.000331940141,0.638652291,0,0.0128237777,0.0336266468,1.22426952e-11,0.000556819512,,401,2121
18,2.90566754,0.667458776,0.000434171204,0.667458776,0,0.014144932,0.0353961292,2.09449594e-11,0.000427387254,,401,1303
19,7.81859112,0.0785618712,0.000328352316,0.0785618712,0,0.00402973028,0.00596148034,1.19794715e-11,0.00192288236,,401,2148
20,7.71657228,0.084301186,0.000379700448,0.084301186,0,0.00410437971,0.00606051152,1.60191589e-11,0.00190085735,,401,1690
21,3.90958571,0.54564287,0.000441562821,0.54564287,0,0.00964818908,0.0283039263,2.16641916e-11,0.000830064078,,401,1199
22,7.09109783,0.140989357,0.000395123067,0.140989357,0,0.00396178246,0.00800460714,1.73469153e-11,0.00204633335,,401,1565
23,5.25784254,0.369112979,0.000566214936,0.369112979,0,0.00674667215,0.0188580436,3.56221505e-11,0.0018722058,,401,238
24,2.44128203,0.717587448,0.000159679296,0.717587448,0,0.0165864212,0.0389118329,2.83305307e-12,0.000330929049,14800,401,2760
25,6.14205456,0.254336678,0.000447438022,0.254336678,0,0.00491551566,0.0132382308,2.22445315e-11,0.00233268766,,401,1137
26,2.04334259,0.755920408,0.00035070319,0.755920408,0,0.019383374,0.0419072972,1.36658586e-11,0.000265594558,,401,1967
27,2.74673057,0.685182479,0.000310506689,0.685182479,0,0.0149740091,0.0365670932,1.07127116e-11,0.000377113501,,401,2260
28,0.30438152,0.849880245,0.000506436397,0.849880245,0,0.0380489324,0.065514616,2.8497536e-11,6.07429844e-05,12300,401,639
29,8.89783192,0.115741383,0.000437926386,0.115741383,0,0.00506409936,0.00805895832,2.13088355e-11,0.00200663643,,401,1253
30,1.5943718,0.792730425,0.000296522921,0.792730425,0,0.0228409586,0.0456098684,9.76953808e-12,0.000187982204,13350,401,2333
31,0.225370258,0.850726966,0.000447550538,0.850726966,0,0.0394250787,0.0678968768,2.22557205e-11,4.14652432e-05,,401,1136
32,8.12288284,0.0718113867,0.000464615926,0.0718113867,0,0.00400427057,0.005941106,2.39853287e-11,0.00200353303,,401,1008
33,8.87426186,0.113749093,0.000440133307,0.113749093,0,0.00504660001,0.00795303405,2.15241475e-11,0.00200717364,,401,1217
34,7.19491529,0.129943765,0.000470115568,0.129943765,0,0.0039952025,0.00754774802,2.45565164e-11,0.00198488976,,401,961
35,9.99229908,0.214746474,0.00230559686,0.214746474,0,0.0119348686,0.0143333505,5.90641875e-10,0.00294995299,,401,3
36,3.10504723,0.644502275,0.000379662866,0.644502275,0,0.0130834195,0.0339769319,1.60159879e-11,0.000528364501,,401,1691
37,5.31036854,0.362192519,0.000567464348,0.362192519,0,0.00663814098,0.0185081583,3.57795318e-11,0.0018801824,,401,232
38,3.02355313,0.653976739,0.000430410109,0.653976739,0,0.0135162341,0.0345523225,2.05836513e-11,0.000483381584,,401,1329
39,3.19880724,0.63345616,0.000281895553,0.63345616,0,0.0126000618,0.0333176548,8.82945585e-12,0.000581983633,,401,2388
40,2.80142832,0.679144555,0.000368171153,0.679144555,0,0.0146918187,0.0361592205,1.50611109e-11,0.000390838609,,401,1797
41,8.04559422,0.0719011931,0.000414034287,0.0719011931,0,0.00394080133,0.00592474621,1.90471546e-11,0.00198422379,,401,1429
42,0.808018982,0.836978025,0.000139865954,0.836978025,0,0.0311682343,0.0545695676,2.17360944e-12,6.99411086e-05,,401,2831
43,4.65554047,0.448624262,0.00048711886,0.448624262,0,0.0076620032,0.0230616841,2.6364976e-11,0.00147542894,,401,828
44,3.77869463,0.562260879,0.000504489537,0.562260879,0,0.0101827254,0.0292035225,2.82788548e-11,0.000795145985,,401,651
45,9.16703224,0.139412955,0.000502658617,0.139412955,0,0.00546177818,0.00908238046,2.8073965e-11,0.00205229864,,401,676
46,1.20924282,0.817875021,0.000244022231,0.817875021,0,0.0267203825,0.0491900885,6.61631661e-12,0.000141633398,,401,2524
47,1.77792275,0.778591488,8.35194336e-05,0.778591488,0,0.0213507494,0.0440489371,7.75055088e-13,0.000224405924,13900,401,2963
48,9.51305294,0.171012327,0.000864424385,0.171012327,0,0.00601939602,0.0101997826,8.30255019e-11,0.00231199438,,401,62
49,4.04722452,0.528003658,0.000261375024,0.528003658,0,0.00913634301,0.0273539729,7.59076703e-12,0.000883762535,,401,2460
50,8.66737652,0.0972140048,0.000480574212,0.0972140048,0,0.0048526027,0.00706877857,2.5661286e-11,0.00202675998,,401,883
51,5.16920233,0.38080486,0.000506389797,0.38080486,0,0.00689495668,0.0194618675,2.84922918e-11,0.00185542059,,401,640
52,9.42707825,0.163117652,0.000790599879,0.163117652,0,0.00592308213,0.00986591065,6.94497965e-11,0.00222612367,,401,110
53,6.3298049,0.230744069,0.000348949503,0.230744069,0,0.004603814,0.0121082659,1.35295284e-11,0.00240422687,,401,1990
54,5.73554611,0.306535173,0.000365298664,0.306535173,0,0.00568653399,0.0157730593,1.48270127e-11,0.00203443819,,401,1825
55,8.40283203,0.0802323054,0.000540020171,0.0802323054,0,0.00444953296,0.00626424328,3.24024205e-11,0.00204162944,,401,351
56,3.78516555,0.56144323,0.000504257615,0.56144323,0,0.0101562199,0.029158819,2.82528602e-11,0.000796739758,,401,658
57,4.78401232,0.431681358,0.000314442407,0.431681358,0,0.00734350405,0.0221862004,1.0986003e-11,0.00162062444,14800,401,2241
58,9.92256451,0.208444869,0.00117527466,0.208444869,0,0.00979575044,0.0134681901,1.53474503e-10,0.00283476577,,401,28
59,7.58315992,0.0938009301,0.000481788623,0.0938009301,0,0.00416128621,0.00628722389,2.57911419e-11,0.00188570576,,401,873
60,7.2486515,0.124405596,0.000506679411,0.124405596,0,0.00402889785,0.00732615107,2.85248918e-11,0.001957665,,401,636
61,1.37600493,0.807770302,0.000318999081,0.807770302,0,0.0249490503,0.0475396558,1.13067126e-11,0.000160233328,,401,2219
62,0.873030841,0.834398261,0.000262263671,0.834398261,0,0.0304546349,0.0535110139,7.64247036e-12,7.34920967e-05,,401,2455
63,1.41139889,0.80546922,0.000338481392,0.80546922,0,0.0245874969,0.0472144028,1.27299614e-11,0.000163184506,,401,2074
64,3.78233767,0.561800628,0.00050442331,0.561800628,0,0.0101678135,0.0291783496,2.82714306e-11,0.000796042286,,401,654
65,3.16776013,0.637130602,0.000317822012,0.637130602,0,0.0127575174,0.0335359853,1.12234257e-11,0.000564441644,,401,2227
66,4.30933475,0.494031647,0.000298890374,0.494031647,0,0.00849339611,0.0254775234,9.92616173e-12,0.00107200539,,401,2327
67,1.83019292,0.774328284,9.87227857e-05,0.774328284,0,0.0209614423,0.0436118445,1.08290983e-12,0.00023373296,17750,401,2939
68,9.47211647,0.167252417,0.000835680982,0.167252417,0,0.00597141878,0.0100329917,7.7595856e-11,0.00226954114,,401,84
69,5.52298164,0.334264638,0.000376635323,0.334264638,0,0.00610333318,0.0171396898,1.57615741e-11,0.00192667911,,401,1714
70,6.93456984,0.158357933,0.000368181448,0.158357933,0,0.00404384782,0.00873915797,1.50619532e-11,0.0021539171,,401,1796
71,0.0569094867,0.851421468,0.000288079667,0.851421468,0,0.0430015174,0.0743072225,9.22109937e-12,3.67483656e-05,,401,2363
72,6.33853197,0.229657414,0.000350338907,0.229657414,0,0.00459539917,0.0120551603,1.36374833e-11,0.00240580278,,401,1976
73,0.0834847018,0.851413563,0.000606780469,0.851413563,0,0.0422974737,0.0731196416,4.09091709e-11,2.50157467e-05,,401,199
74,1.59166706,0.792928876,0.000298979693,0.792928876,0,0.0228646166,0.0456332129,9.93209518e-12,0.000187486963,13350,401,2325
75,4.21524906,0.506276191,0.000146652892,0.506276191,0,0.0086878483,0.0261567227,2.38967453e-12,0.000989563179,,401,2806
76,5.03126574,0.399020516,0.00029778043,0.399020516,0,0.00704504121,0.0204323453,9.85257605e-12,0.0018080999,,401,2329
77,9.49001598,0.168896374,0.000850011304,0.168896374,0,0.00599074305,0.0101044083,8.02799131e-11,0.00228811552,,401,75
78,5.05683708,0.395642371,0.000343309982,0.395642371,0,0.00702301394,0.0202500493,1.30957493e-11,0.00181976745,,401,2041
79,6.70179987,0.185403328,0.00048773397,0.185403328,0,0.00432915121,0.00992967331,2.64316028e-11,0.00231037273,,401,820
80,2.70080757,0.690199622,0.00025251656,0.690199622,0,0.0152088174,0.0369135714,7.08495703e-12,0.000367577959,,401,2489
81,3.59167528,0.585695843,0.000392299416,0.585695843,0,0.0109312104,0.0305131369,1.70998702e-11,0.000750081036,,401,1591
82,3.63156891,0.580730075,0.000433601006,0.580730075,0,0.0107748198,0.0302306945,2.08899814e-11,0.000760640031,,401,1308
83,7.65071392,0.0887387236,0.000430267599,0.0887387236,0,0.00414038764,0.00615842406,2.0570023e-11,0.00189096434,,401,1331
84,8.06861782,0.0717555584,0.000429611709,0.0717555584,0,0.00395361373,0.00592847236,2.05073578e-11,0.0019906676,,401,1334
85,7.27755165,0.121483755,0.000523254324,0.121483755,0,0.00404880023,0.00721224297,3.04216764e-11,0.00194507186,,401,516
86,6.61762953,0.195465498,0.000492643243,0.195465498,0,0.0044123549,0.0103960771,2.69663738e-11,0.00235478815,,401,769
87,6.77022648,0.177324975,0.000459482915,0.177324975,0,0.00424652686,0.00956508293,2.34582833e-11,0.00226793164,,401,1044
88,6.87295008,0.165391569,0.000398061446,0.165391569,0,0.00411412195,0.00904130383,1.76058794e-11,0.0021970552,,401,1540
89,4.23756981,0.50337592,0.000179194654,0.50337592,0,0.00864088645,0.0259952648,3.56785823e-12,0.00100763275,,401,2707
90,8.73690891,0.102547555,0.000463389564,0.102547555,0,0.00492954313,0.00734990447,2.38588765e-11,0.00201867993,,401,1014
91,1.1934402,0.818768421,0.000250338145,0.818768421,0,0.0268940696,0.0493585421,6.96324298e-12,0.000138806209,,401,2500
92,3.27661753,0.624177652,0.000186130436,0.624177652,0,0.0122213992,0.0327686359,3.84939326e-12,0.000624605273,,401,2691
93,2.88378787,0.669930509,0.000425419102,0.669930509,0,0.0142606741,0.0355548305,2.01090458e-11,0.000418583708,,401,1358
94,2.30672932,0.731081395,0.000325075367,0.731081395,0,0.0174483794,0.0399298682,1.17415549e-11,0.000309098562,13400,401,2183
95,6.46014261,0.214618072,0.000415327533,0.214618072,0,0.00451338626,0.0113172908,1.91663289e-11,0.00240464397,,401,1420
96,4.49950409,0.46914633,0.0005204163,0.46914633,0,0.00806992385,0.0241318159,3.00925694e-11,0.00128344354,,401,539
97,3.65009117,0.57841824,0.000450094071,0.57841824,0,0.0107016456,0.0301001345,2.25094081e-11,0.000765153468,,401,1117
98,3.87703347,0.549790875,0.000468393814,0.549790875,0,0.00977978437,0.0285270697,2.43769739e-11,0.000820411821,,401,978
99,8.36392498,0.0783479839,0.000541208289,0.0783479839,0,0.00438185332,0.00618708555,3.2545157e-11,0.00204004086,,401,331
100,6.80840015,0.172861898,0.000437546567,0.172861898,0,0.00419712144,0.00936727156,2.12718887e-11,0.00224240724,,401,1258
101,1.13922548,0.821747183,0.000290014987,0.821747183,0,0.0274957988,0.0499563226,9.34541033e-12,0.000127406406,,401,2355
102,6.03066063,0.268506374,0.000521051575,0.268506374,0,0.00516896191,0.0139081236,3.01660827e-11,0.0022584432,,401,534
103,4.20692158,0.507357535,0.000136205378,0.507357535,0,0.00870570137,0.0262169539,2.06132277e-12,0.000983083987,,401,2841
104,0.122446232,0.851332779,0.000655276672,0.851332779,0,0.0414335723,0.07150703,4.77097241e-11,7.9831442e-06,,401,172
105,1.67153692,0.786947464,0.000210090896,0.786947464,0,0.0221891825,0.044947909,4.90424274e-12,0.000203277497,14050,401,2625
106,4.18519068,0.510176949,0.000116678098,0.510176949,0,0.00875360232,0.026373945,1.51264207e-12,0.000966641519,,401,2902
107,0.163563281,0.851158728,0.000484292031,0.851158728,0,0.0405965298,0.0699728706,2.60598635e-11,2.50084101e-05,,401,850
108,4.36986494,0.486128832,0.000392887692,0.486128832,0,0.00836674383,0.025044282,1.71511932e-11,0.0011336911,,401,1586
109,2.79755998,0.679573657,0.000364552475,0.679573657,0,0.0147118768,0.0361878903,1.47665008e-11,0.000389740783,,401,1832
110,8.53128529,0.08769378,0.000517620774,0.08769378,0,0.00466328125,0.00659611211,2.97701406e-11,0.00203907968,,401,560
111,4.10990524,0.519921163,0.000163396787,0.519921163,0,0.00894382694,0.0269128778,2.96650112e-12,0.000917142847,19400,401,2752
112,8.22760296,0.0734595147,0.0005161428,0.0734595147,0,0.0041512354,0.00600195815,2.96003766e-11,0.00202445951,,401,571
113,6.27328014,0.237805068,0.000355964608,0.237805068,0,0.00467095718,0.0124512807,1.4078978e-11,0.00239132381,,401,1913
114,6.79747343,0.174136093,0.000444356382,0.174136093,0,0.00421136337,0.00942349646,2.19391771e-11,0.0022494967,,401,1162
115,9.53495789,0.17302473,0.000873282013,0.17302473,0,0.00605163561,0.0102948297,8.47357193e-11,0.00233572992,,401,49
116,3.08356977,0.647010923,0.000396562558,0.647010923,0,0.0131967764,0.0341281866,1.74735403e-11,0.000516384138,,401,1553
117,7.59977961,0.0925114987,0.000469580422,0.0925114987,0,0.00415782146,0.00625288549,2.45006414e-11,0.0018863352,,401,968
118,5.0171957,0.400879463,0.000272418707,0.400879463,0,0.00705643876,0.0205330051,8.24577242e-12,0.00180142253,,401,2419
119,1.74644434,0.781109399,0.000112436913,0.781109399,0,0.0215919112,0.0443136251,1.40467327e-12,0.00021837332,13900,401,2918
120,9.37218571,0.158084242,0.000724992979,0.158084242,0,0.00585438844,0.00968319809,5.84016467e-11,0.00217839793,,401,138
121,1.25856566,0.815014625,0.000244945551,0.815014625,0,0.0261845788,0.0486790821,6.66648033e-12,0.000149032095,,401,2523
122,4.55344629,0.462060453,0.000533222679,0.462060453,0,0.00793365181,0.0237588566,3.1591825e-11,0.00134974041,,401,400
123,6.71479273,0.183862101,0.000483715446,0.183862101,0,0.00431431045,0.00985945133,2.59978481e-11,0.00230263998,,401,856
124,7.05913734,0.144471438,0.000377109791,0.144471438,0,0.00396467114,0.0081508411,1.58013105e-11,0.00206727412,,401,1709
125,1.09586108,0.824033148,0.000328880309,0.824033148,0,0.0279811855,0.0504596708,1.20180286e-11,0.000116704924,,401,2144
126,8.75704002,0.104139258,0.00045895684,0.104139258,0,0.0049492961,0.00743517302,2.34045979e-11,0.00201685269,,401,1048
127,3.77591372,0.562612252,0.000504462457,0.562612252,0,0.0101941179,0.0292227478,2.82758189e-11,0.000794626023,,401,652
128,7.21958494,0.127384787,0.000487690322,0.127384787,0,0.00400988274,0.00744451805,2.64268722e-11,0.00197183901,,401,822
129,2.51237226,0.710256395,5.67255624e-05,0.710256395,0,0.0161787996,0.0383661465,3.57532159e-13,0.000340631963,16200,401,2984
130,6.20804644,0.24599992,0.000393609821,0.24599992,0,0.00477830635,0.0128439564,1.7214299e-11,0.00236673013,,401,1579
131,0.794819713,0.837476827,0.0001213874,0.837476827,0,0.0313153296,0.0547932182,1.63721121e-12,6.92740911e-05,15250,401,2892
132,7.79730082,0.079635105,0.000334721311,0.079635105,0,0.00404618629,0.00597704864,1.24487062e-11,0.00191779545,,401,2098
133,6.32146502,0.231783468,0.000348083789,0.231783468,0,0.0046123206,0.0121589855,1.34624805e-11,0.00240283385,,401,2003
134,7.3823719,0.111265149,0.000554940706,0.111265149,0,0.00411714784,0.00683478551,3.42176875e-11,0.00190808001,,401,268
135,1.13195705,0.822136411,0.000296446806,0.822136411,0,0.0275769886,0.0500390236,9.76452322e-12,0.000125680202,,401,2334
136,7.88060617,0.0758450212,0.000327702511,0.0758450212,0,0.00398361562,0.00593026153,1.1932104e-11,0.00193928753,16200,401,2155
137,8.82124519,0.109336462,0.000447069298,0.109336462,0,0.00500563971,0.00771562217,2.22078841e-11,0.00201051561,,401,1141
138,9.65013599,0.183597442,0.000805751423,0.183597442,0,0.00634384965,0.0109056597,7.21372618e-11,0.00247068001,,401,103
139,4.04543543,0.528233808,0.000264206818,0.528233808,0,0.0091422599,0.0273664651,7.75613808e-12,0.000883109693,,401,2449
140,2.18482471,0.742849012,0.000393946138,0.742849012,0,0.0183214675,0.0408393235,1.72437288e-11,0.000287918759,14050,401,1575
141,3.074687,0.648046061,0.0004028772,0.648046061,0,0.0132438543,0.0341908044,1.80344487e-11,0.000511347201,,401,1506
142,0.387172371,0.848642633,0.000232157645,0.848642633,0,0.0366369129,0.0633147503,5.98857467e-12,8.50659398e-05,,401,2573
143,0.246181756,0.850535833,0.000489917376,0.850535833,0,0.039055119,0.0672412759,2.66687817e-11,4.53890444e-05,,401,800
144,3.20531154,0.632684374,0.00027391579,0.632684374,0,0.0125674824,0.0332718836,8.3366511e-12,0.000585731419,,401,2415
145,6.31363344,0.232760314,0.000348078376,0.232760314,0,0.00462071485,0.0122065909,1.34620617e-11,0.00240165677,,401,2004
146,3.40652323,0.608478583,0.000155022628,0.608478583,0,0.0116559722,0.0318402752,2.67022392e-12,0.000686591809,,401,2778
147,0.440590978,0.847656158,0.000100866647,0.847656158,0,0.0358126938,0.0619908619,1.13045339e-12,9.07746693e-05,14950,401,2936
148,9.17861557,0.140457767,0.000511301606,0.140457767,0,0.00548770431,0.00911672427,2.90477036e-11,0.00205738523,,401,606
149,7.73390055,0.0832239951,0.000367787554,0.0832239951,0,0.00409287355,0.00603926168,1.50297428e-11,0.00190417182,,401,1803
150,9.44996643,0.16521863,0.000814820152,0.16521863,0,0.00594799912,0.00994868341,7.3770209e-11,0.00224768748,,401,98
151,4.89211655,0.41740528,0.000151807358,0.41740528,0,0.00716488074,0.0214300674,2.56060822e-12,0.00172006778,,401,2787
152,2.26973796,0.734699674,0.000355635162,0.734699674,0,0.0177052376,0.040206643,1.40529298e-11,0.000302683895,,401,1914
153,2.08115792,0.752490716,0.000375258557,0.752490716,0,0.0190988493,0.0416183283,1.56465538e-11,0.000271157214,,401,1732
154,4.17908716,0.510968308,0.000113748233,0.510968308,0,0.00876748023,0.0264179681,1.43762894e-12,0.000962287874,,401,2913
155,5.5109911,0.335835346,0.000390795583,0.335835346,0,0.00613406212,0.0172156964,1.69690208e-11,0.00192291375,,401,1604
156,7.51352072,0.099488086,0.000524818554,0.099488086,0,0.00416341778,0.00644973743,3.0603835e-11,0.00188674294,,401,499
157,4.85957718,0.421703548,0.00018926644,0.421703548,0,0.0072076973,0.0216602931,3.98019835e-12,0.00169268637,,401,2682
158,7.16378403,0.133210689,0.000446770119,0.133210689,0,0.00397957347,0.00768126547,2.2178171e-11,0.00200230546,,401,1143
159,5.84980202,0.291737482,0.000479976126,0.291737482,0,0.00551720307,0.0150353045,2.55974535e-11,0.00211716209,17250,401,888
160,0.642064095,0.84263158,0.000363819301,0.84263158,0,0.0331975321,0.0575435807,1.47071649e-11,6.29421027e-05,,401,1838
161,8.76856709,0.105059076,0.000456648593,0.105059076,0,0.00496013295,0.00748465054,2.31697708e-11,0.00201495094,,401,1065
162,8.22170353,0.0733149281,0.000513817446,0.0733149281,0,0.00414190814,0.00599682903,2.93342631e-11,0.00202344526,,401,588
163,6.42674494,0.218728272,0.000392347525,0.218728272,0,0.00453168741,0.0115188088,1.71040645e-11,0.00240870761,,401,1590
164,3.94074774,0.541663155,0.000409189822,0.541663155,0,0.00952433955,0.0280902822,1.86040345e-11,0.000840112328,,401,1466
165,1.77230382,0.779043779,8.7124074e-05,0.779043779,0,0.0213933644,0.0440961285,8.43400474e-13,0.000223404622,13900,401,2957
166,2.64243388,0.696505949,0.000168964396,0.696505949,0,0.015505687,0.0373590798,3.17210744e-12,0.000357885247,19100,401,2733
167,9.08045673,0.13165569,0.000456177453,0.13165569,0,0.00527520902,0.0088079674,2.31219854e-11,0.00202471001,,401,1070
168,7.46039581,0.104105289,0.000546118564,0.104105289,0,0.00415191058,0.00659351992,3.31383874e-11,0.0018921704,,401,312
169,9.46829796,0.166901637,0.000832403883,0.166901637,0,0.00596739323,0.0100181367,7.69884694e-11,0.0022659125,,401,87
170,6.89551878,0.162804005,0.000385496182,0.162804005,0,0.00408683751,0.00892969007,1.65119229e-11,0.00218165253,,401,1647
171,8.47668362,0.0843100879,0.000529809736,0.0843100879,0,0.0045753159,0.00644067498,3.11887062e-11,0.00204220241,,401,452
172,0.835613549,0.835907911,0.000191322304,0.835907911,0,0.0308642638,0.0541110028,4.06713602e-12,7.12809167e-05,,401,2675
173,7.42939091,0.106899869,0.000553113575,0.106899869,0,0.00414042538,0.00668516705,3.39927363e-11,0.00189810706,,401,282
174,7.65706635,0.0882882885,0.000425169492,0.0882882885,0,0.00413755351,0.00614781333,2.00854552e-11,0.00189157082,,401,1359
175,6.98062563,0.153168712,0.000359424569,0.153168712,0,0.0040028119,0.008518332,1.43540023e-11,0.00212152943,,401,1887
176,8.12777328,0.0718437548,0.000467564497,0.0718437548,0,0.00400996674,0.0059427017,2.42907287e-11,0.00200459655,,401,984
177,2.37680531,0.724117534,0.000247850937,0.724117534,0,0.0169852768,0.0394018584,6.82556522e-12,0.000320817348,13950,401,2508
178,8.46024799,0.0833498814,0.000532960856,0.0833498814,0,0.0045478431,0.006398012,3.15608082e-11,0.00204221129,,401,407
179,0.230839178,0.850678883,0.000458977072,0.850678883,0,0.0393269616,0.0677226392,2.34066614e-11,4.24719514e-05,13700,401,1046
180,7.91713095,0.0745464477,0.000338175262,0.0745464477,0,0.00396050439,0.00592081727,1.27069453e-11,0.00194894183,,401,2076
181,0.315842837,0.849730169,0.000485699477,0.849730169,0,0.0378517894,0.0651933384,2.62115535e-11,6.44565826e-05,12300,401,839
182,7.66619587,0.0876488497,0.000417940839,0.0876488497,0,0.00413316404,0.00613297042,1.94082828e-11,0.00189305521,,401,1407
183,4.92109966,0.413576082,0.000144547765,0.413576082,0,0.00713431823,0.0212231485,2.32156183e-12,0.00174179698,,401,2813
184,1.09761798,0.823942264,0.000327325352,0.823942264,0,0.0279614872,0.0504387985,1.1904654e-11,0.000117168354,,401,2158
185,1.51944315,0.798115572,0.000344738841,0.798115572,0,0.0235232009,0.0462581284,1.32049854e-11,0.000175489278,13300,401,2029
186,7.41201496,0.108495768,0.000554919975,0.108495768,0,0.00413258231,0.00673898043,3.42151309e-11,0.00190139183,,401,269
187,0.590299129,0.844117219,0.000409063971,0.844117219,0,0.0338660989,0.0585791747,1.85925925e-11,6.84257339e-05,,401,1468
188,2.46479535,0.715177573,0.000125067122,0.715177573,0,0.0164478021,0.0387319944,1.73797611e-12,0.000334222067,15350,401,2881
189,3.44473886,0.603813643,0.000199417789,0.603813643,0,0.0115033178,0.0315651255,4.41860605e-12,0.000702101143,,401,2656
190,2.22268629,0.739242667,0.00038265603,0.739242667,0,0.01804292,0.040557325,1.62695153e-11,0.000294417627,14050,401,1669
191,5.06824636,0.39413541,0.000362898087,0.39413541,0,0.00701253658,0.0201690146,1.46327801e-11,0.00182433985,,401,1847
192,0.374921888,0.848848291,0.000284712007,0.848848291,0,0.0368410569,0.0636250355,9.00676966e-12,8.23107067e-05,,401,2374
193,6.96970367,0.154393878,0.00035996892,0.154393878,0,0.00401143202,0.00857033654,1.43975137e-11,0.00212887466,,401,1874
194,3.00672674,0.655917588,0.00043613605,0.655917588,0,0.013606159,0.0346717655,2.11349615e-11,0.000474546023,,401,1285
195,1.78476202,0.778039566,8.03313062e-05,0.778039566,0,0.0212991245,0.0439915411,7.17013196e-13,0.000225693586,13900,401,2969
196,6.66664553,0.189589836,0.000494224732,0.189589836,0,0.00436672852,0.0101220729,2.71397873e-11,0.00232982472,,401,753
197,1.61409116,0.791275321,0.000277494905,0.791275321,0,0.0226703226,0.0454399261,8.55593584e-12,0.000191734701,13650,401,2404
198,8.13007259,0.0718604933,0.000468688989,0.0718604933,0,0.00401269222,0.00594349269,2.44077076e-11,0.00200465592,,401,975
199,4.851367,0.422787924,0.000201265575,0.422787924,0,0.00722003454,0.0217180035,4.5008702e-12,0.00168548795,,401,2655
200,4.96893454,0.407255975,0.000190594253,0.407255975,0,0.00709387398,0.0208795273,4.03624103e-12,0.00177426714,,401,2678
201,5.48270845,0.339542365,0.000424922989,0.339542365,0,0.00620776897,0.0173951126,2.00621719e-11,0.00191434707,,401,1361
202,5.31442499,0.361658226,0.00056667005,0.361658226,0,0.00662916255,0.0184813715,3.56794384e-11,0.00188060348,,401,236
203,9.07934952,0.131557415,0.000455940385,0.131557415,0,0.0052730416,0.00880419522,2.30979594e-11,0.00202411773,,401,1072
204,1.78140771,0.77831048,8.18092899e-05,0.77831048,0,0.0213244147,0.0440196849,7.43639991e-13,0.000225135035,13900,401,2965
205,3.66799259,0.576179945,0.000463880596,0.576179945,0,0.0106305563,0.0299742882,2.39094675e-11,0.000769252414,,401,1010
206,4.62012529,0.453288564,0.000513551542,0.453288564,0,0.0077571349,0.0233025746,2.93039096e-11,0.00143225292,,401,589
207,4.33642578,0.490496891,0.000342763717,0.490496891,0,0.0084373076,0.0252831375,1.30541073e-11,0.0010990069,,401,2044
208,6.13166666,0.255653001,0.000456467252,0.255653001,0,0.00493873018,0.0133002895,2.31513725e-11,0.0023266755,,401,1068
209,5.7441864,0.305413313,0.000374318972,0.305413313,0,0.00567401126,0.0157168836,1.55682992e-11,0.00204000154,,401,1738
210,9.80940914,0.198162528,0.000327470429,0.198162528,0,0.00739902485,0.0123267315,1.19152091e-11,0.00267558887,13100,401,2157
211,2.55203986,0.706107906,4.08232702e-05,0.706107906,0,0.0159679985,0.038058359,1.85171043e-13,0.000345790633,16200,401,2994
212,4.26312351,0.500051938,0.000220993183,0.500051938,0,0.00858813364,0.0258105582,5.426443e-12,0.00102938004,,401,2599
213,3.35091376,0.615229896,0.000128658248,0.615229896,0,0.0118873345,0.0322396753,1.83921609e-12,0.00066166757,,401,2871
214,5.52970743,0.333383875,0.000368901919,0.333383875,0,0.00608629046,0.0170970543,1.51209584e-11,0.00192882869,,401,1787
215,1.50534964,0.799102527,0.00034902633,0.799102527,0,0.023657588,0.0463807009,1.35354865e-11,0.000173520315,13700,401,1989
216,5.29042149,0.364819934,0.000570138764,0.364819934,0,0.006681077,0.0186403487,3.61175789e-11,0.00187735032,,401,218
217,7.60842562,0.0918515577,0.000463326884,0.0918515577,0,0.00415558122,0.00623569977,2.38524224e-11,0.00188734607,,401,1016
218,4.07362461,0.524602839,0.000219184186,0.524602839,0,0.00905166737,0.0271689689,5.33796751e-12,0.000897050214,,401,2603
219,7.14078045,0.135650355,0.000429489516,0.135650355,0,0.00397072225,0.00778199685,2.04956939e-11,0.00201573112,,401,1335
220,3.7402823,0.56710555,0.00050005011,0.56710555,0,0.0103395169,0.0294696132,2.77833458e-11,0.00078632316,,401,698
221,3.49624205,0.597495052,0.000269509868,0.597495052,0,0.0113018055,0.0311947754,8.0706188e-12,0.000720962855,,401,2433
222,7.12975502,0.136827146,0.000421291567,0.136827146,0,0.00396746818,0.00783084303,1.97207316e-11,0.00202225216,,401,1389
223,9.59643269,0.178669913,0.000864988243,0.178669913,0,0.00617511756,0.0105935493,8.31338512e-11,0.00240532206,,401,61
224,6.44043732,0.217041171,0.000401612851,0.217041171,0,0.00452401036,0.0114360099,1.79214313e-11,0.00240742197,,401,1513
225,7.84455299,0.07734863,0.000324948739,0.07734863,0,0.00400983606,0.00594592634,1.17324092e-11,0.0019293363,,401,2186
226,9.27167797,0.148899703,0.00060152738,0.148899703,0,0.00568539592,0.00938442219,4.02039099e-11,0.00210612763,,401,201
227,3.21945477,0.631003651,0.000256500237,0.631003651,0,0.0124971666,0.0331722977,7.31026351e-12,0.000593620927,,401,2476
228,9.01108742,0.125525393,0.000439700154,0.125525393,0,0.00516365551,0.00855007649,2.14818029e-11,0.002012215,,401,1222
229,6.39560652,0.222574438,0.0003730221,0.222574438,0,0.00455067033,0.0117077552,1.54606097e-11,0.00241015284,,401,1752
230,3.64429712,0.579141845,0.000445054186,0.579141845,0,0.0107245816,0.0301409338,2.20081365e-11,0.000763644604,,401,1153
231,7.75179863,0.0821536344,0.000356397132,0.0821536344,0,0.00408028582,0.00601924756,1.41132128e-11,0.00190729172,,401,1910
232,3.93497515,0.542401074,0.000415301617,0.542401074,0,0.00954706687,0.0281298826,1.9163937e-11,0.000837856918,,401,1421
233,8.68403435,0.0984670405,0.000476199527,0.0984670405,0,0.00487229638,0.00713403044,2.51962211e-11,0.00202528752,,401,915
234,8.76635742,0.104882422,0.000457156265,0.104882422,0,0.00495808166,0.00747514017,2.32213168e-11,0.00201549442,,401,1063
235,3.61473751,0.582827544,0.000417146109,0.582827544,0,0.0108409873,0.0303496617,1.93345418e-11,0.000756407082,,401,1412
236,6.08600903,0.2614514,0.000490763705,0.2614514,0,0.005042924,0.0135737844,2.67610016e-11,0.0022972543,,401,787
237,7.51730633,0.0991679399,0.000522960582,0.0991679399,0,0.00416381293,0.00644014286,3.038753e-11,0.00188668563,,401,519
238,7.075037,0.142734803,0.00038543868,0.142734803,0,0.00396233504,0.00807783181,1.65069974e-11,0.00205707573,,401,1649
239,6.69003773,0.18680139,0.000490488186,0.18680139,0,0.00434213474,0.00999366105,2.67309623e-11,0.00231703875,,401,794
240,9.59272385,0.178329355,0.000867148492,0.178329355,0,0.00616582015,0.0105739875,8.3549612e-11,0.00240132302,,401,58
241,5.14012337,0.384643035,0.00047198762,0.384643035,0,0.00693398498,0.0196635475,2.47524793e-11,0.00184806846,,401,950
242,8.34733009,0.0776052732,0.000540746657,0.0776052732,0,0.0043529748,0.00615750874,3.24896608e-11,0.00203858707,,401,341
243,7.46506262,0.10369085,0.000544576989,0.10369085,0,0.00415336408,0.00658021747,3.29515663e-11,0.00189143034,,401,317
244,8.67728806,0.0979575093,0.000477828586,0.0979575093,0,0.00486440938,0.00710743032,2.53689064e-11,0.00202571682,,401,902
245,9.90465736,0.206821783,0.000947746997,0.206821783,0,0.00932399168,0.0132715695,9.98027078e-11,0.0028080721,,401,34
246,4.89448309,0.417092586,0.000150525663,0.417092586,0,0.00716214161,0.0214132273,2.51755279e-12,0.00172184104,,401,2790
247,8.92362118,0.117939885,0.000436500804,0.117939885,0,0.00508346837,0.0081742931,2.1170328e-11,0.00200615908,,401,1275
248,7.30644894,0.118605241,0.000536579885,0.118605241,0,0.0040688471,0.00710242152,3.19908859e-11,0.00193310199,,401,380
249,0.760550022,0.838732621,0.000121719048,0.838732621,0,0.031709809,0.0553830167,1.64616963e-12,6.72644963e-05,15250,401,2889
250,2.05539393,0.75483262,0.000359573652,0.75483262,0,0.0192927912,0.0418148443,1.43659123e-11,0.000267427402,,401,1883
251,0.208914846,0.85086177,0.000419111724,0.85086177,0,0.0397252751,0.0684295828,1.95171819e-11,3.8280908e-05,,401,1397
252,2.71668649,0.688470225,0.000273435446,0.688470225,0,0.0151278089,0.0367933519,8.3074381e-12,0.000370730579,,401,2418
253,2.23406267,0.738150404,0.000377384978,0.738150404,0,0.0179602907,0.0404726128,1.58243801e-11,0.000296272918,14050,401,1704
254,0.158381552,0.851185645,0.000506118538,0.851185645,0,0.0406998539,0.0701578803,2.8461775e-11,2.28077435e-05,,401,641
255,9.83192444,0.200213627,0.000346027274,0.200213627,0,0.00774837213,0.0125476362,1.3303875e-11,0.00270575283,,401,2019
256,7.25374174,0.123887941,0.000509879151,0.123887941,0,0.00403235063,0.00730580194,2.88863054e-11,0.00195578548,,401,614
257,9.81637764,0.198797222,0.000322832144,0.198797222,0,0.0074976492,0.0123965463,1.15800659e-11,0.00268482604,,401,2199
258,0.6676386,0.841848452,0.000318271446,0.841848452,0,0.0328691893,0.0570548357,1.12551904e-11,6.24148654e-05,,401,2225
259,3.26736951,0.625285716,0.000197157753,0.625285716,0,0.0122650176,0.0328341083,4.31901993e-12,0.000619703229,,401,2660
260,4.09066916,0.522404672,0.000192229198,0.522404672,0,0.00899972559,0.0270489462,4.10578495e-12,0.000906251343,,401,2674
261,5.10559225,0.389202578,0.000423459951,0.389202578,0,0.00697465703,0.0199052169,1.99242589e-11,0.00183821666,,401,1375
262,3.76401114,0.564114643,0.000503680669,0.564114643,0,0.010242784,0.0293050886,2.81882462e-11,0.000791697745,,401,663
263,1.96924889,0.762500396,0.000278239075,0.762500396,0,0.0199370918,0.0424842581,8.60188701e-12,0.000255051073,,401,2401
264,5.44545889,0.34442934,0.000469185266,0.34442934,0,0.00630581304,0.0176322002,2.44594237e-11,0.00190493194,,401,972
265,9.55527496,0.174890829,0.000876575929,0.174890829,0,0.00608559483,0.0103882674,8.53761509e-11,0.00235868468,,401,37
266,7.72152853,0.0839890469,0.000376142225,0.0839890469,0,0.00410115082,0.00605425161,1.57203303e-11,0.00190166307,,401,1720
267,0.729624629,0.839816682,0.000178128733,0.839816682,0,0.0320857692,0.0559245491,3.52553838e-12,6.52422704e-05,17750,401,2713
268,7.37864351,0.11161755,0.00055453926,0.11161755,0,0.00411503159,0.00684718635,3.41681989e-11,0.00190922019,,401,271
269,7.76333237,0.0814870809,0.0003498241,0.0814870809,0,0.00407188298,0.00600737956,1.35974335e-11,0.00190985799,,401,1980
270,4.63085222,0.451876022,0.000506785815,0.451876022,0,0.00772831017,0.0232295286,2.85368736e-11,0.00144558638,,401,634
271,9.58716011,0.177818789,0.000870036917,0.177818789,0,0.00615237777,0.0105450737,8.41071374e-11,0.0023948366,,401,55
272,1.18953693,0.81898738,0.000252414902,0.81898738,0,0.0269371052,0.0494005314,7.07925365e-12,0.000138083167,,401,2491
273,9.51765442,0.171435253,0.000866636363,0.171435253,0,0.00602588825,0.0102192843,8.34509539e-11,0.00231648177,,401,59
274,6.30392981,0.233971533,0.000348768671,0.233971533,0,0.0046317234,0.0122655195,1.35155096e-11,0.00239938917,,401,1993
275,8.78672695,0.106520553,0.000453039184,0.106520553,0,0.00497651389,0.00756345714,2.28049447e-11,0.00201345383,,401,1093
276,6.67385387,0.188729534,0.000493300212,0.188729534,0,0.00435933416,0.0100823457,2.70383444e-11,0.00232595833,,401,763
277,7.06525278,0.143802367,0.000380350401,0.143802367,0,0.00396354396,0.00812269849,1.60740475e-11,0.00206313934,,401,1688
278,7.33673429,0.115636914,0.000547068287,0.115636914,0,0.00408925021,0.0069919253,3.32537456e-11,0.00192228133,,401,308
279,8.02008629,0.0721805327,0.000396754633,0.0721805327,0,0.00393353282,0.00592108761,1.7490471e-11,0.00197751984,,401,1551
280,3.54498768,0.591482566,0.000335387886,0.591482566,0,0.011112722,0.0308456602,1.24983371e-11,0.000736643456,,401,2092
281,1.39082181,0.806813545,0.000327942636,0.806813545,0,0.0247970648,0.0474026001,1.19495969e-11,0.000161479698,,401,2152
282,3.30695391,0.62053439,0.000153884413,0.62053439,0,0.0120813804,0.0325533543,2.63115695e-12,0.000640315181,,401,2782
283,3.84507942,0.553853144,0.000487782025,0.553853144,0,0.00991033399,0.0287463289,2.64368115e-11,0.000811803185,13700,401,819
284,9.87712097,0.204323141,0.00065013233,0.204323141,0,0.008660262,0.0129864149,4.69635607e-11,0.0027681797,,401,174
285,2.91766143,0.666099603,0.000437647894,0.666099603,0,0.0140813054,0.0353094356,2.12817421e-11,0.000432302183,,401,1257
286,6.49568701,0.210261465,0.000439305961,0.210261465,0,0.00449436544,0.011104689,2.1443303e-11,0.00239833053,,401,1229
287,8.00077438,0.0724741545,0.000383881567,0.0724741545,0,0.00393250332,0.00591884408,1.63738952e-11,0.001971781,,401,1659
288,5.97143126,0.276085383,0.000532184759,0.276085383,0,0.00529623503,0.0142709247,3.14689575e-11,0.00221297556,,401,419
289,1.6530205,0.788356731,0.000233459565,0.788356731,0,0.0223419367,0.0451059362,6.05592986e-12,0.000199508659,14050,401,2567
290,5.23536205,0.372076764,0.000557379931,0.372076764,0,0.00678851226,0.0190095863,3.45191542e-11,0.0018688265,,401,256
291,4.9897542,0.404505314,0.000223986877,0.404505314,0,0.00707783402,0.0207298714,5.57445789e-12,0.00178671923,,401,2590
292,1.4184128,0.805006918,0.00034129421,0.805006918,0,0.0245164749,0.0471507977,1.29424153e-11,0.000163927062,,401,2055
293,2.52190495,0.709263016,4.5638942e-05,0.709263016,0,0.0161270612,0.0382923852,2.31434781e-13,0.000341801956,16200,401,2990
294,6.65525436,0.190951379,0.000494976932,0.190951379,0,0.00437806301,0.0101851543,2.72224626e-11,0.00233589587,,401,737
295,4.68137884,0.445219501,0.000461257778,0.445219501,0,0.00759323937,0.0228862245,2.36398598e-11,0.00150661712,16200,401,1033
296,8.10959148,0.0717461642,0.000456298475,0.0717461642,0,0.00398962844,0.00593723928,2.31342554e-11,0.00200006125,,401,1069
297,0.61022079,0.843561275,0.000400386646,0.843561275,0,0.0336083043,0.0581729546,1.78121629e-11,6.55827596e-05,11850,401,1525
298,7.49438667,0.101125082,0.000533785928,0.101125082,0,0.00416052123,0.00649958152,3.16586019e-11,0.00188853919,,401,396
299,5.09392071,0.390744065,0.000405240647,0.390744065,0,0.00698711517,0.0199874055,1.82466647e-11,0.00183420187,,401,1492
300,6.76034403,0.178485944,0.000464852894,0.178485944,0,0.00425905801,0.00961694952,2.40098015e-11,0.0022739811,,401,1005
301,1.4347223,0.803923581,0.000347108533,0.803923581,0,0.0243521901,0.0470038765,1.33871482e-11,0.000165348883,,401,2011
302,7.38986588,0.110559618,0.000555258478,0.110559618,0,0.00412127275,0.00681008831,3.42568864e-11,0.00190596503,,401,265
303,1.40429509,0.805935384,0.000335105618,0.805935384,0,0.0246596429,0.0472791043,1.24773084e-11,0.000162575718,,401,2095
304,3.69143653,0.573243548,0.00047929857,0.573243548,0,0.0105368426,0.0298100282,2.55252355e-11,0.000774969386,,401,892
305,4.0039134,0.53357092,0.000327250221,0.53357092,0,0.0092857596,0.0276552171,1.18991897e-11,0.000864254088,,401,2160
306,4.43155956,0.478055859,0.000468559766,0.478055859,0,0.00823072949,0.0246072121,2.43942504e-11,0.00120259549,,401,977
307,3.1939559,0.634031408,0.00028774789,0.634031408,0,0.0126244632,0.0333517854,9.19987202e-12,0.000579103783,,401,2365
308,2.67667675,0.69281636,0.000218759002,0.69281636,0,0.0153316683,0.0370970669,5.31727787e-12,0.000363563368,,401,2605
309,3.97216487,0.537642456,0.000371142858,0.537642456,0,0.00940299401,0.0278744154,1.53052246e-11,0.000851712566,,401,1772
310,2.21942997,0.739554523,0.000384029378,0.739554523,0,0.0180666711,0.0405815677,1.6386507e-11,0.000293895138,14050,401,1657
311,7.81202793,0.0788853497,0.000329858615,0.0788853497,0,0.00403481207,0.00596601555,1.2089634e-11,0.00192081521,,401,2135
312,5.37749004,0.353359682,0.000534504725,0.353359682,0,0.00648038311,0.0180690939,3.17439223e-11,0.00189063967,,401,391
313,4.35186911,0.48848027,0.000366537008,0.48848027,0,0.00840494981,0.0251726648,1.49277087e-11,0.00111482135,,401,1813
314,3.80803871,0.558549728,0.000500795668,0.558549728,0,0.0100623689,0.0290010677,2.78662557e-11,0.000802313843,,401,692
315,5.50290871,0.336894033,0.000400463296,0.336894033,0,0.00615497053,0.0172669248,1.78189835e-11,0.00192030821,,401,1524
316,7.02091312,0.148681409,0.000363393633,0.148681409,0,0.00397777404,0.0083283741,1.46727703e-11,0.0020931314,,401,1842
317,8.61240005,0.0932037992,0.000495698159,0.0932037992,0,0.00478198212,0.00686418055,2.73018516e-11,0.00203292263,,401,732
318,1.1726979,0.81992383,0.000262840213,0.81992383,0,0.0271233325,0.0495834609,7.67610859e-12,0.000134682459,,401,2452
319,5.46045685,0.342461144,0.000451733022,0.342461144,0,0.006266353,0.0175365933,2.26736359e-11,0.00190839338,,401,1104
320,2.19145203,0.742220885,0.000392665398,0.742220885,0,0.0182723757,0.0407899225,1.71317905e-11,0.00028895614,14050,401,1587
321,1.078385,0.824929968,0.000343167302,0.824929968,0,0.0281771741,0.0506696615,1.30848663e-11,0.000112143968,,401,2042
322,5.14700413,0.383734786,0.000480958878,0.383734786,0,0.00692516106,0.0196156731,2.57023825e-11,0.00185025388,,401,882
323,0.126379952,0.851320045,0.000643218639,0.851320045,0,0.0413515248,0.0713531812,4.59700241e-11,8.80208466e-06,,401,178
324,9.91434574,0.207700163,0.00106756717,0.207700163,0,0.00957533768,0.0133767665,1.26633296e-10,0.00282282387,,401,31
325,5.66890669,0.315203169,0.000310620645,0.315203169,0,0.00578961717,0.0162061817,1.07205761e-11,0.00199299257,,401,2259
326,1.54274869,0.796465213,0.000334230882,0.796465213,0,0.0233049695,0.0460560666,1.24122536e-11,0.000178992337,13300,401,2103
327,2.42775059,0.718967402,0.000179112789,0.718967402,0,0.016667841,0.0390150544,3.56459901e-12,0.000328874307,14700,401,2709
328,9.06212425,0.130027327,0.000450430421,0.130027327,0,0.00524054768,0.00874410169,2.25430626e-11,0.00202048162,,401,1111
329,4.87556696,0.419591556,0.000168395906,0.419591556,0,0.00718546224,0.0215474584,3.1507979e-12,0.00170644219,,401,2738
330,1.96018779,0.763292028,0.000267534347,0.763292028,0,0.0200043566,0.0425559033,7.95273634e-12,0.000253767666,,401,2438
331,4.99933577,0.403239264,0.000240510109,0.403239264,0,0.00707045387,0.0206610607,6.42723475e-12,0.00179205967,,401,2550
332,6.15162611,0.2531248,0.000439959289,0.2531248,0,0.00489443043,0.0131810739,2.15071307e-11,0.00233819093,,401,1219
333,8.36991978,0.0786254249,0.000541264922,0.0786254249,0,0.00439228999,0.00619826005,3.25519684e-11,0.00204030209,,401,328
334,0.632788777,0.842907629,0.000377058863,0.842907629,0,0.0333169908,0.0577244557,1.57970429e-11,6.3449915e-05,,401,1711
335,7.29038858,0.120199533,0.000529595947,0.120199533,0,0.0040577255,0.00716293339,3.11635408e-11,0.00193972316,,401,453
336,2.31736922,0.730033211,0.000314948598,0.730033211,0,0.0173760646,0.0398500155,1.10214022e-11,0.000310928237,13400,401,2238
337,4.31814384,0.492882838,0.000313326271,0.492882838,0,0.00847523397,0.0254142451,1.09081502e-11,0.00108063448,,401,2250
338,2.09925842,0.750832251,0.000383831889,0.750832251,0,0.0189624835,0.0414811151,1.63696577e-11,0.000273940426,,401,1660
339,9.96480751,0.212265341,0.0018125254,0.212265341,0,0.0110334522,0.0139721531,3.65027592e-10,0.00290214797,,401,11
340,2.77329278,0.682258761,0.000340324143,0.682258761,0,0.0148373582,0.0363683725,1.28689469e-11,0.000383353833,,401,2062
341,8.44095707,0.0822603204,0.000535953811,0.0822603204,0,0.00451516713,0.00635042315,3.19162763e-11,0.00204238164,,401,384
342,3.31427741,0.619652661,0.000147376625,0.619652661,0,0.0120483105,0.0325012402,2.41331885e-12,0.000644043608,,401,2804
343,2.22451329,0.739067594,0.000381982983,0.739067594,0,0.0180296137,0.0405437251,1.62123333e-11,0.000294841431,14050,401,1674
344,4.12129545,0.518449444,0.000147952354,0.518449444,0,0.0089121392,0.026831995,2.432211e-12,0.000924134546,19400,401,2799
345,3.47308755,0.600340125,0.000237565523,0.600340125,0,0.0113920096,0.0313611395,6.27081974e-12,0.000712892574,,401,2559
346,8.61584568,0.0934491276,0.000494710839,0.0934491276,0,0.00478666316,0.00687648251,2.71932016e-11,0.00203240063,,401,742
347,7.25141859,0.124123822,0.000508499312,0.124123822,0,0.00403076884,0.00731506469,2.87301722e-11,0.00195691633,,401,624
348,6.73535252,0.181429984,0.0004765313,0.181429984,0,0.00428995609,0.00974926252,2.52313422e-11,0.00228975004,,401,913
349,6.26336002,0.239048179,0.000359744068,0.239048179,0,0.00468513061,0.0125112614,1.43795327e-11,0.00238791295,,401,1879
350,7.85025406,0.0770965744,0.000324926129,0.0770965744,0,0.00400554883,0.00594300293,1.17307766e-11,0.00193094468,,401,2188
351,4.14282656,0.515664938,0.000124021592,0.515664938,0,0.00885516158,0.0266784355,1.70903948e-12,0.000937485648,,401,2884
352,9.99803352,0.215263313,0.00241667176,0.215263313,0,0.0121325913,0.0144122188,6.48922489e-10,0.00296125439,,401,1
353,0.497679293,0.8464404,0.000278460074,0.8464404,0,0.0350566915,0.0606159193,8.61555697e-12,8.60998984e-05,,401,2398
354,3.59621143,0.585132185,0.000397375727,0.585132185,0,0.010913492,0.0304809424,1.75452743e-11,0.000751273969,,401,1548
355,6.27895784,0.2370941,0.000353942387,0.2370941,0,0.00466315371,0.0124169205,1.39194682e-11,0.00239316893,,401,1926
356,1.2309469,0.816629751,0.000240526132,0.816629751,0,0.0264833831,0.0489625716,6.42809115e-12,0.000145203284,,401,2549
357,2.92032957,0.665796885,0.000438439059,0.665796885,0,0.0140671323,0.0352901814,2.13587565e-11,0.000433464215,,401,1242
358,9.69552708,0.187756703,0.00070751539,0.187756703,0,0.00653745241,0.0112275161,5.56197808e-11,0.00252735304,,401,144
359,3.71587014,0.570176331,0.000491478542,0.570176331,0,0.0104384833,0.0296394325,2.68390175e-11,0.000780577719,,401,782
360,1.61726069,0.791039934,0.00027420498,0.791039934,0,0.0226431872,0.0454126493,8.35426348e-12,0.000192371321,13800,401,2413
361,0.288050056,0.850082156,0.000522501537,0.850082156,0,0.0383295422,0.0659831411,3.03342063e-11,5.56578478e-05,,401,520
362,4.45507812,0.474973737,0.000490763544,0.474973737,0,0.00817646888,0.0244419178,2.67609841e-11,0.00122977982,,401,788
363,1.51247954,0.798604204,0.000347054144,0.798604204,0,0.0235893908,0.0463186412,1.33829532e-11,0.000174455313,13450,401,2012
364,8.79309082,0.107035985,0.000451914773,0.107035985,0,0.00498208843,0.00759128056,2.26918847e-11,0.00201296107,,401,1101
365,9.08660698,0.132203394,0.00045841261,0.132203394,0,0.0052874145,0.00882884603,2.33491246e-11,0.00202647033,,401,1051
366,1.11473346,0.823048911,0.000312147842,0.823048911,0,0.0277696933,0.0502376185,1.08262528e-11,0.000121547871,,401,2253
367,4.32936287,0.491418846,0.000331429773,0.491418846,0,0.0084520087,0.0253337472,1.22050771e-11,0.00109185003,,401,2124
368,0.583414912,0.84430472,0.00040921628,0.84430472,0,0.0339551257,0.0587219799,1.86064404e-11,6.96349021e-05,,401,1465
369,6.39297485,0.222899956,0.000371601869,0.222899956,0,0.0045523922,0.0117237544,1.53431054e-11,0.00240960101,,401,1766
370,0.501826346,0.846345684,0.00029017402,0.846345684,0,0.0350034213,0.0605192636,9.35566242e-12,8.55101128e-05,,401,2354
371,6.73201799,0.181823977,0.000477394297,0.181823977,0,0.00429395778,0.0097670626,2.53228128e-11,0.00229198513,,401,908
372,1.00589228,0.828498782,0.000376561341,0.828498782,0,0.0289884828,0.0515898761,1.57553826e-11,9.36845096e-05,,401,1715
373,4.98083735,0.405683339,0.000209189853,0.405683339,0,0.0070846848,0.0207939423,4.86226605e-12,0.00178158849,,401,2628
374,2.0345211,0.756713673,0.000343715662,0.756713673,0,0.0194496059,0.0419752073,1.31267174e-11,0.000264308813,,401,2037
375,1.63758075,0.789521544,0.000251633675,0.789521544,0,0.022470941,0.0452381321,7.0355007e-12,0.000196522043,13600,401,2493
376,6.4497242,0.215898516,0.00040804222,0.215898516,0,0.00451894896,0.0113799894,1.84998282e-11,0.00240605423,,401,1475
377,9.77549076,0.195068669,0.000426821177,0.195068669,0,0.00704076874,0.0119677829,2.0241813e-11,0.00263051237,,401,1351
378,5.02493382,0.399857096,0.000286021255,0.399857096,0,0.00705021844,0.0204776188,9.08979539e-12,0.00180516021,,401,2371
379,3.68857765,0.573601791,0.000477704449,0.573601791,0,0.0105483046,0.0298300196,2.53557267e-11,0.000774427091,,401,905
380,6.15653133,0.252503953,0.000435683038,0.252503953,0,0.00488376025,0.0131517765,2.10910788e-11,0.00234106334,,401,1295
381,9.24602032,0.146564966,0.000573420883,0.146564966,0,0.00563378087,0.00931121925,3.65346122e-11,0.00209054221,,401,216
382,4.48684978,0.47080692,0.000513346707,0.47080692,0,0.00810081744,0.0242198618,2.92805379e-11,0.00126799489,,401,591
383,1.8827914,0.769936151,0.000165043234,0.769936151,0,0.0205751466,0.0431783248,3.02658545e-12,0.000242279886,,401,2748
384,1.39382648,0.806618527,0.00032960791,0.806618527,0,0.024766355,0.0473749727,1.20712638e-11,0.000161760151,,401,2138
385,9.20392609,0.142746231,0.000532436613,0.142746231,0,0.00554382189,0.00919058666,3.14987497e-11,0.00206885423,,401,413
386,8.16202927,0.0721950763,0.000486810159,0.0721950763,0,0.00405370637,0.00595688245,2.63315701e-11,0.00201238623,,401,830
387,2.48511076,0.71308348,9.50249924e-05,0.71308348,0,0.0163309404,0.038576145,1.00330546e-12,0.000337113259,15850,401,2945
388,3.78725338,0.561179488,0.000503908616,0.561179488,0,0.0101476561,0.0291444127,2.82137659e-11,0.000797095524,,401,660
389,7.11773109,0.138115765,0.000412743484,0.138115765,0,0.00396469491,0.007884489,1.89285759e-11,0.00202936317,,401,1440
390,5.1338768,0.385468049,0.000463819467,0.385468049,0,0.006941777,0.0197071107,2.39031665e-11,0.00184649696,,401,1011
391,2.95747471,0.661567474,0.000443063224,0.661567474,0,0.0138693231,0.0350231509,2.1811669e-11,0.000450273787,,401,1170
392,1.98102915,0.761466821,0.000291580754,0.761466821,0,0.0198494906,0.0423914774,9.44659287e-12,0.000256633632,,401,2349
393,7.96362352,0.07323596,0.000361004049,0.07323596,0,0.00393941184,0.00591689568,1.44804359e-11,0.00196219014,,401,1863
394,2.8605907,0.672540266,0.00041319427,0.672540266,0,0.014382871,0.0357239136,1.8969945e-11,0.000409896507,,401,1434
395,8.38273621,0.0792345579,0.000541097427,0.0792345579,0,0.00441460641,0.00622302712,3.25318251e-11,0.00204073145,,401,334
396,5.8908391,0.286444116,0.000508717734,0.286444116,0,0.00544899688,0.0147745033,2.87548592e-11,0.00214965863,,401,623
397,6.00971127,0.271183699,0.000527311622,0.271183699,0,0.00521516266,0.0140357974,3.08952829e-11,0.00224285288,,401,477
398,3.96191382,0.538955344,0.000384042773,0.538955344,0,0.00944208226,0.0279449432,1.63876502e-11,0.000847641512,,401,1656
399,1.10201085,0.823714277,0.000323538725,0.823714277,0,0.0279122424,0.0503867898,1.16308119e-11,0.000118371317,,401,2198
400,3.45932603,0.602027717,0.000218832648,0.602027717,0,0.0114458943,0.0314601318,5.32085862e-12,0.000707736943,,401,2604
401,6.08687353,0.261341347,0.000490292287,0.261341347,0,0.00504093443,0.0135685886,2.67096141e-11,0.0022983333,,401,796
402,1.16301739,0.8204564,0.00027000692,0.8204564,0,0.0272307711,0.0496899953,8.10041521e-12,0.00013268902,,401,2430
403,3.50665045,0.596213828,0.000284013037,0.596213828,0,0.0112613827,0.0311200898,8.96260059e-12,0.000724409331,,401,2379
404,1.14559031,0.82140441,0.000284363799,0.82140441,0,0.0274247786,0.0498844284,8.98475223e-12,0.000128861319,,401,2377
405,1.43003082,0.804236348,0.000345702771,0.804236348,0,0.02439932,0.0470460007,1.3278934e-11,0.000164895468,,401,2021
406,6.85245085,0.167753142,0.000410266318,0.167753142,0,0.00413993946,0.00914370986,1.87020502e-11,0.00221191535,,401,1457
407,0.633897662,0.842874794,0.000375601706,0.842874794,0,0.0333027046,0.0577027251,1.56751824e-11,6.34086252e-05,,401,1728
408,4.55275631,0.462151008,0.00053305878,0.462151008,0,0.00793544143,0.0237635963,3.15724069e-11,0.00134897436,,401,403
409,1.56804538,0.794648688,0.00031808008,0.794648688,0,0.0230741891,0.0458372711,1.12416597e-11,0.000183342354,13300,401,2226
410,6.53680515,0.205245608,0.000463809097,0.205245608,0,0.0044707475,0.0108618229,2.39020976e-11,0.00238700883,,401,1012
411,6.87427807,0.165238887,0.000397205428,0.165238887,0,0.00411248191,0.00903470818,1.75302391e-11,0.00219656805,,401,1549
412,2.59673166,0.70138597,9.9759776e-05,0.70138597,0,0.0157382882,0.037711459,1.10577921e-12,0.000351462699,19100,401,2937
413,5.97475147,0.275659925,0.000532440631,0.275659925,0,0.00528943362,0.0142504327,3.14992251e-11,0.00221592909,,401,412
414,4.27005577,0.499149584,0.000232644108,0.499149584,0,0.00857391635,0.0257605033,6.01369789e-12,0.00103560179,,401,2572
415,0.757209837,0.838852024,0.000125961226,0.838852024,0,0.0317495792,0.0554410305,1.76291448e-12,6.70706024e-05,15250,401,2879
416,8.6807394,0.0982177894,0.000477131327,0.0982177894,0,0.00486845787,0.00712100527,2.52949226e-11,0.00202519192,,401,909
417,2.93370509,0.664277164,0.000441122566,0.664277164,0,0.0139960141,0.0351938082,2.16210131e-11,0.000439153663,,401,1203
418,1.87122834,0.770910315,0.000149378218,0.770910315,0,0.0206600205,0.0432729287,2.47931688e-12,0.000240460273,,401,2794
419,0.575478792,0.844517957,0.000407536999,0.844517957,0,0.0340576563,0.058888228,1.8454045e-11,7.10340147e-05,,401,1478
420,9.86490536,0.203213684,0.00054104338,0.203213684,0,0.00839070294,0.0128653562,3.25253266e-11,0.00275081261,,401,335
421,7.94924498,0.0735993632,0.000352965284,0.0735993632,0,0.0039446691,0.00591724468,1.38427213e-11,0.00195823738,,401,1937
422,9.65407467,0.183958747,0.000799092697,0.183958747,0,0.00635877336,0.0109311527,7.09499042e-11,0.00247532336,,401,107
423,9.13276672,0.136330663,0.000480540048,0.136330663,0,0.00538538457,0.00897809364,2.56576376e-11,0.00203967892,,401,884
424,0.974742651,0.829956826,0.00037224952,0.829956826,0,0.0293349777,0.0520117396,1.53966339e-11,8.68818528e-05,,401,1761
425,2.62821364,0.698029686,0.000147438072,0.698029686,0,0.0155779573,0.0374684059,2.41533168e-12,0.000355982984,19100,401,2803
426,3.81776023,0.557318413,0.000498500243,0.557318413,0,0.010022449,0.0289341338,2.7611388e-11,0.000804719298,,401,712
427,2.61079836,0.69988942,0.000120858758,0.69988942,0,0.015666567,0.0376027016,1.62298216e-12,0.000353507483,19100,401,2894
428,2.60630059,0.700368389,0.000114144044,0.700368389,0,0.0156894821,0.0376374455,1.44765142e-12,0.000352856775,19100,401,2912
429,1.42458355,0.804598321,0.000343800883,0.804598321,0,0.0244541677,0.0470950502,1.31332275e-11,0.000164450189,,401,2035
430,8.77528667,0.105598218,0.000455209974,0.105598218,0,0.00496628437,0.00751369855,2.30240133e-11,0.00201461997,,401,1077
431,0.274619341,0.850237749,0.000522985235,0.850237749,0,0.0385604832,0.0663779923,3.03903951e-11,5.19065198e-05,,401,518
432,4.03768682,0.529230824,0.000276199798,0.529230824,0,0.00916814606,0.0274205426,8.47625873e-12,0.000879150492,,401,2406
433,9.67138195,0.185545189,0.000765775584,0.185545189,0,0.00642842175,0.0110483762,6.51569161e-11,0.00249668476,,401,120
434,4.40422392,0.481634916,0.000438334767,0.481634916,0,0.00829206001,0.0248002572,2.13485965e-11,0.00117131438,,401,1244
435,6.9149332,0.160588207,0.000376015576,0.160588207,0,0.00406468714,0.00883454768,1.5709746e-11,0.00216755079,,401,1721
436,2.08845711,0.751823282,0.000378990441,0.751823282,0,0.0190438596,0.0415629206,1.5959306e-11,0.000272373291,,401,1695
437,4.78237724,0.431897193,0.000317465016,0.431897193,0,0.00734697412,0.0221974575,1.11982262e-11,0.00161881081,14800,401,2229
438,5.66590261,0.315594564,0.000309262638,0.315594564,0,0.00579470409,0.0162256474,1.06270422e-11,0.00199181497,,401,2265
439,1.16768229,0.820200305,0.000266464976,0.820200305,0,0.0271789678,0.0496385292,7.88928706e-12,0.000133744187,,401,2441
440,5.49101448,0.338453322,0.000414691089,0.338453322,0,0.00618597768,0.0173423874,1.91076333e-11,0.00191654249,,401,1425
441,0.0126817245,0.851349218,0.00124568332,0.851349218,0,0.0452488561,0.0760530812,1.72414104e-10,2.0190124e-05,,401,26
442,3.73676062,0.567548906,0.000498811334,0.567548906,0,0.0103538274,0.0294940752,2.76458608e-11,0.000785476282,,401,710
443,4.33109617,0.491192569,0.000334513904,0.491192569,0,0.00844841057,0.0253213189,1.24332835e-11,0.00109360779,,401,2101
444,0.0415626131,0.851408508,0.000167339821,0.851408508,0,0.0435554276,0.0749814505,3.11140173e-12,3.80807237e-05,17300,401,2740
445,5.72386265,0.30805315,0.00035339806,0.30805315,0,0.00570363688,0.0158490631,1.38766877e-11,0.00202663193,,401,1932
446,6.53171158,0.205865343,0.000461310599,0.205865343,0,0.00447382637,0.0108917063,2.36452743e-11,0.00238786884,,401,1030
447,1.92841351,0.766045468,0.000227073672,0.766045468,0,0.0202394289,0.0428091528,5.7291614e-12,0.000249101557,,401,2580
448,6.4358058,0.217611652,0.000398249106,0.217611652,0,0.00452657577,0.011463992,1.76224834e-11,0.00240833139,,401,1538
449,8.15614605,0.0721193457,0.000483829213,0.0721193457,0,0.00404575983,0.00595403738,2.60100786e-11,0.00201080717,,401,855
450,5.94429445,0.279567754,0.000529477713,0.279567754,0,0.00535053681,0.0144391812,3.11496276e-11,0.00219203234,,401,455
451,0.543852985,0.845336203,0.000379650181,0.845336203,0,0.0344648317,0.059568695,1.60149177e-11,7.73626204e-05,,401,1692
452,7.54774046,0.0966383017,0.000505502796,0.0966383017,0,0.00416487391,0.00636616011,2.83925641e-11,0.00188542158,,401,645
453,7.94210386,0.073793948,0.000349214141,0.073793948,0,0.00394772849,0.00591768476,1.35500574e-11,0.00195591702,,401,1986
454,2.64808083,0.695899435,0.000177301019,0.695899435,0,0.0154769956,0.0373157465,3.49285016e-12,0.000358915785,,401,2715
455,1.66145527,0.787716443,0.000222999268,0.787716443,0,0.0222720981,0.0450338787,5.52540816e-12,0.000201158666,14050,401,2593
456,3.54021144,0.592073186,0.000329127023,0.592073186,0,0.0111312477,0.0308797935,1.20360664e-11,0.000735148951,,401,2142
457,7.41537428,0.108185469,0.000554528818,0.108185469,0,0.00413417565,0.00672843131,3.41669122e-11,0.00190030019,,401,272
458,5.01611757,0.401021905,0.000270475616,0.401021905,0,0.00705730561,0.0205407252,8.12856212e-12,0.00180084393,,401,2427
459,6.35707712,0.227351149,0.000355442701,0.227351149,0,0.00457903017,0.0119422471,1.40377238e-11,0.00240794065,,401,1916
460,0.777017593,0.838136328,0.000111213778,0.838136328,0,0.0315173475,0.0550982951,1.37427828e-12,6.826435e-05,15250,401,2927
461,5.64983892,0.317687928,0.000303404329,0.317687928,0,0.00582281642,0.0163295798,1.0228243e-11,0.00198244881,,401,2297
462,8.41933918,0.0810891213,0.000538655844,0.0810891213,0,0.00447807414,0.00630027009,3.22389021e-11,0.00204199031,,401,365
463,7.93121243,0.0741084154,0.000344226017,0.0741084154,0,0.00395292404,0.00591875314,1.31657279e-11,0.00195297838,,401,2031
464,4.59070396,0.457160603,0.000527150239,0.457160603,0,0.00783580983,0.0235033449,3.08763749e-11,0.00139554352,,401,480
465,0.534644365,0.845565041,0.000365101158,0.845565041,0,0.0345829476,0.0597724155,1.48109839e-11,7.92736108e-05,,401,1828
466,2.95269465,0.662113188,0.000442791228,0.662113188,0,0.0138948239,0.0350574056,2.17848969e-11,0.000447968768,,401,1177
467,6.64627457,0.192026472,0.000495134135,0.192026472,0,0.00438668683,0.0102351408,2.72397568e-11,0.00234052629,,401,735
468,9.73164654,0.191062252,0.000594450739,0.191062252,0,0.00673112206,0.0115336673,3.92635201e-11,0.00257322842,,401,205
469,7.44728184,0.105278921,0.000549512095,0.105278921,0,0.00414746064,0.00663160262,3.35515047e-11,0.00189432987,,401,299
470,1.2492764,0.815561703,0.000242472774,0.815561703,0,0.0262847215,0.0487737079,6.53256067e-12,0.000147752655,,401,2533
471,6.95308304,0.156264753,0.000362931649,0.156264753,0,0.00402591499,0.00864991429,1.46354869e-11,0.00214053177,,401,1846
472,8.50816345,0.0862259029,0.000523137731,0.0862259029,0,0.00462671089,0.00652775164,3.04081206e-11,0.00204089554,,401,517
473,5.10936069,0.388705223,0.000429029533,0.388705223,0,0.00697049243,0.01987875,2.04518155e-11,0.00183928365,,401,1339
474,6.16977549,0.250829364,0.000424253523,0.250829364,0,0.0048553644,0.0130727122,1.99990058e-11,0.00234776475,,401,1368
475,9.06742287,0.130497566,0.000451858257,0.130497566,0,0.00525027312,0.00876284463,2.26862094e-11,0.00202172616,,401,1102
476,0.403929234,0.848349039,0.000162248344,0.848349039,0,0.0363644159,0.0628959556,2.92494722e-12,8.79645155e-05,17300,401,2755
477,3.0486722,0.651069393,0.000418694701,0.651069393,0,0.0133821864,0.0343744868,1.94783614e-11,0.000497083363,,401,1400
478,3.75568652,0.56516464,0.000503026252,0.56516464,0,0.0102767841,0.029362748,2.81150456e-11,0.000789662301,,401,672
479,2.70574284,0.689662806,0.000259045549,0.689662806,0,0.0151836602,0.0368761618,7.45606627e-12,0.00036868177,,401,2467
480,3.56546354,0.58894793,0.000361409639,0.58894793,0,0.0110332558,0.0306995735,1.45129919e-11,0.000742786523,,401,1861
481,1.72141027,0.783084719,0.000143998934,0.783084719,0,0.0217879048,0.0445247918,2.30396589e-12,0.000213404566,13900,401,2814
482,8.86157417,0.112684206,0.0004414225,0.112684206,0,0.00503709792,0.00789599115,2.16504248e-11,0.00200809171,,401,1200
483,2.6388154,0.696894195,0.000163380773,0.696894195,0,0.0155240701,0.0373868753,2.96591968e-12,0.000357447315,19100,401,2753
484,9.89454174,0.205904229,0.000830953188,0.205904229,0,0.00907139966,0.0131645617,7.67203556e-11,0.0027932455,,401,88
485,6.29108095,0.235577118,0.000350642497,0.235577118,0,0.00464733715,0.0123434644,1.3661129e-11,0.00239621798,,401,1969
486,7.74480581,0.0825665965,0.000360664088,0.0825665965,0,0.00408528179,0.00602683121,1.44531761e-11,0.00190618717,,401,1868
487,3.87537575,0.550001939,0.000469440828,0.550001939,0,0.0097865411,0.0285384373,2.44860768e-11,0.000819924845,,401,970
488,9.66792011,0.185227599,0.000772874754,0.185227599,0,0.00641393265,0.011024207,6.63705985e-11,0.00249234463,,401,118
489,3.88802695,0.548391201,0.000459891763,0.548391201,0,0.00973514221,0.0284517022,2.35000482e-11,0.00082335444,,401,1038
490,1.72553229,0.782761025,0.000138579848,0.782761025,0,0.0217553814,0.0444899693,2.13381937e-12,0.000214333229,13900,401,2835
491,7.40565586,0.109084903,0.000555235326,0.109084903,0,0.00412946624,0.00675911153,3.42540297e-11,0.001902348,,401,266
492,3.35818076,0.614350086,0.000128316015,0.614350086,0,0.0118562752,0.0321876161,1.82944441e-12,0.000665189899,,401,2873
493,3.10795879,0.644161566,0.000377133785,0.644161566,0,0.0130681004,0.0339564458,1.58033213e-11,0.000530424824,,401,1707
494,7.3312974,0.11616582,0.000545478278,0.11616582,0,0.00408566138,0.00701139746,3.3060728e-11,0.00192407198,,401,315
495,4.12539053,0.51792007,0.00014265032,0.51792007,0,0.00890100419,0.0268028548,2.26101264e-12,0.000926417505,19400,401,2822
496,3.4414475,0.60421616,0.000195187296,0.60421616,0,0.0115163293,0.0315888197,4.23312008e-12,0.00070086843,,401,2667
497,8.970047,0.121943426,0.000436180358,0.121943426,0,0.00512149209,0.00837809784,2.11392561e-11,0.00200802705,,401,1283
498,0.595239937,0.843981171,0.000408122155,0.843981171,0,0.0338021776,0.0584774644,1.85070771e-11,6.76884746e-05,,401,1474
499,8.07052326,0.0717480565,0.000430809551,0.0717480565,0,0.00395493055,0.00592881117,2.06218743e-11,0.00199077772,,401,1327
500,1.06639564,0.825537108,0.000351895197,0.825537108,0,0.0283116278,0.0508162612,1.37589144e-11,0.000108945425,,401,1951
501,3.02708268,0.653568865,0.0004289799,0.653568865,0,0.013497382,0.0345272982,2.04470839e-11,0.000485316099,,401,1340
502,1.26686096,0.814522949,0.000247987541,0.814522949,0,0.0260954596,0.0485951902,6.83309119e-12,0.000150098815,,401,2507
503,0.385793775,0.848666211,0.000238185239,0.848666211,0,0.0366597096,0.0633494766,6.30357865e-12,8.47549885e-05,,401,2556
504,8.96995926,0.121935825,0.000436489177,0.121935825,0,0.00512142105,0.00837771408,2.11692002e-11,0.00200758863,,401,1276
505,3.81505656,0.557660952,0.000499099069,0.557660952,0,0.0100335538,0.0289527423,2.76777645e-11,0.000803839641,,401,708
506,8.37272453,0.0787568763,0.000541217971,0.0787568763,0,0.00439718101,0.00620358638,3.25463213e-11,0.00204061874,,401,330
507,0.853427887,0.835197514,0.000226170876,0.835197514,0,0.0306691323,0.0538221179,5.68369614e-12,7.22696724e-05,,401,2585
508,2.7236743,0.687707471,0.000282295118,0.687707471,0,0.0150920998,0.0367405923,8.85450371e-12,0.000372146746,,401,2385
509,1.67679775,0.786544648,0.00020322659,0.786544648,0,0.0221461587,0.044903111,4.58900521e-12,0.000204381137,14050,401,2648
510,3.64798713,0.578681151,0.000448197552,0.578681151,0,0.0107099827,0.0301149499,2.23201161e-11,0.000764529985,,401,1131
511,3.34828281,0.615548154,0.000129111436,0.615548154,0,0.0118986489,0.0322585066,1.85219587e-12,0.000660326333,,401,2867
512,9.18055725,0.140632968,0.000512887677,0.140632968,0,0.00549203655,0.00912244017,2.92281966e-11,0.00205778426,,401,595
513,8.17782593,0.0724296692,0.000494862925,0.0724296692,0,0.00407579116,0.00596542558,2.72099238e-11,0.00201510233,,401,741
514,5.83250475,0.293972126,0.000465126566,0.293972126,0,0.00554432092,0.0151460098,2.40380803e-11,0.00210415362,17250,401,1002
515,7.04021883,0.14654912,0.000369103815,0.14654912,0,0.00396984613,0.00823837587,1.5137514e-11,0.00208032907,,401,1785
516,5.40520096,0.349717056,0.000510951652,0.349717056,0,0.0064104677,0.0178901636,2.90079545e-11,0.00189612267,,401,609
517,2.47408819,0.714221068,0.000111238277,0.714221068,0,0.0163940046,0.0386607625,1.37488381e-12,0.000335474966,15650,401,2926
518,1.36833024,0.808262111,0.000314067954,0.808262111,0,0.0250281165,0.0476111807,1.09598533e-11,0.000159630912,,401,2243
519,0.146055475,0.851243921,0.00056203885,0.851243921,0,0.0409480369,0.0706069868,3.50986299e-11,1.72776733e-05,,401,248
520,1.82234693,0.77497472,9.14998885e-05,0.77497472,0,0.0210192916,0.0436771475,9.30247732e-13,0.000232449021,17050,401,2953
521,6.52808523,0.206307036,0.000459306103,0.206307036,0,0.00447600673,0.0109130208,2.34402329e-11,0.00238901356,,401,1045
522,3.6095233,0.58347658,0.00041177641,0.58347658,0,0.0108614267,0.0303865732,1.88399791e-11,0.000754884064,,401,1447
523,4.49662066,0.469524605,0.00051888583,0.469524605,0,0.00807698792,0.0241518528,2.99158339e-11,0.00127975861,,401,551
524,9.21855354,0.144071578,0.00054586565,0.144071578,0,0.00557568908,0.00923272713,3.31077008e-11,0.00207599418,,401,313
525,9.47745895,0.167743018,0.000840308572,0.167743018,0,0.00597713408,0.0100539817,7.84576107e-11,0.00227521059,,401,81
526,0.7679528,0.838466253,0.000114558487,0.838466253,0,0.0316225477,0.0552547654,1.45818301e-12,6.76756082e-05,15250,401,2908
527,8.58891964,0.091555201,0.000502244184,0.091555201,0,0.00474930296,0.00678222941,2.80276912e-11,0.00203492735,,401,679
528,6.86427593,0.166389299,0.000403014593,0.166389299,0,0.00412495175,0.00908449994,1.80467514e-11,0.00220340043,,401,1505
529,1.71838498,0.783321699,0.000147978549,0.783321699,0,0.0218118386,0.0445503551,2.43307234e-12,0.000212821377,13900,401,2798
530,3.3200016,0.618963006,0.000142940053,0.618963006,0,0.0120226709,0.0324604707,2.27020653e-12,0.00064676443,,401,2821
531,7.95074654,0.0735596434,0.000353742572,0.0735596434,0,0.00394406592,0.00591717256,1.39037564e-11,0.00195843254,,401,1929
532,4.70723104,0.441811161,0.000430270277,0.441811161,0,0.00752577986,0.0227106592,2.0570279e-11,0.00153644062,15750,401,1330
533,1.05580151,0.826067991,0.000358821717,0.826067991,0,0.0284303904,0.050947576,1.43058916e-11,0.000106178141,,401,1897
534,5.92282581,0.282326945,0.000523467248,0.282326945,0,0.00539145689,0.0145732379,3.044644e-11,0.00217482516,,401,513
535,9.71933556,0.189936292,0.000636364898,0.189936292,0,0.00666036162,0.0114239559,4.4995587e-11,0.00255724344,,401,183
536,0.998559117,0.82884614,0.000376695369,0.82884614,0,0.0290702022,0.0516876905,1.57666001e-11,9.20238821e-05,,401,1712
537,3.47495961,0.600110419,0.000240074875,0.600110419,0,0.0113846952,0.0313476816,6.40399393e-12,0.000713241304,,401,2552
538,8.14268494,0.071969966,0.000476065894,0.071969966,0,0.00402821681,0.00594818705,2.51820818e-11,0.00200767873,,401,917
539,0.0707335174,0.851422063,0.000489686494,0.851422063,0,0.0426166083,0.0736819672,2.66436513e-11,3.16551705e-05,,401,803
540,9.58377171,0.177507527,0.000871395395,0.177507527,0,0.00614445809,0.0105277013,8.43699927e-11,0.00239139009,,401,53
541,3.73228002,0.568112821,0.000497440941,0.568112821,0,0.0103720209,0.0295252144,2.74941655e-11,0.000784268793,,401,719
542,9.44497299,0.164760093,0.000809824743,0.164760093,0,0.00594266154,0.00993024839,7.28684572e-11,0.00224322341,,401,100
543,8.09135246,0.0717109528,0.000444723054,0.0717109528,0,0.00397172371,0.00593285565,2.19753994e-11,0.0019959419,,401,1157
544,1.05092537,0.826310613,0.000361676586,0.826310613,0,0.0284850272,0.051008588,1.45344392e-11,0.000104940477,,401,1857
545,1.57284176,0.794301274,0.000314529988,0.794301274,0,0.0230311857,0.0457958136,1.09921237e-11,0.000184103315,13350,401,2239
546,4.06906366,0.525190763,0.000226277386,0.525190763,0,0.0090659348,0.0272010096,5.68905061e-12,0.000894572661,,401,2584
547,4.47423077,0.472462316,0.00050515214,0.472462316,0,0.00813118053,0.0243078906,2.83531872e-11,0.00125268228,,401,648
548,4.38143921,0.484615785,0.000408959819,0.484615785,0,0.00834185446,0.0249619237,1.85831259e-11,0.00114619901,,401,1469
549,7.89366674,0.0753542319,0.000330451156,0.0753542319,0,0.00397484379,0.00592617482,1.21331074e-11,0.00194246686,16200,401,2131
550,1.49517381,0.799810015,0.000351215176,0.799810015,0,0.023755643,0.0464694573,1.37057889e-11,0.000172090235,13700,401,1962
551,6.22197819,0.244245811,0.000383708939,0.244245811,0,0.00475253154,0.0127604722,1.63591722e-11,0.00237302534,,401,1662
552,4.10231161,0.520901977,0.000174523006,0.520901977,0,0.00896553768,0.0269666766,3.38425328e-12,0.00091273022,19400,401,2721
553,7.71922874,0.0841334939,0.000377508543,0.0841334939,0,0.00410266326,0.00605714237,1.58347444e-11,0.00190083439,,401,1702
554,6.04783058,0.266314755,0.000513262095,0.266314755,0,0.00513029454,0.0138039823,2.92708865e-11,0.00227082333,,401,592
555,5.4091177,0.349202193,0.000507300203,0.349202193,0,0.00640039322,0.017864965,2.85948329e-11,0.00189713291,,401,630
556,6.81379223,0.172234148,0.000434357377,0.172234148,0,0.00419009603,0.00933963644,2.09629256e-11,0.00223864368,,401,1301
557,8.20909786,0.0730260307,0.000508909758,0.0730260307,0,0.00412229569,0.00598659954,2.87765713e-11,0.00202104621,,401,621
558,8.36108875,0.0782183761,0.000541226795,0.0782183761,0,0.00437690987,0.00618188961,3.25473827e-11,0.00203953748,,401,329
559,6.3314395,0.230540365,0.000349204408,0.230540365,0,0.00460220049,0.0120983145,1.3549302e-11,0.00240457264,,401,1987
560,3.63790512,0.579939815,0.00043954548,0.579939815,0,0.010749834,0.0301859955,2.14666921e-11,0.000762024931,,401,1224
561,0.850348592,0.835321329,0.000220236486,0.835321329,0,0.0307028311,0.053871635,5.38934552e-12,7.20798251e-05,,401,2602
562,1.14943337,0.821196532,0.000281076829,0.821196532,0,0.027381936,0.0498412502,8.77824265e-12,0.000129771382,,401,2392
563,4.24616718,0.50225805,0.000192986947,0.50225805,0,0.00862305437,0.0259330963,4.13821797e-12,0.00101470735,,401,2672
564,7.9229269,0.0743619582,0.000340541398,0.0743619582,0,0.00395729215,0.00591985689,1.28853827e-11,0.00195074829,,401,2060
565,9.7597456,0.193630736,0.000488331064,0.193630736,0,0.00691672968,0.0118047435,2.64963587e-11,0.00260944575,,401,815
566,5.49488592,0.33794567,0.000410288313,0.33794567,0,0.00617586689,0.0173178183,1.87040555e-11,0.00191773413,,401,1456
567,9.09611416,0.133050843,0.000462269546,0.133050843,0,0.00530678022,0.00886059948,2.37436815e-11,0.00202879369,,401,1020
568,0.21064277,0.850848247,0.000421349303,0.850848247,0,0.0396933781,0.0683730345,1.97261373e-11,3.85913235e-05,,401,1388
569,8.77992439,0.105971429,0.000454305807,0.105971429,0,0.00497046013,0.00753381968,2.29326407e-11,0.00201433294,,401,1084
570,1.11208463,0.823188038,0.000314521126,0.823188038,0,0.0277993608,0.0502684982,1.09915043e-11,0.000120844966,,401,2240
571,4.27842283,0.498060169,0.000246658322,0.498060169,0,0.00855677551,0.0257001333,6.76003641e-12,0.00104319715,,401,2515
572,2.95594501,0.661742219,0.000443036854,0.661742219,0,0.0138774952,0.0350341089,2.18090727e-11,0.000449435515,,401,1172
573,7.79214716,0.07990527,0.000336712872,0.07990527,0,0.00405016447,0.00598120834,1.25972842e-11,0.00191636526,,401,2086
574,6.95592403,0.15594445,0.000362375414,0.15594445,0,0.00402334189,0.00863627227,1.45906601e-11,0.00213867449,,401,1850
575,4.17572737,0.51140382,0.000112941554,0.51140382,0,0.00877521469,0.0264421838,1.41731052e-12,0.000960246916,,401,2915
576,9.38691044,0.159433512,0.000743233464,0.159433512,0,0.00587433641,0.00973030586,6.13773313e-11,0.00219034882,,401,131
577,7.95527601,0.0734422842,0.000356091106,0.0734422842,0,0.00394229973,0.00591700983,1.40889862e-11,0.00195927889,,401,1912
578,5.59538031,0.324794598,0.000311356659,0.324794598,0,0.0059309243,0.0166794795,1.0771441e-11,0.00195568666,,401,2255
579,0.101296082,0.851386792,0.000675822125,0.851386792,0,0.0418876299,0.0723622719,5.07483938e-11,1.46400304e-05,,401,158
580,3.50778627,0.596073942,0.000285492045,0.596073942,0,0.0112569676,0.0311119463,9.05618977e-12,0.00072470049,,401,2373
581,7.04779911,0.145715177,0.000372199329,0.145715177,0,0.00396745265,0.00820322117,1.53924823e-11,0.00207459455,,401,1762
582,0.40971747,0.848244153,0.000140260863,0.848244153,0,0.0362726641,0.0627524158,2.18590107e-12,8.87309644e-05,14950,401,2829
583,0.551393688,0.845145629,0.000389391009,0.845145629,0,0.0343679771,0.0594037704,1.6847262e-11,7.58214731e-05,,401,1618
584,7.26421356,0.122827105,0.000516198509,0.122827105,0,0.00403954299,0.00726433246,2.96067668e-11,0.00195115619,,401,570
585,6.28068161,0.23687839,0.000353358407,0.23687839,0,0.00466083749,0.0124064863,1.38735738e-11,0.00239373579,,401,1933
586,6.10470486,0.259074646,0.000477720295,0.259074646,0,0.00499995831,0.013461618,2.53574089e-11,0.00230990433,,401,904
587,1.98623145,0.761008835,0.000297368398,0.761008835,0,0.0198107503,0.0423506344,9.82532937e-12,0.000257486654,,401,2331
588,5.98638773,0.274168872,0.000531676437,0.274168872,0,0.00526516218,0.0141787613,3.14088705e-11,0.00222498221,,401,430
589,6.87892294,0.164705634,0.000394620512,0.164705634,0,0.00410676272,0.00901165627,1.73028165e-11,0.00219301518,,401,1569
590,6.12024164,0.257102071,0.000465231685,0.257102071,0,0.00496451684,0.0133686019,2.40489467e-11,0.0023197449,,401,1001
591,9.45509148,0.165688855,0.000819962491,0.165688855,0,0.00595342443,0.00996780523,7.47042763e-11,0.00225275003,,401,95
592,9.7270155,0.190638708,0.000610901361,0.190638708,0,0.00670385998,0.0114917448,4.14667191e-11,0.00256744466,,401,196
593,7.45513439,0.104574603,0.000547602484,0.104574603,0,0.00415020514,0.00660867323,3.331872e-11,0.00189318742,,401,305
594,6.66748285,0.189489807,0.000493998113,0.189489807,0,0.00436587394,0.010117445,2.71149039e-11,0.00232954675,,401,755
595,0.0217162427,0.851372717,0.00082332873,0.851372717,0,0.0446516672,0.0757291841,7.53189109e-11,2.94281548e-05,,401,94
596,9.03763771,0.127861339,0.000444316622,0.127861339,0,0.00519969142,0.00865418645,2.19352512e-11,0.00201569562,,401,1163
597,5.192276,0.377760057,0.000528432928,0.377760057,0,0.00686065023,0.0193030778,3.10268178e-11,0.00186072643,,401,466
598,1.50703382,0.79898494,0.00034864386,0.79898494,0,0.0236414464,0.0463660252,1.35058379e-11,0.000173618667,13700,401,1995
599,2.29911423,0.731829613,0.000332055189,0.731829613,0,0.0175005719,0.0399869515,1.22511831e-11,0.00030782325,13400,401,2120
600,7.35331297,0.114034108,0.000551015497,0.114034108,0,0.00409985085,0.00693349475,3.37353419e-11,0.00191682712,,401,292
601,1.4709295,0.801478279,0.000352979146,0.801478279,0,0.0239922633,0.0466821254,1.38438086e-11,0.000169085383,,401,1936
602,3.57441139,0.587838797,0.000372372303,0.587838797,0,0.0109984641,0.0306358614,1.54067924e-11,0.000745228712,,401,1759
603,9.8211441,0.199231899,0.000324783552,0.199231899,0,0.00757026327,0.0124434054,1.1720484e-11,0.00269116528,,401,2190
604,8.47104168,0.0839771565,0.00053093041,0.0839771565,0,0.00456592715,0.00642580901,3.13207889e-11,0.00204210635,,401,439
605,3.09804583,0.645320901,0.000385384414,0.645320901,0,0.013120294,0.0340262156,1.65023496e-11,0.000524541199,,401,1650
606,1.35628235,0.809029103,0.000305871337,0.809029103,0,0.0251527073,0.0477242265,1.03952528e-11,0.000158717502,,401,2285
607,6.71776915,0.183509595,0.000482683798,0.183509595,0,0.00431085794,0.00984341927,2.58870721e-11,0.00230099171,,401,869
608,9.36664486,0.157576414,0.000717957284,0.157576414,0,0.00584654836,0.00966576045,5.72736291e-11,0.00217375176,,401,140
609,2.76272392,0.683423937,0.000328982748,0.683423937,0,0.0148918152,0.0364472906,1.20255165e-11,0.000380667233,,401,2143
610,0.421930403,0.848017463,0.000103578759,0.848017463,0,0.0360842666,0.0624506979,1.19206215e-12,8.99343581e-05,14950,401,2933
611,4.51207209,0.467496148,0.000525590209,0.467496148,0,0.0080388276,0.0240445655,3.06938964e-11,0.00129863035,,401,493
612,7.35627031,0.113750087,0.000551568116,0.113750087,0,0.0041017236,0.00692325746,3.38030429e-11,0.00191564662,,401,290
613,2.58191013,0.702957533,7.77872652e-05,0.702957533,0,0.0158140701,0.0378263082,6.72317625e-13,0.000349497272,19100,401,2975
614,3.43792129,0.604647481,0.000190595977,0.604647481,0,0.0115302954,0.031614216,4.03631406e-12,0.000699439132,,401,2677
615,7.98540831,0.0727580137,0.000374149794,0.0727580137,0,0.00393407041,0.0059175963,1.55542298e-11,0.0019678764,,401,1743
616,4.60763836,0.454932067,0.000520319456,0.454932067,0,0.00779062493,0.0233876829,3.00813707e-11,0.00141675786,,401,541
617,7.27256346,0.121985164,0.000520553857,0.121985164,0,0.00404533414,0.00723162974,3.01084798e-11,0.00194730977,,401,538
618,9.18952084,0.141443015,0.000520032554,0.141443015,0,0.00551199511,0.00914872268,3.00482064e-11,0.00206192504,,401,543
619,7.29417038,0.119822965,0.000531421763,0.119822965,0,0.00406036226,0.00714858126,3.13787878e-11,0.0019383402,,401,433
620,8.08777046,0.0717114412,0.000442341536,0.0717114412,0,0.00396855535,0.00593209031,2.17406705e-11,0.0019951884,,401,1189
621,0.341902107,0.849363565,0.000412929398,0.849363565,0,0.0374034379,0.0644847408,1.8945632e-11,7.29759146e-05,,401,1437
622,3.45287752,0.602817606,0.000210070395,0.602817606,0,0.0114712408,0.0315065396,4.90328566e-12,0.000705122005,,401,2626
623,2.17778778,0.743514368,0.000395015696,0.743514368,0,0.0183737194,0.0408918037,1.73374889e-11,0.000286692014,14050,401,1567
624,8.15750027,0.0721362186,0.00048445265,0.0721362186,0,0.00404758071,0.00595467713,2.60771522e-11,0.00201130607,,401,847
625,5.45278692,0.343467762,0.000460747492,0.343467762,0,0.0062865552,0.0175854633,2.35875835e-11,0.00190635179,,401,1036
626,8.80436897,0.107953737,0.000449708031,0.107953737,0,0.00499172235,0.00764087533,2.24708126e-11,0.00201231693,,401,1118
627,3.9788146,0.536790333,0.000362365951,0.536790333,0,0.00937795745,0.0278286017,1.4589898e-11,0.000854180102,,401,1851
628,0.176949605,0.851082467,0.000438533657,0.851082467,0,0.0403327594,0.0695041788,2.13679743e-11,2.98570378e-05,,401,1239
629,0.864161551,0.834762147,0.000246251849,0.834762147,0,0.030551684,0.0536508799,6.73777481e-12,7.28834679e-05,,401,2516
630,0.152420893,0.851214749,0.000532724272,0.851214749,0,0.0408194595,0.0703734115,3.15327944e-11,2.02028606e-05,,401,409
631,5.48354006,0.339433222,0.000423813248,0.339433222,0,0.00620557227,0.0173898294,1.99575188e-11,0.00191480372,,401,1371
632,0.453249216,0.847400972,0.000133601071,0.847400972,0,0.035638534,0.0616802114,1.98324957e-12,9.06450452e-05,16650,401,2852
633,6.68271732,0.187672987,0.000492008133,0.187672987,0,0.0043500429,0.0100336836,2.68968892e-11,0.00232111795,,401,777
634,6.51586056,0.207797231,0.000452066394,0.207797231,0,0.00448311313,0.0109850821,2.27071138e-11,0.00239285451,,401,1098
635,7.94422626,0.0737351972,0.00035052355,0.0737351972,0,0.00394679683,0.00591753379,1.36518622e-11,0.00195685273,,401,1972
636,4.27491283,0.498517446,0.000240934252,0.498517446,0,0.00856396409,0.0257254649,6.44992376e-12,0.00103997068,,401,2544
637,5.43178558,0.346224603,0.00048407346,0.346224603,0,0.00634163677,0.0177195772,2.60363461e-11,0.0019014173,,401,852
638,2.7959249,0.679755107,0.000363014973,0.679755107,0,0.0147203536,0.0362000242,1.46422078e-11,0.000389348215,,401,1845
639,4.67747831,0.445733398,0.000465702716,0.445733398,0,0.00760355082,0.022912698,2.40976688e-11,0.001501644,16200,401,999
640,0.712942958,0.84038218,0.000216684321,0.84038218,0,0.0322939262,0.0562219892,5.21689943e-12,6.41660831e-05,,401,2609
641,4.09917545,0.521306657,0.000179144422,0.521306657,0,0.00897464247,0.0269888528,3.56585823e-12,0.000910976307,19400,401,2708
642,2.09397888,0.751317097,0.000381562247,0.751317097,0,0.0190022634,0.0415210682,1.61766387e-11,0.000273094303,,401,1676
643,4.0351634,0.529555377,0.000280240986,0.529555377,0,0.00917665604,0.027438135,8.72611223e-12,0.000878091923,,401,2394
644,9.93041039,0.209155243,0.00128291534,0.209155243,0,0.0100123039,0.0135573842,1.82874642e-10,0.00284638884,,401,24
645,5.68466091,0.313151671,0.000320132495,0.313151671,0,0.00576370327,0.0161039632,1.13872016e-11,0.00200223781,,401,2215
646,7.39403486,0.110168595,0.000555409843,0.110168595,0,0.00412350718,0.00679649749,3.4275566e-11,0.00190561419,,401,261
647,2.67270875,0.693245405,0.000213299042,0.693245405,0,0.0153518374,0.0371273396,5.05516459e-12,0.000362772502,,401,2620
648,9.04227924,0.128271127,0.00044519073,0.128271127,0,0.0052068741,0.00867169178,2.20216429e-11,0.00201663159,,401,1151
649,0.892077625,0.83360402,0.00029358963,0.83360402,0,0.0302460843,0.0532156312,9.57720789e-12,7.50324129e-05,,401,2343
650,6.59501934,0.198190459,0.000487931526,0.198190459,0,0.00443068084,0.0105246803,2.64530194e-11,0.00236463233,,401,816
651,3.04509187,0.651484452,0.000420701161,0.651484452,0,0.0134012764,0.034399798,1.96654963e-11,0.000494997088,,401,1393
652,6.65725851,0.190711569,0.000494674131,0.190711569,0,0.00437610559,0.0101740236,2.71891662e-11,0.00233493339,,401,745
653,2.53275609,0.708129709,3.70691828e-05,0.708129709,0,0.0160690805,0.0382082413,1.52680479e-13,0.000343373928,16200,401,2996
654,5.53049517,0.333280567,0.000368044417,0.333280567,0,0.00608430571,0.0170920516,1.50507437e-11,0.00192947721,,401,1799
655,9.97037029,0.212767919,0.00190714856,0.212767919,0,0.0112096735,0.014043039,4.04135071e-10,0.00291090954,,401,9
656,7.98308182,0.0728048282,0.000372460013,0.0728048282,0,0.00393447589,0.00591746493,1.54140513e-11,0.00196738675,,401,1755
657,2.87663531,0.670736299,0.000422273327,0.670736299,0,0.0142984092,0.0356068701,1.98127514e-11,0.000415622846,,401,1384
658,6.19235754,0.247977867,0.000405945174,0.247977867,0,0.00480888765,0.0129378132,1.83101649e-11,0.00235957209,,401,1486
659,5.77866411,0.300941098,0.000411131291,0.300941098,0,0.00562436603,0.0154931296,1.87809932e-11,0.00206413817,,401,1453
660,3.0034318,0.656297128,0.000437150974,0.656297128,0,0.0136237774,0.0346951918,2.12334415e-11,0.000472855235,,401,1265
661,5.95642853,0.278009944,0.000531620551,0.278009944,0,0.0053266198,0.0143637798,3.14022679e-11,0.00220162421,,401,431
662,1.76406229,0.779704899,9.37818238e-05,0.779704899,0,0.0214562059,0.0441653875,9.77225609e-13,0.000221849567,13900,401,2949
663,6.06841516,0.263690953,0.000501971372,0.263690953,0,0.00508333665,0.0136796599,2.79972509e-11,0.0022852784,,401,683
664,8.07956696,0.0717217877,0.000436952658,0.0717217877,0,0.00396170898,0.00593046444,2.12141806e-11,0.00199263786,,401,1268
665,9.35877991,0.156856449,0.000708103555,0.156856449,0,0.00583516404,0.00964130893,5.57122939e-11,0.00216740953,,401,143
666,2.01539707,0.758424238,0.000326903267,0.758424238,0,0.0195929453,0.0421231166,1.18739718e-11,0.000261602255,,401,2165
667,1.85918808,0.771919564,0.000133245655,0.771919564,0,0.0207483737,0.0433718716,1.97271161e-12,0.000238597167,18250,401,2854
668,2.40901875,0.720869404,0.000205423851,0.720869404,0,0.0167825599,0.0391576096,4.68877316e-12,0.00032607326,14400,401,2640
669,6.25860023,0.23964493,0.000361891132,0.23964493,0,0.00469219143,0.0125400031,1.45516879e-11,0.00238681335,,401,1856
670,8.27679253,0.0748914329,0.000530818498,0.0748914329,0,0.00423186499,0.00605377571,3.13075865e-11,0.00203141656,,401,440
671,5.5151372,0.33529199,0.000385722979,0.33529199,0,0.00612338555,0.0171894084,1.65313574e-11,0.00192450484,,401,1646
672,1.63016617,0.790077473,0.000260178155,0.790077473,0,0.02253345,0.0453017445,7.52140807e-12,0.000194946125,13800,401,2465
673,3.13323164,0.641197705,0.000353924314,0.641197705,0,0.0129358559,0.0337786907,1.39180467e-11,0.000544628455,,401,1927
674,5.42977953,0.346488187,0.000486251257,0.346488187,0,0.00634688381,0.0177324204,2.62711428e-11,0.00190138269,,401,834
675,9.9032402,0.206693394,0.000930919145,0.206693394,0,0.00928800002,0.0132564098,9.62900504e-11,0.00280567865,,401,36
676,1.20444679,0.818147353,0.000245647605,0.818147353,0,0.0267729986,0.0492409574,6.70474955e-12,0.000140897256,,401,2519
677,5.909266,0.284071364,0.000518270348,0.284071364,0,0.00541633545,0.0146583359,2.98449059e-11,0.00216420214,,401,557
678,9.32141209,0.153438193,0.000661290558,0.153438193,0,0.00577614186,0.00952853277,4.85894669e-11,0.00213921277,,401,168
679,4.25401545,0.501237224,0.000205704906,0.501237224,0,0.00860685432,0.0258763675,4.70161204e-12,0.00102145276,,401,2639
680,7.67889404,0.0867758248,0.000407777123,0.0867758248,0,0.00412664035,0.00611321061,1.8475798e-11,0.00189452238,,401,1477
681,8.39584732,0.079879826,0.000540555437,0.079879826,0,0.00443740889,0.00624957719,3.24666867e-11,0.00204114244,,401,345
682,8.10091496,0.0717215472,0.00045093788,0.0717215472,0,0.00398076322,0.00593502398,2.25938858e-11,0.00199814808,,401,1108
683,7.05508041,0.144915892,0.000375452683,0.144915892,0,0.00396555106,0.00816956628,1.56627464e-11,0.00206985965,,401,1730
684,2.14950252,0.746172959,0.000395852506,0.746172959,0,0.0185848092,0.0411031812,1.74110229e-11,0.000281963707,,401,1560
685,7.32304192,0.11697243,0.000542844239,0.11697243,0,0.00408016366,0.00704127576,3.27422075e-11,0.00192713508,,401,322
686,9.15420914,0.138257802,0.000493745575,0.138257802,0,0.00543306696,0.00904387688,2.70871881e-11,0.00204730521,,401,756
687,5.52379847,0.334157688,0.000375588227,0.334157688,0,0.00610125717,0.0171345134,1.56740574e-11,0.00192719805,,401,1729
688,6.00369883,0.271952918,0.000528867607,0.271952918,0,0.00522822314,0.0140725684,3.10778829e-11,0.00223821534,,401,462
689,0.964966357,0.830405074,0.000368013483,0.830405074,0,0.0294433646,0.0521476338,1.50482137e-11,8.49590023e-05,,401,1800
690,8.74282169,0.103013131,0.00046199855,0.103013131,0,0.00493546514,0.00737480529,2.37158512e-11,0.00201830732,,401,1021
691,2.24258113,0.73732991,0.00037301595,0.73732991,0,0.0178988097,0.0404091581,1.54600999e-11,0.000297997794,14050,401,1753
692,2.82515502,0.676505013,0.000388537389,0.676505013,0,0.0145683852,0.0359839298,1.67734781e-11,0.000397920003,,401,1625
693,3.80049372,0.559504782,0.000502628335,0.559504782,0,0.0100933454,0.0290530622,2.80705826e-11,0.00080041167,,401,677
694,9.62116623,0.180939951,0.000844690242,0.180939951,0,0.00624479344,0.0107299465,7.92779561e-11,0.00243513718,,401,79
695,3.62908602,0.581039738,0.000431333913,0.581039738,0,0.010784595,0.0302482293,2.0672105e-11,0.000759951442,,401,1324
696,9.85748005,0.202538333,0.000482909234,0.202538333,0,0.0082347902,0.012792976,2.59112587e-11,0.00274072294,,401,865
697,6.58521509,0.199374554,0.000484608821,0.199374554,0,0.00443809901,0.0105808645,2.60939677e-11,0.00236901891,,401,846
698,8.97339058,0.122234043,0.000436352829,0.122234043,0,0.00512452474,0.0083924777,2.11559768e-11,0.00200827254,,401,1279
699,3.94857097,0.540662789,0.000400244175,0.540662789,0,0.00949371389,0.0280366016,1.77994888e-11,0.000842879916,,401,1526
700,9.93387604,0.209468694,0.00133201805,0.209468694,0,0.010109919,0.0135973901,1.97141342e-10,0.0028519805,,401,23
701,1.95995152,0.763312646,0.000267138965,0.763312646,0,0.020006105,0.042557778,7.92924738e-12,0.000253711568,,401,2440
702,3.49760604,0.597327329,0.000271423499,0.597327329,0,0.0112965109,0.031184987,8.18563511e-12,0.000721389978,,401,2422
703,3.22867179,0.629906528,0.000245007565,0.629906528,0,0.0124517519,0.0331073488,6.66985633e-12,0.000598661718,,401,2522
704,8.20500374,0.0729381055,0.000507193158,0.0729381055,0,0.00411602899,0.00598349911,2.85827666e-11,0.00202017099,,401,631
705,0.35933724,0.849098521,0.000348862139,0.849098521,0,0.0371049105,0.0640260923,1.35227547e-11,7.81932098e-05,,401,1991
706,3.36356831,0.613697412,0.000128853143,0.613697412,0,0.0118334268,0.0321489911,1.84479249e-12,0.00066778026,,401,2868
707,1.75933456,0.78008281,9.85156913e-05,0.78008281,0,0.0214924401,0.0442051339,1.07837127e-12,0.000220996825,13900,401,2940
708,6.84812784,0.168252276,0.000413068052,0.168252276,0,0.00414547478,0.00916542824,1.89583573e-11,0.00221463446,,401,1435
709,7.47467566,0.10284232,0.000541477621,0.10284232,0,0.00415607073,0.00655321716,3.25775572e-11,0.00189013681,,401,326
710,3.16047192,0.637990761,0.000325889126,0.637990761,0,0.0127949028,0.0335872131,1.18004136e-11,0.000560191856,,401,2173
711,3.88177776,0.549187058,0.000464864483,0.549187058,0,0.00976050332,0.028494544,2.40109986e-11,0.000821495967,,401,1004
712,2.84390044,0.674410933,0.000402452349,0.674410933,0,0.0144704205,0.0358461179,1.79964326e-11,0.000404107377,,401,1509
713,0.628253698,0.843041035,0.000382739969,0.843041035,0,0.0333754555,0.0578136215,1.62766538e-11,6.38251178e-05,11850,401,1666
714,5.84014559,0.292984709,0.000472000698,0.292984709,0,0.0055324441,0.0150970533,2.4753851e-11,0.00210998537,17250,401,949
715,4.86094475,0.421522966,0.000187217719,0.421522966,0,0.00720570248,0.0216506649,3.89449713e-12,0.00169401189,,401,2685
716,2.71362638,0.688803979,0.0002694429,0.688803979,0,0.0151434349,0.0368164862,8.06660848e-12,0.000370026643,,401,2434
717,7.10685873,0.139285874,0.000405212445,0.139285874,0,0.00396296082,0.00793332184,1.8244125e-11,0.0020364588,,401,1493
718,2.66065907,0.694545699,0.000195818912,0.694545699,0,0.0154130812,0.0372194005,4.26056072e-12,0.000360931724,,401,2665
719,1.9262588,0.766230914,0.000224472683,0.766230914,0,0.0202553285,0.0428264405,5.59866504e-12,0.000248944148,,401,2587
720,2.1329186,0.747719792,0.000393806068,0.747719792,0,0.0187091954,0.0412275163,1.72314688e-11,0.000279251069,12050,401,1577
721,2.4112792,0.720640284,0.000202292891,0.720640284,0,0.0167685854,0.0391404247,4.54693487e-12,0.000326342873,14400,401,2651
722,3.31909609,0.619072111,0.000143524909,0.619072111,0,0.012026711,0.032466923,2.28882216e-12,0.000646322412,,401,2818
723,1.91871619,0.766878743,0.000214252271,0.766878743,0,0.0203109486,0.0428870727,5.1004484e-12,0.000247707243,,401,2617
724,8.61942101,0.0937045636,0.000493724908,0.0937045636,0,0.00479146961,0.00688933631,2.70849205e-11,0.00203218952,,401,757
725,0.524126112,0.845821155,0.00034491779,0.845821155,0,0.034717693,0.0600082456,1.3218698e-11,8.13821183e-05,,401,2027
726,7.57381821,0.0945378673,0.000488467406,0.0945378673,0,0.00416273955,0.00630729486,2.65111563e-11,0.00188547576,,401,812
727,1.84955728,0.772722995,0.000120868091,0.772722995,0,0.0208190736,0.0434513191,1.62323282e-12,0.000236952383,17750,401,2893
728,5.82494402,0.294949746,0.00045808075,0.294949746,0,0.0055559119,0.0151945483,2.33153304e-11,0.00209839581,17250,401,1055
729,1.31534994,0.811587455,0.000276396469,0.811587455,0,0.0255802448,0.0481156332,8.48833421e-12,0.000155194814,,401,2405
730,9.21403313,0.143661765,0.000541509052,0.143661765,0,0.00556590086,0.00921974178,3.25813392e-11,0.0020740224,,401,325
731,0.251783371,0.85048047,0.000499574403,0.85048047,0,0.0389568393,0.0670682966,2.77305093e-11,4.65553886e-05,,401,700
732,6.1875639,0.248582509,0.000409567748,0.248582509,0,0.00481853041,0.0129664511,1.86384156e-11,0.00235691877,,401,1461
733,4.14477968,0.515412167,0.000122420051,0.515412167,0,0.00885017988,0.0266644606,1.66518542e-12,0.00093896278,,401,2888
734,4.37007236,0.486101677,0.000393398644,0.486101677,0,0.0083663038,0.0250428012,1.71958326e-11,0.00113408789,,401,1581
735,9.84860134,0.201731129,0.000423339015,0.201731129,0,0.00805656061,0.0127073699,1.99128801e-11,0.00272821696,,401,1377
736,0.133374438,0.851295356,0.000617462767,0.851295356,0,0.0412069007,0.0710835428,4.23622521e-11,1.14430811e-05,,401,193
737,3.46528196,0.601297696,0.00022675548,0.601297696,0,0.0114225432,0.0314172818,5.71311642e-12,0.000709697028,,401,2582
738,3.58939099,0.585979684,0.000389820748,0.585979684,0,0.010940107,0.0305293658,1.68844684e-11,0.000749477491,,401,1615
739,1.58072639,0.793728271,0.000308396488,0.793728271,0,0.0229610048,0.0457276882,1.05675993e-11,0.000185501726,13350,401,2271
740,6.45576096,0.215156424,0.000412286122,0.215156424,0,0.00451570809,0.0113436447,1.88866496e-11,0.0024055066,,401,1443
741,1.54811418,0.79608206,0.000331123636,0.79608206,0,0.0232554713,0.0460096264,1.21825402e-11,0.000179899317,13300,401,2128
742,9.76451302,0.194066255,0.000469503233,0.194066255,0,0.00695243901,0.0118533924,2.44925874e-11,0.00261553084,,401,969
743,8.16933441,0.0722979387,0.000490538294,0.0722979387,0,0.00406379251,0.0059606595,2.67364242e-11,0.00201344523,,401,793
744,3.486552,0.598686746,0.000256090084,0.598686746,0,0.0113394985,0.0312643736,7.28690345e-12,0.000717627819,,401,2480
745,5.30670977,0.362674292,0.000568099204,0.362674292,0,0.00664614955,0.0185323429,3.58596339e-11,0.00187987791,,401,230
746,6.17060852,0.250724126,0.000423690805,0.250724126,0,0.00485360106,0.0130677429,1.99459887e-11,0.00234864359,,401,1373
747,9.74292088,0.192093495,0.000553440044,0.192093495,0,0.00680109086,0.0116390707,3.40328759e-11,0.00258764907,,401,281
748,8.28717327,0.0752436773,0.000533097242,0.0752436773,0,0.00424940225,0.00606683085,3.15769632e-11,0.00203280346,,401,402
749,1.32247293,0.811147587,0.000281479816,0.811147587,0,0.0255053726,0.0480466737,8.80343188e-12,0.000155787635,,401,2390
750,0.215842381,0.850806789,0.000429363129,0.850806789,0,0.0395979347,0.0682037495,2.04836329e-11,3.9685291e-05,,401,1336
751,2.3974247,0.722041853,0.000220989984,0.722041853,0,0.016854745,0.0392456455,5.42628591e-12,0.000324024626,14150,401,2600
752,1.22414207,0.817022527,0.000240959772,0.817022527,0,0.0265574891,0.0490334451,6.45129019e-12,0.000144089529,,401,2543
753,8.54051304,0.0882930538,0.000515296695,0.0882930538,0,0.00467757469,0.00662442805,2.95034093e-11,0.00203899808,,401,580
754,6.67954445,0.188051018,0.000492633325,0.188051018,0,0.00435338341,0.0100510829,2.69652881e-11,0.00232231641,,401,770
755,5.93084145,0.281296306,0.000526078969,0.281296306,0,0.00537640613,0.014523079,3.07510091e-11,0.00218112973,,401,488
756,7.54176712,0.0971283328,0.000509102456,0.0971283328,0,0.00416497266,0.00638022453,2.87983678e-11,0.0018852746,,401,620
757,0.895580411,0.833455999,0.000298947882,0.833455999,0,0.0302076926,0.0531620505,9.92998178e-12,7.53355101e-05,,401,2326
758,7.01755238,0.149053929,0.000362614091,0.149053929,0,0.00397944247,0.00834410631,1.46098865e-11,0.00209511172,,401,1849
759,6.4705162,0.213344669,0.000422426412,0.213344669,0,0.00450786387,0.0112550199,1.98271193e-11,0.00240301881,,401,1383
760,5.22225857,0.373804768,0.000550521711,0.373804768,0,0.00681158716,0.0190984168,3.3674906e-11,0.00186651861,,401,295
761,2.15948391,0.745237566,0.000396213606,0.745237566,0,0.0185101416,0.0410284955,1.74428024e-11,0.000283636665,,401,1554
762,8.83336067,0.110336103,0.000445195855,0.110336103,0,0.00501534336,0.00776958464,2.20221499e-11,0.00200957284,,401,1150
763,8.42693615,0.0814945227,0.00053778743,0.0814945227,0,0.0044911614,0.00631751012,3.21350356e-11,0.00204212912,,401,371
764,4.37570047,0.485366064,0.000400965812,0.485366064,0,0.00835422566,0.0250027397,1.78637313e-11,0.00114010903,,401,1521
765,3.66395187,0.576685497,0.000460952784,0.576685497,0,0.010646636,0.0300026643,2.36086077e-11,0.000768610007,,401,1034
766,6.09303427,0.260557851,0.000485682694,0.260557851,0,0.00502675118,0.0135316011,2.62097421e-11,0.00230194561,,401,840
767,1.34695816,0.809618373,0.000299265845,0.809618373,0,0.0252495165,0.0478123746,9.9511162e-12,0.000157936881,,401,2323
768,5.78075123,0.300670503,0.000413277477,0.300670503,0,0.00562132789,0.0154796173,1.89775859e-11,0.00206559488,,401,1433
769,2.09267712,0.751436505,0.000381058825,0.751436505,0,0.019012071,0.0415309296,1.61339809e-11,0.000273009479,,401,1681
770,8.85234737,0.111913316,0.000442438582,0.111913316,0,0.00503008016,0.00785457873,2.1750211e-11,0.00200868444,,401,1183
771,4.72468138,0.439509754,0.000406964812,0.439509754,0,0.00748158503,0.0225919787,1.84022621e-11,0.00155646143,15750,401,1480
772,8.94548035,0.119818138,0.00043603942,0.119818138,0,0.00510062488,0.00827108519,2.11255973e-11,0.00200658047,,401,1287
773,4.17087936,0.512032255,0.000112037977,0.512032255,0,0.00878649823,0.0264771073,1.39472315e-12,0.000956503622,,401,2920
774,2.02802539,0.757296098,0.000338171507,0.757296098,0,0.0194983349,0.0420253377,1.27066631e-11,0.000263362582,,401,2078
775,1.02930987,0.82737273,0.000371596864,0.82737273,0,0.0287269904,0.051283518,1.53426921e-11,9.94076627e-05,,401,1767
776,8.8446331,0.111270995,0.000443729361,0.111270995,0,0.00502415078,0.0078199948,2.18773051e-11,0.00200886342,,401,1165
777,1.31328642,0.811714507,0.000275019031,0.811714507,0,0.0256019743,0.04813568,8.40394085e-12,0.000154950519,,401,2410
778,7.50629425,0.100102798,0.00052839394,0.100102798,0,0.00416249816,0.00646830983,3.10222395e-11,0.00188706824,,401,467
779,5.57946253,0.326874692,0.000321246815,0.326874692,0,0.00596635667,0.0167810342,1.14666129e-11,0.00194843601,,401,2212
780,6.75548792,0.17905696,0.000467348232,0.17905696,0,0.00426513843,0.00964253067,2.42682634e-11,0.00227685975,,401,988
781,1.97329366,0.762146018,0.000282897515,0.762146018,0,0.0199070348,0.0424523533,8.89233375e-12,0.000255544626,,401,2383
782,6.93690014,0.158093967,0.000367556088,0.158093967,0,0.00404150998,0.00872787718,1.50108309e-11,0.00215205823,,401,1807
783,2.5458684,0.706755848,3.68995567e-05,0.706755848,0,0.016000131,0.038106343,1.51286365e-13,0.000345000887,16200,401,2997
784,0.465764552,0.847140587,0.00017499503,0.847140587,0,0.0354713782,0.0613756261,3.40258449e-12,8.99474032e-05,,401,2719
785,1.45874786,0.802307093,0.000352023883,0.802307093,0,0.0241125553,0.0467897565,1.37689793e-11,0.000167778915,,401,1949
786,0.600197554,0.843843493,0.000406251921,0.843843493,0,0.0337380173,0.0583760597,1.8337847e-11,6.68768333e-05,11850,401,1485
787,1.68216062,0.786132838,0.000196256096,0.786132838,0,0.0221024713,0.0448574852,4.27960615e-12,0.000205513366,14050,401,2663
788,1.90189624,0.768315998,0.000191313213,0.768315998,0,0.0204347628,0.0430229323,4.06674951e-12,0.000245236787,,401,2676
789,4.10567141,0.520468111,0.000169805416,0.520468111,0,0.00895588015,0.0269428883,3.20376437e-12,0.000914956082,19400,401,2732
790,8.17341232,0.0723596175,0.000492556872,0.0723596175,0,0.00406951813,0.00596290564,2.69569191e-11,0.00201441988,,401,771
791,0.365450472,0.849001878,0.000324374245,0.849001878,0,0.0370009654,0.0638678535,1.16909612e-11,7.99032705e-05,,401,2193
792,9.03305531,0.127457141,0.000443428405,0.127457141,0,0.00519286826,0.00863669302,2.18476389e-11,0.00201491373,,401,1168
793,5.32780695,0.359896554,0.000562548225,0.359896554,0,0.00659902334,0.0183932575,3.51622783e-11,0.00188277574,,401,246
794,2.71094465,0.689096381,0.000265980268,0.689096381,0,0.0151571292,0.0368367755,7.86061147e-12,0.0003694378,,401,2442
795,3.72875929,0.568555845,0.00049646629,0.568555845,0,0.0103863046,0.0295497003,2.73865308e-11,0.000783755202,,401,726
796,4.05262852,0.527307793,0.000252428517,0.527307793,0,0.00911859987,0.0273161831,7.08001737e-12,0.000886223723,,401,2490
797,6.91196918,0.160925817,0.00037732347,0.160925817,0,0.00406797687,0.008849021,1.58192224e-11,0.00217003919,,401,1705
798,7.91187,0.0747192457,0.000336188154,0.0747192457,0,0.00396354209,0.00592178464,1.25580528e-11,0.00194738233,,401,2089
799,4.60001564,0.455935428,0.000523845334,0.455935428,0,0.00781099695,0.0234397217,3.04904371e-11,0.0014074932,,401,509
800,5.07713842,0.392960699,0.000377968286,0.392960699,0,0.00700401786,0.0201059927,1.58733361e-11,0.00182789375,,401,1700
801,5.96793032,0.276534291,0.000532271385,0.276534291,0,0.00530342788,0.0142925454,3.1479203e-11,0.00221055248,,401,417
802,2.07268691,0.753263138,0.000370572317,0.753263138,0,0.0191626447,0.041682778,1.52582047e-11,0.000269904136,,401,1774
803,2.35437369,0.726362103,0.000274977484,0.726362103,0,0.0171302136,0.0395713793,8.40140183e-12,0.000317147133,13800,401,2411
804,8.37747002,0.078981673,0.00054110013,0.078981673,0,0.00440544277,0.00621271331,3.25321501e-11,0.00204079298,,401,333
805,8.71641541,0.100948326,0.000468144571,0.100948326,0,0.00490830853,0.00726475678,2.43510377e-11,0.00202115008,,401,979
806,8.59206867,0.0917738743,0.000501296554,0.0917738743,0,0.00475377389,0.0067930162,2.79220261e-11,0.00203478624,,401,687
807,6.35557699,0.227537521,0.000354890683,0.227537521,0,0.00458028787,0.011951383,1.39941552e-11,0.00240766992,,401,1921
808,1.80476522,0.776414965,8.03775998e-05,0.776414965,0,0.0211495016,0.0438239478,7.17839838e-13,0.00022931425,13900,401,2968
809,9.19782352,0.142193921,0.000527186978,0.142193921,0,0.0055303872,0.00917290733,3.08806789e-11,0.00206569679,,401,479
810,0.399395376,0.848429916,0.000180430014,0.848429916,0,0.036437214,0.0630087337,3.61722112e-12,8.729394e-05,17300,401,2704
811,6.14843464,0.253528577,0.000442427539,0.253528577,0,0.00490142168,0.0132001213,2.17491253e-11,0.0023364378,,401,1185
812,5.61002588,0.322882046,0.000304929382,0.322882046,0,0.00589980895,0.0165857761,1.03313254e-11,0.00196228118,,401,2288
813,8.45661354,0.083141471,0.000533512384,0.083141471,0,0.00454171643,0.00638883236,3.16261627e-11,0.0020422816,,401,397
814,1.60543001,0.791916379,0.000286070046,0.791916379,0,0.0227448849,0.0455145118,9.09289682e-12,0.000190112772,13650,401,2370
815,0.915552318,0.832601233,0.000325813288,0.832601233,0,0.0299885086,0.0528609395,1.17949221e-11,7.73650129e-05,,401,2174
816,7.7786479,0.0806312682,0.000342383054,0.0806312682,0,0.0040604562,0.00599284991,1.30251284e-11,0.00191367206,,401,2047
817,5.65376949,0.317175537,0.000304480513,0.317175537,0,0.00581580073,0.0163041734,1.03009314e-11,0.00198457782,,401,2289
818,0.0152056497,0.851356205,0.00112040847,0.851356205,0,0.0450758914,0.0759634071,1.3947946e-10,2.3126214e-05,,401,29
819,9.02038956,0.126342172,0.000441333133,0.126342172,0,0.00517534317,0.00858729288,2.16416593e-11,0.00201286791,,401,1201
820,3.04141498,0.651910507,0.000422445377,0.651910507,0,0.0134208788,0.0344258098,1.98288996e-11,0.000493018574,,401,1382
821,6.03858471,0.267494368,0.000517308894,0.267494368,0,0.00515118591,0.0138600033,2.97342769e-11,0.00226414949,,401,564
822,9.2758255,0.149277728,0.000606289928,0.149277728,0,0.00569346025,0.00939628242,4.0843053e-11,0.00210846404,,401,200
823,1.03392124,0.827148014,0.000369871245,0.827148014,0,0.0286754091,0.0512242455,1.52005264e-11,0.000100572419,,401,1778
824,4.90118599,0.416207341,0.000146475198,0.416207341,0,0.00715462585,0.0213654964,2.38388706e-12,0.00172706961,,401,2808
825,1.69262588,0.785325936,0.000182388008,0.785325936,0,0.0220177268,0.0447685616,3.69615395e-12,0.000207521518,14050,401,2699
826,2.81623316,0.677498957,0.000381243729,0.677498957,0,0.014614871,0.0360497301,1.61496423e-11,0.000395164624,,401,1679
827,4.46624851,0.473509282,0.000499518007,0.473509282,0,0.00815016744,0.0243636947,2.77242488e-11,0.00124324335,,401,702
828,0.926969767,0.832104158,0.000338792372,0.832104158,0,0.0298629339,0.0526921475,1.27533635e-11,7.88651834e-05,,401,2072
829,5.26532221,0.368127277,0.000567772719,0.368127277,0,0.00673211772,0.0188078732,3.5818429e-11,0.00187335772,,401,231
830,6.8339324,0.16989535,0.000421771375,0.16989535,0,0.00416382186,0.00923710036,1.9765677e-11,0.00222492385,,401,1386
831,2.61701536,0.699226389,0.000130454344,0.699226389,0,0.0156349066,0.0375547186,1.8909262e-12,0.000354359601,19100,401,2862
832,9.222579,0.144436556,0.000549779817,0.144436556,0,0.00558435594,0.00924426445,3.35842052e-11,0.00207810457,,401,298
833,2.72322464,0.687756659,0.000281779103,0.687756659,0,0.0150944072,0.0367439844,8.82216256e-12,0.000371905557,,401,2389
834,3.69939899,0.572244554,0.000483696232,0.572244554,0,0.0105048672,0.0297543584,2.59957827e-11,0.000776704407,,401,857
835,2.49075675,0.712499593,8.6650834e-05,0.712499593,0,0.0162989625,0.0385327478,8.34263003e-13,0.000337722815,15900,401,2959
836,7.58661509,0.0935304648,0.000479387488,0.0935304648,0,0.00416067155,0.0062799405,2.5534707e-11,0.00188584422,,401,891
837,8.67478657,0.0977692383,0.000478570942,0.0977692383,0,0.00486146113,0.00709763072,2.54477941e-11,0.0020263988,,401,898
838,6.07269573,0.263145735,0.000499418324,0.263145735,0,0.00507353032,0.0136538633,2.77131847e-11,0.00228883406,,401,703
839,4.34411097,0.489493377,0.000354679873,0.489493377,0,0.00842125204,0.0252281237,1.39775347e-11,0.00110679957,,401,1923
840,5.50506878,0.336611294,0.000397747735,0.336611294,0,0.00614936694,0.0172532463,1.75781401e-11,0.00192090473,,401,1544
841,9.54150295,0.173625681,0.000874799377,0.173625681,0,0.00606199688,0.0103243922,8.50304389e-11,0.00234280429,,401,46
842,3.68568873,0.573963956,0.000475832418,0.573963956,0,0.0105598808,0.0298502413,2.51573878e-11,0.000773718819,,401,919
843,8.85847855,0.112425403,0.000441889206,0.112425403,0,0.00503474215,0.0078821031,2.16962301e-11,0.00200803802,,401,1196
844,4.95984745,0.40845681,0.000177691074,0.40845681,0,0.00710102107,0.0209448878,3.50823531e-12,0.00176858183,,401,2714
845,4.48063517,0.471622185,0.000509503809,0.471622185,0,0.00811582498,0.0242631833,2.88437924e-11,0.00126029779,,401,618
846,4.41364145,0.480402131,0.000449326755,0.480402131,0,0.00827113924,0.0247336313,2.24327259e-11,0.00118197467,,401,1122
847,7.81415796,0.0787796657,0.000329742751,0.0787796657,0,0.00403318328,0.00596450567,1.20811424e-11,0.0019216741,,401,2136
848,5.44834805,0.344050309,0.000465942033,0.344050309,0,0.0062982231,0.0176137687,2.41224421e-11,0.00190508584,,401,997
849,4.28052092,0.497786849,0.000250407742,0.497786849,0,0.00855247749,0.0256849991,6.96711524e-12,0.00104485327,,401,2498
850,3.1366539,0.640795596,0.000350616891,0.640795596,0,0.0129180519,0.0337546349,1.36591338e-11,0.000546490885,,401,1970
851,9.80111313,0.197406253,0.000342330605,0.197406253,0,0.00729456626,0.012240837,1.30211381e-11,0.00266395958,13850,401,2048
852,7.16077518,0.133528646,0.000444701847,0.133528646,0,0.00397826988,0.00769435442,2.19733037e-11,0.00200398066,,401,1158
853,6.0122447,0.270859659,0.000526782404,0.270859659,0,0.00520966329,0.0140203098,3.08333001e-11,0.002244855,,401,484
854,0.797144771,0.837389601,0.000124187499,0.837389601,0,0.0312892911,0.0547536446,1.71361498e-12,6.93847725e-05,15250,401,2883
855,5.2033329,0.376301262,0.000537433286,0.376301262,0,0.00684316127,0.0192273791,3.20927264e-11,0.00186298898,,401,374
856,1.45122623,0.802815873,0.000350960094,0.802815873,0,0.0241872567,0.0468565152,1.36858875e-11,0.000166941034,,401,1964
857,6.88232994,0.164314662,0.000392451049,0.164314662,0,0.00410260472,0.00899477966,1.71130918e-11,0.00219110126,,401,1589
858,1.19123793,0.818892043,0.000251499947,0.818892043,0,0.0269183448,0.0493822124,7.0280248e-12,0.000138382174,,401,2496
859,7.86249542,0.0765734775,0.000325100784,0.0765734775,0,0.00399647377,0.00593730528,1.1743391e-11,0.00193434536,16200,401,2182
860,0.272634059,0.850259985,0.000522193449,0.850259985,0,0.0385947088,0.0664370689,3.02984442e-11,5.14125669e-05,,401,525
861,1.40791285,0.805698321,0.00033681759,0.805698321,0,0.0246228731,0.0472461227,1.2605121e-11,0.000162914224,,401,2085
862,6.02834368,0.268802091,0.0005216075,0.268802091,0,0.00517409577,0.0139222095,3.02304871e-11,0.00225685378,,401,530
863,5.65937567,0.316444774,0.000306336015,0.316444774,0,0.00580594961,0.0162679037,1.04268616e-11,0.00198752756,,401,2282
864,8.33371258,0.0770245646,0.000539850338,0.0770245646,0,0.004329325,0.00613472626,3.2382043e-11,0.00203791322,,401,353
865,9.43705845,0.164033537,0.000801580883,0.164033537,0,0.00593411768,0.00990147128,7.13924347e-11,0.00223541268,,401,105
866,1.08816814,0.824429751,0.000335316276,0.824429751,0,0.0280674527,0.050551581,1.24930005e-11,0.000114686522,,401,2093
867,0.817646325,0.836608826,0.000156811407,0.836608826,0,0.0310618014,0.0544081173,2.73220192e-12,7.04130049e-05,,401,2772
868,3.92516208,0.543654909,0.000426068222,0.543654909,0,0.0095859517,0.0281971746,2.01704589e-11,0.000835185389,,401,1354
869,5.88732862,0.286896538,0.000506728409,0.286896538,0,0.00545507699,0.0147967068,2.85304089e-11,0.00214676066,,401,635
870,4.84388733,0.423775782,0.00021341216,0.423775782,0,0.00723180581,0.0217704525,5.06052781e-12,0.00167876555,,401,2619
871,0.377452791,0.848806413,0.000274017413,0.848806413,0,0.0367986085,0.0635605997,8.34283805e-12,8.29024725e-05,,401,2414
872,7.21585608,0.127769803,0.000485174619,0.127769803,0,0.00400756757,0.00745997261,2.61549345e-11,0.00197411898,,401,842
873,9.22658539,0.144799906,0.000553601513,0.144799906,0,0.00559293492,0.00925573422,3.40527373e-11,0.00208056314,,401,279
874,5.07113934,0.393753255,0.000367856798,0.393753255,0,0.00700979166,0.0201484993,1.50354027e-11,0.00182558107,,401,1802
875,2.06196237,0.7542377,0.000363949948,0.7542377,0,0.0192433763,0.0417646018,1.47177294e-11,0.000268321027,,401,1835
876,0.167019129,0.851140041,0.000470787931,0.851140041,0,0.040527978,0.0698506433,2.46268084e-11,2.63256168e-05,,401,957
877,2.1104672,0.749799958,0.000388075055,0.749799958,0,0.0188780737,0.0413964573,1.67335831e-11,0.000275708956,,401,1630
878,5.06488752,0.394578882,0.000357126824,0.394578882,0,0.00701566702,0.0201928413,1.41710632e-11,0.00182311752,,401,1905
879,4.21874189,0.505822703,0.00015135799,0.505822703,0,0.00868041427,0.0261314675,2.54547125e-12,0.000992323202,,401,2789
880,4.15762329,0.513749576,0.000114431517,0.513749576,0,0.00881819509,0.0265724125,1.45495246e-12,0.000947535271,,401,2909
881,0.837635458,0.835828019,0.000195231412,0.835828019,0,0.0308420917,0.0540779235,4.23503381e-12,7.13335417e-05,,401,2666
882,4.29105902,0.496413775,0.000268269978,0.496413775,0,0.00853089684,0.0256090332,7.99653125e-12,0.00105470783,,401,2436
883,6.65052509,0.191517305,0.000494911582,0.191517305,0,0.00438262136,0.0102114556,2.72152749e-11,0.00233886942,,401,738
884,1.19807565,0.818507478,0.000248190328,0.818507478,0,0.026843028,0.0493088734,6.84427098e-12,0.000139686359,,401,2506
885,3.49161315,0.598064435,0.000263196799,0.598064435,0,0.0113198053,0.0312280121,7.69695054e-12,0.000719207784,,401,2450
886,2.58494353,0.702636276,8.20807387e-05,0.702636276,0,0.0157985353,0.0378027826,7.48583074e-13,0.000350067643,19100,401,2964
887,1.57703674,0.793996762,0.000311291901,0.793996762,0,0.0229937691,0.0457595668,1.07669608e-11,0.000184833406,13350,401,2257
888,5.83544397,0.293592356,0.000467791292,0.293592356,0,0.00553976981,0.0151271752,2.43142993e-11,0.00210668838,17250,401,982
889,8.49386024,0.0853431834,0.000526350076,0.0853431834,0,0.00460356584,0.00648731037,3.07827114e-11,0.00204102912,,401,486
890,4.83165026,0.425391842,0.00023329961,0.425391842,0,0.0072521514,0.0218560029,6.0476342e-12,0.00166743163,,401,2568
891,9.14304924,0.13725396,0.000486506773,0.13725396,0,0.00540815557,0.00900986419,2.629876e-11,0.00204350597,,401,832
892,4.62517023,0.452624182,0.000510693311,0.452624182,0,0.00774357184,0.0232682092,2.89786287e-11,0.00143855172,,401,611
893,8.84902954,0.111636624,0.000442975267,0.111636624,0,0.00502753805,0.00783969285,2.18030097e-11,0.00200862229,,401,1175
894,3.15157366,0.639039664,0.000335292125,0.639039664,0,0.0128407404,0.0336497545,1.2491201e-11,0.000555229741,,401,2094
895,8.69382191,0.0992108811,0.00047378489,0.0992108811,0,0.00488349585,0.00717302373,2.49413469e-11,0.00202358972,,401,934
896,5.72940159,0.307333567,0.000359006478,0.307333567,0,0.00569549947,0.0158130359,1.43206279e-11,0.00203026673,,401,1894
897,6.16508245,0.251422644,0.000428428221,0.251422644,0,0.00486533306,0.0131007352,2.03945267e-11,0.00234565757,,401,1343
898,1.24139166,0.816022984,0.000241126522,0.816022984,0,0.0263700105,0.0488545931,6.46022219e-12,0.000146732996,,401,2542
899,0.10743393,0.851373543,0.000679200823,0.851373543,0,0.0417530946,0.0721091495,5.12570842e-11,1.14122598e-05,,401,156
900,2.27686334,0.734005908,0.000350505972,0.734005908,0,0.0176551252,0.0401534254,1.36504929e-11,0.000304007336,,401,1974
901,5.09816456,0.390183683,0.000412125269,0.390183683,0,0.00698265405,0.0199575016,1.88719153e-11,0.00183569576,,401,1444
902,1.18026125,0.819504752,0.000257791588,0.819504752,0,0.0270395789,0.0495009273,7.38405589e-12,0.000136279343,,401,2470
903,4.31221151,0.493656511,0.000303621877,0.493656511,0,0.00848747401,0.0254568494,1.0242916e-11,0.00107467034,,401,2294
904,4.0241189,0.530975466,0.000297172338,0.530975466,0,0.00921447023,0.0275150169,9.81237763e-12,0.000872998433,,401,2332
905,6.7907877,0.174917345,0.000448231143,0.174917345,0,0.00422007331,0.00945806159,2.2323462e-11,0.00225402147,,401,1130
906,0.424829066,0.847962501,9.81575909e-05,0.847962501,0,0.0360407332,0.0623792175,1.07054585e-12,9.01984119e-05,14950,401,2941
907,2.98275399,0.658673429,0.000441322989,0.658673429,0,0.0137343172,0.0348424432,2.16406646e-11,0.000462517563,,401,1202
908,8.60204601,0.0924718693,0.000498520564,0.0924718693,0,0.00476775227,0.00682762358,2.76136392e-11,0.00203416855,,401,711
909,4.15236378,0.514430466,0.000117031736,0.514430466,0,0.00883113833,0.0266101369,1.52182526e-12,0.000943861949,,401,2900
910,0.283443749,0.850136578,0.000523950064,0.850136578,0,0.038408663,0.06611761,3.050263e-11,5.43457207e-05,,401,506
911,4.44451809,0.476358076,0.00048140413,0.476358076,0,0.00820101212,0.0245160481,2.57499929e-11,0.00121743244,,401,877
912,4.1803031,0.510810687,0.000114265668,0.510810687,0,0.00876469698,0.0264092021,1.4507381e-12,0.000963104967,,401,2911
913,4.81567955,0.427500675,0.000260610046,0.427500675,0,0.00728063765,0.0219671969,7.54639956e-12,0.00165229091,17000,401,2463
914,4.53523684,0.464453561,0.000531708937,0.464453561,0,0.00798045011,0.0238843304,3.14127105e-11,0.0013271811,,401,428
915,7.76810884,0.0812165815,0.000347312469,0.0812165815,0,0.00406835335,0.00600270095,1.34028835e-11,0.00191080886,,401,2010
916,8.34548378,0.0775250063,0.000540731913,0.0775250063,0,0.00434976479,0.00615433377,3.24878891e-11,0.00203833892,,401,342
917,2.78514504,0.68094902,0.000352478067,0.68094902,0,0.0147761558,0.0362800956,1.3804532e-11,0.00038638944,,401,1944
918,4.32133579,0.49246627,0.000318681183,0.49246627,0,0.00846864279,0.0253913228,1.12841885e-11,0.00108370277,,401,2220
919,9.46323872,0.166437085,0.000827716166,0.166437085,0,0.00596202127,0.00999867485,7.61237836e-11,0.002260817,,401,91
920,9.39553356,0.160224137,0.000753829984,0.160224137,0,0.00588548858,0.00975848857,6.31399606e-11,0.00219817656,,401,126
921,1.76999927,0.779228908,8.87951625e-05,0.779228908,0,0.0214108994,0.0441154886,8.76064543e-13,0.000222912586,13900,401,2955
922,1.08505821,0.824589319,0.000337849688,0.824589319,0,0.0281023286,0.0505889735,1.26824902e-11,0.000113867488,,401,2082
923,9.29463959,0.150993385,0.000628414424,0.150993385,0,0.0057289479,0.00945038198,4.38782987e-11,0.00212074006,,401,188
924,6.10969019,0.258441501,0.000473821675,0.258441501,0,0.00498856369,0.0134317555,2.494522e-11,0.00231316953,,401,933
925,2.50252628,0.711279624,6.98324708e-05,0.711279624,0,0.0162330633,0.0384421312,5.41841554e-13,0.000339222214,16200,401,2978
926,8.70065308,0.0997332337,0.000471910522,0.0997332337,0,0.00489115151,0.00720050569,2.47443934e-11,0.00202344945,,401,952
927,2.22719908,0.738809851,0.000380731593,0.738809851,0,0.0180100758,0.0405237235,1.61062829e-11,0.000295187021,14050,401,1684
928,4.29870749,0.495417253,0.000281212703,0.495417253,0,0.00851522776,0.0255539696,8.78673156e-12,0.00106192614,,401,2391
929,3.55061936,0.590786052,0.000342639222,0.590786052,0,0.0110908693,0.0308054515,1.30446262e-11,0.000738237051,,401,2046
930,7.28574276,0.12066335,0.000527384401,0.12066335,0,0.00405450008,0.00718068673,3.09038119e-11,0.00194120501,,401,476
931,9.68431282,0.186729949,0.000736012554,0.186729949,0,0.00648502562,0.0111419151,6.01904977e-11,0.00251254435,,401,134
932,5.56484842,0.328785472,0.000333105692,0.328785472,0,0.00600027313,0.0168740346,1.23288225e-11,0.00194255028,,401,2111
933,1.60186636,0.79217922,0.000289546413,0.79217922,0,0.0227757303,0.0455452285,9.31523614e-12,0.000189415636,13650,401,2356
934,1.95114517,0.76407926,0.000256374255,0.76407926,0,0.0200713786,0.042627657,7.30308432e-12,0.000252551897,,401,2477
935,1.88662207,0.769612359,0.000170351992,0.769612359,0,0.0205470161,0.0431470765,3.22442235e-12,0.000242948457,,401,2731
936,1.84612525,0.773008527,0.000116604408,0.773008527,0,0.0208442815,0.0434796952,1.51073201e-12,0.000236381026,17750,401,2903
937,7.52568722,0.0984631261,0.00051832922,0.0984631261,0,0.00416448341,0.00641919917,2.98516867e-11,0.00188569657,,401,556
938,2.36106467,0.72569401,0.00026719265,0.72569401,0,0.0170866666,0.0395208541,7.93243467e-12,0.000318361756,13800,401,2439
939,3.3809793,0.611585455,0.000135134246,0.611585455,0,0.011760558,0.0320240076,2.0290294e-12,0.000675546873,,401,2846
940,6.20106411,0.246879986,0.000399166828,0.246879986,0,0.00479172191,0.0128857507,1.77037952e-11,0.00236355204,,401,1532
941,9.73410797,0.191287301,0.000585822521,0.191287301,0,0.00674593425,0.0115562829,3.81320029e-11,0.00257641025,,401,209
942,2.07640147,0.752924767,0.000372769324,0.752924767,0,0.0191346745,0.041654499,1.54396632e-11,0.000270561129,,401,1754
943,3.60631371,0.583876044,0.000408482748,0.583876044,0,0.0108739842,0.030409318,1.8539795e-11,0.000754144642,,401,1471
944,8.52048206,0.0870018459,0.000520352591,0.0870018459,0,0.00464632407,0.006563719,3.00852022e-11,0.00203960845,,401,540
945,9.28881073,0.150461619,0.000621464558,0.150461619,0,0.0057181463,0.00943356876,4.29131329e-11,0.00211654334,,401,190
946,8.18810558,0.0726065536,0.00049976904,0.0726065536,0,0.00409071231,0.00597175128,2.77521215e-11,0.00201722852,,401,699
947,3.83165503,0.555556996,0.000493473241,0.555556996,0,0.00996540521,0.0288385702,2.70573155e-11,0.000807980098,13700,401,762
948,1.99124444,0.760566658,0.00030279359,0.760566658,0,0.0197733869,0.0423113556,1.01871065e-11,0.000258123232,,401,2301
949,0.9597435,0.830642641,0.000365386698,0.830642641,0,0.0295011968,0.052220929,1.48341599e-11,8.40703766e-05,,401,1823
950,6.34076738,0.229379176,0.000350759669,0.229379176,0,0.00459331726,0.0120415569,1.36702606e-11,0.00240611786,,401,1965
951,6.05958843,0.264815665,0.000506965701,0.264815665,0,0.00510353505,0.0137329114,2.85571358e-11,0.00227947447,,401,633
952,9.02772903,0.126987969,0.000442301438,0.126987969,0,0.00518525696,0.00861611696,2.17367291e-11,0.00201426329,,401,1190
953,8.21199322,0.0730898965,0.000510143708,0.0730898965,0,0.00412676463,0.00598885272,2.89162892e-11,0.00202151416,,401,612
954,3.58169246,0.586935482,0.000380988228,0.586935482,0,0.0109701202,0.030584069,1.61280033e-11,0.000747361428,,401,1682
955,6.26776123,0.23849652,0.000357771982,0.23849652,0,0.00467873559,0.0124846661,1.42223101e-11,0.00238963295,,401,1902
956,7.37209654,0.11223836,0.000554089024,0.11223836,0,0.00411125078,0.0068691575,3.41127385e-11,0.00191150974,,401,275
957,4.71984673,0.440147532,0.000413423154,0.440147532,0,0.00749372603,0.0226248758,1.89909672e-11,0.0015508279,15750,401,1432
958,5.39011908,0.351699088,0.000524511506,0.351699088,0,0.00644879662,0.0179873836,3.05680355e-11,0.00189315041,,401,504
959,0.961591065,0.83055875,0.000366398947,0.83055875,0,0.0294807436,0.052194945,1.49164654e-11,8.4389363e-05,,401,1814
960,2.45419288,0.716265931,0.000140841155,0.716265931,0,0.0165098544,0.0388131548,2.20402566e-12,0.00033281187,14800,401,2826
961,9.50156212,0.169956797,0.000857693918,0.169956797,0,0.00600410877,0.0101519096,8.17376507e-11,0.00229937884,,401,69
962,5.47726774,0.340255746,0.000431432396,0.340255746,0,0.00622207626,0.0174296659,2.06815458e-11,0.00191280489,,401,1323
963,8.44478416,0.0824732228,0.000535378136,0.0824732228,0,0.00452168278,0.00635965265,3.18477499e-11,0.00204225639,,401,388
964,2.36625743,0.72517475,0.000260936258,0.72517475,0,0.0170530499,0.0394816247,7.56530339e-12,0.000319193678,13850,401,2462
965,3.73452687,0.567830255,0.000498319062,0.567830255,0,0.0103629076,0.0295096036,2.75913209e-11,0.00078486059,,401,714
966,6.99609089,0.151440327,0.000359440786,0.151440327,0,0.00399189567,0.00844506737,1.43552976e-11,0.00211040826,,401,1886
967,3.02058792,0.654319148,0.000431564464,0.654319148,0,0.0135320757,0.0345733525,2.06942096e-11,0.00048185722,,401,1322
968,6.74772978,0.179970342,0.000470743572,0.179970342,0,0.00427480057,0.00968352358,2.46221678e-11,0.00228244297,,401,958
969,1.85020065,0.772669508,0.000121645221,0.772669508,0,0.0208143542,0.0434460052,1.64417332e-12,0.00023714448,17750,401,2891
970,7.60456991,0.0921448205,0.000465942262,0.0921448205,0,0.00415661591,0.00624331143,2.41224657e-11,0.00188658738,,401,996
971,3.74591613,0.566396062,0.00050126963,0.566396062,0,0.010316595,0.0294305073,2.79190268e-11,0.000787542987,,401,689
972,7.38480949,0.111035118,0.000555073601,0.111035118,0,0.00411849465,0.00682670964,3.4234078e-11,0.00190766734,,401,267
973,4.51409388,0.467230683,0.000525998638,0.467230683,0,0.00803378693,0.024030552,3.07416186e-11,0.0013011778,,401,489
974,8.60429382,0.0926299612,0.000497998545,0.0926299612,0,0.00477086608,0.00683549268,2.75558389e-11,0.00203338837,,401,717
975,5.61885881,0.321729033,0.000302470299,0.321729033,0,0.00588178682,0.0165291241,1.01653647e-11,0.00196643058,,401,2304
976,3.4344821,0.605067675,0.000186363878,0.605067675,0,0.0115439385,0.0316389737,3.859055e-12,0.000698216898,,401,2690
977,9.12021542,0.135205288,0.000473439933,0.135205288,0,0.0053579031,0.00893865374,2.49050412e-11,0.00203583008,,401,938
978,4.82438374,0.426351583,0.000245527667,0.426351583,0,0.00726484687,0.0219066652,6.69820392e-12,0.00166077572,17000,401,2520
979,6.36544228,0.226312553,0.000358513015,0.226312553,0,0.00457229117,0.011891322,1.42812869e-11,0.00240824593,,401,1899
980,8.28363037,0.0751214966,0.000532412851,0.0751214966,0,0.0042433987,0.00606228623,3.14959382e-11,0.00203240933,,401,414
981,5.02057457,0.400433086,0.000278454198,0.400433086,0,0.00705375532,0.0205088116,8.6151934e-12,0.00180320555,,401,2399
982,6.54048252,0.204798245,0.000465877744,0.204798245,0,0.00446847733,0.010840284,2.41157858e-11,0.00238524073,,401,998
983,0.132977203,0.851296831,0.000619034983,0.851296831,0,0.0412150802,0.0710987266,4.25782567e-11,1.12739618e-05,,401,192
984,8.69903088,0.0996087806,0.00047230192,0.0996087806,0,0.00488935663,0.00719395738,2.47854559e-11,0.0020236349,,401,944
985,9.5206995,0.171714719,0.000868194077,0.171714719,0,0.00603027631,0.0102322996,8.37512172e-11,0.00232010291,,401,57
986,1.26575065,0.814588897,0.000247496602,0.814588897,0,0.026107371,0.0486063836,6.8060631e-12,0.000149928951,,401,2510
987,3.17975426,0.635712946,0.00030425125,0.635712946,0,0.0126963323,0.0334516589,1.02854248e-11,0.000571210211,,401,2292
988,5.66105556,0.31622592,0.000307063427,0.31622592,0,0.0058030217,0.0162570323,1.04764387e-11,0.00198879125,,401,2278
989,7.14400244,0.135307495,0.000431865359,0.135307495,0,0.00397180369,0.0077677946,2.07230765e-11,0.00201353247,,401,1319
990,0.717860758,0.840216833,0.000205089261,0.840216833,0,0.0322322783,0.0561338428,4.67351165e-12,6.44494222e-05,,401,2641
991,1.56218386,0.79507192,0.000322259149,0.79507192,0,0.0231270683,0.0458879431,1.15389955e-11,0.000182249442,13300,401,2203
992,8.4581337,0.083228548,0.000533257247,0.083228548,0,0.00454429277,0.00639268257,3.15959213e-11,0.00204225428,,401,399
993,0.899928272,0.833271591,0.00030517277,0.833271591,0,0.0301600226,0.0530958638,1.03478244e-11,7.56545648e-05,,401,2286
994,0.298124462,0.849959189,0.000514446219,0.849959189,0,0.0381564978,0.065692598,2.94061014e-11,5.87536429e-05,12300,401,584
995,6.13714409,0.254958946,0.000451832016,0.254958946,0,0.00492642402,0.0132675732,2.26835745e-11,0.00233021149,,401,1103
996,0.036406491,0.851401233,0.000292140459,0.851401233,0,0.0438096733,0.0751824478,9.48289423e-12,3.71301224e-05,,401,2347
997,2.75872231,0.683864536,0.000324486525,0.683864536,0,0.0149124085,0.0364772241,1.16990561e-11,0.000379665022,,401,2192
998,8.17278385,0.0723499387,0.000492247828,0.0723499387,0,0.004068636,0.00596255101,2.69231027e-11,0.0020140809,,401,772
999,0.988733292,0.829307634,0.000375771464,0.829307634,0,0.02917956,0.0518201923,1.56893548e-11,8.98000189e-05,,401,1727
1000,4.25329018,0.501331642,0.000204644452,0.501331642,0,0.00860835576,0.0258816103,4.65326131e-12,0.00102084372,,401,2643
1001,8.84057426,0.110933661,0.000444278878,0.110933661,0,0.00502101179,0.00780182565,2.19315247e-11,0.0020088814,,401,1164
1002,2.23834586,0.737738179,0.000375122499,0.737738179,0,0.0179293316,0.0404407125,1.56352099e-11,0.000297116329,14050,401,1734
1003,6.69854689,0.185789686,0.000488708502,0.185789686,0,0.00433276665,0.00994732983,2.65373333e-11,0.00231166611,,401,809
1004,7.31132746,0.118123351,0.000538498443,0.118123351,0,0.00407220204,0.00708428873,3.22200637e-11,0.00193103479,,401,366
1005,8.72383308,0.101524831,0.000466194355,0.101524831,0,0.00491613508,0.00729537887,2.41485752e-11,0.0020207224,,401,993
1006,3.0590291,0.6498672,0.000412878604,0.6498672,0,0.0133270402,0.0343013044,1.89409713e-11,0.000502619971,,401,1438
1007,4.72244167,0.439805184,0.000410129654,0.439805184,0,0.00748720349,0.022607218,1.86895925e-11,0.00155394884,15750,401,1458
1008,1.59983504,0.792328903,0.000291416023,0.792328903,0,0.0227933641,0.0455627436,9.43592205e-12,0.000189079963,13650,401,2350
1009,1.74244535,0.781426435,0.000117183149,0.781426435,0,0.0216229698,0.0443473086,1.52576561e-12,0.000217701132,13900,401,2899
1010,4.61977911,0.453333967,0.000513349778,0.453333967,0,0.00775805756,0.0233049245,2.92808883e-11,0.00143180387,,401,590
1011,0.51652813,0.846002703,0.00032802935,0.846002703,0,0.0348149881,0.0601806869,1.19559171e-11,8.28554731e-05,,401,2151
1012,8.19815731,0.0727976681,0.000504356054,0.0727976681,0,0.00410565544,0.00597852715,2.82638922e-11,0.00201967612,,401,656
1013,7.77605391,0.0807739046,0.000343800172,0.0807739046,0,0.00406241301,0.00599521725,1.31331732e-11,0.00191304353,,401,2036
1014,5.22975254,0.372816558,0.000554894365,0.372816558,0,0.00679850667,0.0190475754,3.42119729e-11,0.00186776974,,401,270
1015,3.39027762,0.61045551,0.000141087903,0.61045551,0,0.011722191,0.0319571613,2.21175516e-12,0.000679801158,,401,2825
1016,0.16283755,0.851162588,0.000487231059,0.851162588,0,0.040610965,0.0699986561,2.63771227e-11,2.46572505e-05,,401,825
1017,8.78635025,0.106490012,0.000453263079,0.106490012,0,0.00497618038,0.00756181237,2.2827491e-11,0.00201340217,,401,1091
1018,1.38009775,0.807506991,0.000321513444,0.807506991,0,0.024906976,0.0475016673,1.1485655e-11,0.000160674895,,401,2210
1019,6.05111027,0.265896561,0.000511455225,0.265896561,0,0.00512285289,0.0137841404,2.90651608e-11,0.0022732953,,401,605
1020,4.35758066,0.487734184,0.000375081646,0.487734184,0,0.00839286793,0.0251318856,1.56318046e-11,0.0011206888,,401,1735
1021,4.12812281,0.517566844,0.000139379304,0.517566844,0,0.00889365368,0.026783397,2.15851004e-12,0.000928328952,19400,401,2833
1022,3.50309873,0.596651161,0.000278945269,0.596651161,0,0.0112751688,0.0311455674,8.645607e-12,0.000723164342,,401,2395
1023,6.25052691,0.240657938,0.000366150876,0.240657938,0,0.0047045774,0.012588726,1.48962738e-11,0.00238385243,,401,1816
1024,0.128606573,0.851312515,0.000635586964,0.851312515,0,0.0413053213,0.0712668044,4.48856432e-11,9.5341136e-06,,401,185
1025,7.86535835,0.0764545961,0.000325243821,0.0764545961,0,0.00399441364,0.00593606907,1.1753727e-11,0.00193486556,16200,401,2180
1026,6.48954916,0.211012566,0.000435271337,0.211012566,0,0.00449768625,0.0111412488,2.10512374e-11,0.00239973291,,401,1296
1027,5.3029561,0.363168702,0.000568683921,0.363168702,0,0.0066543217,0.0185571844,3.59334891e-11,0.00187905304,,401,226
1028,2.45825911,0.715848923,0.000134738914,0.715848923,0,0.0164859727,0.0387820427,2.01717499e-12,0.000333296794,14800,401,2847
1029,7.70143747,0.0852738099,0.000390583312,0.0852738099,0,0.00411380779,0.00608061047,1.69505916e-11,0.00189816179,,401,1607
1030,0.831604362,0.836065575,0.000183426123,0.836065575,0,0.0309082512,0.0541768075,3.73834919e-12,7.10670616e-05,,401,2696
1031,0.22795625,0.850704449,0.000452897896,0.850704449,0,0.0393785921,0.0678143126,2.27907226e-11,4.19605813e-05,,401,1095
1032,8.93374157,0.118807955,0.000436217167,0.118807955,0,0.0050912939,0.00821924889,2.11428241e-11,0.00200636148,,401,1281
1033,9.57831955,0.177006912,0.000873249268,0.177006912,0,0.00613216956,0.0105001137,8.47293649e-11,0.00238458239,,401,50
1034,5.42540264,0.347062784,0.000491098906,0.347062784,0,0.00635828652,0.0177604375,2.67975706e-11,0.00190014657,,401,784
1035,8.45247841,0.0829060196,0.000534128708,0.0829060196,0,0.00453473116,0.00637852103,3.16992752e-11,0.00204252984,,401,394
1036,2.02564383,0.757509219,0.000336197941,0.757509219,0,0.0195161875,0.0420437429,1.25587839e-11,0.000262997897,,401,2088
1037,0.0914639756,0.851403693,0.000649740161,0.851403693,0,0.0421096898,0.0727761803,4.69069197e-11,2.03817564e-05,,401,176
1038,2.86734867,0.671781093,0.00041710078,0.671781093,0,0.0143473352,0.0356745625,1.93303401e-11,0.000412343305,,401,1413
1039,6.89186287,0.163221987,0.000387401639,0.163221987,0,0.00409116281,0.00894767589,1.66755589e-11,0.00218424822,,401,1632
1040,1.52986407,0.797380374,0.000340604079,0.797380374,0,0.0234249861,0.0461676937,1.28901265e-11,0.000176954926,13300,401,2058
1041,8.57603931,0.0906686261,0.000505944551,0.0906686261,0,0.00473076781,0.00673875013,2.84422098e-11,0.00203566337,,401,643
1042,7.75636435,0.081887577,0.000353826481,0.081887577,0,0.00407699678,0.00601444758,1.39103532e-11,0.00190844901,,401,1928
1043,2.48888874,0.712692825,8.9408397e-05,0.712692825,0,0.0163095172,0.0385471095,8.88206828e-13,0.000337544564,15900,401,2954
1044,8.05438519,0.0718336438,0.000420011899,0.0718336438,0,0.00394499156,0.00592611796,1.96011106e-11,0.00198646218,,401,1394
1045,8.11469746,0.0717672596,0.000459563915,0.0717672596,0,0.00399510543,0.00593864284,2.34665547e-11,0.00200140951,,401,1042
1046,1.83445954,0.773975724,0.00010313787,0.773975724,0,0.0209300356,0.0435763886,1.18193559e-12,0.000234455191,17750,401,2934
1047,2.89181805,0.669024463,0.000429043371,0.669024463,0,0.0142182486,0.0354964965,2.04531349e-11,0.000421742123,,401,1338
1048,6.37296724,0.225378775,0.000361623928,0.225378775,0,0.00456651957,0.0118454921,1.45302072e-11,0.00240905816,,401,1858
1049,7.33567905,0.115739364,0.00054681299,0.115739364,0,0.00408854613,0.00699568976,3.32227162e-11,0.00192291719,,401,309
1050,1.62829685,0.790217263,0.000262268876,0.790217263,0,0.0225492708,0.0453177911,7.6427737e-12,0.000194593318,13800,401,2454
1051,4.8483429,0.423187458,0.000206170128,0.423187458,0,0.00722473811,0.02173923,4.72290242e-12,0.00168285695,,401,2637
1052,4.439188,0.477056318,0.00047601892,0.477056318,0,0.00821328099,0.0245535119,2.51771125e-11,0.00121135083,,401,918
1053,2.37391567,0.724407554,0.000251526034,0.724407554,0,0.0170037797,0.0394237224,7.02948287e-12,0.000320457481,13850,401,2495
1054,1.33855557,0.810146122,0.00029308029,0.810146122,0,0.0253370498,0.0478923129,9.54400623e-12,0.000157289771,,401,2345
1055,3.96718192,0.538280818,0.000377446679,0.538280818,0,0.00942193095,0.0279087131,1.58295551e-11,0.000849686612,,401,1703
1056,6.8457818,0.168523482,0.000414404592,0.168523482,0,0.00414850183,0.00917724303,1.90812406e-11,0.00221654479,,401,1427
1057,9.52352715,0.171974433,0.0008693281,0.171974433,0,0.00603439666,0.0102444978,8.39701496e-11,0.00232348525,,401,56
1058,7.89296055,0.0753800323,0.000330201624,0.0753800323,0,0.00397529048,0.00592637871,1.21147903e-11,0.0019423777,16200,401,2132
1059,9.43076897,0.163456355,0.000794785969,0.163456355,0,0.00592719842,0.0098789715,7.01871929e-11,0.00222977104,,401,108
1060,1.483266,0.800632481,0.000352532886,0.800632481,0,0.0238713607,0.0465736805,1.38088262e-11,0.000170571537,13750,401,1943
1061,6.8592124,0.166972946,0.000406470617,0.166972946,0,0.00413133823,0.00910982156,1.83575958e-11,0.00220672241,,401,1483
1062,5.71709824,0.308932461,0.000346807772,0.308932461,0,0.00571366736,0.0158930808,1.3363959e-11,0.0020221975,,401,2014
1063,8.82883263,0.109961797,0.000445831862,0.109961797,0,0.00501175574,0.00774939282,2.20851166e-11,0.00201013,,401,1149
1064,0.186891735,0.851019681,0.000418302114,0.851019681,0,0.0401402465,0.0691637791,1.94418509e-11,3.2940285e-05,,401,1402
1065,1.06690192,0.825511616,0.000351604254,0.825511616,0,0.0283059507,0.0508100278,1.37361724e-11,0.000109152084,,401,1958
1066,0.197332695,0.850948034,0.000411440382,0.850948034,0,0.0399415281,0.0688124979,1.88092431e-11,3.56508048e-05,,401,1452
1067,5.28201294,0.365927612,0.000569710869,0.365927612,0,0.00669854579,0.0186963173,3.6063386e-11,0.00187625056,,401,222
1068,5.98047256,0.274926651,0.000532168851,0.274926651,0,0.00527755281,0.0142151631,3.14670762e-11,0.00222043139,,401,420
1069,0.235142991,0.85064006,0.000468028598,0.85064006,0,0.0392502482,0.0675864933,2.43389743e-11,4.32671714e-05,13700,401,980
1070,0.659579396,0.842098776,0.000333918223,0.842098776,0,0.0329724635,0.0572073163,1.23890422e-11,6.24365978e-05,,401,2106
1071,6.5571599,0.202772468,0.00047376428,0.202772468,0,0.00445778501,0.0107429963,2.4939177e-11,0.00237975651,,401,935
1072,6.80061245,0.173769959,0.000442403972,0.173769959,0,0.00420730063,0.00940731366,2.17468083e-11,0.00224796012,,401,1187
1073,8.20288181,0.0728937079,0.00050650809,0.0728937079,0,0.00411280009,0.00598192161,2.8505605e-11,0.00202038004,,401,638
1074,1.25044489,0.815493139,0.000242652184,0.815493139,0,0.0262721072,0.0487617645,6.54223136e-12,0.000147987971,,401,2532
1075,4.56493664,0.460549667,0.000532624092,0.460549667,0,0.00790376298,0.0236798801,3.15209359e-11,0.00136385145,,401,410
1076,3.41418815,0.607544709,0.000162879478,0.607544709,0,0.0116250401,0.0317851057,2.94774713e-12,0.000689856121,,401,2754
1077,1.38910604,0.806924913,0.000326984393,0.806924913,0,0.0248146248,0.0474184046,1.18798659e-11,0.000161289952,,401,2162
1078,1.12928176,0.822278988,0.000298834128,0.822278988,0,0.0276068935,0.0500696234,9.9224262e-12,0.000124993057,,401,2328
1079,5.17050552,0.38063281,0.000507775211,0.38063281,0,0.00689308735,0.0194528697,2.86484072e-11,0.00185582049,,401,626
1080,3.64133263,0.579511949,0.000442429079,0.579511949,0,0.0107362878,0.0301618299,2.17492767e-11,0.000762875985,,401,1184
1081,1.96617436,0.762769331,0.000274625541,0.762769331,0,0.0199599264,0.0425085412,8.37990977e-12,0.000254627108,,401,2412
1082,5.75211382,0.304384418,0.000382656204,0.304384418,0,0.00566258676,0.0156653708,1.626953e-11,0.00204531251,,401,1668
1083,2.15380311,0.745770306,0.000396004234,0.745770306,0,0.0185526142,0.0410709885,1.74243726e-11,0.000282586721,,401,1558
1084,0.39510572,0.848505501,0.000198427333,0.848505501,0,0.0365067691,0.0631157803,4.37482293e-12,8.65977781e-05,,401,2658
1085,6.4055438,0.221345431,0.000378747477,0.221345431,0,0.00454430527,0.011647366,1.59388501e-11,0.00240974846,,401,1697
1086,5.1321969,0.385689628,0.000461475588,0.385689628,0,0.00694382074,0.019718829,2.36621909e-11,0.00184580196,,401,1026
1087,9.92391777,0.208567373,0.00119349806,0.208567373,0,0.00983266846,0.0134834282,1.58270848e-10,0.00283655645,,401,27
1088,6.98848581,0.152289244,0.000359107667,0.152289244,0,0.00399705137,0.00848103975,1.43287018e-11,0.00211542298,,401,1893
1089,0.480172157,0.846830862,0.000223758046,0.846830862,0,0.0352827675,0.0610293375,5.56307366e-12,8.85530529e-05,,401,2592
1090,5.58229256,0.326504718,0.000319327335,0.326504718,0,0.0059599315,0.0167629968,1.13299941e-11,0.00194937318,,401,2218
1091,3.05081177,0.650821296,0.000417484155,0.650821296,0,0.0133707968,0.0343593617,1.93658911e-11,0.000498239496,,401,1409
1092,6.36904764,0.22586514,0.000359838454,0.22586514,0,0.00456948424,0.0118693658,1.43870792e-11,0.0024090475,,401,1876
1093,3.76744056,0.563681943,0.000504162499,0.563681943,0,0.010228778,0.0292813509,2.82422028e-11,0.000792599401,,401,659
1094,8.70660782,0.100190682,0.000470432094,0.100190682,0,0.00489770565,0.00722464391,2.45895951e-11,0.00202252208,,401,959
1095,8.79956722,0.107562255,0.000450632485,0.107562255,0,0.00498764347,0.00761973131,2.25632929e-11,0.00201246144,,401,1110
1096,8.48246956,0.084654621,0.000528774227,0.084654621,0,0.0045848865,0.00645614058,3.10669093e-11,0.00204150489,,401,463
1097,5.90376616,0.28477924,0.000515684007,0.28477924,0,0.00542623532,0.0146929403,2.95477773e-11,0.00215973467,,401,575
1098,8.08225822,0.0717170119,0.000438787095,0.0717170119,0,0.00396387808,0.00593098414,2.13926794e-11,0.00199350075,,401,1236
1099,5.57505512,0.327450798,0.000324758399,0.327450798,0,0.00597644921,0.0168091009,1.17186687e-11,0.00194639954,,401,2191
1100,5.7396431,0.306003284,0.000369335897,0.306003284,0,0.00568057734,0.0157464297,1.51565561e-11,0.0020372695,,401,1784
1101,6.7247777,0.182679936,0.000480419152,0.182679936,0,0.0043026016,0.00980579494,2.5644729e-11,0.00229639004,,401,885
1102,1.36634672,0.808388887,0.000312740938,0.808388887,0,0.0250485921,0.0476297301,1.08674327e-11,0.000159463635,,401,2252
1103,8.03286171,0.0720251422,0.000405367034,0.0720251422,0,0.00393629015,0.00592283677,1.8258048e-11,0.00198066586,,401,1490
1104,3.14733005,0.639539698,0.000339801554,0.639539698,0,0.0128626748,0.0336795934,1.28294552e-11,0.000552704534,,401,2068
1105,6.40918684,0.220895397,0.000381074726,0.220895397,0,0.00454205246,0.011625253,1.61353275e-11,0.0024098257,,401,1680
1106,8.87979603,0.114215415,0.000439469354,0.114215415,0,0.0050507181,0.00797791464,2.1459257e-11,0.00200709966,,401,1227
1107,5.45466042,0.343221737,0.000458389896,0.343221737,0,0.00628159492,0.0175735216,2.33468108e-11,0.00190680805,,401,1052
1108,5.21617842,0.374606925,0.000546702043,0.374606925,0,0.00682195926,0.0191397705,3.3209236e-11,0.00186515566,,401,310
1109,6.6231575,0.194800855,0.000493299874,0.194800855,0,0.00440762103,0.010364854,2.70383074e-11,0.00235226818,,401,764
1110,9.42389774,0.162825806,0.000787181806,0.162825806,0,0.00591950163,0.00985474392,6.88505773e-11,0.00222338507,,401,111
1111,0.588676035,0.844161562,0.000409238741,0.844161562,0,0.0338870974,0.0586127227,1.86084831e-11,6.87230745e-05,,401,1464
1112,6.30044842,0.234406324,0.000349177593,0.234406324,0,0.00463583962,0.0122866463,1.35472213e-11,0.00239867672,,401,1988
1113,7.42418671,0.107375786,0.000553692273,0.107375786,0,0.00413816844,0.00670110479,3.40639037e-11,0.00189888747,,401,278
1114,1.62599683,0.790389171,0.000264743141,0.790389171,0,0.0225687721,0.0453375486,7.78765896e-12,0.000194141437,13800,401,2447
1115,9.54638386,0.174074076,0.000875725781,0.174074076,0,0.0060700119,0.0103468003,8.52106271e-11,0.00234858758,,401,43
1116,9.62942886,0.181698289,0.000835224582,0.181698289,0,0.00627114946,0.0107781205,7.75111225e-11,0.00244494458,,401,85
1117,9.10835171,0.134143756,0.000467681021,0.134143756,0,0.00533241036,0.00890064141,2.43028375e-11,0.00203191053,,401,983
1118,8.49214077,0.0852382931,0.000526805497,0.0852382931,0,0.00460076584,0.00648254952,3.08360035e-11,0.00204097398,,401,483
1119,4.2638936,0.499951768,0.000222195696,0.499951768,0,0.00858654894,0.0258049997,5.48565857e-12,0.00102990073,,401,2597
1120,7.90176916,0.075064423,0.000332789861,0.075064423,0,0.003969667,0.00592404091,1.23054546e-11,0.00194473478,,401,2115
1121,7.22148418,0.127189163,0.000489023413,0.127189163,0,0.00401106993,0.00743668568,2.65715443e-11,0.00197124255,,401,807
1122,5.49870872,0.33744473,0.000405481747,0.33744473,0,0.00616591058,0.0172935707,1.8268383e-11,0.00191921721,,401,1488
1123,0.527483642,0.845740009,0.000351831164,0.845740009,0,0.0346746938,0.0599326042,1.37539075e-11,8.06459245e-05,,401,1955
1124,7.0077033,0.1501472,0.000360825742,0.1501472,0,0.00398477393,0.0083903283,1.44661352e-11,0.00210225314,,401,1865
1125,2.80771399,0.678446437,0.000373838591,0.678446437,0,0.0146591804,0.0361126859,1.55283658e-11,0.000392600056,,401,1746
1126,3.23742795,0.628863103,0.000234047624,0.628863103,0,0.0124089308,0.0330456079,6.08647672e-12,0.000603576069,,401,2563
1127,4.56200457,0.460935349,0.000533189842,0.460935349,0,0.00791140636,0.0237000262,3.15879341e-11,0.00136008489,,401,401
1128,9.60626984,0.179572781,0.000858154999,0.179572781,0,0.00620121331,0.0106464993,8.18255559e-11,0.00241692277,,401,68
1129,9.65727329,0.184251969,0.00079328912,0.184251969,0,0.00637111672,0.0109521816,6.99230698e-11,0.00247908077,,401,109
1130,7.95884848,0.0733524333,0.000358146847,0.0733524333,0,0.0039410159,0.00591692705,1.42521294e-11,0.00196045737,,401,1901
1131,1.34436083,0.80978176,0.000297374229,0.80978176,0,0.0252765469,0.0478370296,9.82571467e-12,0.000157626915,,401,2330
1132,2.3800385,0.723792823,0.000243840415,0.723792823,0,0.016964629,0.0393773904,6.60646086e-12,0.000321469521,13950,401,2525
1133,4.26766062,0.499461529,0.000228657161,0.499461529,0,0.00857881832,0.0257778026,5.80934412e-12,0.00103333904,,401,2576
1134,6.56031084,0.202390141,0.000475283776,0.202390141,0,0.00445570272,0.0107246855,2.50994075e-11,0.00237860082,,401,923
1135,3.56995559,0.588391147,0.000367018584,0.588391147,0,0.0110157935,0.0306675743,1.49669601e-11,0.000744136796,,401,1809
1136,7.13798761,0.135947938,0.000427399555,0.135947938,0,0.00396983105,0.00779433871,2.02967089e-11,0.00201753011,,401,1347
1137,3.88634229,0.548605691,0.000461316722,0.548605691,0,0.00974197551,0.0284632462,2.3645902e-11,0.000823139077,,401,1029
1138,0.917091668,0.832534537,0.000327651447,0.832534537,0,0.0299715905,0.0528380402,1.19283856e-11,7.75735751e-05,,401,2156
1139,3.36679912,0.613306005,0.000129529816,0.613306005,0,0.0118197995,0.0321258248,1.86421924e-12,0.000668968408,,401,2865
1140,6.92655277,0.159267416,0.000371267005,0.159267416,0,0.00405215392,0.00877801486,1.53154654e-11,0.0021593964,,401,1769
1141,0.00955579523,0.851340025,0.00140891354,0.851340025,0,0.0454697747,0.0761632857,2.20559707e-10,1.60441556e-05,,401,22
1142,5.57055759,0.328038865,0.000328234482,0.328038865,0,0.00598686611,0.0168377252,1.1970875e-11,0.0019446972,,401,2150
1143,6.33437681,0.230174559,0.000349691131,0.230174559,0,0.00459934739,0.0120804422,1.35870986e-11,0.00240500545,,401,1982
1144,3.24672771,0.627753542,0.000222402241,0.627753542,0,0.0123637996,0.0329799861,5.49586188e-12,0.00060863751,,401,2596
1145,8.85414505,0.11206329,0.000442412064,0.11206329,0,0.00503146427,0.00786264547,2.17476038e-11,0.00200807875,,401,1186
1146,5.6313529,0.32009858,0.000301212675,0.32009858,0,0.00585721107,0.0164487988,1.00810084e-11,0.00197262606,,401,2313
1147,6.64153576,0.192594437,0.000494865865,0.192594437,0,0.00439111305,0.0102616112,2.72102471e-11,0.00234288774,,401,740
1148,0.699967086,0.840812416,0.000247127598,0.840812416,0,0.032457491,0.0564565613,6.7857833e-12,6.34638185e-05,,401,2513
1149,7.64072084,0.0894566786,0.000438013784,0.0894566786,0,0.00414458324,0.00617567462,2.13173417e-11,0.00188971613,,401,1250
1150,7.57872009,0.094150077,0.000485013865,0.094150077,0,0.0041620148,0.00629669629,2.61376055e-11,0.00188568251,,401,843
1151,7.61964464,0.0910069651,0.000454586144,0.0910069651,0,0.0041522169,0.00621410984,2.29609514e-11,0.00188809205,,401,1080
1152,9.61817741,0.18066594,0.000847799162,0.18066594,0,0.00623565302,0.0107128715,7.98626021e-11,0.00243152386,,401,77
1153,5.63543367,0.319566304,0.0003011394,0.319566304,0,0.00584942123,0.0164225215,1.00761042e-11,0.001974728,,401,2316
1154,2.83131385,0.675817784,0.000393354156,0.675817784,0,0.0145362497,0.0359385805,1.71919435e-11,0.000399829104,,401,1583
1155,5.95327759,0.278414397,0.00053104581,0.278414397,0,0.00533288306,0.0143833384,3.13344058e-11,0.00219932938,,401,436
1156,9.45944977,0.166089035,0.000824287081,0.166089035,0,0.00595802113,0.00998424613,7.54943547e-11,0.00225704474,,401,93
1157,4.50486708,0.46844214,0.00052245802,0.46844214,0,0.00805671196,0.024094551,3.03291536e-11,0.0012896945,,401,522
1158,8.58130074,0.0910293543,0.000504382575,0.0910293543,0,0.00473839019,0.00675639125,2.82668647e-11,0.00203590223,,401,655
1159,3.36305928,0.613759072,0.000128760409,0.613759072,0,0.0118355818,0.0321526403,1.8421381e-12,0.000667494153,,401,2870
1160,0.221212074,0.850762346,0.000439181983,0.850762346,0,0.0395002066,0.068030278,2.14312015e-11,4.06643507e-05,,401,1232
1161,8.43719578,0.0820527165,0.000536433964,0.0820527165,0,0.00450874491,0.00634146006,3.19734886e-11,0.00204257914,,401,381
1162,8.71904373,0.101152231,0.000467491481,0.101152231,0,0.00491109013,0.00727558022,2.42831427e-11,0.00202092198,,401,986
1163,1.64826226,0.788716735,0.000239150097,0.788716735,0,0.022381527,0.0451466378,6.35475209e-12,0.000198555847,13600,401,2553
1164,6.47364616,0.2129607,0.000424699574,0.2129607,0,0.00450620445,0.0112362585,2.00410809e-11,0.0024027185,,401,1365
1165,4.69098997,0.443952407,0.00045040718,0.443952407,0,0.00756795203,0.0228209633,2.25407364e-11,0.0015177222,16200,401,1112
1166,2.97931099,0.659068221,0.00044200231,0.659068221,0,0.0137527142,0.0348670058,2.1707338e-11,0.000460706007,,401,1195
1167,0.553445041,0.845093419,0.000391719744,0.845093419,0,0.0343416002,0.0593592065,1.70493731e-11,7.54087219e-05,,401,1596
1168,6.86219311,0.166629402,0.000404315916,0.166629402,0,0.00412756702,0.00909491449,1.81634844e-11,0.002205176,,401,1498
1169,6.59058619,0.198725732,0.000486208177,0.198725732,0,0.00443407906,0.0105500587,2.6266488e-11,0.00236699373,,401,835
1170,5.14515829,0.383978512,0.000478450644,0.383978512,0,0.00692754386,0.0196285128,2.54350021e-11,0.00184974968,,401,899
1171,3.45403409,0.602675896,0.000211643023,0.602675896,0,0.0114666847,0.0314982133,4.97697434e-12,0.000705644591,,401,2623
1172,8.59359646,0.0918801936,0.000500915833,0.0918801936,0,0.00475593056,0.00679827275,2.78796302e-11,0.00203476869,,401,691
1173,5.6936574,0.311981036,0.000326570358,0.311981036,0,0.00574943824,0.0160455245,1.18497998e-11,0.00200769532,,401,2168
1174,3.58398461,0.586650908,0.00038376272,0.586650908,0,0.0109611861,0.0305677732,1.63637583e-11,0.000747970863,,401,1661
1175,9.7489233,0.192641889,0.000530771461,0.192641889,0,0.00684066158,0.0116970585,3.13020382e-11,0.00259540477,,401,441
1176,0.0969578996,0.851394927,0.000667625075,0.851394927,0,0.0419845033,0.0725436245,4.95248045e-11,1.71402025e-05,,401,164
1177,6.51948881,0.207354726,0.00045424869,0.207354726,0,0.00448103146,0.0109636582,2.29268748e-11,0.00239203843,,401,1085
1178,5.33579922,0.358844317,0.000559031972,0.358844317,0,0.00658060515,0.0183407909,3.47240828e-11,0.00188426686,,401,252
1179,9.53784561,0.173289816,0.000874049055,0.173289816,0,0.00605616669,0.0103078082,8.48846389e-11,0.00233881883,,401,48
1180,1.27750611,0.813887382,0.000252758217,0.813887382,0,0.0259815126,0.0484883475,7.09852405e-12,0.000151405838,,401,2487
1181,9.82983208,0.200023024,0.000340147175,0.200023024,0,0.007712395,0.0125275349,1.28555667e-11,0.00270304808,,401,2064
1182,4.16910362,0.512262264,0.000111859394,0.512262264,0,0.00879066692,0.0264898853,1.39028044e-12,0.000955228599,,401,2923
1183,0.0521032214,0.851418769,0.000204974022,0.851418769,0,0.0431505721,0.0745261055,4.66826109e-12,3.77188244e-05,16000,401,2642
1184,5.0605092,0.395157287,0.000349619331,0.395157287,0,0.00701968212,0.0202239449,1.35815196e-11,0.00182124312,,401,1984
1185,5.96332693,0.277124815,0.000531985991,0.277124815,0,0.00531275481,0.0143210381,3.1445455e-11,0.00220702524,,401,423
1186,1.74703336,0.781062606,0.000111743537,0.781062606,0,0.0215873425,0.0443086649,1.387402e-12,0.000218515282,13900,401,2924
1187,2.93888426,0.663687682,0.000441685999,0.663687682,0,0.0139684323,0.0351565591,2.16762802e-11,0.000441736705,,401,1197
1188,7.08127832,0.142055418,0.000389062014,0.142055418,0,0.00396189247,0.0080493161,1.68188056e-11,0.00205266978,,401,1624
1189,2.77688074,0.681862609,0.000343998502,0.681862609,0,0.0148188538,0.0363416203,1.314833e-11,0.000384246148,,401,2032
1190,7.48979473,0.10152233,0.000535757355,0.10152233,0,0.00415961857,0.00651187334,3.18928826e-11,0.00188862381,,401,386
1191,3.40151572,0.609088397,0.000150312167,0.609088397,0,0.011676279,0.0318763191,2.51041638e-12,0.000684553049,,401,2792
1192,5.79925919,0.298273106,0.000432738028,0.298273106,0,0.0055943268,0.0153599552,2.08069112e-11,0.0020792299,,401,1313
1193,4.31432581,0.493380686,0.000307290024,0.493380686,0,0.00848311269,0.0254416572,1.04919066e-11,0.00107690266,,401,2277
1194,2.58727384,0.702389429,8.55856346e-05,0.702389429,0,0.0157866103,0.03778472,8.13877873e-13,0.000350404686,19100,401,2960
1195,1.01251245,0.828183126,0.000375856986,0.828183126,0,0.0289146397,0.0515023524,1.56964971e-11,9.53390629e-05,,401,1726
1196,1.16380036,0.820413412,0.000269393722,0.820413412,0,0.027222074,0.049681337,8.06366416e-12,0.000132872708,,401,2435
1197,0.979408622,0.829741358,0.000373677121,0.829741358,0,0.0292831839,0.051947478,1.55149546e-11,8.78388697e-05,,401,1749
1198,6.22506666,0.243857263,0.000381458623,0.243857263,0,0.00474703251,0.0127419358,1.61678535e-11,0.00237425267,,401,1678
1199,4.50956249,0.467825719,0.000524598502,0.467825719,0,0.00804507073,0.0240619723,3.05781765e-11,0.00129540788,,401,502
1200,3.98230839,0.536342505,0.000357607433,0.536342505,0,0.00936488167,0.0278045173,1.42092307e-11,0.000855578354,,401,1903
1201,2.79208636,0.680180497,0.000359356523,0.680180497,0,0.0147402326,0.0362285136,1.43485678e-11,0.000388250416,,401,1889
1202,0.171015784,0.85111748,0.000456585201,0.85111748,0,0.0404490834,0.0697103759,2.31633385e-11,2.78166121e-05,,401,1066
1203,7.47894382,0.102467849,0.000539924598,0.102467849,0,0.00415716611,0.00654139921,3.23909524e-11,0.00188945955,,401,352
1204,9.23156738,0.14525207,0.000558608025,0.14525207,0,0.00560353295,0.00926998503,3.46714362e-11,0.00208266232,,401,253
1205,7.46782875,0.103446198,0.000543760512,0.103446198,0,0.00415417971,0.00657239845,3.28528327e-11,0.00189126496,,401,320
1206,9.48404789,0.168348181,0.000845561996,0.168348181,0,0.00598421798,0.0100802548,7.94416765e-11,0.00228167863,,401,78
1207,3.2123549,0.631847761,0.000265232689,0.631847761,0,0.0125323677,0.0332223007,7.81648662e-12,0.000589586219,,401,2445
1208,0.0798121691,0.851416946,0.000579532823,0.851416946,0,0.0423867053,0.0732799478,3.73175882e-11,2.7058045e-05,,401,211
1209,4.39254332,0.483163236,0.000423453804,0.483163236,0,0.00831773667,0.0248830438,1.99236805e-11,0.00115817083,,401,1376
1210,8.50484657,0.0860193643,0.000523893592,0.0860193643,0,0.00462137545,0.00651824126,3.0496055e-11,0.00204070349,,401,507
1211,8.30707455,0.0759653291,0.000536649325,0.0759653291,0,0.0042833521,0.00609396048,3.19991664e-11,0.00203487358,,401,379
1212,8.3411417,0.0773381112,0.00054034106,0.0773381112,0,0.00434222025,0.00614698119,3.24409401e-11,0.00203839781,,401,347
1213,0.994642377,0.829030632,0.00037650738,0.829030632,0,0.0291138154,0.0517403087,1.57508675e-11,9.11036872e-05,,401,1716
1214,5.04656076,0.397000014,0.000324908377,0.397000014,0,0.00703209206,0.0203232075,1.17294948e-11,0.00181513664,,401,2189
1215,5.80834007,0.297097312,0.000442085652,0.297097312,0,0.00558092028,0.0153013648,2.17155248e-11,0.00208564765,,401,1194
1216,5.77223015,0.301775045,0.00040428845,0.301775045,0,0.00563363183,0.0155348246,1.81610167e-11,0.00205963954,,401,1499
1217,5.00217533,0.402863942,0.000245459353,0.402863942,0,0.00706823888,0.0206406798,6.6944771e-12,0.00179366316,,401,2521
1218,6.7034688,0.185205027,0.000487127751,0.185205027,0,0.00432726726,0.0099206189,2.63659384e-11,0.00230928786,,401,827
1219,4.88612175,0.41819729,0.000157124876,0.41819729,0,0.00717205029,0.0214726646,2.74313629e-12,0.0017149014,,401,2771
1220,1.94637215,0.764493599,0.000250342224,0.764493599,0,0.0201067213,0.0426656296,6.96346992e-12,0.000251778353,,401,2499
1221,7.37564993,0.111901012,0.000554411565,0.111901012,0,0.00411331394,0.00685719995,3.41524648e-11,0.00190981016,,401,273
1222,1.22119105,0.817192119,0.000241374706,0.817192119,0,0.026589682,0.0490643055,6.47352762e-12,0.000143694771,,401,2541
1223,4.73576784,0.438047529,0.000391000789,0.438047529,0,0.00745416771,0.0225164862,1.69868463e-11,0.0015691616,14800,401,1603
1224,6.19764709,0.247310676,0.000401642006,0.247310676,0,0.00479839274,0.0129061843,1.79240335e-11,0.00236223141,,401,1512
1225,8.8243494,0.109592209,0.000446325157,0.109592209,0,0.0050081516,0.00772942434,2.21340162e-11,0.00201077954,,401,1146
1226,1.12520599,0.822495721,0.000302573244,0.822495721,0,0.0276524759,0.0501164196,1.01722853e-11,0.000124036461,,401,2303
1227,3.230551,0.629682787,0.000242765773,0.629682787,0,0.0124425311,0.033094107,6.54835786e-12,0.000599720667,,401,2530
1228,8.33892059,0.0772434598,0.000540219017,0.0772434598,0,0.00433836116,0.00614326927,3.24262874e-11,0.00203828943,,401,349
1229,9.26458931,0.148254287,0.000593598558,0.148254287,0,0.00567144645,0.0093641731,3.91510276e-11,0.0021013208,,401,206
1230,6.96486664,0.154937583,0.000360608089,0.154937583,0,0.00401549293,0.00859344992,1.44486882e-11,0.00213204292,,401,1869
1231,5.76309443,0.302959765,0.000394272634,0.302959765,0,0.00564678231,0.0155940767,1.72723234e-11,0.00205314997,,401,1573
1232,8.75217628,0.103752903,0.000459832018,0.103752903,0,0.00494462965,0.00741443691,2.34939427e-11,0.0020173278,,401,1039
1233,6.34478951,0.228878669,0.000351716995,0.228878669,0,0.00458965713,0.0120170659,1.37449827e-11,0.00240654041,,401,1957
1234,6.02341318,0.269432155,0.000523271391,0.269432155,0,0.00518505393,0.0139522191,3.0423661e-11,0.00225297005,,401,515
1235,0.247387826,0.850524067,0.000492091478,0.850524067,0,0.039033921,0.0672039088,2.69060025e-11,4.56513399e-05,,401,775
1236,2.0017302,0.759639028,0.000313712942,0.759639028,0,0.0196951336,0.0422294309,1.093509e-11,0.000259657358,,401,2249
1237,6.9193449,0.160086274,0.000373984945,0.160086274,0,0.00405987857,0.0088130473,1.55405266e-11,0.00216442215,,401,1745
1238,0.789100111,0.837690457,0.000115927949,0.837690457,0,0.0313796797,0.0548908629,1.49325437e-12,6.89587405e-05,15250,401,2905
1239,8.59985828,0.0923181283,0.0004991965,0.0923181283,0,0.00476470128,0.00681998659,2.76885717e-11,0.00203409204,,401,706
1240,7.63472795,0.089892656,0.000442750377,0.089892656,0,0.00414693966,0.00618631872,2.17808774e-11,0.00188910872,,401,1179
1241,2.48191929,0.713413158,9.96018266e-05,0.713413158,0,0.0163491183,0.038600658,1.10228043e-12,0.000336548437,15750,401,2938
1242,3.12780476,0.641835112,0.00035927602,0.641835112,0,0.012964143,0.03381685,1.43421399e-11,0.000541571422,,401,1890
1243,3.43156171,0.605424503,0.000182697554,0.605424503,0,0.0115555483,0.0316600043,3.70871068e-12,0.000697044191,,401,2698
1244,4.89861059,0.416547486,0.000147879197,0.416547486,0,0.00715746959,0.0213838484,2.42980631e-12,0.00172501038,,401,2800
1245,8.10549355,0.0717327677,0.000453839099,0.0717327677,0,0.00398536865,0.00593616908,2.28855475e-11,0.0019992663,,401,1087
1246,5.75653124,0.303811147,0.000387281784,0.303811147,0,0.00565622426,0.0156366764,1.66652422e-11,0.00204859962,,401,1634
1247,6.23339033,0.242810397,0.000375946988,0.242810397,0,0.00473257536,0.0126919206,1.57040153e-11,0.00237720155,,401,1724
1248,1.85641599,0.772151175,0.000129489663,0.772151175,0,0.0207687188,0.0433947135,1.86306366e-12,0.000238081641,18250,401,2866
1249,3.32658172,0.618169408,0.00013833703,0.618169408,0,0.0119934165,0.0324135532,2.12634821e-12,0.000650062374,,401,2837
1250,7.90594912,0.0749194153,0.000334081758,0.0749194153,0,0.00396709953,0.00592304503,1.24011801e-11,0.00194579142,,401,2104
1251,8.92287922,0.117876425,0.000436322249,0.117876425,0,0.00508290569,0.00817098395,2.11530116e-11,0.00200635348,,401,1280
1252,2.01068521,0.758843765,0.00032236106,0.758843765,0,0.0196281968,0.0421597116,1.15462947e-11,0.000260841177,,401,2202
1253,6.66282797,0.190045649,0.000494370859,0.190045649,0,0.00437057851,0.0101431562,2.71558385e-11,0.00233210159,,401,750
1254,1.86220014,0.77166758,0.000137127939,0.77166758,0,0.020726271,0.0433470786,2.08934129e-12,0.000239040509,19400,401,2839
1255,6.16328907,0.251649294,0.000429962092,0.251649294,0,0.00486916499,0.0131114405,2.05408223e-11,0.00234459231,,401,1332
1256,5.70356131,0.310692504,0.000334706131,0.310692504,0,0.00573410156,0.0159811285,1.24475771e-11,0.00201379492,,401,2100
1257,8.56892967,0.0901849634,0.000507704301,0.0901849634,0,0.00472036381,0.00671520347,2.86404063e-11,0.00203692146,,401,628
1258,1.7938571,0.777302744,7.86563355e-05,0.777302744,0,0.0212308612,0.0439152791,6.87424346e-13,0.000227381092,13900,401,2974
1259,2.0401268,0.756210058,0.000348188193,0.756210058,0,0.0194075219,0.0419320393,1.34705575e-11,0.000265131726,,401,2000
1260,2.99757504,0.656970877,0.000438596604,0.656970877,0,0.0136550893,0.0347368457,2.13741091e-11,0.000469933616,,401,1238
1261,7.87246418,0.0761656673,0.000326232059,0.0761656673,0,0.00398931424,0.00593322694,1.18252618e-11,0.00193699971,16200,401,2169
1262,2.0050261,0.759346645,0.000316903733,0.759346645,0,0.0196705128,0.0422037425,1.1158664e-11,0.000260070395,,401,2230
1263,8.55739117,0.0894085182,0.00051085814,0.0894085182,0,0.00470321524,0.00667769206,2.89973377e-11,0.00203758288,,401,610
1264,0.417671174,0.848097368,0.000114295384,0.848097368,0,0.0361490916,0.0625557994,1.45149276e-12,8.96251919e-05,14950,401,2910
1265,4.68724155,0.44444656,0.000454955051,0.44444656,0,0.00757780591,0.0228464083,2.29982332e-11,0.00151312,16200,401,1079
1266,5.60151815,0.323993032,0.000308246696,0.323993032,0,0.00591770225,0.0166402509,1.05573362e-11,0.00195819755,,401,2272
1267,0.0278083254,0.851385989,0.000579043859,0.851385989,0,0.0442829874,0.0755058695,3.72546434e-11,3.3600169e-05,,401,213
1268,4.96212292,0.408155993,0.000180816761,0.408155993,0,0.00709921595,0.0209285159,3.63274457e-12,0.00177011788,,401,2702
1269,1.35269535,0.809256151,0.000303300821,0.809256151,0,0.0251899088,0.0477580649,1.02212653e-11,0.000158449526,,401,2299
1270,0.521009207,0.845896033,0.000338181707,0.845896033,0,0.0347576044,0.0600787776,1.27074297e-11,8.19592272e-05,,401,2075
1271,9.94332409,0.210323767,0.00147038101,0.210323767,0,0.0103819355,0.0137084957,2.40224481e-10,0.00286704016,,401,20
1272,4.00738716,0.533124995,0.000322116353,0.533124995,0,0.00927331017,0.0276311581,1.15287716e-11,0.00086573322,,401,2204
1273,6.58997583,0.198799384,0.000486291514,0.198799384,0,0.00443453704,0.0105535533,2.62754929e-11,0.00236662096,,401,833
1274,5.15127754,0.383170788,0.000485928146,0.383170788,0,0.00691952918,0.0195859967,2.62362403e-11,0.00185118757,,401,838
1275,0.0613512881,0.851422801,0.000360975646,0.851422801,0,0.0428720459,0.0741050259,1.44781574e-11,3.54241146e-05,,401,1864
1276,4.49298143,0.470002359,0.000517025556,0.470002359,0,0.00808589882,0.0241771705,2.97017139e-11,0.00127544779,,401,566
1277,8.57802582,0.0908044794,0.000505254519,0.0908044794,0,0.00473366145,0.00674539158,2.8364681e-11,0.00203602913,,401,647
1278,3.91414046,0.545061713,0.000437214552,0.545061713,0,0.00962993801,0.0282727074,2.12396183e-11,0.000831437984,,401,1264
1279,8.65487957,0.0962851567,0.000483867483,0.0962851567,0,0.00483730563,0.00702077957,2.60141935e-11,0.00202854364,,401,854
1280,4.69442415,0.443499712,0.000446662753,0.443499712,0,0.00755898538,0.0227976418,2.21675128e-11,0.00152149796,16200,401,1144
1281,1.17763782,0.81965037,0.000259516296,0.81965037,0,0.0270686117,0.0495294857,7.48318978e-12,0.000135832694,,401,2466
1282,5.00598049,0.402361225,0.00025219039,0.402361225,0,0.00706528126,0.020613384,7.06666589e-12,0.00179547595,,401,2492
1283,5.76691151,0.302464885,0.000398455749,0.302464885,0,0.00564129356,0.0155693191,1.7640776e-11,0.00205595971,,401,1535
1284,8.88224125,0.1144217,0.000439174076,0.1144217,0,0.00505253409,0.00798890608,2.14304299e-11,0.00200712898,,401,1233
1285,8.51138783,0.086427604,0.000522470556,0.086427604,0,0.00463187445,0.00653705761,3.03306091e-11,0.0020405337,,401,521
1286,5.62965584,0.320320069,0.000301228003,0.320320069,0,0.00586048515,0.0164597252,1.00820344e-11,0.00197212159,,401,2312
1287,4.82667875,0.426048463,0.00024193674,0.426048463,0,0.00726077263,0.0218906794,6.50370957e-12,0.00166263051,17000,401,2538
1288,9.40448666,0.161045119,0.000764481958,0.161045119,0,0.00589663165,0.00978825361,6.49369628e-11,0.00220580337,,401,121
1289,3.62179399,0.581948685,0.000424241508,0.581948685,0,0.0108132746,0.0302997556,1.9997873e-11,0.000758039276,,401,1369
1290,0.901446283,0.833206962,0.000307356458,0.833206962,0,0.0301433767,0.0530728363,1.04964436e-11,7.59291788e-05,,401,2276
1291,2.68657613,0.691744605,0.000233020269,0.691744605,0,0.0152813056,0.0370216746,6.03316064e-12,0.000364890508,,401,2569
1292,2.16253304,0.74495132,0.000396173155,0.74495132,0,0.0184873667,0.0410057086,1.7439241e-11,0.00028405977,,401,1555
1293,1.2834177,0.813532216,0.000255840575,0.813532216,0,0.0259184401,0.0484293991,7.27271108e-12,0.000152033807,,401,2481
1294,1.52639651,0.797625436,0.000342029522,0.797625436,0,0.0234575586,0.0461977635,1.29982438e-11,0.000176404282,13300,401,2051
1295,6.23286104,0.24287703,0.000376478965,0.24287703,0,0.00473346252,0.0126951098,1.57484901e-11,0.00237730547,,401,1717
1296,1.00808978,0.828394181,0.000376403469,0.828394181,0,0.0289639787,0.0515607397,1.57421746e-11,9.42951668e-05,,401,1718
1297,5.55075359,0.33062938,0.000346550671,0.33062938,0,0.00603409091,0.0169635721,1.33441519e-11,0.00193684223,,401,2017
1298,5.34382391,0.357788364,0.000555618974,0.357788364,0,0.00656185297,0.01828825,3.43013827e-11,0.00188545889,,401,259
1299,6.14379597,0.254116111,0.000446431113,0.254116111,0,0.0049116443,0.0132278269,2.21445265e-11,0.00233379877,,401,1145
1300,0.0474659279,0.851414978,0.000139175169,0.851414978,0,0.043308982,0.074734287,2.15219196e-12,3.81881358e-05,17050,401,2834
1301,0.695507824,0.840958374,0.000257465723,0.840958374,0,0.0325139634,0.0565378742,7.36539985e-12,6.32480437e-05,,401,2472
1302,6.28806162,0.235954811,0.000351354866,0.235954811,0,0.00465118748,0.0123617685,1.37166936e-11,0.00239570045,,401,1960
1303,4.73062277,0.438726121,0.000398471125,0.438726121,0,0.0074668223,0.0225515306,1.76421375e-11,0.00156313172,14800,401,1534
1304,2.40620375,0.721154391,0.000209255451,0.721154391,0,0.0168000021,0.0391789972,4.86531599e-12,0.000325523088,14400,401,2627
1305,3.25306201,0.626996956,0.000214588194,0.626996956,0,0.0123332814,0.0329352527,5.11645477e-12,0.000611884529,,401,2614
1306,1.28180468,0.813629323,0.000255038356,0.813629323,0,0.025935641,0.0484454547,7.22717368e-12,0.000151832039,,401,2482
1307,8.81229877,0.108602103,0.000448515408,0.108602103,0,0.00499832747,0.00767591525,2.23517857e-11,0.00201120773,,401,1128
1308,5.67332077,0.314628372,0.000313005465,0.314628372,0,0.00578222718,0.0161775669,1.08858246e-11,0.00199548339,,401,2251
1309,6.1282773,0.256082636,0.000458959382,0.256082636,0,0.00494632491,0.0133205491,2.34048571e-11,0.00232458255,,401,1047
1310,8.50209045,0.0858486484,0.000524545938,0.0858486484,0,0.0046169316,0.00651040647,3.0572049e-11,0.00204084355,,401,503
1311,6.77372265,0.176915147,0.000457871398,0.176915147,0,0.00424205723,0.00954681529,2.32940241e-11,0.00226543742,,401,1058
1312,1.83888602,0.773609326,0.000108122004,0.773609326,0,0.0208974834,0.0435396553,1.29892976e-12,0.000235267209,17750,401,2928
1313,5.9144578,0.283403218,0.000520569045,0.283403218,0,0.00540691273,0.0146257077,3.01102367e-11,0.00216820286,,401,537
1314,3.27810645,0.623999333,0.000184374299,0.623999333,0,0.0122144173,0.0327580978,3.77709803e-12,0.000625410046,,401,2693
1315,5.87233448,0.288829593,0.000497095571,0.288829593,0,0.00548049023,0.0148917642,2.74560007e-11,0.00213502113,,401,721
1316,1.33177459,0.810569608,0.000288247895,0.810569608,0,0.0254078977,0.0479571683,9.23187211e-12,0.000156682583,,401,2360
1317,4.93210793,0.412121951,0.000149316275,0.412121951,0,0.0071241771,0.0211442333,2.47726112e-12,0.00175003657,,401,2796
1318,9.66254139,0.184734829,0.000783486512,0.184734829,0,0.0063919774,0.0109874087,6.82056793e-11,0.00248596333,,401,112
1319,6.45970631,0.214671641,0.000414966434,0.214671641,0,0.004513605,0.0113199114,1.91330157e-11,0.00240465806,,401,1423
1320,9.79649258,0.19698473,0.00035418252,0.19698473,0,0.0072421861,0.0121918349,1.39383619e-11,0.00265807756,,401,1925
1321,8.62592411,0.094171463,0.00049204038,0.094171463,0,0.00480014011,0.0069129006,2.69004151e-11,0.00203126819,,401,776
1322,5.23305559,0.372381029,0.000556385158,0.372381029,0,0.00679266258,0.0190251979,3.43960493e-11,0.0018683384,,401,257
1323,3.91283131,0.545228815,0.000438197412,0.545228815,0,0.00963517717,0.0282816845,2.13352191e-11,0.000830892207,,401,1247
1324,9.44291687,0.164571093,0.000807757575,0.164571093,0,0.00594045723,0.00992272003,7.24969223e-11,0.00224080993,,401,101
1325,7.28208923,0.121028865,0.000525516704,0.121028865,0,0.00405195873,0.00719472344,3.06853118e-11,0.00194295369,,401,494
1326,0.802539408,0.837186158,0.000131425197,0.837186158,0,0.0312290979,0.0546621107,1.91917584e-12,6.96326866e-05,15250,401,2856
1327,1.37998533,0.807514232,0.00032153123,0.807514232,0,0.0249081339,0.0475027073,1.14869257e-11,0.000160596829,,401,2209
1328,1.98989034,0.760686234,0.000301205261,0.760686234,0,0.0197834838,0.0423219591,1.00805121e-11,0.000257893487,,401,2314
1329,1.90336645,0.768190723,0.000193370074,0.768190723,0,0.0204239535,0.0430110188,4.15466506e-12,0.000245465726,,401,2671
1330,7.02918291,0.147766524,0.000365543979,0.147766524,0,0.00397405097,0.00828973413,1.48469334e-11,0.00208763895,,401,1820
1331,1.04319727,0.826692853,0.00036574754,0.826692853,0,0.0285715849,0.0511060387,1.48634737e-11,0.000102874358,,401,1819
1332,0.437913299,0.847709038,9.6683463e-05,0.847709038,0,0.035850442,0.0620567799,1.03863245e-12,9.07411386e-05,14950,401,2944
1333,2.7281611,0.687217101,0.000288124023,0.687217101,0,0.0150691624,0.0367067551,9.22393921e-12,0.000372775262,,401,2362
1334,6.75203705,0.179462933,0.000468965216,0.179462933,0,0.00426946446,0.00966073259,2.44364859e-11,0.00227942932,,401,973
1335,2.42422223,0.719326371,0.000184238858,0.719326371,0,0.0166892686,0.0390419348,3.77155077e-12,0.000328324517,14650,401,2694
1336,9.35354328,0.156377074,0.000701427425,0.156377074,0,0.00582739096,0.00962517585,5.46667147e-11,0.00216298682,,401,146
1337,9.78534508,0.195967927,0.000390043178,0.195967927,0,0.00712895312,0.0120725739,1.69037423e-11,0.00264319848,,401,1612
1338,7.97541571,0.0729662874,0.00036805486,0.0729662874,0,0.00393608422,0.00591710017,1.50515978e-11,0.00196556798,,401,1798
1339,5.67495251,0.314415626,0.000314047196,0.314415626,0,0.00577953051,0.0161669711,1.09584046e-11,0.00199664923,,401,2245
1340,3.93921852,0.541858662,0.000411003697,0.541858662,0,0.00953034619,0.0281007747,1.87693377e-11,0.000839837924,,401,1454
1341,0.822753429,0.836411127,0.000166376221,0.836411127,0,0.0310055311,0.0543230936,3.07567187e-12,7.06742751e-05,,401,2744
1342,7.48537111,0.101906777,0.000537496951,0.101906777,0,0.00415868208,0.00652383503,3.21003302e-11,0.00188898494,,401,373
1343,8.60774326,0.0928736333,0.000497011787,0.0928736333,0,0.00477562627,0.00684765865,2.74467463e-11,0.0020332684,,401,722
1344,9.40995121,0.161546373,0.000771031953,0.161546373,0,0.00590324201,0.00980669319,6.60544748e-11,0.00221063295,,401,119
1345,3.86620545,0.551168582,0.000475606018,0.551168582,0,0.00982391238,0.0286013357,2.51334538e-11,0.00081726755,,401,921
1346,2.02063966,0.757956457,0.000331697719,0.757956457,0,0.0195536876,0.0420824687,1.22248196e-11,0.000262305291,,401,2123
1347,1.27222621,0.814203208,0.000250273431,0.814203208,0,0.0260379715,0.048541222,6.95964336e-12,0.00015066933,,401,2501
1348,3.51146936,0.595620293,0.000290627774,0.595620293,0,0.0112426827,0.0310855426,9.3849448e-12,0.000726108045,,401,2351
1349,8.13648129,0.0719124054,0.000472658758,0.0719124054,0,0.00402047203,0.00594578845,2.48229223e-11,0.00200634462,,401,942
1350,6.41149759,0.220609828,0.000382589029,0.220609828,0,0.00454064375,0.0116112221,1.62638184e-11,0.00240928944,,401,1670
1351,2.65657425,0.694985789,0.000189813702,0.694985789,0,0.0154338411,0.037250663,4.00324907e-12,0.000360253212,,401,2681
1352,3.83597589,0.5550086,0.000491799367,0.5550086,0,0.00994767146,0.0288088629,2.68740686e-11,0.000809398566,13700,401,779
1353,9.94517326,0.210490785,0.00149860059,0.210490785,0,0.0104362186,0.0137305566,2.49533749e-10,0.00286935014,,401,19
1354,4.71158743,0.441236792,0.000424783059,0.441236792,0,0.00751464423,0.0226810493,2.00489608e-11,0.00154176397,15750,401,1364
1355,9.08958244,0.132468252,0.000459715306,0.132468252,0,0.00529342244,0.00883884404,2.34820181e-11,0.00202696576,,401,1041
1356,1.68513656,0.78590377,0.000192246737,0.78590377,0,0.0220783029,0.0448321826,4.10653423e-12,0.000206089345,14050,401,2673
1357,4.99406528,0.403935608,0.000231349431,0.403935608,0,0.00707451959,0.0206988988,5.94695104e-12,0.00178913443,,401,2574
1358,8.01098061,0.0723101739,0.000390456118,0.0723101739,0,0.00393259971,0.0059199541,1.69395534e-11,0.00197492058,,401,1609
1359,5.93543625,0.280705826,0.000527674211,0.280705826,0,0.00536766622,0.0144943894,3.09377858e-11,0.00218492398,,401,472
1360,5.08167934,0.392360891,0.000385466163,0.392360891,0,0.0069995764,0.0200738552,1.65093514e-11,0.0018295411,,401,1648
1361,0.720669985,0.840121955,0.000198599837,0.840121955,0,0.0321971647,0.0560836676,4.38243281e-12,6.46149563e-05,,401,2657
1362,0.0257894136,0.851381771,0.000656391702,0.851381771,0,0.0444021502,0.0755803461,4.78722296e-11,3.23749586e-05,,401,170
1363,3.61286592,0.58306045,0.00041524487,0.58306045,0,0.0108483261,0.030362903,1.91587002e-11,0.00075573316,,401,1422
1364,1.22676992,0.816871099,0.000240706096,0.816871099,0,0.0265288473,0.0490060277,6.43771387e-12,0.000144573589,,401,2547
1365,5.73042345,0.307200674,0.000360076291,0.307200674,0,0.00569400361,0.0158063853,1.44061039e-11,0.00203093211,,401,1872
1366,3.797086,0.55993615,0.000503041483,0.55993615,0,0.0101073332,0.0290765684,2.81167482e-11,0.000799546765,,401,671
1367,9.11507607,0.134745215,0.000470988935,0.134745215,0,0.00534679573,0.0089222897,2.46478419e-11,0.00203397177,,401,955
1368,0.143215492,0.851256194,0.000574967696,0.851256194,0,0.0410056848,0.0707123857,3.67319835e-11,1.59574021e-05,,401,214
1369,5.3308568,0.359495058,0.000561230778,0.359495058,0,0.00659202333,0.0183732252,3.49977763e-11,0.00188328394,,401,249
1370,7.93403292,0.074024958,0.00034537444,0.074024958,0,0.00395151419,0.00591842597,1.32537227e-11,0.00195376425,,401,2025
1371,1.10678291,0.823465595,0.000319329431,0.823465595,0,0.0278587577,0.0503305862,1.13301429e-11,0.000119545951,,401,2217
1372,0.649880707,0.842395758,0.000351334631,0.842395758,0,0.0330969983,0.0573926757,1.37151137e-11,6.25932185e-05,,401,1961
1373,2.60062385,0.700972337,0.000105386175,0.700972337,0,0.0157184246,0.0376813402,1.23402733e-12,0.000352154846,19100,401,2931
1374,0.472210675,0.847003279,0.000197033258,0.847003279,0,0.035386603,0.0612200639,4.31356719e-12,8.94279096e-05,,401,2661
1375,0.507778049,0.846208159,0.000306299924,0.846208159,0,0.0349270814,0.060381423,1.04244049e-11,8.44667209e-05,,401,2283
1376,9.420331,0.162498464,0.000783045718,0.162498464,0,0.00591542593,0.00984231667,6.81289551e-11,0.00221975965,,401,113
1377,1.50249457,0.799301484,0.000349725343,0.799301484,0,0.0236850201,0.0464055782,1.35897573e-11,0.000173057905,13700,401,1981
1378,5.84335518,0.292569972,0.000474542529,0.292569972,0,0.00552740662,0.015076508,2.50211791e-11,0.00211244811,17250,401,927
1379,4.63987398,0.450687797,0.000500319791,0.450687797,0,0.00770405323,0.0231681543,2.78133214e-11,0.0014564486,,401,695
1380,5.87961769,0.287890337,0.000502112384,0.287890337,0,0.00546826737,0.0148455331,2.80129829e-11,0.00214084947,,401,681
1381,9.36173153,0.157126753,0.000711769645,0.157126753,0,0.00583946825,0.00965045356,5.62906697e-11,0.00216960776,,401,142
1382,8.35426998,0.07791126,0.000541025299,0.07791126,0,0.00436505257,0.00616963141,3.25231527e-11,0.00203951051,,401,336
1383,0.676911712,0.841556612,0.00029904378,0.841556612,0,0.0327506189,0.0568810934,9.93635362e-12,6.26129307e-05,,401,2324
1384,0.803842425,0.837136711,0.0001332671,0.837136711,0,0.0312146057,0.0546400607,1.97334665e-12,6.97031974e-05,15250,401,2853
1385,0.00343162217,0.851320544,0.00175570118,0.851320544,0,0.0459244749,0.0763765597,3.42498515e-10,6.36903059e-06,,401,14
1386,6.29519558,0.235062906,0.000349858757,0.235062906,0,0.00464221873,0.0123185212,1.36001278e-11,0.00239694101,,401,1978
1387,0.581978977,0.844343491,0.000409091351,0.844343491,0,0.0339736859,0.0587519293,1.85950815e-11,6.98470774e-05,,401,1467
1388,0.92136848,0.832348725,0.00033274121,0.832348725,0,0.0299245696,0.0527746507,1.2301857e-11,7.81772685e-05,,401,2117
1389,3.3543601,0.614812801,0.000128339645,0.614812801,0,0.011872567,0.0322149958,1.83011828e-12,0.000663349298,,401,2872
1390,2.62365699,0.698517018,0.00014035974,0.698517018,0,0.0156011252,0.0375035063,2.18898406e-12,0.000355471422,19100,401,2828
1391,8.56469345,0.0898987137,0.000508902533,0.0898987137,0,0.0047141071,0.00670133841,2.87757543e-11,0.0020371784,,401,622
1392,2.62031341,0.698874296,0.000135380363,0.698874296,0,0.0156181337,0.0375292788,2.03642696e-12,0.00035483485,19100,401,2844
1393,3.53861451,0.592270433,0.000327192087,0.592270433,0,0.0111374337,0.0308912037,1.18949624e-11,0.000734692213,,401,2161
1394,5.97742891,0.275316729,0.000532284914,0.275316729,0,0.0052839024,0.0142339122,3.14808034e-11,0.00221780286,,401,416
1395,4.70000648,0.442763882,0.000439461431,0.442763882,0,0.00754444698,0.0227597428,2.14584833e-11,0.00152812815,15750,401,1228
1396,7.676404,0.0869455,0.000409814821,0.0869455,0,0.00412798342,0.00611700253,1.86609098e-11,0.00189414756,,401,1460
1397,6.93097591,0.158765291,0.000369791732,0.158765291,0,0.0040475435,0.00875655286,1.51939917e-11,0.00215598663,,401,1780
1398,8.7703228,0.10519982,0.000456127426,0.10519982,0,0.00496174932,0.00749222504,2.31169143e-11,0.00201537902,,401,1071
1399,7.52035189,0.0989111475,0.000521259552,0.0989111475,0,0.00416409447,0.0064324844,3.0190169e-11,0.00188605851,,401,533
1400,5.96375751,0.277069731,0.000531988542,0.277069731,0,0.00531190079,0.0143183747,3.14457565e-11,0.00220706151,,401,422
1401,0.639070868,0.842721181,0.000368344385,0.842721181,0,0.0332360651,0.0576017367,1.50752873e-11,6.3078236e-05,,401,1793
1402,9.69197941,0.187431986,0.000716975244,0.187431986,0,0.00652051665,0.0111999715,5.71170556e-11,0.00252261237,,401,141
1403,6.18497324,0.248909572,0.000411887052,0.248909572,0,0.00482378169,0.0129819391,1.88501049e-11,0.00235587615,,401,1445
1404,2.34676766,0.727119846,0.000283966709,0.727119846,0,0.0171800417,0.0396287602,8.9596769e-12,0.000316068039,13800,401,2381
1405,0.0891147926,0.851406902,0.000639270058,0.851406902,0,0.0421641854,0.0728765981,4.54073563e-11,2.17590655e-05,,401,182
1406,7.8244648,0.0782780164,0.000327285331,0.0782780164,0,0.00402521403,0.00595763214,1.19017431e-11,0.00192395783,,401,2159
1407,3.39746737,0.609581124,0.000146778033,0.609581124,0,0.0116927659,0.0319054486,2.39375455e-12,0.000682763426,,401,2805
1408,1.68951106,0.785566534,0.000186610331,0.785566534,0,0.0220428794,0.0447950128,3.8692684e-12,0.000206982093,14050,401,2689
1409,0.613765538,0.843460349,0.000397645855,0.843460349,0,0.0335624698,0.0581017192,1.75691362e-11,6.5151397e-05,11850,401,1545
1410,9.56164932,0.17547601,0.000876395619,0.17547601,0,0.00609762989,0.010418492,8.53410313e-11,0.00236588077,,401,39
1411,5.5868125,0.32591416,0.000316207333,0.32591416,0,0.00594978622,0.0167341796,1.11096753e-11,0.00195148091,,401,2231
1412,6.64703417,0.191935387,0.000495000769,0.191935387,0,0.00438596347,0.0102309069,2.72250846e-11,0.00234037549,,401,736
1413,8.5135088,0.0865607191,0.000521902477,0.0865607191,0,0.00463525243,0.00654321883,3.02646884e-11,0.00204049424,,401,528
1414,4.62939072,0.452068459,0.000507733321,0.452068459,0,0.00773224478,0.0232394722,2.86436806e-11,0.00144384753,,401,627
1415,3.7705512,0.563289207,0.000504335387,0.563289207,0,0.0102160668,0.0292598221,2.82615758e-11,0.000793419327,,401,657
1416,6.90712404,0.161478419,0.000379633308,0.161478419,0,0.00407343801,0.0088727223,1.60134943e-11,0.00217335112,,401,1693
1417,9.54684258,0.174116204,0.000875736685,0.174116204,0,0.00607079451,0.0103489162,8.52127491e-11,0.00234869742,,401,42
1418,8.46783447,0.0837894253,0.000531582049,0.0837894253,0,0.00456057328,0.0064174691,3.13977194e-11,0.00204219551,,401,432
1419,7.26877165,0.122367088,0.000518561002,0.122367088,0,0.00404269109,0.00724643644,2.98783903e-11,0.00194888329,,401,554
1420,5.69804382,0.311410251,0.000330145375,0.311410251,0,0.00574259875,0.0160170075,1.21106632e-11,0.00201028338,,401,2133
1421,4.77280712,0.433160168,0.000332988125,0.433160168,0,0.00736769682,0.0222632395,1.23201213e-11,0.00160893341,14800,401,2114
1422,4.69667959,0.443202325,0.000443608058,0.443202325,0,0.00755310113,0.0227823242,2.18653455e-11,0.00152437283,15750,401,1167
1423,2.31092596,0.730668412,0.000321271652,0.730668412,0,0.0174197692,0.0398983886,1.14683861e-11,0.000309886836,13400,401,2211
1424,4.8788681,0.419155372,0.000164610374,0.419155372,0,0.00718115689,0.0215240871,3.01073058e-12,0.00170919409,,401,2750
1425,7.20027065,0.129386008,0.000473965828,0.129386008,0,0.00399824781,0.00752513927,2.49604007e-11,0.00198237025,,401,932
1426,2.88762546,0.669497721,0.000427257898,0.669497721,0,0.0142404092,0.0355269417,2.02832568e-11,0.000420087369,,401,1348
1427,8.30222321,0.0757838639,0.000535824717,0.0757838639,0,0.00427504311,0.00608709126,3.19009031e-11,0.00203447284,,401,385
1428,3.5202353,0.594539574,0.00030242006,0.594539574,0,0.0112086845,0.0310227254,1.0161988e-11,0.000728978734,,401,2305
1429,1.1855855,0.819208205,0.00025459703,0.819208205,0,0.0269807246,0.0494431891,7.20218305e-12,0.000137258512,,401,2484
1430,8.632267,0.0946295021,0.000490171603,0.0946295021,0,0.00480847164,0.0069361134,2.66964667e-11,0.00203070541,,401,798
1431,7.87656736,0.0760026936,0.000326914781,0.0760026936,0,0.00398643033,0.00593168657,1.18748082e-11,0.00193785707,16200,401,2164
1432,6.95766354,0.155748383,0.000362275369,0.155748383,0,0.0040217878,0.00862792472,1.45826048e-11,0.00213736923,,401,1853
1433,1.73297334,0.78217525,0.00012884615,0.78217525,0,0.0216969201,0.0444271667,1.84459226e-12,0.000215802818,13900,401,2869
1434,4.67317104,0.44630109,0.000470172922,0.44630109,0,0.00761496877,0.022941945,2.45625085e-11,0.00149672516,16200,401,960
1435,1.58781314,0.793210929,0.000302339265,0.793210929,0,0.0228984477,0.0456664769,1.0156559e-11,0.000186790494,13350,401,2306
1436,5.92343903,0.282247983,0.000523806049,0.282247983,0,0.00539033546,0.0145693903,3.04858641e-11,0.00217539556,,401,510
1437,2.87978601,0.670381544,0.00042359481,0.670381544,0,0.0142817927,0.0355839406,1.99369515e-11,0.000416867344,,401,1374
1438,9.39746761,0.160401548,0.000756103859,0.160401548,0,0.00588792251,0.0097648783,6.35214495e-11,0.00219982339,,401,124
1439,4.66923761,0.446819335,0.000474145996,0.446819335,0,0.00762543542,0.022968645,2.49793806e-11,0.00149192345,16200,401,930
1440,7.93712902,0.0739349554,0.00034679618,0.0739349554,0,0.00395004481,0.00591810809,1.33630656e-11,0.00195441647,,401,2015
1441,5.94995975,0.278840129,0.000530551459,0.278840129,0,0.00533945214,0.014403932,3.12760945e-11,0.00219631392,,401,443
1442,5.25601959,0.369353385,0.000565274892,0.369353385,0,0.00675015551,0.0188703004,3.55039671e-11,0.00187219602,,401,240
1443,6.12341595,0.256699575,0.00046290578,0.256699575,0,0.00495731739,0.0133496275,2.38090846e-11,0.00232160313,,401,1019
1444,0.624748707,0.843143425,0.000386873608,0.843143425,0,0.0334206651,0.0578828591,1.6630132e-11,6.40771464e-05,11850,401,1638
1445,2.46956086,0.714687321,0.000118022033,0.714687321,0,0.0164201452,0.0386954759,1.54768892e-12,0.000334824962,15400,401,2897
1446,9.80665112,0.197910879,0.00033127785,0.197910879,0,0.00736269129,0.0122985343,1.21938905e-11,0.00267189099,13100,401,2125
1447,1.81196988,0.775826208,8.39253404e-05,0.775826208,0,0.0210960279,0.0437637236,7.82606973e-13,0.000230620297,13900,401,2962
1448,8.63855171,0.0950864395,0.000488412522,0.0950864395,0,0.00481663324,0.00695935958,2.6505199e-11,0.00202997476,,401,813
1449,3.3348906,0.617166629,0.000133616335,0.617166629,0,0.011956823,0.0323542491,1.98370278e-12,0.000654175394,,401,2850
1450,9.5677309,0.176034383,0.000875643471,0.176034383,0,0.00610971765,0.0104478106,8.51946098e-11,0.00237272532,,401,44
1451,5.09282017,0.390889543,0.000403570618,0.390889543,0,0.00698828802,0.0199951689,1.80965826e-11,0.00183332813,,401,1504
1452,4.91560555,0.414302073,0.000143380658,0.414302073,0,0.00713963043,0.0212624895,2.28422367e-12,0.00173827649,,401,2820
1453,8.09648991,0.0717144898,0.000448010398,0.0717144898,0,0.00397648233,0.00593399024,2.23014796e-11,0.00199699568,,401,1132
1454,4.01667833,0.531931618,0.000308538121,0.531931618,0,0.00924040319,0.0275667126,1.0577308e-11,0.000869753893,,401,2268
1455,0.741920471,0.839391348,0.000152081194,0.839391348,0,0.0319344042,0.0557079241,2.56985441e-12,6.60931082e-05,17750,401,2785
1456,9.63773823,0.182460322,0.000824381353,0.182460322,0,0.00629917695,0.0108280421,7.55116238e-11,0.00245509573,,401,92
1457,8.24571609,0.0739403757,0.000522294134,0.0739403757,0,0.00418037473,0.00601914511,3.03101291e-11,0.00202704425,,401,523
1458,6.019526,0.269929001,0.000524700154,0.269929001,0,0.00519366068,0.0139758968,3.05900279e-11,0.00225036226,,401,501
1459,4.38602161,0.48401631,0.000414895038,0.48401631,0,0.00833192968,0.0249293489,1.91264325e-11,0.00115128885,,401,1424
1460,5.35661602,0.356105265,0.000548723657,0.356105265,0,0.00653143297,0.0182047309,3.34552947e-11,0.00188759556,,401,301
1461,3.29437232,0.622047202,0.000166390831,0.622047202,0,0.01213887,0.0326427525,3.07621208e-12,0.000633870471,,401,2743
1462,6.53336763,0.205663835,0.000461906625,0.205663835,0,0.00447283114,0.0108819804,2.37064145e-11,0.0023880382,,401,1023
1463,7.85969448,0.0766909409,0.00032496677,0.0766909409,0,0.00399853085,0.00593853547,1.17337113e-11,0.00193306836,16200,401,2184
1464,1.60944915,0.791619296,0.000282153551,0.791619296,0,0.0227102107,0.0454798897,8.84562517e-12,0.000190856493,13650,401,2386
1465,5.41732788,0.348123473,0.000499334607,0.348123473,0,0.00637922656,0.0178122229,2.77038944e-11,0.00189859572,,401,705
1466,0.10454537,0.851380034,0.00067874873,0.851380034,0,0.0418160728,0.0722277686,5.1188871e-11,1.28615654e-05,,401,157
1467,2.99350739,0.657438625,0.000439537398,0.657438625,0,0.013676831,0.0347658074,2.14659027e-11,0.000467818311,,401,1225
1468,2.85211754,0.673490711,0.000407940381,0.673490711,0,0.0144273517,0.0357858987,1.84905949e-11,0.000406901643,,401,1476
1469,0.361906469,0.849058091,0.00033863448,0.849058091,0,0.0370611635,0.0639594356,1.2741479e-11,7.89381639e-05,,401,2073
1470,4.76904535,0.433656858,0.000339609801,0.433656858,0,0.0073760481,0.0222890624,1.28149797e-11,0.00160484583,14800,401,2069
1471,9.89731884,0.206156311,0.00086200208,0.206156311,0,0.00913972827,0.0131936764,8.25608429e-11,0.00279735502,,401,65
1472,1.99604166,0.760142723,0.000307667244,0.760142723,0,0.0197376004,0.0422738356,1.05176814e-11,0.000258748558,,401,2275
1473,3.52873397,0.593490735,0.000314057199,0.593490735,0,0.0111757396,0.0309618715,1.09591027e-11,0.000731674162,,401,2244
1474,3.31113529,0.620031069,0.000150065278,0.620031069,0,0.0120624619,0.0325236079,2.50217642e-12,0.000642338361,,401,2793
1475,8.68695545,0.0986883952,0.00047550452,0.0986883952,0,0.00487566823,0.0071456163,2.51227277e-11,0.00202456929,,401,922
1476,2.19395733,0.741983154,0.000392185275,0.741983154,0,0.0182538533,0.0407712568,1.70899211e-11,0.00028946098,14050,401,1592
1477,3.24638343,0.627794592,0.000222880812,0.627794592,0,0.0123654633,0.0329824146,5.51953962e-12,0.000608461601,,401,2594
1478,7.55045319,0.0964169325,0.00050385725,0.0964169325,0,0.00416477793,0.0063598372,2.82080143e-11,0.00188541738,,401,662
1479,8.53402901,0.0878711724,0.000517005071,0.0878711724,0,0.00466755217,0.00660446704,2.96993604e-11,0.0020392613,,401,567
1480,2.75509763,0.684263262,0.000320449594,0.684263262,0,0.01493105,0.0365043601,1.14097714e-11,0.000378860335,,401,2214
1481,0.981487393,0.829644983,0.000374257555,0.829644983,0,0.0292600944,0.0519189716,1.55631908e-11,8.82227911e-05,,401,1741
1482,4.52852249,0.46533552,0.000530480207,0.46533552,0,0.00799751038,0.0239306961,3.12676944e-11,0.00131894225,,401,444
1483,5.2464819,0.370610801,0.000562492233,0.370610801,0,0.00676816701,0.0189345002,3.51552792e-11,0.0018704793,,401,247
1484,9.3122654,0.152602564,0.000649769338,0.152602564,0,0.00576047458,0.00950164103,4.69111326e-11,0.00213259409,,401,175
1485,9.90695667,0.207030313,0.00097557418,0.207030313,0,0.00938282078,0.0132962876,1.05749442e-10,0.00281180288,,401,33
1486,9.8680048,0.203495054,0.000567132227,0.203495054,0,0.00845757614,0.0128958159,3.57376626e-11,0.00275581972,,401,234
1487,0.906339407,0.832997906,0.000314030035,0.832997906,0,0.0300896854,0.052998914,1.0957207e-11,7.6362127e-05,,401,2246
1488,9.41816139,0.162299337,0.00078051351,0.162299337,0,0.00591291574,0.00983479588,6.76890378e-11,0.00221788432,,401,115
1489,6.43127203,0.218170303,0.000395366139,0.218170303,0,0.00452910228,0.0114914076,1.73682649e-11,0.00240820367,,401,1564
1490,3.06062913,0.649681415,0.000411838602,0.649681415,0,0.0133185282,0.0342900107,1.88456704e-11,0.000503580309,,401,1446
1491,0.878061354,0.834190187,0.000270911074,0.834190187,0,0.0303995796,0.0534323385,8.1547567e-12,7.38750808e-05,,401,2424
1492,7.01266241,0.149596553,0.000361543271,0.149596553,0,0.00398200924,0.00836704862,1.45237263e-11,0.00209898294,,401,1859
1493,2.82676697,0.676325209,0.000389699341,0.676325209,0,0.014559975,0.035972055,1.68739529e-11,0.000398562146,,401,1617
1494,4.86567926,0.420897603,0.00018073446,0.420897603,0,0.00719892788,0.0216173026,3.62943834e-12,0.00169809723,,401,2703
1495,6.10091543,0.259556174,0.000480353681,0.259556174,0,0.00500866139,0.0134843265,2.56377398e-11,0.0023072332,,401,886
1496,4.9243741,0.413143658,0.000145346764,0.413143658,0,0.00713122221,0.021199697,2.34729797e-12,0.00174443476,,401,2809
1497,6.17692232,0.249926189,0.000418546032,0.249926189,0,0.00484036726,0.0130300287,1.94645312e-11,0.00235152736,,401,1401
1498,2.50744987,0.710768349,6.30405062e-05,0.710768349,0,0.0162058259,0.0384041594,4.41567269e-13,0.00033998257,16200,401,2982
1499,8.00537395,0.0723978003,0.00038679278,0.0723978003,0,0.00393242419,0.00591931918,1.66231838e-11,0.00197321371,,401,1640
1500,6.70983982,0.184449237,0.000485391709,0.184449237,0,0.00432002607,0.00988616135,2.61783457e-11,0.00230548333,,401,841
1501,4.02114534,0.531357763,0.000301694593,0.531357763,0,0.00922478896,0.0275356923,1.01132919e-11,0.000871596881,,401,2309
1502,1.48996043,0.800170808,0.000351955996,0.800170808,0,0.0238061782,0.0465150389,1.37636692e-11,0.000171415893,13700,401,1950
1503,1.29315865,0.812943762,0.000261589764,0.812943762,0,0.0258148334,0.0483328641,7.60324497e-12,0.000153071069,,401,2459
1504,5.46992302,0.341218988,0.000440409053,0.341218988,0,0.00624140111,0.0174763485,2.1551126e-11,0.00191078459,,401,1213
1505,6.25475645,0.240127324,0.000363836129,0.240127324,0,0.00469802978,0.0125632174,1.47085254e-11,0.00238529397,,401,1837
1506,1.97737515,0.76178793,0.000287569991,0.76178793,0,0.0198766858,0.0424202112,9.18849995e-12,0.00025623279,,401,2367
1507,9.93976593,0.210001515,0.00141739448,0.210001515,0,0.0102784655,0.0136663023,2.23223012e-10,0.00286102629,,401,21
1508,8.94226933,0.119541474,0.000436050208,0.119541474,0,0.00509804334,0.00825693075,2.11266426e-11,0.00200661452,,401,1286
1509,6.11206961,0.258139299,0.00047197802,0.258139299,0,0.00498311481,0.0134175081,2.47514724e-11,0.00231444939,,401,951
1510,7.99700212,0.0725397003,0.000381549431,0.0725397003,0,0.00393270089,0.00591848436,1.61755521e-11,0.00197127652,,401,1677
1511,6.83784533,0.169441878,0.000419469013,0.169441878,0,0.00415874024,0.00921729681,1.95504725e-11,0.00222194438,,401,1396
1512,9.61531734,0.180403403,0.000850472507,0.180403403,0,0.00622709788,0.0106966895,8.0367054e-11,0.0024282003,,401,74
1513,9.66359329,0.184830995,0.000781527808,0.184830995,0,0.00639622697,0.0109945313,6.78650795e-11,0.00248686223,,401,114
1514,9.31770992,0.153099747,0.000656548626,0.153099747,0,0.00576984522,0.00951760904,4.78951221e-11,0.00213637962,,401,169
1515,0.237759173,0.850615972,0.000473441644,0.850615972,0,0.0392038059,0.0675041612,2.49052211e-11,4.37383665e-05,13700,401,937
1516,4.3976264,0.482498121,0.00042974854,0.482498121,0,0.0083066026,0.0248469886,2.05204231e-11,0.00116407039,,401,1333
1517,9.7881937,0.196227985,0.000380361688,0.196227985,0,0.00715636022,0.0121030763,1.60750015e-11,0.00264738299,,401,1687
1518,2.43177509,0.71855746,0.000173390791,0.71855746,0,0.0166434996,0.0389843729,3.34048515e-12,0.000329474475,14800,401,2726
1519,7.18342495,0.131144967,0.000461435744,0.131144967,0,0.00398900107,0.00759663433,2.36581051e-11,0.00199106206,,401,1027
1520,3.26142716,0.625996812,0.000204273026,0.625996812,0,0.0122932539,0.0328761338,4.63638545e-12,0.000616654705,,401,2644
1521,1.82864606,0.77445594,9.72008171e-05,0.77445594,0,0.0209728394,0.0436247076,1.04977765e-12,0.000233466283,17750,401,2942
1522,7.09635496,0.140420222,0.00039836257,0.140420222,0,0.0039619887,0.0079807718,1.76325264e-11,0.00204260832,,401,1536
1523,7.83269262,0.0778896235,0.000325990739,0.0778896235,0,0.00401888743,0.00595257968,1.18077735e-11,0.00192608078,,401,2171
1524,7.15005589,0.134663946,0.000436458471,0.134663946,0,0.0039739864,0.00774117815,2.11662219e-11,0.00201009396,,401,1277
1525,6.18012762,0.249521286,0.000416099103,0.249521286,0,0.00483374147,0.0130108807,1.92376071e-11,0.00235350033,,401,1416
1526,0.716656744,0.840257323,0.000207910989,0.840257323,0,0.0322473517,0.0561553817,4.80299771e-12,6.44659586e-05,,401,2632
1527,7.08640718,0.141498338,0.000392171166,0.141498338,0,0.00396175839,0.00802594143,1.70886915e-11,0.00204951619,,401,1593
1528,5.28773689,0.365173677,0.000569990635,0.365173677,0,0.00668669365,0.0186582071,3.60988137e-11,0.00187690165,,401,220
1529,1.00260663,0.828654793,0.000376694397,0.828654793,0,0.0290251104,0.0516335927,1.57665188e-11,9.3014829e-05,,401,1713
1530,1.55112112,0.795866892,0.000329506073,0.795866892,0,0.0232278569,0.0459836125,1.20638058e-11,0.00018030146,13300,401,2139
1531,0.599300623,0.84386848,0.000406636374,0.84386848,0,0.033749623,0.0583943559,1.83725712e-11,6.70608069e-05,11850,401,1482
1532,9.71534348,0.189570781,0.000649457051,0.189570781,0,0.00663857112,0.0113895718,4.68660513e-11,0.00255259419,,401,177
1533,3.14558029,0.639745497,0.000341648609,0.639745497,0,0.0128717297,0.0336918841,1.2969308e-11,0.000551615743,,401,2052
1534,7.06251192,0.144102095,0.00037894059,0.144102095,0,0.00396401156,0.00813531463,1.59551079e-11,0.00206507614,,401,1696
1535,5.40074968,0.350301919,0.00051537546,0.350301919,0,0.00642184027,0.0179188197,2.95124294e-11,0.00189527202,,401,578
1536,8.90898705,0.116689993,0.000437247167,0.116689993,0,0.00507242424,0.00810895675,2.12427872e-11,0.00200601444,,401,1262
1537,2.24361777,0.737229979,0.000372389908,0.737229979,0,0.0178913464,0.0404014388,1.54082493e-11,0.000298073342,14050,401,1758
1538,2.5160377,0.709874657,5.21348772e-05,0.709874657,0,0.0161588171,0.038337801,3.02005046e-13,0.000341025817,16200,401,2987
1539,7.17368364,0.132167407,0.000454329203,0.132167407,0,0.00398412904,0.00763843966,2.29350028e-11,0.00199638342,,401,1083
1540,8.88948822,0.115034114,0.000438600543,0.115034114,0,0.00505792591,0.00802147827,2.13744929e-11,0.00200689892,,401,1237
1541,3.85901356,0.552082979,0.000479930835,0.552082979,0,0.00985328951,0.0286506785,2.5592623e-11,0.00081524798,,401,889
1542,2.56338763,0.704913656,5.28437788e-05,0.704913656,0,0.0159092775,0.0379701272,3.10273884e-13,0.000347087381,16200,401,2985
1543,3.85317564,0.552824851,0.000483454622,0.552824851,0,0.00987717491,0.0286907435,2.59698191e-11,0.000813680668,13700,401,860
1544,9.86053944,0.202816636,0.0005060298,0.202816636,0,0.00829828957,0.0128226991,2.84517954e-11,0.00274530603,,401,642
1545,9.96945477,0.212685069,0.00189139072,0.212685069,0,0.0111804548,0.0140312879,3.97484319e-10,0.00290975916,,401,10
1546,8.05160332,0.071853427,0.000418231515,0.071853427,0,0.00394357682,0.00592567175,1.94352889e-11,0.00198546794,,401,1404
1547,5.37347269,0.353887795,0.000537610494,0.353887795,0,0.00649033305,0.0180951269,3.21138937e-11,0.00189023378,,401,372
1548,3.46960354,0.600767686,0.00023270779,0.600767686,0,0.0114056289,0.031386198,6.01699061e-12,0.00071143063,,401,2571
1549,9.41207695,0.161741278,0.000773483711,0.161741278,0,0.00590578188,0.00981391628,6.64752279e-11,0.00221234051,,401,117
1550,5.26830626,0.367733838,0.000568382817,0.367733838,0,0.00672622321,0.0187878797,3.58954474e-11,0.00187384021,,401,228
1551,9.34115887,0.155243796,0.000685864529,0.155243796,0,0.00580833223,0.00958746997,5.22677947e-11,0.00215380292,,401,152
1552,4.92887926,0.412548435,0.000147447006,0.412548435,0,0.00712708496,0.021167392,2.4156244e-12,0.0017477053,,401,2802
1553,9.77917099,0.19540459,0.000412766368,0.19540459,0,0.00707258199,0.0120067409,1.89306749e-11,0.00263540346,,401,1439
1554,3.26364064,0.625731872,0.000201620379,0.625731872,0,0.0122827139,0.0328604784,4.51675302e-12,0.000617769241,,401,2654
1555,8.37663937,0.0789422683,0.000541283378,0.0789422683,0,0.00440399091,0.00621110401,3.25541884e-11,0.002040537,,401,327
1556,4.74339581,0.437041193,0.000379737765,0.437041193,0,0.00743565787,0.0224644763,1.60223078e-11,0.00157747114,14800,401,1689
1557,7.4461689,0.105379031,0.000549782825,0.105379031,0,0.00414705221,0.00663488564,3.35845728e-11,0.00189463028,,401,297
1558,4.35589647,0.487954111,0.000372448988,0.487954111,0,0.00839643316,0.0251439031,1.54131387e-11,0.00111916008,,401,1756
1559,9.74422836,0.192212716,0.000548533721,0.192212716,0,0.00680956084,0.0116515941,3.34321381e-11,0.00258979942,,401,302
1560,4.04082298,0.528827409,0.000271203225,0.528827409,0,0.00915762109,0.0273986682,8.17235437e-12,0.000880610494,,401,2423
1561,0.888289928,0.833763267,0.00028772821,0.833763267,0,0.0302875799,0.0532738262,9.19861363e-12,7.46861285e-05,,401,2366
1562,0.939928174,0.831532298,0.000351159543,0.831532298,0,0.0297201437,0.0525034836,1.37014471e-11,8.06837064e-05,,401,1963
1563,9.01925755,0.126242561,0.000440831535,0.126242561,0,0.00517385472,0.00858280866,2.15924936e-11,0.00201323524,,401,1208
1564,2.66597342,0.693972602,0.000203559868,0.693972602,0,0.0153860752,0.0371787678,4.60406889e-12,0.000361746545,,401,2647
1565,7.22702551,0.126618253,0.00049276922,0.126618253,0,0.00401460721,0.00741386953,2.69801671e-11,0.00196838886,,401,768
1566,4.55847073,0.461399797,0.000533053411,0.461399797,0,0.00792062384,0.023724297,3.1571771e-11,0.00135580612,,401,404
1567,0.604108512,0.843733977,0.000404288406,0.843733977,0,0.0336873983,0.0582965077,1.81610128e-11,6.63862827e-05,11850,401,1500
1568,1.42031252,0.804881299,0.000342210041,0.804881299,0,0.0244972781,0.0471336133,1.30119681e-11,0.000164015956,,401,2050
1569,7.31535625,0.11772684,0.000540118342,0.11772684,0,0.00407494888,0.00706941764,3.24142026e-11,0.00192980936,,401,350
1570,1.633587,0.789821225,0.000256292813,0.789821225,0,0.0225045631,0.0452723824,7.2984451e-12,0.000195573197,13600,401,2478
1571,2.91106534,0.666847514,0.000435853987,0.666847514,0,0.014116313,0.0353570894,2.11076331e-11,0.000429530185,,401,1293
1572,2.19798374,0.741600611,0.00039114749,0.741600611,0,0.018224124,0.0407412586,1.69995954e-11,0.000290096907,14050,401,1602
1573,1.29849768,0.812619455,0.000264973793,0.812619455,0,0.0257582084,0.0482802651,7.80123458e-12,0.000153545648,,401,2446
1574,9.07519341,0.131187633,0.000454546736,0.131187633,0,0.00526497594,0.00878990141,2.29569706e-11,0.00202338407,,401,1081
1575,0.402253389,0.848379092,0.000168867055,0.848379092,0,0.0363912365,0.0629376005,3.16845357e-12,8.77198636e-05,17300,401,2734
1576,3.98573709,0.535902992,0.000352806837,0.535902992,0,0.00935214118,0.0277808654,1.3830296e-11,0.00085670924,,401,1940
1577,2.27171612,0.734507299,0.00035423777,0.734507299,0,0.0176912977,0.0401918746,1.39427109e-11,0.000303066258,,401,1924
1578,1.46530783,0.801861544,0.000352663966,0.801861544,0,0.0240476697,0.0467317231,1.3819097e-11,0.000168491161,,401,1941
1579,7.08912563,0.141203394,0.000393814263,0.141203394,0,0.00396175999,0.00801357308,1.72321859e-11,0.00204749853,,401,1576
1580,9.17642117,0.140259723,0.000509668701,0.140259723,0,0.00548279973,0.00911024222,2.88624649e-11,0.00205620545,,401,616
1581,9.52675533,0.17227083,0.000870509091,0.17227083,0,0.00603916679,0.0102585333,8.41984531e-11,0.00232653242,,401,54
1582,6.0547576,0.265431301,0.000509719914,0.265431301,0,0.00511456086,0.0137620797,2.88682657e-11,0.00227571511,,401,615
1583,1.21888006,0.81732476,0.000241730194,0.81732476,0,0.0266149184,0.0490885336,6.49260964e-12,0.000143281993,,401,2539
1584,6.81053209,0.172613746,0.000436612405,0.172613746,0,0.00419434243,0.00935634671,2.11811547e-11,0.00224055502,,401,1273
1585,9.50837612,0.170582481,0.000862046976,0.170582481,0,0.0060129655,0.0101801848,8.25694432e-11,0.00230718907,,401,64
1586,2.31388044,0.730377302,0.000318341302,0.730377302,0,0.0173996962,0.0398762131,1.12601316e-11,0.000310294455,13400,401,2224
1587,6.57611752,0.20047523,0.000481650376,0.20047523,0,0.00444476682,0.0106332246,2.57763427e-11,0.00237261906,,401,876
1588,6.82284784,0.171181136,0.000428687236,0.171181136,0,0.00417826142,0.00929339576,2.0419194e-11,0.00223255334,,401,1342
1589,2.74588251,0.685275607,0.000309695028,0.685275607,0,0.0149783697,0.0365734575,1.06567789e-11,0.000376735558,,401,2262
1590,3.860466,0.551898289,0.000479234607,0.551898289,0,0.00984736105,0.0286407065,2.55184231e-11,0.000815754067,,401,895
1591,7.34745121,0.114599046,0.000549813038,0.114599046,0,0.00409616068,0.00695398996,3.3588264e-11,0.00191894985,,401,296
1592,3.39557314,0.609811552,0.000145225245,0.609811552,0,0.0117004939,0.0319190764,2.34337463e-12,0.000681863273,,401,2810
1593,8.5235548,0.0871973856,0.000519469119,0.0871973856,0,0.00465117577,0.00657284806,2.99831295e-11,0.00204009172,,401,547
1594,5.27046537,0.36744925,0.000568622395,0.36744925,0,0.00672192526,0.0187734288,3.59257143e-11,0.00187419898,,401,227
1595,8.12537289,0.0718273096,0.000466112549,0.0718273096,0,0.004007144,0.00594189995,2.41401009e-11,0.00200378906,,401,995
1596,2.25800037,0.735839333,0.000363692054,0.735839333,0,0.0177884225,0.04029423,1.46968789e-11,0.000300520692,14050,401,1840
1597,4.44671726,0.476069666,0.00048326656,0.476069666,0,0.00819592086,0.0245005919,2.59496187e-11,0.00122004195,,401,861
1598,5.03431225,0.398618015,0.00030326099,0.398618015,0,0.00704251202,0.0204105812,1.02185809e-11,0.00180994054,,401,2300
1599,8.74600792,0.103264652,0.000461285598,0.103264652,0,0.00493861444,0.00738825693,2.36427114e-11,0.00201808829,,401,1031
1600,4.65800476,0.448299643,0.000484839727,0.448299643,0,0.00765539608,0.0230449481,2.61188401e-11,0.00147828871,,401,845
1601,3.28702927,0.622928931,0.000174285484,0.622928931,0,0.0121728081,0.0326948517,3.37504775e-12,0.00062996103,,401,2722
1602,4.1615591,0.513239759,0.000113028562,0.513239759,0,0.00880865054,0.0265441412,1.4194951e-12,0.000950186604,,401,2914
1603,0.991775393,0.829165182,0.000376192392,0.829165182,0,0.0291457206,0.0517789899,1.5724524e-11,9.05307875e-05,,401,1719
1604,7.70751524,0.0848797663,0.000386087634,0.0848797663,0,0.00411010295,0.00607237732,1.6562629e-11,0.0018992366,,401,1643
1605,1.40181983,0.806097326,0.00033383615,0.806097326,0,0.0246848374,0.0473017121,1.23829528e-11,0.000162322657,,401,2107
1606,8.0978899,0.0717163101,0.000449083939,0.0717163101,0,0.00397782198,0.00593431488,2.24084871e-11,0.0019973939,,401,1124
1607,5.41331005,0.348651373,0.000503556818,0.348651373,0,0.00638962367,0.0178380197,2.81743854e-11,0.00189768705,,401,665
1608,9.15745735,0.138550096,0.000495927317,0.138550096,0,0.00544033596,0.00905367104,2.73271004e-11,0.00204856483,,401,728
1609,7.70346308,0.0851419881,0.000389092097,0.0851419881,0,0.00411257269,0.006077851,1.68214067e-11,0.00189849381,,401,1623
1610,1.25384927,0.815292919,0.000243467114,0.815292919,0,0.0262353803,0.0487270369,6.58624839e-12,0.000148478816,,401,2528
1611,1.03061092,0.827309423,0.000371196907,0.827309423,0,0.0287124387,0.0512667588,1.53096826e-11,9.97663656e-05,,401,1771
1612,1.11842132,0.822854678,0.000308757404,0.822854678,0,0.0277284013,0.0501947781,1.05923483e-11,0.000122388977,,401,2266
1613,4.9775486,0.406117983,0.000203954944,0.406117983,0,0.00708721342,0.0208175917,4.62195769e-12,0.00177954245,,401,2645
1614,7.51170301,0.0996423261,0.000525781554,0.0996423261,0,0.00416319263,0.00645438772,3.07162492e-11,0.00188700998,,401,491
1615,8.73628807,0.102498907,0.000463514605,0.102498907,0,0.00492892342,0.00734730357,2.38717543e-11,0.00201892056,,401,1013
1616,3.06655478,0.648992442,0.000408180826,0.648992442,0,0.0132870192,0.0342481769,1.85123985e-11,0.000506921664,,401,1473
1617,9.36883926,0.157777617,0.000720849163,0.157777617,0,0.0058496786,0.00967265087,5.77359463e-11,0.00217559391,,401,139
1618,5.1572113,0.382387442,0.000492972586,0.382387442,0,0.00691158695,0.0195448292,2.70024412e-11,0.00185269044,,401,766
1619,6.74509954,0.180280314,0.000472289209,0.180280314,0,0.00427805239,0.00969745753,2.47841219e-11,0.00228346255,,401,945
1620,6.23962975,0.242026325,0.000372089412,0.242026325,0,0.00472210771,0.0126543819,1.53833923e-11,0.00237974138,,401,1764
1621,1.52322149,0.797849506,0.000343342393,0.797849506,0,0.0234874803,0.046225319,1.30982221e-11,0.000175981892,13300,401,2040
1622,7.54490709,0.0968704501,0.000507338162,0.0968704501,0,0.00416494708,0.00637280931,2.85991123e-11,0.00188518711,,401,629
1623,2.30583858,0.731169069,0.000325959504,0.731169069,0,0.0174544615,0.0399365524,1.18055109e-11,0.00030897732,13400,401,2172
1624,8.97787094,0.122623361,0.000436610249,0.122623361,0,0.00512866063,0.00841165383,2.11809455e-11,0.0020087205,,401,1274
1625,7.17901421,0.131607299,0.000458339765,0.131607299,0,0.00398675542,0.00761552124,2.33417045e-11,0.00199338472,,401,1053
1626,1.43852139,0.803669619,0.00034827429,0.803669619,0,0.0243141057,0.0469698383,1.34772201e-11,0.000165630329,,401,1998
1627,5.89619541,0.285754106,0.00051179631,0.285754106,0,0.00543962802,0.0147406756,2.91039404e-11,0.00215389739,,401,601
1628,6.17531395,0.250129268,0.000419881832,0.250129268,0,0.00484374183,0.0130396256,1.95889725e-11,0.00235107586,,401,1395
1629,9.70477104,0.188603338,0.000681625391,0.188603338,0,0.00658320395,0.0113013655,5.1623686e-11,0.0025386983,,401,154
1630,3.51823187,0.594786541,0.000299823338,0.594786541,0,0.0112164548,0.031037071,9.98822597e-12,0.000728141854,,401,2321
1631,1.89299273,0.769072646,0.000179090628,0.769072646,0,0.0205002172,0.0430952062,3.56371701e-12,0.000243847689,,401,2710
1632,6.55379963,0.203180116,0.000472426343,0.203180116,0,0.00446001021,0.0107625289,2.47985166e-11,0.00238101492,,401,943
1633,2.32095385,0.729679372,0.000311336416,0.729679372,0,0.0173518693,0.039823087,1.07700404e-11,0.000311584846,13400,401,2256
1634,7.7328372,0.0832888438,0.000368364989,0.0832888438,0,0.00409359184,0.00604050825,1.50769739e-11,0.00190381521,,401,1792
1635,1.35963249,0.808816367,0.000308177229,0.808816367,0,0.0251180029,0.0476926953,1.05525783e-11,0.00015897541,,401,2273
1636,2.51942205,0.709521999,4.82778939e-05,0.709521999,0,0.0161404648,0.0383116128,2.58972783e-13,0.000341456434,16200,401,2988
1637,2.3952992,0.722256263,0.00022389899,0.722256263,0,0.0168680757,0.0392617629,5.57008418e-12,0.000323781587,14150,401,2591
1638,5.43918371,0.345253283,0.000476156479,0.345253283,0,0.00632228416,0.0176722774,2.51916659e-11,0.00190308997,,401,916
1639,5.59923792,0.324290682,0.000309335736,0.324290682,0,0.00592258901,0.0166548204,1.06320664e-11,0.00195711824,,401,2264
1640,0.684574485,0.841312187,0.000282356745,0.841312187,0,0.0326529071,0.0567388413,8.85837016e-12,6.27841532e-05,,401,2384
1641,2.12960196,0.748028189,0.000393147566,0.748028189,0,0.0187341154,0.0412524285,1.71738899e-11,0.000278842469,12050,401,1585
1642,2.03928995,0.756285144,0.000347590288,0.756285144,0,0.0194138109,0.0419384698,1.34243343e-11,0.00026501803,,401,2007
1643,0.650285184,0.842383437,0.000350509876,0.842383437,0,0.0330918005,0.057384903,1.3650797e-11,6.25841541e-05,,401,1973
1644,7.18960762,0.130497853,0.000466151155,0.130497853,0,0.00399228505,0.00757027028,2.41440999e-11,0.00198794468,,401,994
1645,8.66259098,0.0968570067,0.000481971937,0.0968570067,0,0.00484678983,0.00705029228,2.5810772e-11,0.00202729316,,401,872
1646,6.32363844,0.231512458,0.000348344633,0.231512458,0,0.00461005856,0.0121457684,1.34826648e-11,0.00240290807,,401,1996
1647,4.98406315,0.405257177,0.000214384195,0.405257177,0,0.00708219631,0.0207707614,5.10673146e-12,0.0017834018,,401,2616
1648,5.47183895,0.340967888,0.000438361974,0.340967888,0,0.00623635325,0.0174641758,2.13512467e-11,0.00191122496,,401,1243
1649,7.53343487,0.0978171856,0.000514131179,0.0978171856,0,0.00416484176,0.00640023199,2.93700966e-11,0.00188569278,,401,585
1650,6.38557673,0.223815839,0.000367674311,0.223815839,0,0.00455742972,0.0117687495,1.50204888e-11,0.00240943418,,401,1806
1651,3.87135434,0.550513745,0.000472203875,0.550513745,0,0.00980291046,0.0285660238,2.47751666e-11,0.000818761664,,401,946
1652,5.05265522,0.396194775,0.00033569049,0.396194775,0,0.00702674632,0.020279798,1.25209006e-11,0.00181790959,,401,2090
1653,3.30180264,0.621154023,0.000158694179,0.621154023,0,0.0121048161,0.0325899746,2.79820471e-12,0.00063764852,,401,2763
1654,0.505849004,0.846252971,0.000301148366,0.846252971,0,0.0349518104,0.060425987,1.00767043e-11,8.47794602e-05,,401,2315
1655,5.81093073,0.296762323,0.000444512975,0.296762323,0,0.00557704903,0.0152846862,2.19546428e-11,0.00208776275,,401,1159
1656,2.579386,0.703224544,7.40544079e-05,0.703224544,0,0.0158270095,0.0378458876,6.09339482e-13,0.000349416419,19100,401,2976
1657,6.01371336,0.270671813,0.000526360164,0.270671813,0,0.00520644428,0.0140113443,3.07838914e-11,0.00224555841,,401,485
1658,7.96701002,0.0731558508,0.000362880581,0.0731558508,0,0.00393835761,0.00591690939,1.46313685e-11,0.00196283099,,401,1848
1659,7.43743801,0.106167872,0.000551546168,0.106167872,0,0.00414371413,0.00666084518,3.38003528e-11,0.00189604137,,401,291
1660,4.37704706,0.485189866,0.000402874741,0.485189866,0,0.00835133854,0.0249931485,1.80342286e-11,0.00114135027,,401,1507
1661,5.60565853,0.323452169,0.000306527624,0.323452169,0,0.00590893936,0.0166137439,1.04399093e-11,0.00196033804,,401,2281
1662,8.98316097,0.123084076,0.000436737683,0.123084076,0,0.00513369139,0.00843417583,2.11933115e-11,0.00200929265,,401,1272
1663,3.89363885,0.547676012,0.000455418519,0.547676012,0,0.00971243762,0.0284132208,2.30451142e-11,0.000825185076,,401,1076
1664,4.47807693,0.471958,0.000508112537,0.471958,0,0.00812197455,0.0242810437,2.86864833e-11,0.00125723628,,401,625
1665,1.81652021,0.775453286,8.68383372e-05,0.775453286,0,0.0210623398,0.0437257337,8.37877423e-13,0.000231416345,17050,401,2958
1666,3.00074697,0.656606046,0.000437804737,0.656606046,0,0.013638128,0.034714282,2.12969986e-11,0.000471459069,,401,1254
1667,4.13559484,0.51660062,0.000131140311,0.51660062,0,0.00887386798,0.0267301131,1.91086458e-12,0.000933275141,,401,2860
1668,3.66016006,0.577159793,0.000458156627,0.577159793,0,0.0106617137,0.0300293091,2.3323055e-11,0.000767686422,,401,1054
1669,2.13671803,0.747366178,0.000394348971,0.747366178,0,0.01868066,0.0411990011,1.72790123e-11,0.000279889387,12050,401,1571
1670,2.64465785,0.696267161,0.000172166517,0.696267161,0,0.0154943835,0.0373420086,3.29347883e-12,0.000358386225,,401,2727
1671,8.33030701,0.0768832925,0.00053947929,0.0768832925,0,0.00432342247,0.00612921105,3.2337545e-11,0.00203746368,,401,357
1672,4.84214306,0.424006088,0.000215914406,0.424006088,0,0.00723462759,0.0217826611,5.17989229e-12,0.00167748074,,401,2611
1673,2.85575104,0.67308326,0.000410340595,0.67308326,0,0.0144082893,0.0357593,1.87088227e-11,0.000408238998,,401,1455
1674,3.4108994,0.607945578,0.000159286516,0.607945578,0,0.0116382847,0.0318087841,2.81913269e-12,0.000688281499,,401,2762
1675,2.05813718,0.754584273,0.000361437723,0.754584273,0,0.0192721486,0.0417938484,1.45152475e-11,0.00026779859,,401,1860
1676,9.0165844,0.126007795,0.000440703889,0.126007795,0,0.00517045182,0.00857216759,2.15799908e-11,0.00201255188,,401,1210
1677,4.67550421,0.445993594,0.000467811342,0.445993594,0,0.00760878073,0.0229261012,2.43163835e-11,0.00149930318,16200,401,981
1678,6.31330442,0.232801171,0.000348139115,0.232801171,0,0.00462108978,0.0122085787,1.34667603e-11,0.00240174196,,401,2002
1679,7.5723033,0.0946579914,0.000489421519,0.0946579914,0,0.00416293732,0.00631059121,2.66148248e-11,0.00188521408,,401,805
1680,8.96510792,0.12151509,0.00043619247,0.12151509,0,0.00511712477,0.00835676409,2.11404301e-11,0.0020075255,,401,1282
1681,9.46545982,0.166641068,0.000829703519,0.166641068,0,0.00596437536,0.0100071986,7.648977e-11,0.00226286922,,401,89
1682,3.20825291,0.632334997,0.00027032845,0.632334997,0,0.0125527866,0.0332511788,8.119719e-12,0.000587332342,,401,2428
1683,4.93656826,0.411532535,0.000152431037,0.411532535,0,0.00712025998,0.021112209,2.58169121e-12,0.00175315336,,401,2783
1684,8.01683712,0.0722249729,0.00039441233,0.0722249729,0,0.00393311387,0.00592065744,1.72845651e-11,0.00197671684,,401,1570
1685,6.0626297,0.264427773,0.000505138508,0.264427773,0,0.0050965888,0.0137145338,2.83516569e-11,0.00228110497,,401,649
1686,9.81971931,0.199101867,0.000323790245,0.199101867,0,0.00754814312,0.0124294507,1.16489025e-11,0.00268931001,,401,2196
1687,8.06131268,0.0717907967,0.000424819893,0.0717907967,0,0.00394891751,0.00592723865,2.0052438e-11,0.0019884859,,401,1363
1688,3.28109646,0.623640733,0.000180818694,0.623640733,0,0.0122004335,0.0327369091,3.63282225e-12,0.000626945675,,401,2701
1689,0.0822637379,0.85141477,0.00059823237,0.85141477,0,0.0423269243,0.0731727831,3.97646632e-11,2.57291365e-05,,401,202
1690,7.78694868,0.0801816078,0.00033883204,0.0801816078,0,0.00405413982,0.0059855674,1.27563501e-11,0.00191557028,,401,2071
1691,7.64948511,0.0888265013,0.000431066935,0.0888265013,0,0.00414092119,0.00616052618,2.06465225e-11,0.00189062734,,401,1325
1692,5.36942673,0.354420036,0.000540624192,0.354420036,0,0.00650028307,0.0181213936,3.24749464e-11,0.00188940215,,401,344
1693,6.62718773,0.194316394,0.00049368185,0.194316394,0,0.00440410232,0.0103421293,2.70801965e-11,0.00235008063,,401,758
1694,0.775169551,0.838203917,0.000111347264,0.838203917,0,0.0315386494,0.0551301425,1.37757924e-12,6.81366059e-05,15250,401,2925
1695,7.30146742,0.11909808,0.000534526482,0.11909808,0,0.00406541937,0.00712103977,3.17465067e-11,0.0019354277,,401,390
1696,2.83744073,0.675133436,0.00039791519,0.675133436,0,0.0145042256,0.0358935414,1.75929443e-11,0.000401905065,,401,1543
1697,4.52174807,0.466225365,0.000528675622,0.466225365,0,0.00801460561,0.0239775437,3.10553238e-11,0.0013105051,,401,465
1698,0.410365134,0.848232398,0.000137890901,0.848232398,0,0.0362624908,0.0627363839,2.11265563e-12,8.88468194e-05,14950,401,2838
1699,0.242587,0.850570494,0.000483079164,0.850570494,0,0.0391184344,0.0673530668,2.59294977e-11,4.46718866e-05,,401,864
1700,9.49836826,0.169663361,0.000855718357,0.169663361,0,0.00600024977,0.0101386933,8.13615451e-11,0.00229622702,,401,71
1701,2.36943364,0.724856748,0.000257113732,0.724856748,0,0.0170325725,0.0394576149,7.34527455e-12,0.000319737152,13850,401,2474
1702,7.1692071,0.132638673,0.00045092741,0.132638673,0,0.00398201692,0.00765776707,2.25928366e-11,0.00199882201,,401,1109
1703,5.36128855,0.355490437,0.000545692244,0.355490437,0,0.00652011404,0.0181743049,3.30866695e-11,0.00188820422,,401,314
1704,1.91465998,0.767226291,0.000208814898,0.767226291,0,0.0203408274,0.0429197574,4.84485131e-12,0.000247123173,,401,2629
1705,3.12206221,0.642509113,0.000364591486,0.642509113,0,0.0129941456,0.0338572384,1.47696613e-11,0.000538126936,,401,1831
1706,0.619969487,0.843281991,0.000392012696,0.843281991,0,0.0334823387,0.0579777418,1.70748838e-11,6.44381087e-05,11850,401,1594
1707,0.218505591,0.850784885,0.000434086398,0.850784885,0,0.0395493612,0.0681175415,2.09367778e-11,4.01800242e-05,,401,1305
1708,2.42243433,0.719508108,0.000186722361,0.719508108,0,0.0167001592,0.0390555497,3.87391555e-12,0.000328028424,14650,401,2688
1709,9.04668236,0.128660124,0.000446311241,0.128660124,0,0.00521393133,0.00868808411,2.2132636e-11,0.00201741038,11300,401,1147
1710,2.78807187,0.680625054,0.000355426487,0.680625054,0,0.0147610185,0.0362583322,1.4036443e-11,0.000387095562,,401,1917
1711,7.55704784,0.0958813262,0.000499545992,0.0958813262,0,0.00416442777,0.00634466573,2.77273553e-11,0.00188521929,,401,701
1712,4.71436262,0.440870594,0.000420917227,0.440870594,0,0.00750759407,0.0226621668,1.96857014e-11,0.00154462916,15750,401,1392
1713,6.19636202,0.247472759,0.000402746219,0.247472759,0,0.00480092408,0.0129138725,1.80227241e-11,0.00236109096,,401,1508
1714,8.04836464,0.0718783389,0.000415877387,0.0718783389,0,0.00394203357,0.00592516654,1.92171113e-11,0.0019850697,,401,1417
1715,9.24016762,0.146033087,0.000567401192,0.146033087,0,0.00562163037,0.00929453496,3.5771568e-11,0.00208719858,,401,233
1716,1.51489544,0.798434959,0.000346141537,0.798434959,0,0.0235663829,0.0462976383,1.33126626e-11,0.000174808129,13300,401,2018
1717,8.52952862,0.087580397,0.00051801333,0.087580397,0,0.00466055012,0.00659078516,2.98153122e-11,0.00203967488,,401,559
1718,4.42745829,0.478592882,0.00046444175,0.478592882,0,0.00824005162,0.0246361007,2.39673488e-11,0.00119780662,,401,1009
1719,9.957407,0.211597165,0.00169050181,0.211597165,0,0.0108038336,0.0138795608,3.17532931e-10,0.00288968201,,401,15
1720,7.86755133,0.0763645678,0.000325478093,0.0763645678,0,0.00399282704,0.00593516811,1.17706655e-11,0.00193514727,16200,401,2177
1721,0.7844643,0.837862284,0.000112840656,0.837862284,0,0.0314321904,0.0549702751,1.41477931e-12,6.86678133e-05,15250,401,2916
1722,7.99049711,0.0726590269,0.000377181625,0.0726590269,0,0.00393333913,0.00591793906,1.5807331e-11,0.00196924986,,401,1706
1723,8.26189899,0.0744160935,0.000527010108,0.0744160935,0,0.0042069783,0.00603636321,3.08599615e-11,0.00202957116,,401,481
1724,2.47886562,0.713728497,0.000104241103,0.713728497,0,0.0163665765,0.0386241065,1.20735638e-12,0.000336193452,15750,401,2932
1725,8.46368122,0.08354807,0.000532336277,0.08354807,0,0.00455362354,0.0064067783,3.14868791e-11,0.00204212635,,401,415
1726,5.12304735,0.386897778,0.000449079116,0.386897778,0,0.00695483485,0.0197827801,2.24080058e-11,0.00184333529,,401,1125
1727,1.91010296,0.767615973,0.00020255982,0.767615973,0,0.0203743822,0.0429565325,4.55894229e-12,0.0002464488,,401,2649
1728,6.57940531,0.200077164,0.000482748514,0.200077164,0,0.00444238905,0.0106142732,2.58940141e-11,0.00237141245,,401,868
1729,2.20888567,0.740562311,0.000387806528,0.740562311,0,0.0181438755,0.0406600736,1.67104337e-11,0.000291877045,14050,401,1631
1730,7.10066032,0.139954582,0.000401184987,0.139954582,0,0.00396229766,0.00796128737,1.78832659e-11,0.00204051115,,401,1518
1731,3.18291688,0.635338909,0.000300549541,0.635338909,0,0.012680272,0.0334294267,1.00366696e-11,0.000573096563,,401,2318
1732,8.38542366,0.0793651078,0.00054090634,0.0793651078,0,0.0044192957,0.006228369,3.25088521e-11,0.00204088739,,401,340
1733,2.91450405,0.666457568,0.000436837673,0.666457568,0,0.0140980717,0.0353322287,2.12030169e-11,0.000430974313,,401,1269
1734,9.79223156,0.196596079,0.000366837885,0.196596079,0,0.00719693005,0.012146317,1.4952226e-11,0.00265221216,,401,1810
1735,7.85384989,0.0769404026,0.000324944274,0.0769404026,0,0.00400286953,0.00594124163,1.17320868e-11,0.00193183695,,401,2187
1736,7.49901867,0.100725952,0.000531806595,0.100725952,0,0.00416137143,0.00648731328,3.14242505e-11,0.00188789769,,401,426
1737,7.3980341,0.10979458,0.000555516242,0.10979458,0,0.00412560479,0.00678354132,3.42886995e-11,0.0019043794,,401,260
1738,5.50882435,0.33611899,0.000393256384,0.33611899,0,0.00613964128,0.0172294278,1.71833981e-11,0.00192233404,,401,1584
1739,7.80630112,0.0791729777,0.000331917513,0.0791729777,0,0.00403924292,0.00597015414,1.22410261e-11,0.00192030387,,401,2122
1740,0.952405214,0.830974299,0.000360813399,0.830974299,0,0.0295823637,0.0523247415,1.44651454e-11,8.27784956e-05,,401,1866
1741,7.72394609,0.083837966,0.000374271827,0.083837966,0,0.00409955228,0.00605125244,1.55643778e-11,0.0019020145,,401,1740
1742,0.705610216,0.840626335,0.000233907235,0.840626335,0,0.0323862061,0.0563541809,6.07917719e-12,6.37575172e-05,,401,2565
1743,6.04218245,0.267035381,0.000515805282,0.267035381,0,0.00514307258,0.0138381965,2.95616765e-11,0.00226679015,,401,574
1744,3.9503715,0.54043268,0.000398123751,0.54043268,0,0.00948670793,0.0280242477,1.76113913e-11,0.000843604716,,401,1539
1745,2.44694757,0.717008078,0.000151398201,0.717008078,0,0.0165526883,0.0388685521,2.54682392e-12,0.000331638239,14800,401,2788
1746,2.13475323,0.747549072,0.000394098321,0.747549072,0,0.0186954196,0.0412137418,1.72570541e-11,0.000279556584,12050,401,1574
1747,3.86963201,0.550732695,0.000473240847,0.550732695,0,0.0098099442,0.028577825,2.48840999e-11,0.000818175396,,401,940
1748,2.93246937,0.66441768,0.000440905871,0.66441768,0,0.0140025852,0.0352027009,2.15997763e-11,0.000438613304,,401,1205
1749,5.80069494,0.298087225,0.000434279522,0.298087225,0,0.00559223836,0.0153506895,2.09554115e-11,0.00208014447,,401,1302
1750,8.01540279,0.0722451883,0.000393373648,0.0722451883,0,0.00393294181,0.00592049693,1.71936474e-11,0.0019759952,,401,1582
1751,4.1135726,0.519447324,0.000158233474,0.519447324,0,0.00893350411,0.0268868585,2.78198136e-12,0.000919392395,19400,401,2765
1752,7.24540281,0.124736459,0.000504771561,0.124736459,0,0.00402670751,0.00733918721,2.8310481e-11,0.0019596273,,401,650
1753,7.03004313,0.147671504,0.000365786387,0.147671504,0,0.00397369518,0.0082857184,1.48666312e-11,0.00208705698,,401,1818
1754,2.6978147,0.690525001,0.000248372442,0.690525001,0,0.0152240728,0.036936279,6.85431886e-12,0.000367089392,,401,2505
1755,5.86240435,0.29011076,0.000489955117,0.29011076,0,0.00549687444,0.0149549277,2.66728907e-11,0.0021273514,,401,799
1756,4.01484251,0.532167456,0.000311016729,0.532167456,0,0.00924685432,0.0275794579,1.0747934e-11,0.000868670055,,401,2258
1757,6.63399887,0.193498536,0.00049450188,0.193498536,0,0.00439804041,0.010303837,2.71702344e-11,0.00234688479,,401,746
1758,0.55917269,0.844946096,0.000397486854,0.844946096,0,0.0342679052,0.059235413,1.75550888e-11,7.42047902e-05,,401,1546
1759,5.47568274,0.340463636,0.000433427134,0.340463636,0,0.00622624543,0.0174397377,2.08732311e-11,0.00191232535,,401,1309
1760,9.99527836,0.21501526,0.00236298652,0.21501526,0,0.0120371887,0.0143741692,6.20411701e-10,0.00295501033,,401,2
1761,8.25879002,0.0743213837,0.000526174526,0.0743213837,0,0.00420182401,0.00603291162,3.07621813e-11,0.00202872232,,401,487
1762,2.61353517,0.699597555,0.000125008356,0.699597555,0,0.0156526288,0.0375815662,1.73634322e-12,0.000353928827,19100,401,2882
1763,8.9478426,0.120021938,0.000435992476,0.120021938,0,0.0051025502,0.00828146078,2.11210488e-11,0.00200698278,,401,1289
1764,5.83803368,0.293257547,0.00046999345,0.293257547,0,0.00553574969,0.0151105761,2.45437603e-11,0.00210864844,17250,401,966
1765,1.01684415,0.827975362,0.000375012366,0.827975362,0,0.0288662872,0.051445473,1.56260305e-11,9.62297962e-05,,401,1736
1766,0.475326806,0.846936201,0.0002075722,0.846936201,0,0.0353458596,0.0611452231,4.78735757e-12,8.9097936e-05,,401,2634
1767,2.17437935,0.743836088,0.000395453465,0.743836088,0,0.0183990667,0.0409172384,1.73759381e-11,0.000286095285,14050,401,1563
1768,2.92610478,0.665141186,0.000439683432,0.665141186,0,0.0140364359,0.0352485424,2.1480169e-11,0.000435919578,,401,1223
1769,8.21722031,0.0732090635,0.000512145737,0.0732090635,0,0.00413488037,0.0059930785,2.91436951e-11,0.00202255501,,401,599
1770,4.0722394,0.524781412,0.000221363291,0.524781412,0,0.00905598007,0.0271787052,5.44463408e-12,0.000896411992,,401,2598
1771,9.56507301,0.175790678,0.000876041343,0.175790678,0,0.00610435912,0.0104349406,8.52720484e-11,0.00236956731,,401,41
1772,2.41990852,0.719764902,0.000190326886,0.719764902,0,0.0167155819,0.0390747848,4.02492482e-12,0.000327731944,14400,401,2679
1773,0.5695104,0.844676194,0.000404881524,0.844676194,0,0.0341346846,0.0590144184,1.82143387e-11,7.22003142e-05,,401,1495
1774,4.75061893,0.436088216,0.000368863979,0.436088216,0,0.0074184247,0.0224151717,1.51178483e-11,0.00158526653,14800,401,1788
1775,3.57108068,0.58825183,0.000368335443,0.58825183,0,0.0110114205,0.030659571,1.50745554e-11,0.000744378452,,401,1794
1776,2.69331694,0.691013338,0.000242279322,0.691013338,0,0.0152469827,0.0369704264,6.52214111e-12,0.000366297725,,401,2537
1777,9.3007946,0.151554787,0.000635809204,0.151554787,0,0.00574014558,0.00946819524,4.49170383e-11,0.00212469572,,401,184
1778,7.36457729,0.11295484,0.000553009368,0.11295484,0,0.00410677662,0.00689469227,3.3979929e-11,0.00191338954,,401,283
1779,6.80350685,0.173432181,0.000440759209,0.173432181,0,0.00420352953,0.00939240693,2.15854089e-11,0.00224559694,,401,1209
1780,6.29689837,0.234850128,0.000349635543,0.234850128,0,0.00464012152,0.0123081987,1.35827792e-11,0.0023975714,,401,1983
1781,1.15859401,0.820698307,0.000273450625,0.820698307,0,0.0272799495,0.0497390172,8.30836047e-12,0.000131709195,,401,2417
1782,6.37962961,0.224552722,0.000364605602,0.224552722,0,0.00456161948,0.0118049433,1.4770805e-11,0.00240980833,,401,1830
1783,5.70193481,0.310903825,0.000333400843,0.310903825,0,0.00573660214,0.015991696,1.23506802e-11,0.00201289819,,401,2108
1784,5.53867722,0.332209692,0.00035894721,0.332209692,0,0.00606383133,0.0170401825,1.43158999e-11,0.00193232133,,401,1895
1785,8.91833305,0.11748769,0.000436787457,0.11748769,0,0.00507943625,0.00815073009,2.11981426e-11,0.00200608332,,401,1271
1786,7.06916904,0.14337459,0.000382344902,0.14337459,0,0.0039629758,0.00810471896,1.62430693e-11,0.0020609144,,401,1672
1787,7.29891253,0.11935158,0.000533438349,0.11935158,0,0.00406364771,0.00713065442,3.16173858e-11,0.00193637126,,401,398
1788,5.75978661,0.303388971,0.000390699309,0.303388971,0,0.00565154068,0.0156155531,1.69606611e-11,0.0020507663,,401,1605
1789,4.53082514,0.465033143,0.000531025464,0.465033143,0,0.00799166759,0.0239147938,3.13320049e-11,0.00132164278,,401,437
1790,4.76240206,0.434533535,0.000350055964,0.434533535,0,0.00739104772,0.0223345921,1.36154642e-11,0.00159775354,14800,401,1977
1791,1.06106389,0.825804936,0.000355516455,0.825804936,0,0.0283714066,0.0508821364,1.404355e-11,0.000107584866,,401,1915
1792,4.882411,0.418687522,0.000160705829,0.418687522,0,0.00717664932,0.0214989899,2.86959594e-12,0.00171208766,,401,2758
1793,0.203862131,0.850900279,0.00041403569,0.850900279,0,0.0398190873,0.0685957916,1.90472837e-11,3.71602996e-05,,401,1428
1794,4.8125391,0.427915424,0.000265914813,0.427915424,0,0.00728649211,0.0219890058,7.85674311e-12,0.00164923719,17000,401,2443
1795,0.912931323,0.832714485,0.000322664278,0.832714485,0,0.0300173071,0.0529000301,1.15680263e-11,7.71574143e-05,,401,2200
1796,4.2240634,0.505131246,0.000158694028,0.505131246,0,0.00866915693,0.0260929648,2.79819941e-12,0.000996422648,,401,2764
1797,1.77590632,0.77875396,8.47288228e-05,0.77875396,0,0.0213660188,0.0440658715,7.97663713e-13,0.00022402213,13900,401,2961
1798,0.579418123,0.844412561,0.000408620799,0.844412561,0,0.0340067801,0.0588054879,1.85523286e-11,7.03380502e-05,,401,1470
1799,6.45143032,0.21568866,0.000409279238,0.21568866,0,0.00451804011,0.0113697056,1.86121661e-11,0.00240593025,,401,1463
1800,3.3864584,0.610919754,0.000138512013,0.610919754,0,0.0117379055,0.0319846226,2.13173087e-12,0.000677900667,,401,2836
1801,1.31813824,0.81141551,0.000278363857,0.81141551,0,0.0255509091,0.0480885951,8.60960412e-12,0.000155407017,,401,2400
1802,5.01327229,0.401397764,0.000265291073,0.401397764,0,0.00705957148,0.0205611028,7.81992817e-12,0.00179936912,,401,2444
1803,6.90190554,0.162073886,0.000382129285,0.162073886,0,0.00407940223,0.00889830538,1.62247545e-11,0.00217705698,,401,1673
1804,9.3919487,0.159895178,0.0007493957,0.159895178,0,0.00588089737,0.0097467004,6.23993239e-11,0.00219491823,,401,128
1805,8.18638229,0.0725755592,0.000498974672,0.0725755592,0,0.00408817868,0.00597064732,2.76639692e-11,0.00201668184,,401,709
1806,0.909726441,0.83285254,0.000318437653,0.83285254,0,0.0300525029,0.0529480042,1.12669488e-11,7.66220567e-05,,401,2223
1807,7.22470999,0.126856613,0.000491194488,0.126856613,0,0.00401312588,0.00742338338,2.68080028e-11,0.0019691252,,401,783
1808,5.17998648,0.379381637,0.000517364437,0.379381637,0,0.00687929898,0.0193875105,2.97406623e-11,0.00185788091,,401,562
1809,5.22422743,0.373545161,0.00055161616,0.373545161,0,0.00680818761,0.0190850467,3.3808932e-11,0.00186676865,,401,289
1810,3.91877151,0.544470716,0.000432512471,0.544470716,0,0.0096114226,0.0282409707,2.07852264e-11,0.000832920906,,401,1315
1811,3.37245727,0.61261971,0.000131271894,0.61261971,0,0.0117960471,0.0320852116,1.91470111e-12,0.000671743373,,401,2859
1812,3.01016331,0.655521579,0.000435049934,0.655521579,0,0.013587792,0.0346473454,2.10298272e-11,0.000476443375,,401,1299
1813,0.00325876195,0.851319961,0.00176571031,0.851319961,0,0.0459377379,0.0763825303,3.46414765e-10,6.07519255e-06,,401,13
1814,4.11124325,0.519748448,0.000161611955,0.519748448,0,0.00894004567,0.0269033966,2.90204712e-12,0.000918212615,19400,401,2757
1815,8.72994041,0.102001384,0.000464829062,0.102001384,0,0.0049224508,0.0073207602,2.40073397e-11,0.00201987746,,401,1006
1816,1.07539332,0.825082158,0.000345441461,0.825082158,0,0.0282107264,0.0507060481,1.3258867e-11,0.000111310992,,401,2023
1817,5.8656249,0.28969498,0.000492213611,0.28969498,0,0.0054916155,0.0149344092,2.69193598e-11,0.00212972594,,401,773
1818,0.0697321966,0.851422465,0.000477694803,0.851422465,0,0.0426429052,0.0737267806,2.53547028e-11,3.20966132e-05,,401,906
1819,4.09405613,0.521967533,0.000186982346,0.521967533,0,0.00898966734,0.0270250333,3.88471085e-12,0.000908313968,,401,2687
1820,9.05142689,0.129079754,0.000447595895,0.129079754,0,0.00522180725,0.00870554235,2.22602317e-11,0.00201829216,11300,401,1133
1821,5.44307566,0.344742253,0.000471727756,0.344742253,0,0.00631207152,0.0176474152,2.47252307e-11,0.00190403616,,401,953
1822,2.69340944,0.691003412,0.000242393482,0.691003412,0,0.0152465117,0.0369697288,6.52828892e-12,0.000366280541,,401,2536
1823,4.97629738,0.406283185,0.00020183058,0.406283185,0,0.00708817349,0.0208265818,4.52617588e-12,0.00177867647,,401,2652
1824,5.23835993,0.37168154,0.000559243597,0.37168154,0,0.00678308729,0.0189893211,3.47503778e-11,0.00186914708,,401,251
1825,4.9565649,0.408890367,0.000173391582,0.408890367,0,0.00710363307,0.0209684869,3.34051564e-12,0.0017665963,,401,2725
1826,0.138647258,0.851275016,0.000595257417,0.851275016,0,0.0410987973,0.070883509,3.93701548e-11,1.37899107e-05,,401,204
1827,0.0450280793,0.851412479,0.000130028531,0.851412479,0,0.0434031422,0.0748396424,1.87860209e-12,3.8270857e-05,16900,401,2864
1828,9.67714596,0.186073208,0.000753106114,0.186073208,0,0.00645315867,0.011089405,6.30187576e-11,0.00250415128,,401,127
1829,2.96107483,0.661156185,0.000443054991,0.661156185,0,0.01385011,0.0349973724,2.18108583e-11,0.000451799053,,401,1171
1830,7.63215923,0.0900806839,0.00044474986,0.0900806839,0,0.00414788744,0.00619095428,2.19780486e-11,0.00188882946,,401,1156
1831,5.90271902,0.28491402,0.000514905125,0.28491402,0,0.00542809361,0.014699541,2.94585876e-11,0.00215870865,,401,582
1832,1.15651596,0.820811629,0.0002751304,0.820811629,0,0.0273030657,0.0497621226,8.41074854e-12,0.000131239294,,401,2409
1833,6.72223806,0.18298038,0.000481180587,0.18298038,0,0.00430560603,0.00981941464,2.57260841e-11,0.00229810452,,401,881
1834,8.81645679,0.108943158,0.000447560286,0.108943158,0,0.00500175423,0.00769434912,2.22566899e-11,0.00201150003,,401,1134
1835,5.55941343,0.32949617,0.000338129595,0.32949617,0,0.00601317862,0.0169085682,1.27035137e-11,0.0019401803,,401,2080
1836,9.33116436,0.154329707,0.000673390808,0.154329707,0,0.00579232532,0.00955747708,5.0383909e-11,0.0021461402,,401,161
1837,7.84932804,0.0771371673,0.000324949036,0.0771371673,0,0.00400623781,0.00594347131,1.17324306e-11,0.00193078118,,401,2185
1838,5.36542034,0.354946937,0.00054326271,0.354946937,0,0.00651006452,0.0181474271,3.2792708e-11,0.0018887591,,401,321
1839,3.9999764,0.534076259,0.000333034957,0.534076259,0,0.00929995079,0.0276824721,1.2323587e-11,0.000862477577,,401,2112
1840,1.2936244,0.812915525,0.000261933881,0.812915525,0,0.0258098872,0.0483282684,7.62326202e-12,0.000153119156,,401,2456
1841,6.24719715,0.241075875,0.000367918744,0.241075875,0,0.00470983795,0.0126087981,1.50404669e-11,0.00238270973,,401,1801
1842,9.16635132,0.139351323,0.000502221257,0.139351323,0,0.00546025704,0.0090803461,2.80251324e-11,0.00205198465,,401,680
1843,7.60105133,0.0924139708,0.000468757432,0.0924139708,0,0.00415750566,0.00625033204,2.44148367e-11,0.0018863746,,401,974
1844,2.59502745,0.701566812,9.70816369e-05,0.701566812,0,0.0157469838,0.0377246475,1.04720491e-12,0.000351372413,19100,401,2943
1845,6.61392689,0.195911336,0.000492140492,0.195911336,0,0.00441548033,0.0104170582,2.69113627e-11,0.00235604124,,401,774
1846,3.57940412,0.587219424,0.000378321924,0.587219424,0,0.0109790348,0.0306003394,1.59030531e-11,0.000746759901,,401,1698
1847,9.45273304,0.165472403,0.000817685687,0.165472403,0,0.00595091804,0.00995897537,7.42899869e-11,0.0022501842,,401,97
1848,1.20015335,0.818390226,0.000247354139,0.818390226,0,0.0268201739,0.0492866809,6.79823003e-12,0.000140049447,,401,2511
1849,3.55597234,0.590123611,0.000349416634,0.590123611,0,0.0110701051,0.0307672505,1.3565776e-11,0.00073978721,,401,1985
1850,3.21521664,0.631507567,0.000261625324,0.631507567,0,0.0125181557,0.0332021461,7.60531226e-12,0.000591325273,,401,2458
1851,0.756109238,0.838891205,0.000127509068,0.838891205,0,0.0317627356,0.0554601637,1.80650694e-12,6.69858595e-05,15250,401,2875
1852,1.07225001,0.825241537,0.000347775,0.825241537,0,0.0282459782,0.0507444156,1.34386056e-11,0.000110541162,,401,2006
1853,7.45223188,0.104834442,0.0005483115,0.104834442,0,0.00414920758,0.00661711053,3.34050556e-11,0.00189368619,,401,303
1854,8.4979744,0.0855950052,0.000525470072,0.0855950052,0,0.00461026815,0.00649879584,3.06798663e-11,0.00204139051,,401,497
1855,4.28490305,0.497215989,0.000257863389,0.497215989,0,0.00854350776,0.0256534003,7.38816971e-12,0.00104916234,,401,2468
1856,9.02347755,0.126613631,0.00044167082,0.126613631,0,0.00517943332,0.00859948373,2.16747904e-11,0.00201346347,,401,1198
1857,3.11730719,0.643066538,0.000368754524,0.643066538,0,0.0130190389,0.0338906748,1.51088777e-11,0.000535605692,,401,1790
1858,5.68085527,0.313647123,0.00031761011,0.313647123,0,0.00576985669,0.0161286711,1.12084647e-11,0.00200017695,,401,2228
1859,2.38567758,0.72322583,0.000236488767,0.72322583,0,0.0169287822,0.0393346917,6.21410408e-12,0.000322291737,14150,401,2560
1860,1.78899038,0.777697426,7.92249913e-05,0.777697426,0,0.0212673355,0.0439560777,6.97399917e-13,0.000226511457,13900,401,2971
1861,8.29180813,0.0754063124,0.000534052769,0.0754063124,0,0.00425726672,0.006072903,3.16902622e-11,0.0020336167,,401,395
1862,9.76902199,0.194478041,0.000451963031,0.194478041,0,0.00698762215,0.0119000066,2.26967313e-11,0.00262208451,,401,1099
1863,0.942714036,0.831408424,0.000353509771,0.831408424,0,0.0296894017,0.0524633338,1.3885462e-11,8.11022028e-05,,401,1931
1864,8.24267769,0.0738558457,0.000521442867,0.0738558457,0,0.00417542728,0.00601610613,3.02114071e-11,0.00202633307,,401,532
1865,6.48540306,0.211520149,0.000432552959,0.211520149,0,0.00449991119,0.0111659815,2.07891181e-11,0.00240022964,,401,1314
1866,6.03554583,0.26788234,0.000518826251,0.26788234,0,0.00515802209,0.0138784435,2.99089643e-11,0.00226197501,,401,553
1867,0.443529665,0.847597584,0.00010686877,0.847597584,0,0.0357716694,0.0619185814,1.26899267e-12,9.07858382e-05,16650,401,2929
1868,8.27464962,0.0748208595,0.000530298867,0.0748208595,0,0.00422826249,0.00605117271,3.12463209e-11,0.00203138451,,401,447
1869,4.25710058,0.500835833,0.000210944301,0.500835833,0,0.00860050334,0.0258540753,4.94416647e-12,0.00102391719,,401,2624
1870,7.73967123,0.0828740859,0.000363813785,0.0828740859,0,0.0040888925,0.00603259188,1.47067189e-11,0.00190482648,,401,1839
1871,0.319869548,0.849675843,0.000476523139,0.849675843,0,0.037782507,0.0650818915,2.5230478e-11,6.58163402e-05,12300,401,914
1872,8.88388729,0.114560524,0.000439298499,0.114560524,0,0.00505376476,0.0079963116,2.14425746e-11,0.00200673517,,401,1231
1873,8.86854267,0.113268438,0.000440971544,0.113268438,0,0.00504231915,0.00792732186,2.16062114e-11,0.00200725457,,401,1204
1874,0.934831083,0.831758139,0.000346587652,0.831758139,0,0.0297763467,0.052577322,1.33470001e-11,7.99095307e-05,,401,2016
1875,3.10242438,0.644809004,0.000381735005,0.644809004,0,0.0130972188,0.0339953919,1.61912904e-11,0.000527046999,,401,1675
1876,5.24188948,0.37121624,0.000560918314,0.37121624,0,0.00677667192,0.0189654737,3.49588172e-11,0.00186986611,,401,250
1877,7.3628912,0.113115712,0.000552645191,0.113115712,0,0.00410576273,0.00690044679,3.39351897e-11,0.00191366115,,401,284
1878,9.38336086,0.159108054,0.000738944683,0.159108054,0,0.0058696384,0.00971882862,6.06710271e-11,0.00218767798,,401,132
1879,4.42483473,0.478936426,0.000461532345,0.478936426,0,0.00824599297,0.024654597,2.36680117e-11,0.001194514,,401,1024
1880,3.74967051,0.565922959,0.000501967743,0.565922959,0,0.010301312,0.0294044577,2.79968462e-11,0.000788497469,,401,684
1881,0.477161407,0.846896489,0.000213743634,0.846896489,0,0.0353219387,0.0611012747,5.07626013e-12,8.88647122e-05,,401,2618
1882,2.77523303,0.682044637,0.000342310488,0.682044637,0,0.0148273557,0.0363539045,1.30196078e-11,0.000383822901,,401,2049
1883,8.41454887,0.0808370236,0.000539109859,0.0808370236,0,0.00446981661,0.00628960589,3.22932711e-11,0.00204134535,,401,361
1884,9.31614208,0.15295654,0.000654644802,0.15295654,0,0.00576717437,0.00951300963,4.76177575e-11,0.00213526995,,401,173
1885,7.82868147,0.0780776544,0.000326731335,0.0780776544,0,0.00402194454,0.00595500131,1.1861485e-11,0.00192527171,,401,2167
1886,4.14834023,0.514951437,0.000119873208,0.514951437,0,0.00884118271,0.0266389747,1.59662067e-12,0.000941483962,,401,2895
1887,6.2183423,0.24470325,0.000386303785,0.24470325,0,0.00475912041,0.0127822703,1.65811794e-11,0.0023714873,,401,1641
1888,8.08393383,0.0717147055,0.000440125408,0.0717147055,0,0.00396526675,0.00593132006,2.1523375e-11,0.00199384748,,401,1218
1889,5.33834743,0.358508884,0.000558589165,0.358508884,0,0.00657468949,0.018324089,3.46690951e-11,0.00188452124,,401,254
1890,1.84232497,0.773324168,0.000111957547,0.773324168,0,0.0208721972,0.0435111577,1.39272136e-12,0.000235745117,17750,401,2921
1891,9.38244057,0.159023646,0.000737727797,0.159023646,0,0.00586840788,0.00971586523,6.0471367e-11,0.00218667037,,401,133
1892,9.79897404,0.197210998,0.000347569526,0.197210998,0,0.0072698566,0.0122182277,1.34227306e-11,0.0026614219,13850,401,2008
1893,8.43175888,0.0817555304,0.000537177899,0.0817555304,0,0.00449944403,0.00632868286,3.20622328e-11,0.00204210417,,401,375
1894,0.709119022,0.840509801,0.000225637755,0.840509801,0,0.0323419951,0.0562908098,5.65693295e-12,6.39993968e-05,,401,2586
1895,6.97323036,0.153997847,0.000359702146,0.153997847,0,0.0040085663,0.00855351674,1.43761815e-11,0.00212639737,,401,1880
1896,9.87600231,0.204221496,0.000639700182,0.204221496,0,0.00863493767,0.0129751979,4.54684803e-11,0.00276660434,,401,181
1897,0.0647394806,0.851423111,0.000411690651,0.851423111,0,0.0427773035,0.0739514858,1.88321325e-11,3.42250268e-05,,401,1449
1898,2.53576493,0.707814806,3.59160864e-05,0.707814806,0,0.0160531596,0.0381848735,1.43329474e-13,0.00034372392,16200,401,2998
1899,1.81889391,0.775258473,8.86581064e-05,0.775258473,0,0.0210447962,0.04370593,8.73362204e-13,0.000231908241,17050,401,2956
1900,8.87247181,0.113598835,0.000440198828,0.113598835,0,0.00504525722,0.00794499102,2.15305565e-11,0.00200769017,,401,1216
1901,3.42634416,0.606061675,0.000176556615,0.606061675,0,0.0115763336,0.0316975759,3.46358204e-12,0.00069459489,,401,2717
1902,0.352732033,0.849200719,0.000374273574,0.849200719,0,0.0372177131,0.0641985188,1.55645232e-11,7.63146072e-05,,401,1739
1903,0.0324850641,0.851394812,0.00041386729,0.851394812,0,0.0440185319,0.0753313357,1.90317926e-11,3.58310449e-05,,401,1430
1904,9.40053558,0.160682623,0.000759940846,0.160682623,0,0.00589177431,0.00977505069,6.41677876e-11,0.00220256473,,401,122
1905,0.295929253,0.849986546,0.0005168065,0.849986546,0,0.038194218,0.0657554894,2.96765509e-11,5.80581822e-05,,401,568
1906,5.35057211,0.356900262,0.000552370398,0.356900262,0,0.00654589078,0.0182441427,3.39014507e-11,0.00188640998,,401,286
1907,9.05418873,0.129324405,0.000448237458,0.129324405,0,0.00522652044,0.00871561157,2.2324091e-11,0.0020187844,11300,401,1129
1908,1.28675234,0.813331283,0.000257826198,0.813331283,0,0.0258829303,0.0483962691,7.3860387e-12,0.000152259823,,401,2469
1909,5.32082129,0.36081618,0.000564717163,0.36081618,0,0.00661485732,0.0184392152,3.54339416e-11,0.00188175628,,401,241
1910,7.79628277,0.0796881764,0.000335034956,0.0796881764,0,0.00404697829,0.00597786747,1.24720468e-11,0.001917307,,401,2096
1911,8.1468668,0.0720128159,0.000478433432,0.0720128159,0,0.00403356494,0.00594991247,2.54331721e-11,0.00200883761,,401,900
1912,1.79719305,0.777031743,7.87892033e-05,0.777031743,0,0.0212059234,0.0438873327,6.89748729e-13,0.000227944662,13900,401,2973
1913,2.3451879,0.727277034,0.000285524786,0.727277034,0,0.0171904345,0.0396406716,9.05826705e-12,0.000315623048,13800,401,2372
1914,3.71855474,0.569838952,0.000492829778,0.569838952,0,0.0104276308,0.0296207279,2.69867989e-11,0.000781338889,,401,767
1915,3.65989685,0.577192798,0.000458023609,0.577192798,0,0.0106627496,0.0300311663,2.33095141e-11,0.000767706859,,401,1056
1916,5.79260778,0.299134401,0.000426004165,0.299134401,0,0.00560409114,0.015402916,2.01643943e-11,0.00207450954,,401,1355
1917,1.26095033,0.814873584,0.000245702733,0.814873584,0,0.0261589276,0.0486549089,6.70775924e-12,0.000149363563,,401,2518
1918,7.62296486,0.090759651,0.000451959546,0.090759651,0,0.00415113893,0.0062078627,2.26963813e-11,0.00188801652,,401,1100
1919,5.74002743,0.305953578,0.000369810012,0.305953578,0,0.00568002407,0.01574394,1.51954939e-11,0.00203729443,,401,1779
1920,9.00659466,0.125131361,0.000439146714,0.125131361,0,0.00515837577,0.00853181705,2.14277596e-11,0.00201158638,,401,1234
1921,8.25003052,0.0740629877,0.000523587684,0.0740629877,0,0.00418741867,0.00602356192,3.04604515e-11,0.00202789785,,401,511
1922,7.40234613,0.10939279,0.000555392293,0.10939279,0,0.00412780148,0.0067696791,3.42733999e-11,0.00190352341,,401,263
1923,1.65513051,0.788196894,0.000230797961,0.788196894,0,0.0223244269,0.0450879028,5.9186332e-12,0.000199955922,14050,401,2575
1924,3.09151506,0.646084005,0.000390566285,0.646084005,0,0.0131547609,0.0340722153,1.69491136e-11,0.000520796738,,401,1608
1925,8.79570103,0.107247942,0.000451150327,0.107247942,0,0.00498432966,0.00760274454,2.26151797e-11,0.00201316391,,401,1107
1926,5.79593182,0.298703896,0.000429257295,0.298703896,0,0.00559922616,0.0153814395,2.04735362e-11,0.00207656465,,401,1337
1927,2.27649808,0.734041546,0.000350680923,0.734041546,0,0.0176576864,0.0401561553,1.36641233e-11,0.000303972705,,401,1968
1928,9.50392151,0.170173635,0.00085930871,0.170173635,0,0.00600708564,0.0101616915,8.20457178e-11,0.00230214342,,401,67
1929,9.30675888,0.152099592,0.000643042688,0.152099592,0,0.0057507905,0.00948555308,4.59448776e-11,0.00212908657,,401,179
1930,8.32291508,0.0765826019,0.00053877689,0.0765826019,0,0.00431063753,0.00611757655,3.2253393e-11,0.00203699396,,401,364
1931,2.38713384,0.723079255,0.000234653699,0.723079255,0,0.0169195558,0.0393236594,6.11803984e-12,0.000322536469,14150,401,2562
1932,2.12426496,0.748523541,0.000391940853,0.748523541,0,0.0187742335,0.0412925446,1.70686258e-11,0.000277826357,12050,401,1595
1933,1.88749921,0.769538109,0.00017146142,0.769538109,0,0.0205405675,0.0431399283,3.26655762e-12,0.000242995071,,401,2730
1934,3.06870723,0.648742071,0.000406740594,0.648742071,0,0.0132755957,0.0342329841,1.83819901e-11,0.000507957134,,401,1481
1935,0.783141434,0.837911196,0.000112301304,0.837911196,0,0.0314472456,0.0549929796,1.40128699e-12,6.86623556e-05,15250,401,2919
1936,4.06436539,0.525796199,0.000233963648,0.525796199,0,0.00908079727,0.0272339773,6.08210983e-12,0.000892308476,,401,2564
1937,0.0734595805,0.851421008,0.000520031197,0.851421008,0,0.0425460341,0.0735604225,3.00480495e-11,3.03769613e-05,,401,544
1938,5.98780394,0.273987484,0.00053167729,0.273987484,0,0.00526217984,0.0141700535,3.14089712e-11,0.00222614181,,401,429
1939,7.69588661,0.0856378925,0.000394844735,0.0856378925,0,0.00411710846,0.00608834827,1.73224849e-11,0.00189738476,,401,1568
1940,9.33821106,0.154973939,0.000682127475,0.154973939,0,0.00580367051,0.00957857959,5.16997658e-11,0.00215136075,,401,153
1941,8.8329277,0.110300416,0.000444996223,0.110300416,0,0.00501498722,0.00776766519,2.20024043e-11,0.0020097272,,401,1155
1942,9.75427341,0.193130806,0.000510062431,0.193130806,0,0.00687745169,0.0117498024,2.89070759e-11,0.00260307055,,401,613
1943,3.18775702,0.634765839,0.000294914602,0.634765839,0,0.0126557522,0.033395386,9.66384696e-12,0.000575811199,,401,2339
1944,1.55517733,0.795575945,0.000326861062,0.795575945,0,0.0231907552,0.0459485265,1.1870906e-11,0.000181054864,13300,401,2166
1945,5.21330452,0.374985734,0.000544757312,0.374985734,0,0.00682677541,0.0191593313,3.29733921e-11,0.00186457045,,401,316
1946,3.70646548,0.571357782,0.000487216253,0.571357782,0,0.0104764276,0.0297050249,2.63755197e-11,0.000778386011,,401,826
1947,4.68439341,0.444822176,0.000457944225,0.444822176,0,0.00758529299,0.0228657559,2.33014348e-11,0.00150993688,16200,401,1057
1948,9.05769157,0.129634407,0.000449150645,0.129634407,0,0.00523263448,0.00872824935,2.24151447e-11,0.00201933994,,401,1123
1949,6.81808281,0.171735059,0.000431858362,0.171735059,0,0.00418447557,0.00931771227,2.0722405e-11,0.00223556201,,401,1320
1950,5.99590778,0.272949885,0.000530410072,0.272949885,0,0.00524495642,0.0141202957,3.12594272e-11,0.00223220552,,401,445
1951,2.10445619,0.750354059,0.000385845549,0.750354059,0,0.0189233385,0.0414418288,1.65418653e-11,0.000274780944,,401,1645
1952,8.39298153,0.079736873,0.000540662533,0.079736873,0,0.00443242875,0.00624367949,3.24795527e-11,0.00204112624,,401,343
1953,2.49457431,0.712104274,8.11734497e-05,0.712104274,0,0.0162774657,0.0385033801,7.32125438e-13,0.000338271855,15950,401,2967
1954,7.66809225,0.0875173144,0.000416281912,0.0875173144,0,0.00413224088,0.00612994319,1.92545145e-11,0.00189274595,,401,1415
1955,8.40881538,0.080538885,0.000539603086,0.080538885,0,0.00445990492,0.00627706738,3.23523879e-11,0.00204221436,,401,356
1956,8.89260292,0.115297838,0.000438515662,0.115297838,0,0.00506022971,0.0080354677,2.13662206e-11,0.00200641433,,401,1241
1957,4.19758463,0.508569302,0.000126326192,0.508569302,0,0.00872602878,0.0262844449,1.77314519e-12,0.000975956219,,401,2878
1958,8.25606346,0.0742396238,0.000525498486,0.0742396238,0,0.00419733141,0.00602995246,3.06831843e-11,0.00202839549,,401,496
1959,4.02947569,0.530286876,0.000288769378,0.530286876,0,0.00919602685,0.0274777525,9.26530598e-12,0.000875412465,,401,2359
1960,2.21122408,0.740338961,0.000387033308,0.740338961,0,0.0181267134,0.0406426567,1.66438646e-11,0.000292388107,14050,401,1635
1961,0.321131259,0.849658672,0.000473605783,0.849658672,0,0.0377607921,0.0650471228,2.49224931e-11,6.61950967e-05,12300,401,936
1962,6.30965996,0.233256164,0.000348206278,0.233256164,0,0.00462516063,0.0122307253,1.34719569e-11,0.00240086621,,401,1999
1963,2.28912568,0.732808468,0.000340677182,0.732808468,0,0.0175695792,0.0400617426,1.28956603e-11,0.000306174465,13400,401,2057
1964,9.94967175,0.210897738,0.00156787234,0.210897738,0,0.0105696589,0.0137847569,2.73135964e-10,0.00287735016,,401,18
1965,7.66028738,0.0880615247,0.000422659864,0.0880615247,0,0.00413603478,0.00614250349,1.98490401e-11,0.00189230411,,401,1380
1966,1.93663871,0.765336147,0.000237872326,0.765336147,0,0.0201786956,0.042743294,6.28702708e-12,0.000250337774,,401,2557
1967,4.54216337,0.463543377,0.000532605214,0.463543377,0,0.00796273969,0.0238365534,3.15187015e-11,0.00133569463,,401,411
1968,5.82281065,0.295225406,0.000455911517,0.295225406,0,0.00555915671,0.0152082439,2.30950345e-11,0.00209646566,17250,401,1073
1969,8.19177628,0.0726742836,0.000501449812,0.0726742836,0,0.00409612138,0.00597415816,2.79391016e-11,0.00201776518,,401,686
1970,3.3436439,0.616108977,0.000130233646,0.616108977,0,0.0119186877,0.0322916883,1.88453362e-12,0.000658263223,,401,2863
1971,4.34764194,0.489032365,0.000359996056,0.489032365,0,0.00841383694,0.0252028776,1.43996845e-11,0.00111021619,,401,1873
1972,0.862132728,0.834844915,0.000242468454,0.834844915,0,0.0305738774,0.0536830862,6.53232789e-12,7.27406093e-05,,401,2534
1973,0.33271116,0.849496882,0.000442234973,0.849496882,0,0.0375614859,0.0647313192,2.17301968e-11,7.00433082e-05,,401,1192
1974,6.62431669,0.194661569,0.000493515547,0.194661569,0,0.00440661488,0.0103583107,2.7061955e-11,0.00235150964,,401,761
1975,7.05152702,0.145305883,0.000373519216,0.145305883,0,0.00396643611,0.00818597338,1.55018449e-11,0.00207240592,,401,1750
1976,9.63093281,0.181836131,0.000833499231,0.181836131,0,0.00627609558,0.010787042,7.71912186e-11,0.00244717476,,401,86
1977,2.41651726,0.72010915,0.000195057357,0.72010915,0,0.0167363488,0.0391005916,4.22748585e-12,0.000327198377,14400,401,2668
1978,8.5560894,0.0893217124,0.000511232059,0.0893217124,0,0.00470126342,0.00667353088,2.9039802e-11,0.00203768326,,401,607
1979,8.04226685,0.0719305894,0.000411769956,0.0719305894,0,0.0039394489,0.00592423417,1.88393885e-11,0.00198327288,,401,1448
1980,2.0317781,0.756959783,0.000341427158,0.756959783,0,0.019470189,0.0419963618,1.29525005e-11,0.000263955364,,401,2054
1981,9.84476852,0.201382271,0.000401217433,0.201382271,0,0.00798251867,0.0126706198,1.78861587e-11,0.00272338293,,401,1517
1982,9.72145939,0.190130514,0.000629541305,0.190130514,0,0.00667218251,0.0114424803,4.4035806e-11,0.00255995863,,401,187
1983,9.67485714,0.185863608,0.000758205844,0.185863608,0,0.00644324491,0.01107299,6.38751225e-11,0.00250101293,,401,123
1984,3.08144617,0.647258535,0.000397959707,0.647258535,0,0.0132080273,0.0341431506,1.75968809e-11,0.000515215233,,401,1542
1985,4.94527531,0.410382135,0.000160422524,0.410382135,0,0.00711286003,0.0210496569,2.85948736e-12,0.00175914676,,401,2759
1986,7.6890707,0.0860900417,0.000400065421,0.0860900417,0,0.00412105283,0.00609810421,1.77835935e-11,0.00189615458,,401,1528
1987,0.664939582,0.841932697,0.000323576845,0.841932697,0,0.0329037533,0.0571057503,1.16335527e-11,6.24639275e-05,,401,2197
1988,8.48626041,0.084882238,0.000528061625,0.084882238,0,0.00459112949,0.00646641338,3.0983231e-11,0.00204115947,,401,470
1989,7.12416887,0.137425061,0.00041738821,0.137425061,0,0.00396606937,0.00785571656,1.93569909e-11,0.00202584575,,401,1410
1990,6.82349014,0.171106915,0.000428416658,0.171106915,0,0.00417742018,0.00929014122,2.03934259e-11,0.00223200834,,401,1344
1991,1.30648637,0.812131776,0.000270171612,0.812131776,0,0.0256737047,0.048201957,8.11029999e-12,0.000154431131,,401,2429
1992,0.517392218,0.845982183,0.000329983492,0.845982183,0,0.0348039221,0.0601609862,1.20987894e-11,8.27302746e-05,,401,2134
1993,1.4692539,0.801592684,0.000352980145,0.801592684,0,0.0240087553,0.0466968992,1.3843887e-11,0.000168875692,,401,1935
1994,1.14221191,0.821586558,0.000287352549,0.821586558,0,0.0274624649,0.0499225286,9.17460972e-12,0.000128194564,,401,2368
1995,7.49322176,0.101225787,0.000534225369,0.101225787,0,0.00416031544,0.00650269096,3.17107495e-11,0.00188803596,,401,393
1996,6.94343615,0.157354356,0.000365533854,0.157354356,0,0.00403503913,0.00869633648,1.4846111e-11,0.00214761975,,401,1821
1997,8.74812603,0.103432276,0.000460773595,0.103432276,0,0.004940686,0.00739724407,2.35902562e-11,0.00201761836,,401,1035
1998,3.01639462,0.654803029,0.000432996879,0.654803029,0,0.0135544851,0.034603101,2.08318108e-11,0.000479663761,,401,1311
1999,4.63559484,0.451251463,0.000503547414,0.451251463,0,0.00771554394,0.0231972644,2.81733331e-11,0.00145136673,,401,666
2000,3.84674239,0.553641876,0.000486822446,0.553641876,0,0.00990351804,0.0287349048,2.63328993e-11,0.000812090436,13700,401,829
2001,4.13313341,0.516918996,0.000133605135,0.516918996,0,0.00888033345,0.0267476805,1.98337023e-12,0.000931678116,19400,401,2851
2002,8.96027374,0.121096043,0.000435994833,0.121096043,0,0.00511293112,0.00833578415,2.11212772e-11,0.00200736655,,401,1288
2003,2.83573508,0.675323902,0.000396605738,0.675323902,0,0.0145131408,0.0359060683,1.74773457e-11,0.000401486517,,401,1552
2004,4.90974045,0.415077096,0.000143992286,0.415077096,0,0.00714554423,0.0213044335,2.30375315e-12,0.0017337093,,401,2815
2005,3.52458453,0.594003033,0.000308506529,0.594003033,0,0.0111918248,0.0309915806,1.05751421e-11,0.000730315352,,401,2269
2006,9.27701283,0.149385854,0.00060768964,0.149385854,0,0.00569574891,0.00939968641,4.10318555e-11,0.0021092199,,401,198
2007,4.01211214,0.532518159,0.000315296339,0.532518159,0,0.00925650561,0.0275983969,1.10457535e-11,0.000867854144,,401,2236
2008,4.47217798,0.47273164,0.000503877109,0.47273164,0,0.0081360751,0.0243222355,2.82102379e-11,0.00125008143,,401,661
2009,9.34579182,0.155667649,0.000691770982,0.155667649,0,0.00581556028,0.00960149842,5.3171899e-11,0.00215737038,,401,150
2010,4.58562899,0.457828185,0.000528720749,0.457828185,0,0.00784928517,0.0235380517,3.10606256e-11,0.00138962794,,401,464
2011,8.47644138,0.0842955923,0.000529921504,0.0842955923,0,0.00457490991,0.0064400239,3.12018667e-11,0.0020417424,,401,450
2012,9.26831532,0.148593534,0.000597713017,0.148593534,0,0.00567880364,0.00937480885,3.96956501e-11,0.00210385335,,401,203
2013,8.14552784,0.0719987152,0.000477725902,0.0719987152,0,0.00403185351,0.00594934914,2.53580042e-11,0.00200812409,,401,903
2014,4.70611286,0.441958592,0.000431985635,0.441958592,0,0.00752865761,0.0227182549,2.0734621e-11,0.00153532277,15750,401,1318
2015,7.63759232,0.0896838641,0.000440492709,0.0896838641,0,0.00414583661,0.00618120776,2.15593141e-11,0.00188931712,,401,1212
2016,5.34035587,0.358244826,0.000557739511,0.358244826,0,0.00657002276,0.0183109424,3.45637068e-11,0.00188475924,,401,255
2017,8.02730942,0.0720888512,0.000401480425,0.0720888512,0,0.00393487054,0.00592207034,1.79096147e-11,0.00197962496,,401,1515
2018,5.39621496,0.350897866,0.000519117146,0.350897866,0,0.00643337419,0.0179480481,2.99425124e-11,0.00189454586,,401,549
2019,8.38695526,0.0794398511,0.000540958304,0.0794398511,0,0.00442195566,0.00623144615,3.25150985e-11,0.00204075225,,401,338
2020,8.70863724,0.100347012,0.000470049678,0.100347012,0,0.00489991663,0.00723290905,2.45496334e-11,0.00202196017,,401,963
2021,6.3969512,0.222407911,0.000373776233,0.222407911,0,0.00454977684,0.0116995776,1.55231858e-11,0.00240999012,,401,1747
2022,8.62972164,0.0944453708,0.000490917351,0.0944453708,0,0.0048051528,0.00692676301,2.67777606e-11,0.00203098899,,401,786
2023,4.57672071,0.45900005,0.000530747213,0.45900005,0,0.00787281882,0.0235990597,3.12991783e-11,0.00137878142,,401,442
2024,7.68634415,0.0862725568,0.000402153904,0.0862725568,0,0.0041225956,0.00610207326,1.79697514e-11,0.00189567211,,401,1510
2025,0.344181925,0.849329823,0.000405242742,0.849329823,0,0.03736428,0.0644241102,1.82468533e-11,7.36945691e-05,,401,1491
2026,0.277618617,0.850203855,0.000523859276,0.850203855,0,0.0385088336,0.0662890885,3.04920601e-11,5.27381176e-05,,401,508
2027,4.40080929,0.482081844,0.000433996143,0.482081844,0,0.00829960906,0.0248244407,2.09280724e-11,0.00116752526,,401,1306
2028,8.48918438,0.085058993,0.000527433715,0.085058993,0,0.0045959256,0.00647441269,3.09095915e-11,0.00204118151,,401,474
2029,9.91750717,0.207986651,0.00110827697,0.207986651,0,0.00965934251,0.013411686,1.36475315e-10,0.002827014,,401,30
2030,7.92829037,0.0741964461,0.000342640316,0.0741964461,0,0.00395443191,0.00591910827,1.30447096e-11,0.00195178192,,401,2045
2031,2.56317639,0.704935955,5.24046296e-05,0.704935955,0,0.0159103662,0.0379717714,3.05138356e-13,0.000347128449,16200,401,2986
2032,3.89300823,0.547756467,0.000455790928,0.547756467,0,0.00971498088,0.02841755,2.30828189e-11,0.000824927749,,401,1074
2033,9.0457325,0.128576174,0.000446016148,0.128576174,0,0.00521238541,0.00868456076,2.21033782e-11,0.00201731057,11300,401,1148
2034,1.10384178,0.823618911,0.00032181065,0.823618911,0,0.0278917184,0.0503651863,1.15068994e-11,0.000118657401,,401,2208
2035,5.15524817,0.382646572,0.000490660755,0.382646572,0,0.00691425273,0.0195584359,2.67497752e-11,0.00185224173,,401,791
2036,3.29241991,0.622281626,0.000168458854,0.622281626,0,0.0121478679,0.0326566052,3.15315394e-12,0.000632860345,,401,2737
2037,5.2515502,0.36994237,0.000564104748,0.36994237,0,0.00675867933,0.0189003449,3.53571296e-11,0.00187143471,,401,242
2038,6.15889931,0.252204466,0.000433748532,0.252204466,0,0.00487859762,0.0131376527,2.09041988e-11,0.00234236074,,401,1307
2039,3.4623065,0.601662418,0.000222712058,0.601662418,0,0.0114342016,0.0314386866,5.51118452e-12,0.000708650284,,401,2595
2040,8.9993391,0.124496443,0.000438186973,0.124496443,0,0.00515022886,0.00850201961,2.13342026e-11,0.00201067945,,401,1249
2041,1.95549572,0.763700862,0.0002616762,0.763700862,0,0.020039145,0.0425931038,7.60827038e-12,0.00025304225,,401,2457
2042,3.32944775,0.617823631,0.000136574818,0.617823631,0,0.0119807509,0.0323931056,2.07252011e-12,0.000651449204,,401,2840
2043,6.57141972,0.20104375,0.000479833435,0.20104375,0,0.00444807007,0.0106603426,2.55822361e-11,0.00237453433,,401,890
2044,0.655410528,0.842226988,0.000341524899,0.842226988,0,0.0330259653,0.0572867374,1.29599174e-11,6.25162984e-05,,401,2053
2045,1.4765352,0.801094829,0.000352838252,0.801094829,0,0.0239372009,0.0466327885,1.38327591e-11,0.000169754707,,401,1939
2046,3.17594624,0.636163329,0.000308605763,0.636163329,0,0.0127157117,0.0334784345,1.05819463e-11,0.000568955078,,401,2267
2047,2.70840526,0.689372927,0.000262578007,0.689372927,0,0.0151700798,0.0368559962,7.66080108e-12,0.000369046637,,401,2453
2048,7.69240665,0.0858679948,0.00039741625,0.0858679948,0,0.00411913691,0.00609327899,1.75488529e-11,0.00189656916,,401,1547
2049,4.86705875,0.420715513,0.000179054973,0.420715513,0,0.00719699786,0.0216075765,3.56229814e-12,0.00169912999,,401,2711
2050,6.94980574,0.156634536,0.00036398679,0.156634536,0,0.00402897324,0.00866565161,1.47207092e-11,0.00214267819,,401,1834
2051,9.72450733,0.190409261,0.000619403919,0.190409261,0,0.00668942269,0.0114693505,4.26290239e-11,0.00256441541,,401,191
2052,9.97712994,0.213378031,0.00202562609,0.213378031,0,0.0114280343,0.0141306324,4.55906785e-10,0.00292306424,,401,7
2053,8.06359768,0.0717786801,0.000426289363,0.0717786801,0,0.00395033088,0.00592762171,2.01914024e-11,0.00198871554,,401,1353
2054,5.03838587,0.398079984,0.000310377854,0.398079984,0,0.00703909065,0.0203815046,1.07038236e-11,0.00181174872,,401,2261
2055,0.621989667,0.843223586,0.000389892494,0.843223586,0,0.0334562633,0.0579375687,1.68906841e-11,6.4310116e-05,11850,401,1614
2056,3.6365478,0.580109016,0.000438333115,0.580109016,0,0.0107551813,0.0301955635,2.13484356e-11,0.000761770187,,401,1245
2057,0.355117857,0.849164136,0.000365384545,0.849164136,0,0.0371769175,0.0641360591,1.48339851e-11,7.70355293e-05,,401,1824
2058,5.8045001,0.297594612,0.000438199595,0.297594612,0,0.00558661396,0.0153261373,2.13354317e-11,0.00208306138,,401,1246
2059,7.50220585,0.100452457,0.000530313383,0.100452457,0,0.00416189273,0.00647895022,3.12480316e-11,0.00188749258,,401,446
2060,1.93279421,0.76566803,0.0002329185,0.76566803,0,0.0202070934,0.0427740518,6.02789196e-12,0.00024979467,,401,2570
2061,2.54843116,0.706486863,3.81923812e-05,0.706486863,0,0.0159867645,0.0380864174,1.62073109e-13,0.000345485319,16200,401,2995
2062,0.609458923,0.843582891,0.000400966545,0.843582891,0,0.0336181636,0.058188305,1.78637967e-11,6.56850206e-05,11850,401,1520
2063,6.42480707,0.21896711,0.00039118383,0.21896711,0,0.00453278904,0.011530529,1.70027543e-11,0.00240867292,,401,1601
2064,5.0484767,0.396746879,0.000328373999,0.396746879,0,0.00703043852,0.0203095526,1.19810537e-11,0.00181597763,,401,2147
2065,1.32335067,0.811093147,0.000281988893,0.811093147,0,0.0254961537,0.0480382035,8.83530397e-12,0.000156009896,,401,2387
2066,0.562790334,0.844852276,0.000400501021,0.844852276,0,0.0342213156,0.059157725,1.78223409e-11,7.34797136e-05,,401,1523
2067,4.5745492,0.459285657,0.000531346763,0.459285657,0,0.00787853989,0.0236139416,3.13699313e-11,0.00137589254,,401,434
2068,7.44266844,0.10569475,0.000550646553,0.10569475,0,0.00414576035,0.00664523864,3.36901807e-11,0.00189522222,,401,293
2069,3.38860512,0.610658875,0.000139955791,0.610658875,0,0.0117290672,0.03196919,2.17640262e-12,0.000678829239,,401,2830
2070,7.17084169,0.132466421,0.000452166254,0.132466421,0,0.00398277728,0.00765070026,2.27171468e-11,0.00199849357,,401,1097
2071,2.57500958,0.703687224,6.78337444e-05,0.703687224,0,0.0158494598,0.0378798532,5.11268542e-13,0.000348851252,18850,401,2979
2072,9.3487978,0.155942765,0.000695576471,0.155942765,0,0.00582019263,0.00961064811,5.37585141e-11,0.00215957729,,401,149
2073,8.63370323,0.09473373,0.000489820282,0.09473373,0,0.00481036421,0.00694140426,2.66582121e-11,0.00203041919,,401,801
2074,2.1004262,0.750724956,0.000384239085,0.750724956,0,0.0189536915,0.0414722858,1.64044083e-11,0.000274071065,,401,1653
2075,3.08872485,0.646409594,0.000392612181,0.646409594,0,0.0131695084,0.0340918644,1.71271472e-11,0.000519369907,,401,1588
2076,3.80635118,0.558763433,0.000501179726,0.558763433,0,0.0100693068,0.0290126937,2.79090131e-11,0.000801757807,,401,690
2077,6.44552374,0.216415361,0.000405198976,0.216415361,0,0.00452125432,0.0114053158,1.82429122e-11,0.00240669909,,401,1494
2078,5.60937786,0.322966638,0.000305094515,0.322966638,0,0.00590117193,0.0165899293,1.03425181e-11,0.00196220057,,401,2287
2079,5.68751717,0.312779936,0.000322056112,0.312779936,0,0.00575913833,0.0160854137,1.15244599e-11,0.00200401441,,401,2205
2080,0.457871467,0.847305616,0.000148403906,0.847305616,0,0.0355763338,0.0615673602,2.44707993e-12,9.04165036e-05,,401,2797
2081,9.14498329,0.137428046,0.000487810575,0.137428046,0,0.0054124571,0.00901579901,2.64399063e-11,0.00204350268,,401,818
2082,4.7899456,0.430898049,0.000304307786,0.430898049,0,0.00733108869,0.0221453081,1.02892476e-11,0.00162663276,16900,401,2291
2083,2.90011311,0.668087183,0.000432267602,0.668087183,0,0.014174364,0.0354363437,2.07616977e-11,0.00042506331,,401,1316
2084,4.52662182,0.465585307,0.000529909339,0.465585307,0,0.008002315,0.0239438398,3.12004341e-11,0.00131660301,,401,451
2085,4.66157532,0.447829211,0.00048172135,0.447829211,0,0.00764585642,0.0230206951,2.57839399e-11,0.00148281531,16200,401,874
2086,1.9385612,0.765170011,0.000240477765,0.765170011,0,0.0201644855,0.0427279328,6.42550615e-12,0.000250725918,,401,2551
2087,6.07912683,0.262327028,0.000495232288,0.262327028,0,0.00505873275,0.0136151622,2.72505576e-11,0.00229257073,,401,734
2088,8.64036655,0.0952186521,0.000487924603,0.0952186521,0,0.00481896089,0.00696611126,2.64522687e-11,0.00202993444,,401,817
2089,7.27552319,0.12168753,0.000522203723,0.12168753,0,0.00404739103,0.00722011388,3.02996364e-11,0.00194604094,,401,524
2090,6.5981164,0.197816621,0.000488481865,0.197816621,0,0.00442827871,0.0105069868,2.65127258e-11,0.00236319195,,401,811
2091,2.81956482,0.677127919,0.000383977557,0.677127919,0,0.0145975302,0.0360251348,1.63820849e-11,0.000396179346,,401,1658
2092,2.94982529,0.662440628,0.000442775764,0.662440628,0,0.01391013,0.0350779843,2.17833752e-11,0.000446553616,,401,1178
2093,4.41719913,0.479936332,0.000453156998,0.479936332,0,0.00826318153,0.0247084916,2.28168072e-11,0.00118585967,,401,1092
2094,4.66623688,0.447214804,0.000476997076,0.447214804,0,0.00763341686,0.022989027,2.52806901e-11,0.00148843671,16200,401,911
2095,3.17288256,0.636525373,0.000312059833,0.636525373,0,0.0127313339,0.0334999698,1.08201488e-11,0.000567346813,,401,2254
2096,7.52781057,0.0982857713,0.000517383602,0.0982857713,0,0.00416460019,0.00641397788,2.97428657e-11,0.00188607995,,401,561
2097,0.155950323,0.851197809,0.000516742732,0.851197809,0,0.0407485447,0.0702454343,2.96692279e-11,2.17477389e-05,,401,569
2098,1.55739713,0.79541655,0.000325448435,0.79541655,0,0.0231705259,0.0459293331,1.17685204e-11,0.000181409091,13300,401,2179
2099,1.39975119,0.806232428,0.000332744034,0.806232428,0,0.0247059048,0.0473206365,1.23020658e-11,0.000162252662,,401,2116
2100,4.9432292,0.410652501,0.000158210762,0.410652501,0,0.00711455731,0.0210643646,2.78118279e-12,0.00175797045,,401,2766
2101,5.1020689,0.389667954,0.000418268894,0.389667954,0,0.0069784869,0.0199300027,1.94387631e-11,0.00183662599,,401,1403
2102,0.30044347,0.849930239,0.000511766025,0.849930239,0,0.0381166449,0.0656264162,2.9100496e-11,5.94677836e-05,12300,401,602
2103,7.42288494,0.107494947,0.000553776195,0.107494947,0,0.004137584,0.00670511179,3.40742305e-11,0.00189859313,,401,276
2104,5.81664896,0.296022497,0.00045024483,0.296022497,0,0.0055684938,0.0152478672,2.25244896e-11,0.00209199742,,401,1114
2105,4.79505968,0.430223028,0.000295902062,0.430223028,0,0.00732061305,0.0221100202,9.72867002e-12,0.0016320055,16900,401,2336
2106,3.37517047,0.612290502,0.000132314734,0.612290502,0,0.0117847113,0.032065729,1.9452432e-12,0.00067292458,,401,2855
2107,6.22853994,0.243420416,0.00037903096,0.243420416,0,0.00474092605,0.0127210852,1.59627187e-11,0.00237555015,,401,1694
2108,0.0192338303,0.851366673,0.000932201239,0.851366673,0,0.0448097151,0.0758190014,9.65554612e-11,2.72282412e-05,,401,35
2109,0.537632406,0.845491247,0.000370186697,0.845491247,0,0.0345446366,0.0597060303,1.52264656e-11,7.86338125e-05,,401,1777
2110,6.0804944,0.26215308,0.00049434538,0.26215308,0,0.00505559889,0.0136069364,2.71530394e-11,0.0022932894,,401,751
2111,0.281820297,0.850155494,0.000524133402,0.850155494,0,0.0384365688,0.0661652398,3.05239804e-11,5.387382e-05,,401,505
2112,8.19358063,0.0727084816,0.000502260675,0.0727084816,0,0.00409880734,0.00597536928,2.80295317e-11,0.00201819791,,401,678
2113,6.07427788,0.262944201,0.000498413856,0.262944201,0,0.0050698884,0.0136443353,2.76018191e-11,0.00228961764,,401,713
2114,2.37307739,0.724491531,0.000252526717,0.724491531,0,0.0170091545,0.0394300599,7.08552699e-12,0.000320317644,13850,401,2488
2115,6.85353184,0.167628071,0.000409818835,0.167628071,0,0.00413859357,0.00913826674,1.86612753e-11,0.00221091196,,401,1459
2116,9.09202385,0.132686346,0.000460584386,0.132686346,0,0.00529838303,0.00884702153,2.35708863e-11,0.00202731866,,401,1037
2117,6.78123903,0.17603446,0.000453686518,0.17603446,0,0.00423241374,0.00950763286,2.28701618e-11,0.0022605726,,401,1088
2118,2.80608177,0.678627855,0.000372338402,0.678627855,0,0.0146676592,0.0361247656,1.54039873e-11,0.000392246404,,401,1760
2119,5.3982625,0.350628585,0.000517283709,0.350628585,0,0.00642814672,0.0179348423,2.97313818e-11,0.0018947701,,401,565
2120,7.21259832,0.128106663,0.000482802236,0.128106663,0,0.00400556076,0.00747350812,2.58997777e-11,0.00197546192,,401,867
2121,1.99781728,0.759985622,0.00030962847,0.759985622,0,0.0197243465,0.042259966,1.06521988e-11,0.000259005298,,401,2263
2122,6.56898069,0.201339206,0.000479068576,0.201339206,0,0.00444977083,0.0106744425,2.55007445e-11,0.00237498711,,401,896
2123,4.33667707,0.490464044,0.000343375015,0.490464044,0,0.00843678865,0.0252813342,1.31007112e-11,0.0010990291,,401,2039
2124,5.78963709,0.299518974,0.000422598148,0.299518974,0,0.00560842944,0.0154221099,1.98432438e-11,0.0020722342,,401,1381
2125,2.20478654,0.740953111,0.000389343566,0.740953111,0,0.0181739973,0.0406905962,1.68431569e-11,0.000291395423,14050,401,1619
2126,6.43938828,0.217170377,0.000400733135,0.217170377,0,0.00452459095,0.0114423475,1.78430051e-11,0.00240803809,,401,1522
2127,9.98234844,0.213849061,0.0021197875,0.213849061,0,0.0115997372,0.0141994209,4.99277671e-10,0.00293200542,,401,6
2128,5.51713228,0.335030843,0.000383318497,0.335030843,0,0.00611827663,0.0171767681,1.63258967e-11,0.00192497111,,401,1664
2129,6.68499565,0.187401514,0.000491596061,0.187401514,0,0.00434757858,0.0100212162,2.68518541e-11,0.00231968815,,401,781
2130,1.03970325,0.826864663,0.000367391478,0.826864663,0,0.0286107049,0.0511503997,1.49973887e-11,0.000101995055,,401,1808
2131,2.52423787,0.709019639,4.33083184e-05,0.709019639,0,0.0161145154,0.0382743128,2.0840116e-13,0.000342262084,16200,401,2992
2132,4.30185318,0.495007098,0.000286458361,0.495007098,0,0.00850876315,0.0255313294,9.11759918e-12,0.0010650602,,401,2369
2133,2.96972442,0.660166556,0.000442688243,0.660166556,0,0.0138039305,0.0349354819,2.17747645e-11,0.000456176182,,401,1180
2134,7.82171822,0.0784100866,0.000327868272,0.0784100866,0,0.00402733795,0.00595941193,1.19441782e-11,0.00192372128,,401,2154
2135,2.89851499,0.668267871,0.000431694475,0.668267871,0,0.0141828167,0.0354479279,2.070668e-11,0.000424318314,,401,1321
2136,9.37805367,0.158622017,0.000732362689,0.158622017,0,0.00586247729,0.00970182823,5.95950121e-11,0.00218314044,,401,135
2137,5.11188555,0.38837186,0.000432931311,0.38837186,0,0.00696766368,0.0198610262,2.08255022e-11,0.00183980212,,401,1312
2138,7.67133045,0.0872935807,0.000413655981,0.0872935807,0,0.0041306088,0.00612485471,1.90123634e-11,0.00189300331,,401,1431
2139,7.00098705,0.15089493,0.000359836123,0.15089493,0,0.0039887807,0.00842197288,1.43868928e-11,0.0021067623,,401,1877
2140,3.48670173,0.598668116,0.000256239017,0.598668116,0,0.011338913,0.0312632869,7.29538151e-12,0.00071750821,,401,2479
2141,2.16480803,0.744737396,0.000396157392,0.744737396,0,0.0184703905,0.0409887032,1.74378533e-11,0.000284464916,14050,401,1556
2142,8.9051981,0.116367226,0.000437238005,0.116367226,0,0.00506958089,0.00809197287,2.1241897e-11,0.00200650528,,401,1263
2143,4.05429316,0.527093641,0.000249938631,0.527093641,0,0.00911318431,0.0273045432,6.9410355e-12,0.000887313351,,401,2502
2144,0.413620472,0.848172572,0.000126658512,0.848172572,0,0.0362116372,0.062655861,1.78248651e-12,8.91977555e-05,14950,401,2877
2145,3.82325673,0.556621832,0.000496772692,0.556621832,0,0.00999988147,0.0288963155,2.74203453e-11,0.000806159798,,401,723
2146,3.89987969,0.546880726,0.000450253315,0.546880726,0,0.0096872387,0.028370452,2.25253387e-11,0.000827162701,,401,1113
2147,2.7300756,0.687007619,0.000290483873,0.687007619,0,0.015059368,0.0366923237,9.37565339e-12,0.000373300308,,401,2353
2148,3.67151332,0.575739511,0.000466463881,0.575739511,0,0.0106165266,0.0299495891,2.41765058e-11,0.000770474034,,401,992
2149,7.02649403,0.148063621,0.000364730973,0.148063621,0,0.00397520645,0.00830227527,1.47809647e-11,0.0020895318,,401,1829
2150,4.43446541,0.477675124,0.000471597563,0.477675124,0,0.00822410908,0.0245867442,2.47115846e-11,0.00120588273,,401,954
2151,2.65967822,0.694651366,0.000194352051,0.694651366,0,0.0154180697,0.0372269014,4.19696887e-12,0.00036074649,,401,2670
2152,0.986312866,0.829420662,0.000375402045,0.829420662,0,0.0292064728,0.0518530879,1.56585217e-11,8.92543125e-05,,401,1731
2153,2.12199092,0.74873429,0.000391405524,0.74873429,0,0.0187913399,0.0413096475,1.70220316e-11,0.000277560512,,401,1599
2154,6.21112108,0.245612533,0.000391345568,0.245612533,0,0.00477250518,0.0128255434,1.70168171e-11,0.00236839859,,401,1600
2155,8.27059937,0.0746895258,0.000529242305,0.0746895258,0,0.00422147213,0.00604635139,3.11219353e-11,0.00203094559,,401,456
2156,5.42048693,0.347708592,0.000495751649,0.347708592,0,0.00637104999,0.017791959,2.73077441e-11,0.00189893407,,401,731
2157,5.8187108,0.295755677,0.000452294257,0.295755677,0,0.00556538701,0.0152346027,2.27300106e-11,0.00209366378,17250,401,1096
2158,1.47673273,0.801081233,0.000352895655,0.801081233,0,0.0239352683,0.0466310474,1.38372603e-11,0.00016974059,,401,1938
2159,9.78286839,0.195741729,0.000398941835,0.195741729,0,0.00710587055,0.0120461,1.76838431e-11,0.00263973989,,401,1533
2160,8.62109756,0.0938246765,0.000493278343,0.0938246765,0,0.00479372134,0.00689539511,2.70359471e-11,0.00203213376,,401,765
2161,3.42256117,0.606523426,0.000172112412,0.606523426,0,0.0115914434,0.0317248184,3.29140915e-12,0.000693254845,,401,2728
2162,0.307639211,0.849838288,0.000501289383,0.849838288,0,0.0379929073,0.0654226805,2.79212273e-11,6.17950904e-05,12300,401,688
2163,4.93843555,0.411285602,0.000153956608,0.411285602,0,0.00711863892,0.0210987885,2.63362635e-12,0.0017543814,,401,2780
2164,7.6998992,0.0853744983,0.000391571281,0.0853744983,0,0.00411472878,0.0060827476,1.7036452e-11,0.00189761844,,401,1598
2165,5.8531847,0.291300714,0.000482843116,0.291300714,0,0.00551178928,0.0150137022,2.59041639e-11,0.0021198727,17250,401,866
2166,4.75568056,0.435420473,0.00036076176,0.435420473,0,0.00740654229,0.0223805869,1.44610052e-11,0.00159066407,14800,401,1867
2167,7.18300867,0.131188355,0.000461342043,0.131188355,0,0.00398879049,0.007598404,2.36484978e-11,0.00199104373,,401,1028
2168,5.16103983,0.381882074,0.000497380536,0.381882074,0,0.00690636705,0.0195183044,2.74874886e-11,0.00185354462,,401,720
2169,8.15179729,0.0720674683,0.000481397939,0.0720674683,0,0.00403999105,0.0059520538,2.57493307e-11,0.00200971214,,401,878
2170,1.65785325,0.787990205,0.000227478005,0.787990205,0,0.0223018666,0.0450646365,5.74958254e-12,0.000200521665,14050,401,2577
2171,9.59777832,0.178793561,0.000864290749,0.178793561,0,0.00617857902,0.0106007014,8.29998333e-11,0.00240737504,,401,63
2172,2.06984162,0.753522058,0.000368845762,0.753522058,0,0.0191840655,0.0417044615,1.51163551e-11,0.000269453914,,401,1789
2173,4.65195131,0.449097154,0.000490222845,0.449097154,0,0.00767160998,0.0230860763,2.67020486e-11,0.0014711808,,401,797
2174,8.51772404,0.0868267506,0.000520893182,0.0868267506,0,0.00464196543,0.00655557339,3.01477452e-11,0.00204014728,,401,535
2175,7.65365648,0.0885294389,0.000427771662,0.0885294389,0,0.00413910131,0.00615347984,2.03320661e-11,0.00189118979,,401,1345
2176,0.460180014,0.84725772,0.000156072085,0.84725772,0,0.0355454872,0.0615111495,2.70649952e-12,9.03042626e-05,,401,2774
2177,6.13539076,0.25518109,0.000453326362,0.25518109,0,0.00493036239,0.0132780405,2.28338656e-11,0.00232877685,,401,1090
2178,4.53807878,0.464079952,0.000532201643,0.464079952,0,0.00797320164,0.0238647116,3.14709543e-11,0.00133070232,,401,418
2179,3.70021987,0.57214159,0.000484171364,0.57214159,0,0.0105015615,0.0297486262,2.60468788e-11,0.000776839131,,401,851
2180,2.08651614,0.752000845,0.000378027857,0.752000845,0,0.0190584761,0.0415776414,1.58783401e-11,0.000271991856,,401,1699
2181,2.00674605,0.759193952,0.00031851554,0.759193952,0,0.0196576504,0.0421903545,1.1272461e-11,0.000260311975,,401,2222
2182,7.23848391,0.125443194,0.000500336942,0.125443194,0,0.00402208938,0.00736714,2.78152284e-11,0.0019627133,,401,694
2183,5.53383541,0.332843406,0.00036447712,0.332843406,0,0.00607591945,0.0170708789,1.47603968e-11,0.00193059041,,401,1833
2184,2.66944051,0.693598469,0.000208543505,0.693598469,0,0.0153684597,0.0371522854,4.83226596e-12,0.000362207594,,401,2631
2185,3.14021397,0.640376931,0.000347019464,0.640376931,0,0.0128995576,0.0337296046,1.33802787e-11,0.000548430741,,401,2013
2186,0.744085133,0.839315626,0.000147853224,0.839315626,0,0.0319079867,0.0556699832,2.42895287e-12,6.61961378e-05,17750,401,2801
2187,0.431156904,0.847841029,9.25081876e-05,0.847841029,0,0.0359474406,0.0622232342,9.50862753e-13,9.05866055e-05,14950,401,2951
2188,3.82942319,0.555839879,0.000494428981,0.555839879,0,0.00997456746,0.0288539035,2.71622241e-11,0.000807615634,13700,401,749
2189,4.39520597,0.482814856,0.000426842457,0.482814856,0,0.00831190493,0.0248641555,2.02438315e-11,0.00116119419,,401,1350
2190,4.00138092,0.533896007,0.000331142188,0.533896007,0,0.00929488371,0.0276727492,1.21839054e-11,0.000863346411,,401,2127
2191,3.71199346,0.570663544,0.000489790818,0.570663544,0,0.0104541307,0.0296664657,2.6655005e-11,0.000779596505,,401,802
2192,5.38702393,0.352106018,0.000526943925,0.352106018,0,0.00645658274,0.0180073829,3.08522111e-11,0.00189260987,,401,482
2193,7.59483051,0.0928925306,0.000473312277,0.0928925306,0,0.00415897623,0.00626293585,2.48916124e-11,0.00188595191,,401,939
2194,5.62303638,0.321183929,0.00030178026,0.321183929,0,0.00587344378,0.0165022976,1.01190362e-11,0.00196849609,,401,2308
2195,6.6704154,0.189139602,0.000493642593,0.189139602,0,0.00436288533,0.0101012628,2.707589e-11,0.00232790005,,401,759
2196,3.01896238,0.654506695,0.00043206882,0.654506695,0,0.0135407641,0.0345848781,2.07426073e-11,0.000481161165,,401,1317
2197,2.98609471,0.658290131,0.000440880864,0.658290131,0,0.0137164574,0.0348186257,2.15973263e-11,0.00046414654,,401,1207
2198,6.94119024,0.157608247,0.000366299983,0.157608247,0,0.00403723735,0.00870716528,1.49084086e-11,0.00214909116,,401,1815
2199,1.56397343,0.794942878,0.000320943532,0.794942878,0,0.0231108853,0.0458724725,1.14449723e-11,0.000182584519,13300,401,2213
2200,7.59236574,0.0930831748,0.000475219763,0.0930831748,0,0.00415951239,0.00626798866,2.5092647e-11,0.00188639981,,401,924
2201,1.17504203,0.819794195,0.000261216264,0.819794195,0,0.0270973579,0.0495578146,7.58154853e-12,0.00013522594,,401,2461
2202,5.12344027,0.386845785,0.000449532969,0.386845785,0,0.00695436907,0.0197800249,2.24533211e-11,0.0018436394,,401,1120
2203,9.83519363,0.20051118,0.000357044162,0.20051118,0,0.00780581947,0.0125789805,1.41645038e-11,0.00271017147,,401,1906
2204,7.84208965,0.0774591126,0.00032524134,0.0774591126,0,0.00401169628,0.00594724462,1.17535477e-11,0.00192904591,,401,2181
2205,2.53816533,0.707563465,3.54448856e-05,0.707563465,0,0.0160405085,0.038166223,1.39593324e-13,0.000343941871,16200,401,3000
2206,6.0643096,0.264213779,0.000504440214,0.264213779,0,0.00509273458,0.0137044044,2.82733255e-11,0.00228246998,,401,653
2207,8.75452232,0.103939118,0.000459526386,0.103939118,0,0.0049468877,0.00742442894,2.34627221e-11,0.00201667921,,401,1043
2208,2.39322257,0.722465751,0.000226629438,0.722465751,0,0.0168811271,0.0392775112,5.70676691e-12,0.000323498885,14150,401,2583
2209,8.990201,0.123697762,0.000437380605,0.123697762,0,0.005140657,0.00846388927,2.12557549e-11,0.00200983294,,401,1260
2210,8.91180515,0.116930354,0.00043679423,0.116930354,0,0.00507452127,0.00812156939,2.11987999e-11,0.00200663296,,401,1270
2211,6.69431925,0.186292038,0.000489442161,0.186292038,0,0.00433746274,0.00997031518,2.66170699e-11,0.00231452028,,401,804
2212,0.488004446,0.846658204,0.000249077861,0.846658204,0,0.0351813284,0.0608433353,6.89330896e-12,8.7534061e-05,,401,2504
2213,7.72945261,0.0834968118,0.000370546629,0.0834968118,0,0.00409588807,0.00604454731,1.52560894e-11,0.00190302739,,401,1775
2214,5.826684,0.294724566,0.000459803757,0.294724566,0,0.00555326254,0.015183365,2.3491055e-11,0.00210010684,17250,401,1040
2215,7.25737619,0.123519149,0.000512107142,0.123519149,0,0.00403484205,0.00729135428,2.91393027e-11,0.00195386943,,401,600
2216,5.88109112,0.287700346,0.000502918928,0.287700346,0,0.00546576646,0.0148361882,2.81030498e-11,0.00214160101,,401,673
2217,0.255767673,0.850440067,0.000505653158,0.850440067,0,0.0388872086,0.0669461484,2.84094573e-11,4.73770539e-05,,401,644
2218,4.24936199,0.501842534,0.000198130118,0.501842534,0,0.00861644501,0.0259100016,4.36172708e-12,0.00101761537,,401,2659
2219,8.76303482,0.104616974,0.000457729009,0.104616974,0,0.00495496799,0.00746085683,2.32795384e-11,0.00201572414,,401,1059
2220,6.24480772,0.241376041,0.000369033891,0.241376041,0,0.00471366591,0.012623205,1.51317792e-11,0.00238180569,,401,1786
2221,5.29596281,0.364089739,0.000569822773,0.364089739,0,0.00666935242,0.0186035358,3.60775548e-11,0.0018780581,,401,221
2222,5.11526346,0.3879256,0.000437978424,0.3879256,0,0.00696385,0.019837315,2.13139e-11,0.00184110608,,401,1252
2223,8.41079617,0.0806415667,0.000539376698,0.0806415667,0,0.00446333007,0.00628137414,3.23252469e-11,0.0020421472,,401,358
2224,4.64797831,0.449620316,0.000493571613,0.449620316,0,0.00768227642,0.0231130618,2.70681041e-11,0.00146637754,,401,760
2225,2.94227505,0.663301382,0.000442121192,0.663301382,0,0.0139503746,0.0351321855,2.17190165e-11,0.000443085484,,401,1193
2226,1.70302391,0.784519972,0.000168534399,0.784519972,0,0.0219341648,0.0446803639,3.15598262e-12,0.000209636794,14050,401,2736
2227,6.54897261,0.203766459,0.000470001784,0.203766459,0,0.00446311054,0.01079067,2.45446307e-11,0.00238273375,,401,965
2228,2.85934234,0.672680382,0.000412470259,0.672680382,0,0.0143894302,0.0357330377,1.89035238e-11,0.000409500442,,401,1441
2229,7.50818253,0.0999417884,0.000527432144,0.0999417884,0,0.00416275201,0.00646342293,3.09094074e-11,0.00188710437,,401,475
2230,3.9319253,0.542790815,0.000418868672,0.542790815,0,0.00955911951,0.0281507982,1.94945516e-11,0.000837187567,,401,1399
2231,8.03547096,0.071997194,0.000407104299,0.071997194,0,0.00393705313,0.0059232368,1.84148789e-11,0.00198153129,,401,1479
2232,8.05871201,0.071805824,0.000423039613,0.071805824,0,0.00394738689,0.00592680951,1.98847238e-11,0.00198769883,,401,1379
2233,9.69863987,0.188042002,0.000698901848,0.188042002,0,0.00655259994,0.0112520473,5.42737548e-11,0.0025310616,,401,147
2234,4.61191273,0.454369396,0.000518251333,0.454369396,0,0.00777917685,0.0233585295,2.98427161e-11,0.00142234226,,401,558
2235,9.09890938,0.133300355,0.000463303347,0.133300355,0,0.00531256222,0.00886982838,2.38499991e-11,0.00202951484,,401,1017
2236,6.50746775,0.208821813,0.000446888157,0.208821813,0,0.0044878572,0.011034748,2.21898917e-11,0.0023950532,,401,1142
2237,5.34823608,0.357207749,0.000553500546,0.357207749,0,0.00655143918,0.0182594062,3.40403171e-11,0.00188634866,,401,280
2238,9.61329556,0.180217986,0.000852257328,0.180217986,0,0.00622114621,0.0106853561,8.07047282e-11,0.00242544906,,401,73
2239,0.25863114,0.850410588,0.000509549989,0.850410588,0,0.0388372964,0.0668588146,2.88490212e-11,4.80476267e-05,,401,617
2240,2.84258342,0.674558358,0.000401509924,0.674558358,0,0.0144773173,0.0358557819,1.79122465e-11,0.00040363247,,401,1514
2241,7.64468193,0.0891707411,0.000434934666,0.0891707411,0,0.00414296164,0.00616876563,2.10186849e-11,0.00188986388,,401,1300
2242,2.06386876,0.754064682,0.000365166805,0.754064682,0,0.0192290276,0.0417500347,1.48163106e-11,0.000268538256,,401,1827
2243,1.24418879,0.81585961,0.000241476011,0.81585961,0,0.0263397232,0.0488258375,6.47896265e-12,0.000147151982,,401,2540
2244,8.56292343,0.0897795545,0.00050933832,0.0897795545,0,0.00471148264,0.00669557823,2.88250583e-11,0.0020373869,,401,619
2245,0.33833167,0.849415834,0.00042486815,0.849415834,0,0.0374648015,0.0645801165,2.00569939e-11,7.18258968e-05,,401,1362
2246,9.91178131,0.207467892,0.00103517449,0.207467892,0,0.00950791227,0.0133486709,1.19065136e-10,0.00281865505,,401,32
2247,9.19186783,0.141655132,0.000521991153,0.141655132,0,0.0055172033,0.00915557638,3.02749737e-11,0.00206312385,,401,526
2248,8.93876934,0.119240038,0.000435992274,0.119240038,0,0.00509525803,0.00824148484,2.11210292e-11,0.0020069036,,401,1290
2249,0.201044351,0.850921133,0.000412321308,0.850921133,0,0.0398717588,0.0686890393,1.88898735e-11,3.65349419e-05,,401,1442
2250,7.56292772,0.0954072989,0.000495838829,0.0954072989,0,0.00416396219,0.00633136152,2.73173494e-11,0.00188546494,,401,730
2251,2.18316698,0.743005907,0.000394326525,0.743005907,0,0.0183337622,0.0408516857,1.72770453e-11,0.000287654604,14050,401,1572
2252,0.967855096,0.830273025,0.000369456135,0.830273025,0,0.029411355,0.0521073004,1.51664262e-11,8.54779822e-05,,401,1783
2253,7.1126647,0.138660383,0.000409398889,0.138660383,0,0.00396380422,0.00790721439,1.862305e-11,0.00203297053,,401,1462
2254,0.948804557,0.831136027,0.000358205509,0.831136027,0,0.0296221544,0.0523760296,1.42567985e-11,8.20917822e-05,,401,1900
2255,1.30692649,0.812104857,0.000270543551,0.812104857,0,0.0256690548,0.0481976601,8.13264587e-12,0.000154401344,,401,2426
2256,3.40952706,0.608112652,0.000158031807,0.608112652,0,0.0116438263,0.0318186548,2.77489467e-12,0.000687989919,,401,2767
2257,8.9005003,0.115967929,0.000437693061,0.115967929,0,0.00506607847,0.00807092808,2.12861351e-11,0.002006539,,401,1256
2258,4.80531406,0.428869234,0.000278492159,0.428869234,0,0.00730028315,0.0220390969,8.61754254e-12,0.00164199067,16900,401,2397
2259,5.02936077,0.39927218,0.000294179396,0.39927218,0,0.00704660926,0.0204459586,9.61572414e-12,0.00180742205,,401,2342
2260,4.6433835,0.450225643,0.000497695976,0.450225643,0,0.00769462165,0.0231442983,2.7522365e-11,0.00146079524,,401,718
2261,1.42797446,0.804373141,0.000344915737,0.804373141,0,0.0244200099,0.0470644989,1.32185406e-11,0.000164775676,,401,2028
2262,1.01592588,0.828019465,0.000375203218,0.828019465,0,0.0288765384,0.0514575047,1.56419394e-11,9.60999012e-05,,401,1733
2263,5.9174552,0.283017531,0.000521532073,0.283017531,0,0.00540140169,0.0146068981,3.02217448e-11,0.00217069751,,401,531
2264,7.80209827,0.0793873103,0.000333189889,0.0793873103,0,0.00404248956,0.00597330986,1.23350558e-11,0.00191917863,,401,2110
2265,6.36155891,0.226794503,0.000356936317,0.226794503,0,0.00457537639,0.011914961,1.41559483e-11,0.00240846357,,401,1907
2266,8.99547768,0.124158481,0.000437993911,0.124158481,0,0.00514610663,0.00848596495,2.13154073e-11,0.00201006706,,401,1251
2267,2.29278827,0.73244994,0.000337508155,0.73244994,0,0.0175441988,0.0400343334,1.26568616e-11,0.000306591807,13400,401,2084
2268,9.3239069,0.153665877,0.00066424752,0.153665877,0,0.00578033795,0.0095358964,4.90249741e-11,0.00214123091,,401,165
2269,1.27431118,0.814078622,0.000251260385,0.814078622,0,0.0260156632,0.0485203141,7.01464232e-12,0.000150996203,,401,2497
2270,9.23913097,0.145939105,0.000566220583,0.145939105,0,0.00561946406,0.00929158246,3.5622861e-11,0.00208729516,,401,237
2271,2.57157445,0.704050094,6.31232019e-05,0.704050094,0,0.0158671117,0.0379065255,4.42726513e-13,0.000348341546,18750,401,2981
2272,4.82329082,0.426495782,0.000247601371,0.426495782,0,0.00726678783,0.0219142725,6.81182656e-12,0.00165954742,17000,401,2509
2273,9.85385036,0.202208487,0.000457215151,0.202208487,0,0.00816080844,0.012757878,2.32272994e-11,0.00273589911,,401,1061
2274,5.07592535,0.393120967,0.000375921449,0.393120967,0,0.00700519876,0.0201145836,1.57018817e-11,0.00182752039,,401,1725
2275,8.23897457,0.0737549007,0.00052014355,0.0737549007,0,0.00416943274,0.00601250055,3.00610348e-11,0.00202627011,,401,542
2276,0.540364504,0.845423332,0.000374480082,0.845423332,0,0.0345095964,0.0596455678,1.55817036e-11,7.81100976e-05,,401,1737
2277,4.79267836,0.430537304,0.000300158627,0.430537304,0,0.00732546246,0.0221264563,1.00105779e-11,0.00162933825,16900,401,2320
2278,5.78441191,0.300196328,0.000417167104,0.300196328,0,0.00561604179,0.0154559261,1.9336488e-11,0.00206812311,,401,1411
2279,7.4731493,0.102976706,0.000542055317,0.102976706,0,0.00415566153,0.00655747294,3.26471074e-11,0.00189071962,,401,323
2280,3.11142588,0.643755628,0.000374249076,0.643755628,0,0.0130498891,0.0339320483,1.55624856e-11,0.000532092008,,401,1742
2281,1.80076623,0.776741001,7.93277302e-05,0.776741001,0,0.021179265,0.043857414,6.99209864e-13,0.000228578271,13900,401,2970
2282,3.62477803,0.581576761,0.000427134824,0.581576761,0,0.0108015493,0.0302786595,2.02715731e-11,0.00075882673,,401,1349
2283,4.74001789,0.43748682,0.000384792953,0.43748682,0,0.00744382998,0.0224875096,1.64517352e-11,0.00157365253,14800,401,1651
2284,3.67803049,0.574923469,0.000470855148,0.574923469,0,0.0105905191,0.0299038858,2.46338411e-11,0.000771774624,,401,956
2285,1.6652652,0.787426371,0.000218121375,0.787426371,0,0.0222406918,0.0450013732,5.28632604e-12,0.000202020559,14050,401,2607
2286,4.80901337,0.428380893,0.000272174188,0.428380893,0,0.00729316348,0.0220134663,8.2309765e-12,0.00164562412,16900,401,2420
2287,6.71122169,0.184285306,0.000484973181,0.184285306,0,0.00431843298,0.00987870145,2.61332206e-11,0.00230444599,,401,844
2288,6.41426563,0.220268003,0.000384305947,0.220268003,0,0.00453898213,0.0115944266,1.64101178e-11,0.00240928021,,401,1652
2289,9.8919735,0.205671233,0.000802565692,0.205671233,0,0.00900886612,0.0131378355,7.15679656e-11,0.00278977404,,401,104
2290,8.80683136,0.108154773,0.000449448538,0.108154773,0,0.00499378207,0.0076517356,2.24448876e-11,0.0020115231,,401,1121
2291,6.9277072,0.159136096,0.000370871516,0.159136096,0,0.00405093579,0.00877240259,1.52828535e-11,0.00215857777,,401,1773
2292,9.30463505,0.151905609,0.000640471642,0.151905609,0,0.00574703317,0.00947937041,4.55782139e-11,0.00212764766,,401,180
2293,9.96236801,0.212045102,0.00177173507,0.212045102,0,0.0109571558,0.0139414236,3.48782797e-10,0.00289785977,,401,12
2294,5.58338833,0.32636156,0.000318557821,0.32636156,0,0.0059574651,0.0167560124,1.12754539e-11,0.00195011998,,401,2221
2295,0.182524905,0.851047873,0.000425593521,0.851047873,0,0.0402244184,0.069312544,2.01255384e-11,3.16461453e-05,,401,1357
2296,7.23502159,0.125797714,0.000498212866,0.125797714,0,0.00401980278,0.00738119868,2.75795622e-11,0.00196439681,,401,716
2297,8.26513481,0.0745163333,0.000527812086,0.0745163333,0,0.00421235699,0.00604001158,3.09539554e-11,0.00203023336,,401,471
2298,0.751766145,0.83904529,0.000134171138,0.83904529,0,0.031814885,0.0555357845,2.00021047e-12,6.67668734e-05,15250,401,2849
2299,5.24879742,0.370305218,0.000563155766,0.370305218,0,0.00676383935,0.0189188813,3.52382686e-11,0.00187081661,,401,245
2300,6.47762394,0.212473032,0.000427409649,0.212473032,0,0.00450406842,0.0112124549,2.02976676e-11,0.00240172287,,401,1346
2301,8.78061676,0.106027119,0.000454070485,0.106027119,0,0.00497110288,0.00753681864,2.29088894e-11,0.00201446313,,401,1086
2302,2.15288138,0.745856633,0.000396062776,0.745856633,0,0.0185595129,0.0410778859,1.74295247e-11,0.000282517317,,401,1557
2303,2.25319743,0.736304428,0.000366681923,0.736304428,0,0.0178226757,0.0403300432,1.49395147e-11,0.000299743549,14050,401,1811
2304,4.80185175,0.429326443,0.000284111554,0.429326443,0,0.00730704702,0.0220630722,8.96881946e-12,0.00163869412,16900,401,2378
2305,2.16666818,0.744562409,0.000395870835,0.744562409,0,0.0184565073,0.040974808,1.74126354e-11,0.00028468423,14050,401,1559
2306,7.77111006,0.0810483641,0.000345893624,0.0810483641,0,0.00406611045,0.00599984077,1.32935999e-11,0.00191164076,,401,2020
2307,6.97463417,0.153840553,0.000359522876,0.153840553,0,0.0040074584,0.00854684306,1.43618554e-11,0.0021255583,,401,1885
2308,8.28184319,0.0750606974,0.000531961934,0.0750606974,0,0.00424036929,0.00606003978,3.14426111e-11,0.00203234336,,401,424
2309,8.11734295,0.0717801718,0.000461272407,0.0717801718,0,0.00399801834,0.00593941474,2.36413593e-11,0.00200219834,,401,1032
2310,6.55311489,0.203263381,0.00047209796,0.203263381,0,0.00446045068,0.0107665264,2.47640537e-11,0.00238123287,,401,947
2311,4.91127491,0.41487435,0.000143641463,0.41487435,0,0.00714398402,0.0212934636,2.2925411e-12,0.00173463784,,401,2817
2312,6.60728502,0.196711169,0.000490617172,0.196711169,0,0.0044209564,0.0104547539,2.67450233e-11,0.00235944047,,401,792
2313,3.82545614,0.556342849,0.000496000069,0.556342849,0,0.00999085302,0.0288811795,2.73351187e-11,0.000806770932,,401,727
2314,3.15849853,0.638223516,0.000327913951,0.638223516,0,0.0128050472,0.0336010854,1.19475066e-11,0.000559107528,,401,2153
2315,2.67565775,0.692926497,0.00021735825,0.692926497,0,0.0153368497,0.0371048341,5.24940099e-12,0.000363452918,,401,2608
2316,3.99181271,0.535123717,0.000344430653,0.535123717,0,0.00932971931,0.0277389124,1.31813861e-11,0.000859219885,,401,2030
2317,7.92447329,0.0743136778,0.000341176474,0.0743136778,0,0.00395644759,0.00591963649,1.29334874e-11,0.00195122615,,401,2056
2318,2.74333215,0.685555534,0.000306646102,0.685555534,0,0.0149914508,0.0365926121,1.04479813e-11,0.000376125194,,401,2280
2319,1.45652688,0.802457623,0.000351832217,0.802457623,0,0.0241345818,0.0468094463,1.37539899e-11,0.000167525504,,401,1954
2320,9.9515934,0.211071316,0.00159767908,0.211071316,0,0.0106272879,0.0138081122,2.83619826e-10,0.00288015507,,401,17
2321,4.50266981,0.468730636,0.000521632229,0.468730636,0,0.00806213218,0.0241098123,3.02333536e-11,0.00128714282,,401,529
2322,1.75259006,0.780620716,0.000105492268,0.780620716,0,0.0215443606,0.0442618808,1.23651318e-12,0.000219613698,13900,401,2930
2323,9.53187275,0.172740909,0.00087228791,0.172740909,0,0.00604688525,0.0102810753,8.45429109e-11,0.00233219533,,401,51
2324,8.18148613,0.0724904949,0.000496678438,0.0724904949,0,0.00408106373,0.00596761175,2.74099412e-11,0.00201600797,,401,724
2325,3.70752525,0.571224623,0.000487718336,0.571224623,0,0.010472158,0.0296976253,2.64299083e-11,0.000778706712,,401,821
2326,9.22933292,0.145049415,0.000556336132,0.145049415,0,0.00559879649,0.00926360692,3.4389988e-11,0.00208155257,,401,258
2327,2.68044114,0.692409145,0.00022422174,0.692409145,0,0.0153125201,0.037068382,5.5861543e-12,0.000364162963,,401,2588
2328,9.14717484,0.137624952,0.000489139724,0.137624952,0,0.00541735417,0.00902249163,2.65841855e-11,0.00204473837,,401,806
2329,2.47140408,0.714497512,0.000115247768,0.714497512,0,0.0164094858,0.0386813436,1.47578312e-12,0.000335129707,15600,401,2907
2330,3.98956347,0.535412282,0.00034752864,0.535412282,0,0.00933798964,0.0277544518,1.34195728e-11,0.000858252055,,401,2009
2331,0.148555115,0.851232798,0.000550544223,0.851232798,0,0.0408974449,0.0705148325,3.36776602e-11,1.84713018e-05,,401,294
2332,9.55978107,0.175304617,0.000876442328,0.175304617,0,0.00609401954,0.0104095833,8.53501282e-11,0.00236359226,,401,38
2333,5.77344418,0.301617647,0.000405408333,0.301617647,0,0.00563187995,0.0155269529,1.82617685e-11,0.00206052575,,401,1489
2334,4.75948954,0.434917829,0.000354738233,0.434917829,0,0.00739771844,0.0223545301,1.39821349e-11,0.00159488432,14800,401,1922
2335,3.05373907,0.650481557,0.000415818141,0.650481557,0,0.0133552007,0.0343386753,1.92116363e-11,0.000499837004,,401,1418
2336,5.28491545,0.365545201,0.000570070552,0.365545201,0,0.00669254536,0.0186769845,3.61089371e-11,0.00187637474,,401,219
2337,1.53561282,0.796972845,0.000337871097,0.796972845,0,0.0233712362,0.0461178664,1.26840976e-11,0.000177868491,13300,401,2081
2338,7.61639929,0.0912499584,0.000457042294,0.0912499584,0,0.00415325467,0.00622026667,2.32097399e-11,0.00188749482,,401,1064
2339,0.944783628,0.831316089,0.000355293384,0.831316089,0,0.0296665604,0.0524335921,1.40259321e-11,8.15693745e-05,,401,1920
2340,4.18868876,0.509723268,0.000119035192,0.509723268,0,0.0087457359,0.0263486965,1.5743752e-12,0.000969447993,,401,2896
2341,9.17293835,0.139945532,0.000507003862,0.139945532,0,0.00547501502,0.00909993698,2.85614351e-11,0.00205460931,,401,632
2342,2.8230629,0.676738362,0.00038689071,0.676738362,0,0.0145792918,0.0359993533,1.66316024e-11,0.000397274044,,401,1637
2343,6.35176754,0.228010945,0.000353661759,0.228010945,0,0.0045835193,0.0119745794,1.38974044e-11,0.00240730705,,401,1930
2344,4.22954702,0.504418813,0.00016684979,0.504418813,0,0.00865763614,0.0260533018,3.09320581e-12,0.00100099819,,401,2741
2345,5.38577604,0.35227012,0.000528104849,0.35227012,0,0.00645969395,0.0180154599,3.09883035e-11,0.00189257932,,401,469
2346,0.700064301,0.840809234,0.000246872396,0.840809234,0,0.0324562603,0.0564547929,6.77177556e-12,6.3473976e-05,,401,2514
2347,5.19764376,0.377051721,0.00053303419,0.377051721,0,0.00685225344,0.0192662901,3.15694942e-11,0.00186177065,,401,405
2348,7.90758896,0.0748633405,0.000334729245,0.0748633405,0,0.00396609602,0.00592268651,1.24492964e-11,0.00194665403,,401,2097
2349,6.56341171,0.202014285,0.000476623447,0.202014285,0,0.00445359563,0.0107067021,2.52411011e-11,0.0023774768,,401,912
2350,7.28938437,0.120299559,0.000529032948,0.120299559,0,0.00405704361,0.00716676848,3.10973178e-11,0.00193984243,,401,461
2351,8.72033691,0.101252828,0.000467186521,0.101252828,0,0.00491245201,0.00728092508,2.42514717e-11,0.00202087689,,401,990
2352,1.89972675,0.768500685,0.000188432492,0.768500685,0,0.0204507235,0.0430405206,3.94520044e-12,0.00024491497,,401,2684
2353,5.46440697,0.341942722,0.000447141204,0.341942722,0,0.0062559095,0.0175114499,2.22150285e-11,0.00190931846,,401,1139
2354,2.89574599,0.66858073,0.000430737256,0.66858073,0,0.0141974782,0.035467996,2.06149537e-11,0.000423123529,,401,1328
2355,7.24053049,0.125233913,0.000501666661,0.125233913,0,0.00402344882,0.00735884876,2.7963271e-11,0.00196144964,,401,685
2356,7.30698442,0.118552112,0.000536922782,0.118552112,0,0.00406922309,0.00710041562,3.20317859e-11,0.00193268626,,401,377
2357,2.05158257,0.755177206,0.000356779131,0.755177206,0,0.0193214443,0.0418440482,1.41434831e-11,0.000266618551,,401,1908
2358,8.31536388,0.0762838335,0.000537856256,0.0762838335,0,0.00429760368,0.00610609414,3.21432614e-11,0.00203604002,,401,370
2359,2.60881042,0.700101152,0.000117946384,0.700101152,0,0.015676689,0.0376180563,1.54570549e-12,0.00035322088,19100,401,2898
2360,5.7468648,0.305065652,0.000377059976,0.305065652,0,0.00567013141,0.0156994822,1.57971362e-11,0.00204185208,,401,1710
2361,1.04380286,0.826663016,0.000365495532,0.826663016,0,0.0285648062,0.051098368,1.48429982e-11,0.000103142912,,401,1822
2362,8.03709126,0.0719805534,0.000408369271,0.0719805534,0,0.00393758663,0.00592346438,1.85294957e-11,0.00198154377,,401,1472
2363,0.874414444,0.834341112,0.000264611719,0.834341112,0,0.0304394932,0.0534893258,7.7799291e-12,7.35685989e-05,,401,2448
2364,1.92327118,0.766487735,0.000220276815,0.766487735,0,0.020277368,0.0428504349,5.39131948e-12,0.000248369158,,401,2601
2365,1.34188485,0.80993729,0.000295535387,0.80993729,0,0.0253023352,0.0478605761,9.70457386e-12,0.000157472421,,401,2337
2366,6.09692812,0.260062827,0.000483190043,0.260062827,0,0.00501780262,0.0135082355,2.5941402e-11,0.00230476274,,401,862
2367,9.62636375,0.181416898,0.000838992735,0.181416898,0,0.00626118435,0.0107600801,7.82120899e-11,0.00244134296,,401,83
2368,4.76545668,0.434130253,0.000345181725,0.434130253,0,0.00738410876,0.0223136578,1.32389359e-11,0.00160137283,14800,401,2026
2369,1.32697427,0.810868399,0.000284683504,0.810868399,0,0.0254581613,0.0480032829,9.00496636e-12,0.000156336443,,401,2375
2370,5.86906242,0.289251638,0.000494699461,0.289251638,0,0.00548594824,0.0149125493,2.71919507e-11,0.00213238225,,401,743
2371,1.09073436,0.824297713,0.000333198373,0.824297713,0,0.0280386751,0.050520829,1.2335684e-11,0.000115295633,,401,2109
2372,9.2990303,0.151393779,0.000633690703,0.151393779,0,0.0057369496,0.00946309186,4.46182119e-11,0.00212340501,,401,186
2373,3.85526133,0.552559721,0.00048210029,0.552559721,0,0.00986863613,0.0286764224,2.5824521e-11,0.000814201211,13700,401,871
2374,8.53940201,0.0882205834,0.000515525532,0.0882205834,0,0.00467586175,0.00662098698,2.95296193e-11,0.00203871007,,401,576
2375,4.54372883,0.463337692,0.000532894155,0.463337692,0,0.00795872114,0.0238257657,3.1552909e-11,0.00133749182,,401,408
2376,7.03688812,0.146916212,0.000368215489,0.146916212,0,0.00397101536,0.00825384655,1.50647385e-11,0.0020823998,,401,1795
2377,2.50452757,0.71107182,6.71552197e-05,0.71107182,0,0.0162219668,0.0384266998,5.01091503e-13,0.000339741738,16200,401,2980
2378,8.98703861,0.123421883,0.000437426447,0.123421883,0,0.00513746914,0.00845058022,2.12602107e-11,0.00200925274,,401,1259
2379,5.71543455,0.309148652,0.000345422845,0.309148652,0,0.00571614066,0.0159039011,1.3257438e-11,0.00202140908,,401,2024
2380,3.79334378,0.560409438,0.000503502449,0.560409438,0,0.0101226796,0.0291023809,2.81683018e-11,0.000798589992,,401,668
2381,1.66721463,0.787277626,0.000215675122,0.787277626,0,0.0222246565,0.0449847462,5.16841756e-12,0.000202439164,14050,401,2612
2382,7.710917,0.0846612261,0.000383707098,0.0846612261,0,0.00410797308,0.0060678591,1.63590152e-11,0.00189990539,,401,1663
2383,0.673105359,0.841676925,0.000307045225,0.841676925,0,0.0327992512,0.056952194,1.04751967e-11,6.2502654e-05,,401,2279
2384,8.93032932,0.118514842,0.000436176746,0.118514842,0,0.00508864246,0.0082041059,2.1138906e-11,0.00200641108,,401,1284
2385,4.59722137,0.456303001,0.000524800898,0.456303001,0,0.0078184526,0.0234588012,3.06017758e-11,0.0014041816,,401,500
2386,3.20218921,0.633055004,0.000277769079,0.633055004,0,0.012583101,0.0332938605,8.57285126e-12,0.00058384839,,401,2402
2387,7.14840174,0.134839715,0.000435184021,0.134839715,0,0.00397336293,0.00774844033,2.10427925e-11,0.00201095658,,401,1298
2388,9.19641209,0.142066144,0.000525885798,0.142066144,0,0.00552726818,0.00916879897,3.07284303e-11,0.00206475173,,401,490
2389,1.46233666,0.802063648,0.000352538522,0.802063648,0,0.0240770297,0.0467579888,1.38092677e-11,0.000168133648,,401,1942
2390,8.44867992,0.0826915598,0.00053486337,0.0826915598,0,0.00452830449,0.0063691582,3.1786536e-11,0.00204216195,,401,389
2391,5.72207165,0.308285757,0.000351717939,0.308285757,0,0.00570627723,0.0158607117,1.37450565e-11,0.00202561349,,401,1956
2392,0.880762577,0.834077845,0.000275504305,0.834077845,0,0.0303700097,0.0533902826,8.43362466e-12,7.40112506e-05,,401,2408
2393,5.18368435,0.378893669,0.000520837714,0.378893669,0,0.00687378549,0.0193620699,3.0141325e-11,0.00185857943,,401,536
2394,1.69526434,0.785121826,0.000178872762,0.785121826,0,0.0219964648,0.0447461682,3.55505167e-12,0.000208141366,14050,401,2712
2395,2.04945564,0.755369274,0.000355415524,0.755369274,0,0.0193374346,0.0418603597,1.40355772e-11,0.000266503282,,401,1918
2396,2.52698016,0.708733289,4.09543015e-05,0.708733289,0,0.0160998212,0.0382530547,1.86361645e-13,0.000342532188,16200,401,2993
2397,7.8095212,0.0790105714,0.000330886042,0.0790105714,0,0.00403674871,0.00596779811,1.21650636e-11,0.00192050072,,401,2130
2398,6.72797251,0.182302083,0.000479294852,0.182302083,0,0.0042988017,0.00978868517,2.55248394e-11,0.00229449945,,401,893
2399,4.85494089,0.422316004,0.00019623839,0.422316004,0,0.00721458742,0.0216929037,4.27883398e-12,0.00168849017,,401,2664
2400,6.83200026,0.170119215,0.000423238797,0.170119215,0,0.00416634889,0.00924688402,1.99034532e-11,0.00222615294,,401,1378
2401,8.67284966,0.0976238842,0.000479266171,0.0976238842,0,0.00485915922,0.00709005159,2.55217847e-11,0.00202606785,,401,894
2402,2.6879611,0.691594355,0.000234848668,0.691594355,0,0.0152742566,0.0370111345,6.12821074e-12,0.0003652829,,401,2561
2403,1.57358444,0.794247516,0.000313832309,0.794247516,0,0.0230245491,0.0457894004,1.09434131e-11,0.000184261344,13350,401,2248
2404,6.31919479,0.232066606,0.000348316059,0.232066606,0,0.00461471088,0.0121727906,1.3480453e-11,0.00240278559,,401,1997
2405,2.63017607,0.697819707,0.000150347198,0.697819707,0,0.0155679706,0.037453306,2.51158666e-12,0.000356245983,19100,401,2791
2406,4.15492249,0.514099293,0.000115632099,0.514099293,0,0.00882480458,0.0265917941,1.48564248e-12,0.000945641737,,401,2906
2407,4.23429632,0.503801445,0.000174228282,0.503801445,0,0.00864770913,0.0260189411,3.37283268e-12,0.00100486133,,401,2723
2408,4.21160936,0.506748886,0.000141880581,0.506748886,0,0.00869561817,0.0261830528,2.23667771e-12,0.000986727335,,401,2824
2409,3.53612018,0.592578565,0.000323866194,0.592578565,0,0.0111471065,0.0309090332,1.16543679e-11,0.000733962709,,401,2195
2410,6.11639404,0.257590441,0.000468618992,0.257590441,0,0.00497323787,0.0133916312,2.44004177e-11,0.00231725852,,401,976
2411,2.28321958,0.733385713,0.000345454016,0.733385713,0,0.0176106699,0.0401059151,1.32598308e-11,0.000305014426,13400,401,2022
2412,1.38651288,0.80709286,0.00032547304,0.80709286,0,0.0248411744,0.0474423254,1.17703e-11,0.000161156469,,401,2178
2413,1.71183872,0.783833468,0.000156675566,0.783833468,0,0.021863803,0.044605722,2.72747034e-12,0.000211499059,13900,401,2773
2414,2.3021729,0.731529338,0.000329345453,0.731529338,0,0.0174795586,0.0399640349,1.20520475e-11,0.000308386907,13400,401,2140
2415,9.68761253,0.187031837,0.000728049775,0.187031837,0,0.0065001297,0.0111666553,5.8895164e-11,0.00251704235,,401,137
2416,5.87532759,0.288443534,0.000499160204,0.288443534,0,0.0054754902,0.0148727504,2.76845454e-11,0.00213700865,,401,707
2417,3.9950397,0.534709792,0.000339952105,0.534709792,0,0.00931790639,0.0277166138,1.2840826e-11,0.000860421437,,401,2067
2418,8.65288258,0.0961375249,0.000484446922,0.0961375249,0,0.00483481856,0.00701318633,2.60765356e-11,0.00202870818,,401,848
2419,8.9576025,0.120864782,0.000435928885,0.120864782,0,0.00511065161,0.00832414262,2.11148881e-11,0.00200727559,,401,1292
2420,6.2156477,0.245042495,0.000388118025,0.245042495,0,0.00476406073,0.012798429,1.67372891e-11,0.00237015186,,401,1628
2421,5.70745468,0.310186105,0.000338167858,0.310186105,0,0.00572818118,0.0159558027,1.27063889e-11,0.00201644463,,401,2079
2422,9.49438667,0.169297819,0.000853099732,0.169297819,0,0.00599563538,0.0101222935,8.08643502e-11,0.00229262793,,401,72
2423,9.82452297,0.19953968,0.000328827877,0.19953968,0,0.00762410979,0.0124762778,1.2014197e-11,0.00269574106,,401,2145
2424,6.60662031,0.196791298,0.000490381641,0.196791298,0,0.0044214709,0.0104585328,2.67193504e-11,0.00235961387,,401,795
2425,4.22061157,0.505579712,0.000153949784,0.505579712,0,0.00867645522,0.0261179361,2.63339289e-12,0.00099366657,,401,2781
2426,7.3279376,0.116493831,0.000544462652,0.116493831,0,0.00408342475,0.00702351756,3.2937731e-11,0.00192559214,,401,318
2427,2.59131145,0.701961372,9.15116207e-05,0.701961372,0,0.0157659634,0.0377534364,9.30486303e-13,0.000350971736,19100,401,2952
2428,1.37054753,0.808120315,0.00031557449,0.808120315,0,0.0250052493,0.0475904799,1.1065251e-11,0.00015978565,,401,2234
2429,0.849299252,0.835363519,0.000218158425,0.835363519,0,0.0307143182,0.0538885519,5.28812206e-12,7.20433154e-05,,401,2606
2430,9.64135456,0.182792139,0.000819306804,0.182792139,0,0.0063118605,0.0108502984,7.45848488e-11,0.00245959694,,401,96
2431,9.76008701,0.193661827,0.000487368396,0.193661827,0,0.00691924766,0.0118082093,2.63919948e-11,0.00261014756,,401,824
2432,7.83723402,0.0776797953,0.000325548701,0.0776797953,0,0.00401540479,0.00594993607,1.1775773e-11,0.00192752585,,401,2176
2433,6.60026693,0.1975572,0.000488980857,0.1975572,0,0.00442658968,0.0104947132,2.65669198e-11,0.00236276825,,401,808
2434,0.868254662,0.834594663,0.000253807975,0.834594663,0,0.0305068952,0.0535861517,7.15760977e-12,7.31111554e-05,,401,2485
2435,9.1030798,0.133672746,0.000465539687,0.133672746,0,0.00532128756,0.00888350904,2.40808001e-11,0.00203038019,,401,1000
2436,2.75112486,0.684699857,0.000315672458,0.684699857,0,0.0149514509,0.0365341297,1.10721223e-11,0.000378042836,,401,2233
2437,8.31057262,0.0760985275,0.00053701897,0.0760985275,0,0.004289363,0.00609903338,3.20432638e-11,0.00203538393,,401,376
2438,4.64237833,0.450358104,0.000498216255,0.450358104,0,0.00769731893,0.0231511345,2.75799375e-11,0.0014595289,,401,715
2439,1.33513176,0.810360243,0.000290510541,0.810360243,0,0.0253728006,0.0479250179,9.37737493e-12,0.000157044511,,401,2352
2440,3.03238845,0.65295539,0.000426794314,0.65295539,0,0.0134690494,0.0344897074,2.02392652e-11,0.000488139979,,401,1352
2441,6.7894001,0.175079406,0.000449024422,0.175079406,0,0.00422186698,0.00946524837,2.24025479e-11,0.00225491287,,401,1127
2442,5.63715744,0.319341389,0.00030132126,0.319341389,0,0.00584616082,0.0164114115,1.00882779e-11,0.00197560314,,401,2311
2443,9.73773861,0.1916197,0.000572862574,0.1916197,0,0.00676824169,0.0115900587,3.64635032e-11,0.00258131195,,401,217
2444,2.73820925,0.686117186,0.000300377194,0.686117186,0,0.0150177197,0.0366311077,1.00251621e-11,0.000375147664,,401,2319
2445,5.27723837,0.366556927,0.000569290039,0.366556927,0,0.00670829061,0.0187281787,3.60101277e-11,0.00187515484,,401,225
2446,8.24917984,0.0740385537,0.00052331846,0.0740385537,0,0.00418602655,0.00602268355,3.04291345e-11,0.0020280263,,401,514
2447,6.27441931,0.237662308,0.000355325052,0.237662308,0,0.00466937218,0.0124443841,1.40284325e-11,0.00239163585,,401,1919
2448,6.5435009,0.204431202,0.000467432119,0.204431202,0,0.00446658622,0.0108226192,2.42769762e-11,0.0023846937,,401,987
2449,0.427307546,0.847915071,9.47673552e-05,0.847915071,0,0.0360039024,0.0623181112,9.97872402e-13,9.03054709e-05,14950,401,2946
2450,7.00432873,0.150522505,0.000360222328,0.150522505,0,0.00398672981,0.00840621658,1.44177917e-11,0.00210433155,,401,1871
2451,9.57380772,0.176592811,0.000874493688,0.176592811,0,0.00612237475,0.0104776457,8.49710233e-11,0.00237941083,,401,47
2452,3.61887646,0.582311887,0.000421455707,0.582311887,0,0.0108247435,0.03032037,1.97361015e-11,0.000757318754,,401,1387
2453,4.59546852,0.456533523,0.00052533874,0.456533523,0,0.00782313193,0.0234707673,3.06645325e-11,0.00140190881,,401,498
2454,5.30663443,0.362684321,0.000568376802,0.362684321,0,0.00664633915,0.0185328425,3.58946877e-11,0.00187994525,,401,229
2455,0.731019974,0.839768777,0.00017494905,0.839768777,0,0.0320684911,0.055899862,3.40079669e-12,6.53858902e-05,17750,401,2720
2456,9.41379261,0.16189833,0.000775555424,0.16189833,0,0.00590780023,0.00981977095,6.68318017e-11,0.00221405752,,401,116
2457,8.35859966,0.0781056474,0.000541105738,0.0781056474,0,0.00437257607,0.00617738739,3.25328245e-11,0.00203975609,,401,332
2458,0.790386081,0.837642571,0.000116875491,0.837642571,0,0.031365172,0.054868875,1.51776448e-12,6.90327004e-05,15250,401,2901
2459,3.34058404,0.616478935,0.000131308572,0.616478935,0,0.0119319703,0.032313572,1.91577122e-12,0.000656689258,,401,2858
2460,2.18744278,0.7426011,0.000393569129,0.7426011,0,0.0183020596,0.0408198078,1.721074e-11,0.000288334376,14050,401,1580
2461,4.83545494,0.424889658,0.000227404076,0.424889658,0,0.00724568695,0.02182945,5.74584598e-12,0.00167096881,,401,2579
2462,4.16404009,0.512918322,0.000112493164,0.512918322,0,0.0088026923,0.0265263079,1.40607911e-12,0.000951907421,,401,2917
2463,1.12128735,0.822703265,0.000306142735,0.822703265,0,0.027696322,0.0501616039,1.04137082e-11,0.000123036405,,401,2284
2464,9.35015678,0.156067127,0.000697192604,0.156067127,0,0.00582225344,0.00961479372,5.40086141e-11,0.00216071608,,401,148
2465,3.65618896,0.57765631,0.000455021591,0.57765631,0,0.0106774821,0.0300572295,2.30049609e-11,0.00076677488,,401,1078
2466,4.8873477,0.418035342,0.000155911219,0.418035342,0,0.00717055855,0.0214639588,2.70092314e-12,0.00171610803,,401,2776
2467,8.16520309,0.0722386134,0.000488411195,0.0722386134,0,0.00405805882,0.00595849364,2.6505055e-11,0.0020128931,,401,814
2468,8.80248833,0.107800452,0.000450113528,0.107800452,0,0.00499012672,0.00763260144,2.25113542e-11,0.00201210943,,401,1116
2469,0.773229003,0.838274666,0.000111865779,0.838274666,0,0.0315610944,0.0551636123,1.39043917e-12,6.80593154e-05,15250,401,2922
2470,4.05690384,0.526757465,0.000246025688,0.526757465,0,0.00910472388,0.027286269,6.72540433e-12,0.000888640116,,401,2517
2471,3.12652659,0.641985227,0.000360367373,0.641985227,0,0.0129708139,0.0338258412,1.44294048e-11,0.000540751577,,401,1870
2472,8.550457,0.0889472673,0.000512661524,0.0889472673,0,0.00469276088,0.00665557839,2.92024265e-11,0.00203830781,,401,596
2473,7.15872812,0.133745045,0.000442993222,0.133745045,0,0.00397740567,0.00770326632,2.18047772e-11,0.00200487841,,401,1174
2474,0.547015846,0.845256652,0.00038405874,0.845256652,0,0.0344242244,0.0594993128,1.63890129e-11,7.66691622e-05,,401,1655
2475,6.09562111,0.260228871,0.000483992486,0.260228871,0,0.00502081601,0.0135160733,2.60276363e-11,0.00230383931,,401,853
2476,5.54111767,0.331890393,0.000356280662,0.331890393,0,0.00605774929,0.0170247147,1.410399e-11,0.00193305627,,401,1911
2477,4.42211676,0.479292523,0.000458644655,0.479292523,0,0.00825212971,0.0246737777,2.33727688e-11,0.00119146906,,401,1049
2478,7.43221664,0.106642248,0.000552427762,0.106642248,0,0.00414159388,0.00667658482,3.39084925e-11,0.00189706755,,401,285
2479,1.64451087,0.788999884,0.000243675452,0.788999884,0,0.0224128426,0.0451787501,6.59752512e-12,0.000197807002,13600,401,2526
2480,7.07074833,0.143202551,0.000383105568,0.143202551,0,0.00396278107,0.00809748034,1.6307764e-11,0.00205983789,,401,1665
2481,0.292862445,0.850024107,0.000519372868,0.850024107,0,0.0382468943,0.0658437439,2.99720195e-11,5.71259543e-05,,401,548
2482,2.33971858,0.727820677,0.000291617906,0.727820677,0,0.0172265379,0.0396818944,9.44900033e-12,0.000314721589,13800,401,2348
2483,9.60920811,0.179842632,0.000855811985,0.179842632,0,0.00620942475,0.0106626488,8.13793504e-11,0.0024204537,,401,70
2484,6.48284578,0.211833226,0.000430930483,0.211833226,0,0.00450129724,0.0111812381,2.06334535e-11,0.00240067965,,401,1326
2485,6.00252342,0.272103211,0.000529136442,0.272103211,0,0.00523076448,0.0140797554,3.1109486e-11,0.00223729435,,401,459
2486,0.813588679,0.836764952,0.000149357462,0.836764952,0,0.0311065918,0.0544759809,2.47862793e-12,7.02028997e-05,,401,2795
2487,9.29031181,0.150598523,0.000623206861,0.150598523,0,0.00572095779,0.00943789701,4.31540879e-11,0.00211779024,,401,189
2488,3.25794029,0.62641376,0.000208627619,0.62641376,0,0.0123099044,0.0329007783,4.83616484e-12,0.000614653825,,401,2630
2489,7.97697878,0.0729324496,0.000368684888,0.0729324496,0,0.00393573275,0.00591715787,1.51031718e-11,0.0019653158,,401,1791
2490,8.54569149,0.088632728,0.000513917426,0.088632728,0,0.00468551928,0.00664057113,2.93456801e-11,0.00203849708,,401,587
2491,0.736352742,0.839584879,0.000163451006,0.839584879,0,0.0320026894,0.0558057658,2.96847017e-12,6.57344793e-05,17750,401,2751
2492,6.63878107,0.192924615,0.000494881772,0.192924615,0,0.00439367434,0.0102770187,2.72119964e-11,0.00234468404,,401,739
2493,7.13040113,0.136758,0.00042195748,0.136758,0,0.00396763193,0.00782797519,1.97831239e-11,0.00202185652,,401,1385
2494,8.57323933,0.0904778272,0.000506579711,0.0904778272,0,0.00472668344,0.00672944482,2.85136671e-11,0.00203624033,,401,637
2495,3.18375015,0.635240054,0.000299582787,0.635240054,0,0.0126760442,0.0334235567,9.97220511e-12,0.000573391587,,401,2322
2496,4.74847412,0.43637121,0.0003721123,0.43637121,0,0.00742350652,0.0224298208,1.53852848e-11,0.00158290319,14800,401,1763
2497,7.41751862,0.107988079,0.000554406273,0.107988079,0,0.00413515657,0.00672174871,3.41518128e-11,0.0018997333,,401,274
2498,0.531576216,0.845640329,0.000359617426,0.845640329,0,0.0346222662,0.059840859,1.43694104e-11,7.99160247e-05,,401,1882
2499,5.95969915,0.277590411,0.000531758814,0.277590411,0,0.00532007362,0.01434351,3.14186041e-11,0.00220417301,,401,427
2500,1.86422074,0.771498443,0.000139772276,0.771498443,0,0.0207114449,0.0433304649,2.17069881e-12,0.000239360005,19400,401,2832
2501,1.492908,0.799967034,0.000351458848,0.799967034,0,0.0237775827,0.0464892619,1.37248135e-11,0.000171896605,13700,401,1959
2502,9.85018349,0.201874945,0.000433139663,0.201874945,0,0.00808761373,0.0127225629,2.0845552e-11,0.00273069105,,401,1310
2503,2.07829452,0.752752027,0.000373748425,0.752752027,0,0.0191204168,0.0416400937,1.55208762e-11,0.000270732652,,401,1748
2504,6.97784901,0.153480002,0.000359419654,0.153480002,0,0.00400492719,0.0085315372,1.43536097e-11,0.00212317048,,401,1888
2505,0.829951644,0.836130434,0.000180218867,0.836130434,0,0.0309264016,0.0542040196,3.60876001e-12,7.10701562e-05,,401,2705
2506,6.79620934,0.174283722,0.000445021113,0.174283722,0,0.00421301975,0.00943002309,2.20048656e-11,0.00225047391,,401,1154
2507,3.72394204,0.569161695,0.00049469743,0.569161695,0,0.0104058276,0.0295832168,2.71917275e-11,0.000782374769,,401,744
2508,6.92313957,0.159655056,0.000372441374,0.159655056,0,0.00405576802,0.00879459739,1.54125085e-11,0.00216207514,,401,1757
2509,3.4831934,0.599099251,0.000251532984,0.599099251,0,0.01135258,0.031288496,7.02987133e-12,0.000716246428,,401,2494
2510,5.71304464,0.309459452,0.000343105879,0.309459452,0,0.00571972851,0.0159194533,1.30801827e-11,0.00201960617,,401,2043
2511,1.90941894,0.767674389,0.000201646073,0.767674389,0,0.0203794119,0.0429620597,4.51790429e-12,0.000246298489,,401,2653
2512,4.48416471,0.471159303,0.000511602831,0.471159303,0,0.00810730846,0.0242385799,2.90819396e-11,0.00126454089,,401,603
2513,8.65778255,0.0965000633,0.0004831435,0.0965000633,0,0.00484089302,0.00703186292,2.59364046e-11,0.00202800208,,401,863
2514,1.97403073,0.762081348,0.000283714519,0.762081348,0,0.019901557,0.0424465414,8.94376982e-12,0.000255680516,,401,2382
2515,5.59079409,0.325393857,0.000313892773,0.325393857,0,0.00594095944,0.0167087719,1.09476303e-11,0.00195334962,,401,2247
2516,9.10645103,0.133973708,0.000466817967,0.133973708,0,0.00532838575,0.00889447481,2.42132238e-11,0.00203148684,,401,991
2517,9.26250935,0.148065149,0.000591248132,0.148065149,0,0.00566729317,0.00935824651,3.88415949e-11,0.00210001955,,401,207
2518,2.97357106,0.659726132,0.000442478667,0.659726132,0,0.0137833851,0.0349079953,2.17541523e-11,0.000457990404,,401,1182
2519,4.91821527,0.413957506,0.000143899023,0.413957506,0,0.00713708174,0.0212438214,2.30076987e-12,0.00173996446,,401,2816
2520,1.80765343,0.776179179,8.16513044e-05,0.776179179,0,0.0211280371,0.0437997962,7.40770612e-13,0.000229863029,13900,401,2966
2521,1.36007655,0.808788314,0.000308478942,0.808788314,0,0.0251134072,0.0476885285,1.05732508e-11,0.000159018301,,401,2270
2522,9.95357704,0.211250717,0.00162910011,0.211250717,0,0.0106871539,0.0138323622,2.94885241e-10,0.00288330347,,401,16
2523,6.76357698,0.178105861,0.000463086327,0.178105861,0,0.00425497941,0.00959994562,2.38276607e-11,0.00227197526,,401,1018
2524,1.44863212,0.802990704,0.000350544353,0.802990704,0,0.024213091,0.0468795912,1.36534826e-11,0.000166628309,,401,1971
2525,0.0948809385,0.851398379,0.000661938001,0.851398379,0,0.0420314821,0.0726311584,4.86846574e-11,1.83375266e-05,,401,167
2526,8.40644264,0.0804168205,0.000539807597,0.0804168205,0,0.00445579169,0.0062719461,3.23769158e-11,0.00204170109,,401,354
2527,8.29984093,0.0756960319,0.000535448905,0.0756960319,0,0.00427096465,0.00608377229,3.185617e-11,0.0020347347,,401,387
2528,5.92821836,0.281633554,0.000525504792,0.281633554,0,0.00538136075,0.014539481,3.06839207e-11,0.0021793777,,401,495
2529,7.99589968,0.0725593514,0.000380751506,0.0725593514,0,0.00393278778,0.00591839711,1.61079677e-11,0.00197072496,,401,1683
2530,8.32549191,0.0766865186,0.000539068876,0.0766865186,0,0.00431508529,0.00612159378,3.22883614e-11,0.00203696937,,401,362
2531,3.79250193,0.560515874,0.000503525391,0.560515874,0,0.010126138,0.0291081854,2.81708689e-11,0.000798411098,,401,667
2532,7.56844378,0.0949653924,0.00049198614,0.0949653924,0,0.00416341873,0.0063190681,2.68944847e-11,0.00188515797,,401,778
2533,9.98690891,0.214260293,0.00220390241,0.214260293,0,0.0117520862,0.0142603427,5.39687314e-10,0.0029403162,,401,4
2534,6.02256584,0.269540193,0.00052358601,0.269540193,0,0.00518695408,0.0139573604,3.04602567e-11,0.00225234608,,401,512
2535,7.07972813,0.142224118,0.000388083802,0.142224118,0,0.00396197547,0.00805639107,1.67343375e-11,0.00205381813,,401,1629
2536,4.06015587,0.526338618,0.000240714816,0.526338618,0,0.00909424434,0.027263493,6.43818032e-12,0.000890196249,,401,2546
2537,8.30454254,0.0758702716,0.000536202781,0.0758702716,0,0.00427901103,0.00609034882,3.19459358e-11,0.00203479813,,401,383
2538,5.99209881,0.273437517,0.000531020065,0.273437517,0,0.00525309979,0.0141436613,3.13313677e-11,0.0022291968,,401,438
2539,3.51499033,0.595186295,0.000295285252,0.595186295,0,0.0112290284,0.0310603019,9.68815332e-12,0.000727121041,,401,2338
2540,3.69634366,0.572628016,0.000482178926,0.572628016,0,0.0105171541,0.0297757115,2.58329463e-11,0.000776387745,,401,870
2541,0.195629701,0.850960154,0.000411610262,0.850960154,0,0.0399736952,0.0688693892,1.88247787e-11,3.52392791e-05,,401,1450
2542,1.30320454,0.812332424,0.000268007822,0.812332424,0,0.0257083892,0.0482340654,7.98091028e-12,0.000154041979,,401,2437
2543,5.85949993,0.290485443,0.00048761483,0.290485443,0,0.00550163445,0.0149734148,2.64186914e-11,0.00212476985,17250,401,823
2544,4.24175215,0.502832337,0.000185838695,0.502832337,0,0.00863219208,0.0259650308,3.83733561e-12,0.00101108627,,401,2692
2545,6.99972486,0.151035264,0.000359754841,0.151035264,0,0.0039895674,0.00842792474,1.4380394e-11,0.00210748235,,401,1878
2546,5.12892199,0.386122093,0.000457171331,0.386122093,0,0.0069478221,0.0197417014,2.32228473e-11,0.00184502763,,401,1062
2547,4.28802586,0.4968092,0.000263104197,0.4968092,0,0.00853710613,0.0256308977,7.69153537e-12,0.00105188706,,401,2451
2548,8.69045925,0.0989546235,0.000474691367,0.0989546235,0,0.00487967808,0.00715957191,2.50368771e-11,0.00202406802,,401,926
2549,3.92257166,0.543985551,0.000428812945,0.543985551,0,0.00959626272,0.0282149237,2.04311713e-11,0.000834160352,,401,1341
2550,1.44545722,0.803204382,0.00034984661,0.803204382,0,0.0242447491,0.046907885,1.35991834e-11,0.000166398076,,401,1979
2551,4.90574265,0.415605141,0.000144644905,0.415605141,0,0.00714971479,0.0213329797,2.32468317e-12,0.00173046437,,401,2812
2552,4.34237909,0.489719955,0.000352103276,0.489719955,0,0.00842487204,0.0252405358,1.37751908e-11,0.0011048533,,401,1947
2553,0.690132856,0.841133056,0.000269847339,0.841133056,0,0.0325821892,0.0566363858,8.09084292e-12,6.30446251e-05,,401,2431
2554,1.48522305,0.800497684,0.000352381766,0.800497684,0,0.0238522687,0.0465565244,1.37969899e-11,0.00017088745,13750,401,1945
2555,4.58063507,0.458485166,0.000530054837,0.458485166,0,0.00786249271,0.023572242,3.12175701e-11,0.00138349212,,401,449
2556,9.33616734,0.15478697,0.000679712223,0.15478697,0,0.00580041153,0.00957242873,5.13343007e-11,0.00215017657,,401,155
2557,2.26512861,0.735147628,0.00035890185,0.735147628,0,0.0177378123,0.0402410467,1.4312282e-11,0.000301837311,,401,1896
2558,7.5651083,0.095232317,0.000494496577,0.095232317,0,0.00416377441,0.00632648102,2.71696516e-11,0.00188553642,,401,747
2559,6.63125896,0.193827749,0.000494338527,0.193827749,0,0.0044004854,0.0103192429,2.71522865e-11,0.00234807268,,401,752
2560,2.45109081,0.716583879,0.000145222799,0.716583879,0,0.0165281496,0.0388368828,2.34329571e-12,0.000332204091,14800,401,2811
2561,9.00869179,0.125315343,0.000439302653,0.125315343,0,0.00516080428,0.00854037763,2.14429801e-11,0.00201179492,,401,1230
2562,0.469339043,0.84706464,0.000187199338,0.84706464,0,0.0354242795,0.06128924,3.89373245e-12,8.96966864e-05,,401,2686
2563,2.73351765,0.686631027,0.000294532016,0.686631027,0,0.0150417415,0.0366664098,9.63878981e-12,0.000374306907,,401,2341
2564,1.21543193,0.817522046,0.000242396527,0.817522046,0,0.0266526118,0.0491247672,6.52845294e-12,0.000142659442,,401,2535
2565,9.81291676,0.198482071,0.000323955847,0.198482071,0,0.00744750192,0.0123621041,1.16608212e-11,0.00267974024,,401,2194
2566,9.20819473,0.143132502,0.000536313246,0.143132502,0,0.00555317528,0.00920291226,3.19590997e-11,0.00207040499,,401,382
2567,7.45931053,0.10420208,0.0005464672,0.10420208,0,0.00415155972,0.00659663246,3.31807112e-11,0.00189254168,,401,311
2568,2.9639976,0.660821858,0.000442959557,0.660821858,0,0.0138345167,0.0349764409,2.18014633e-11,0.000453328398,,401,1176
2569,9.12769794,0.135875981,0.000477636482,0.135875981,0,0.00537422311,0.00896225694,2.53485121e-11,0.00203783107,,401,907
2570,7.43466711,0.106419395,0.000552134417,0.106419395,0,0.0041426156,0.00666917635,3.38724905e-11,0.00189653827,,401,287
2571,1.70994842,0.783980911,0.000159292146,0.783980911,0,0.0218788476,0.0446217202,2.81933198e-12,0.000211084419,13900,401,2761
2572,5.17525816,0.380005588,0.000512542058,0.380005588,0,0.00688625095,0.0194200801,2.91888179e-11,0.00185697411,,401,597
2573,9.2514925,0.147062587,0.000579264304,0.147062587,0,0.00564503203,0.00932681843,3.72830149e-11,0.00209377989,,401,212
2574,0.310787261,0.849797288,0.000495688969,0.849797288,0,0.0379387526,0.0653343143,2.73008394e-11,6.28080273e-05,12300,401,733
2575,0.825530291,0.836303134,0.000171546611,0.836303134,0,0.0309749866,0.0542770502,3.2698044e-12,7.08242115e-05,,401,2729
2576,8.6468811,0.0956958564,0.000486079019,0.0956958564,0,0.00482727208,0.00699051271,2.62525347e-11,0.00202942886,,401,837
2577,0.688511848,0.841185429,0.000273472994,0.841185429,0,0.0326027988,0.056666202,8.30971985e-12,6.29371975e-05,,401,2416
2578,7.88971281,0.0754996821,0.000329301632,0.0754996821,0,0.00397746069,0.00592732158,1.20488406e-11,0.00194111406,16200,401,2141
2579,6.46854687,0.213586121,0.000421158641,0.213586121,0,0.00450891188,0.0112668176,1.9708289e-11,0.00240345428,,401,1390
2580,4.60386276,0.455429066,0.00052191852,0.455429066,0,0.00780073092,0.0234134505,3.0266549e-11,0.00141216807,,401,527
2581,2.29603958,0.732131233,0.00033471972,0.732131233,0,0.0175217427,0.0400099859,1.24485879e-11,0.00030724656,13400,401,2099
2582,3.90559173,0.546152347,0.000445136776,0.546152347,0,0.00966423575,0.0283313021,2.20163054e-11,0.00082888828,,401,1152
2583,4.38674164,0.483922152,0.000415771456,0.483922152,0,0.00833036856,0.0249242338,1.92073227e-11,0.00115215605,,401,1419
2584,9.28308868,0.149939772,0.00061479104,0.149939772,0,0.0057073647,0.0094171158,4.1996447e-11,0.00211263167,,401,195
2585,2.98887038,0.657971271,0.000440306761,0.657971271,0,0.013701619,0.0347988337,2.15411159e-11,0.000465494185,,401,1215
2586,6.51186895,0.20828441,0.000449643499,0.20828441,0,0.00448539624,0.0110086875,2.2464364e-11,0.00239393176,,401,1119
2587,1.75506234,0.780423845,0.000102819079,0.780423845,0,0.021525295,0.0442410798,1.17464034e-12,0.000220043772,13900,401,2935
2588,2.81150532,0.678024957,0.000377124201,0.678024957,0,0.0146394649,0.0360846549,1.58025181e-11,0.000393961099,,401,1708
2589,6.89771652,0.162552677,0.000384164111,0.162552677,0,0.00408426352,0.00891888386,1.63980072e-11,0.00217989849,,401,1654
2590,3.25536346,0.626721797,0.000211867115,0.626721797,0,0.0123222319,0.0329189892,4.98751939e-12,0.00061322065,,401,2622
2591,3.37988496,0.611718141,0.000134542193,0.611718141,0,0.011765094,0.0320318616,2.01128909e-12,0.000675098625,,401,2848
2592,0.192204297,0.850983965,0.000412981931,0.850983965,0,0.0400386834,0.0689842872,1.89504528e-11,3.43918537e-05,,401,1436
2593,8.54992962,0.0889123561,0.000512887951,0.0889123561,0,0.00469194886,0.00665391634,2.92282279e-11,0.0020378782,,401,594
2594,2.40166378,0.7216136,0.000215469147,0.7216136,0,0.016828251,0.039213473,5.15855035e-12,0.000324836872,14350,401,2613
2595,2.94376945,0.663131124,0.000442385831,0.663131124,0,0.0139424127,0.0351214527,2.17450248e-11,0.000443778871,,401,1188
2596,6.49305248,0.210583729,0.000437761392,0.210583729,0,0.00449580376,0.0111203698,2.12927818e-11,0.00239854324,,401,1255
2597,3.07197738,0.648361527,0.000404676033,0.648361527,0,0.0132582275,0.0342099165,1.81958546e-11,0.000509807299,,401,1497
2598,6.20362329,0.246557243,0.00039720523,0.246557243,0,0.00478677731,0.0128704306,1.75302216e-11,0.00236469719,,401,1550
2599,6.40056562,0.221960932,0.00037595171,0.221960932,0,0.00454744575,0.0116776087,1.57044098e-11,0.00240944477,,401,1722
2600,9.60087204,0.17907736,0.00086197146,0.17907736,0,0.00618664242,0.0106172402,8.25549776e-11,0.002410677,,401,66
2601,8.29429817,0.0754951015,0.000534428624,0.0754951015,0,0.00426151244,0.00607622392,3.17348838e-11,0.00203370961,,401,392
2602,1.53997433,0.796662857,0.000335650943,0.796662857,0,0.0233306719,0.0460800898,1.25179506e-11,0.000178568578,13300,401,2091
2603,6.88854742,0.1636017,0.000389208869,0.1636017,0,0.00409508915,0.00896403416,1.68315048e-11,0.00218657958,,401,1622
2604,6.50370169,0.209281619,0.000444509013,0.209281619,0,0.0044899542,0.0110570735,2.19542514e-11,0.00239608112,,401,1160
2605,7.96092606,0.0733012375,0.000359564109,0.0733012375,0,0.00394029748,0.00591689476,1.43651499e-11,0.00196157624,,401,1884
2606,9.92882729,0.209011704,0.00126078425,0.209011704,0,0.00996813515,0.0135392271,1.76619658e-10,0.00284422605,,401,25
2607,3.83813143,0.554735141,0.000490674123,0.554735141,0,0.00993881792,0.0287940565,2.67512327e-11,0.000809835994,13700,401,790
2608,0.571269393,0.844629679,0.000405816525,0.844629679,0,0.0341119932,0.058977119,1.82985613e-11,7.18612394e-05,,401,1487
2609,4.5704546,0.459824181,0.000531895958,0.459824181,0,0.00788931111,0.0236420175,3.14348123e-11,0.00137083903,,401,425
2610,4.44150448,0.47675288,0.000478316758,0.47675288,0,0.00820796254,0.0245372243,2.5420769e-11,0.00121391344,,401,901
2611,0.563818812,0.844825464,0.000401244973,0.844825464,0,0.0342080662,0.0591357047,1.78886143e-11,7.32915126e-05,,401,1516
2612,7.97087717,0.073067033,0.000365168828,0.073067033,0,0.00393726087,0.0059169682,1.48164748e-11,0.00196418265,,401,1826
2613,9.2466774,0.146625072,0.000574148271,0.146625072,0,0.00563514185,0.00931311179,3.66273597e-11,0.0020910008,,401,215
2614,2.32886267,0.728897247,0.000303377155,0.728897247,0,0.0172987716,0.0397636236,1.02264109e-11,0.000313017239,13400,401,2298
2615,3.81161427,0.558096964,0.000500178793,0.558096964,0,0.0100476922,0.0289764406,2.77976473e-11,0.000803199474,,401,696
2616,5.20789671,0.37569925,0.000541023491,0.37569925,0,0.00683572857,0.0191962137,3.25229354e-11,0.0018633855,,401,337
2617,5.56328392,0.32899001,0.000334386288,0.32899001,0,0.00600395753,0.0168839804,1.24237988e-11,0.00194158177,,401,2102
2618,5.27486944,0.366869011,0.000569497199,0.366869011,0,0.00671310988,0.0187439869,3.603634e-11,0.00187510594,,401,223
2619,1.41509974,0.805225552,0.000340029721,0.805225552,0,0.0245499932,0.0471808091,1.28466901e-11,0.000163556501,,401,2066
2620,5.54907084,0.330849515,0.00034789337,0.330849515,0,0.00603819923,0.0169742511,1.34477552e-11,0.00193629106,,401,2005
2621,0.391281277,0.848572074,0.000214559979,0.848572074,0,0.0365692777,0.0632115254,5.11510938e-12,8.58607497e-05,,401,2615
2622,1.23759568,0.816243965,0.000240746239,0.816243965,0,0.026411162,0.0488937218,6.43986131e-12,0.000146154471,,401,2545
2623,7.19109917,0.13034202,0.000467504399,0.13034202,0,0.00399309852,0.00756392488,2.42844848e-11,0.00198697458,,401,985
2624,5.65031195,0.317626267,0.000303542691,0.317626267,0,0.00582197242,0.016326523,1.02375739e-11,0.00198303621,,401,2296
2625,9.75178337,0.192903047,0.000519620513,0.192903047,0,0.00686015306,0.0117251186,3.00006086e-11,0.00259908328,,401,545
2626,1.49762642,0.799639945,0.000350735653,0.799639945,0,0.0237319351,0.0464480453,1.36683887e-11,0.000172383367,13700,401,1966
2627,3.19273496,0.634176109,0.000288961987,0.634176109,0,0.0126306159,0.0333603738,9.27766998e-12,0.000578582976,,401,2358
2628,8.32782364,0.0767813556,0.000539251147,0.0767813556,0,0.00431912653,0.00612526409,3.23101999e-11,0.00203711929,,401,359
2629,0.116226666,0.851351162,0.000670069554,0.851351162,0,0.0415645722,0.0717535829,4.98881342e-11,8.20425693e-06,,401,162
2630,6.76734686,0.177663023,0.000461498731,0.177663023,0,0.00425019596,0.00958017076,2.36645643e-11,0.00226905447,,401,1025
2631,6.74062681,0.18080748,0.000473993112,0.18080748,0,0.00428353253,0.00972119682,2.49632745e-11,0.0022868445,,401,931
2632,0.372869104,0.848881937,0.000293494468,0.848881937,0,0.0368755797,0.0636774342,9.57100031e-12,8.18067195e-05,,401,2344
2633,2.14358354,0.74672599,0.000395461376,0.74672599,0,0.0186291516,0.0411475182,1.73766333e-11,0.000281026342,,401,1562
2634,7.0983696,0.140202209,0.000399612153,0.140202209,0,0.00396211463,0.00797164818,1.77433192e-11,0.00204161118,,401,1530
2635,1.02362251,0.827648563,0.000373382082,0.827648563,0,0.0287905666,0.0513570925,1.54904644e-11,9.79271467e-05,,401,1751
2636,4.19378328,0.509062539,0.000122940993,0.509062539,0,0.0087344033,0.0263119108,1.67938752e-12,0.000973084222,,401,2887
2637,2.34215522,0.72757859,0.000288970668,0.72757859,0,0.0172104332,0.0396635319,9.27822743e-12,0.000315188101,13800,401,2357
2638,8.22423649,0.0733763219,0.000514879286,0.0733763219,0,0.00414589856,0.00599900887,2.9455631e-11,0.00202384503,,401,583
2639,3.95706153,0.53957648,0.000390056548,0.53957648,0,0.00946076947,0.027978292,1.69049012e-11,0.000846023711,,401,1611
2640,9.15000343,0.137879365,0.00049097158,0.137879365,0,0.00542366798,0.00903111764,2.67836769e-11,0.00204579741,,401,785
2641,8.21582222,0.073176724,0.000511577853,0.073176724,0,0.00413270789,0.00599192616,2.90791e-11,0.00202260765,,401,604
2642,3.76070333,0.564531979,0.000503663063,0.564531979,0,0.0102563099,0.0293279908,2.81862757e-11,0.000791081995,,401,664
2643,3.72204328,0.569400347,0.00049408842,0.569400347,0,0.0104135137,0.0295964314,2.71248185e-11,0.000782126181,,401,754
2644,9.2364397,0.145694614,0.000563448138,0.145694614,0,0.00561380821,0.00928390545,3.52748672e-11,0.00208567926,,401,244
2645,8.43573093,0.0819720772,0.000536782021,0.0819720772,0,0.00450624148,0.00633798553,3.20149932e-11,0.00204173252,,401,378
2646,4.20613575,0.507459539,0.000135393486,0.507459539,0,0.00870740003,0.0262226353,2.03682177e-12,0.000982378689,,401,2843
2647,4.8709259,0.420204671,0.000173961211,0.420204671,0,0.0071916709,0.0215802739,3.36250031e-12,0.00170257224,,401,2724
2648,9.55151558,0.174545498,0.000876136156,0.174545498,0,0.00607885314,0.0103706327,8.52905072e-11,0.00235394246,,401,40
2649,4.79949331,0.429637637,0.000288127261,0.429637637,0,0.00731172446,0.022079376,9.22414651e-12,0.00163623992,16900,401,2361
2650,9.48131752,0.168097227,0.000843323353,0.168097227,0,0.00598126087,0.0100693077,7.90215864e-11,0.00227851803,,401,80
2651,7.89946413,0.0751456928,0.000332109208,0.0751456928,0,0.00397113338,0.00592461505,1.22551695e-11,0.00194395952,,401,2118
2652,0.644759774,0.842550603,0.000359657792,0.842550603,0,0.0331628464,0.0574913834,1.43726364e-11,6.27894586e-05,,401,1881
2653,5.38218689,0.352742144,0.000531123762,0.352742144,0,0.00646868478,0.0180386793,3.13436056e-11,0.00189162188,,401,435
2654,9.8874712,0.205262747,0.000754285808,0.205262747,0,0.00890083855,0.0130913789,6.32163423e-11,0.00278271057,,401,125
2655,5.54502153,0.331379307,0.000352137369,0.331379307,0,0.0060481281,0.0169999393,1.37778585e-11,0.00193471343,,401,1946
2656,5.04058695,0.397789415,0.000314413542,0.397789415,0,0.0070372217,0.0203658121,1.09839862e-11,0.00181271107,,401,2242
2657,5.45882702,0.342675017,0.000453676532,0.342675017,0,0.00627063803,0.0175469756,2.28691551e-11,0.00190799683,,401,1089
2658,6.52198362,0.207050532,0.000455684572,0.207050532,0,0.00447957496,0.010948947,2.30720476e-11,0.00239118305,,401,1075
2659,7.19909,0.129508912,0.000473220489,0.129508912,0,0.00399756536,0.00753011864,2.4881959e-11,0.00198251805,,401,941
2660,0.334354341,0.849473398,0.000437307183,0.849473398,0,0.0375332104,0.0646869755,2.12486192e-11,7.05741438e-05,,401,1261
2661,7.58690739,0.0935077305,0.000479028615,0.0935077305,0,0.00416059558,0.0062793314,2.54964905e-11,0.00188546333,,401,897
2662,6.75976467,0.178553811,0.000465104139,0.178553811,0,0.00425978767,0.00961999322,2.40357622e-11,0.00227464769,,401,1003
2663,1.72805357,0.782562767,0.000135285035,0.782562767,0,0.0217355382,0.0444686816,2.03356009e-12,0.000214782795,13900,401,2845
2664,6.61155319,0.196196864,0.00049164712,0.196196864,0,0.00441743687,0.010430505,2.68574323e-11,0.00235734267,,401,780
2665,5.67719269,0.31412391,0.000315280455,0.31412391,0,0.00577583507,0.0161524361,1.10446406e-11,0.00199791124,,401,2237
2666,5.13841057,0.384869424,0.000470014078,0.384869424,0,0.00693614955,0.0196754915,2.45459149e-11,0.00184795422,,401,964
2667,7.39123058,0.110431695,0.000555402689,0.110431695,0,0.00412200884,0.00680563919,3.42746829e-11,0.00190630432,,401,262
2668,4.56900644,0.46001459,0.000532086482,0.46001459,0,0.00789311571,0.0236519501,3.1457336e-11,0.00136895606,,401,421
2669,1.21127737,0.817759223,0.000243495153,0.817759223,0,0.0266980885,0.0491685762,6.5877655e-12,0.000141968787,,401,2527
2670,5.93726444,0.2804707,0.000528106901,0.2804707,0,0.00536414961,0.0144829741,3.09885443e-11,0.00218622897,,401,468
2671,3.4196043,0.606884195,0.000168810118,0.606884195,0,0.0116032895,0.0317461085,3.16631731e-12,0.000691942384,,401,2735
2672,0.674427748,0.841635254,0.000304349086,0.841635254,0,0.0327823501,0.0569274618,1.02920407e-11,6.25393275e-05,,401,2290
2673,4.97294235,0.406726587,0.000196664514,0.406726587,0,0.00709077118,0.0208507117,4.29743678e-12,0.00177673481,,401,2662
2674,2.17073059,0.744180013,0.000395752664,0.744180013,0,0.0184262388,0.0409444705,1.74022412e-11,0.000285517321,14050,401,1561
2675,8.66492748,0.0970312121,0.000481300313,0.0970312121,0,0.00484963606,0.00705930566,2.57388879e-11,0.00202701466,,401,880
2676,1.23464048,0.816415721,0.000240574765,0.816415721,0,0.0264432395,0.0489242778,6.43069084e-12,0.000145741,,401,2548
2677,5.11867094,0.387475541,0.000442998314,0.387475541,0,0.00695992877,0.0198134241,2.18052785e-11,0.00184212193,,401,1173
2678,7.53172827,0.0979590788,0.000515107239,0.0979590788,0,0.00416478189,0.00640437849,2.94817186e-11,0.00188608534,,401,581
2679,4.61607552,0.45382143,0.000515926509,0.45382143,0,0.00776800686,0.0233301544,2.95755737e-11,0.00142746416,,401,572
2680,7.26060104,0.123192542,0.000513972787,0.123192542,0,0.00403706202,0.00727858729,2.93520029e-11,0.00195229012,,401,586
2681,1.82584476,0.774686747,9.44503418e-05,0.774686747,0,0.0209934881,0.0436480139,9.91207451e-13,0.000232991659,17750,401,2948
2682,1.69799197,0.784910524,0.000175131134,0.784910524,0,0.0219745238,0.0447230274,3.40787934e-12,0.000208751388,14050,401,2718
2683,3.90104914,0.546731733,0.000449077168,0.546731733,0,0.00968252047,0.0283624425,2.24078114e-11,0.00082728278,,401,1126
2684,7.91568089,0.0745936435,0.000337763774,0.0745936435,0,0.00396133166,0.00592107185,1.26760408e-11,0.00194874931,,401,2083
2685,7.0362649,0.146984813,0.000367736081,0.146984813,0,0.00397124314,0.00825674839,1.50255362e-11,0.00208291187,,401,1805
2686,8.81947041,0.109190578,0.00044738703,0.109190578,0,0.00500420685,0.00770772927,2.22394617e-11,0.0020104343,,401,1138
2687,9.47619152,0.167626812,0.000839062613,0.167626812,0,0.00597576811,0.0100489865,7.82251187e-11,0.00227341583,,401,82
2688,5.05507469,0.395875246,0.000340136327,0.395875246,0,0.00702459658,0.020262586,1.28547468e-11,0.00181883778,,401,2065
2689,3.4288547,0.605755224,0.000179552163,0.605755224,0,0.0115663202,0.0316795032,3.58210882e-12,0.000695895897,,401,2706
2690,8.11284065,0.0717590388,0.000458550326,0.0717590388,0,0.00399308647,0.00593812178,2.33631558e-11,0.00200112217,,401,1050
2691,2.8703568,0.67144294,0.000418889048,0.67144294,0,0.0143314936,0.0356526248,1.94964483e-11,0.000413329297,,401,1398
2692,6.26247692,0.239158881,0.000359902788,0.239158881,0,0.00468643125,0.0125165982,1.43922241e-11,0.00238772585,,401,1875
2693,3.75333214,0.565461508,0.000502692037,0.565461508,0,0.0102863811,0.0293790713,2.80776982e-11,0.000789241686,,401,675
2694,4.54894972,0.462651514,0.000533006421,0.462651514,0,0.00794527108,0.0237898054,3.1566205e-11,0.0013442769,,401,406
2695,5.1891408,0.378173617,0.000525645874,0.378173617,0,0.00686548767,0.0193245821,3.07003983e-11,0.00186004952,,401,492
2696,6.73867989,0.181037467,0.000474838867,0.181037467,0,0.00428589782,0.00973156412,2.50524389e-11,0.00228785235,,401,925
2697,2.55587792,0.705704295,4.43554547e-05,0.705704295,0,0.0159480906,0.0380285107,2.18600707e-13,0.000346279778,16200,401,2991
2698,9.11220646,0.134488478,0.000469639018,0.134488478,0,0.00534063381,0.00891308444,2.45067564e-11,0.00203315608,,401,967
2699,4.99147892,0.404277211,0.000226786376,0.404277211,0,0.00707649688,0.0207174718,5.71467338e-12,0.00178774049,,401,2581
2700,4.13977528,0.516059789,0.000126750609,0.516059789,0,0.00886300325,0.0267002526,1.78507964e-12,0.000935605657,,401,2876
2701,2.23310566,0.738242475,0.000377943846,0.738242475,0,0.0179672244,0.0404797402,1.58712834e-11,0.000296251329,14050,401,1701
2702,6.68915033,0.186907003,0.000490733724,0.186907003,0,0.00434311358,0.0099985054,2.6757732e-11,0.00231721515,,401,789
2703,6.28519773,0.236313033,0.000351847041,0.236313033,0,0.00465487567,0.0123791218,1.37551489e-11,0.00239482072,,401,1953
2704,4.11824322,0.518844015,0.000151972157,0.518844015,0,0.00892052687,0.0268536989,2.56617071e-12,0.00092239741,19400,401,2786
2705,5.35898638,0.355793261,0.000547212195,0.355793261,0,0.00652570438,0.0181892824,3.32712429e-11,0.00188787974,,401,306
2706,5.08657074,0.391714737,0.000393736541,0.391714737,0,0.0069946573,0.0200392804,1.72253849e-11,0.00183131796,,401,1578
2707,3.75704813,0.564992996,0.000503225181,0.564992996,0,0.0102712205,0.0293533162,2.8137287e-11,0.000790200262,,401,670
2708,4.20238304,0.507946688,0.000131095593,0.507946688,0,0.00871554154,0.0262497679,1.9095616e-12,0.000979734135,,401,2861
2709,4.08166456,0.523566227,0.000206272835,0.523566227,0,0.00902689541,0.0271124133,4.72760917e-12,0.000901404331,,401,2636
2710,0.973011315,0.830036507,0.000371588625,0.830036507,0,0.029354185,0.05203568,1.53420118e-11,8.65203784e-05,,401,1768
2711,9.9861908,0.214195601,0.00219062891,0.214195601,0,0.0117279714,0.014250695,5.33206113e-10,0.00293896836,,401,5
2712,5.61441946,0.322308468,0.000303552598,0.322308468,0,0.00589076894,0.0165576132,1.02382422e-11,0.00196413974,,401,2295
2713,5.1658721,0.381244428,0.000502725565,0.381244428,0,0.00689965627,0.0194848809,2.80814437e-11,0.00185470437,,401,674
2714,0.381294757,0.848742266,0.000257457449,0.848742266,0,0.0367344296,0.0634631267,7.36492645e-12,8.38013532e-05,,401,2473
2715,7.74824953,0.0823623909,0.000358634462,0.0823623909,0,0.00408283361,0.00602305905,1.42909642e-11,0.00190687883,,401,1898
2716,7.34489441,0.114846135,0.00054928311,0.114846135,0,0.00409452358,0.0069629874,3.35235483e-11,0.00191976449,,401,300
2717,1.04700017,0.826505072,0.000363880817,0.826505072,0,0.0285290007,0.051057967,1.47121388e-11,0.000103899178,,401,1836
2718,0.185090184,0.851031476,0.000420984955,0.851031476,0,0.0401748939,0.0692250163,1.9692037e-11,3.2420289e-05,,401,1391
2719,4.51695395,0.466854941,0.000527289781,0.466854941,0,0.00802662793,0.0240107333,3.08927237e-11,0.00130450165,,401,478
2720,7.4079957,0.108868012,0.000555309823,0.108868012,0,0.00413062374,0.00675168991,3.42632221e-11,0.00190233498,,401,264
2721,1.87752569,0.770380439,0.000157859698,0.770380439,0,0.0206137991,0.0432213589,2.76885381e-12,0.000241505757,,401,2768
2722,1.08176339,0.82475777,0.000340578782,0.82475777,0,0.0281392835,0.050628732,1.28882119e-11,0.000113155942,,401,2059
2723,8.83788586,0.110710831,0.000444396575,0.110710831,0,0.00501889512,0.00778980823,2.19431462e-11,0.00200949243,,401,1161
2724,2.2603364,0.735612831,0.000362093726,0.735612831,0,0.0177718085,0.0402768051,1.45679851e-11,0.00030088505,14050,401,1855
2725,3.97470021,0.537317748,0.000367739412,0.537317748,0,0.00939342313,0.027856959,1.50258084e-11,0.000852361245,,401,1804
2726,9.63434124,0.182148999,0.000829135645,0.182148999,0,0.00628751358,0.0108074559,7.6385102e-11,0.00245115509,,401,90
2727,7.31935358,0.117333923,0.000541553547,0.117333923,0,0.00407766968,0.00705473739,3.25866938e-11,0.00192834429,,401,324
2728,3.95640469,0.539660466,0.000390692044,0.539660466,0,0.00946331631,0.0279827982,1.69600303e-11,0.000845602236,,401,1606
2729,5.32349062,0.360464792,0.000564081892,0.360464792,0,0.00660883976,0.0184216415,3.53542645e-11,0.00188238305,,401,243
2730,9.37605572,0.158438578,0.00072984563,0.158438578,0,0.00585974584,0.00969544984,5.91860716e-11,0.00218155375,,401,136
2731,6.78562212,0.175521309,0.000451299008,0.175521309,0,0.0042267443,0.00948484751,2.26300882e-11,0.00225716922,,401,1106
2732,4.40864134,0.481056839,0.000443427908,0.481056839,0,0.00828228086,0.0247689941,2.18475899e-11,0.00117628494,,401,1169
2733,5.8972764,0.285614983,0.000512267326,0.285614983,0,0.00543775427,0.0147338548,2.91575348e-11,0.00215443275,,401,598
2734,7.55567789,0.0959922629,0.000500482478,0.0959922629,0,0.00416452638,0.00634779778,2.78314123e-11,0.00188529027,,401,693
2735,3.09614277,0.645543346,0.000386899017,0.645543346,0,0.0131303241,0.0340396198,1.66323166e-11,0.000523422815,,401,1636
2736,5.20524168,0.376049329,0.000539201436,0.376049329,0,0.00684008287,0.0192143283,3.23042432e-11,0.00186331217,,401,360
2737,4.8172493,0.427293427,0.000257490549,0.427293427,0,0.00727774162,0.0219562893,7.36682034e-12,0.00165379989,17000,401,2471
2738,6.82985306,0.170368158,0.000424560105,0.170368158,0,0.00416913165,0.00925777822,2.00279203e-11,0.00222721604,,401,1366
2739,0.724887967,0.839978563,0.000188779234,0.839978563,0,0.0321445849,0.0560085602,3.95973324e-12,6.49276497e-05,,401,2683
2740,4.73765326,0.437798802,0.000388230164,0.437798802,0,0.00744956838,0.0225036358,1.67469623e-11,0.00157093405,14800,401,1627
2741,2.28511167,0.733200909,0.000343882906,0.733200909,0,0.01759748,0.040091769,1.31394948e-11,0.000305239555,13400,401,2033
2742,3.54709148,0.591222409,0.000338174629,0.591222409,0,0.0111045589,0.0308306355,1.27068977e-11,0.00073722009,,401,2077
2743,1.94872916,0.764289137,0.000253272316,0.764289137,0,0.0200892721,0.0426468717,7.12742956e-12,0.000252031379,,401,2486
2744,5.43430996,0.345893078,0.000481377239,0.345893078,0,0.00633504278,0.0177034277,2.57471163e-11,0.00190209284,,401,879
2745,0.119437434,0.851341916,0.000663302757,0.851341916,0,0.041496737,0.0716257916,4.88856164e-11,7.80613481e-06,,401,166
2746,5.69287872,0.312082184,0.000326059751,0.312082184,0,0.00575066298,0.0160505735,1.18127735e-11,0.00200748236,,401,2170
2747,9.58121967,0.177272988,0.000872134529,0.177272988,0,0.00613863776,0.0105147294,8.45131818e-11,0.0023876544,,401,52
2748,0.841899812,0.835658963,0.000203665991,0.835658963,0,0.0307953523,0.0540084019,4.60887064e-12,7.16023218e-05,,401,2646
2749,9.70153332,0.188306932,0.000691214826,0.188306932,0,0.00656690288,0.0112751536,5.30864373e-11,0.0025354475,,401,151
2750,2.32461119,0.729317891,0.000307695672,0.729317891,0,0.0173272632,0.0397955964,1.05196251e-11,0.000312260075,13400,401,2274
2751,1.585729,0.793363347,0.000304100608,0.793363347,0,0.0229167921,0.0456844796,1.02752422e-11,0.000186403457,13350,401,2293
2752,8.39837074,0.0800064077,0.000540355834,0.0800064077,0,0.00444178865,0.00625484044,3.24427142e-11,0.00204166293,,401,346
2753,6.49719667,0.210077028,0.000440350871,0.210077028,0,0.0044935442,0.0110957216,2.15454322e-11,0.00239782482,,401,1214
2754,4.94969845,0.409797733,0.000165099625,0.409797733,0,0.00710919352,0.021017865,3.02865403e-12,0.0017619765,,401,2747
2755,2.33142924,0.728643044,0.000300642049,0.728643044,0,0.0172816256,0.0397443124,1.00428491e-11,0.00031341003,13400,401,2317
2756,2.24723935,0.73688043,0.000370312863,0.73688043,0,0.0178653346,0.0403744526,1.52368463e-11,0.000298724945,14050,401,1776
2757,3.33993101,0.61655783,0.000131417999,0.61655783,0,0.0119348131,0.032318239,1.91896562e-12,0.000656647605,,401,2857
2758,0.367615134,0.848967198,0.000315446176,0.848967198,0,0.0369642824,0.0638121175,1.10562544e-11,8.04747197e-05,,401,2235
2759,6.98599386,0.152567987,0.000359141634,0.152567987,0,0.00399884132,0.00849285013,1.43314126e-11,0.00211735359,,401,1891
2760,4.77555895,0.432796966,0.000328501656,0.432796966,0,0.00736166505,0.0222443396,1.19903709e-11,0.00161186703,14800,401,2146
2761,5.76665401,0.302498046,0.000398267323,0.302498046,0,0.00564166217,0.0155709787,1.76240956e-11,0.00205573213,,401,1537
2762,2.35219622,0.72657916,0.00027761365,0.72657916,0,0.0171444404,0.0395878108,8.56325984e-12,0.000316892914,13800,401,2403
2763,6.84054899,0.16912896,0.000417969914,0.16912896,0,0.0041552463,0.00920363538,1.94109832e-11,0.00221966998,,401,1406
2764,6.34973288,0.228263755,0.0003530327,0.228263755,0,0.00458527716,0.0119869613,1.38480097e-11,0.00240707926,,401,1934
2765,4.46694374,0.473418063,0.000500092522,0.473418063,0,0.00814852608,0.0243588261,2.7788059e-11,0.00124386314,,401,697
2766,9.06523323,0.130303119,0.000451365278,0.130303119,0,0.00524621973,0.00875512775,2.26367349e-11,0.00202098999,,401,1105
2767,0.261685133,0.850378648,0.0005132451,0.850378648,0,0.0387841928,0.0667660777,2.92689481e-11,4.87267966e-05,,401,593
2768,6.38238287,0.224211724,0.00036606727,0.224211724,0,0.00455966402,0.0117881915,1.48894718e-11,0.00240946978,,401,1817
2769,9.20021534,0.142410262,0.000529058064,0.142410262,0,0.00553565939,0.00917984389,3.11002706e-11,0.00206700135,,401,460
2770,8.1393404,0.0719380747,0.000474370839,0.0719380747,0,0.00402401148,0.00594686688,2.5003077e-11,0.00200689518,,401,929
2771,1.13406968,0.822023493,0.00029457676,0.822023493,0,0.0275533798,0.0500149188,9.64171859e-12,0.000126134386,,401,2340
2772,4.46157885,0.474121614,0.000495918674,0.474121614,0,0.00816119984,0.024396378,2.73261479e-11,0.00123742325,,401,729
2773,1.73561585,0.781966702,0.000125641262,0.781966702,0,0.0216762334,0.04440488,1.75396964e-12,0.000216272879,13900,401,2880
2774,2.4377389,0.717949158,0.0001648646,0.717949158,0,0.0166076243,0.0389388746,3.02003735e-12,0.000330337928,14800,401,2749
2775,0.327356994,0.849572541,0.000457597149,0.849572541,0,0.0376536334,0.0648766036,2.32661278e-11,6.82779492e-05,,401,1060
2776,0.263737887,0.850356921,0.000515413686,0.850356921,0,0.0387485565,0.0667039828,2.95168075e-11,4.91916858e-05,,401,577
2777,3.67645979,0.575120071,0.000470058322,0.575120071,0,0.0105967908,0.0299148912,2.45505362e-11,0.00077162273,,401,962
2778,1.76327181,0.77976806,9.46078509e-05,0.77976806,0,0.0214622582,0.0441720271,9.94516162e-13,0.000221677484,13900,401,2947
2779,9.21242809,0.143516264,0.000540252931,0.143516264,0,0.00556240542,0.00921511834,3.24303589e-11,0.00207270112,,401,348
2780,9.43556976,0.163896903,0.000799922783,0.163896903,0,0.00593249244,0.00989611534,7.10973843e-11,0.00223385134,,401,106
2781,4.08910608,0.522606388,0.000194929528,0.522606388,0,0.0090044047,0.0270599734,4.22194677e-12,0.00090561394,,401,2669
2782,9.88270378,0.204830206,0.000705062396,0.204830206,0,0.00878866343,0.0130427332,5.52347758e-11,0.00277617793,,401,145
2783,5.29906321,0.363681541,0.000569313111,0.363681541,0,0.00666270517,0.0185829828,3.60130465e-11,0.00187839874,,401,224
2784,5.85422993,0.291165605,0.000483691826,0.291165605,0,0.00551011971,0.0150070201,2.59953092e-11,0.00212093238,17250,401,858
2785,7.98880291,0.0726914324,0.000375950316,0.0726914324,0,0.00393354862,0.00591782177,1.57042933e-11,0.00196881609,,401,1723
2786,3.03471041,0.652686932,0.000425604128,0.652686932,0,0.013456651,0.0344732736,2.01265415e-11,0.000489528838,,401,1356
2787,0.484828919,0.846728587,0.000239014842,0.846728587,0,0.0352223847,0.0609185487,6.34756608e-12,8.79469592e-05,,401,2554
2788,1.62061334,0.790790554,0.000270591666,0.790790554,0,0.0226145623,0.0453838165,8.13553888e-12,0.000193093157,13800,401,2425
2789,8.92777824,0.118296413,0.0004363869,0.118296413,0,0.00508667552,0.00819279425,2.11592807e-11,0.00200625502,,401,1278
2790,5.21726084,0.374464026,0.000547119943,0.374464026,0,0.00682012829,0.0191323975,3.32600258e-11,0.00186555466,,401,307
2791,2.44482398,0.717225334,0.000154472273,0.717225334,0,0.0165653051,0.0388847789,2.65129814e-12,0.00033126548,14800,401,2779
2792,9.88650131,0.205174724,0.000743990252,0.205174724,0,0.00887782945,0.0130814393,6.15023884e-11,0.00278175042,,401,130
2793,3.94545722,0.541061024,0.000404043452,0.541061024,0,0.00950586936,0.0280579733,1.81390124e-11,0.000841876965,,401,1501
2794,2.35908103,0.725892291,0.000269573712,0.725892291,0,0.0170995504,0.0395358406,8.07444292e-12,0.000317964546,13800,401,2432
2795,0.739306331,0.839482355,0.000157306172,0.839482355,0,0.0319664083,0.0557538117,2.74947018e-12,6.58751459e-05,17750,401,2769
2796,3.55783367,0.589893056,0.000351851488,0.589893056,0,0.0110628752,0.0307539703,1.37554966e-11,0.000740533404,,401,1952
2797,5.99723864,0.272779339,0.000530163471,0.272779339,0,0.0052421346,0.0141121237,3.12303674e-11,0.00223303224,,401,448
2798,3.220752,0.630849272,0.000254826274,0.630849272,0,0.0124907471,0.03316316,7.21515888e-12,0.000594216196,,401,2483
2799,4.03231287,0.529921856,0.000284585831,0.529921856,0,0.00918634179,0.0274579861,8.99878834e-12,0.000876885546,,401,2376
2800,7.62515354,0.0905971577,0.000450237346,0.0905971577,0,0.00415038854,0.0062037954,2.25237409e-11,0.00188786452,,401,1115
2801,4.19235182,0.509248134,0.00012164969,0.509248134,0,0.00873756834,0.026322248,1.64429411e-12,0.00097204681,,401,2890
2802,4.29544401,0.495842545,0.000275584047,0.495842545,0,0.0085219084,0.0255774626,8.43850743e-12,0.00105894438,,401,2407
2803,5.00850201,0.402028078,0.000256618061,0.402028078,0,0.00706331031,0.0205952994,7.31698105e-12,0.00179697684,,401,2475
2804,3.13670254,0.640789855,0.000350417282,0.640789855,0,0.0129177943,0.0337542935,1.36435857e-11,0.000546816698,,401,1975
2805,4.4597311,0.474363927,0.000494475384,0.474363927,0,0.00816555216,0.0244093205,2.71673228e-11,0.00123544338,,401,748
2806,7.62863779,0.0903396782,0.000447555229,0.0903396782,0,0.00414916751,0.00619737606,2.2256187e-11,0.0018886134,,401,1135
2807,1.86694717,0.771269778,0.000143479255,0.771269778,0,0.0206914406,0.043308059,2.28736628e-12,0.000239802091,19400,401,2819
2808,1.79140532,0.777501681,7.88815013e-05,0.777501681,0,0.0212492166,0.0439358299,6.91365695e-13,0.000226861028,13900,401,2972
2809,2.54213715,0.707147231,3.56815673e-05,0.707147231,0,0.0160196432,0.0381353543,1.41463805e-13,0.000344502435,16200,401,2999
2810,1.61081004,0.791518519,0.000280741875,0.791518519,0,0.022698504,0.0454681681,8.75733335e-12,0.00019112067,13650,401,2393
2811,6.52339649,0.206878367,0.000456562441,0.206878367,0,0.00447876183,0.0109406182,2.31610291e-11,0.00239070149,,401,1067
2812,5.31749964,0.361253635,0.000565642471,0.361253635,0,0.00662231378,0.018461103,3.55501561e-11,0.00188139999,,401,239
2813,6.46362925,0.21418993,0.000417690958,0.21418993,0,0.00451151559,0.0112963421,1.93850819e-11,0.00240441378,,401,1408
2814,2.14145303,0.746924811,0.00039505357,0.746924811,0,0.0186451344,0.0411634856,1.73408137e-11,0.000280635682,12050,401,1566
2815,6.99233007,0.151859946,0.000359113945,0.151859946,0,0.00399440802,0.00846284059,1.43292028e-11,0.0021128974,,401,1892
2816,4.36288357,0.487041271,0.000382661057,0.487041271,0,0.00838162611,0.0250940455,1.62699428e-11,0.00112609777,,401,1667
2817,3.4768579,0.599877365,0.000242709276,0.599877365,0,0.0113772866,0.0313340327,6.54531028e-12,0.000714228008,,401,2531
2818,7.75935221,0.0817149399,0.000352041224,0.0817149399,0,0.00407482205,0.00601138176,1.37703359e-11,0.00190887013,,401,1948
2819,9.0340147,0.127541684,0.000443631223,0.127541684,0,0.00519426569,0.00864037018,2.18676291e-11,0.00201494912,,401,1166
2820,6.11802053,0.25738402,0.000467245471,0.25738402,0,0.00496955022,0.0133818965,2.42575922e-11,0.0023184098,,401,989
2821,8.42531109,0.081407139,0.000538013895,0.081407139,0,0.00448837483,0.00631377865,3.21621057e-11,0.00204214831,,401,369
2822,8.71230984,0.100630361,0.000469198484,0.100630361,0,0.00490391111,0.00724790086,2.44608019e-11,0.00202165484,,401,971
2823,7.78327894,0.0803791814,0.000340424967,0.0803791814,0,0.00405693136,0.00598875135,1.28765731e-11,0.00191429926,,401,2061
2824,2.63364744,0.697448079,0.000155584931,0.697448079,0,0.0155503301,0.0374266018,2.68963009e-12,0.000356847793,19100,401,2777
2825,2.97145653,0.659968312,0.000442653392,0.659968312,0,0.0137946854,0.0349231023,2.17713362e-11,0.000456802379,,401,1181
2826,8.98410511,0.123166161,0.000437138314,0.123166161,0,0.00513460335,0.00843816315,2.12322117e-11,0.00200911476,,401,1266
2827,9.84113503,0.201051761,0.000382484352,0.201051761,0,0.00791404166,0.0126358445,1.625492e-11,0.00271854984,,401,1671
2828,1.53035986,0.797345278,0.000340213401,0.797345278,0,0.0234203348,0.0461633969,1.28605731e-11,0.000177067154,13300,401,2063
2829,3.11632204,0.643181938,0.000369754479,0.643181938,0,0.0130242033,0.0338976008,1.51909305e-11,0.000534925866,,401,1781
2830,9.68102551,0.186428513,0.00074412243,0.186428513,0,0.00647025532,0.0111176114,6.15242435e-11,0.00250880768,,401,129
2831,7.68098879,0.0866337013,0.000406278142,0.0866337013,0,0.00412553176,0.00611004042,1.83402143e-11,0.00189494719,,401,1484
2832,1.71509707,0.783578919,0.000152213351,0.783578919,0,0.021837905,0.0445781557,2.57432271e-12,0.000212129716,13900,401,2784
2833,2.11602354,0.749286665,0.000389726411,0.749286665,0,0.0188362369,0.0413545762,1.68762972e-11,0.000276528546,,401,1616
2834,7.78519964,0.080275547,0.00033909145,0.080275547,0,0.00405547597,0.00598707177,1.27758901e-11,0.00191458449,,401,2070
2835,2.4999361,0.711548378,7.35309348e-05,0.711548378,0,0.0162474702,0.0384620923,6.00755374e-13,0.000339088439,16150,401,2977
2836,6.8676033,0.166006375,0.000401052466,0.166006375,0,0.0041207854,0.00906790347,1.78714534e-11,0.00220130788,,401,1519
2837,3.30337548,0.620964859,0.000157279327,0.620964859,0,0.0120976435,0.0325787952,2.74853185e-12,0.000638385998,,401,2770
2838,7.12050152,0.137818386,0.000414612312,0.137818386,0,0.00396525948,0.00787209444,1.91003743e-11,0.00202835795,,401,1426
2839,4.41168308,0.480658517,0.000447083326,0.480658517,0,0.00827550727,0.0247474747,2.22092778e-11,0.0011795853,,401,1140
2840,2.55762005,0.705520953,4.61316466e-05,0.705520953,0,0.0159390714,0.0380149614,2.36458757e-13,0.000346518396,16200,401,2989
2841,8.31893063,0.0764239083,0.00053840243,0.0764239083,0,0.00430375341,0.00611147231,3.22085752e-11,0.00203593786,,401,367
2842,2.20218349,0.741200964,0.00038996948,0.741200964,0,0.0181931617,0.0407099759,1.6897355e-11,0.000290853949,14050,401,1613
2843,0.682058036,0.841392764,0.000287885745,0.841392764,0,0.0326849645,0.0567854262,9.20868914e-12,6.26765198e-05,,401,2364
2844,4.08406973,0.523256064,0.000202520509,0.523256064,0,0.0090195712,0.0270954772,4.55717294e-12,0.000902623103,,401,2650
2845,6.422153,0.219294551,0.000389319676,0.219294551,0,0.00453433262,0.0115466129,1.684109e-11,0.00240893581,,401,1620
2846,1.89465892,0.768931264,0.000181466265,0.768931264,0,0.0204879719,0.0430816611,3.6588895e-12,0.000244132247,,401,2700
2847,9.11735344,0.134949134,0.000472029324,0.134949134,0,0.00535170416,0.00892955281,2.47568537e-11,0.00203499985,,401,948
2848,7.35689926,0.11368966,0.000551768707,0.11368966,0,0.00410209476,0.00692107743,3.3827634e-11,0.00191557054,,401,288
2849,5.64100409,0.318839699,0.000301681934,0.318839699,0,0.00583897285,0.0163866088,1.01124433e-11,0.00197765626,,401,2310
2850,6.96153975,0.155311907,0.000361189133,0.155311907,0,0.00401834769,0.00860936426,1.44952878e-11,0.00213462255,,401,1862
2851,0.857281208,0.835041842,0.000233550395,0.835041842,0,0.03062696,0.0537603999,6.06064301e-12,7.25173556e-05,,401,2566
2852,8.35203362,0.0778119482,0.000540920047,0.0778119482,0,0.00436116367,0.0061656894,3.25104997e-11,0.00203918877,,401,339
2853,2.1184442,0.749062726,0.000390330372,0.749062726,0,0.0188180256,0.0413363428,1.69286443e-11,0.00027685699,,401,1610
2854,4.3238163,0.492142688,0.000322620807,0.492142688,0,0.00846350762,0.0253735265,1.15649094e-11,0.00108611869,,401,2201
2855,0.956473529,0.830790802,0.000363345549,0.830790802,0,0.0295373794,0.0522670692,1.46688875e-11,8.34576076e-05,,401,1843
2856,2.92720771,0.665015838,0.000439870171,0.665015838,0,0.0140305747,0.0352405919,2.14984186e-11,0.000436453029,,401,1221
2857,0.0540624298,0.851420021,0.000238793085,0.851420021,0,0.0430884243,0.0744370057,6.33579305e-12,3.73757311e-05,16000,401,2555
2858,2.76342988,0.683346238,0.00032964441,0.683346238,0,0.0148881883,0.036442013,1.20739375e-11,0.000380983075,,401,2137
2859,2.6523695,0.695438324,0.000183586394,0.695438324,0,0.0154552032,0.0372828711,3.7448849e-12,0.000359622835,,401,2695
2860,5.18136024,0.379200216,0.000518360695,0.379200216,0,0.0068772528,0.0193780507,2.98553122e-11,0.00185822168,,401,555
2861,3.60035515,0.584617077,0.00040196126,0.584617077,0,0.0108973022,0.0304515491,1.79525394e-11,0.000752367458,,401,1511
2862,8.26992321,0.0746677683,0.000529159513,0.0746677683,0,0.00422034011,0.00604556165,3.11121989e-11,0.00203043853,,401,457
2863,0.660589278,0.842067619,0.000332067672,0.842067619,0,0.0329595132,0.0571881327,1.22521043e-11,6.24196382e-05,,401,2119
2864,5.37061453,0.354263776,0.000539623839,0.354263776,0,0.00649734874,0.0181136854,3.23548764e-11,0.00188974179,,401,355
2865,3.23449779,0.62921244,0.000237745981,0.62921244,0,0.0124232243,0.0330662754,6.28035014e-12,0.000601885559,,401,2558
2866,6.58140612,0.199835172,0.000483549969,0.199835172,0,0.00444092517,0.0106027579,2.59800637e-11,0.00237048132,,401,859
2867,0.843476892,0.83559617,0.000206756434,0.83559617,0,0.0307780783,0.0539827696,4.74980255e-12,7.17303607e-05,,401,2635
2868,8.86534882,0.1130004,0.000440894761,0.1130004,0,0.00503993982,0.00791295439,2.15986878e-11,0.00200752822,,401,1206
2869,4.30536318,0.49454954,0.0002921945,0.49454954,0,0.00850155798,0.0255060824,9.4864029e-12,0.00106825025,,401,2346
2870,1.70545459,0.784331085,0.000165226256,0.784331085,0,0.0219147157,0.044659778,3.03330173e-12,0.00021018299,13900,401,2746
2871,0.931654215,0.831898422,0.000343526195,0.831898422,0,0.0298113487,0.0526235915,1.31122497e-11,7.95909092e-05,,401,2038
2872,9.28431702,0.150051819,0.00061617618,0.150051819,0,0.00570969504,0.00942064426,4.21858983e-11,0.00211403634,,401,194
2873,7.20853567,0.128527641,0.000480005652,0.128527641,0,0.00400310246,0.0074904574,2.56006029e-11,0.00197758518,,401,887
2874,0.811889529,0.836830111,0.000146525731,0.836830111,0,0.0311253745,0.0545044795,2.38553219e-12,7.00667002e-05,,401,2807
2875,7.32603931,0.116679158,0.000543788628,0.116679158,0,0.00408216403,0.00703039068,3.28562302e-11,0.00192580474,,401,319
2876,0.511501551,0.846121215,0.000315867239,0.846121215,0,0.0348793658,0.0602957255,1.10857903e-11,8.38004504e-05,,401,2232
2877,7.11595583,0.138306583,0.000411556306,0.138306583,0,0.00396435451,0.00789244149,1.88198437e-11,0.00203050033,,401,1451
2878,2.88125944,0.670215473,0.000424324733,0.670215473,0,0.0142740193,0.0355732174,2.00057199e-11,0.000417648525,,401,1367
2879,7.61006737,0.0917270906,0.000461956446,0.0917270906,0,0.00415511741,0.00623249413,2.37115286e-11,0.00188698114,,401,1022
2880,7.53851509,0.0973965884,0.000511184238,0.0973965884,0,0.00416495482,0.00638798637,2.90343695e-11,0.00188568921,,401,608
2881,4.58949232,0.457319988,0.000527638553,0.457319988,0,0.00783903904,0.0235116258,3.09336047e-11,0.00139454971,,401,473
2882,2.25335813,0.736288848,0.000366556983,0.736288848,0,0.0178215321,0.040328843,1.49293357e-11,0.000299767869,14050,401,1812
2883,3.59869957,0.584822737,0.000400175785,0.584822737,0,0.0109037801,0.0304632795,1.77934066e-11,0.000751959257,,401,1527
2884,7.88500071,0.0756767177,0.000328262798,0.0756767177,0,0.00398061658,0.00592879359,1.19729405e-11,0.00194004935,16200,401,2149
2885,1.94042158,0.765009024,0.00024280581,0.765009024,0,0.0201507293,0.0427130738,6.55051793e-12,0.000250981299,,401,2529
2886,8.23097229,0.0735448178,0.000517339254,0.0735448178,0,0.00415659718,0.00600500241,2.97377671e-11,0.00202481702,,401,563
2887,5.91178226,0.283747474,0.00051954278,0.283747474,0,0.00541179642,0.0146425098,2.99916333e-11,0.00216624405,,401,546
2888,4.23045683,0.504300563,0.000168290305,0.504300563,0,0.00865573093,0.0260467201,3.14684742e-12,0.00100193721,,401,2739
2889,6.38917208,0.223370698,0.000369553251,0.223370698,0,0.00455494842,0.01174688,1.51744006e-11,0.00240988786,,401,1782
2890,7.23272753,0.126033,0.000496621396,0.126033,0,0.00401830387,0.00739055974,2.74036456e-11,0.00196556607,,401,725
2891,8.58449364,0.0912491777,0.000503487798,0.0912491777,0,0.00474298992,0.00676716864,2.81666625e-11,0.00203526743,,401,669
2892,3.03872633,0.652221975,0.000423741375,0.652221975,0,0.0134352282,0.0344448358,1.99507503e-11,0.000491578773,,401,1372
2893,5.48821735,0.338819953,0.000418219156,0.338819953,0,0.00619330456,0.017360137,1.94341402e-11,0.00191600416,,401,1405
2894,8.02416229,0.0721275596,0.000399380964,0.0721275596,0,0.0039342112,0.00592162908,1.77227949e-11,0.0019786538,,401,1531
2895,3.29842639,0.621560041,0.000162052341,0.621560041,0,0.0121202505,0.0326139664,2.91788459e-12,0.000635786895,,401,2756
2896,1.67353404,0.786794639,0.000207601673,0.786794639,0,0.0221728301,0.0449308955,4.78871717e-12,0.000203643179,14050,401,2633
2897,5.94284296,0.279754242,0.000529143517,0.279754242,0,0.00535337923,0.0144482159,3.11103179e-11,0.00219076796,,401,458
2898,9.07053661,0.130773927,0.000452922374,0.130773927,0,0.00525609966,0.00877373756,2.27931863e-11,0.00202188575,,401,1094
2899,9.7073698,0.188840932,0.00067381655,0.188840932,0,0.00659649252,0.0113226566,5.04476382e-11,0.00254204145,,401,160
2900,1.87627316,0.770485937,0.000155952564,0.770485937,0,0.020622994,0.0432316057,2.7023558e-12,0.000241225643,,401,2775
2901,3.2248292,0.630364062,0.00024985801,0.630364062,0,0.0124706422,0.033134431,6.93655838e-12,0.000596599125,,401,2503
2902,4.07738686,0.524117879,0.000213163493,0.524117879,0,0.00904001456,0.0271425204,5.04874163e-12,0.000899163557,,401,2621
2903,6.90528393,0.16168831,0.000380564488,0.16168831,0,0.00407553652,0.00888173359,1.60921477e-11,0.00217478092,,401,1686
2904,9.13504887,0.136535592,0.000481711559,0.136535592,0,0.00539042404,0.0089851912,2.57828918e-11,0.00204033928,,401,875
2905,0.267515033,0.850316215,0.000518857878,0.850316215,0,0.0386831351,0.0665902152,2.99126109e-11,5.00972031e-05,,401,552
2906,8.91379452,0.117099996,0.000436974797,0.117099996,0,0.0050760067,0.00813045729,2.12163304e-11,0.00200624929,,401,1267
2907,0.348687977,0.849262215,0.000389269416,0.849262215,0,0.0372869718,0.0643048711,1.6836742e-11,7.50937662e-05,,401,1621
2908,5.62387609,0.321074071,0.000301785425,0.321074071,0,0.00587177629,0.016496889,1.01193825e-11,0.00196892062,,401,2307
2909,3.92729211,0.54338271,0.000424043185,0.54338271,0,0.00957747694,0.0281825676,1.99791803e-11,0.00083568022,,401,1370
2910,6.37627125,0.224969027,0.00036316943,0.224969027,0,0.00456406464,0.0118253823,1.46546705e-11,0.00240957817,,401,1844
2911,3.3311038,0.617623865,0.000135633899,0.617623865,0,0.0119734531,0.0323812902,2.04406162e-12,0.00065215595,,401,2842
2912,0.747254074,0.839204456,0.000141976087,0.839204456,0,0.0318694483,0.0556145418,2.23968992e-12,6.64011798e-05,16150,401,2823
2913,1.7372098,0.781840754,0.000123732202,0.781840754,0,0.0216637775,0.0443914379,1.70107309e-12,0.000216625178,13900,401,2885
2914,1.15193951,0.821060551,0.000278927658,0.821060551,0,0.0273540159,0.0498131842,8.64451535e-12,0.000130284959,,401,2396
2915,0.8859483,0.833861432,0.000283991313,0.833861432,0,0.0303132295,0.05330994,8.96122951e-12,7.4465293e-05,,401,2380
2916,3.242764,0.62822654,0.000227431246,0.62822654,0,0.0123829879,0.033007959,5.74721905e-12,0.000606464803,,401,2578
2917,9.57049179,0.176288057,0.000875240688,0.176288057,0,0.00611540132,0.0104612893,8.51162512e-11,0.0023757966,,401,45
2918,9.48888779,0.168792884,0.000849082084,0.168792884,0,0.00598949732,0.0100998176,8.01044873e-11,0.00228628549,,401,76
2919,6.41731405,0.219891636,0.000386165918,0.219891636,0,0.00453717044,0.0115759375,1.65693463e-11,0.00240943282,,401,1642
2920,3.28463912,0.623215653,0.000176951179,0.623215653,0,0.012183915,0.0327117948,3.47907996e-12,0.000628735318,,401,2716
2921,8.89594269,0.115581068,0.000438196401,0.115581068,0,0.00506270046,0.00805047638,2.13351206e-11,0.00200634323,,401,1248
2922,8.07526779,0.0717323184,0.000434132518,0.0717323184,0,0.00395839476,0.00592966628,2.0941227e-11,0.00199157505,,401,1304
2923,4.96397734,0.40791111,0.000183342352,0.40791111,0,0.00709775886,0.0209151838,3.73493532e-12,0.00177131341,,401,2697
2924,8.95043278,0.120245283,0.000435785573,0.120245283,0,0.00510467635,0.00829282009,2.11010073e-11,0.00200710841,,401,1294
2925,3.07882404,0.647564122,0.000400020819,0.647564122,0,0.0132219184,0.034161634,1.77796284e-11,0.000513793273,,401,1529
2926,2.76739836,0.682908769,0.000333969829,0.682908769,0,0.0148677495,0.0364123529,1.23928719e-11,0.000381777208,,401,2105
2927,0.449809164,0.847471079,0.000123292909,0.847471079,0,0.035685253,0.0617644318,1.6890157e-12,9.06882299e-05,16650,401,2886
2928,5.88490391,0.287209044,0.000505314368,0.287209044,0,0.00545923906,0.014812056,2.83714012e-11,0.00214491353,,401,646
2929,4.77953863,0.432271858,0.000321957973,0.432271858,0,0.00735303772,0.0222169902,1.15174374e-11,0.00161603939,14800,401,2207
2930,6.50012493,0.209718843,0.000442286344,0.209718843,0,0.00449192941,0.0110783078,2.17352455e-11,0.00239702428,,401,1191
2931,7.20433855,0.128962984,0.000477127447,0.128962984,0,0.0040006174,0.00750803333,2.52945112e-11,0.00197990802,,401,910
2932,9.64548492,0.183170892,0.000813014812,0.183170892,0,0.00632668003,0.0108761015,7.3443676e-11,0.00246490403,,401,99
2933,9.32679558,0.153930013,0.000667868582,0.153930013,0,0.00578513273,0.00954446708,4.95609381e-11,0.00214286753,,401,163
2934,9.64966583,0.183554206,0.000806325308,0.183554206,0,0.00634210006,0.0109026433,7.22400559e-11,0.00246982252,,401,102
2935,8.4218359,0.0812215375,0.000538258952,0.0812215375,0,0.00448238329,0.00630588801,3.21914111e-11,0.00204196197,,401,368
2936,7.7423048,0.0827159423,0.00036233579,0.0827159423,0,0.00408704201,0.00602961644,1.45874694e-11,0.00190582579,,401,1852
2937,5.55335855,0.330288536,0.000343867293,0.330288536,0,0.00602776141,0.016947036,1.31383017e-11,0.00193761255,,401,2034
2938,2.4363718,0.718088749,0.000166770235,0.718088749,0,0.0166158267,0.0389493111,3.09025681e-12,0.000330180173,14800,401,2742
2939,1.54490805,0.796311198,0.000332992808,0.796311198,0,0.0232850107,0.0460373776,1.23204678e-11,0.000179356415,13300,401,2113
2940,0.0392572172,0.851405463,0.000216548244,0.851405463,0,0.043665882,0.0750722814,5.2103491e-12,3.77234059e-05,,401,2610
2941,9.18434811,0.140975882,0.000515901505,0.140975882,0,0.00550049693,0.00913359625,2.95727069e-11,0.00205980873,,401,573
2942,7.10509777,0.139475632,0.000403926228,0.139475632,0,0.00396274184,0.00794125393,1.81284887e-11,0.0020377969,,401,1502
2943,2.84715676,0.674046393,0.000404800286,0.674046393,0,0.0144533632,0.0358222373,1.82070302e-11,0.000405055039,,401,1496
2944,2.56761289,0.704468188,5.7890468e-05,0.704468188,0,0.0158874923,0.0379372989,3.72367366e-13,0.000347905389,18200,401,2983
2945,3.16412902,0.637559169,0.000321964251,0.637559169,0,0.0127761236,0.0335615047,1.15178865e-11,0.00056225614,,401,2206
2946,9.77228451,0.194775718,0.000439087634,0.194775718,0,0.00701401045,0.0119340518,2.14219945e-11,0.0026261365,,401,1235
2947,9.13947868,0.136933163,0.000484347465,0.136933163,0,0.00540024025,0.00899887852,2.60658297e-11,0.00204202594,,401,849
2948,8.64537907,0.095585446,0.000486516324,0.095585446,0,0.00482536413,0.00698485136,2.62997926e-11,0.0020294124,,401,831
2949,7.04654169,0.145853379,0.000371637852,0.145853379,0,0.00396781643,0.00820904254,1.5346077e-11,0.00207558875,,401,1765
2950,9.16252136,0.139006098,0.000499394504,0.139006098,0,0.00545168237,0.00906888805,2.77105412e-11,0.00205057217,,401,704
2951,0.924619019,0.832206939,0.000336333653,0.832206939,0,0.029888808,0.0527266982,1.25689252e-11,7.85384746e-05,,401,2087
2952,0.112660617,0.851360746,0.000675674657,0.851360746,0,0.0416405064,0.0718967955,5.07262491e-11,9.18097076e-06,,401,159
2953,6.77987099,0.176194367,0.000454523173,0.176194367,0,0.00423417404,0.00951474077,2.29545905e-11,0.00226130814,,401,1082
2954,1.44145536,0.80347304,0.000348850262,0.80347304,0,0.0242847356,0.0469436047,1.35218339e-11,0.00016603956,,401,1992
2955,6.24073172,0.241887966,0.000371199002,0.241887966,0,0.00472028608,0.0126477551,1.53098555e-11,0.00238030721,,401,1770
2956,9.8727026,0.203921642,0.000608865571,0.203921642,0,0.00856094249,0.0129422888,4.11908093e-11,0.00276196349,,401,197
2957,5.26025629,0.368794886,0.000566715597,0.368794886,0,0.00674199395,0.0188418429,3.56851742e-11,0.00187266903,,401,235
2958,2.90886092,0.667097161,0.000435249192,0.667097161,0,0.0141280113,0.0353730206,2.10490955e-11,0.000428611552,,401,1297
2959,0.491565466,0.846578569,0.000260188891,0.846578569,0,0.0351353816,0.0607593219,7.52202875e-12,8.70502986e-05,,401,2464
2960,8.73122311,0.102101692,0.000464630108,0.102101692,0,0.00492377062,0.00732611347,2.3986793e-11,0.00201957073,,401,1007
2961,9.0015049,0.124685821,0.000438517112,0.124685821,0,0.00515260973,0.0085109476,2.1366362e-11,0.00201073538,,401,1240
2962,3.56139135,0.58945241,0.000356422549,0.58945241,0,0.0110490711,0.0307285961,1.4115226e-11,0.000741765374,,401,1909
2963,2.8663218,0.67189657,0.000416719035,0.67189657,0,0.0143527334,0.0356820608,1.92949727e-11,0.000411881847,,401,1414
2964,1.05833244,0.825941628,0.000357241042,0.825941628,0,0.0284020212,0.0509160514,1.41801291e-11,0.000106848452,,401,1904
2965,1.02083385,0.827783305,0.000374060795,0.827783305,0,0.0288217264,0.0513933637,1.55468309e-11,9.71864486e-05,,401,1744
2966,0.1761951,0.85108703,0.000440619999,0.85108703,0,0.0403474946,0.069530269,2.1571776e-11,2.96373665e-05,,401,1211
2967,5.56690407,0.328516458,0.000331167247,0.328516458,0,0.00599541572,0.0168609557,1.21857495e-11,0.00194310265,,401,2126
2968,2.0197885,0.758032541,0.000330909536,0.758032541,0,0.0195600652,0.042089065,1.21667912e-11,0.000262094767,,401,2129
2969,2.78073335,0.681436821,0.000348177672,0.681436821,0,0.014798959,0.0363129188,1.34697434e-11,0.000385071142,,401,2001
2970,2.33537674,0.728251686,0.000296404462,0.728251686,0,0.0172553379,0.0397145976,9.76173388e-12,0.000314080574,13400,401,2335
2971,9.51568794,0.17125444,0.000865780086,0.17125444,0,0.00602309032,0.0102109174,8.32861287e-11,0.00231459661,,401,60
2972,4.83716822,0.424663126,0.000224047214,0.424663126,0,0.00724280663,0.0218174653,5.57746158e-12,0.00167272895,,401,2589
2973,7.15393019,0.13425313,0.000439486139,0.13425313,0,0.00397546907,0.00772421241,2.14608963e-11,0.00200820319,,401,1226
2974,7.13464308,0.136304913,0.000425101381,0.136304913,0,0.00396882139,0.0078091518,2.00790204e-11,0.00201947714,,401,1360
2975,0.495395929,0.846492214,0.000271622771,0.846492214,0,0.0350860546,0.0606693529,8.19765887e-12,8.65496454e-05,,401,2421
2976,2.21403456,0.740070617,0.000386074066,0.740070617,0,0.0181061281,0.0406217354,1.6561465e-11,0.000292918267,14050,401,1644
2977,5.64616442,0.318166783,0.000302594265,0.318166783,0,0.00582946926,0.0163533041,1.01736988e-11,0.00198065406,,401,2302
2978,9.25866699,0.147715454,0.000587022929,0.147715454,0,0.00565958919,0.00934727533,3.82884355e-11,0.00209815591,,401,208
2979,2.10859585,0.749972558,0.00038734286,0.749972558,0,0.018892164,0.0414105754,1.6670499e-11,0.000275468733,,401,1633
2980,5.08946991,0.391331934,0.00039800155,0.391331934,0,0.00699171343,0.0200188117,1.76005815e-11,0.00183239425,,401,1541
2981,7.48198938,0.102201683,0.000538961988,0.102201683,0,0.00415789884,0.00653304114,3.22755582e-11,0.00188958443,,401,363
2982,0.455441207,0.847355906,0.000140538453,0.847355906,0,0.0356089591,0.06162665,2.19456187e-12,9.05690483e-05,,401,2827
2983,0.766188681,0.838530019,0.000116001722,0.838530019,0,0.031643234,0.0552852909,1.49515551e-12,6.77012157e-05,15250,401,2904
2984,2.46283913,0.715378595,0.000127885007,0.715378595,0,0.0164591946,0.0387469783,1.81717499e-12,0.000333837789,14800,401,2874
2985,4.45011473,0.475624437,0.000486203595,0.475624437,0,0.00818802839,0.0244767444,2.62659929e-11,0.00122406255,,401,836
2986,7.8364377,0.0777164321,0.000325750227,0.0777164321,0,0.00401600629,0.00595039159,1.17903567e-11,0.00192758801,,401,2175
2987,9.97625351,0.213299028,0.00201010792,0.213299028,0,0.011399447,0.0141191957,4.48948206e-10,0.00292122937,,401,8
2988,5.19344425,0.377605932,0.000529510153,0.377605932,0,0.00685883616,0.0192950689,3.11534447e-11,0.00186095525,,401,454
2989,9.83683205,0.200660041,0.000363438125,0.200660041,0,0.00783519119,0.012594662,1.46763634e-11,0.0027126051,,401,1841
2990,7.76554871,0.0813613143,0.000348764912,0.0813613143,0,0.00407026514,0.00600518987,1.35152182e-11,0.00191036916,,401,1994
2991,3.53299069,0.592965231,0.000319522578,0.592965231,0,0.0111592319,0.0309314223,1.13438531e-11,0.000732818609,,401,2216
2992,5.41463757,0.348477047,0.000502039875,0.348477047,0,0.00638619547,0.0178294969,2.80048929e-11,0.00189784026,,401,682
2993,0.325206339,0.849602528,0.000463373385,0.849602528,0,0.0376906559,0.0649353143,2.38572105e-11,6.75726683e-05,,401,1015
2994,7.34015989,0.115304609,0.000547979947,0.115304609,0,0.00409148008,0.00697973402,3.33646692e-11,0.00192119951,,401,304
2995,7.36957216,0.112478389,0.000553713531,0.112478389,0,0.00410976245,0.00687768808,3.40665193e-11,0.00191193854,,401,277
2996,6.88407278,0.164114543,0.000391612067,0.164114543,0,0.00410048519,0.00898614827,1.70400012e-11,0.00218945611,,401,1597
2997,3.27325058,0.624581325,0.000189926772,0.624581325,0,0.0122372304,0.0327924873,4.00801984e-12,0.000622941883,,401,2680
2998,7.01597452,0.149228864,0.000362263855,0.149228864,0,0.00398024859,0.00835150878,1.45816778e-11,0.00209666755,,401,1854
2999,4.36566496,0.486677671,0.000386833241,0.486677671,0,0.00837570655,0.025074208,1.66266618e-11,0.00112924794,,401,1639
