iteration,loss
0,0.08677655458450317
1,0.07424221187829971
2,0.060760561376810074
3,0.05964066833257675
4,0.059981442987918854
5,0.05524615943431854
6,0.048054732382297516
7,0.04377318546175957
8,0.04650592803955078
9,0.04600599408149719
10,0.039667241275310516
11,0.03546326979994774
12,0.035098057240247726
13,0.0358053520321846
14,0.03493465110659599
15,0.03198191896080971
16,0.027753625065088272
17,0.026794947683811188
18,0.027743112295866013
19,0.02753099612891674
20,0.02517825923860073
21,0.02344895340502262
22,0.023894518613815308
23,0.02429439313709736
24,0.0228075310587883
25,0.02113994210958481
26,0.021186327561736107
27,0.02146909572184086
28,0.020266041159629822
29,0.018952278420329094
30,0.018843522295355797
31,0.01881006360054016
32,0.01785091869533062
33,0.016864202916622162
34,0.016642047092318535
35,0.016505761072039604
36,0.015810683369636536
37,0.01504366472363472
38,0.014740128070116043
39,0.01458403654396534
40,0.014110223390161991
41,0.013506838120520115
42,0.013165641576051712
43,0.012992230243980885
44,0.012653619050979614
45,0.012173516675829887
46,0.011833593249320984
47,0.011653320863842964
48,0.011385943740606308
49,0.011000707745552063
50,0.010713154450058937
51,0.010545449331402779
52,0.010309926234185696
53,0.009997122921049595
54,0.00976970698684454
55,0.009614949114620686
56,0.009390180930495262
57,0.00913583766669035
58,0.008963067084550858
59,0.00880822166800499
60,0.008594685234129429
61,0.008397559635341167
62,0.008258290588855743
63,0.008096283301711082
64,0.0079053845256567
65,0.007756175007671118
66,0.007623125333338976
67,0.007458701264113188
68,0.007307274732738733
69,0.00718643656000495
70,0.0070472895167768
71,0.006901921238750219
72,0.0067838029935956
73,0.006661554798483849
74,0.006526922341436148
75,0.006410878151655197
76,0.006297953426837921
77,0.006172080524265766
78,0.006057314574718475
79,0.005948884412646294
80,0.0058303712867200375
81,0.005717974156141281
82,0.005612426903098822
83,0.005499640479683876
84,0.005390563514083624
85,0.0052881669253110886
86,0.005181344226002693
87,0.005077235866338015
88,0.004979293793439865
89,0.004879038780927658
90,0.004781296942383051
91,0.004688978660851717
92,0.004595655482262373
93,0.004504697863012552
94,0.004418418277055025
95,0.004332034848630428
96,0.0042479801923036575
97,0.004167849197983742
98,0.004088056739419699
99,0.004010417498648167
100,0.003936000633984804
101,0.0038621192798018456
102,0.0037901904433965683
103,0.003720837412402034
104,0.0036520855501294136
105,0.0035851295106112957
106,0.003520245896652341
107,0.0034560004714876413
108,0.003393435850739479
109,0.0033325471449643373
110,0.0032723855692893267
111,0.0032138668466359377
112,0.003156741615384817
113,0.0031004580669105053
114,0.0029654086101800203
115,0.002914723940193653
116,0.0028649764135479927
117,0.0028166696429252625
118,0.0027694329619407654
119,0.0027231427375227213
120,0.002678156131878495
121,0.0026341185439378023
122,0.0025910180993378162
123,0.0025490473490208387
124,0.0025078828912228346
125,0.002467611338943243
126,0.0024282988160848618
127,0.0023897020146250725
128,0.002351955510675907
129,0.002315002493560314
130,0.002278704661875963
131,0.0022431884426623583
132,0.0022083395160734653
133,0.0021741283126175404
134,0.002140624215826392
135,0.002107702661305666
136,0.002075407188385725
137,0.0020437324419617653
138,0.0020126013550907373
139,0.001982067245990038
140,0.0019520701607689261
141,0.0019225941505283117
142,0.0018936637789011002
143,0.0018652176950126886
144,0.001837278134189546
145,0.0018098230939358473
146,0.00178282440174371
147,0.001756302430294454
148,0.001730219111777842
149,0.0017045821296051145
150,0.001679383683949709
151,0.0016546014230698347
152,0.0016302487347275019
153,0.0016063018701970577
154,0.001582763739861548
155,0.0015596274752169847
156,0.0015368779422715306
157,0.0015145211946219206
158,0.0014925404684618115
159,0.0014709363458678126
160,0.001449700677767396
161,0.00142882380168885
162,0.001408306648954749
163,0.0013881366467103362
164,0.0013683134457096457
165,0.0013488299446180463
166,0.0013296798570081592
167,0.0013108620187267661
168,0.001292368397116661
169,0.001274198410101235
170,0.0012563444906845689
171,0.0012388051254674792
172,0.0012215758906677365
173,0.0012046528281643987
174,0.0011880329111590981
175,0.0011717115994542837
176,0.0011556865647435188
177,0.0011399529175832868
178,0.0011245084460824728
179,0.001109348377212882
180,0.0010944702662527561
181,0.0010798705043271184
182,0.0010655452497303486
183,0.0010514925234019756
184,0.0010377069702371955
185,0.001024187309667468
186,0.0010109288850799203
187,0.000997929135337472
188,0.0009851844515651464
189,0.0009726918069645762
190,0.0009604479419067502
191,0.0009484491311013699
192,0.0009366925805807114
193,0.0009251742740161717
194,0.0009138913592323661
195,0.0009028398199006915
196,0.0008920170948840678
197,0.0008814187021926045
198,0.0008710421388968825
199,0.0008608837961219251
200,0.0008509397157467902
201,0.0008412071038037539
202,0.0008316819439642131
203,0.0008223613840527833
204,0.0008132414659485221
205,0.0008043190464377403
206,0.0007955908076837659
207,0.0007870531408116221
208,0.0007787023787386715
209,0.0007705356692895293
210,0.0007625491125509143
211,0.000754739623516798
212,0.0007471040007658303
213,0.000739638286177069
214,0.0007323396275751293
215,0.0007252049399539828
216,0.0007182307308539748
217,0.0007114136242307723
218,0.0007047505350783467
219,0.0006982386694289744
220,0.0006918746512383223
221,0.0006856552208773792
222,0.0006795776425860822
223,0.0006736386567354202
224,0.0006678356439806521
225,0.0006621655193157494
226,0.0006566254305653274
227,0.0006512123509310186
228,0.0006459237774834037
229,0.0006407569744624197
230,0.000635709089692682
231,0.0006307775620371103
232,0.0006259598885662854
233,0.000621253508143127
234,0.0006166555685922503
235,0.0006121641490608454
236,0.0006077762809582055
237,0.0006034901016391814
238,0.0005993031081743538
239,0.0005952129722572863
240,0.0005912174237892032
241,0.0005873144837096334
242,0.0005835019983351231
243,0.0005797774065285921
244,0.0005761391948908567
245,0.0005725852679461241
246,0.0005691134138032794
247,0.0005657219444401562
248,0.0005624087061733007
249,0.0005591721856035292
250,0.0005560101708397269
251,0.000552921206690371
252,0.0005499034887179732
253,0.0005469552706927061
254,0.0005440749228000641
255,0.0005412608734332025
256,0.0005385112599469721
257,0.0005358248599804938
258,0.000533199985511601
259,0.0005306352977640927
260,0.0005281289923004806
261,0.0005256801377981901
262,0.0005232869298197329
263,0.0005209480877965689
264,0.0005186623893678188
265,0.0005164284957572818
266,0.0005142451846040785
267,0.0005121112335473299
268,0.0005100250709801912
269,0.0005079859402030706
270,0.0005059925024397671
271,0.0005040435353294015
272,0.0005021381075493991
273,0.00050027493853122
274,0.0004984532715752721
275,0.0004966716514900327
276,0.0004949293797835708
277,0.0004932254669256508
278,0.0004915586323477328
279,0.0004899285268038511
280,0.0004883335786871612
281,0.00048677323502488434
282,0.00048524653539061546
283,0.00048375269398093224
284,0.0004822908085770905
285,0.0004808600642718375
286,0.0004794597043655813
287,0.0004780889430548996
288,0.0004767469654325396
289,0.00047543318942189217
290,0.00047414665459655225
291,0.000472886924399063
292,0.0004716530384030193
293,0.00047044456005096436
294,0.00046926067443564534
295,0.0004681009449996054
296,0.0004669646732509136
297,0.0004658510151784867
298,0.0004647596797440201
299,0.0004636899393517524
300,0.00046264147385954857
301,0.00046161338104866445
302,0.0004606053698807955
303,0.0004596168582793325
304,0.0004586474096868187
305,0.0004576964711304754
306,0.00045676357694901526
307,0.00045584834879264235
308,0.00045495014637708664
309,0.0004540686495602131
310,0.00045320342178456485
311,0.000452354084700346
312,0.0004515202308539301
313,0.0004507014527916908
314,0.00044989734306000173
315,0.00044910749420523643
316,0.00044833161518909037
317,0.0004475693858694285
318,0.00044682034058496356
319,0.0004460842756088823
320,0.0004453608416952193
321,0.00044464966049417853
322,0.00044395035365596414
323,0.00044326286297291517
324,0.0004425867518875748
325,0.0004419217293616384
326,0.00044126762077212334
327,0.00044062407687306404
328,0.00043999089393764734
329,0.00043936766451224685
330,0.0004387543594930321
331,0.00043815060053020716
332,0.0004375563294161111
333,0.00043697113869711757
334,0.0004363949119579047
335,0.00043582741636782885
336,0.00043526836088858545
337,0.0004347176291048527
338,0.0004341751046013087
339,0.0004336405254434794
340,0.00043311365880072117
341,0.00043259444646537304
342,0.00043208253919146955
343,0.0004315779951866716
344,0.0004310804943088442
345,0.0004305899783503264
346,0.00043010618537664413
347,0.00042962896986864507
348,0.00042915839003399014
349,0.00042869409662671387
350,0.00042823594412766397
351,0.00042778404895216227
352,0.000427337916335091
353,0.0004268978664185852
354,0.0004264633171260357
355,0.0004260345012880862
356,0.00042561101145111024
357,0.00042519308044575155
358,0.00042478032992221415
359,0.00042437261436134577
360,0.0004239701374899596
361,0.0004235725209582597
362,0.0004231799393892288
363,0.000422792014433071
364,0.0004224087460897863
365,0.00042203007615171373
366,0.00042165600461885333
367,0.000421286269556731
368,0.00042092090006917715
369,0.00042055977974087
370,0.00042020290857180953
371,0.0004198500537313521
372,0.00041950136073864996
373,0.0004191565967630595
374,0.0004188157035969198
375,0.0004184786812402308
376,0.0004181454423815012
377,0.00041781587060540915
378,0.0004174899368081242
379,0.0004171676409896463
380,0.0004168488085269928
381,0.0004165334685239941
382,0.00041622150456532836
383,0.0004159129748586565
384,0.0004156077338848263
385,0.00041530566522851586
386,0.0004150069144088775
387,0.0004147111903876066
388,0.0004144186095800251
389,0.00041412917198613286
390,0.0004138426738791168
391,0.0004135591152589768
392,0.0004132784088142216
393,0.0004130007291678339
394,0.0004127257561776787
395,0.0004124536644667387
396,0.00041218430851586163
397,0.00041191757190972567
398,0.00041165348375216126
399,0.00041139221866615117
400,0.000411133369198069
401,0.000410877080867067
402,0.00041062338277697563
403,0.000410372216720134
404,0.0004101234662812203
405,0.00040987710235640407
406,0.0004096330958418548
407,0.0004093915631528944
408,0.00040915224235504866
409,0.000408915220759809
410,0.00040868049836717546
411,0.0004084479296579957
412,0.0004082176019437611
413,0.00040798948612064123
414,0.00040776346577331424
415,0.0004075396282132715
416,0.00040731774060986936
417,0.0004070980357937515
418,0.0004068802227266133
419,0.0004066644760314375
420,0.0004064507083967328
421,0.00040623897803016007
422,0.00040602905210107565
423,0.00040582113433629274
424,0.00040561502100899816
425,0.00040541079943068326
426,0.0004052083531860262
427,0.00040500779869034886
428,0.00040480890311300755
429,0.0004046118992846459
430,0.0004044165834784508
431,0.00040422301390208304
432,0.0004040310741402209
433,0.0004038408806081861
434,0.00040365231689065695
435,0.00040346532477997243
436,0.0004032800206914544
437,0.0004030962591059506
438,0.0004029140982311219
439,0.0004027335380669683
440,0.0004025544039905071
441,0.00040237692883238196
442,0.0004022007924504578
443,0.0004020262567792088
444,0.0004018531762994826
445,0.0004016814928036183
446,0.0004015112353954464
447,0.00040134231676347554
448,0.00040117488242685795
449,0.0004010087577626109
450,0.0004008440882898867
451,0.0004006807575933635
452,0.0004005186492577195
453,0.00040035793790593743
454,0.00040019844891503453
455,0.00040004024049267173
456,0.0003998833417426795
457,0.00039972778176888824
458,0.00039957332774065435
459,0.00039942003786563873
460,0.00039926805766299367
461,0.0003991172125097364
462,0.0003989675606135279
463,0.0003988190437667072
464,0.00039867174928076565
465,0.00039852550253272057
466,0.0003983803035225719
467,0.0003982363559771329
468,0.0003980934270657599
469,0.00039795166230760515
470,0.0003978109161835164
471,0.0003976711304858327
472,0.0003975325380451977
473,0.0003973949351347983
474,0.0003972582926508039
475,0.0003971226396970451
476,0.0003969879471696913
477,0.00039685441879555583
478,0.0003967217053286731
479,0.0003965900104958564
480,0.0003964592469856143
481,0.0003963294147979468
482,0.000396200455725193
483,0.00039607248618267477
484,0.0003959454770665616
485,0.0003958192537538707
486,0.00039569393265992403
487,0.0003955694555770606
488,0.00039544590981677175
489,0.00039532320806756616
490,0.00039520132122561336
491,0.0003950802783947438
492,0.0003949600795749575
493,0.00039484063745476305
494,0.0003947220684494823
495,0.000394604227039963
496,0.0003944872005376965
497,0.00039437104715034366
498,0.0003942555922549218
499,0.00039414086495526135
500,0.0003940268070437014
501,0.0003939136804547161
502,0.00039380122325383127
503,0.00039368943544104695
504,0.00039357837522402406
505,0.00039346812991425395
506,0.00039335855399258435
507,0.0003932495601475239
508,0.0003931413230020553
509,0.00039303378434851766
510,0.0003929268859792501
511,0.000392820656998083
512,0.00039271506830118597
513,0.00039261020720005035
514,0.00039250595727935433
515,0.0003924023185390979
516,0.00039229937829077244
517,0.0003921968745999038
518,0.000392095185816288
519,0.00039199405000545084
520,0.0003918935253750533
521,0.00039179352461360395
522,0.0003916942223440856
523,0.00039159541483968496
524,0.00039149721851572394
525,0.00039139960426837206
526,0.00039130248478613794
527,0.00039120600558817387
528,0.00039111010846681893
529,0.00039101470611058176
530,0.0003909198858309537
531,0.00039082550210878253
532,0.0003907317586708814
533,0.000390638509998098
534,0.00039054578519426286
535,0.0003904535551555455
536,0.0003903618489857763
537,0.00039027066668495536
538,0.00039018000825308263
539,0.0003900898154824972
540,0.00039000005926936865
541,0.00038991085602901876
542,0.0003898220893461257
543,0.00038973381742835045
544,0.000389645982068032
545,0.0003895586996804923
546,0.00038947182474657893
547,0.00038938544457778335
548,0.0003892995009664446
549,0.0003892139357049018
550,0.0003891289234161377
551,0.0003890442894771695
552,0.00038896012119948864
553,0.00038887636037543416
554,0.0003887930070050061
555,0.00038871014839969575
556,0.00038862766814418137
557,0.0003885455953422934
558,0.00038846395909786224
559,0.0003883827885147184
560,0.00038830196717754006
561,0.00038822152419015765
562,0.00038814148865640163
563,0.000388061860576272
564,0.0003879826108459383
565,0.00038790376856923103
566,0.0003878253046423197
567,0.0003877472772728652
568,0.0003876695118378848
569,0.00038759218296036124
570,0.0003875152615364641
571,0.00038743860204704106
572,0.00038736246642656624
573,0.0003872865636367351
574,0.00038721109740436077
575,0.0003871359513141215
576,0.0003870611544698477
577,0.0003869866777677089
578,0.0003869126085191965
579,0.0003868388303089887
580,0.0003867654886562377
581,0.0003866923798341304
582,0.0003866196784656495
583,0.0003865472390316427
584,0.0003864752361550927
585,0.00038640343700535595
586,0.00038633201620541513
587,0.00038626097375527024
588,0.00038619019323959947
589,0.00038611976196989417
590,0.00038604962173849344
591,0.0003859797725453973
592,0.0003859102725982666
593,0.0003858410636894405
594,0.00038577214581891894
595,0.0003857035771943629
596,0.00038563532871194184
597,0.00038556731306016445
598,0.0003854996175505221
599,0.0003854322712868452
600,0.000385365157853812
601,0.00038529830635525286
602,0.0003852317458949983
603,0.00038516559288837016
604,0.00038509955629706383
605,0.0003850339853670448
606,0.0003849685890600085
607,0.0003849034837912768
608,0.00038483866956084967
609,0.00038477417547255754
610,0.0003847098851110786
611,0.0003846458566840738
612,0.0003845820901915431
613,0.00038451870204880834
614,0.00038445545942522585
615,0.00038439256604760885
616,0.0003843299055006355
617,0.0003842675359919667
618,0.0003842053411062807
619,0.0003841434372588992
620,0.00038408185355365276
621,0.0003840204735752195
622,0.00038395929732359946
623,0.0003838985285256058
624,0.0003838377888314426
625,0.00038377748569473624
626,0.00038371735718101263
627,0.00038365749060176313
628,0.0003835978277493268
629,0.00038353842683136463
630,0.0003834792587440461
631,0.00038342035259120166
632,0.0003833617374766618
633,0.0003833032096736133
634,0.00038324506022036076
635,0.0003831871144939214
636,0.0003831293433904648
637,0.00038307186332531273
638,0.00038301452877931297
639,0.00038295757258310914
640,0.0003829007036983967
641,0.0003828441840596497
642,0.00038278778083622456
643,0.00038273161044344306
644,0.0003826757019851357
645,0.00038262002635747194
646,0.0003825645544566214
647,0.0003825092571787536
648,0.0003824542509391904
649,0.00038239939021877944
650,0.0003823447914328426
651,0.00038229042547754943
652,0.00038223620504140854
653,0.0003821822174359113
654,0.0003821285208687186
655,0.00038207502802833915
656,0.00038202173891477287
657,0.0003819685080088675
658,0.00038191559724509716
659,0.00038186286110430956
660,0.0003818103577941656
661,0.0003817580291070044
662,0.0003817060205619782
663,0.00038165407022461295
664,0.0003816023818217218
665,0.0003815508680418134
666,0.0003814995288848877
667,0.0003814484807662666
668,0.00038139757816679776
669,0.0003813468792941421
670,0.00038129635504446924
671,0.00038124603452160954
672,0.0003811958886217326
673,0.0003811459755524993
674,0.0003810962662100792
675,0.00038104664417915046
676,0.0003809975169133395
677,0.00038094830233603716
678,0.0003808996989391744
679,0.00038085129926912487
680,0.00038080409285612404
681,0.00038075752672739327
682,0.00038071474409662187
683,0.0003806762397289276
684,0.00038065173430368304
685,0.0003806504828389734
686,0.0003807104367297143
687,0.00038088986184448004
688,0.0003813622461166233
689,0.00038244412280619144
690,0.0003850003704428673
691,0.0003906124038621783
692,0.0004036512109450996
693,0.0004301232984289527
694,0.000487770012114197
695,0.0005718418979085982
696,0.0007028425461612642
697,0.0007096721092239022
698,0.000628081033937633
699,0.00043676618952304125
700,0.0003951547550968826
701,0.0005060937255620956
702,0.0005677701556123793
703,0.0005199724691919982
704,0.0004057676705997437
705,0.0003908398502971977
706,0.0004631018382497132
707,0.00048749527195468545
708,0.00043831992661580443
709,0.0003831000067293644
710,0.00040176924085244536
711,0.00044915566104464233
712,0.0004418686730787158
713,0.00040041134343482554
714,0.0003799414844252169
715,0.0004018978797830641
716,0.00042417392251081765
717,0.00040760202682577074
718,0.0003827954933512956
719,0.0003844815364573151
720,0.00040201106457971036
721,0.00040372784133069217
722,0.00038663027225993574
723,0.0003794512595050037
724,0.0003891770320478827
725,0.00039613412809558213
726,0.0003896106209140271
727,0.00037987466203048825
728,0.00038118031807243824
729,0.00038835289888083935
730,0.0003882005694322288
731,0.00038175686495378613
732,0.00037870227242819965
733,0.0003822689759545028
734,0.00038559219683520496
735,0.00038324177148751915
736,0.0003792317002080381
737,0.0003788928734138608
738,0.0003815443778876215
739,0.0003825432504527271
740,0.0003803281288128346
741,0.0003783610591199249
742,0.0003789894108194858
743,0.00038057120400480926
744,0.00038056462653912604
745,0.00037899072049185634
746,0.00037810110370628536
747,0.0003787465684581548
748,0.0003795668890234083
749,0.00037928749225102365
750,0.00037829947541467845
751,0.0003779231628868729
752,0.000378396303858608
753,0.0003788128960877657
754,0.0003785589069593698
755,0.0003779554972425103
756,0.0003777393721975386
757,0.00037800829159095883
758,0.0003782411804422736
759,0.00037808631896041334
760,0.0003777128004003316
761,0.00037755121593363583
762,0.0003776830853894353
763,0.0003778232494369149
764,0.0003777487436309457
765,0.0003775172517634928
766,0.0003773785720113665
767,0.0003774167853407562
768,0.00037749679177068174
769,0.00037747135502286255
770,0.00037733110366389155
771,0.0003772126219701022
772,0.00037719367537647486
773,0.0003772298223339021
774,0.0003772306372411549
775,0.00037715371581725776
776,0.00037705953582189977
777,0.0003770072653423995
778,0.0003770049079321325
779,0.00037700842949561775
780,0.00037697170046158135
781,0.0003769073518924415
782,0.0003768464084714651
783,0.0003768159367609769
784,0.00037680589593946934
785,0.00037678665830753744
786,0.0003767483285628259
787,0.0003766959416680038
788,0.000376652431441471
789,0.0003766246954910457
790,0.000376604322809726
791,0.00037658013752661645
792,0.00037654300103895366
793,0.00037650196463800967
794,0.00037646404234692454
795,0.000376434822101146
796,0.0003764105786103755
797,0.0003763831336982548
798,0.0003763514687307179
799,0.00037631497252732515
800,0.0003762806300073862
801,0.0003762502165045589
802,0.0003762227133847773
803,0.0003761959378607571
804,0.000376165728084743
805,0.0003761341795325279
806,0.0003761014377232641
807,0.0003760706458706409
808,0.000376041978597641
809,0.0003760139225050807
810,0.0003759860701393336
811,0.000375956209609285
812,0.00037592623266391456
813,0.00037589570274576545
814,0.00037586636608466506
815,0.0003758380189538002
816,0.000375809904653579
817,0.00037578213959932327
818,0.000375753385014832
819,0.0003757247468456626
820,0.0003756956721190363
821,0.0003756672376766801
822,0.0003756392397917807
823,0.00037561156204901636
824,0.0003755842335522175
825,0.0003755564393941313
826,0.0003755287907551974
827,0.00037550090928561985
828,0.00037547331885434687
829,0.0003754457284230739
830,0.00037541845813393593
831,0.0003753914497792721
832,0.0003753644705284387
833,0.00037533772410824895
834,0.0003753107157535851
835,0.0003752839402295649
836,0.0003752570191863924
837,0.00037523044738918543
838,0.000375203846488148
839,0.00037517750752158463
840,0.0003751513722818345
841,0.00037512514973059297
842,0.0003750991600099951
843,0.00037507308297790587
844,0.00037504720967262983
845,0.0003750212490558624
846,0.0003749955212697387
847,0.0003749697934836149
848,0.00037494435673579574
849,0.00037491886178031564
850,0.0003748935414478183
851,0.00037486819201149046
852,0.00037484298809431493
853,0.0003748180461116135
854,0.00037479298771359026
855,0.00037476804573088884
856,0.00037474316195584834
857,0.0003747185110114515
858,0.00037469383096322417
859,0.00037466923822648823
860,0.0003746447036974132
861,0.0003746203437913209
862,0.00037459607119672
863,0.0003745719150174409
864,0.00037454772973433137
865,0.00037452366086654365
866,0.00037449979572556913
867,0.00037447590148076415
868,0.00037445215275511146
869,0.0003744283749256283
870,0.00037440480082295835
871,0.0003743812849279493
872,0.00037435785634443164
873,0.0003743343986570835
874,0.00037431123200803995
875,0.000374287978047505
876,0.0003742649278137833
877,0.00037424187758006155
878,0.0003742189146578312
879,0.00037419600994326174
880,0.00037417327985167503
881,0.0003741504915524274
882,0.0003741279651876539
883,0.00037410540971904993
884,0.00037408299976959825
885,0.000374060618923977
886,0.000374038441805169
887,0.00037401611916720867
888,0.00037399420398287475
889,0.00037397208507172763
890,0.0003739504609256983
891,0.00037392863305285573
892,0.0003739073872566223
893,0.0003738859959412366
894,0.00037386559415608644
895,0.0003738451050594449
896,0.0003738263330888003
897,0.00037380788126029074
898,0.00037379321292974055
899,0.0003737804072443396
900,0.0003737760125659406
901,0.00037377930129878223
902,0.00037380389403551817
903,0.0003738539235200733
904,0.00037396320840343833
905,0.00037415511906147003
906,0.0003745232825167477
907,0.00037515859003178775
908,0.0003763486456591636
909,0.0003784007567446679
910,0.00038227313780225813
911,0.0003888656501658261
912,0.0004014882433693856
913,0.0004217509995214641
914,0.0004603183188010007
915,0.0005110828788019717
916,0.0005977439577691257
917,0.0006481881137005985
918,0.0006904768524691463
919,0.0005815890617668629
920,0.00045602465979754925
921,0.00037932678242214024
922,0.0004130689485464245
923,0.0005063126445747912
924,0.0005529381451196969
925,0.0005442234105430543
926,0.00045137753477320075
927,0.0003838710836134851
928,0.00038723371108062565
929,0.0004368585941847414
930,0.00047277065459638834
931,0.0004474915040191263
932,0.0004033701552543789
933,0.00037488204543478787
934,0.00038362437044270337
935,0.0004110942536499351
936,0.00042020718683488667
937,0.00040453008841723204
938,0.0003796544624492526
939,0.0003747969458345324
940,0.0003895001718774438
941,0.00040122270002029836
942,0.00039787846617400646
943,0.0003825885651167482
944,0.0003733340126927942
945,0.0003770253388211131
946,0.0003857755509670824
947,0.0003883452445734292
948,0.00038138715899549425
949,0.0003741422842722386
950,0.0003735512727871537
951,0.00037839802098460495
952,0.00038233643863350153
953,0.0003807454777415842
954,0.0003761208790820092
955,0.0003729333693627268
956,0.000373762653907761
957,0.00037662347313016653
958,0.0003778010723181069
959,0.00037632405292242765
960,0.00037376320688053966
961,0.00037267155130393803
962,0.0003735765931196511
963,0.00037502191844396293
964,0.000375410687411204
965,0.0003743221750482917
966,0.0003729931777343154
967,0.0003725634014699608
968,0.0003731608157977462
969,0.0003739525272976607
970,0.00037405520561151206
971,0.0003734657948371023
972,0.00037271290784701705
973,0.0003724313573911786
974,0.00037270039319992065
975,0.00037311017513275146
976,0.00037324067670851946
977,0.00037295857327990234
978,0.0003725591523107141
979,0.00037233898183330894
980,0.00037240851088427007
981,0.00037262061960063875
982,0.00037273470661602914
983,0.00037266165600158274
984,0.0003724487323779613
985,0.00037227210123091936
986,0.00037222931860014796
987,0.0003723045520018786
988,0.0003724008274730295
989,0.0003724124107975513
990,0.00037233682814985514
991,0.00037221654201857746
992,0.00037213528412394226
993,0.0003721218672581017
994,0.00037215545307844877
995,0.0003721915418282151
996,0.00037218487705104053
997,0.0003721414541359991
998,0.00037207690184004605
999,0.0003720289096236229
1000,0.00037200984661467373
1001,0.00037201473605819046
1002,0.00037202646490186453
1003,0.00037202140083536506
1004,0.0003719997184816748
1005,0.00037196240737102926
1006,0.0003719286760315299
1007,0.0003719047817867249
1008,0.0003718938387464732
1009,0.0003718908119481057
1010,0.00037188525311648846
1011,0.00037187515408731997
1012,0.00037185492692515254
1013,0.0003718321677297354
1014,0.0003718084190040827
1015,0.0003717901126947254
1016,0.0003717770450748503
1017,0.0003717669169418514
1018,0.00037175824400037527
1019,0.00037174602039158344
1020,0.0003717323415912688
1021,0.0003717148501891643
1022,0.000371697562513873
1023,0.00037168015842325985
1024,0.00037166508263908327
1025,0.000371651811292395
1026,0.00037163952947594225
1027,0.0003716280625667423
1028,0.0003716152277775109
1029,0.0003716024220921099
1030,0.0003715877828653902
1031,0.00037157346378080547
1032,0.0003715583588927984
1033,0.00037154415622353554
1034,0.00037153030280023813
1035,0.0003715170896612108
1036,0.00037150451680645347
1037,0.00037149174022488296
1038,0.0003714794584084302
1039,0.00037146650720387697
1040,0.00037145381793379784
1041,0.00037144043017178774
1042,0.0003714273334480822
1043,0.0003714138292707503
1044,0.00037140079075470567
1045,0.00037138749030418694
1046,0.0003713746555149555
1047,0.00037136184982955456
1048,0.00037134921876713634
1049,0.00037133670412003994
1050,0.00037132413126528263
1051,0.0003713118494488299
1052,0.00037129936390556395
1053,0.00037128711119294167
1054,0.0003712746256496757
1055,0.0003712624020408839
1056,0.00037124991649761796
1057,0.00037123769288882613
1058,0.00037122523644939065
1059,0.00037121312925592065
1060,0.00037120067281648517
1061,0.00037118856562301517
1062,0.00037117634201422334
1063,0.0003711643221322447
1064,0.0003711521567311138
1065,0.00037114028236828744
1066,0.000371128146070987
1067,0.0003711163008119911
1068,0.0003711043391376734
1069,0.0003710925520863384
1070,0.00037108067772351205
1071,0.000371068948879838
1072,0.0003710572200361639
1073,0.00037104557850398123
1074,0.0003710338205564767
1075,0.00037102241185493767
1076,0.000371010770322755
1077,0.00037099947803653777
1078,0.000370987894712016
1079,0.00037097683525644243
1080,0.00037096545565873384
1081,0.00037095468724146485
1082,0.00037094365688972175
1083,0.00037093355786055326
1084,0.0003709230513777584
1085,0.00037091426202096045
1086,0.00037090544356033206
1087,0.0003708996227942407
1088,0.00037089476245455444
1089,0.0003708960139192641
1090,0.00037090148543938994
1091,0.00037092104321345687
1092,0.00037095436709932983
1093,0.00037102276110090315
1094,0.00037113382131792605
1095,0.000371338363038376
1096,0.00037167133996263146
1097,0.00037227009306661785
1098,0.00037325493758544326
1099,0.000375031610019505
1100,0.00037796059041284025
1101,0.00038332390249706805
1102,0.0003919837763532996
1103,0.0004080774378962815
1104,0.00043211213778704405
1105,0.0004762138123624027
1106,0.0005277655436657369
1107,0.0006110738031566143
1108,0.0006434150272980332
1109,0.0006606002571061254
1110,0.000548351788893342
1111,0.00043494219426065683
1112,0.0003749691240955144
1113,0.0004068521084263921
1114,0.000490356411319226
1115,0.0005460368120111525
1116,0.0005647952202707529
1117,0.0004883480723947287
1118,0.000408008461818099
1119,0.00037503091152757406
1120,0.0004091877199243754
1121,0.0004662479041144252
1122,0.00048098451225087047
1123,0.0004598191590048373
1124,0.0004063204978592694
1125,0.00037334937951527536
1126,0.0003796547243837267
1127,0.00040601438377052546
1128,0.00041868799598887563
1129,0.0004004991496913135
1130,0.00037787255132570863
1131,0.0003714311751537025
1132,0.00038293382385745645
1133,0.0003969565441366285
1134,0.00039660886977799237
1135,0.00038487103302031755
1136,0.0003727950679603964
1137,0.0003722346154972911
1138,0.00038054297328926623
1139,0.0003863841120619327
1140,0.0003844906168524176
1141,0.00037655848427675664
1142,0.00037091178819537163
1143,0.00037155114114284515
1144,0.0003760377294383943
1145,0.00037886976497247815
1146,0.0003767799644265324
1147,0.00037265740684233606
1148,0.0003703726106323302
1149,0.00037147902185097337
1150,0.00037403329042717814
1151,0.0003750828327611089
1152,0.0003738845116458833
1153,0.0003715778002515435
1154,0.00037034787237644196
1155,0.00037088984390720725
1156,0.000372204085579142
1157,0.00037289405008777976
1158,0.00037228147266432643
1159,0.0003710879245772958
1160,0.0003702691465150565
1161,0.0003703674883581698
1162,0.00037104394868947566
1163,0.0003715113562066108
1164,0.0003713736077770591
1165,0.0003707636205945164
1166,0.0003702546819113195
1167,0.00037017298745922744
1168,0.0003704508999362588
1169,0.0003707665600813925
1170,0.0003708123986143619
1171,0.0003705916169565171
1172,0.0003702680696733296
1173,0.00037009117659181356
1174,0.0003701371024362743
1175,0.000370304798707366
1176,0.0003704327391460538
1177,0.00037039921153336763
1178,0.0003702542744576931
1179,0.0003700929810293019
1180,0.00037002289900556207
1181,0.0003700549132190645
1182,0.00037012953544035554
1183,0.0003701813402585685
1184,0.00037016000715084374
1185,0.0003700910019688308
1186,0.00037000852171331644
1187,0.0003699634980875999
1188,0.000369966437574476
1189,0.0003699960361700505
1190,0.0003700229281093925
1191,0.0003700167580973357
1192,0.0003699868393596262
1193,0.00036994280526414514
1194,0.0003699103544931859
1195,0.000369896151823923
1196,0.0003698989166878164
1197,0.00036990956868976355
1198,0.00036991166416555643
1199,0.00036990377702750266
1200,0.00036988212377764285
1201,0.0003698598884511739
1202,0.0003698405926115811
1203,0.0003698302898555994
1204,0.0003698271466419101
1205,0.00036982586607337
1206,0.00036982452729716897
1207,0.00036981672747060657
1208,0.00036980616278015077
1209,0.00036979117430746555
1210,0.0003697781648952514
1211,0.00036976690171286464
1212,0.0003697589272633195
1213,0.000369753543054685
1214,0.0003697482170537114
1215,0.00036974309477955103
1216,0.0003697352367453277
1217,0.0003697269130498171
1218,0.0003697164647746831
1219,0.0003697068605106324
1220,0.00036969734355807304
1221,0.00036968913627788424
1222,0.0003696817730087787
1223,0.0003696749045047909
1224,0.0003696687053889036
1225,0.00036966154584661126
1226,0.0003696545900311321
1227,0.0003696464700624347
1228,0.00036963875754736364
1229,0.0003696301719173789
1230,0.00036962219746783376
1231,0.00036961404839530587
1232,0.0003696064231917262
1233,0.00036959905992262065
1234,0.00036959181306883693
1235,0.0003695849154610187
1236,0.00036957766860723495
1237,0.00036957080010324717
1238,0.00036956340773031116
1239,0.000369556451914832
1240,0.0003695487685035914
1241,0.00036954160896129906
1242,0.00036953401286154985
1243,0.00036952673690393567
1244,0.00036951928632333875
1245,0.0003695120685733855
1246,0.0003695047344081104
1247,0.00036949769128113985
1248,0.0003694905899465084
1249,0.00036948343040421605
1250,0.00036947644548490644
1251,0.00036946937325410545
1252,0.0003694624756462872
1253,0.0003694554325193167
1254,0.00036944853491149843
1255,0.00036944152088835835
1256,0.00036943479790352285
1257,0.00036942766746506095
1258,0.00036942088627256453
1259,0.000369413843145594
1260,0.0003694071201607585
1261,0.0003694001934491098
1262,0.0003693935286719352
1263,0.0003693866019602865
1264,0.0003693800244946033
1265,0.0003693730977829546
1266,0.0003693666076287627
1267,0.0003693597682286054
1268,0.00036935348180122674
1269,0.0003693467297125608
1270,0.0003693407343234867
1271,0.0003693341859616339
1272,0.00036932856892235577
1273,0.00036932245711795986
1274,0.0003693176549859345
1275,0.00036931238719262183
1276,0.00036930921487510204
1277,0.00036930592614226043
1278,0.0003693061589729041
1279,0.000369307235814631
1280,0.0003693149774335325
1281,0.00036932635703124106
1282,0.0003693516773637384
1283,0.0003693881444633007
1284,0.00036945537431165576
1285,0.0003695547056850046
1286,0.0003697270876727998
1287,0.0003699880908243358
1288,0.0003704337286762893
1289,0.0003711214230861515
1290,0.00037229983718134463
1291,0.00037413445534184575
1292,0.00037732216878794134
1293,0.00038224170566536486
1294,0.00039093673694878817
1295,0.0004037669859826565
1296,0.0004265948082320392
1297,0.0004561064997687936
1298,0.0005064792931079865
1299,0.0005499232793226838
1300,0.0006097579607740045
1301,0.0005978045519441366
1302,0.0005627531791105866
1303,0.00046189306885935366
1304,0.0003891186788678169
1305,0.0003734953934326768
1306,0.0004117542412132025
1307,0.00047544570406898856
1308,0.0005167327472008765
1309,0.0005361780058592558
1310,0.00048217823496088386
1311,0.00041581393452361226
1312,0.0003728641604539007
1313,0.0003849569766316563
1314,0.0004332063253968954
1315,0.0004718409909401089
1316,0.00048732635332271457
1317,0.0004501255170907825
1318,0.00040242262184619904
1319,0.0003733453049790114
1320,0.00038510849117301404
1321,0.000416104041505605
1322,0.0004280977591406554
1323,0.00041758257430046797
1324,0.0003895997360814363
1325,0.0003710079181473702
1326,0.00037262836121954024
1327,0.0003865852777380496
1328,0.00039575729169882834
1329,0.0003894006658811122
1330,0.0003772890486288816
1331,0.00036975217517465353
1332,0.00037162701482884586
1333,0.00037875495036132634
1334,0.0003833375812973827
1335,0.0003819165867753327
1336,0.0003751610347535461
1337,0.00036983267636969686
1338,0.0003698616346810013
1339,0.0003738871600944549
1340,0.00037745590088889003
1341,0.000376932235667482
1342,0.000373497954569757
1343,0.00036996850394643843
1344,0.00036910412018187344
1345,0.0003707316645886749
1346,0.00037265961873345077
1347,0.00037317065289244056
1348,0.0003718578373081982
1349,0.00037005392368882895
1350,0.00036897967220284045
1351,0.0003692192549351603
1352,0.0003702519170474261
1353,0.00037096627056598663
1354,0.00037079103640280664
1355,0.0003698869259096682
1356,0.00036908869515173137
1357,0.0003688888100441545
1358,0.000369244662579149
1359,0.00036974111571907997
1360,0.00036993209505453706
1361,0.0003697286010719836
1362,0.000369261804735288
1363,0.0003688936703838408
1364,0.00036883019492961466
1365,0.00036903671571053565
1366,0.00036929670022800565
1367,0.00036937862751074135
1368,0.0003692628815770149
1369,0.00036902708234265447
1370,0.0003688401775434613
1371,0.00036877996171824634
1372,0.0003688461729325354
1373,0.00036896680830977857
1374,0.00036903517320752144
1375,0.0003690150042530149
1376,0.00036890985211357474
1377,0.00036880187690258026
1378,0.00036873953649774194
1379,0.00036874221405014396
1380,0.0003687857242766768
1381,0.0003688271972350776
1382,0.0003688451542984694
1383,0.0003688186116050929
1384,0.00036877073580399156
1385,0.00036871901829726994
1386,0.000368691748008132
1387,0.00036869070027023554
1388,0.00036870487383566797
1389,0.0003687221906147897
1390,0.0003687261196319014
1391,0.000368718639947474
1392,0.0003686956188175827
1393,0.0003686716954689473
1394,0.00036865167203359306
1395,0.00036864294088445604
1396,0.00036864294088445604
1397,0.00036864588037133217
1398,0.00036864931462332606
1399,0.0003686464042402804
1400,0.0003686402051243931
1401,0.00036862739943899214
1402,0.0003686153795570135
1403,0.00036860391264781356
1404,0.00036859652027487755
1405,0.0003685921838041395
1406,0.0003685895644593984
1407,0.0003685884003061801
1408,0.0003685852570924908
1409,0.00036858164821751416
1410,0.00036857477971352637
1411,0.0003685681731440127
1412,0.0003685601113829762
1413,0.00036855327198281884
1414,0.0003685467236209661
1415,0.00036854142672382295
1416,0.0003685370902530849
1417,0.00036853295750916004
1418,0.0003685293486341834
1419,0.00036852475022897124
1420,0.00036852064658887684
1421,0.0003685152332764119
1422,0.0003685103147290647
1423,0.0003685043193399906
1424,0.0003684990806505084
1425,0.0003684933762997389
1426,0.0003684882540255785
1427,0.00036848304443992674
1428,0.0003684782423079014
1429,0.00036847355659119785
1430,0.0003684688708744943
1431,0.00036846453440375626
1432,0.0003684597904793918
1433,0.00036845545400865376
1434,0.0003684505936689675
1435,0.00036844611167907715
1436,0.0003684411058202386
1437,0.0003684365947265178
1438,0.0003684315597638488
1439,0.0003684269904624671
1440,0.000368422013707459
1441,0.00036841744440607727
1442,0.00036841246765106916
1443,0.00036840795655734837
1444,0.0003684030089061707
1445,0.000368398439604789
1446,0.00036839372478425503
1447,0.0003683890972752124
1448,0.0003683844115585089
1449,0.00036837992956861854
1450,0.00036837521474808455
1451,0.00036837064544670284
1452,0.00036836607614532113
1453,0.00036836156505160034
1454,0.0003683569666463882
1455,0.00036835239734500647
1456,0.00036834788625128567
1457,0.0003683433460537344
1458,0.00036833883496001363
1459,0.00036833432386629283
1460,0.00036832981277257204
1461,0.0003683252725750208
1462,0.00036832084879279137
1463,0.00036831636680290103
1464,0.0003683119430206716
1465,0.00036830754834227264
1466,0.00036830303724855185
1467,0.0003682986134663224
1468,0.000368294189684093
1469,0.00036828979500569403
1470,0.00036828540032729506
1471,0.0003682810056488961
1472,0.0003682765527628362
1473,0.0003682723909150809
1474,0.0003682679671328515
1475,0.0003682638343889266
1476,0.0003682595561258495
1477,0.00036825568531639874
1478,0.0003682516107801348
1479,0.00036824835115112364
1480,0.00036824497510679066
1481,0.00036824328708462417
1482,0.00036824189010076225
1483,0.0003682440728880465
1484,0.00036824835115112364
1485,0.0003682615060824901
1486,0.00036828272277489305
1487,0.00036832710611633956
1488,0.00036839937092736363
1489,0.0003685371484607458
1490,0.0003687667194753885
1491,0.00036919230478815734
1492,0.0003699148364830762
1493,0.00037125448579899967
1494,0.00037354743108153343
1495,0.00037785066524520516
1496,0.00038512362516485155
1497,0.00039898912655189633
1498,0.000421081786043942
1499,0.00046312797348946333
1500,0.0005185031332075596
1501,0.0006147827953100204
1502,0.0006751662585884333
1503,0.0007352408138103783
1504,0.0006236881599761546
1505,0.0004854334983974695
1506,0.00038091058377176523
1507,0.00039956020191311836
1508,0.0005035942886024714
1509,0.0005926285521127284
1510,0.0006456864648498595
1511,0.0005482299020513892
1512,0.00043033246765844524
1513,0.00037607175181619823
1514,0.00043116393499076366
1515,0.0005270964466035366
1516,0.0005496062804013491
1517,0.0005132916267029941
1518,0.0004184451245237142
1519,0.00037233420880511403
1520,0.0004016817838419229
1521,0.00044247647747397423
1522,0.0004401931364554912
1523,0.0003957324370276183
1524,0.0003703198744915426
1525,0.00038261711597442627
1526,0.00040798040572553873
1527,0.00041465801768936217
1528,0.00039073219522833824
1529,0.00037049726233817637
1530,0.0003751716576516628
1531,0.00039252411806955934
1532,0.00039973697857931256
1533,0.0003870105429086834
1534,0.0003717695944942534
1535,0.00036901928251609206
1536,0.00037794499075971544
1537,0.00038432341534644365
1538,0.00037905137287452817
1539,0.0003706010174937546
1540,0.0003685558622237295
1541,0.00037335880915634334
1542,0.0003777977544814348
1543,0.00037609756691381335
1544,0.00037108847755007446
1545,0.0003683042014017701
1546,0.00037010860978625715
1547,0.00037321457057259977
1548,0.0003734137280844152
1549,0.00037088815588504076
1550,0.00036840199027210474
1551,0.0003684071125462651
1552,0.0003702059620991349
1553,0.00037119482294656336
1554,0.00037027106736786664
1555,0.0003685681149363518
1556,0.00036802724935114384
1557,0.0003688679717015475
1558,0.00036976876435801387
1559,0.0003696937928907573
1560,0.0003687677963171154
1561,0.0003680673544295132
1562,0.0003681648231577128
1563,0.00036871651536785066
1564,0.00036902050487697124
1565,0.00036873025237582624
1566,0.0003682152309920639
1567,0.0003679575747810304
1568,0.0003681303351186216
1569,0.0003684468101710081
1570,0.0003685045812744647
1571,0.00036827189614996314
1572,0.00036799375084228814
1573,0.0003679390938486904
1574,0.0003680888912640512
1575,0.0003682275128085166
1576,0.0003682157548610121
1577,0.00036806485150009394
1578,0.00036793353501707315
1579,0.00036791598540730774
1580,0.0003679925575852394
1581,0.0003680677618831396
1582,0.0003680525114759803
1583,0.00036797201028093696
1584,0.00036789290606975555
1585,0.000367880827980116
1586,0.0003679236688185483
1587,0.00036795943742617965
1588,0.0003679550136439502
1589,0.00036790972808375955
1590,0.00036786869168281555
1591,0.0003678550710901618
1592,0.0003678691864479333
1593,0.00036789054865948856
1594,0.0003678910725284368
1595,0.00036787247518077493
1596,0.00036784427356906235
1597,0.0003678295761346817
1598,0.00036783242831006646
1599,0.0003678415669128299
1600,0.00036784636904485524
1601,0.00036783711402677
1602,0.00036782314418815076
1603,0.00036780943628400564
1604,0.0003678040229715407
1605,0.00036780579830519855
1606,0.0003678080393001437
1607,0.0003678073699120432
1608,0.0003677992499433458
1609,0.0003677902859635651
1610,0.0003677824279293418
1611,0.00036777896457351744
1612,0.0003677784407045692
1613,0.0003677771601360291
1614,0.00036777486093342304
1615,0.0003677690401673317
1616,0.0003677630447782576
1617,0.0003677571949083358
1618,0.00036775352782569826
1619,0.00036775151966139674
1620,0.0003677491331472993
1621,0.00036774660111404955
1622,0.00036774203181266785
1623,0.00036773778265342116
1624,0.00036773300962522626
1625,0.00036772925523109734
1626,0.0003677262575365603
1627,0.00036772331804968417
1628,0.00036772058228962123
1629,0.00036771688610315323
1630,0.0003677132772281766
1631,0.0003677091153804213
1632,0.00036770544829778373
1633,0.00036770186852663755
1634,0.00036769857979379594
1635,0.0003676957276184112
1636,0.0003676923515740782
1637,0.0003676891792565584
1638,0.00036768545396625996
1639,0.0003676819906104356
1640,0.0003676784108392894
1641,0.00036767503479495645
1642,0.0003676717751659453
1643,0.0003676684573292732
1644,0.00036766534321941435
1645,0.0003676619380712509
1646,0.0003676587075460702
1647,0.0003676552732940763
1648,0.00036765195545740426
1649,0.00036764852120541036
1650,0.00036764523247256875
1651,0.00036764206015504897
1652,0.0003676388005260378
1653,0.00036763562820851803
1654,0.00036763225216418505
1655,0.0003676291089504957
1656,0.0003676257620099932
1657,0.0003676225314848125
1658,0.0003676193009596318
1659,0.00036761609953828156
1660,0.00036761281080543995
1661,0.0003676095511764288
1662,0.00036760640796273947
1663,0.00036760317743755877
1664,0.000367600005120039
1665,0.00036759674549102783
1666,0.00036759357317350805
1667,0.0003675903717521578
1668,0.0003675872285384685
1669,0.0003675839689094573
1670,0.00036758091300725937
1671,0.0003675777406897396
1672,0.0003675745101645589
1673,0.0003675714251585305
1674,0.00036756834015250206
1675,0.0003675651387311518
1676,0.00036756196641363204
1677,0.0003675589105114341
1678,0.00036755570909008384
1679,0.0003675526531878859
1680,0.00036754945176653564
1681,0.0003675463667605072
1682,0.0003675432235468179
1683,0.00036754010943695903
1684,0.00036753705353476107
1685,0.0003675339394249022
1686,0.0003675309126265347
1687,0.0003675278276205063
1688,0.00036752474261447787
1689,0.000367521628504619
1690,0.0003675186017062515
1691,0.000367515574907884
1692,0.0003675124899018556
1693,0.0003675094631034881
1694,0.0003675063489936292
1695,0.00036750338040292263
1696,0.0003675003245007247
1697,0.0003674972977023572
1698,0.00036749427090398967
1699,0.0003674911567941308
1700,0.00036748821730725467
1701,0.0003674851614050567
1702,0.00036748219281435013
1703,0.00036747913691215217
1704,0.00036747619742527604
1705,0.00036747317062690854
1706,0.0003674702311400324
1707,0.00036746717523783445
1708,0.0003674642648547888
1709,0.00036746117984876037
1710,0.0003674583276733756
1711,0.0003674553008750081
1712,0.00036745239049196243
1713,0.00036744942190125585
1714,0.00036744645331054926
1715,0.0003674435429275036
1716,0.00036744054523296654
1717,0.00036743757664225996
1718,0.0003674347244668752
1719,0.00036743178497999907
1720,0.00036742884549312294
1721,0.0003674258477985859
1722,0.00036742305383086205
1723,0.0003674201143439859
1724,0.0003674171748571098
1725,0.0003674142644740641
1726,0.0003674114414025098
1727,0.0003674085019156337
1728,0.0003674057370517403
1729,0.00036740279756486416
1730,0.0003674000909086317
1731,0.000367397180525586
1732,0.0003673946193885058
1733,0.0003673917381092906
1734,0.000367389468010515
1735,0.0003673869068734348
1736,0.0003673853352665901
1737,0.00036738355993293226
1738,0.00036738350172527134
1739,0.00036738390917889774
1740,0.00036738827475346625
1741,0.0003673949104268104
1742,0.00036741120857186615
1743,0.00036743635428138077
1744,0.00036748664570041
1745,0.00036756694316864014
1746,0.000367717380868271
1747,0.00036796528729610145
1748,0.00036842114059254527
1749,0.00036918820114806294
1750,0.0003706006973516196
1751,0.00037299588439054787
1752,0.0003774597716983408
1753,0.0003849205677397549
1754,0.0003990309196524322
1755,0.00042118842247873545
1756,0.0004629276227205992
1757,0.0005167307099327445
1758,0.0006089145899750292
1759,0.0006639693747274578
1760,0.0007164602866396308
1761,0.0006093388074077666
1762,0.00047885975800454617
1763,0.00038014224264770746
1764,0.0003937899600714445
1765,0.0004880112246610224
1766,0.0005787105765193701
1767,0.0006460978765971959
1768,0.0005653858534060419
1769,0.00044808853999711573
1770,0.00037404426257126033
1771,0.00041718463762663305
1772,0.0005238197045400739
1773,0.0005741564673371613
1774,0.0005616669077426195
1775,0.0004505094257183373
1776,0.00037934351712465286
1777,0.0004044937086291611
1778,0.00046033418038859963
1779,0.00047152460319921374
1780,0.00041776685975492
1781,0.00037381250876933336
1782,0.00037632478051818907
1783,0.0004080490325577557
1784,0.0004219133115839213
1785,0.00039457177626900375
1786,0.0003693564503919333
1787,0.0003750247706193477
1788,0.00039709487464278936
1789,0.0004069694841746241
1790,0.000391240231692791
1791,0.0003723309491761029
1792,0.00036963820457458496
1793,0.0003809910558629781
1794,0.00038789064274169505
1795,0.00038052801392041147
1796,0.0003704510454554111
1797,0.00036834419006481767
1798,0.0003742272674571723
1799,0.00037909793900325894
1800,0.00037584328674711287
1801,0.00036945755709894
1802,0.00036762654781341553
1803,0.0003714161866810173
1804,0.0003749968600459397
1805,0.0003735596837941557
1806,0.00036946943146176636
1807,0.00036732209264300764
1808,0.0003688341530505568
1809,0.0003711090830620378
1810,0.0003709250595420599
1811,0.00036890627234242857
1812,0.0003674300096463412
1813,0.0003678538487292826
1814,0.00036917265970259905
1815,0.000369552755728364
1816,0.0003686277777887881
1817,0.0003674699109978974
1818,0.0003673591127153486
1819,0.00036815082421526313
1820,0.00036868455936200917
1821,0.00036835597711615264
1822,0.00036756644840352237
1823,0.00036721641663461924
1824,0.0003675150219351053
1825,0.0003679254441522062
1826,0.0003679467481561005
1827,0.0003675767802633345
1828,0.00036725931568071246
1829,0.00036725925747305155
1830,0.00036748245474882424
1831,0.0003676388005260378
1832,0.00036753067979589105
1833,0.00036729895509779453
1834,0.0003671753511298448
1835,0.0003672546590678394
1836,0.0003674000909086317
1837,0.000367422733688727
1838,0.00036731851287186146
1839,0.0003671937738545239
1840,0.00036716501927003264
1841,0.0003672240418381989
1842,0.00036728259874507785
1843,0.0003672826860565692
1844,0.0003672173188533634
1845,0.00036715579335577786
1846,0.000367144588381052
1847,0.00036717881448566914
1848,0.00036721184733323753
1849,0.00036720000207424164
1850,0.0003671623708214611
1851,0.00036712957080453634
1852,0.00036712680594064295
1853,0.00036714464658871293
1854,0.0003671567828860134
1855,0.00036715343594551086
1856,0.00036713166628032923
1857,0.0003671125159598887
1858,0.00036710689892061055
1859,0.0003671142621897161
1860,0.00036712325527332723
1861,0.0003671197628136724
1862,0.00036710916901938617
1863,0.00036709627602249384
1864,0.00036709062987938523
1865,0.0003670918522402644
1866,0.0003670943551696837
1867,0.00036709511186927557
1868,0.00036708894185721874
1869,0.0003670813166536391
1870,0.00036707494291476905
1871,0.0003670728765428066
1872,0.00036707360413856804
1873,0.0003670728183351457
1874,0.0003670707228593528
1875,0.0003670656878966838
1876,0.0003670611185953021
1877,0.00036705745151266456
1878,0.00036705555976368487
1879,0.00036705497768707573
1880,0.0003670529113151133
1881,0.00036705046659335494
1882,0.0003670465084724128
1883,0.0003670431615319103
1884,0.00036704030935652554
1885,0.0003670381847769022
1886,0.0003670367004815489
1887,0.00036703437217511237
1888,0.0003670320729725063
1889,0.0003670287842396647
1890,0.00036702610668726265
1891,0.00036702342913486063
1892,0.0003670212172437459
1893,0.00036701923818327487
1894,0.00036701688077300787
1895,0.000367014785297215
1896,0.0003670120204333216
1897,0.0003670094592962414
1898,0.00036700692726299167
1899,0.00036700451164506376
1900,0.0003670023870654404
1901,0.0003670000587590039
1902,0.0003669979050755501
1903,0.00036699543124996126
1904,0.0003669930447358638
1905,0.0003669905418064445
1906,0.0003669882717076689
1907,0.0003669860016088933
1908,0.00036698367330245674
1909,0.000366981461411342
1910,0.00036697910400107503
1911,0.00036697700852528214
1912,0.00036697450559586287
1913,0.00036697223549708724
1914,0.00036696987808682024
1915,0.0003669676079880446
1916,0.0003669653960969299
1917,0.00036696315510198474
1918,0.0003669608850032091
1919,0.0003669586149044335
1920,0.0003669564030133188
1921,0.00036695407470688224
1922,0.0003669518628157675
1923,0.00036694956361316144
1924,0.00036694726441055536
1925,0.00036694511072710156
1926,0.0003669428115244955
1927,0.00036694062873721123
1928,0.0003669383586384356
1929,0.00036693623405881226
1930,0.0003669339348562062
1931,0.0003669317520689219
1932,0.00036692951107397676
1933,0.0003669272118713707
1934,0.00036692508729174733
1935,0.00036692284629680216
1936,0.00036692069261334836
1937,0.00036691848072223365
1938,0.0003669162979349494
1939,0.00036691405694000423
1940,0.00036691196146421134
1941,0.0003669097786769271
1942,0.0003669075376819819
1943,0.0003669053839985281
1944,0.00036690320121124387
1945,0.00036690104752779007
1946,0.00036689883563667536
1947,0.00036689668195322156
1948,0.00036689452826976776
1949,0.0003668924036901444
1950,0.00036689016269519925
1951,0.00036688800901174545
1952,0.00036688591353595257
1953,0.00036688375985249877
1954,0.00036688160616904497
1955,0.00036687953979708254
1956,0.0003668773570097983
1957,0.00036687523243017495
1958,0.0003668731078505516
1959,0.0003668710123747587
1960,0.00036686891689896584
1961,0.0003668667050078511
1962,0.0003668646386358887
1963,0.00036686251405626535
1964,0.00036686036037281156
1965,0.00036685829400084913
1966,0.0003668562276288867
1967,0.00036685410304926336
1968,0.00036685197846964
1969,0.0003668499120976776
1970,0.00036684784572571516
1971,0.0003668457211460918
1972,0.00036684362567029893
1973,0.00036684153019450605
1974,0.0003668394638225436
1975,0.0003668373392429203
1976,0.0003668353019747883
1977,0.00036683326470665634
1978,0.0003668311983346939
1979,0.0003668291319627315
1980,0.0003668270364869386
1981,0.0003668249992188066
1982,0.0003668228746391833
1983,0.0003668208373710513
1984,0.0003668188292067498
1985,0.0003668167919386178
1986,0.00036681469646282494
1987,0.0003668126882985234
1988,0.00036681065103039145
1989,0.0003668086719699204
1990,0.00036680654739029706
1991,0.00036680459743365645
1992,0.0003668025601655245
1993,0.00036680043558590114
1994,0.000366798514733091
1995,0.000366796477464959
1996,0.0003667944693006575
1997,0.0003667924029286951
1998,0.000366790423868224
1999,0.00036678838660009205
2000,0.00036678643664345145
2001,0.000366784370271489
2002,0.0003667824203148484
2003,0.0003667804121505469
2004,0.00036677843309007585
2005,0.0003667763958219439
2006,0.0003667744458653033
2007,0.00036677243770100176
2008,0.00036677048774436116
2009,0.00036676847958005965
2010,0.0003667665005195886
2011,0.0003667644923552871
2012,0.00036676257150247693
2013,0.00036676059244200587
2014,0.00036675864248536527
2015,0.00036675669252872467
2016,0.00036675462615676224
2017,0.00036675267620012164
2018,0.00036675072624348104
2019,0.00036674883449450135
2020,0.0003667469136416912
2021,0.00036674493458122015
2022,0.00036674301372841
2023,0.00036674103466793895
2024,0.00036673928843811154
2025,0.0003667373093776405
2026,0.00036673579597845674
2027,0.00036673396243713796
2028,0.0003667329146992415
2029,0.0003667317214421928
2030,0.00036673227441497147
2031,0.00036673317663371563
2032,0.00036673832801170647
2033,0.00036674653529189527
2034,0.00036676652962341905
2035,0.00036679996992461383
2036,0.0003668694116640836
2037,0.00036699039628729224
2038,0.000367230037227273
2039,0.00036766001721844077
2040,0.0003685029223561287
2041,0.0003700375382322818
2042,0.00037306195008568466
2043,0.0003785476728808135
2044,0.00038950907764956355
2045,0.00040858524153009057
2046,0.0004468727274797857
2047,0.0005043621640652418
2048,0.0006121480837464333
2049,0.0007039426127448678
2050,0.0008151931688189507
2051,0.0007050067069940269
2052,0.0005365109536796808
2053,0.00038672698428854346
2054,0.0004114821495022625
2055,0.0005605698097497225
2056,0.0006810816121287644
2057,0.0007447046809829772
2058,0.0005677967565134168
2059,0.0004052963340654969
2060,0.00040772889042273164
2061,0.000538886000867933
2062,0.0006650183931924403
2063,0.000606298737693578
2064,0.0004765895428135991
2065,0.00037880789022892714
2066,0.0004305850015953183
2067,0.0005062066484242678
2068,0.0004575879720505327
2069,0.0003854845999740064
2070,0.00037780689308419824
2071,0.00042557442793622613
2072,0.00045401405077427626
2073,0.00041104128467850387
2074,0.00037174936733208597
2075,0.00038736837450414896
2076,0.0004191754851490259
2077,0.0004187737067695707
2078,0.00038433127338066697
2079,0.0003670875448733568
2080,0.0003827606560662389
2081,0.00039678034954704344
2082,0.00038564365240745246
2083,0.00036825184361077845
2084,0.000371969974366948
2085,0.0003861060831695795
2086,0.0003861449658870697
2087,0.00037399277789518237
2088,0.0003671084705274552
2089,0.0003731552278622985
2090,0.00037930949474684894
2091,0.0003750295436475426
2092,0.00036823039408773184
2093,0.00036795801133848727
2094,0.0003725789429154247
2095,0.00037434021942317486
2096,0.0003704547416418791
2097,0.00036708565312437713
2098,0.0003684097027871758
2099,0.0003712035249918699
2100,0.0003709356824401766
2101,0.0003680208174046129
2102,0.00036676053423434496
2103,0.0003683120012283325
2104,0.0003696161729749292
2105,0.00036861785338260233
2106,0.00036690974957309663
2107,0.00036693827132694423
2108,0.00036817992804571986
2109,0.00036850248579867184
2110,0.0003675495972856879
2111,0.0003667101263999939
2112,0.0003669928410090506
2113,0.0003676669439300895
2114,0.0003676213091239333
2115,0.00036701562930829823
2116,0.0003666775592137128
2117,0.00036693818401545286
2118,0.0003672878083307296
2119,0.00036717610782943666
2120,0.0003667943237815052
2121,0.0003666396369226277
2122,0.0003668448771350086
2123,0.0003670458681881428
2124,0.0003669298894237727
2125,0.0003666838747449219
2126,0.00036661859485320747
2127,0.00036675966111943126
2128,0.0003668604476843029
2129,0.0003667683049570769
2130,0.00036663177888840437
2131,0.000366611173376441
2132,0.00036669132532551885
2133,0.000366741674952209
2134,0.00036668774555437267
2135,0.00036660904879681766
2136,0.00036659021861851215
2137,0.00036663393257185817
2138,0.00036666958476416767
2139,0.00036664080107584596
2140,0.0003665897820610553
2141,0.00036657266900874674
2142,0.0003665978438220918
2143,0.00036662109778262675
2144,0.00036660433397628367
2145,0.00036657400778494775
2146,0.00036656123120337725
2147,0.00036657272721640766
2148,0.0003665863478090614
2149,0.0003665794793050736
2150,0.0003665624826680869
2151,0.0003665500262286514
2152,0.0003665524418465793
2153,0.00036656155134551227
2154,0.00036656041629612446
2155,0.0003665506956167519
2156,0.0003665397525765002
2157,0.00036653841380029917
2158,0.00036654307041317225
2159,0.00036654333234764636
2160,0.00036653870483860373
2161,0.000366531137842685
2162,0.0003665278491098434
2163,0.0003665286931209266
2164,0.00036652901326306164
2165,0.0003665273543447256
2166,0.0003665220574475825
2167,0.0003665181575343013
2168,0.00036651670234277844
2169,0.00036651655682362616
2170,0.0003665159165393561
2171,0.0003665125113911927
2172,0.0003665091935545206
2173,0.0003665067197289318
2174,0.00036650546826422215
2175,0.00036650491529144347
2176,0.00036650284891948104
2177,0.00036650054971687496
2178,0.00036649772664532065
2179,0.0003664958057925105
2180,0.00036649464163929224
2181,0.0003664931282401085
2182,0.00036649141111411154
2183,0.0003664888790808618
2184,0.00036648684181272984
2185,0.0003664851246867329
2186,0.0003664835530798882
2187,0.0003664820978883654
2188,0.0003664800606202334
2189,0.00036647816887125373
2190,0.0003664761607069522
2191,0.0003664745017886162
2192,0.0003664730174932629
2193,0.00036647115484811366
2194,0.0003664694377221167
2195,0.0003664674295578152
2196,0.00036646571243181825
2197,0.00036646402440965176
2198,0.00036646227817982435
2199,0.0003664606483653188
2200,0.00036645884392783046
2201,0.0003664571268018335
2202,0.00036645529326051474
2203,0.0003664535761345178
2204,0.00036645197542384267
2205,0.0003664502000901848
2206,0.00036644862848334014
2207,0.0003664468240458518
2208,0.00036644513602368534
2209,0.0003664433606900275
2210,0.00036644164356403053
2211,0.00036644007195718586
2212,0.00036643832572735846
2213,0.0003664367541205138
2214,0.0003664349496830255
2215,0.00036643329076468945
2216,0.0003664316318463534
2217,0.00036642991472035646
2218,0.0003664282849058509
2219,0.0003664265968836844
2220,0.0003664249088615179
2221,0.00036642327904701233
2222,0.00036642159102484584
2223,0.00036641990300267935
2224,0.00036641821498051286
2225,0.00036641661426983774
2226,0.00036641492624767125
2227,0.0003664133255369961
2228,0.0003664116084109992
2229,0.00036641000770032406
2230,0.0003664083778858185
2231,0.000366406689863652
2232,0.00036640508915297687
2233,0.00036640348844230175
2234,0.0003664018295239657
2235,0.0003664002288132906
2236,0.0003663985407911241
2237,0.00036639691097661853
2238,0.00036639528116211295
2239,0.00036639368045143783
2240,0.0003663920797407627
2241,0.0003663904790300876
2242,0.00036638882011175156
2243,0.0003663872485049069
2244,0.00036638564779423177
2245,0.0003663840179797262
2246,0.0003663824172690511
2247,0.0003663807874545455
2248,0.00036637921584770083
2249,0.0003663775569293648
2250,0.0003663760144263506
2251,0.00036637444281950593
2252,0.00036637281300500035
2253,0.00036637127050198615
2254,0.00036636964068748057
2255,0.0003663680690806359
2256,0.00036636643926613033
2257,0.00036636495497077703
2258,0.0003663633542601019
2259,0.00036636178265325725
2260,0.0003663601237349212
2261,0.00036635855212807655
2262,0.0003663569805212319
2263,0.0003663554380182177
2264,0.0003663538955152035
2265,0.0003663522657006979
2266,0.00036635069409385324
2267,0.00036634920979849994
2268,0.0003663476090878248
2269,0.0003663460665848106
2270,0.0003663445240817964
2271,0.00036634295247495174
2272,0.0003663413808681071
2273,0.00036633978015743196
2274,0.00036633823765441775
2275,0.00036633675335906446
2276,0.00036633515264838934
2277,0.0003663336392492056
2278,0.0003663320967461914
2279,0.0003663305542431772
2280,0.00036632901174016297
2281,0.0003663274983409792
2282,0.000366325955837965
2283,0.00036632444243878126
2284,0.00036632289993576705
2285,0.0003663213283289224
2286,0.00036631972761824727
2287,0.00036631818511523306
2288,0.0003663167590275407
2289,0.0003663152165245265
2290,0.0003663137322291732
2291,0.000366312189726159
2292,0.0003663106763269752
2293,0.0003663091629277915
2294,0.0003663076495286077
2295,0.000366306136129424
2296,0.00036630459362640977
2297,0.0003663031093310565
2298,0.00036630171234719455
2299,0.00036630011163651943
2300,0.00036629862734116614
2301,0.0003662971721496433
2302,0.0003662956296466291
2303,0.00036629417445510626
2304,0.00036629269015975296
2305,0.00036629108944907784
2306,0.000366289634257555
2307,0.00036628812085837126
2308,0.0003662866656668484
2309,0.00036628515226766467
2310,0.00036628369707614183
2311,0.00036628215457312763
2312,0.0003662806993816048
2313,0.00036627924419008195
2314,0.00036627775989472866
2315,0.00036627627559937537
2316,0.0003662747622001916
2317,0.0003662732779048383
2318,0.00036627179360948503
2319,0.00036627030931413174
2320,0.00036626888322643936
2321,0.0003662674280349165
2322,0.0003662659437395632
2323,0.0003662644303403795
2324,0.00036626303335651755
2325,0.0003662615199573338
2326,0.00036626006476581097
2327,0.0003662586386781186
2328,0.00036625718348659575
2329,0.00036625575739890337
2330,0.0003662542731035501
2331,0.0003662527888081968
2332,0.0003662513627205044
2333,0.0003662498784251511
2334,0.00036624845233745873
2335,0.0003662469971459359
2336,0.0003662455128505826
2337,0.0003662440867628902
2338,0.0003662426315713674
2339,0.000366241205483675
2340,0.0003662397211883217
2341,0.00036623835330829024
2342,0.0003662368981167674
2343,0.0003662354138214141
2344,0.00036623398773372173
2345,0.00036623256164602935
2346,0.000366231135558337
2347,0.00036622968036681414
2348,0.00036622825427912176
2349,0.00036622685729525983
2350,0.000366225402103737
2351,0.0003662240051198751
2352,0.0003662225208245218
2353,0.0003662211529444903
2354,0.0003662196977529675
2355,0.000366218329872936
2356,0.0003662168455775827
2357,0.00036621553590521216
2358,0.00036621405160985887
2359,0.0003662127710413188
2360,0.000366211257642135
2361,0.0003662100643850863
2362,0.00036620855098590255
2363,0.0003662074450403452
2364,0.00036620598984882236
2365,0.0003662050876300782
2366,0.00036620392347685993
2367,0.00036620363243855536
2368,0.0003662030503619462
2369,0.00036620430182665586
2370,0.00036620566970668733
2371,0.0003662106755655259
2372,0.0003662176604848355
2373,0.0003662334638647735
2374,0.0003662568051367998
2375,0.00036630313843488693
2376,0.00036637569428421557
2377,0.0003665116964839399
2378,0.00036673370050266385
2379,0.00036714182351715863
2380,0.00036782471579499543
2381,0.00036907888716086745
2382,0.0003711961326189339
2383,0.00037512421840801835
2384,0.0003816686221398413
2385,0.00039396833744831383
2386,0.0004132959002163261
2387,0.0004494800232350826
2388,0.0004968399880453944
2389,0.0005780853680334985
2390,0.0006321019609458745
2391,0.000688198721036315
2392,0.0006046557682566345
2393,0.0004918974009342492
2394,0.0003875619440805167
2395,0.0003788108588196337
2396,0.00044940365478396416
2397,0.0005389530560933053
2398,0.0006259710644371808
2399,0.0005834041512571275
2400,0.00048195512499660254
2401,0.00037853169487789273
2402,0.000389347318559885
2403,0.0004885876551270485
2404,0.0005674329586327076
2405,0.000591172487474978
2406,0.00047892637667246163
2407,0.0003863502060994506
2408,0.0004075287433806807
2409,0.0004868753021582961
2410,0.0005291795241646469
2411,0.00046636624028906226
2412,0.00039136718260124326
2413,0.00037231421447359025
2414,0.0004114876501262188
2415,0.00043777329847216606
2416,0.0004100411606486887
2417,0.0003766257141251117
2418,0.0003699652152135968
2419,0.00038930654409341514
2420,0.0004058316699229181
2421,0.000392419402487576
2422,0.00037084126961417496
2423,0.00036962723243050277
2424,0.0003858645504806191
2425,0.0003946883080061525
2426,0.0003831549547612667
2427,0.0003691340680234134
2428,0.0003684049006551504
2429,0.00037718654493801296
2430,0.00038091224269010127
2431,0.0003745793364942074
2432,0.0003677704662550241
2433,0.0003674629842862487
2434,0.0003721722459886223
2435,0.00037481298204511404
2436,0.00037124304799363017
2437,0.00036679263575933874
2438,0.00036703856312669814
2439,0.00037047985824756324
2440,0.00037182384403422475
2441,0.00036927885957993567
2442,0.00036662109778262675
2443,0.00036672758869826794
2444,0.0003685195988509804
2445,0.000369271234376356
2446,0.00036805152194574475
2447,0.00036654563155025244
2448,0.00036633576382882893
2449,0.000367325555998832
2450,0.0003679945948533714
2451,0.00036735073081217706
2452,0.0003663528186734766
2453,0.00036621507024392486
2454,0.00036685224040411413
2455,0.0003672625753097236
2456,0.0003669207217171788
2457,0.00036635305150412023
2458,0.00036616649595089257
2459,0.00036643806379288435
2460,0.0003667421406134963
2461,0.00036666824598796666
2462,0.00036633096169680357
2463,0.00036610924871638417
2464,0.00036621856270357966
2465,0.0003664391697384417
2466,0.00036644734791480005
2467,0.00036626835935749114
2468,0.00036611640825867653
2469,0.0003661339287646115
2470,0.0003662465314846486
2471,0.00036629746318794787
2472,0.000366237509297207
2473,0.00036612385883927345
2474,0.0003660835500340909
2475,0.00036613974953070283
2476,0.0003661991795524955
2477,0.000366190099157393
2478,0.0003661220835056156
2479,0.0003660776710603386
2480,0.00036608593654818833
2481,0.000366119114914909
2482,0.0003661376831587404
2483,0.0003661152732092887
2484,0.0003660796501208097
2485,0.00036606178036890924
2486,0.0003660743241198361
2487,0.0003660949587356299
2488,0.0003660928050521761
2489,0.0003660753136500716
2490,0.0003660569491330534
2491,0.0003660534566733986
2492,0.0003660618676804006
2493,0.00036606835783459246
2494,0.0003660664660856128
2495,0.0003660536604002118
2496,0.0003660443180706352
2497,0.0003660437068901956
2498,0.00036604824708774686
2499,0.00036605136119760573
2500,0.0003660467336885631
2501,0.0003660404763650149
2502,0.0003660345682874322
2503,0.0003660334041342139
2504,0.00036603567423298955
2505,0.0003660359943751246
2506,0.0003660339571069926
2507,0.00036602868931367993
2508,0.00036602537147700787
2509,0.0003660241200122982
2510,0.00036602409090846777
2511,0.00036602438194677234
2512,0.00036602222826331854
2513,0.0003660196380224079
2514,0.00036601649480871856
2515,0.00036601495230570436
2516,0.0003660144575405866
2517,0.000366013526218012
2518,0.0003660124202724546
2519,0.00036601012106984854
2520,0.0003660080546978861
2521,0.00036600627936422825
2522,0.0003660049696918577
2523,0.0003660043003037572
2524,0.0003660027286969125
2525,0.000366001419024542
2526,0.00036599941086024046
2527,0.00036599786835722625
2528,0.00036599638406187296
2529,0.0003659951325971633
2530,0.0003659940557554364
2531,0.00036599248414859176
2532,0.0003659911162685603
2533,0.00036598939914256334
2534,0.0003659879439510405
2535,0.00036598663427866995
2536,0.00036598523729480803
2537,0.00036598407314158976
2538,0.00036598253063857555
2539,0.000365981220966205
2540,0.0003659796784631908
2541,0.00036597831058315933
2542,0.0003659769718069583
2543,0.00036597560392692685
2544,0.00036597432335838675
2545,0.0003659728681668639
2546,0.0003659715875983238
2547,0.00036597001599147916
2548,0.00036596873542293906
2549,0.00036596733843907714
2550,0.0003659659414552152
2551,0.00036596471909433603
2552,0.0003659632639028132
2553,0.00036596195423044264
2554,0.0003659605572465807
2555,0.0003659592766780406
2556,0.00036595790879800916
2557,0.00036595651181414723
2558,0.00036595523124560714
2559,0.00036595386336557567
2560,0.0003659524954855442
2561,0.0003659511567093432
2562,0.00036594984703697264
2563,0.0003659484791569412
2564,0.00036594714038074017
2565,0.00036594580160453916
2566,0.0003659444337245077
2567,0.00036594312405213714
2568,0.0003659417852759361
2569,0.0003659404756035656
2570,0.00036593907861970365
2571,0.00036593779805116355
2572,0.000365936488378793
2573,0.00036593512049876153
2574,0.0003659337817225605
2575,0.0003659324429463595
2576,0.0003659311914816499
2577,0.0003659298818092793
2578,0.0003659286012407392
2579,0.00036592723336070776
2580,0.00036592595279216766
2581,0.00036592461401596665
2582,0.00036592333344742656
2583,0.0003659219655673951
2584,0.00036592071410268545
2585,0.0003659194044303149
2586,0.00036591809475794435
2587,0.0003659167850855738
2588,0.00036591547541320324
2589,0.0003659141657408327
2590,0.00036591285606846213
2591,0.00036591148818843067
2592,0.0003659101785160601
2593,0.00036590889794752
2594,0.00036590767558664083
2595,0.00036590639501810074
2596,0.00036590505624189973
2597,0.0003659037465695292
2598,0.00036590249510481954
2599,0.00036590121453627944
2600,0.00036589993396773934
2601,0.0003658986242953688
2602,0.0003658973437268287
2603,0.00036589603405445814
2604,0.00036589475348591805
2605,0.00036589347291737795
2606,0.00036589219234883785
2607,0.0003658908826764673
2608,0.00036588963121175766
2609,0.0003658883215393871
2610,0.00036588701186701655
2611,0.00036588573129847646
2612,0.0003658844798337668
2613,0.0003658832283690572
2614,0.0003658819478005171
2615,0.00036588069633580744
2616,0.0003658793866634369
2617,0.0003658781643025577
2618,0.0003658768255263567
2619,0.00036587557406164706
2620,0.0003658742643892765
2621,0.0003658730711322278
2622,0.0003658717905636877
2623,0.00036587053909897804
2624,0.0003658692876342684
2625,0.0003658679488580674
2626,0.00036586663918569684
2627,0.00036586547503247857
2628,0.00036586422356776893
2629,0.0003658629138953984
2630,0.0003658616333268583
2631,0.0003658604109659791
2632,0.000365859130397439
2633,0.00036585787893272936
2634,0.0003658566565718502
2635,0.0003658553760033101
2636,0.00036585412453860044
2637,0.00036585284397006035
2638,0.00036585162160918117
2639,0.0003658503701444715
2640,0.0003658491186797619
2641,0.00036584786721505225
2642,0.00036584658664651215
2643,0.0003658453351818025
2644,0.00036584408371709287
2645,0.0003658428031485528
2646,0.00036584160989150405
2647,0.0003658403584267944
2648,0.00036583910696208477
2649,0.00036583785549737513
2650,0.00036583663313649595
2651,0.00036583541077561677
2652,0.00036583413020707667
2653,0.0003658329078461975
2654,0.0003658316272776574
2655,0.0003658304049167782
2656,0.0003658292116597295
2657,0.00036582796019501984
2658,0.0003658266505226493
2659,0.0003658254281617701
2660,0.0003658242349047214
2661,0.0003658230125438422
2662,0.0003658217319753021
2663,0.00036582048051059246
2664,0.0003658193163573742
2665,0.0003658180357888341
2666,0.00036581678432412446
2667,0.00036581556196324527
2668,0.00036581431049853563
2669,0.0003658131172414869
2670,0.0003658118948806077
2671,0.00036581067251972854
2672,0.0003658094210550189
2673,0.0003658082277979702
2674,0.000365807005437091
2675,0.00036580581218004227
2676,0.00036580453161150217
2677,0.00036580339656211436
2678,0.00036580211599357426
2679,0.00036580098094418645
2680,0.0003657997294794768
2681,0.0003657987399492413
2682,0.0003657974593807012
2683,0.0003657966444734484
2684,0.0003657955676317215
2685,0.00036579513107426465
2686,0.0003657943452708423
2687,0.000365794898243621
2688,0.0003657953639049083
2689,0.00036579841980710626
2690,0.00036580226151272655
2691,0.00036581206950359046
2692,0.00036582586471922696
2693,0.00036585427005775273
2694,0.0003658974601421505
2695,0.00036597956204786897
2696,0.00036611047107726336
2697,0.0003663513925857842
2698,0.00036674790317192674
2699,0.000367471860954538
2700,0.0003686829877551645
2701,0.00037090605474077165
2702,0.0003746194124687463
2703,0.0003815184172708541
2704,0.00039267324609681964
2705,0.0004135438066441566
2706,0.0004438554751686752
2707,0.0004986111307516694
2708,0.0005551290232688189
2709,0.0006379896076396108
2710,0.0006389626068994403
2711,0.0006057345308363438
2712,0.00047657592222094536
2713,0.0003856502298731357
2714,0.0003755856305360794
2715,0.00043486704817041755
2716,0.000528762408066541
2717,0.0005816717748530209
2718,0.0005910355830565095
2719,0.00047639149124734104
2720,0.0003803705330938101
2721,0.00037972122663632035
2722,0.00045632285764440894
2723,0.0005430981400422752
2724,0.0005410317098721862
2725,0.0004746864433400333
2726,0.0003839767014142126
2727,0.0003952142142225057
2728,0.0004835214640479535
2729,0.0005246555665507913
2730,0.0004994509508833289
2731,0.00041235980461351573
2732,0.00037426932249218225
2733,0.0004068318521603942
2734,0.0004438208125066012
2735,0.00044276946573518217
2736,0.000397767435060814
2737,0.00036705887760035694
2738,0.00037760185659863055
2739,0.0004009951662737876
2740,0.00039960857247933745
2741,0.00037635437911376357
2742,0.00036676120362244546
2743,0.00037712129415012896
2744,0.0003888434439431876
2745,0.00038747867802158
2746,0.00037364804302342236
2747,0.00036660642945207655
2748,0.00037345371674746275
2749,0.00038188553298823535
2750,0.00038037155172787607
2751,0.00037066868389956653
2752,0.00036597222788259387
2753,0.00036987807834520936
2754,0.00037422330933623016
2755,0.00037296247319318354
2756,0.0003682047827169299
2757,0.00036607164656743407
2758,0.00036806019488722086
2759,0.00037064627395011485
2760,0.000370172259863466
2761,0.0003671266895253211
2762,0.00036576372804120183
2763,0.000367340020602569
2764,0.0003690096491482109
2765,0.00036854209611192346
2766,0.00036670672125183046
2767,0.0003658550849650055
2768,0.0003665495605673641
2769,0.00036748970160260797
2770,0.0003674500621855259
2771,0.00036644627107307315
2772,0.00036574515979737043
2773,0.00036605464993044734
2774,0.00036671137786470354
2775,0.000366750085959211
2776,0.0003661559894680977
2777,0.00036575025296770036
2778,0.00036588209331966937
2779,0.0003662236558739096
2780,0.0003663326788228005
2781,0.00036606655339710414
2782,0.00036575784906744957
2783,0.00036573506076820195
2784,0.00036595671554096043
2785,0.00036609312519431114
2786,0.0003659584326669574
2787,0.00036575610283762217
2788,0.0003656964981928468
2789,0.0003657883498817682
2790,0.0003658891364466399
2791,0.0003658704226836562
2792,0.00036576471757143736
2793,0.00036567816277965903
2794,0.00036569838994182646
2795,0.00036577408900484443
2796,0.0003657914639916271
2797,0.0003657416091300547
2798,0.0003656807530205697
2799,0.0003656688495539129
2800,0.00036569905932992697
2801,0.00036572603858076036
2802,0.00036572106182575226
2803,0.0003656818007584661
2804,0.00036565508344210684
2805,0.00036566186463460326
2806,0.00036568226641975343
2807,0.0003656905610114336
2808,0.00036567472852766514
2809,0.0003656555782072246
2810,0.0003656454791780561
2811,0.00036565112532116473
2812,0.0003656628541648388
2813,0.0003656623011920601
2814,0.00036565199843607843
2815,0.0003656396584119648
2816,0.00036563677713274956
2817,0.0003656409971881658
2818,0.00036564416950568557
2819,0.00036564364563673735
2820,0.0003656361950561404
2821,0.00036562979221343994
2822,0.0003656277840491384
2823,0.00036562958848662674
2824,0.000365631451131776
2825,0.0003656288608908653
2826,0.00036562522291205823
2827,0.00036562097375281155
2828,0.0003656191402114928
2829,0.000365619664080441
2830,0.00036561954766511917
2831,0.00036561847082339227
2832,0.00036561518209055066
2833,0.0003656126791611314
2834,0.00036561102024279535
2835,0.0003656103217508644
2836,0.0003656100598163903
2837,0.00036560845910571516
2838,0.0003656068001873791
2839,0.00036560435546562076
2840,0.0003656027838587761
2841,0.0003656018525362015
2842,0.0003656007465906441
2843,0.0003655999025795609
2844,0.0003655980690382421
2845,0.00036559649743139744
2846,0.00036559475120157003
2847,0.0003655934997368604
2848,0.00036559251020662487
2849,0.0003655912005342543
2850,0.0003655900654848665
2851,0.00036558840656653047
2852,0.00036558692227117717
2853,0.0003655855543911457
2854,0.00036558430292643607
2855,0.0003655831969808787
2856,0.00036558188730850816
2857,0.00036558054853230715
2858,0.00036557912244461477
2859,0.0003655777545645833
2860,0.0003655764157883823
2861,0.0003655751352198422
2862,0.0003655740001704544
2863,0.000365572574082762
2864,0.00036557132261805236
2865,0.00036556992563419044
2866,0.00036556864506565034
2867,0.0003655672771856189
2868,0.0003655661130324006
2869,0.00036556486156769097
2870,0.00036556346458382905
2871,0.0003655622713267803
2872,0.00036556090344674885
2873,0.0003655596519820392
2874,0.0003655584005173296
2875,0.00036555706174112856
2876,0.00036555586848407984
2877,0.0003655545588117093
2878,0.0003655532782431692
2879,0.00036555196857079864
2880,0.0003655506588984281
2881,0.00036554940743371844
2882,0.00036554806865751743
2883,0.00036554690450429916
2884,0.00036554556572809815
2885,0.00036554434336721897
2886,0.00036554300459101796
2887,0.0003655417531263083
2888,0.00036554053076542914
2889,0.00036553930840454996
2890,0.0003655379987321794
2891,0.0003655367181636393
2892,0.00036553546669892967
2893,0.0003655342443380505
2894,0.0003655329637695104
2895,0.0003655316832009703
2896,0.00036553043173626065
2897,0.00036552920937538147
2898,0.00036552795791067183
2899,0.0003655266482383013
2900,0.0003655253676697612
2901,0.00036552417441271245
2902,0.00036552289384417236
2903,0.0003655216423794627
2904,0.0003655203909147531
2905,0.00036551913945004344
2906,0.00036551785888150334
2907,0.00036551663652062416
2908,0.00036551535595208406
2909,0.0003655141335912049
2910,0.00036551288212649524
2911,0.00036551160155795515
2912,0.00036551037919707596
2913,0.0003655091277323663
2914,0.00036550790537148714
2915,0.0003655065956991166
2916,0.0003655053733382374
2917,0.0003655041509773582
2918,0.0003655029577203095
2919,0.0003655016771517694
2920,0.00036550036747939885
2921,0.0003654991742223501
2922,0.00036549795186147094
2923,0.00036549672950059175
2924,0.00036549544893205166
2925,0.0003654942847788334
2926,0.0003654929460026324
2927,0.0003654917818494141
2928,0.000365490501280874
2929,0.0003654892207123339
2930,0.0003654880274552852
2931,0.000365486805094406
2932,0.00036548555362969637
2933,0.0003654842439573258
2934,0.000365483108907938
2935,0.00036548185744322836
2936,0.0003654806059785187
2937,0.00036547938361763954
2938,0.00036547816125676036
2939,0.00036547696799971163
2940,0.000365475716535002
2941,0.0003654744359664619
2942,0.00036547324270941317
2943,0.000365472020348534
2944,0.00036547076888382435
2945,0.00036546954652294517
2946,0.00036546835326589644
2947,0.0003654671018011868
2948,0.00036546585033647716
2949,0.000365464627975598
2950,0.00036546337651088834
2951,0.00036546215415000916
2952,0.0003654609026852995
2953,0.0003654597094282508
2954,0.00036545851617120206
2955,0.00036545723560266197
2956,0.00036545595503412187
2957,0.00036545487819239497
2958,0.0003654535976238549
2959,0.00036545240436680615
2960,0.00036545118200592697
2961,0.0003654499596450478
2962,0.0003654486790765077
2963,0.0003654473985079676
2964,0.0003654462343547493
2965,0.0003654450410977006
2966,0.00036544378963299096
2967,0.0003654425672721118
2968,0.0003654413449112326
2969,0.00036544015165418386
2970,0.0003654389001894742
2971,0.00036543773603625596
2972,0.0003654364845715463
2973,0.0003654352913144976
2974,0.0003654340689536184
2975,0.0003654328756965697
2976,0.00036543156602419913
2977,0.00036543040187098086
2978,0.00036542920861393213
2979,0.00036542798625305295
2980,0.00036542670568451285
2981,0.00036542551242746413
2982,0.00036542429006658494
2983,0.00036542306770570576
2984,0.0003654218453448266
2985,0.00036542071029543877
2986,0.0003654194006230682
2987,0.0003654181491583586
2988,0.0003654169850051403
2989,0.0003654157917480916
2990,0.00036541454028338194
2991,0.0003654134052339941
2992,0.0003654120664577931
2993,0.0003654109314084053
2994,0.0003654097381513566
2995,0.00036540854489430785
2996,0.00036540732253342867
2997,0.00036540607106871903
2998,0.0003654048196040094
2999,0.00036540377186611295
3000,0.0003654024621937424
3001,0.0003654013271443546
3002,0.00036540013388730586
3003,0.00036539911525323987
3004,0.0003653978346846998
3005,0.0003653970779851079
3006,0.00036539591383188963
3007,0.0003653954772744328
3008,0.00036539466236718
3009,0.00036539501161314547
3010,0.0003653950698208064
3011,0.0003653972817119211
3012,0.0003653995809145272
3013,0.0003654063621070236
3014,0.00036541506415233016
3015,0.0003654334577731788
3016,0.00036545947659760714
3017,0.0003655088075902313
3018,0.00036558264400810003
3019,0.00036571628879755735
3020,0.0003659245267044753
3021,0.00036629478563554585
3022,0.00036688693217001855
3023,0.0003679377259686589
3024,0.00036963511956855655
3025,0.0003726719005499035
3026,0.0003775261575356126
3027,0.00038631120696663857
3028,0.0003996722516603768
3029,0.00042382918763905764
3030,0.0004555241030175239
3031,0.000509413075633347
3032,0.0005533380899578333
3033,0.0006084933411329985
3034,0.0005810335278511047
3035,0.0005258339806459844
3036,0.0004274536622688174
3037,0.00037248723674565554
3038,0.0003772441705223173
3039,0.0004246171156410128
3040,0.0004943262902088463
3041,0.0005320622585713863
3042,0.0005358309717848897
3043,0.00045645629870705307
3044,0.00038606234011240304
3045,0.0003685535630211234
3046,0.0004026911046821624
3047,0.00045333016896620393
3048,0.00046906303032301366
3049,0.00044471106957644224
3050,0.0003868933708872646
3051,0.0003666360571514815
3052,0.00039770276634953916
3053,0.0004400093457661569
3054,0.0004656255478039384
3055,0.0004407921514939517
3056,0.0003951704711653292
3057,0.00036726146936416626
3058,0.00038843153743073344
3059,0.000429747742600739
3060,0.00044030099525116384
3061,0.0004219880502205342
3062,0.0003845531609840691
3063,0.0003689090081024915
3064,0.0003864943573717028
3065,0.0004113848553970456
3066,0.00041740358574315906
3067,0.0003949142701458186
3068,0.00037312626955099404
3069,0.0003685926494654268
3070,0.00037988676922395825
3071,0.0003920396266039461
3072,0.0003893494140356779
3073,0.00037643295945599675
3074,0.000366281921742484
3075,0.000368376262485981
3076,0.00037567931576631963
3077,0.000377499294700101
3078,0.000373423274140805
3079,0.00036751586594618857
3080,0.00036557932617142797
3081,0.00036868741153739393
3082,0.00037185425753705204
3083,0.0003709280281327665
3084,0.0003673275641631335
3085,0.0003655346226878464
3086,0.000366501190001145
3087,0.0003683864779304713
3088,0.00036911890492774546
3089,0.000367671629646793
3090,0.0003657509805634618
3091,0.00036544891190715134
3092,0.0003666927514132112
3093,0.0003676755877677351
3094,0.0003673133032862097
3095,0.0003662589588202536
3096,0.00036543866735883057
3097,0.0003655310720205307
3098,0.00036628739326260984
3099,0.0003666979318950325
3100,0.000366323598427698
3101,0.000365626736311242
3102,0.00036533211823552847
3103,0.0003655252803582698
3104,0.00036588023067452013
3105,0.00036603407352231443
3106,0.00036578014260157943
3107,0.0003654082538560033
3108,0.0003652784798759967
3109,0.0003654293832369149
3110,0.00036561672459356487
3111,0.0003656410553958267
3112,0.00036551360972225666
3113,0.00036532734520733356
3114,0.0003652601735666394
3115,0.0003653464373201132
3116,0.00036544635077007115
3117,0.0003654558095149696
3118,0.0003653746680356562
3119,0.00036528881173580885
3120,0.0003652513842098415
3121,0.00036528572672978044
3122,0.00036534530227072537
3123,0.0003653524909168482
3124,0.00036531308433040977
3125,0.0003652629384305328
3126,0.00036524192546494305
3127,0.00036525377072393894
3128,0.0003652804880402982
3129,0.00036529506905935705
3130,0.0003652754530776292
3131,0.00036524844472296536
3132,0.00036523171002045274
3133,0.0003652329323813319
3134,0.0003652456507552415
3135,0.0003652542654890567
3136,0.0003652518498711288
3137,0.0003652357554528862
3138,0.0003652237937785685
3139,0.00036522012669593096
3140,0.0003652232699096203
3141,0.0003652296436484903
3142,0.0003652300511021167
3143,0.00036522530717775226
3144,0.00036521608126349747
3145,0.00036521110450848937
3146,0.0003652102022897452
3147,0.0003652114246506244
3148,0.0003652138402685523
3149,0.0003652120940387249
3150,0.0003652085433714092
3151,0.00036520350840874016
3152,0.00036520083085633814
3153,0.0003651999868452549
3154,0.000365199928637594
3155,0.0003652004525065422
3156,0.00036519853165373206
3157,0.0003651962033472955
3158,0.00036519303102977574
3159,0.0003651909646578133
3160,0.0003651896840892732
3161,0.0003651889564935118
3162,0.0003651886945590377
3163,0.00036518697743304074
3164,0.000365185464033857
3165,0.0003651832230389118
3166,0.00036518150591291487
3167,0.0003651799925137311
3168,0.00036517888656817377
3169,0.0003651780425570905
3170,0.0003651766455732286
3171,0.0003651754232123494
3172,0.00036517353146336973
3173,0.00036517195985652506
3174,0.00036517041735351086
3175,0.00036516913678497076
3176,0.0003651680308394134
3177,0.0003651667502708733
3178,0.00036516564432531595
3179,0.0003651640145108104
3180,0.0003651626466307789
3181,0.0003651610459201038
3182,0.00036515964893624187
3183,0.0003651584265753627
3184,0.0003651570586953312
3185,0.00036515589454211295
3186,0.0003651544393505901
3187,0.00036515318788588047
3188,0.0003651517035905272
3189,0.0003651503939181566
3190,0.00036514896783046424
3191,0.0003651476581580937
3192,0.00036514640669338405
3193,0.0003651450388133526
3194,0.00036514384555630386
3195,0.00036514236126095057
3196,0.0003651411097962409
3197,0.0003651396546047181
3198,0.00036513834493234754
3199,0.0003651370061561465
3200,0.0003651357546914369
3201,0.00036513444501906633
3202,0.00036513307713903487
3203,0.00036513179657049477
3204,0.00036513039958663285
3205,0.00036512911901809275
3206,0.00036512772203423083
3207,0.00036512644146569073
3208,0.0003651251026894897
3209,0.0003651238221209496
3210,0.00036512245424091816
3211,0.0003651211445685476
3212,0.0003651198057923466
3213,0.00036511849611997604
3214,0.00036511721555143595
3215,0.0003651158476714045
3216,0.00036511453799903393
3217,0.00036511325743049383
3218,0.0003651119186542928
3219,0.00036511060898192227
3220,0.00036510921199806035
3221,0.00036510793142952025
3222,0.00036510665086098015
3223,0.0003651053411886096
3224,0.0003651040024124086
3225,0.00036510269274003804
3226,0.0003651013830676675
3227,0.0003651000442914665
3228,0.000365098676411435
3229,0.00036509736673906446
3230,0.00036509617348201573
3231,0.0003650947764981538
3232,0.0003650934377219528
3233,0.00036509212804958224
3234,0.0003650907601695508
3235,0.0003650894796010107
3236,0.0003650881990324706
3237,0.0003650868602562696
3238,0.00036508552148006856
3239,0.00036508424091152847
3240,0.00036508290213532746
3241,0.00036508156335912645
3242,0.0003650802536867559
3243,0.0003650790313258767
3244,0.00036507772165350616
3245,0.0003650762955658138
3246,0.00036507504410110414
3247,0.00036507376353256404
3248,0.0003650723956525326
3249,0.0003650711150839925
3250,0.00036506980541162193
3251,0.0003650684957392514
3252,0.0003650671278592199
3253,0.00036506581818684936
3254,0.00036506453761830926
3255,0.00036506319884210825
3256,0.0003650618891697377
3257,0.0003650605503935367
3258,0.00036505929892882705
3259,0.0003650579019449651
3260,0.00036505659227259457
3261,0.00036505534080788493
3262,0.00036505397292785347
3263,0.00036505269235931337
3264,0.0003650513244792819
3265,0.0003650501021184027
3266,0.00036504873423837125
3267,0.0003650474827736616
3268,0.0003650460857897997
3269,0.00036504477611742914
3270,0.00036504349554888904
3271,0.00036504215677268803
3272,0.000365040817996487
3273,0.0003650395374279469
3274,0.0003650381986517459
3275,0.0003650369180832058
3276,0.00036503560841083527
3277,0.00036503432784229517
3278,0.00036503293085843325
3279,0.00036503165028989315
3280,0.0003650303406175226
3281,0.00036502903094515204
3282,0.00036502775037661195
3283,0.0003650263824965805
3284,0.00036502504372037947
3285,0.0003650237631518394
3286,0.0003650224534794688
3287,0.0003650211729109287
3288,0.00036501989234238863
3289,0.00036501861177384853
3290,0.00036501718568615615
3291,0.00036501605063676834
3292,0.0003650146536529064
3293,0.00036501369322650135
3294,0.00036501220893114805
3295,0.00036501127760857344
3296,0.00036501011345535517
3297,0.0003650095022749156
3298,0.0003650085418485105
3299,0.0003650086873676628
3300,0.0003650082799140364
3301,0.0003650098806247115
3302,0.00036501127760857344
3303,0.00036501637077890337
3304,0.0003650221333373338
3305,0.0003650354337878525
3306,0.00036505289608612657
3307,0.00036508659832179546
3308,0.00036513429949991405
3309,0.000365220446838066
3310,0.0003653485036920756
3311,0.00036557260318659246
3312,0.00036591727985069156
3313,0.00036651515983976424
3314,0.00036745096440427005
3315,0.0003690803423523903
3316,0.00037163388333283365
3317,0.0003761254483833909
3318,0.0003829923225566745
3319,0.00039516808465123177
3320,0.00041235354728996754
3321,0.00044228771002963185
3322,0.0004759641014970839
3323,0.0005282940692268312
3324,0.0005530460621230304
3325,0.0005724068614654243
3326,0.0005161368753761053
3327,0.00044861488277092576
3328,0.0003853559901472181
3329,0.0003665983385872096
3330,0.00038851978024467826
3331,0.00043217523489147425
3332,0.0004852321289945394
3333,0.0004997695214115083
3334,0.0004843635833822191
3335,0.0004233384388498962
3336,0.00037814376992173493
3337,0.0003679825458675623
3338,0.000388808868592605
3339,0.00042024930007755756
3340,0.00042970324284397066
3341,0.00041455638711340725
3342,0.00038246798794716597
3343,0.00036599411396309733
3344,0.0003714017220772803
3345,0.00038830190896987915
3346,0.0004048061673529446
3347,0.0004039510677102953
3348,0.00038824148941785097
3349,0.00036973346141166985
3350,0.00036602141335606575
3351,0.00037514587165787816
3352,0.00038616001256741583
3353,0.0003917478898074478
3354,0.0003844215825665742
3355,0.00037200780934654176
3356,0.00036520633148029447
3357,0.0003683398535940796
3358,0.0003757394151762128
3359,0.0003807628236245364
3360,0.0003805921005550772
3361,0.0003733964404091239
3362,0.0003664727264549583
3363,0.0003654983302112669
3364,0.0003692765603773296
3365,0.00037351969513110816
3366,0.00037479697493836284
3367,0.00037234797491692007
3368,0.0003674927575048059
3369,0.00036503208684735
3370,0.0003662300587166101
3371,0.0003687952703330666
3372,0.0003707653668243438
3373,0.0003705168201122433
3374,0.0003681993985082954
3375,0.00036562891909852624
3376,0.00036505082971416414
3377,0.0003661183291114867
3378,0.0003674793697427958
3379,0.0003682856622617692
3380,0.0003676665073726326
3381,0.00036617438308894634
3382,0.000365091284038499
3383,0.00036506730248220265
3384,0.000365670130122453
3385,0.00036637671291828156
3386,0.00036671230918727815
3387,0.0003662439121399075
3388,0.0003654808970168233
3389,0.0003650020807981491
3390,0.0003649621794465929
3391,0.00036524637835100293
3392,0.0003656277840491384
3393,0.0003657798224594444
3394,0.0003655486216302961
3395,0.0003652201557997614
3396,0.0003649619175121188
3397,0.00036487134639173746
3398,0.0003649831051006913
3399,0.00036516902036964893
3400,0.0003652624145615846
3401,0.00036521002766676247
3402,0.00036509110941551626
3403,0.00036493880907073617
3404,0.000364854175131768
3405,0.0003648728015832603
3406,0.0003649384016171098
3407,0.00036500178975984454
3408,0.00036502446164377034
3409,0.00036499800626188517
3410,0.0003649258869700134
3411,0.00036486960016191006
3412,0.00036484128213487566
3413,0.00036484410520642996
3414,0.00036487483885139227
3415,0.0003649032732937485
3416,0.00036491299397312105
3417,0.00036489713238552213
3418,0.000364873674698174
3419,0.00036484270822256804
3420,0.0003648257697932422
3421,0.0003648257115855813
3422,0.00036483362782746553
3423,0.0003648457059171051
3424,0.00036485210875980556
3425,0.0003648515557870269
3426,0.00036483933217823505
3427,0.00036482824361883104
3428,0.0003648164856713265
3429,0.0003648100537247956
3430,0.0003648101119324565
3431,0.000364813138730824
3432,0.00036481712595559657
3433,0.0003648179117590189
3434,0.0003648173878900707
3435,0.0003648115089163184
3436,0.00036480644484981894
3437,0.0003648006240837276
3438,0.0003647969278972596
3439,0.00036479521077126265
3440,0.0003647950361482799
3441,0.0003647957928478718
3442,0.000364795298082754
3443,0.00036479515256360173
3444,0.0003647925623226911
3445,0.00036479035043157637
3446,0.00036478694528341293
3447,0.0003647843550425023
3448,0.0003647817065939307
3449,0.00036478013498708606
3450,0.0003647790872491896
3451,0.00036477798130363226
3452,0.0003647774865385145
3453,0.00036477611865848303
3454,0.00036477501271292567
3455,0.00036477288813330233
3456,0.0003647713747341186
3457,0.00036476910463534296
3458,0.00036476735840551555
3459,0.00036476546665653586
3460,0.00036476392415352166
3461,0.00036476243985816836
3462,0.0003647610719781369
3463,0.00036475990782491863
3464,0.00036475848173722625
3465,0.0003647572884801775
3466,0.00036475565866567194
3467,0.0003647543489933014
3468,0.0003647525445558131
3469,0.0003647511184681207
3470,0.00036474940134212375
3471,0.00036474797525443137
3472,0.00036474631633609533
3473,0.0003647448611445725
3474,0.0003647433186415583
3475,0.0003647418925538659
3476,0.00036474043736234307
3477,0.0003647390112746507
3478,0.00036473755608312786
3479,0.00036473607178777456
3480,0.00036473479121923447
3481,0.0003647332196123898
3482,0.0003647318226285279
3483,0.00036473028012551367
3484,0.00036472888314165175
3485,0.00036472728243097663
3486,0.00036472585634328425
3487,0.0003647243429441005
3488,0.0003647228004410863
3489,0.000364721316145733
3490,0.0003647199191618711
3491,0.0003647184348665178
3492,0.0003647169505711645
3493,0.00036471549537964165
3494,0.0003647139819804579
3495,0.00036471252678893507
3496,0.00036471104249358177
3497,0.000364709529094398
3498,0.000364708190318197
3499,0.00036470667691901326
3500,0.0003647051635198295
3501,0.00036470373743213713
3502,0.00036470225313678384
3503,0.00036470076884143054
3504,0.00036469928454607725
3505,0.0003646979166660458
3506,0.00036469631595537066
3507,0.0003646949480753392
3508,0.00036469343467615545
3509,0.000364692066796124
3510,0.00036469046608544886
3511,0.0003646891564130783
3512,0.0003646876139100641
3513,0.0003646862751338631
3514,0.00036468467442318797
3515,0.0003646833647508174
3516,0.00036468185135163367
3517,0.00036468057078309357
3518,0.0003646790864877403
3519,0.0003646778641268611
3520,0.00036467640893533826
3521,0.0003646755067165941
3522,0.00036467405152507126
3523,0.00036467346944846213
3524,0.00036467236350290477
3525,0.00036467245081439614
3526,0.0003646719560492784
3527,0.0003646734112408012
3528,0.0003646743134595454
3529,0.00036467864993028343
3530,0.00036468301550485194
3531,0.0003646935510914773
3532,0.00036470621125772595
3533,0.0003647307166829705
3534,0.00036476290551945567
3535,0.0003648201818577945
3536,0.0003648998390417546
3537,0.00036503610317595303
3538,0.00036523331073112786
3539,0.0003655650361906737
3540,0.00036605758941732347
3541,0.0003668843419291079
3542,0.00036812672624364495
3543,0.00037022598553448915
3544,0.0003733609337359667
3545,0.0003787127498071641
3546,0.00038641487481072545
3547,0.0003996060404460877
3548,0.00041671833605505526
3549,0.00044512422755360603
3550,0.0004728439962491393
3551,0.0005126572796143591
3552,0.0005227600922808051
3553,0.0005247591179795563
3554,0.00047492163139395416
3555,0.0004225869197398424
3556,0.00037882293690927327
3557,0.00036534015089273453
3558,0.00037871510721743107
3559,0.00040765065932646394
3560,0.0004434238944668323
3561,0.00045930928899906576
3562,0.00045929831685498357
3563,0.0004262178554199636
3564,0.0003921372117474675
3565,0.0003690752200782299
3566,0.0003680812369566411
3567,0.0003836907271761447
3568,0.0004005605587735772
3569,0.0004092028830200434
3570,0.00040047772927209735
3571,0.000385838357033208
3572,0.0003712995967362076
3573,0.0003649850550573319
3574,0.0003674877225421369
3575,0.00037475998396985233
3576,0.00038111614412628114
3577,0.00038099446101114154
3578,0.00037610880099236965
3579,0.0003692496393341571
3580,0.00036513639497570693
3581,0.0003651818842627108
3582,0.0003682462847791612
3583,0.000371777918189764
3584,0.0003730023163370788
3585,0.00037174002500250936
3586,0.00036859148531220853
3587,0.0003658079949673265
3588,0.0003646092663984746
3589,0.0003652354353107512
3590,0.0003668104181997478
3591,0.0003680080408230424
3592,0.0003681975358631462
3593,0.00036722287768498063
3594,0.00036589804221875966
3595,0.00036486261524260044
3596,0.0003645906690508127
3597,0.0003650090948212892
3598,0.00036568802897818387
3599,0.00036619577440433204
3600,0.00036618378362618387
3601,0.0003657682391349226
3602,0.0003651464357972145
3603,0.00036468845792114735
3604,0.00036455283407121897
3605,0.0003647205594461411
3606,0.0003650265571195632
3607,0.00036524818278849125
3608,0.0003652981831692159
3609,0.00036513389204628766
3610,0.00036488703335635364
3611,0.00036465103039518
3612,0.0003645345277618617
3613,0.0003645501856226474
3614,0.0003646516124717891
3615,0.0003647709090728313
3616,0.0003648277197498828
3617,0.0003648170386441052
3618,0.00036473345244303346
3619,0.0003646358964033425
3620,0.0003645498654805124
3621,0.0003645105171017349
3622,0.0003645169490482658
3623,0.0003645528049673885
3624,0.0003645987599156797
3625,0.00036462294519878924
3626,0.0003646254481282085
3627,0.0003645962569862604
3628,0.00036455964436754584
3629,0.00036452076165005565
3630,0.00036449762410484254
3631,0.0003644899697974324
3632,0.0003644962271209806
3633,0.00036451133200898767
3634,0.000364523206371814
3635,0.00036453205393627286
3636,0.0003645281249191612
3637,0.0003645200631581247
3638,0.00036450408515520394
3639,0.0003644908720161766
3640,0.0003644789394456893
3641,0.000364473118679598
3642,0.0003644720127340406
3643,0.00036447393358685076
3644,0.00036447829916141927
3645,0.00036448027822189033
3646,0.00036448228638619184
3647,0.00036447931779548526
3648,0.00036447634920477867
3649,0.0003644700918812305
3650,0.0003644651733338833
3651,0.0003644593234639615
3652,0.0003644556854851544
3653,0.0003644528042059392
3654,0.0003644512325990945
3655,0.0003644509124569595
3656,0.00036445027217268944
3657,0.00036445053410716355
3658,0.00036444925353862345
3659,0.0003644486714620143
3660,0.0003644463140517473
3661,0.00036444468423724174
3662,0.0003644416283350438
3663,0.00036443944554775953
3664,0.0003644363605417311
3665,0.0003644342068582773
3666,0.00036443170392885804
3667,0.0003644298412837088
3668,0.00036442792043089867
3669,0.00036442637792788446
3670,0.0003644249518401921
3671,0.0003644233802333474
3672,0.00036442236159928143
3673,0.00036442067357711494
3674,0.0003644195385277271
3675,0.0003644176758825779
3676,0.00036441642441786826
3677,0.00036441447446122766
3678,0.0003644130192697048
3679,0.00036441092379391193
3680,0.0003644094686023891
3681,0.0003644074313342571
3682,0.00036440594703890383
3683,0.0003644039388746023
3684,0.000364402454579249
3685,0.0003644004464149475
3686,0.0003643989621195942
3687,0.0003643970121629536
3688,0.00036439549876376987
3689,0.0003643935779109597
3690,0.00036439206451177597
3691,0.00036439020186662674
3692,0.0003643887466751039
3693,0.0003643869422376156
3694,0.00036438531242311
3695,0.00036438359529711306
3696,0.00036438205279409885
3697,0.00036438030656427145
3698,0.0003643787931650877
3699,0.0003643770469352603
3700,0.000364375562639907
3701,0.00036437372909858823
3702,0.00036437230301089585
3703,0.000364370527677238
3704,0.000364369188901037
3705,0.0003643674135673791
3706,0.00036436610389500856
3707,0.000364364474080503
3708,0.0003643633390311152
3709,0.00036436173832044005
3710,0.0003643609816208482
3711,0.0003643596137408167
3712,0.0003643594973254949
3713,0.00036435865331441164
3714,0.0003643596719484776
3715,0.00036436005029827356
3716,0.00036436342634260654
3717,0.0003643665404524654
3718,0.00036437477683648467
3719,0.0003643840318545699
3720,0.00036440292024053633
3721,0.0003644264070317149
3722,0.0003644689859356731
3723,0.0003645257675088942
3724,0.00036462300340645015
3725,0.0003647590347100049
3726,0.00036498610279522836
3727,0.00036531410296447575
3728,0.0003658572386484593
3729,0.0003666559641715139
3730,0.00036798283690586686
3731,0.0003699389926623553
3732,0.0003732176555786282
3733,0.00037795485695824027
3734,0.0003859555290546268
3735,0.0003967922821175307
3736,0.0004149114538449794
3737,0.0004356339923106134
3738,0.0004679084522649646
3739,0.0004900946514680982
3740,0.0005159800057299435
3741,0.0005006808787584305
3742,0.00047382444608956575
3743,0.00042122756713069975
3744,0.0003821630962193012
3745,0.00036516282125376165
3746,0.00037144197267480195
3747,0.00039387939614243805
3748,0.00042003655107691884
3749,0.00044417567551136017
3750,0.000443725090008229
3751,0.0004304851172491908
3752,0.0003997830208390951
3753,0.0003750274481717497
3754,0.0003652309824246913
3755,0.00037231307942420244
3756,0.00038822038914076984
3757,0.00040022810571826994
3758,0.00040467659709975123
3759,0.0003955935244448483
3760,0.00038247762131504714
3761,0.00036991789238527417
3762,0.00036459966213442385
3763,0.0003669773868750781
3764,0.0003734428610187024
3765,0.0003791201743297279
3766,0.0003792952047660947
3767,0.00037535419687628746
3768,0.00036934640957042575
3769,0.0003652377927210182
3770,0.00036440472467802465
3771,0.00036637746961787343
3772,0.0003693113976623863
3773,0.00037095946026965976
3774,0.00037072753184475005
3775,0.0003686088602989912
3776,0.0003662008966784924
3777,0.0003645759425126016
3778,0.0003643895033746958
3779,0.0003653473686426878
3780,0.0003665738913696259
3781,0.0003673340834211558
3782,0.0003671050362754613
3783,0.0003662294475361705
3784,0.000365114159649238
3785,0.00036438225652091205
3786,0.0003642523952294141
3787,0.0003646190161816776
3788,0.0003651626466307789
3789,0.00036550129880197346
3790,0.00036551000084728
3791,0.0003651640145108104
3792,0.00036471907515078783
3793,0.0003643496602308005
3794,0.0003642092633526772
3795,0.00036429299507290125
3796,0.0003644954413175583
3797,0.0003646968398243189
3798,0.0003647708217613399
3799,0.00036472006468102336
3800,0.00036455190274864435
3801,0.00036437157541513443
3802,0.0003642322262749076
3803,0.00036418536910787225
3804,0.0003642227384261787
3805,0.0003643021918833256
3806,0.00036438435199670494
3807,0.00036441723932512105
3808,0.000364405830623582
3809,0.00036434372304938734
3810,0.0003642737865447998
3811,0.0003642081283032894
3812,0.0003641731454990804
3813,0.0003641679941210896
3814,0.0003641862131189555
3815,0.000364217150490731
3816,0.00036423938581719995
3817,0.0003642515803221613
3818,0.0003642406954895705
3819,0.0003642216033767909
3820,0.0003641924122348428
3821,0.0003641692746896297
3822,0.0003641514922492206
3823,0.000364144827472046
3824,0.0003641467192210257
3825,0.00036415294744074345
3826,0.0003641622606664896
3827,0.00036416648072190583
3828,0.000364169041858986
3829,0.00036416362854652107
3830,0.0003641574294306338
3831,0.0003641466028057039
3832,0.0003641380462795496
3833,0.00036412946064956486
3834,0.00036412457120604813
3835,0.000364121631719172
3836,0.00036412084591574967
3837,0.0003641217772383243
3838,0.00036412212648428977
3839,0.00036412329063750803
3840,0.0003641220391727984
3841,0.000364121311577037
3842,0.00036411776090972126
3843,0.0003641151124611497
3844,0.00036411057226359844
3845,0.00036410734173841774
3846,0.0003641032089944929
3847,0.00036410041502676904
3848,0.0003640975337475538
3849,0.00036409543827176094
3850,0.0003640936629381031
3851,0.0003640920331235975
3852,0.0003640909562818706
3853,0.00036408929736353457
3854,0.00036408824962563813
3855,0.00036408641608431935
3856,0.0003640852228272706
3857,0.00036408298183232546
3858,0.000364081613952294
3859,0.0003640791983343661
3860,0.0003640774521045387
3861,0.00036407492007128894
3862,0.0003640731156338006
3863,0.00036407061270438135
3864,0.00036406877916306257
3865,0.00036406636354513466
3866,0.00036406450089998543
3867,0.0003640622308012098
3868,0.0003640603681560606
3869,0.0003640582144726068
3870,0.0003640564391389489
3871,0.0003640543727669865
3872,0.0003640525392256677
3873,0.0003640505310613662
3874,0.00036404866841621697
3875,0.0003640466893557459
3876,0.00036404485581442714
3877,0.0003640430513769388
3878,0.0003640411305241287
3879,0.00036403926787897944
3880,0.0003640373470261693
3881,0.0003640355134848505
3882,0.0003640336508397013
3883,0.00036403167177923024
3884,0.00036402983823791146
3885,0.0003640279464889318
3886,0.00036402602563612163
3887,0.00036402413388714194
3888,0.00036402230034582317
3889,0.00036402043770067394
3890,0.00036401860415935516
3891,0.0003640167706180364
3892,0.00036401479155756533
3893,0.00036401295801624656
3894,0.0003640110371634364
3895,0.0003640093491412699
3896,0.00036400737008079886
3897,0.00036400571116246283
3898,0.00036400381941348314
3899,0.00036400239332579076
3900,0.0003640005015768111
3901,0.0003639994247350842
3902,0.00036399788223206997
3903,0.0003639973874669522
3904,0.0003639964561443776
3905,0.00036399750388227403
3906,0.0003639981441665441
3907,0.0003640023060142994
3908,0.00036400696262717247
3909,0.0003640184295363724
3910,0.00036403301055543125
3911,0.0003640617069322616
3912,0.00036410108441486955
3913,0.0003641723014879972
3914,0.0003642751253210008
3915,0.0003644535900093615
3916,0.00036472041392698884
3917,0.0003651769075077027
3918,0.00036587388603948057
3919,0.00036706600803881884
3920,0.00036889559123665094
3921,0.0003720481472555548
3922,0.00037680641980841756
3923,0.00038506832788698375
3924,0.00039680409827269614
3925,0.0004169681342318654
3926,0.00044118970981799066
3927,0.00047966837882995605
3928,0.0005069306935183704
3929,0.0005376426852308214
3930,0.0005157255800440907
3931,0.00047775014536455274
3932,0.000414630543673411
3933,0.00037407042691484094
3934,0.0003654024039860815
3935,0.0003841356374323368
3936,0.00041954353218898177
3937,0.00044943371904082596
3938,0.000468171841930598
3939,0.0004467671096790582
3940,0.00041334290290251374
3941,0.0003782612329814583
3942,0.0003653358144219965
3943,0.00037591252475976944
3944,0.0003961795009672642
3945,0.00041183113353326917
3946,0.00040797333349473774
3947,0.0003939649323001504
3948,0.00037541790516115725
3949,0.0003651193983387202
3950,0.0003659635258372873
3951,0.0003741111431736499
3952,0.00038215561653487384
3953,0.00038247270276769996
3954,0.00037664943374693394
3955,0.00036854803329333663
3956,0.00036420172546058893
3957,0.0003650930302683264
3958,0.0003692343016155064
3959,0.00037311494816094637
3960,0.00037339277332648635
3961,0.00037068483652547
3962,0.000366673048119992
3963,0.0003642074589151889
3964,0.0003642758820205927
3965,0.0003661016817204654
3966,0.0003679722431115806
3967,0.0003683370887301862
3968,0.0003672938037198037
3969,0.0003654870961327106
3970,0.00036417844239622355
3971,0.0003639337664935738
3972,0.00036461278796195984
3973,0.00036555685801431537
3974,0.00036599498707801104
3975,0.00036574198747985065
3976,0.00036493432708084583
3977,0.00036417433875612915
3978,0.0003638420021161437
3979,0.00036402008845470846
3980,0.00036446278681978583
3981,0.00036479608388617635
3982,0.00036484666634351015
3983,0.00036456872476264834
3984,0.0003641918592620641
3985,0.0003638960188254714
3986,0.00036382011603564024
3987,0.0003639407514128834
3988,0.00036412751069292426
3989,0.000364259205525741
3990,0.0003642392694018781
3991,0.00036411682958714664
3992,0.0003639461356215179
3993,0.0003638284688349813
3994,0.0003637957852333784
3995,0.00036384063423611224
3996,0.0003639217757154256
3997,0.00036397602525539696
3998,0.0003639856295194477
3999,0.00036393472691997886
4000,0.0003638656926341355
4001,0.00036380180972628295
4002,0.00036377462674863636
4003,0.0003637830668594688
4004,0.0003638105990830809
4005,0.000363841449143365
4006,0.00036385125713422894
4007,0.0003638449707068503
4008,0.00036381755489856005
4009,0.00036378929507918656
4010,0.00036376446951180696
4011,0.0003637542249634862
4012,0.0003637569898273796
4013,0.00036376621574163437
4014,0.0003637777117546648
4015,0.00036378036020323634
4016,0.00036377832293510437
4017,0.00036376671050675213
4018,0.0003637550980783999
4019,0.00036374261253513396
4020,0.00036373542388901114
4021,0.0003637325717136264
4022,0.0003637330955825746
4023,0.0003637362679000944
4024,0.0003637370828073472
4025,0.00036373769398778677
4026,0.0003637337067630142
4027,0.00036372963222675025
4028,0.00036372305476106703
4029,0.00036371799069456756
4030,0.00036371315945871174
4031,0.000363710307283327
4032,0.0003637088811956346
4033,0.0003637077461462468
4034,0.0003637074551079422
4035,0.0003637058543972671
4036,0.00036370469024404883
4037,0.00036370157613418996
4038,0.00036369901499710977
4039,0.0003636952314991504
4040,0.0003636923211161047
4041,0.0003636889741756022
4042,0.00036368652945384383
4043,0.0003636842593550682
4044,0.0003636821638792753
4045,0.00036368059227243066
4046,0.00036367858410812914
4047,0.0003636769251897931
4048,0.0003636746550910175
4049,0.0003636728215496987
4050,0.0003636701439972967
4051,0.0003636680485215038
4052,0.0003636652836576104
4053,0.0003636630135588348
4054,0.00036366042331792414
4055,0.00036365821142680943
4056,0.0003636558831203729
4057,0.0003636536712292582
4058,0.0003636514884419739
4059,0.0003636493638623506
4060,0.0003636473265942186
4061,0.0003636451147031039
4062,0.00036364304833114147
4063,0.0003636408073361963
4064,0.00036363882827572525
4065,0.0003636364999692887
4066,0.00036363437538966537
4067,0.0003636320470832288
4068,0.00036362989339977503
4069,0.0003636274777818471
4070,0.0003636253240983933
4071,0.00036362302489578724
4072,0.0003636209003161639
4073,0.00036361851380206645
4074,0.00036361636011861265
4075,0.0003636141191236675
4076,0.0003636118781287223
4077,0.0003636096080299467
4078,0.0003636075125541538
4079,0.0003636052424553782
4080,0.0003636030596680939
4081,0.00036360081867314875
4082,0.00036359860678203404
4083,0.00036359639489091933
4084,0.00036359421210363507
4085,0.00036359194200485945
4086,0.00036358973011374474
4087,0.0003635875473264605
4088,0.0003635853063315153
4089,0.0003635830944404006
4090,0.000363580824341625
4091,0.0003635786706581712
4092,0.00036357634235173464
4093,0.00036357430508360267
4094,0.00036357197677716613
4095,0.0003635697939898819
4096,0.0003635674947872758
4097,0.00036356542841531336
4098,0.0003635631001088768
4099,0.0003635611792560667
4100,0.0003635588218457997
4101,0.0003635569883044809
4102,0.00036355468910187483
4103,0.0003635530883911997
4104,0.000363550876500085
4105,0.0003635495959315449
4106,0.0003635477041825652
4107,0.0003635472385212779
4108,0.0003635460452642292
4109,0.0003635469183791429
4110,0.0003635473258327693
4111,0.0003635510802268982
4112,0.0003635549801401794
4113,0.00036356516648083925
4114,0.0003635772445704788
4115,0.00036360142985358834
4116,0.00036363262915983796
4117,0.0003636887122411281
4118,0.0003637656045611948
4119,0.00036389712477102876
4120,0.00036408446612767875
4121,0.00036439800169318914
4122,0.00036485696909949183
4123,0.0003656207409221679
4124,0.0003667525015771389
4125,0.0003686441632453352
4126,0.00037143187364563346
4127,0.0003761286789085716
4128,0.0003828096087090671
4129,0.000394072150811553
4130,0.00040858122520148754
4131,0.000432234606705606
4132,0.0004555784398689866
4133,0.0004885939997620881
4134,0.0004990643355995417
4135,0.0005033115739934146
4136,0.00046536754234693944
4137,0.0004228966135997325
4138,0.000382313912268728
4139,0.0003645289980340749
4140,0.00036914905649609864
4141,0.00038889783900231123
4142,0.0004158231895416975
4143,0.000432777451351285
4144,0.0004397836746647954
4145,0.000421177945099771
4146,0.0003958303132094443
4147,0.0003720202948898077
4148,0.00036423149867914617
4149,0.00037263130070641637
4150,0.00038813785067759454
4151,0.000402183854021132
4152,0.0004036224272567779
4153,0.00039625854697078466
4154,0.00038067097193561494
4155,0.0003683003014884889
4156,0.0003638060879893601
4157,0.00036762174568139017
4158,0.0003752281190827489
4159,0.00037989180418662727
4160,0.00037960996269248426
4161,0.00037411352968774736
4162,0.00036807332071475685
4163,0.0003641257935669273
4164,0.00036381144309416413
4165,0.00036623046617023647
4166,0.00036905091837979853
4167,0.0003704671689774841
4168,0.0003693543840199709
4169,0.0003669199359137565
4170,0.00036446170997805893
4171,0.00036340352380648255
4172,0.00036394718335941434
4173,0.0003653249004855752
4174,0.00036651958362199366
4175,0.00036666064988821745
4176,0.00036590066156350076
4177,0.0003646501572802663
4178,0.000363699859008193
4179,0.0003633925807662308
4180,0.0003637105692178011
4181,0.00036431659827940166
4182,0.000364748906577006
4183,0.0003648119745776057
4184,0.0003644416865427047
4185,0.00036392564652487636
4186,0.0003634914755821228
4187,0.0003633377782534808
4188,0.0003634558815974742
4189,0.0003637014888226986
4190,0.0003639189526438713
4191,0.00036396426730789244
4192,0.00036385859129950404
4193,0.00036363923572935164
4194,0.0003634405438788235
4195,0.0003633257874753326
4196,0.0003633270098362118
4197,0.00036341167287901044
4198,0.00036350879236124456
4199,0.0003635752946138382
4200,0.000363565341103822
4201,0.00036350678419694304
4202,0.00036341245868243277
4203,0.00036333512980490923
4204,0.00036329173599369824
4205,0.0003632931911852211
4206,0.0003633263404481113
4207,0.00036336263292469084
4208,0.00036339007783681154
4209,0.00036338751669973135
4210,0.00036336868652142584
4211,0.0003633316664490849
4212,0.0003632984880823642
4213,0.0003632719744928181
4214,0.00036326207919046283
4215,0.0003632662701420486
4216,0.00036327706766314805
4217,0.0003632904263213277
4218,0.0003632945299614221
4219,0.00036329420981928706
4220,0.00036328297574073076
4221,0.0003632708976510912
4222,0.0003632551815826446
4223,0.00036324403481557965
4224,0.0003632363223005086
4225,0.00036323373205959797
4226,0.00036323515814729035
4227,0.0003632368170656264
4228,0.0003632394946180284
4229,0.00036323824315331876
4230,0.00036323696258477867
4231,0.00036323120002634823
4232,0.00036322607775218785
4233,0.0003632187726907432
4234,0.00036321341758593917
4235,0.00036320817889645696
4236,0.0003632047737482935
4237,0.000363202445441857
4238,0.0003632007574196905
4239,0.0003631998260971159
4240,0.00036319802165962756
4241,0.0003631967992987484
4242,0.0003631938889157027
4243,0.000363191677024588
4244,0.00036318780621513724
4245,0.00036318483762443066
4246,0.00036318073398433626
4247,0.00036317764897830784
4248,0.00036317401099950075
4249,0.00036317112972028553
4250,0.0003631682775449008
4251,0.00036316554178483784
4252,0.0003631631552707404
4253,0.0003631605941336602
4254,0.00036315841134637594
4255,0.0003631558211054653
4256,0.0003631535801105201
4257,0.00036315081524662673
4258,0.00036314857425168157
4259,0.0003631455183494836
4260,0.0003631431609392166
4261,0.0003631401341408491
4262,0.0003631376021075994
4263,0.0003631345753092319
4264,0.0003631320141721517
4265,0.0003631289873737842
4266,0.00036312639713287354
4267,0.00036312348674982786
4268,0.0003631209547165781
4269,0.00036311804433353245
4270,0.0003631153958849609
4271,0.0003631125728134066
4272,0.0003631099534686655
4273,0.0003631071886047721
4274,0.000363104569260031
4275,0.0003631019499152899
4276,0.0003630992432590574
4277,0.0003630965657066554
4278,0.0003630938590504229
4279,0.00036309121060185134
4280,0.0003630885330494493
4281,0.00036308588460087776
4282,0.0003630831779446453
4283,0.0003630805585999042
4284,0.0003630777937360108
4285,0.0003630751452874392
4286,0.00036307238042354584
4287,0.0003630697901826352
4288,0.0003630670253187418
4289,0.0003630644641816616
4290,0.0003630615829024464
4291,0.0003630590217653662
4292,0.0003630562569014728
4293,0.00036305372486822307
4294,0.0003630509600043297
4295,0.00036304857349023223
4296,0.00036304580862633884
4297,0.00036304359673522413
4298,0.0003630409191828221
4299,0.0003630389692261815
4300,0.00036303652450442314
4301,0.0003630351566243917
4302,0.0003630332066677511
4303,0.00036303309025242925
4304,0.00036303236265666783
4305,0.0003630346618592739
4306,0.00036303672823123634
4307,0.0003630442079156637
4308,0.0003630529099609703
4309,0.0003630718565545976
4310,0.0003630961000453681
4311,0.0003631412982940674
4312,0.0003632029693108052
4313,0.00036331010051071644
4314,0.0003634624881669879
4315,0.0003637197078205645
4316,0.00036409625317901373
4317,0.00036472539068199694
4318,0.00036566058406606317
4319,0.00036722590448334813
4320,0.0003695497289299965
4321,0.00037346564931795
4322,0.00037911965046077967
4323,0.000388664921047166
4324,0.00040135381277650595
4325,0.00042221517651341856
4326,0.0004444540827535093
4327,0.0004769258084706962
4328,0.0004927346599288285
4329,0.0005051488406024873
4330,0.00047551433090120554
4331,0.00043708161683753133
4332,0.0003919032169505954
4333,0.00036695736343972385
4334,0.0003650390135589987
4335,0.0003809187619481236
4336,0.0004064680833835155
4337,0.000426241138484329
4338,0.0004376961151137948
4339,0.0004237959801685065
4340,0.00040050855022855103
4341,0.00037479150341823697
4342,0.0003636530600488186
4343,0.0003695878549478948
4344,0.00038486364064738154
4345,0.00040037918370217085
4346,0.0004041497886646539
4347,0.00039838283555582166
4348,0.0003826176398433745
4349,0.0003691013262141496
4350,0.00036338396603241563
4351,0.00036680290941148996
4352,0.0003748085873667151
4353,0.0003801679122261703
4354,0.0003804487641900778
4355,0.0003749182797037065
4356,0.0003684060648083687
4357,0.00036384217673912644
4358,0.00036322034429758787
4359,0.0003657371271401644
4360,0.0003688283613882959
4361,0.0003703765105456114
4362,0.00036910336348228157
4363,0.0003663969982881099
4364,0.0003638049238361418
4365,0.0003628463891800493
4366,0.0003636012552306056
4367,0.00036510895006358624
4368,0.00036624688073061407
4369,0.0003661678347270936
4370,0.00036519853165373206
4371,0.0003638789930846542
4372,0.0003630095743574202
4373,0.00036288797855377197
4374,0.0003633796004578471
4375,0.00036405358696356416
4376,0.0003644003882072866
4377,0.00036428647581487894
4378,0.0003637520130723715
4379,0.000363181927241385
4380,0.0003628309350460768
4381,0.00036282476503401995
4382,0.0003630632418207824
4383,0.0003633328597061336
4384,0.0003634858876466751
4385,0.0003634163294918835
4386,0.00036321202060207725
4387,0.0003629584389273077
4388,0.0003627935075201094
4389,0.00036276044556871057
4390,0.00036283896770328283
4391,0.0003629620186984539
4392,0.00036303914384916425
4393,0.00036304822424426675
4394,0.0003629724378697574
4395,0.0003628709528129548
4396,0.00036277546314522624
4397,0.0003627304104156792
4398,0.00036273724981583655
4399,0.0003627760161180049
4400,0.0003628229023888707
4401,0.00036284339148551226
4402,0.0003628399281296879
4403,0.00036280410131439567
4404,0.000362762511940673
4405,0.00036272170837037265
4406,0.00036270025884732604
4407,0.00036269822157919407
4408,0.0003627095138654113
4409,0.00036272694705985487
4410,0.00036273515434004366
4411,0.0003627371334005147
4412,0.0003627247642725706
4413,0.0003627096302807331
4414,0.00036268969415687025
4415,0.0003626754623837769
4416,0.00036266646930016577
4417,0.00036266451934352517
4418,0.00036266748793423176
4419,0.00036267010727897286
4420,0.00036267301766201854
4421,0.00036267039831727743
4422,0.00036266687675379217
4423,0.0003626583784352988
4424,0.0003626507823355496
4425,0.0003626418474595994
4426,0.00036263588117435575
4427,0.00036263131187297404
4428,0.00036262869252823293
4429,0.00036262767389416695
4430,0.0003626261022873223
4431,0.00036262517096474767
4432,0.0003626221150625497
4433,0.0003626194957178086
4434,0.0003626145189628005
4435,0.00036261038621887565
4436,0.00036260500201024115
4437,0.0003626007819548249
4438,0.0003625964163802564
4439,0.00036259283660911024
4440,0.0003625898389145732
4441,0.0003625867539085448
4442,0.0003625843091867864
4443,0.00036258131149224937
4444,0.00036257883766666055
4445,0.00036257540341466665
4446,0.00036257258034311235
4447,0.0003625687095336616
4448,0.0003625655372161418
4449,0.00036256154999136925
4450,0.00036255826125852764
4451,0.00036255436134524643
4452,0.0003625511017162353
4453,0.00036254749284125865
4454,0.0003625441459007561
4455,0.00036254088627174497
4456,0.00036253753933124244
4457,0.00036253442522138357
4458,0.00036253113648854196
4459,0.00036252810969017446
4460,0.000362524704542011
4461,0.0003625216195359826
4462,0.0003625181852839887
4463,0.0003625151002779603
4464,0.00036251163692213595
4465,0.00036250855191610754
4466,0.0003625050012487918
4467,0.00036250182893127203
4468,0.0003624983655754477
4469,0.00036249516415409744
4470,0.0003624916425906122
4471,0.00036248844116926193
4472,0.00036248486139811575
4473,0.0003624816599767655
4474,0.00036247813841328025
4475,0.00036247493699193
4476,0.00036247141542844474
4477,0.0003624682722147554
4478,0.00036246469244360924
4479,0.000362461491022259
4480,0.00036245796945877373
4481,0.0003624547098297626
4482,0.0003624512755777687
4483,0.00036244798684492707
4484,0.0003624445525929332
4485,0.00036244135117158294
4486,0.0003624378878157586
4487,0.00036243468639440835
4488,0.0003624310775194317
4489,0.00036242802161723375
4490,0.0003624245582614094
4491,0.00036242156056687236
4492,0.00036241812631487846
4493,0.00036241530324332416
4494,0.00036241195630282164
4495,0.00036240954068489373
4496,0.00036240631015971303
4497,0.00036240447661839426
4498,0.00036240191548131406
4499,0.0003624011005740613
4500,0.0003623997326940298
4501,0.00036240133340470493
4502,0.0003624023520387709
4503,0.0003624085511546582
4504,0.0003624151577241719
4505,0.00036243104841560125
4506,0.00036245043156668544
4507,0.00036248721880838275
4508,0.00036253553116694093
4509,0.0003626193501986563
4510,0.00036273448495194316
4511,0.0003629265702329576
4512,0.00036319877835921943
4513,0.0003636463370639831
4514,0.00036429293686524034
4515,0.0003653536841738969
4516,0.0003668956342153251
4517,0.00036943709710612893
4518,0.0003730765893124044
4519,0.00037909892853349447
4520,0.00038727608625777066
4521,0.0004006465896964073
4522,0.0004164419951848686
4523,0.0004406269872561097
4524,0.0004599673848133534
4525,0.00048322899965569377
4526,0.00047959224320948124
4527,0.0004665314336307347
4528,0.000427222199505195
4529,0.0003919196024071425
4530,0.00036803656257689
4531,0.00036282979999668896
4532,0.0003728712908923626
4533,0.0003907291975338012
4534,0.0004103592364117503
4535,0.0004185873840469867
4536,0.0004172368790023029
4537,0.0003989466931670904
4538,0.00037853544927202165
4539,0.0003645554534159601
4540,0.0003636494220700115
4541,0.0003731002798303962
4542,0.00038544717244803905
4543,0.0003952990227844566
4544,0.0003947963996324688
4545,0.00038760973257012665
4546,0.0003750596079044044
4547,0.00036546276533044875
4548,0.00036260925116948783
4549,0.0003664680407382548
4550,0.00037325400626286864
4551,0.00037788806366734207
4552,0.00037884394987486303
4553,0.00037475585122592747
4554,0.00036902911961078644
4555,0.0003640565264504403
4556,0.0003623227821663022
4557,0.0003638389753177762
4558,0.000366802531061694
4559,0.0003691082529257983
4560,0.00036907981848344207
4561,0.00036735984031111
4562,0.0003647726261988282
4563,0.00036284507950767875
4564,0.00036221943446435034
4565,0.0003628579434007406
4566,0.000364097737474367
4567,0.00036500292480923235
4568,0.0003651364822871983
4569,0.0003643565869424492
4570,0.00036328608985058963
4571,0.0003624239470809698
4572,0.000362138933269307
4573,0.000362379098078236
4574,0.000362859369488433
4575,0.00036328795249573886
4576,0.0003633925807662308
4577,0.00036319164792075753
4578,0.0003627503174357116
4579,0.0003623361117206514
4580,0.00036210176767781377
4581,0.00036211140104569495
4582,0.00036228616954758763
4583,0.0003624809323810041
4584,0.0003626089892350137
4585,0.00036259027547203004
4586,0.0003624717064667493
4587,0.0003622848598752171
4588,0.0003621299983933568
4589,0.00036204789648763835
4590,0.0003620554634835571
4591,0.00036212289705872536
4592,0.0003621955111157149
4593,0.0003622470248956233
4594,0.000362241524271667
4595,0.000362200487870723
4596,0.00036212673876434565
4597,0.00036206163349561393
4598,0.0003620155621320009
4599,0.00036200202885083854
4600,0.000362014165148139
4601,0.0003620369534473866
4602,0.00036206215736456215
4603,0.0003620701318141073
4604,0.0003620664938353002
4605,0.0003620432107709348
4606,0.00036201783223077655
4607,0.0003619898925535381
4608,0.0003619713243097067
4609,0.00036196052678860724
4610,0.00036195878055877984
4611,0.00036196387372910976
4612,0.0003619687049649656
4613,0.00036197362351231277
4614,0.000361970771336928
4615,0.0003619662893470377
4616,0.0003619551134761423
4617,0.00036194492713548243
4618,0.0003619323833845556
4619,0.00036192318657413125
4620,0.0003619157650973648
4621,0.00036191154504194856
4622,0.0003619095659814775
4623,0.00036190779064781964
4624,0.00036190723767504096
4625,0.0003619044437073171
4626,0.00036190226092003286
4627,0.00036189687671139836
4628,0.00036189210368320346
4629,0.00036188511876389384
4630,0.0003618794144131243
4631,0.00036187286605127156
4632,0.00036186768556945026
4633,0.00036186259239912033
4634,0.0003618583141360432
4635,0.0003618545306380838
4636,0.0003618506889324635
4637,0.0003618474875111133
4638,0.00036184352939017117
4639,0.00036184026976116
4640,0.00036183602060191333
4641,0.0003618324699345976
4642,0.0003618277551140636
4643,0.0003618238552007824
4644,0.0003618189075496048
4645,0.0003618148039095104
4646,0.00036180982715450227
4647,0.0003618055197875947
4648,0.00036180074675939977
4649,0.00036179652670398355
4650,0.00036179187009111047
4651,0.0003617876791395247
4652,0.00036178340087644756
4653,0.0003617792099248618
4654,0.00036177498986944556
4655,0.0003617707116063684
4656,0.000361766607966274
4657,0.00036176227149553597
4658,0.0003617582260631025
4659,0.00036175394780002534
4660,0.0003617499314714223
4661,0.00036174559500068426
4662,0.00036174157867208123
4663,0.00036173712578602135
4664,0.00036173316766507924
4665,0.00036172871477901936
4666,0.0003617247275542468
4667,0.00036172018735669553
4668,0.0003617162583395839
4669,0.00036171183455735445
4670,0.00036170787643641233
4671,0.00036170348175801337
4672,0.0003616996400523931
4673,0.0003616951871663332
4674,0.00036169152008369565
4675,0.0003616871836129576
4676,0.0003616838075686246
4677,0.0003616795293055475
4678,0.0003616765607148409
4679,0.0003616726608015597
4680,0.000361670448910445
4681,0.0003616671892814338
4682,0.00036166622885502875
4683,0.0003616642497945577
4684,0.0003616656467784196
4685,0.00036166637437418103
4686,0.0003616723697632551
4687,0.0003616784233599901
4688,0.0003616933827288449
4689,0.0003617106704041362
4690,0.0003617437032517046
4691,0.0003617849724832922
4692,0.00036185598582960665
4693,0.0003619490016717464
4694,0.0003621017385739833
4695,0.0003623087250161916
4696,0.00036264146910980344
4697,0.00036310285213403404
4698,0.000363839790225029
4699,0.00036487370380200446
4700,0.00036652819835580885
4701,0.00036883787834085524
4702,0.0003725480055436492
4703,0.00037756332312710583
4704,0.0003855864342767745
4705,0.000395529146771878
4706,0.0004108933499082923
4707,0.0004261998401489109
4708,0.0004471616121008992
4709,0.00045714344014413655
4710,0.00046483823098242283
4711,0.0004480858042370528
4712,0.0004253679362591356
4713,0.0003941853065043688
4714,0.00037204771069809794
4715,0.000362108665285632
4716,0.0003644377284217626
4717,0.00037517232703976333
4718,0.0003883659665007144
4719,0.0004005075024906546
4720,0.0004029260016977787
4721,0.00039799901423975825
4722,0.0003838206175714731
4723,0.00037031149258837104
4724,0.00036241410998627543
4725,0.0003624496457632631
4726,0.00036830356111750007
4727,0.0003758750972338021
4728,0.00038215660606510937
4729,0.00038299415609799325
4730,0.0003796590899582952
4731,0.00037221459206193686
4732,0.000365341518772766
4733,0.00036170220118947327
4734,0.0003623352386057377
4735,0.0003658610803540796
4736,0.0003698084910865873
4737,0.00037252751644700766
4738,0.0003722187830135226
4739,0.00036981527227908373
4740,0.0003659520880319178
4741,0.0003627976984716952
4742,0.00036145554622635245
4743,0.0003621156211011112
4744,0.00036395833012647927
4745,0.0003657406195998192
4746,0.00036675899173133075
4747,0.0003663640236482024
4748,0.00036505545722320676
4749,0.0003632634470704943
4750,0.00036190071841701865
4751,0.00036136311246082187
4752,0.0003616609610617161
4753,0.00036243858630768955
4754,0.0003631988074630499
4755,0.0003636643523350358
4756,0.00036356295458972454
4757,0.000363060156814754
4758,0.0003623009833972901
4759,0.00036166905192658305
4760,0.0003613300796132535
4761,0.0003613314765971154
4762,0.0003615696041379124
4763,0.0003618782793637365
4764,0.0003621433861553669
4765,0.00036221841583028436
4766,0.00036212161649018526
4767,0.0003618597111199051
4768,0.00036158383591100574
4769,0.0003613583976402879
4770,0.0003612466680351645
4771,0.0003612400032579899
4772,0.0003613127919379622
4773,0.000361428945325315
4774,0.0003615200985223055
4775,0.0003615660243667662
4776,0.0003615330788306892
4777,0.00036146497586742043
4778,0.0003613661101553589
4779,0.0003612786531448364
4780,0.00036120624281466007
4781,0.0003611703868955374
4782,0.00036116872797720134
4783,0.0003611901483964175
4784,0.0003612226864788681
4785,0.00036124527105130255
4786,0.0003612617729231715
4787,0.0003612568834796548
4788,0.00036124352482147515
4789,0.0003612125292420387
4790,0.0003611822030507028
4791,0.0003611495194490999
4792,0.00036112641100771725
4793,0.0003611091524362564
4794,0.00036110085784457624
4795,0.00036109943175688386
4796,0.0003611012944020331
4797,0.0003611064748838544
4798,0.0003611081629060209
4799,0.00036111025838181376
4800,0.00036110548535361886
4801,0.00036110065411776304
4802,0.0003610896528698504
4803,0.0003610802232287824
4804,0.00036106727202422917
4805,0.00036105699837207794
4806,0.00036104541504755616
4807,0.0003610369167290628
4808,0.00036102873855270445
4809,0.0003610223939176649
4810,0.0003610168059822172
4811,0.00036101188743487
4812,0.0003610079875215888
4813,0.00036100370925851166
4814,0.00036100042052567005
4815,0.0003609957348089665
4816,0.000360992387868464
4817,0.00036098717828281224
4818,0.0003609831619542092
4819,0.00036097713746130466
4820,0.00036097245174460113
4821,0.00036096599069423974
4822,0.00036096113035455346
4823,0.00036095455288887024
4824,0.00036094948882237077
4825,0.00036094296956434846
4826,0.00036093793460167944
4827,0.0003609313571359962
4828,0.0003609262639656663
4829,0.0003609198029153049
4830,0.0003609148843679577
4831,0.0003609085688367486
4832,0.0003609037958085537
4833,0.0003608977422118187
4834,0.000360893172910437
4835,0.00036088735214434564
4836,0.0003608830738812685
4837,0.00036087739863432944
4838,0.0003608735860325396
4839,0.00036086831823922694
4840,0.0003608652332331985
4841,0.0003608606639318168
4842,0.00036085888859815896
4843,0.000360855512553826
4844,0.00036085574538446963
4845,0.0003608545521274209
4846,0.0003608584520407021
4847,0.0003608614206314087
4848,0.0003608721599448472
4849,0.0003608832776080817
4850,0.00036090685171075165
4851,0.0003609339182730764
4852,0.00036098240525461733
4853,0.0003610418061725795
4854,0.000361140031600371
4855,0.0003612659638747573
4856,0.00036146663478575647
4857,0.0003617319744080305
4858,0.00036214792635291815
4859,0.000362709688488394
4860,0.00036358623765408993
4861,0.00036477952380664647
4862,0.00036664458457380533
4863,0.00036915973760187626
4864,0.0003730957687366754
4865,0.00037819970748387277
4866,0.00038610296905972064
4867,0.00039538752753287554
4868,0.0004091160371899605
4869,0.0004217487294226885
4870,0.0004379444580990821
4871,0.00044387480011209846
4872,0.00044686306500807405
4873,0.0004315391124691814
4874,0.0004122178943362087
4875,0.0003876767004840076
4876,0.0003700846864376217
4877,0.00036149812513031065
4878,0.0003621318901423365
4879,0.0003693082253448665
4880,0.00037900349707342684
4881,0.0003883946337737143
4882,0.00039175539859570563
4883,0.00038990494795143604
4884,0.0003810035123024136
4885,0.00037123748916201293
4886,0.0003635943867266178
4887,0.00036068313056603074
4888,0.0003620942297857255
4889,0.0003660921938717365
4890,0.0003707550640683621
4891,0.0003736084618140012
4892,0.0003741157124750316
4893,0.00037125390372239053
4894,0.00036711915163323283
4895,0.0003631032013799995
4896,0.0003608904080465436
4897,0.0003607115359045565
4898,0.00036204775096848607
4899,0.00036403536796569824
4900,0.00036560490843839943
4901,0.00036629746318794787
4902,0.0003655949258245528
4903,0.0003641171788331121
4904,0.0003623244701884687
4905,0.0003610264975577593
4906,0.00036048860056325793
4907,0.0003606931713875383
4908,0.00036136788548901677
4909,0.0003621072100941092
4910,0.00036265331436879933
4911,0.00036272601573728025
4912,0.00036243058275431395
4913,0.0003618114278651774
4914,0.00036117673153057694
4915,0.0003606689570005983
4916,0.00036042628926225007
4917,0.00036043417640030384
4918,0.00036061342689208686
4919,0.0003608679980970919
4920,0.00036107300547882915
4921,0.00036119326250627637
4922,0.00036115755210630596
4923,0.000361026672180742
4924,0.0003608127299230546
4925,0.000360612670192495
4926,0.0003604459925554693
4927,0.0003603512595873326
4928,0.00036032163188792765
4929,0.00036034866934642196
4930,0.00036041386192664504
4931,0.00036047876346856356
4932,0.00036053292569704354
4933,0.0003605464880820364
4934,0.00036053903750143945
4935,0.00036049543996341527
4936,0.00036044357693754137
4937,0.0003603769582696259
4938,0.0003603221266530454
4939,0.00036027556052431464
4940,0.00036024823202751577
4941,0.00036023397115059197
4942,0.00036023190477862954
4943,0.0003602396172937006
4944,0.000360248755896464
4945,0.0003602605720516294
4946,0.0003602642100304365
4947,0.00036026741145178676
4948,0.0003602601354941726
4949,0.0003602530050557107
4950,0.0003602367069106549
4951,0.0003602223296184093
4952,0.00036020242259837687
4953,0.00036018650280311704
4954,0.00036016840022057295
4955,0.00036015466321259737
4956,0.00036014075158163905
4957,0.0003601304779294878
4958,0.0003601210773922503
4959,0.0003601138014346361
4960,0.00036010745679959655
4961,0.00036010154872201383
4962,0.0003600968047976494
4963,0.0003600913332775235
4964,0.0003600872587412596
4965,0.0003600815252866596
4966,0.0003600774798542261
4967,0.00036007154267281294
4968,0.0003600674099288881
4969,0.00036006083246320486
4970,0.0003600564377848059
4971,0.0003600497147999704
4972,0.0003600455238483846
4973,0.00036003877175971866
4974,0.0003600349591579288
4975,0.0003600286436267197
4976,0.0003600256750360131
4977,0.0003600201162043959
4978,0.0003600184281822294
4979,0.00036001414991915226
4980,0.0003600146737881005
4981,0.00036001286935061216
4982,0.00036001717671751976
4983,0.0003600194468162954
4984,0.00036003015702590346
4985,0.0003600397612899542
4986,0.0003600616764742881
4987,0.00036008446477353573
4988,0.00036012614145874977
4989,0.0003601732896640897
4990,0.0003602515789680183
4991,0.00036034532240591943
4992,0.0003604930534493178
4993,0.0003606770478654653
4994,0.00036095932591706514
4995,0.00036132015520706773
4996,0.00036186783108860254
4997,0.00036257965257391334
4998,0.0003636578912846744
4999,0.0003650644503068179
5000,0.00036719642230309546
5001,0.00036993331741541624
5002,0.00037406565388664603
5003,0.0003791111521422863
5004,0.0003865768085233867
5005,0.0003946814686059952
5006,0.00040595943573862314
5007,0.00041514248005114496
5008,0.0004258839471731335
5009,0.00042786149424500763
5010,0.00042698706965893507
5011,0.00041399846668355167
5012,0.0003988600801676512
5013,0.0003810192574746907
5014,0.0003679950023069978
5015,0.00036092946538701653
5016,0.0003601649950724095
5017,0.00036412611370906234
5018,0.0003704246773850173
5019,0.0003770780749619007
5020,0.0003807751345448196
5021,0.0003814583760686219
5022,0.00037747714668512344
5023,0.0003719044616445899
5024,0.000365864165360108
5025,0.0003616599424276501
5026,0.00035977212246507406
5027,0.00036012387135997415
5028,0.0003620148927439004
5029,0.0003643743402790278
5030,0.00036638372694142163
5031,0.0003670409496407956
5032,0.00036655267467722297
5033,0.00036487088073045015
5034,0.0003629392303992063
5035,0.00036113098030909896
5036,0.000359974306775257
5037,0.0003595576563384384
5038,0.00035980608663521707
5039,0.0003604713419917971
5040,0.0003611948050092906
5041,0.0003617609618231654
5042,0.00036191847175359726
5043,0.00036176134017296135
5044,0.0003612747823353857
5045,0.0003607055696193129
5046,0.00036013114731758833
5047,0.0003597178147174418
5048,0.00035949397715739906
5049,0.00035947089781984687
5050,0.0003595972084440291
5051,0.0003597894683480263
5052,0.0003599946212489158
5053,0.00036012791679240763
5054,0.0003601946809794754
5055,0.00036014808574691415
5056,0.0003600465424824506
5057,0.0003598809998948127
5058,0.0003597195027396083
5059,0.00035956266219727695
5060,0.00035945040872320533
5061,0.0003593772416934371
5062,0.0003593506116885692
5063,0.0003593590809032321
5064,0.00035938783548772335
5065,0.000359430443495512
5066,0.00035946513526141644
5067,0.00035949755692854524
5068,0.00035950669553130865
5069,0.0003595085581764579
5070,0.0003594865556806326
5071,0.00035946231218986213
5072,0.0003594221780076623
5073,0.00035938640940003097
5074,0.0003593438887037337
5075,0.00035931021557189524
5076,0.00035927636781707406
5077,0.00035925174597650766
5078,0.0003592295979615301
5079,0.0003592143766582012
5080,0.00035920232767239213
5081,0.0003591938875615597
5082,0.00035918818321079016
5083,0.0003591831191442907
5084,0.0003591805580072105
5085,0.00035917633795179427
5086,0.0003591747663449496
5087,0.0003591701097320765
5088,0.0003591683635022491
5089,0.0003591628628782928
5090,0.00035916079650633037
5091,0.00035915468470193446
5092,0.0003591528511606157
5093,0.00035914703039452434
5094,0.0003591460990719497
5095,0.00035914123873226345
5096,0.00035914237378165126
5097,0.00035913960891775787
5098,0.00035914426553063095
5099,0.00035914554609917104
5100,0.0003591564018279314
5101,0.0003591646673157811
5102,0.0003591860004235059
5103,0.0003592063731048256
5104,0.0003592454013414681
5105,0.00035928707802668214
5106,0.0003593572764657438
5107,0.0003594372537918389
5108,0.0003595635644160211
5109,0.0003597145259846002
5110,0.0003599444171413779
5111,0.00036022806307300925
5112,0.00036065271706320345
5113,0.00036118761636316776
5114,0.0003619831404648721
5115,0.0003629954589996487
5116,0.00036449849721975625
5117,0.0003664008982013911
5118,0.0003692166355904192
5119,0.0003726741997525096
5120,0.00037772220093756914
5121,0.0003834699746221304
5122,0.00039152908721007407
5123,0.00039924937300384045
5124,0.0004089989815838635
5125,0.00041473074816167355
5126,0.0004198061069473624
5127,0.0004159348027314991
5128,0.00040897869621403515
5129,0.00039484500302933156
5130,0.00038111431058496237
5131,0.000368769105989486
5132,0.00036130010266788304
5133,0.00035880040377378464
5134,0.0003605223319027573
5135,0.0003649683785624802
5136,0.00037007994251325727
5137,0.0003745396970771253
5138,0.0003761091211345047
5139,0.00037536112358793616
5140,0.00037172780139371753
5141,0.00036741018993780017
5142,0.00036310357972979546
5143,0.00036013114731758833
5144,0.00035874865716323256
5145,0.00035891105653718114
5146,0.0003601581556722522
5147,0.0003617860784288496
5148,0.0003632637672126293
5149,0.00036396036739461124
5150,0.0003639493661466986
5151,0.0003630812861956656
5152,0.0003618815972004086
5153,0.0003605193051043898
5154,0.00035943114198744297
5155,0.0003587406827136874
5156,0.0003585328522603959
5157,0.00035872013540938497
5158,0.00035913512692786753
5159,0.00035962468245998025
5160,0.0003599913034122437
5161,0.0003602023352868855
5162,0.00036015320802107453
5163,0.000359951431164518
5164,0.0003595914167817682
5165,0.0003592202556319535
5166,0.00035886274417862296
5167,0.0003586056991480291
5168,0.0003584488877095282
5169,0.0003584020887501538
5170,0.0003584400110412389
5171,0.0003585261874832213
5172,0.0003586385282687843
5173,0.0003587303217500448
5174,0.0003588052641134709
5175,0.00035882595693692565
5176,0.0003588208637665957
5177,0.00035876536276191473
5178,0.00035869903513230383
5179,0.0003586056409403682
5180,0.00035852097789756954
5181,0.0003584326768759638
5182,0.0003583646030165255
5183,0.00035830613342113793
5184,0.0003582679491955787
5185,0.00035824195947498083
5186,0.00035822924110107124
5187,0.0003582260978873819
5188,0.00035822749487124383
5189,0.00035823482903651893
5190,0.00035823966027237475
5191,0.0003582485078368336
5192,0.0003582505160011351
5193,0.0003582561621442437
5194,0.00035825345548801124
5195,0.00035825485247187316
5196,0.0003582477511372417
5197,0.0003582460049074143
5198,0.0003582362551242113
5199,0.000358233111910522
5200,0.0003582229546736926
5201,0.00035822062636725605
5202,0.0003582117205951363
5203,0.00035821215715259314
5204,0.0003582066565286368
5205,0.0003582121280487627
5206,0.00035821256460621953
5207,0.00035822641802951694
5208,0.00035823657526634634
5209,0.00035826387465931475
5210,0.0003582896606530994
5211,0.0003583391662687063
5212,0.0003583913785405457
5213,0.0003584784863051027
5214,0.00035857674083672464
5215,0.0003587297396734357
5216,0.00035891029983758926
5217,0.00035918180947192013
5218,0.00035951207973994315
5219,0.0003600002673920244
5220,0.0003606058016885072
5221,0.00036149320658296347
5222,0.00036260345950722694
5223,0.0003642234078142792
5224,0.00036623410414904356
5225,0.00036914661177434027
5226,0.00037264078855514526
5227,0.0003775985387619585
5228,0.0003830751811619848
5229,0.00039045384619385004
5230,0.00039720803033560514
5231,0.0004052245640195906
5232,0.00040935107972472906
5233,0.000412258377764374
5234,0.0004077373305335641
5235,0.00040051655378192663
5236,0.0003880965814460069
5237,0.0003762661071959883
5238,0.00036597452708519995
5239,0.0003597730537876487
5240,0.0003576986491680145
5241,0.000359118334017694
5242,0.00036279764026403427
5243,0.0003670661535579711
5244,0.00037082843482494354
5245,0.00037239829543977976
5246,0.0003721294633578509
5247,0.00036952682421542704
5248,0.0003661632363218814
5249,0.0003624910896178335
5250,0.00035965675488114357
5251,0.0003579584008548409
5252,0.0003575428272597492
5253,0.00035815266892313957
5254,0.0003593253204599023
5255,0.0003606286190915853
5256,0.00036154474946670234
5257,0.0003619839553721249
5258,0.00036170752719044685
5259,0.00036101986188441515
5260,0.0003599738411139697
5261,0.00035895814653486013
5262,0.0003580969641916454
5263,0.0003575746377464384
5264,0.00035739020677283406
5265,0.0003574966685846448
5266,0.00035779422614723444
5267,0.00035814184229820967
5268,0.0003584671067073941
5269,0.00035864883102476597
5270,0.00035871248110197484
5271,0.00035860229399986565
5272,0.00035841387580148876
5273,0.0003581372438929975
5274,0.0003578698087949306
5275,0.00035761171602644026
5276,0.00035742015461437404
5277,0.00035728636430576444
5278,0.00035722306347452104
5279,0.0003572145360521972
5280,0.00035724451299756765
5281,0.0003573018766473979
5282,0.0003573595604393631
5283,0.00035742006730288267
5284,0.00035745554487220943
5285,0.0003574832226149738
5286,0.0003574782458599657
5287,0.0003574673901312053
5288,0.0003574290021788329
5289,0.00035739189479500055
5290,0.00035733674303628504
5291,0.00035728924558497965
5292,0.00035723234759643674
5293,0.00035718653816729784
5294,0.0003571370034478605
5295,0.000357098993845284
5296,0.00035705979098565876
5297,0.00035703048342838883
5298,0.0003570009721443057
5299,0.0003569786495063454
5300,0.0003569562395568937
5301,0.0003569386317394674
5302,0.00035692082019522786
5303,0.00035690594813786447
5304,0.0003568908723536879
5305,0.0003568772226572037
5306,0.0003568636893760413
5307,0.00035685059265233576
5308,0.0003568379324860871
5309,0.0003568250103853643
5310,0.00035681287408806384
5311,0.0003568001266103238
5312,0.0003567886305972934
5313,0.00035677605774253607
5314,0.00035676523111760616
5315,0.00035675332765094936
5316,0.0003567436942830682
5317,0.0003567329258657992
5318,0.000356725649908185
5319,0.0003567173262126744
5320,0.0003567144158296287
5321,0.0003567113308236003
5322,0.0003567171806935221
5323,0.0003567251260392368
5324,0.00035674881655722857
5325,0.00035678030690178275
5326,0.0003568415413610637
5327,0.00035692451638169587
5328,0.0003570669505279511
5329,0.00035726488567888737
5330,0.0003575884911697358
5331,0.00035804806975647807
5332,0.00035878465860150754
5333,0.0003598456969484687
5334,0.0003615343011915684
5335,0.00036397139774635434
5336,0.00036782576353289187
5337,0.000373266899259761
5338,0.0003816963580902666
5339,0.00039275333983823657
5340,0.00040876693674363196
5341,0.00042591209057718515
5342,0.00044610706390812993
5343,0.0004561927926260978
5344,0.0004578938824124634
5345,0.00043738028034567833
5346,0.00040867648203857243
5347,0.0003781607956625521
5348,0.0003600554191507399
5349,0.0003571769339032471
5350,0.0003663863171823323
5351,0.00038132627378217876
5352,0.000393031194107607
5353,0.0003969469398725778
5354,0.0003880131698679179
5355,0.0003734926285687834
5356,0.00036077259574085474
5357,0.000356294127414003
5358,0.00035977954394184053
5359,0.0003672447637654841
5360,0.00037426449125632644
5361,0.00037611316656693816
5362,0.00037242681719362736
5363,0.00036468543112277985
5364,0.0003582361387088895
5365,0.0003561777120921761
5366,0.00035837222822010517
5367,0.000362473278073594
5368,0.00036557920975610614
5369,0.0003661931841634214
5370,0.0003635639732237905
5371,0.0003596410679165274
5372,0.00035665175528265536
5373,0.0003561428457032889
5374,0.0003576638118829578
5375,0.00035972456680610776
5376,0.0003611230058595538
5377,0.0003609544364735484
5378,0.0003595012240111828
5379,0.00035747207584790885
5380,0.0003561300109140575
5381,0.0003559948818292469
5382,0.00035676619154401124
5383,0.0003577741445042193
5384,0.0003583868674468249
5385,0.00035837487666867673
5386,0.0003576521994546056
5387,0.0003566926752682775
5388,0.00035596921225078404
5389,0.0003557945310603827
5390,0.0003560608020052314
5391,0.0003564853686839342
5392,0.0003568502434063703
5393,0.00035692911478690803
5394,0.00035671156365424395
5395,0.00035627454053610563
5396,0.000355888536432758
5397,0.0003556802112143487
5398,0.00035567363374866545
5399,0.00035580515395849943
5400,0.00035597596433945
5401,0.0003561038465704769
5402,0.0003560880431905389
5403,0.0003559681645128876
5404,0.00035578731331042945
5405,0.00035563495475798845
5406,0.0003555302391760051
5407,0.00035549828317016363
5408,0.00035553041379898787
5409,0.0003555854200385511
5410,0.0003556313749868423
5411,0.0003556329174898565
5412,0.0003556075389496982
5413,0.0003555452567525208
5414,0.00035547619336284697
5415,0.00035540745011530817
5416,0.0003553632996045053
5417,0.0003553398419171572
5418,0.00035533294430933893
5419,0.00035533844493329525
5420,0.0003553429269231856
5421,0.0003553445858415216
5422,0.0003553295973688364
5423,0.0003553094866219908
5424,0.0003552774724084884
5425,0.000355245778337121
5426,0.00035521085374057293
5427,0.0003551834379322827
5428,0.000355161027982831
5429,0.00035514443879947066
5430,0.0003551319823600352
5431,0.00035512103931978345
5432,0.00035511230817064643
5433,0.00035509903682395816
5434,0.0003550861438270658
5435,0.0003550679830368608
5436,0.0003550507244654
5437,0.00035502907121554017
5438,0.00035500925150699914
5439,0.0003549873363226652
5440,0.00035496780765242875
5441,0.0003549473767634481
5442,0.00035492892493493855
5443,0.0003549111424945295
5444,0.0003548942331690341
5445,0.0003548780514393002
5446,0.0003548618115019053
5447,0.00035484653199091554
5448,0.00035483003011904657
5449,0.00035481451777741313
5450,0.00035479743382893503
5451,0.0003547817177604884
5452,0.00035476410994306207
5453,0.00035474784090183675
5454,0.0003547298547346145
5455,0.0003547132946550846
5456,0.0003546949883457273
5457,0.0003546781081240624
5458,0.00035465971450321376
5459,0.00035464283428154886
5460,0.00035462452797219157
5461,0.00035460773506201804
5462,0.00035458957427181304
5463,0.0003545728977769613
5464,0.00035455479519441724
5465,0.00035453838063403964
5466,0.0003545205108821392
5467,0.00035450462019070983
5468,0.00035448718699626625
5469,0.0003544722276274115
5470,0.0003544556675478816
5471,0.0003544421633705497
5472,0.00035442711669020355
5473,0.00035441655199974775
5474,0.00035440470674075186
5475,0.00035439946805126965
5476,0.0003543943166732788
5477,0.00035439987550489604
5478,0.00035440819920040667
5479,0.00035443546948954463
5480,0.0003544729552231729
5481,0.0003545464132912457
5482,0.000354648131178692
5483,0.0003548224631231278
5484,0.00035506882704794407
5485,0.0003554701979737729
5486,0.00035604878212325275
5487,0.00035697303246706724
5488,0.0003583251091185957
5489,0.00036046604509465396
5490,0.00036360276862978935
5491,0.0003685055417008698
5492,0.0003755042562261224
5493,0.0003860402212012559
5494,0.0003998049651272595
5495,0.0004183683777227998
5496,0.00043701950926333666
5497,0.00045463547576218843
5498,0.0004576579376589507
5499,0.00044648098992183805
5500,0.0004162768891546875
5501,0.000383906124625355
5502,0.0003605845267884433
5503,0.0003542644262779504
5504,0.00036267886753194034
5505,0.0003780664992518723
5506,0.0003920796443708241
5507,0.00039487387402914464
5508,0.0003861275617964566
5509,0.00036988878855481744
5510,0.0003572931746020913
5511,0.0003539830504450947
5512,0.00035906946868635714
5513,0.00036768169957213104
5514,0.0003737375373020768
5515,0.0003740429237950593
5516,0.000367592612747103
5517,0.0003592540160752833
5518,0.00035416308674030006
5519,0.0003545584040693939
5520,0.0003585924569051713
5521,0.00036275407182984054
5522,0.0003645476826932281
5523,0.0003625269455369562
5524,0.00035830866545438766
5525,0.00035456367186270654
5526,0.00035360176116228104
5527,0.0003552240668796003
5528,0.0003576099989004433
5529,0.0003591483400668949
5530,0.0003588039835449308
5531,0.0003569828986655921
5532,0.00035470991861075163
5533,0.0003534690767992288
5534,0.00035372667480260134
5535,0.0003548605600371957
5536,0.00035595614463090897
5537,0.00035630882484838367
5538,0.0003558319585863501
5539,0.000354715040884912
5540,0.00035368138924241066
5541,0.00035325621138326824
5542,0.000353500887285918
5543,0.0003540569159667939
5544,0.00035450607538223267
5545,0.0003546494117472321
5546,0.0003543509519658983
5547,0.000353814335539937
5548,0.0003533140697982162
5549,0.0003531062975525856
5550,0.00035317608853802085
5551,0.0003533859271556139
5552,0.0003536105214152485
5553,0.00035369570832699537
5554,0.0003536060394253582
5555,0.0003533643903210759
5556,0.0003531294933054596
5557,0.00035297012072987854
5558,0.0003529191017150879
5559,0.0003529600508045405
5560,0.0003530448884703219
5561,0.00035311904503032565
5562,0.00035311654210090637
5563,0.0003530611575115472
5564,0.0003529606619849801
5565,0.00035286039928905666
5566,0.00035277262213639915
5567,0.0003527275694068521
5568,0.00035272049717605114
5569,0.000352730683516711
5570,0.00035274645779281855
5571,0.0003527473600115627
5572,0.0003527361259330064
5573,0.0003526975924614817
5574,0.0003526528598740697
5575,0.00035260137519799173
5576,0.0003525580686982721
5577,0.00035252084489911795
5578,0.00035249657230451703
5579,0.00035248268977738917
5580,0.0003524714265950024
5581,0.00035246252082288265
5582,0.000352448143530637
5583,0.0003524323692545295
5584,0.00035240661236457527
5585,0.0003523803607095033
5586,0.00035234910319559276
5587,0.00035232046502642334
5588,0.00035229025525040925
5589,0.0003522642364259809
5590,0.00035223996383138
5591,0.0003522178449202329
5592,0.0003521974722389132
5593,0.0003521775361150503
5594,0.00035215922980569303
5595,0.0003521389444358647
5596,0.00035211985232308507
5597,0.00035209814086556435
5598,0.00035207756445743144
5599,0.00035205387393943965
5600,0.00035203187144361436
5601,0.0003520074824336916
5602,0.00035198486875742674
5603,0.00035196018870919943
5604,0.00035193728399463
5605,0.0003519129822961986
5606,0.00035189001937396824
5607,0.0003518659505061805
5608,0.0003518432204145938
5609,0.00035181958810426295
5610,0.0003517968289088458
5611,0.00035177351674064994
5612,0.0003517508739605546
5613,0.0003517276491038501
5614,0.0003517048025969416
5615,0.0003516816068440676
5616,0.00035165881854481995
5617,0.0003516356518957764
5618,0.00035161268897354603
5619,0.00035158952232450247
5620,0.00035156638477928936
5621,0.000351543101714924
5622,0.00035151990596204996
5623,0.00035149656469002366
5624,0.0003514732525218278
5625,0.00035144982393831015
5626,0.00035142648266628385
5627,0.000351402850355953
5628,0.00035137945087626576
5629,0.00035135570215061307
5630,0.00035133224446326494
5631,0.0003513085248414427
5632,0.00035128521267324686
5633,0.0003512613766361028
5634,0.00035123832640238106
5635,0.0003512146358843893
5636,0.0003511922841425985
5637,0.0003511694085318595
5638,0.00035114894853904843
5639,0.0003511283721309155
5640,0.0003511128306854516
5641,0.00035109903546981514
5642,0.00035109659074805677
5643,0.00035110278986394405
5644,0.00035113721969537437
5645,0.0003512025868985802
5646,0.00035134435165673494
5647,0.0003515892894938588
5648,0.0003520539030432701
5649,0.0003528552770148963
5650,0.0003543191123753786
5651,0.00035687151830643415
5652,0.0003614547022152692
5653,0.00036943546729162335
5654,0.0003832974180113524
5655,0.00040626031113788486
5656,0.00044182559940963984
5657,0.0004892400465905666
5658,0.0005368173588067293
5659,0.0005522409337572753
5660,0.0005127303884364665
5661,0.0004271076468285173
5662,0.0003620316565502435
5663,0.0003571718989405781
5664,0.0004001982742920518
5665,0.00044853694271296263
5666,0.00045058722025714815
5667,0.0004109980072826147
5668,0.0003629777056630701
5669,0.0003552420239429921
5670,0.0003876504488289356
5671,0.0004173687775619328
5672,0.00041521777166053653
5673,0.0003780559345614165
5674,0.00035456506884656847
5675,0.00035906475386582315
5676,0.00037865855847485363
5677,0.00038266845513135195
5678,0.000369782472262159
5679,0.0003541230398695916
5680,0.0003518889134284109
5681,0.00036072195507586
5682,0.00036686667590402067
5683,0.00036142379394732416
5684,0.00035270742955617607
5685,0.000351551512721926
5686,0.0003568955580703914
5687,0.00036093921517021954
5688,0.0003578042087610811
5689,0.0003524328349158168
5690,0.00035084353294223547
5691,0.00035412414581514895
5692,0.00035653889062814415
5693,0.0003549488610588014
5694,0.00035141684929840267
5695,0.0003503941697999835
5696,0.0003519345191307366
5697,0.00035357606247998774
5698,0.00035272020613774657
5699,0.00035106221912428737
5700,0.00035014073364436626
5701,0.0003509576490614563
5702,0.0003518589655868709
5703,0.0003518509620334953
5704,0.0003507002256810665
5705,0.00035001328797079623
5706,0.00035026241675950587
5707,0.00035102173569612205
5708,0.00035102121182717383
5709,0.00035044795367866755
5710,0.0003498794394545257
5711,0.00034992475411854684
5712,0.0003502664912957698
5713,0.00035042117815464735
5714,0.0003501899482216686
5715,0.00034980810596607625
5716,0.00034966933890245855
5717,0.0003498270525597036
5718,0.00035000001662410796
5719,0.0003499272570479661
5720,0.00034969180705957115
5721,0.0003495308046694845
5722,0.0003495643613860011
5723,0.00034964928636327386
5724,0.00034968124236911535
5725,0.00034956910531036556
5726,0.00034943968057632446
5727,0.0003493688418529928
5728,0.00034940309706144035
5729,0.0003494423581287265
5730,0.0003494132834021002
5731,0.0003493265248835087
5732,0.00034924806095659733
5733,0.00034921811311505735
5734,0.000349228095728904
5735,0.0003492281830403954
5736,0.000349196809111163
5737,0.00034913382842205465
5738,0.0003490799281280488
5739,0.00034905775100924075
5740,0.00034904974745586514
5741,0.0003490394738037139
5742,0.0003490037051960826
5743,0.00034896197030320764
5744,0.00034891889663413167
5745,0.0003488922375254333
5746,0.00034887640504166484
5747,0.00034885742934420705
5748,0.0003488295478746295
5749,0.00034879182931035757
5750,0.00034875734127126634
5751,0.0003487279172986746
5752,0.0003487044887151569
5753,0.0003486831847112626
5754,0.00034865655470639467
5755,0.00034862596658058465
5756,0.0003485925553832203
5757,0.0003485625784378499
5758,0.0003485360648483038
5759,0.0003485103661660105
5760,0.0003484853950794786
5761,0.000348456553183496
5762,0.0003484268090687692
5763,0.00034839590080082417
5764,0.0003483670298010111
5765,0.00034833987592719495
5766,0.0003483124601189047
5767,0.00034828565549105406
5768,0.0003482565807644278
5769,0.0003482275642454624
5770,0.00034819741267710924
5771,0.00034816848346963525
5772,0.0003481401363387704
5773,0.000348111818311736
5774,0.000348083907738328
5775,0.0003480547165963799
5776,0.0003480257582850754
5777,0.00034799581044353545
5778,0.000347966531990096
5779,0.0003479372535366565
5780,0.0003479081206023693
5781,0.00034787924960255623
5782,0.000347849796526134
5783,0.00034782063448801637
5784,0.00034779057023115456
5785,0.00034776091342791915
5786,0.00034773096558637917
5787,0.0003477011632639915
5788,0.00034767139004543424
5789,0.0003476414713077247
5790,0.0003476117562968284
5791,0.00034758151741698384
5792,0.00034755145316012204
5793,0.0003475209523458034
5794,0.00034749071346595883
5795,0.00034746009623631835
5796,0.0003474295081105083
5797,0.0003473990364000201
5798,0.00034736827365122736
5799,0.00034733768552541733
5800,0.0003473067772574723
5801,0.00034727592719718814
5802,0.00034724484430626035
5803,0.00034721376141533256
5804,0.00034718247479759157
5805,0.00034715121728368104
5806,0.0003471198142506182
5807,0.0003470882948022336
5808,0.00034705677535384893
5809,0.000347025110386312
5810,0.0003469934454187751
5811,0.00034696157672442496
5812,0.00034692976623773575
5813,0.0003468976356089115
5814,0.0003468656213954091
5815,0.0003468332870397717
5816,0.00034680106909945607
5817,0.00034676864743232727
5818,0.000346736196661368
5819,0.0003467035130597651
5820,0.00034667085856199265
5821,0.00034663808764889836
5822,0.00034660520032048225
5823,0.0003465721965767443
5824,0.00034653913462534547
5825,0.0003465058980509639
5826,0.0003464726032689214
5827,0.0003464392211753875
5828,0.0003464056644588709
5829,0.0003463720786385238
5830,0.0003463384055066854
5831,0.0003463046159595251
5832,0.00034627062268555164
5833,0.0003462366003077477
5834,0.00034620240330696106
5835,0.0003461682063061744
5836,0.0003461338928900659
5837,0.0003460993757471442
5838,0.0003460648003965616
5839,0.000346030225045979
5840,0.00034599535865709186
5841,0.00034596066689118743
5842,0.0003459255676716566
5843,0.0003458907885942608
5844,0.0003458556020632386
5845,0.000345821026712656
5846,0.0003457858110778034
5847,0.00034575199242681265
5848,0.00034571762080304325
5849,0.0003456862468738109
5850,0.00034565513487905264
5851,0.00034563103690743446
5852,0.0003456113627180457
5853,0.00034561040229164064
5854,0.000345629669027403
5855,0.0003457051934674382
5856,0.00034586209221743047
5857,0.0003462033055257052
5858,0.00034686134313233197
5859,0.0003481636813376099
5860,0.0003507042129058391
5861,0.00035554636269807816
5862,0.0003651569422800094
5863,0.0003822587605100125
5864,0.0004151447210460901
5865,0.00046145127271302044
5866,0.0005300999036990106
5867,0.0005638974835164845
5868,0.0005421575042419136
5869,0.0004469942068681121
5870,0.0003601009084377438
5871,0.000358090823283419
5872,0.00042033835779875517
5873,0.0004613735363818705
5874,0.00043316310620866716
5875,0.0003676180203910917
5876,0.0003501366591081023
5877,0.000385794322937727
5878,0.00041302613681182265
5879,0.00039351353188976645
5880,0.00035591714549809694
5881,0.00034698439412750304
5882,0.0003684045805130154
5883,0.0003814580850303173
5884,0.00036802407703362405
5885,0.00034877320285886526
5886,0.0003478529688436538
5887,0.0003610147105064243
5888,0.00036651603295467794
5889,0.0003567866515368223
5890,0.0003459410509094596
5891,0.000348503643181175
5892,0.00035703214234672487
5893,0.0003573700087144971
5894,0.00034922626218758523
5895,0.00034498635795898736
5896,0.00034889846574515104
5897,0.0003529749810695648
5898,0.00035042414674535394
5899,0.0003456840349826962
5900,0.0003452737000770867
5901,0.00034831982338801026
5902,0.00034958607284352183
5903,0.00034721760312095284
5904,0.00034474136191420257
5905,0.0003452103119343519
5906,0.0003471539821475744
5907,0.0003474685945548117
5908,0.00034569870331324637
5909,0.0003443822788540274
5910,0.0003448816714808345
5911,0.00034598555066622794
5912,0.0003459623549133539
5913,0.0003448770148679614
5914,0.00034416819107718766
5915,0.0003444756439421326
5916,0.00034509654506109655
5917,0.0003450720978435129
5918,0.00034440919989719987
5919,0.0003439633874222636
5920,0.0003441335284151137
5921,0.0003444991889409721
5922,0.00034447936923243105
5923,0.00034408102510496974
5924,0.00034377415431663394
5925,0.0003438135900069028
5926,0.00034401140874251723
5927,0.0003440484870225191
5928,0.0003438363200984895
5929,0.00034359958954155445
5930,0.00034354161471128464
5931,0.00034363113809376955
5932,0.0003436881524976343
5933,0.00034359554410912097
5934,0.00034343465813435614
5935,0.0003433256351854652
5936,0.00034332179347984493
5937,0.0003433612873777747
5938,0.0003433423989918083
5939,0.00034325430169701576
5940,0.00034314559889025986
5941,0.00034308526664972305
5942,0.0003430763026699424
5943,0.00034307249006815255
5944,0.00034304047585465014
5945,0.00034296748344786465
5946,0.00034289262839592993
5947,0.00034284015418961644
5948,0.00034281439729966223
5949,0.00034279629471711814
5950,0.00034275962389074266
5951,0.00034270784817636013
5952,0.0003426453040447086
5953,0.00034259326639585197
5954,0.00034255479113198817
5955,0.00034252306795679033
5956,0.00034249076270498335
5957,0.0003424463502597064
5958,0.00034239733940921724
5959,0.00034234439954161644
5960,0.00034229783341288567
5961,0.00034225714625790715
5962,0.0003422188456170261
5963,0.0003421814471948892
5964,0.00034213782055303454
5965,0.00034209273871965706
5966,0.00034204390249215066
5967,0.00034199736546725035
5968,0.0003419525164645165
5969,0.00034190958831459284
5970,0.0003418685228098184
5971,0.00034182562376372516
5972,0.00034178272471763194
5973,0.0003417366824578494
5974,0.0003416910767555237
5975,0.0003416438994463533
5976,0.00034159814822487533
5977,0.00034155239700339735
5978,0.0003415073442738503
5979,0.0003414629609324038
5980,0.0003414178790990263
5981,0.00034137340844608843
5982,0.00034132730797864497
5983,0.000341281876899302
5984,0.00034123481600545347
5985,0.0003411885700188577
5986,0.0003411410143598914
5987,0.0003410942736081779
5988,0.00034104663063772023
5989,0.0003409995697438717
5990,0.00034095198498107493
5991,0.00034090454573743045
5992,0.0003408568736631423
5993,0.00034080908517353237
5994,0.00034076120937243104
5995,0.0003407131298445165
5996,0.00034066502121277153
5997,0.0003406165342312306
5998,0.0003405682509765029
5999,0.00034051929833367467
6000,0.0003404709277674556
6001,0.0003404218005016446
6002,0.0003403736336622387
6003,0.00034032456460408866
6004,0.0003402775037102401
6005,0.0003402299480512738
6006,0.0003401868452783674
6007,0.00034014537231996655
6008,0.00034011577372439206
6009,0.0003400978457648307
6010,0.00034011751995421946
6011,0.0003401925496291369
6012,0.00034040401806123555
6013,0.0003408683114685118
6014,0.00034187769051641226
6015,0.0003440653963480145
6016,0.0003485098131932318
6017,0.00035843258956447244
6018,0.0003763129352591932
6019,0.0004148350271862
6020,0.000457634188933298
6021,0.0005193933029659092
6022,0.000496740743983537
6023,0.0004266498435754329
6024,0.0003549620450939983
6025,0.0003528008237481117
6026,0.0004047033144161105
6027,0.00042743797530420125
6028,0.0003847736807074398
6029,0.00034451595274731517
6030,0.0003576025483198464
6031,0.00038972540642134845
6032,0.0003848473425023258
6033,0.00035277364077046514
6034,0.000341465842211619
6035,0.0003594428999349475
6036,0.0003717780637089163
6037,0.0003612557193264365
6038,0.00034452092950232327
6039,0.00034166983095929027
6040,0.0003534782154019922
6041,0.0003602498327381909
6042,0.0003516741271596402
6043,0.00034137701732106507
6044,0.00034159942879341543
6045,0.0003494449192658067
6046,0.00035104507696814835
6047,0.0003450978547334671
6048,0.0003399485722184181
6049,0.0003411355137359351
6050,0.00034557661274448037
6051,0.00034597385092638433
6052,0.0003420248394832015
6053,0.000339330465067178
6054,0.0003405227034818381
6055,0.0003431978984735906
6056,0.0003429868374951184
6057,0.00034067127853631973
6058,0.0003390018828213215
6059,0.00033933407394215465
6060,0.00034091429552063346
6061,0.0003412934602238238
6062,0.0003401214489713311
6063,0.00033885458833537996
6064,0.0003385891322977841
6065,0.00033942668233066797
6066,0.00033994734985753894
6067,0.00033960078144446015
6068,0.0003388174227438867
6069,0.00033823269768618047
6070,0.00033838822855614126
6071,0.00033881794661283493
6072,0.00033893933868966997
6073,0.00033865057048387825
6074,0.000338147598085925
6075,0.00033788231667131186
6076,0.0003379491390660405
6077,0.00033812096808105707
6078,0.0003382312133908272
6079,0.0003381119458936155
6080,0.00033783839899115264
6081,0.00033761627855710685
6082,0.00033749290741980076
6083,0.0003375167725607753
6084,0.0003375945088919252
6085,0.0003375997766852379
6086,0.00033754308242350817
6087,0.0003373950603418052
6088,0.00033723478554748
6089,0.0003371159255038947
6090,0.00033704249653965235
6091,0.0003370223566889763
6092,0.0003370189806446433
6093,0.00033700320636853576
6094,0.0003369642363395542
6095,0.00033690163400024176
6096,0.00033680780325084925
6097,0.0003367186291143298
6098,0.0003366231103427708
6099,0.0003365424054209143
6100,0.00033647369127720594
6101,0.0003364122530911118
6102,0.0003363612631801516
6103,0.0003363147552590817
6104,0.0003362724091857672
6105,0.00033623064518906176
6106,0.00033619525493122637
6107,0.0003361580311320722
6108,0.00033613701816648245
6109,0.0003361208946444094
6110,0.0003361338167451322
6111,0.00033617563894949853
6112,0.000336287310346961
6113,0.0003365004959050566
6114,0.00033690957934595644
6115,0.00033767172135412693
6116,0.0003390207712072879
6117,0.0003416167455725372
6118,0.00034595810575410724
6119,0.00035455802571959794
6120,0.0003667749697342515
6121,0.00038954929914325476
6122,0.00040669081499800086
6123,0.0004258853441569954
6124,0.0004031996359117329
6125,0.0003676289052236825
6126,0.00033968291245400906
6127,0.0003445146430749446
6128,0.0003677895583678037
6129,0.0003735792124643922
6130,0.00035464641405269504
6131,0.00033799052471295
6132,0.0003424702736083418
6133,0.0003563125501386821
6134,0.0003574740549083799
6135,0.00034620999940671027
6136,0.00033637811429798603
6137,0.0003384525771252811
6138,0.0003471503732725978
6139,0.00035100470995530486
6140,0.0003472754324320704
6141,0.0003395217645447701
6142,0.00033522260491736233
6143,0.00033669042750261724
6144,0.00034106941893696785
6145,0.00034401609445922077
6146,0.00034258191590197384
6147,0.00033881820854730904
6148,0.0003354550863150507
6149,0.0003347965539433062
6150,0.00033646824886091053
6151,0.00033849308965727687
6152,0.0003392057551536709
6153,0.00033787210122682154
6154,0.0003358521207701415
6155,0.0003343996941111982
6156,0.00033422381966374815
6157,0.00033508360502310097
6158,0.00033613963751122355
6159,0.0003367284662090242
6160,0.00033651324338279665
6161,0.00033574263215996325
6162,0.0003347517631482333
6163,0.00033397384686395526
6164,0.00033361141686327755
6165,0.000333678734023124
6166,0.00033400492975488305
6167,0.0003344027791172266
6168,0.00033473767689429224
6169,0.00033491317299194634
6170,0.0003349610196892172
6171,0.0003348799073137343
6172,0.00033473983057774603
6173,0.00033455435186624527
6174,0.0003343983262311667
6175,0.0003342677664477378
6176,0.0003342200070619583
6177,0.00033425711444579065
6178,0.00033443435677327216
6179,0.0003347791498526931
6180,0.00033544900361448526
6181,0.00033648181124590337
6182,0.00033833595807664096
6183,0.00034099261392839253
6184,0.00034571829019114375
6185,0.00035160448169335723
6186,0.0003616125031840056
6187,0.00036962723243050277
6188,0.00037983868969604373
6189,0.0003755685465876013
6190,0.00036503374576568604
6191,0.00034561424399726093
6192,0.00033389710006304085
6193,0.00033611341495998204
6194,0.00034622367820702493
6195,0.0003524349594954401
6196,0.00034758285619318485
6197,0.0003385441959835589
6198,0.0003327003796584904
6199,0.00033412157790735364
6200,0.00033981623710133135
6201,0.0003439233114477247
6202,0.00034467497607693076
6203,0.0003411052457522601
6204,0.0003367536992300302
6205,0.00033311438164673746
6206,0.0003315033682156354
6207,0.00033188489032909274
6208,0.0003336388326715678
6209,0.00033603713382035494
6210,0.00033823910052888095
6211,0.00034035445423796773
6212,0.00034131784923374653
6213,0.0003419874410610646
6214,0.00034093132126145065
6215,0.00033941410947591066
6216,0.00033672997960820794
6217,0.0003341246920172125
6218,0.00033195503056049347
6219,0.0003307789156679064
6220,0.00033063642331399024
6221,0.00033127987990155816
6222,0.0003323724085930735
6223,0.0003336207300890237
6224,0.00033505246392451227
6225,0.0003364649892318994
6226,0.0003384334850125015
6227,0.00034048594534397125
6228,0.0003438880085013807
6229,0.0003471770032774657
6230,0.000352553091943264
6231,0.00035590335028246045
6232,0.000360090663889423
6233,0.0003574450092855841
6234,0.0003523584164213389
6235,0.0003419721615500748
6236,0.0003334122011438012
6237,0.00033008825266733766
6238,0.0003326729347463697
6239,0.0003378896799404174
6240,0.00034122829674743116
6241,0.00034160606446675956
6242,0.00033822524710558355
6243,0.0003341906704008579
6244,0.0003307886654511094
6245,0.00032923519029282033
6246,0.00032950524473562837
6247,0.00033110141521319747
6248,0.00033359474036842585
6249,0.0003367340541444719
6250,0.00034142759977839887
6251,0.0003469072107691318
6252,0.00035580614348873496
6253,0.0003632926382124424
6254,0.00037259439704939723
6255,0.00036957047996111214
6256,0.0003604381636250764
6257,0.00034204902476631105
6258,0.00033045263262465596
6259,0.0003321131516713649
6260,0.0003415338578633964
6261,0.00034699102980084717
6262,0.0003418033302295953
6263,0.00033320178044959903
6264,0.00032891807495616376
6265,0.0003314178320579231
6266,0.0003370508784428239
6267,0.0003403975861147046
6268,0.0003405731695238501
6269,0.00033699252526275814
6270,0.00033294889726676047
6271,0.0003295517817605287
6272,0.00032782964990474284
6273,0.00032766888034529984
6274,0.00032870974973775446
6275,0.00033065598108805716
6276,0.0003332640044391155
6277,0.0003370325139258057
6278,0.0003415371757000685
6279,0.00034833027166314423
6280,0.00035412481520324945
6281,0.00036086319596506655
6282,0.0003589882398955524
6283,0.0003526292275637388
6284,0.0003391913778614253
6285,0.00032927634310908616
6286,0.00032831975840963423
6287,0.0003345983277540654
6288,0.0003407634503673762
6289,0.0003404143499210477
6290,0.00033556297421455383
6291,0.0003295139176771045
6292,0.000326695415424183
6293,0.0003278489748481661
6294,0.00033135508419945836
6295,0.000335616321535781
6296,0.00033907138276845217
6297,0.00034294367651455104
6298,0.00034563359804451466
6299,0.00034985161619260907
6300,0.0003513920237310231
6301,0.0003530025132931769
6302,0.0003486072237137705
6303,0.0003419606073293835
6304,0.00033281679498031735
6305,0.00032686960184946656
6306,0.0003263667458668351
6307,0.0003300753887742758
6308,0.0003343637508805841
6309,0.00033560130395926535
6310,0.0003339986433275044
6311,0.00033026019809767604
6312,0.0003269617154728621
6313,0.00032517657382413745
6314,0.00032513472251594067
6315,0.0003264236729592085
6316,0.00032864537206478417
6317,0.0003320363466627896
6318,0.0003368923207744956
6319,0.0003457190759945661
6320,0.0003582604695111513
6321,0.00038068118738010526
6322,0.0003984950599260628
6323,0.0004128149012103677
6324,0.00038203599979169667
6325,0.0003425229515414685
6326,0.00032912814640440047
6327,0.0003485303604975343
6328,0.00036254190490581095
6329,0.00034671800676733255
6330,0.00032832048600539565
6331,0.00033814695780165493
6332,0.0003509594243951142
6333,0.0003409152268432081
6334,0.0003287971194367856
6335,0.0003285959828644991
6336,0.00033641012851148844
6337,0.00034243438858538866
6338,0.00033992945100180805
6339,0.00033079061540775
6340,0.00032542605185881257
6341,0.00032493722392246127
6342,0.0003289795422460884
6343,0.0003350584302097559
6344,0.0003395093372091651
6345,0.0003434662939980626
6346,0.00034285118454135954
6347,0.00033911559148691595
6348,0.0003322457487229258
6349,0.0003258962242398411
6350,0.00032335371361114085
6351,0.00032596694654785097
6352,0.0003295068454463035
6353,0.000330260896589607
6354,0.00032826411188580096
6355,0.00032480855588801205
6356,0.000322878360748291
6357,0.0003232656163163483
6358,0.0003249665314797312
6359,0.00032718759030103683
6360,0.0003290911845397204
6361,0.0003311443724669516
6362,0.0003335313231218606
6363,0.00033765388070605695
6364,0.0003427685587666929
6365,0.0003516026772558689
6366,0.0003595734597183764
6367,0.000368655426427722
6368,0.0003642374067567289
6369,0.0003512258408591151
6370,0.0003313381166663021
6371,0.00032334632123820484
6372,0.00033094672835431993
6373,0.000340464262990281
6374,0.0003384988522157073
6375,0.00032783864298835397
6376,0.0003226553671993315
6377,0.0003263640683144331
6378,0.0003326504083815962
6379,0.00033583276672288775
6380,0.00033274138695560396
6381,0.0003275218768976629
6382,0.0003230388683732599
6383,0.0003210616996511817
6384,0.0003217358607798815
6385,0.000324279215419665
6386,0.0003281160315964371
6387,0.00033334328327327967
6388,0.00034134797169826925
6389,0.0003507986548356712
6390,0.0003641566727310419
6391,0.0003696479252539575
6392,0.0003661267983261496
6393,0.00034313631476834416
6394,0.00032440057839266956
6395,0.00032560297404415905
6396,0.0003383304283488542
6397,0.00034169337595812976
6398,0.00033023941796272993
6399,0.00032199901761487126
6400,0.00032701247255317867
6401,0.00033430964685976505
6402,0.00033407422597520053
6403,0.00032775491126812994
6404,0.00032161868875846267
6405,0.00032005878165364265
6406,0.00032356855808757246
6407,0.00032915943302214146
6408,0.00033514777896925807
6409,0.0003420485882088542
6410,0.00034734237124212086
6411,0.00035325155477039516
6412,0.0003525853098835796
6413,0.00034715727088041604
6414,0.000333853269694373
6415,0.00032247265335172415
6416,0.00032067380379885435
6417,0.00032758430461399257
6418,0.00033289327984675765
6419,0.0003296870563644916
6420,0.000323036452755332
6421,0.00031979495543055236
6422,0.00032220283173955977
6423,0.0003266794665250927
6424,0.00032861539511941373
6425,0.0003275347698945552
6426,0.0003242444363422692
6427,0.00032106091384775937
6428,0.00031907297670841217
6429,0.00031844028853811324
6430,0.00031888013472780585
6431,0.00032023576204665005
6432,0.0003225709078833461
6433,0.0003264293191023171
6434,0.0003335036162752658
6435,0.0003450037620496005
6436,0.00036473083309829235
6437,0.0003842886071652174
6438,0.0003982175257988274
6439,0.0003729335148818791
6440,0.0003351888444740325
6441,0.0003235258045606315
6442,0.0003437246195971966
6443,0.0003527342341840267
6444,0.00033401482505723834
6445,0.00032276881393045187
6446,0.00033727518166415393
6447,0.0003426985931582749
6448,0.00032709140214137733
6449,0.00032167398603633046
6450,0.00032732076942920685
6451,0.00033370143501088023
6452,0.00033551332307979465
6453,0.00032814807491376996
6454,0.00032074152841232717
6455,0.0003193439042661339
6456,0.00032094804919324815
6457,0.00032643633312545717
6458,0.00033141367021016777
6459,0.0003334433422423899
6460,0.0003346827579662204
6461,0.00033114844700321555
6462,0.00032572081545367837
6463,0.00032083530095405877
6464,0.0003174219746142626
6465,0.00031837308779358864
6466,0.00032151141203939915
6467,0.00032288869260810316
6468,0.00032228988129645586
6469,0.0003198260674253106
6470,0.0003174496232531965
6471,0.0003169602423440665
6472,0.0003175594029016793
6473,0.00031905804644338787
6474,0.0003207859117537737
6475,0.00032228868803940713
6476,0.00032462363014928997
6477,0.00032780293258838356
6478,0.0003331515472382307
6479,0.0003412516671232879
6480,0.0003542227204889059
6481,0.000367423432180658
6482,0.00037866077036596835
6483,0.00036696094321087003
6484,0.0003410173230804503
6485,0.0003200194041710347
6486,0.00032588516478426754
6487,0.0003420522261876613
6488,0.0003383790608495474
6489,0.00032169726910069585
6490,0.0003204463282600045
6491,0.0003316393413115293
6492,0.0003336405206937343
6493,0.0003249357105232775
6494,0.000317421683575958
6495,0.00031862585456110537
6496,0.00032593091600574553
6497,0.0003305123245809227
6498,0.00032875785836949944
6499,0.00032380904303863645
6500,0.00031840160954743624
6501,0.0003160283959005028
6502,0.00031687819864600897
6503,0.00031952362041920424
6504,0.0003229266148991883
6505,0.0003252396418247372
6506,0.0003260181692894548
6507,0.00032471303711645305
6508,0.0003218207857571542
6509,0.0003183297230862081
6510,0.0003158154140692204
6511,0.0003151089185848832
6512,0.00031618689536117017
6513,0.0003178418264724314
6514,0.0003190143033862114
6515,0.0003193463198840618
6516,0.0003187851107213646
6517,0.00031792031950317323
6518,0.0003170270356349647
6519,0.00031628552824258804
6520,0.00031582615338265896
6521,0.00030327701824717224
6522,0.0003026675258297473
6523,0.0003020305302925408
6524,0.0003018664428964257
6525,0.0003021663287654519
6526,0.00030251077259890735
6527,0.0003028001810889691
6528,0.0003026827471330762
6529,0.00030243193032220006
6530,0.0003019889700226486
6531,0.0003016841656062752
6532,0.0003015024121850729
6533,0.00030151012470014393
6534,0.0003016397822648287
6535,0.000301724678138271
6536,0.00030181449255906045
6537,0.0003017306444235146
6538,0.00030166274518705904
6539,0.00030147607321850955
6540,0.00030135875567793846
6541,0.000301194580970332
6542,0.000301098421914503
6543,0.0003009969659615308
6544,0.00030092670931480825
6545,0.00030087115010246634
6546,0.0003008193161804229
6547,0.0003007992636412382
6548,0.00030076433904469013
6549,0.0003007849445566535
6550,0.0003007889026775956
6551,0.00030089716892689466
6552,0.0003010129148606211
6553,0.0003013664099853486
6554,0.00030185229843482375
6555,0.0003029420040547848
6556,0.00030463520670309663
6557,0.0003079241723753512
6558,0.0003131708945147693
6559,0.0003217931662220508
6560,0.0003335658402647823
6561,0.00034511377452872694
6562,0.00034939247416332364
6563,0.0003354847722221166
6564,0.0003126235387753695
6565,0.000301918713375926
6566,0.00031188124557957053
6567,0.000322001549648121
6568,0.0003149680851493031
6569,0.00030303484527394176
6570,0.0003036744601558894
6571,0.00031251017935574055
6572,0.00031543191289529204
6573,0.00030948934727348387
6574,0.0003020428994204849
6575,0.00030071489163674414
6576,0.00030504638561978936
6577,0.00030988120124675333
6578,0.0003117061569355428
6579,0.00030943547608330846
6580,0.00030538602732121944
6581,0.0003015230759046972
6582,0.0002999379939865321
6583,0.00030055761453695595
6584,0.00030246833921410143
6585,0.0003049811639357358
6586,0.0003067577490583062
6587,0.00030787099967710674
6588,0.0003076326393056661
6589,0.0003065390919800848
6590,0.00030437903478741646
6591,0.0003021643788088113
6592,0.00030019503901712596
6593,0.00029931761673651636
6594,0.0002994056267198175
6595,0.0003001599106937647
6596,0.0003014052927028388
6597,0.00030266543035395443
6598,0.0003044522018171847
6599,0.0003066900244448334
6600,0.00031059497268870473
6601,0.00031653905170969665
6602,0.0003259525983594358
6603,0.0003381806018296629
6604,0.00034865940688177943
6605,0.00034934174618683755
6606,0.00033105749753303826
6607,0.0003075362474191934
6608,0.0003011241205967963
6609,0.00031383358873426914
6610,0.0003214660391677171
6611,0.00031142504303716123
6612,0.0003006086335517466
6613,0.0003040073497686535
6614,0.0003129690885543823
6615,0.00031376699917018414
6616,0.000306341506075114
6617,0.00029961642576381564
6618,0.00030022565624676645
6619,0.00030556193087249994
6620,0.00030956126283854246
6621,0.0003093941486440599
6622,0.0003054560802411288
6623,0.0003012686502188444
6624,0.00029869197169318795
6625,0.0002988394699059427
6626,0.00030092603992670774
6627,0.00030355947092175484
6628,0.0003062928735744208
6629,0.0003079464950133115
6630,0.00030882752616889775
6631,0.0003081184986513108
6632,0.000306327041471377
6633,0.0003033186076208949
6634,0.00030042423168197274
6635,0.00029833309235982597
6636,0.0002978698757942766
6637,0.0002987330954056233
6638,0.00030015470110811293
6639,0.0003018076531589031
6640,0.00030306275584734976
6641,0.0003045068879146129
6642,0.0003059280279558152
6643,0.0003082782495766878
6644,0.000311283947667107
6645,0.00031573689193464816
6646,0.00032075255876407027
6647,0.00032541187829338014
6648,0.00032686119084246457
6649,0.0003223429375793785
6650,0.0003121966728940606
6651,0.00030186798539943993
6652,0.00029770313994958997
6653,0.00030121594318188727
6654,0.00030741989030502737
6655,0.00030998801230452955
6656,0.0003076645953115076
6657,0.0003024049219675362
6658,0.00029835072928108275
6659,0.0002971463545691222
6660,0.00029869485297240317
6661,0.00030173594132065773
6662,0.00030442996649071574
6663,0.0003064767806790769
6664,0.0003070920647587627
6665,0.00030693673761561513
6666,0.0003056637942790985
6667,0.00030408846214413643
6668,0.0003019876021426171
6669,0.0003002004814334214
6670,0.00029850518330931664
6671,0.00029742438346147537
6672,0.00029665950569324195
6673,0.0002963379956781864
6674,0.0002962468715850264
6675,0.00029632728546857834
6676,0.00029661229928024113
6677,0.0002970237983390689
6678,0.0002979157434310764
6679,0.0002993089146912098
6680,0.00030217046150937676
6681,0.0003071037644986063
6682,0.0003165688249282539
6683,0.00033249612897634506
6684,0.00035643871524371207
6685,0.00038175744703039527
6686,0.00038282020250335336
6687,0.0003475012199487537
6688,0.00030453872750513256
6689,0.00030933794914744794
6690,0.00033555435948073864
6691,0.0003242399834562093
6692,0.0003007213235832751
6693,0.0003120735054835677
6694,0.0003249511937610805
6695,0.00030883969157002866
6696,0.00029993074713274837
6697,0.0003105199721176177
6698,0.00031644245609641075
6699,0.00030697829788550735
6700,0.00029705281485803425
6701,0.0003014831163454801
6702,0.0003101338224951178
6703,0.0003112104313913733
6704,0.0003047816571779549
6705,0.00029766466468572617
6706,0.00029705101042054594
6707,0.00030081215663813055
6708,0.0003058893489651382
6709,0.00030932415393181145
6710,0.0003086493816226721
6711,0.00030563210020773113
6712,0.00030054253875277936
6713,0.0002968295302707702
6714,0.00029532905318774283
6715,0.0002963181759696454
6716,0.00029871828155592084
6717,0.00030003333813510835
6718,0.0003002568264491856
6719,0.0002987571060657501
6720,0.000297072168905288
6721,0.0002956062962766737
6722,0.0002948208712041378
6723,0.00029483376420103014
6724,0.00029526077560149133
6725,0.00029629209893755615
6726,0.00029773241840302944
6727,0.00030032984795980155
6728,0.0003046304627787322
6729,0.0003127244708593935
6730,0.0003263424150645733
6731,0.00034731021150946617
6732,0.00037060113390907645
6733,0.0003763100830838084
6734,0.0003494790580589324
6735,0.0003072178515139967
6736,0.0003013656532857567
6737,0.00032602419378235936
6738,0.0003255766932852566
6739,0.0003013818059116602
6740,0.0003027507336810231
6741,0.0003192693111486733
6742,0.00031248218147084117
6743,0.00029827599064446986
6744,0.0003020464500878006
6745,0.0003122133784927428
6746,0.0003088010707870126
6747,0.00029753221315331757
6748,0.0002960588317364454
6749,0.00030345580307766795
6750,0.000307911861455068
6751,0.0003043872711714357
6752,0.00029754082788713276
6753,0.0002947312605101615
6754,0.0002967496693599969
6755,0.0003012099477928132
6756,0.0003049664373975247
6757,0.0003056690620724112
6758,0.0003038868890143931
6759,0.0002999542630277574
6760,0.000296328857075423
6761,0.0002938841062132269
6762,0.00029369682306423783
6763,0.0002951540518552065
6764,0.0002967734180856496
6765,0.00029789135442115366
6766,0.00029751964029856026
6767,0.00029654859099537134
6768,0.00029506225837394595
6769,0.00029394665034487844
6770,0.0002932173083536327
6771,0.0002929733309429139
6772,0.0002931489725597203
6773,0.0002935355296358466
6774,0.0002943605068139732
6775,0.00029555620858445764
6776,0.00029784522484987974
6777,0.0003016403061337769
6778,0.0003087798831984401
6779,0.00032054330222308636
6780,0.0003387528413441032
6781,0.0003596158348955214
6782,0.0003686686686705798
6783,0.00035075307823717594
6784,0.00031170574948191643
6785,0.0002953764342237264
6786,0.0003138843458145857
6787,0.00032497712527401745
6788,0.00030705268727615476
6789,0.00029540955438278615
6790,0.00030813016928732395
6791,0.00031519061303697526
6792,0.00030314811738207936
6793,0.0002946017775684595
6794,0.0003012310480698943
6795,0.0003086323558818549
6796,0.00030421384144574404
6797,0.0002953970688395202
6798,0.0002934166695922613
6799,0.00029869977151975036
6800,0.0003040351439267397
6801,0.00030379361123777926
6802,0.00029953918419778347
6803,0.0002947002067230642
6804,0.00029243979952298105
6805,0.0002931447816081345
6806,0.00029564430587925017
6807,0.00029884566902182996
6808,0.0003012185334227979
6809,0.0003025776823051274
6810,0.00030202892958186567
6811,0.0003001631412189454
6812,0.0002970202767755836
6813,0.00029409860144369304
6814,0.0002920398546848446
6815,0.0002915947698056698
6816,0.0002924535656347871
6817,0.0002938614634331316
6818,0.00029548886232078075
6819,0.00029670342337340117
6820,0.0002979851560667157
6821,0.0002990444772876799
6822,0.00030067822081036866
6823,0.00030253359000198543
6824,0.0003053666150663048
6825,0.0003084793279413134
6826,0.0003119969624094665
6827,0.00031424741609953344
6828,0.00031425198540091515
6829,0.0003103831841144711
6830,0.00030357533250935376
6831,0.00029601651476696134
6832,0.00029154462390579283
6833,0.00029145594453439116
6834,0.0002945922897197306
6835,0.00029856243054382503
6836,0.0003007276973221451
6837,0.00030080522992648184
6838,0.0002986472100019455
6839,0.00029581179842352867
6840,0.00029288840596564114
6841,0.00029103655833750963
6842,0.0002902681299019605
6843,0.0002905464207287878
6844,0.0002915986115112901
6845,0.0002929713809862733
6846,0.00029492651810869575
6847,0.0002972857328131795
6848,0.0003010351210832596
6849,0.0003064355405513197
6850,0.0003150778356939554
6851,0.00032682871096767485
6852,0.00034023934858851135
6853,0.0003484780027065426
6854,0.00034081938792951405
6855,0.0003173408913426101
6856,0.000295066594844684
6857,0.0002942990104202181
6858,0.00030886527383700013
6859,0.00031412491807714105
6860,0.00030243530636653304
6861,0.0002918577811215073
6862,0.0002950866473838687
6863,0.00030430336482822895
6864,0.0003066272765863687
6865,0.00029962731059640646
6866,0.00029199299751780927
6867,0.00029031839221715927
6868,0.00029443477978929877
6869,0.0002998781274072826
6870,0.00030228550895117223
6871,0.00030125881312415004
6872,0.00029755948344245553
6873,0.00029373043798841536
6874,0.00029069973970763385
6875,0.0002893200144171715
6876,0.0002893106429837644
6877,0.00029030340374447405
6878,0.0002922399726230651
6879,0.0002948130131699145
6880,0.0002986706094816327
6881,0.0003036661655642092
6882,0.0003105299547314644
6883,0.0003180411586072296
6884,0.0003245666157454252
6885,0.0003258305077906698
6886,0.00031861907336860895
6887,0.00030469862394966185
6888,0.0002925717271864414
6889,0.00028980354545637965
6890,0.0002959067060146481
6891,0.0003032348759006709
6892,0.00030447577591985464
6893,0.000299752748105675
6894,0.00029298849403858185
6895,0.00028908182866871357
6896,0.0002892697521019727
6897,0.0002923623542301357
6898,0.00029653182718902826
6899,0.00029967931914143264
6900,0.0003015422262251377
6901,0.00030142205650918186
6902,0.00030009873444214463
6903,0.0002974827366415411
6904,0.0002946820459328592
6905,0.000291805510642007
6906,0.0002897239464800805
6907,0.00028828627546317875
6908,0.00028768207994289696
6909,0.0002876429061871022
6910,0.00028801884036511183
6911,0.00028884265339002013
6912,0.0002900144609156996
6913,0.000292084994725883
6914,0.0002952192444354296
6915,0.0003007168124895543
6916,0.00030914234230294824
6917,0.00032198024564422667
6918,0.00033792530302889645
6919,0.00035157916136085987
6920,0.00035288368235342205
6921,0.00033231836277991533
6922,0.0003027056227438152
6923,0.0002889621537178755
6924,0.0003001504810526967
6925,0.0003146577801089734
6926,0.00031043324270285666
6927,0.0002946241002064198
6928,0.0002890397154260427
6929,0.00029760473989881575
6930,0.00030589240486733615
6931,0.00030335638439282775
6932,0.00029363209614530206
6933,0.00028780620777979493
6934,0.0002900305262301117
6935,0.00029606628231704235
6936,0.0002999860735144466
6937,0.0002987901389133185
6938,0.0002945123997051269
6939,0.0002897827362176031
6940,0.000287149625364691
6941,0.0002868268347810954
6942,0.00028837492573074996
6943,0.0002913107455242425
6944,0.00029510448803193867
6945,0.000300388754112646
6946,0.000307017209706828
6947,0.0003154898004140705
6948,0.0003238686185795814
6949,0.00032866495894268155
6950,0.0003250504087191075
6951,0.00031153985764831305
6952,0.00029512232868000865
6953,0.0002871182805392891
6954,0.0002914119977504015
6955,0.0003003610472660512
6956,0.0003039440489374101
6957,0.0002988795458804816
6958,0.00029099840321578085
6959,0.0002865241840481758
6960,0.00028782474691979587
6961,0.0002926034212578088
6962,0.00029688686481676996
6963,0.0002987874613609165
6964,0.0002973959199152887
6965,0.0002942234859801829
6966,0.00029030052246525884
6967,0.0002873461344279349
6968,0.0002856797073036432
6969,0.00028549833223223686
6970,0.00028646172722801566
6971,0.000288128707325086
6972,0.00029068836010992527
6973,0.0002940403937827796
6974,0.00029919177177362144
6975,0.00030640035402029753
6976,0.0003166352107655257
6977,0.000328399968566373
6978,0.000337361911078915
6979,0.00033637622254900634
6980,0.00032019722857512534
6981,0.00029786291997879744
6982,0.00028631798340938985
6983,0.00029269958031363785
6984,0.0003046519705094397
6985,0.0003061163588427007
6986,0.00029591942438855767
6987,0.00028681347612291574
6988,0.00028723260038532317
6989,0.00029423352680169046
6990,0.0002997732372023165
6991,0.0002986774197779596
6992,0.0002929952461272478
6993,0.00028702503186650574
6994,0.00028466820367611945
6995,0.00028618465876206756
6996,0.0002897027297876775
6997,0.0002934278454631567
6998,0.0002957412216346711
6999,0.0002968709450215101
7000,0.0002966966712847352
7001,0.00029610126512125134
7002,0.0002949212212115526
7003,0.00029380773776210845
7004,0.0002923703577835113
7005,0.0002910973271355033
7006,0.00028957033646292984
7007,0.00028826456400565803
7008,0.0002868687151931226
7009,0.00028581463266164064
7010,0.0002848543517757207
7011,0.00028424084302969277
7012,0.00028375390684232116
7013,0.00028348632622510195
7014,0.0002832953759934753
7015,0.0002831975871231407
7016,0.0002831507590599358
7017,0.0002831398160196841
7018,0.0002832079480867833
7019,0.00028333187219686806
7020,0.00028370035579428077
7021,0.00028438313165679574
7022,0.0002860341628547758
7023,0.00028938023024238646
7024,0.0002969104971271008
7025,0.0003123397473245859
7026,0.00034270345349796116
7027,0.00039257510798051953
7028,0.0004417029267642647
7029,0.0004414105787873268
7030,0.00035059728543274105
7031,0.00028870764072053134
7032,0.000327515386743471
7033,0.00035197261604480445
7034,0.00030375784263014793
7035,0.00029925056151114404
7036,0.00033219504985027015
7037,0.0003085326752625406
7038,0.0002927016175817698
7039,0.000318180478643626
7040,0.000308484974084422
7041,0.0002895587240345776
7042,0.00030403657001443207
7043,0.0003077360743191093
7044,0.0002901576808653772
7045,0.00029024507966823876
7046,0.0003028797800652683
7047,0.00029832488507963717
7048,0.00028623297112062573
7049,0.0002873252087738365
7050,0.00029670228832401335
7051,0.0002993218367919326
7052,0.0002930337795987725
7053,0.0002855122147593647
7054,0.0002831233141478151
7055,0.00028626987477764487
7056,0.0002912763739004731
7057,0.00029501208337023854
7058,0.00029517069924622774
7059,0.00029235289548523724
7060,0.0002877738152164966
7061,0.00028395740082487464
7062,0.0002820943482220173
7063,0.0002825478441081941
7064,0.00028455411666072905
7065,0.0002867025032173842
7066,0.0002884896530304104
7067,0.0002891574695240706
7068,0.00028917970485053957
7069,0.00028836861019954085
7070,0.00028738335822708905
7071,0.00028603911050595343
7072,0.0002848492586053908
7073,0.00028360626311041415
7074,0.00028267555171623826
7075,0.00028187426505610347
7076,0.0002813825849443674
7077,0.0002810587757267058
7078,0.00028092815773561597
7079,0.0002809296711347997
7080,0.0002810003934428096
7081,0.0002811978629324585
7082,0.0002814266481436789
7083,0.0002818558132275939
7084,0.00028237421065568924
7085,0.00028329150518402457
7086,0.00028449518140405416
7087,0.00028648352599702775
7088,0.00028918965836055577
7089,0.0002933340147137642
7090,0.00029885873664170504
7091,0.00030621112091466784
7092,0.00031444826163351536
7093,0.0003214285825379193
7094,0.0003237433556932956
7095,0.0003171943826600909
7096,0.0003030775405932218
7097,0.00028801115695387125
7098,0.0002807611890602857
7099,0.0002842332178261131
7100,0.00029267003992572427
7101,0.0002972799993585795
7102,0.0002946711319964379
7103,0.00028748257318511605
7104,0.0002816781052388251
7105,0.00028036098228767514
7106,0.0002831398160196841
7107,0.00028749677585437894
7108,0.0002905497094616294
7109,0.00029150740010663867
7110,0.00029015608015470207
7111,0.00028775024111382663
7112,0.00028486165683716536
7113,0.0002825201954692602
7114,0.0002807025157380849
7115,0.0002796682820189744
7116,0.00027909845812246203
7117,0.0002789246500469744
7118,0.000278999941656366
7119,0.00027926635812036693
7120,0.00027989453519694507
7121,0.000280995387583971
7122,0.0002833299513440579
7123,0.00028771706274710596
7124,0.0002965724270325154
7125,0.0003129822725895792
7126,0.0003411578945815563
7127,0.00038138963282108307
7128,0.00041206745663657784
7129,0.00040292346966452897
7130,0.00033412003540433943
7131,0.0002836415369529277
7132,0.00030412457999773324
7133,0.0003359492402523756
7134,0.0003111464320681989
7135,0.0002833862090483308
7136,0.00030527747003361583
7137,0.00031745785963721573
7138,0.0002918869722634554
7139,0.00028672930784523487
7140,0.0003054985136259347
7141,0.0003012937668245286
7142,0.00028355102404020727
7143,0.00028672360349446535
7144,0.0002986562030855566
7145,0.00029379254556261003
7146,0.0002818829962052405
7147,0.0002822692913468927
7148,0.0002911162155214697
7149,0.0002940557315014303
7150,0.0002880916290450841
7151,0.00028085007215850055
7152,0.00027852904167957604
7153,0.0002816178312059492
7154,0.00028709881007671356
7155,0.0002916860394179821
7156,0.0002939459518529475
7157,0.0002932718489319086
7158,0.00029042427195236087
7159,0.0002861356479115784
7160,0.0002819928922690451
7161,0.00027883725124411285
7162,0.0002775316534098238
7163,0.0002778978960122913
7164,0.0002793542807921767
7165,0.00028139419737271965
7166,0.00028326583560556173
7167,0.00028499661129899323
7168,0.00028616448980756104
7169,0.0002870580356102437
7170,0.0002872584736905992
7171,0.00028699220274575055
7172,0.00028585593099705875
7173,0.00028423708863556385
7174,0.00028203200781717896
7175,0.00027994540869258344
7176,0.000278081075521186
7177,0.000276957027381286
7178,0.00027648278046399355
7179,0.0002766141842585057
7180,0.0002771966392174363
7181,0.00027796110953204334
7182,0.0002789924037642777
7183,0.0002800572256091982
7184,0.00028147792909294367
7185,0.0002830479934345931
7186,0.0002851902390830219
7187,0.00028766097966581583
7188,0.00029081854154355824
7189,0.00029426979017443955
7190,0.0002979416458401829
7191,0.0003010714426636696
7192,0.0003027762577403337
7193,0.0003020922013092786
7194,0.00029831615393050015
7195,0.0002919002727139741
7196,0.0002846494026016444
7197,0.0002786281402222812
7198,0.00027581921312958
7199,0.00027630565455183387
7200,0.00027897226391360164
7201,0.00028241946711204946
7202,0.00028506299713626504
7203,0.0002865810238290578
7204,0.0002865714195650071
7205,0.0002856285427697003
7206,0.00028384249890223145
7207,0.00028195141931064427
7208,0.00027996039716526866
7209,0.00027839455287903547
7210,0.00027705819229595363
7211,0.0002762051299214363
7212,0.0002755681343842298
7213,0.0002752485452219844
7214,0.00027503378805704415
7215,0.0002750122803263366
7216,0.00027506676269695163
7217,0.00027539677103050053
7218,0.00027604622300714254
7219,0.00027760921511799097
7220,0.0002807082491926849
7221,0.00028733856743201613
7222,0.00030046061147004366
7223,0.0003254300681874156
7224,0.0003679061774164438
7225,0.0004176856600679457
7226,0.0004454776644706726
7227,0.00038873794255778193
7228,0.00030265870736911893
7229,0.0002832965983543545
7230,0.0003332326887175441
7231,0.00033645835355855525
7232,0.0002867921721190214
7233,0.00029399097547866404
7234,0.0003247959539294243
7235,0.00029896802152507007
7236,0.000282222346868366
7237,0.00030633024289272726
7238,0.00030368813895620406
7239,0.0002809169527608901
7240,0.00028782375738956034
7241,0.00030056634568609297
7242,0.00028770422795787454
7243,0.00027730336296372116
7244,0.000287264003418386
7245,0.00029383390210568905
7246,0.0002843685797415674
7247,0.00027544950717128813
7248,0.00027840735856443644
7249,0.00028673833003267646
7250,0.0002902502310462296
7251,0.00028650040621869266
7252,0.00027966059860773385
7253,0.0002746483078226447
7254,0.00027350676828064024
7255,0.000275673606665805
7256,0.0002796177286654711
7257,0.00028329482302069664
7258,0.00028580802609212697
7259,0.00028640046366490424
7260,0.00028539696359075606
7261,0.0002829713048413396
7262,0.000280041218502447
7263,0.00027698808116838336
7264,0.00027466026949696243
7265,0.00027311863959766924
7266,0.00027255117311142385
7267,0.000272735400358215
7268,0.00027339288499206305
7269,0.00027437048265710473
7270,0.0002752465952653438
7271,0.00027605454670265317
7272,0.000276418897556141
7273,0.0002765488170552999
7274,0.00027618842432275414
7275,0.00027567523648031056
7276,0.0002748538681771606
7277,0.00027409486938267946
7278,0.0002732737921178341
7279,0.0002726714010350406
7280,0.000272143428446725
7281,0.00027181938639841974
7282,0.00027156632859259844
7283,0.0002714235452003777
7284,0.00027132409741170704
7285,0.0002712638524826616
7286,0.00027124452753923833
7287,0.00027124170446768403
7288,0.00027131845126859844
7289,0.0002714342263061553
7290,0.00027173751732334495
7291,0.00027221927302889526
7292,0.0002732350549194962
7293,0.0002749962150119245
7294,0.0002784965909086168
7295,0.0002848977455869317
7296,0.00029687208007089794
7297,0.0003179213381372392
7298,0.0003496951248962432
7299,0.00038886189577169716
7300,0.00040383238228969276
7301,0.0003754622593987733
7302,0.0003067042271140963
7303,0.0002736348833423108
7304,0.00030143102048896253
7305,0.0003260895609855652
7306,0.0003008481580764055
7307,0.00027474635862745345
7308,0.0002922769053839147
7309,0.0003087279328610748
7310,0.00028929897234775126
7311,0.0002747264807112515
7312,0.00028814098914153874
7313,0.0002967172476928681
7314,0.0002832376630976796
7315,0.0002727988758124411
7316,0.0002804486430250108
7317,0.00028909253887832165
7318,0.00028414817643351853
7319,0.00027384181157685816
7320,0.0002712578570935875
7321,0.0002771011204458773
7322,0.0002837999491021037
7323,0.0002858114894479513
7324,0.0002828865253832191
7325,0.00027778110234066844
7326,0.0002730207925196737
7327,0.0002702155616134405
7328,0.00026944815181195736
7329,0.000270368269411847
7330,0.00027247474645264447
7331,0.00027511484222486615
7332,0.00027819248498417437
7333,0.00028131037834100425
7334,0.00028452405240386724
7335,0.00028744625160470605
7336,0.00028973151347599924
7337,0.0002907995949499309
7338,0.00028993087471462786
7339,0.00028683198615908623
7340,0.0002817838976625353
7341,0.00027594086714088917
7342,0.00027121335733681917
7343,0.00026877838536165655
7344,0.0002690506516955793
7345,0.00027116990531794727
7346,0.00027353872428648174
7347,0.0002751286665443331
7348,0.00027512587257660925
7349,0.000273943500360474
7350,0.0002719461917877197
7351,0.0002700786862988025
7352,0.0002686370862647891
7353,0.00026797069585882127
7354,0.0002679475292097777
7355,0.00026838466874323785
7356,0.0002691918343771249
7357,0.0002701564517337829
7358,0.000271491939201951
7359,0.0002731556596700102
7360,0.00027567739016376436
7361,0.00027931827935390174
7362,0.0002849526354111731
7363,0.0002932839561253786
7364,0.0003046297933906317
7365,0.00031877291621640325
7366,0.00033030888880603015
7367,0.00033467781031504273
7368,0.000321691099088639
7369,0.00029759015887975693
7370,0.0002746678364928812
7371,0.00026823216467164457
7372,0.0002784685930237174
7373,0.00029090113821439445
7374,0.0002915853401646018
7375,0.0002804913674481213
7376,0.00026975490618497133
7377,0.00026870350120589137
7378,0.00027556068380363286
7379,0.00028174978797324
7380,0.00028141384245827794
7381,0.00027544863405637443
7382,0.00026921494281850755
7383,0.00026668154168874025
7384,0.00026843161322176456
7385,0.00027244904777035117
7386,0.0002762461663223803
7387,0.00027877220418304205
7388,0.00027982931351289153
7389,0.0002799475332722068
7390,0.0002795747423078865
7391,0.0002791562583297491
7392,0.00027877758839167655
7393,0.00027857572422362864
7394,0.0002783862582873553
7395,0.0002782025549095124
7396,0.0002777826157398522
7397,0.0002771228610072285
7398,0.0002760328643489629
7399,0.00027467129984870553
7400,0.0002729628176894039
7401,0.0002712518908083439
7402,0.0002694921276997775
7403,0.00026803946821019053
7404,0.0002667708322405815
7405,0.00026589579647406936
7406,0.00026524413260631263
7407,0.0002648793160915375
7408,0.00026467599673196673
7409,0.0002646165376063436
7410,0.0002646721841301769
7411,0.00026479497319087386
7412,0.0002650682581588626
7413,0.0002654538257047534
7414,0.0002661932085175067
7415,0.00026736498693935573
7416,0.0002695811854209751
7417,0.00027344387490302324
7418,0.0002805847325362265
7419,0.00029332999838516116
7420,0.00031455079442821443
7421,0.00034748317557387054
7422,0.00038168285391293466
7423,0.00040263927076011896
7424,0.0003695384366437793
7425,0.0003082151524722576
7426,0.00026748928939923644
7427,0.00028423030744306743
7428,0.00031763961305841804
7429,0.00030729855643585324
7430,0.0002739594492595643
7431,0.0002714546862989664
7432,0.0002945677551906556
7433,0.000297109829261899
7434,0.0002753630978986621
7435,0.00026775867445394397
7436,0.00028141163056716323
7437,0.00028804491739720106
7438,0.00027662384673021734
7439,0.00026568761677481234
7440,0.0002692263515200466
7441,0.000278682418866083
7442,0.0002803519309964031
7443,0.0002733041765168309
7444,0.00026556686498224735
7445,0.000263343274127692
7446,0.0002667607623152435
7447,0.0002727193641476333
7448,0.0002781958319246769
7449,0.0002816755441017449
7450,0.0002829373988788575
7451,0.00028199213556945324
7452,0.00027947931084781885
7453,0.00027574386331252754
7454,0.00027148527442477643
7455,0.0002675233408808708
7456,0.0002643647603690624
7457,0.00026255761622451246
7458,0.0002620187296997756
7459,0.0002625349152367562
7460,0.0002637752622831613
7461,0.0002652272523846477
7462,0.00026674207765609026
7463,0.000267897208686918
7464,0.0002687140950001776
7465,0.00026889951550401747
7466,0.000268571573542431
7467,0.00026759342290461063
7468,0.00026629530475474894
7469,0.0002647334476932883
7470,0.00026335337315686047
7471,0.0002621729508973658
7472,0.00026142611750401556
7473,0.0002609991352073848
7474,0.00026088321465067565
7475,0.00026098493253812194
7476,0.00026121572591364384
7477,0.00026162623544223607
7478,0.0002621503663249314
7479,0.00026300043100491166
7480,0.00026416219770908356
7481,0.00026602172874845564
7482,0.00026873144088312984
7483,0.0002729517291299999
7484,0.0002793158928398043
7485,0.00028857652796432376
7486,0.00030183963826857507
7487,0.00031713320640847087
7488,0.00033316336339339614
7489,0.00033782582613639534
7490,0.00032863824162632227
7491,0.0003006797342095524
7492,0.00027260652859695256
7493,0.0002607678179629147
7494,0.00026946357684209943
7495,0.0002849679149221629
7496,0.0002891363110393286
7497,0.00027877604588866234
7498,0.00026508537121117115
7499,0.0002609031507745385
7500,0.00026726347277872264
7501,0.00027547654462978244
7502,0.00027725446852855384
7503,0.00027160131139680743
7504,0.00026388672995381057
7505,0.00025962715153582394
7506,0.00026037724455818534
7507,0.0002643875777721405
7508,0.0002691020490601659
7509,0.0002726921811699867
7510,0.00027464228332974017
7511,0.0002753883018158376
7512,0.0002752939471974969
7513,0.0002749675768427551
7514,0.000274477933999151
7515,0.0002740493800956756
7516,0.00027349963784217834
7517,0.0002728512918110937
7518,0.00027187837986275554
7519,0.0002705701917875558
7520,0.00026887908461503685
7521,0.0002668716770131141
7522,0.00026477634673938155
7523,0.00026266826898790896
7524,0.0002608797512948513
7525,0.0002593661774881184
7526,0.00025832836399786174
7527,0.00025762009317986667
7528,0.0002572728553786874
7529,0.0002571703807916492
7530,0.0002572517842054367
7531,0.00025750731583684683
7532,0.00025785333127714694
7533,0.000258411921095103
7534,0.0002591368102002889
7535,0.0002603199100121856
7536,0.00026207443443126976
7537,0.0002650193346198648
7538,0.00026979329413734376
7539,0.0002776219916995615
7540,0.0002903761633206159
7541,0.000308654474793002
7542,0.0003338863607496023
7543,0.0003545930958352983
7544,0.0003639920905698091
7545,0.00033836765214800835
7546,0.00029642635490745306
7547,0.00026242234162054956
7548,0.0002615526900626719
7549,0.0002842736430466175
7550,0.00029774056747555733
7551,0.00028616742929443717
7552,0.0002644321066327393
7553,0.0002585308102425188
7554,0.0002703550271689892
7555,0.00028101587668061256
7556,0.0002772060106508434
7557,0.00026418594643473625
7558,0.0002566718903835863
7559,0.0002601512533146888
7560,0.0002683148777578026
7561,0.0002724092919379473
7562,0.0002693377318792045
7563,0.000262674642726779
7564,0.00025706924498081207
7565,0.0002549372729845345
7566,0.00025624845875427127
7567,0.0002598458668217063
7568,0.00026453359168954194
7569,0.000269800191745162
7570,0.0002755262248683721
7571,0.0002812188758980483
7572,0.0002870819589588791
7573,0.000290950876660645
7574,0.00029277484281919897
7575,0.0002892519114539027
7576,0.0002819324436131865
7577,0.000271217169938609
7578,0.00026123280986212194
7579,0.0002550621284171939
7580,0.000254023470915854
7581,0.0002571387740317732
7582,0.0002619026927277446
7583,0.0002654610143508762
7584,0.0002661429753061384
7585,0.0002638769510667771
7586,0.0002599091676529497
7587,0.00025598215870559216
7588,0.00025362521409988403
7589,0.0002531951467972249
7590,0.0002543041773606092
7591,0.0002562128356657922
7592,0.00025806811754591763
7593,0.00025959144113585353
7594,0.00026057983632199466
7595,0.0002612275129649788
7596,0.0002616606361698359
7597,0.0002621047315187752
7598,0.0002626688510645181
7599,0.00026345078367739916
7600,0.0002645078639034182
7601,0.00026575825177133083
7602,0.00026724018971435726
7603,0.00026862858794629574
7604,0.0002700059558264911
7605,0.00027080110157839954
7606,0.00027119016158394516
7607,0.00027050659991800785
7608,0.0002690843539312482
7609,0.00026656448608264327
7610,0.00026347103994339705
7611,0.0002600346633698791
7612,0.00025673877098597586
7613,0.0002540539426263422
7614,0.0002520929556339979
7615,0.00025102728977799416
7616,0.000250674900598824
7617,0.00025089088012464345
7618,0.0002515477826818824
7619,0.00025247008306905627
7620,0.00025377716519869864
7621,0.0002554665261413902
7622,0.00025793470558710396
7623,0.00026156354579143226
7624,0.000267076917225495
7625,0.000275719998171553
7626,0.00028802454471588135
7627,0.0003061356255784631
7628,0.00032527974690310657
7629,0.00034458021400496364
7630,0.0003442611778154969
7631,0.0003268844448029995
7632,0.0002894039498642087
7633,0.0002587178023532033
7634,0.00025083913351409137
7635,0.0002649911621119827
7636,0.0002829463919624686
7637,0.0002848109579645097
7638,0.000270906079094857
7639,0.0002547703916206956
7640,0.0002506634045857936
7641,0.0002586586051620543
7642,0.0002682080084923655
7643,0.00027002437855117023
7644,0.0002628421352710575
7645,0.0002536868560127914
7646,0.0002489837061148137
7647,0.0002504045842215419
7648,0.000255507358815521
7649,0.0002608551294542849
7650,0.0002643436018843204
7651,0.0002651248942129314
7652,0.0002641355968080461
7653,0.0002618201251607388
7654,0.0002591963857412338
7655,0.0002565481700003147
7656,0.00025419832672923803
7657,0.00025226784055121243
7658,0.0002506909368094057
7659,0.0002495232329238206
7660,0.00024859397672116756
7661,0.0002479565155226737
7662,0.00024745645350776613
7663,0.00024712897720746696
7664,0.0002468576130922884
7665,0.00024667283287271857
7666,0.00024649870465509593
7667,0.00024636599118821323
7668,0.0002462305419612676
7669,0.0002461321419104934
7670,0.0002460349060129374
7671,0.0002459807728882879
7672,0.00024593432317487895
7673,0.0002459614770486951
7674,0.0002460360119584948
7675,0.00024627955281175673
7676,0.00024671221035532653
7677,0.00024760625092312694
7678,0.000249178585363552
7679,0.0002521172573324293
7680,0.0002573883975856006
7681,0.0002666441723704338
7682,0.0002829541335813701
7683,0.0003074948617722839
7684,0.00034409426734782755
7685,0.0003744535497389734
7686,0.0003914847911801189
7687,0.00035391293931752443
7688,0.0002966573811136186
7689,0.00025167682906612754
7690,0.0002524573355913162
7691,0.0002841850509867072
7692,0.0003016469709109515
7693,0.000285710470052436
7694,0.00025547502445988357
7695,0.00024745683185756207
7696,0.00026383448857814074
7697,0.00027816399233415723
7698,0.000272768666036427
7699,0.000254593207500875
7700,0.00024504316388629377
7701,0.0002508405887056142
7702,0.0002619423612486571
7703,0.0002662142796907574
7704,0.00025992729933932424
7705,0.0002501971030142158
7706,0.00024385553842876107
7707,0.0002435923961456865
7708,0.0002479736867826432
7709,0.0002542332513257861
7710,0.0002602184540592134
7711,0.0002642633917275816
7712,0.0002665638749022037
7713,0.0002660707104951143
7714,0.000264089263509959
7715,0.00026007258566096425
7716,0.0002554680104367435
7717,0.00025056657614186406
7718,0.00024633604334667325
7719,0.0002432895707897842
7720,0.00024156409199349582
7721,0.0002411307068541646
7722,0.00024167510855477303
7723,0.00024279739591293037
7724,0.0002442353870719671
7725,0.00024562928592786193
7726,0.0002468529564794153
7727,0.00024771070457063615
7728,0.0002481188566889614
7729,0.0002480568364262581
7730,0.00024754685000516474
7731,0.0002467195154167712
7732,0.00024572070105932653
7733,0.0002446683356538415
7734,0.00024372123880311847
7735,0.00024287305132020265
7736,0.00024222800857387483
7737,0.0002416927891317755
7738,0.00024135028070304543
7739,0.00024110276717692614
7740,0.00024105017655529082
7741,0.00024112215032801032
7742,0.0002414569171378389
7743,0.00024204391229432076
7744,0.0002431089960737154
7745,0.00024481903528794646
7746,0.0002475901856087148
7747,0.00025209924206137657
7748,0.00025900089531205595
7749,0.0002701551129575819
7750,0.00028519067564047873
7751,0.00030701534706167877
7752,0.00032632489455863833
7753,0.0003436089027673006
7754,0.0003342704148963094
7755,0.0003096509026363492
7756,0.00027033526566810906
7757,0.00024322349054273218
7758,0.00023906667775008827
7759,0.00025400452432222664
7760,0.0002723609213717282
7761,0.0002766637480817735
7762,0.0002662564511410892
7763,0.00024868143373169005
7764,0.00023800804046913981
7765,0.0002392167370999232
7766,0.0002481914998497814
7767,0.00025687983725219965
7768,0.00025861692847684026
7769,0.0002538854896556586
7770,0.00024551848764531314
7771,0.0002385541156399995
7772,0.00023544060240965337
7773,0.00023627374321222305
7774,0.00023979978868737817
7775,0.0002445993304718286
7776,0.0002497938403394073
7777,0.000254532671533525
7778,0.00025928017566911876
7779,0.00026262979372404516
7780,0.00026575534138828516
7781,0.0002662093029357493
7782,0.0002657066215761006
7783,0.0002617928257677704
7784,0.0002567582414485514
7785,0.000249896984314546
7786,0.00024341591051779687
7787,0.0002379731449764222
7788,0.0002344101230846718
7789,0.0002329263516003266
7790,0.0002331763389520347
7791,0.0002346065448364243
7792,0.00023670557129662484
7793,0.00023894289915915579
7794,0.00024096746346913278
7795,0.00024263524392154068
7796,0.00024364337150473148
7797,0.0002442678960505873
7798,0.00024423550348728895
7799,0.00024405463773291558
7800,0.00024348493025172502
7801,0.00024305068654939532
7802,0.00024252230650745332
7803,0.00024233627482317388
7804,0.00024225236847996712
7805,0.00024267000844702125
7806,0.00024330831365659833
7807,0.0002446261642035097
7808,0.00024619250325486064
7809,0.0002486400189809501
7810,0.00025114239542745054
7811,0.0002546313335187733
7812,0.00025749733322300017
7813,0.0002611088566482067
7814,0.00026277199503965676
7815,0.00026441155932843685
7816,0.00026271853130310774
7817,0.00026027645799331367
7818,0.00025471727713011205
7819,0.00024884732556529343
7820,0.00024214973382186145
7821,0.00023643758322577924
7822,0.0002319709019502625
7823,0.00022907531820237637
7824,0.00022768884082324803
7825,0.00022748303308617324
7826,0.0002281509805470705
7827,0.00022951157006900758
7828,0.0002314333396498114
7829,0.000234043036471121
7830,0.0002376893680775538
7831,0.00024262411170639098
7832,0.00025013749836944044
7833,0.0002599096915218979
7834,0.00027488399064168334
7835,0.0002907510497607291
7836,0.0003117520536761731
7837,0.0003211390576325357
7838,0.0003253071045037359
7839,0.0003034820838365704
7840,0.0002754611487034708
7841,0.00024465963360853493
7842,0.0002272664860356599
7843,0.0002265840012114495
7844,0.00023826480901334435
7845,0.000253273086855188
7846,0.00026066735154017806
7847,0.00025872967671602964
7848,0.00024665819364599884
7849,0.0002337093319511041
7850,0.0002251695841550827
7851,0.00022377405548468232
7852,0.0002281171182403341
7853,0.00023474071349482983
7854,0.00024056786787696183
7855,0.00024279550416395068
7856,0.0002422131656203419
7857,0.0002384148829150945
7858,0.00023392305593006313
7859,0.00022926542442291975
7860,0.00022557107149623334
7861,0.00022295783855952322
7862,0.00022135829203762114
7863,0.0002206178178312257
7864,0.00022049750259611756
7865,0.00022082556097302586
7866,0.00022155542683321983
7867,0.00022265876759774983
7868,0.0002242754417238757
7869,0.00022662986884824932
7870,0.00022994555183686316
7871,0.00023501910618506372
7872,0.00024176458828151226
7873,0.0002521113201510161
7874,0.00026381248608231544
7875,0.0002803472161758691
7876,0.0002919547550845891
7877,0.00030377350049093366
7878,0.00029723491752520204
7879,0.0002845571143552661
7880,0.00025826002820394933
7881,0.0002352742594666779
7882,0.00022018305025994778
7883,0.00021698031923733652
7884,0.00022351702500600368
7885,0.00023441441589966416
7886,0.0002445928694214672
7887,0.0002478048554621637
7888,0.00024555440177209675
7889,0.0002367108827456832
7890,0.00022718115360476077
7891,0.00021916706464253366
7892,0.0002149061911040917
7893,0.00021447092876769602
7894,0.00021689594723284245
7895,0.00022089865524321795
7896,0.0002252416597912088
7897,0.00022963236551731825
7898,0.00023287713702302426
7899,0.00023620725551154464
7900,0.00023790873819962144
7901,0.0002401362726232037
7902,0.0002403837424935773
7903,0.00024124406627379358
7904,0.00023972612689249218
7905,0.00023863442766014487
7906,0.00023527977464254946
7907,0.00023233116371557117
7908,0.00022804460604675114
7909,0.00022437366715166718
7910,0.00022046810772735626
7911,0.0002173091925214976
7912,0.0002145401231246069
7913,0.00021241084323264658
7914,0.000210754296858795
7915,0.00020950179896317422
7916,0.0002085697342408821
7917,0.00020783740910701454
7918,0.00020727278024423867
7919,0.00020679095177911222
7920,0.00020639144349843264
7921,0.000206023920327425
7922,0.0002057088422589004
7923,0.00020542537095025182
7924,0.0002052272466244176
7925,0.0002051378251053393
7926,0.00020529497123789042
7927,0.00020587490871548653
7928,0.00020730313553940505
7929,0.0002104176237480715
7930,0.00021659872436430305
7931,0.00022947006800677627
7932,0.00025216967333108187
7933,0.00029686573543585837
7934,0.0003520774480421096
7935,0.0004322041058912873
7936,0.00042791536543518305
7937,0.00039003469282761216
7938,0.00027854176005348563
7939,0.00021073909010738134
7940,0.0002079039259115234
7941,0.0002533826627768576
7942,0.00030404762947000563
7943,0.0002961679711006582
7944,0.00025595779879949987
7945,0.00021035352256149054
7946,0.000200651164050214
7947,0.00022374882246367633
7948,0.0002494733198545873
7949,0.0002563099260441959
7950,0.00023214120301418006
7951,0.00020636683620978147
7952,0.00019629139569588006
7953,0.00020529776520561427
7954,0.00022153332247398794
7955,0.00022819003788754344
7956,0.00022336297843139619
7957,0.00020877148199360818
7958,0.0001969190052477643
7959,0.0001930023281602189
7960,0.0001968932629097253
7961,0.00020434323232620955
7962,0.00020964792929589748
7963,0.00021092535462230444
7964,0.00020630387007258832
7965,0.00019976978364866227
7966,0.00019335688557475805
7967,0.0001896098256111145
7968,0.00018900237046182156
7969,0.00019073997100349516
7970,0.00019338258425705135
7971,0.00019539162167347968
7972,0.00019624836568254977
7973,0.00019525596871972084
7974,0.0001933294697664678
7975,0.00019059561600442976
7976,0.00018796310178004205
7977,0.00018569405074231327
7978,0.00018402714340481907
7979,0.0001829824032029137
7980,0.0001824470527935773
7981,0.00018228215049020946
7982,0.0001823700440581888
7983,0.00018260152137372643
7984,0.00018293237371835858
7985,0.0001833988935686648
7986,0.00018396851373836398
7987,0.00018489407375454903
7988,0.00018606560479383916
7989,0.00018810489564202726
7990,0.0001906518591567874
7991,0.00019507551041897386
7992,0.00020021000818815082
7993,0.00020895522902719676
7994,0.00021747645223513246
7995,0.00023137641255743802
7996,0.00023981240519788116
7997,0.0002525135350879282
7998,0.0002493951178621501
7999,0.00024653601576574147
8000,0.00022690440528094769
8001,0.00020914609194733202
8002,0.00018925618496723473
8003,0.0001758276775944978
8004,0.0001686273462837562
8005,0.0001674362429184839
8006,0.00017074683273676783
8007,0.00017680511518847197
8008,0.0001847880193963647
8009,0.00019187435100320727
8010,0.0001998663938138634
8011,0.00020286146900616586
8012,0.00020598633273039013
8013,0.00020153015793766826
8014,0.00019707379397004843
8015,0.0001873988367151469
8016,0.00017904065316542983
8017,0.00017027088324539363
8018,0.0001637938985368237
8019,0.00015909357171040028
8020,0.00015625430387444794
8021,0.0001548273430671543
8022,0.0001544233236927539
8023,0.00015477693523280323
8024,0.0001557893556309864
8025,0.0001576265785843134
8026,0.00016028678510338068
8027,0.00016472049173898995
8028,0.00017029358423314989
8029,0.00017968809697777033
8030,0.00018957880092784762
8031,0.00020620430586859584
8032,0.00021791835024487227
8033,0.0002367790584685281
8034,0.00023659979342482984
8035,0.00023852683079894632
8036,0.00021543796174228191
8037,0.00019474599685054272
8038,0.00016817195864859968
8039,0.0001499542995588854
8040,0.00013948383275419474
8041,0.00013709583436138928
8042,0.00014085543807595968
8043,0.00014836646732874215
8044,0.00015847872418817133
8045,0.0001668154145590961
8046,0.00017585098976269364
8047,0.00017688778461888433
8048,0.00017728695820551366
8049,0.00016814647824503481
8050,0.0001592878543306142
8051,0.00014697809820063412
8052,0.00013729809143114835
8053,0.0001296085538342595
8054,0.0001249710621777922
8055,0.00012283815885894
8056,0.00012263930693734437
8057,0.00012386775051709265
8058,0.00012615881860256195
8059,0.0001297883572988212
8060,0.00013422477059066296
8061,0.00014119569095782936
8062,0.00014824340178165585
8063,0.00015962202451191843
8064,0.00016758467245381325
8065,0.00018061899754684418
8066,0.00018241920042783022
8067,0.00018749400624074042
8068,0.00017593739903531969
8069,0.00016661864356137812
8070,0.00014773581642657518
8071,0.00013308812049217522
8072,0.00011932265624636784
8073,0.00011041901598218828
8074,0.00010530600411584601
8075,0.00010351702076150104
8076,0.00010420120088383555
8077,0.00010665754234651104
8078,0.00011067855666624382
8079,0.00011546380119398236
8080,0.0001222914142999798
8081,0.00012856668035965413
8082,0.00013806912465952337
8083,0.00014388489944394678
8084,0.00015339910169132054
8085,0.00015382186393253505
8086,0.00015684310346841812
8087,0.0001477775804232806
8088,0.00014071566693019122
8089,0.00012647642870433629
8090,0.0001153899502241984
8091,0.00010429249959997833
8092,9.669960854807869e-05
8093,9.159671026282012e-05
8094,8.894861093722284e-05
8095,8.813953172648326e-05
8096,8.868808799888939e-05
8097,9.028924978338182e-05
8098,9.264660184271634e-05
8099,9.610073175281286e-05
8100,9.997035522246733e-05
8101,0.00010580937669146806
8102,0.00011136628745589405
8103,0.00012029768549837172
8104,0.0001266293111257255
8105,0.0001372455881210044
8106,0.00013998488429933786
8107,0.00014598481357097626
8108,0.00013901096826884896
8109,0.00013381325697991997
8110,0.00011882409307872877
8111,0.00010665047739166766
8112,9.354153007734567e-05
8113,8.454875205643475e-05
8114,7.887311221566051e-05
8115,7.662001007702202e-05
8116,7.702120637986809e-05
8117,7.927459955681115e-05
8118,8.283192437374964e-05
8119,8.668818190926686e-05
8120,9.133774437941611e-05
8121,9.465080802328885e-05
8122,9.873519593384117e-05
8123,9.982974006561562e-05
8124,0.00010171940084546804
8125,9.973231499316171e-05
8126,9.860025602392852e-05
8127,9.420978312846273e-05
8128,9.085971396416426e-05
8129,8.589529898017645e-05
8130,8.209312363760546e-05
8131,7.80897680670023e-05
8132,7.510594150517136e-05
8133,7.2511873440817e-05
8134,7.061969517963007e-05
8135,6.91406603436917e-05
8136,6.806146120652556e-05
8137,6.724569539073855e-05
8138,6.662887608399615e-05
8139,6.614649464609101e-05
8140,6.57583586871624e-05
8141,6.544007192132995e-05
8142,6.518165173474699e-05
8143,6.499030132545158e-05
8144,6.488047074526548e-05
8145,6.490636587841436e-05
8146,6.511215178761631e-05
8147,6.56683259876445e-05
8148,6.667472916888073e-05
8149,6.864436727482826e-05
8150,7.174019992817193e-05
8151,7.750894292257726e-05
8152,8.571708895033225e-05
8153,0.00010076481703436002
8154,0.00011819053179351613
8155,0.0001482501538703218
8156,0.00016639842942822725
8157,0.00019233864441048354
8158,0.00017341485363431275
8159,0.0001524577382951975
8160,0.00010716058750404045
8161,7.546163396909833e-05
8162,5.9560748923104256e-05
8163,6.168240361148492e-05
8164,7.636338705196977e-05
8165,9.339377720607445e-05
8166,0.0001084883842850104
8167,0.00010601513349683955
8168,9.689068247098476e-05
8169,7.778518920531496e-05
8170,6.31778675597161e-05
8171,5.624588447972201e-05
8172,5.796691766590811e-05
8173,6.523907359223813e-05
8174,7.264158921316266e-05
8175,7.767003262415528e-05
8176,7.547512359451503e-05
8177,7.02235265634954e-05
8178,6.233613385120407e-05
8179,5.643370241159573e-05
8180,5.365649121813476e-05
8181,5.4123520385473967e-05
8182,5.6723118177615106e-05
8183,5.967637844150886e-05
8184,6.192822911543772e-05
8185,6.189243140397593e-05
8186,6.0499587561935186e-05
8187,5.757264807471074e-05
8188,5.471453187055886e-05
8189,5.236907600192353e-05
8190,5.1089213229715824e-05
8191,5.0871567509602755e-05
8192,5.142046575201675e-05
8193,5.231313843978569e-05
8194,5.307772516971454e-05
8195,5.3572737670037895e-05
8196,5.346611942513846e-05
8197,5.3022493375465274e-05
8198,5.2126008085906506e-05
8199,5.114752275403589e-05
8200,5.0102949899155647e-05
8201,4.92076542286668e-05
8202,4.848656681133434e-05
8203,4.7984402044676244e-05
8204,4.7677905968157575e-05
8205,4.752409950015135e-05
8206,4.747620550915599e-05
8207,4.748802894027904e-05
8208,4.753118264488876e-05
8209,4.756169073516503e-05
8210,4.759768125950359e-05
8211,4.759663715958595e-05
8212,4.761298623634502e-05
8213,4.758797149406746e-05
8214,4.761157470056787e-05
8215,4.760411684401333e-05
8216,4.7687226469861344e-05
8217,4.7755147534189746e-05
8218,4.7978996008168906e-05
8219,4.821477341465652e-05
8220,4.871330747846514e-05
8221,4.925968460156582e-05
8222,5.025196878705174e-05
8223,5.132602746016346e-05
8224,5.3164905693847686e-05
8225,5.507376044988632e-05
8226,5.827784843859263e-05
8227,6.131798727437854e-05
8228,6.638607010245323e-05
8229,7.03370533301495e-05
8230,7.691611972404644e-05
8231,8.000760863069445e-05
8232,8.550808706786484e-05
8233,8.427502325503156e-05
8234,8.443978731520474e-05
8235,7.716390246059746e-05
8236,7.101913070073351e-05
8237,6.132741691544652e-05
8238,5.366924960981123e-05
8239,4.6905050112400204e-05
8240,4.266421456122771e-05
8241,4.062957304995507e-05
8242,4.0531045669922605e-05
8243,4.1839601180981845e-05
8244,4.393169001559727e-05
8245,4.645265289582312e-05
8246,4.853991777054034e-05
8247,5.054176290286705e-05
8248,5.122178845340386e-05
8249,5.17099688295275e-05
8250,5.0681570428423584e-05
8251,4.961911326972768e-05
8252,4.754101246362552e-05
8253,4.568865551846102e-05
8254,4.3549884139792994e-05
8255,4.180853284196928e-05
8256,4.02529512939509e-05
8257,3.909819497494027e-05
8258,3.8247388147283345e-05
8259,3.769539398490451e-05
8260,3.737676524906419e-05
8261,3.72395443264395e-05
8262,3.7235309719108045e-05
8263,3.732238110387698e-05
8264,3.74796763935592e-05
8265,3.76728166884277e-05
8266,3.7924255593679845e-05
8267,3.818721233983524e-05
8268,3.8544603739865124e-05
8269,3.8912705349503085e-05
8270,3.945819116779603e-05
8271,4.0027509385254234e-05
8272,4.09168133046478e-05
8273,4.1842366044875234e-05
8274,4.332065873313695e-05
8275,4.480801726458594e-05
8276,4.720541983260773e-05
8277,4.943171006743796e-05
8278,5.304436490405351e-05
8279,5.5900090956129134e-05
8280,6.05890600127168e-05
8281,6.316896178759634e-05
8282,6.764583667973056e-05
8283,6.797402602387592e-05
8284,6.968553498154506e-05
8285,6.598353502340615e-05
8286,6.317414226941764e-05
8287,5.635100751533173e-05
8288,5.0666956667555496e-05
8289,4.4116717617725953e-05
8290,3.9216924051288515e-05
8291,3.5522614780347794e-05
8292,3.346777884871699e-05
8293,3.138750253128819e-05
8294,3.175435267621651e-05
8295,3.234640462324023e-05
8296,3.2278854632750154e-05
8297,3.1607967684976757e-05
8298,3.092000406468287e-05
8299,3.07560148939956e-05
8300,3.101973925367929e-05
8301,3.1214323826134205e-05
8302,3.104919960605912e-05
8303,3.0585822969442233e-05
8304,3.020391523023136e-05
8305,3.0100807634880766e-05
8306,3.0194725695764646e-05
8307,3.0258961487561464e-05
8308,3.011363878613338e-05
8309,2.9834438464604318e-05
8310,2.9563863790826872e-05
8311,2.9432565497700125e-05
8312,2.9422317311400548e-05
8313,2.941761886177119e-05
8314,2.9338960302993655e-05
8315,2.91604119411204e-05
8316,2.896377736760769e-05
8317,2.8809594368794933e-05
8318,2.8726182790705934e-05
8319,2.8682652555289678e-05
8320,2.8620303055504337e-05
8321,2.8519663828774355e-05
8322,2.8376081900205463e-05
8323,2.823249451466836e-05
8324,2.811039303196594e-05
8325,2.8020382160320878e-05
8326,2.794977990561165e-05
8327,2.7871941711055115e-05
8328,2.77801082120277e-05
8329,2.7666079404298216e-05
8330,2.754899651336018e-05
8331,2.7435700758360326e-05
8332,2.73369369097054e-05
8333,2.725018021010328e-05
8334,2.7166493964614347e-05
8335,2.7082020096713677e-05
8336,2.6987188903149217e-05
8337,2.68887379206717e-05
8338,2.6784910005517304e-05
8339,2.6685036573326215e-05
8340,2.6588933906168677e-05
8341,2.6498211809666827e-05
8342,2.6411511498736218e-05
8343,2.6324347345507704e-05
8344,2.6237554266117513e-05
8345,2.6146446543862112e-05
8346,2.6055295165861025e-05
8347,2.596148260636255e-05
8348,2.5869583623716608e-05
8349,2.5778193958103657e-05
8350,2.56892635661643e-05
8351,2.5601950255804695e-05
8352,2.5515551897115074e-05
8353,2.543047048675362e-05
8354,2.534446321078576e-05
8355,2.5259469111915678e-05
8356,2.517279972380493e-05
8357,2.508726538508199e-05
8358,2.5000417736009695e-05
8359,2.49149052251596e-05
8360,2.482890704413876e-05
8361,2.474417124176398e-05
8362,2.4659515474922955e-05
8363,2.457582922943402e-05
8364,2.4492557713529095e-05
8365,2.4409786419710144e-05
8366,2.4327662686118856e-05
8367,2.4245589884230867e-05
8368,2.4164341084542684e-05
8369,2.4082846721285023e-05
8370,2.4002349164220504e-05
8371,2.3921445972518995e-05
8372,2.3841661459300667e-05
8373,2.3761334887240082e-05
8374,2.3682334358454682e-05
8375,2.360271719226148e-05
8376,2.3524611606262624e-05
8377,2.344582935620565e-05
8378,2.3368846086668782e-05
8379,2.3291129764402285e-05
8380,2.3215750843519345e-05
8381,2.3139662516769022e-05
8382,2.306687929376494e-05
8383,2.299365951330401e-05
8384,2.2925720259081572e-05
8385,2.285847585881129e-05
8386,2.2800686565460637e-05
8387,2.2747102775610983e-05
8388,2.271268022013828e-05
8389,2.269287870149128e-05
8390,2.2716450985171832e-05
8391,2.2784355678595603e-05
8392,2.2958700355957262e-05
8393,2.3259446606971323e-05
8394,2.3833446903154254e-05
8395,2.473994391039014e-05
8396,2.6319099561078474e-05
8397,2.8586215194081888e-05
8398,3.213720992789604e-05
8399,3.6117016861680895e-05
8400,4.092882954864763e-05
8401,4.314976467867382e-05
8402,4.391555194160901e-05
8403,4.0313712815986946e-05
8404,3.6404973798198625e-05
8405,3.17192061629612e-05
8406,2.8515583835542202e-05
8407,2.602859603939578e-05
8408,2.4560938982176594e-05
8409,2.35294210142456e-05
8410,2.2961989088798873e-05
8411,2.261777626699768e-05
8412,2.254900027764961e-05
8413,2.2626289137406275e-05
8414,2.2950200218474492e-05
8415,2.3450253138435073e-05
8416,2.4369759557885118e-05
8417,2.5617642677389085e-05
8418,2.762743315543048e-05
8419,2.9910086595918983e-05
8420,3.309358726255596e-05
8421,3.550297697074711e-05
8422,3.806955646723509e-05
8423,3.798523175646551e-05
8424,3.733288394869305e-05
8425,3.432049197726883e-05
8426,3.1660958484280854e-05
8427,2.863898771465756e-05
8428,2.6663527023629285e-05
8429,2.5039938918780535e-05
8430,2.416415372863412e-05
8431,2.3499194867326878e-05
8432,2.327863512618933e-05
8433,2.3210257495520636e-05
8434,2.3567801690660417e-05
8435,2.4088265490718186e-05
8436,2.5092786017921753e-05
8437,2.6181009161518887e-05
8438,2.7833271815325134e-05
8439,2.9264223485370167e-05
8440,3.1194358598440886e-05
8441,3.213473974028602e-05
8442,3.324425051687285e-05
8443,3.269196895416826e-05
8444,3.224174724891782e-05
8445,3.048676262551453e-05
8446,2.9166825697757304e-05
8447,2.7353577024769038e-05
8448,2.6178930056630634e-05
8449,2.497311834304128e-05
8450,2.437073453620542e-05
8451,2.3833539671613835e-05
8452,2.3788736143615097e-05
8453,2.3770631742081605e-05
8454,2.4205006411648355e-05
8455,2.461482108628843e-05
8456,2.5508068574708886e-05
8457,2.6233345124637708e-05
8458,2.741782009252347e-05
8459,2.8090726118534803e-05
8460,2.9087303119013086e-05
8461,2.916476660175249e-05
8462,2.946769745904021e-05
8463,2.875319478334859e-05
8464,2.835466875694692e-05
8465,2.7229441911913455e-05
8466,2.6571138732833788e-05
8467,2.5537277906551026e-05
8468,2.5020726752700284e-05
8469,2.4326942366315052e-05
8470,2.4118391593219712e-05
8471,2.379487341386266e-05
8472,2.3917196813272312e-05
8473,2.3910928575787693e-05
8474,2.4334229237865657e-05
8475,2.455618596286513e-05
8476,2.5199526135111228e-05
8477,2.5497633032500744e-05
8478,2.618829057610128e-05
8479,2.633929398143664e-05
8480,2.6835583412321284e-05
8481,2.664322528289631e-05
8482,2.677646443771664e-05
8483,2.6224730390822515e-05
8484,2.6034729671664536e-05
8485,2.5308072508778423e-05
8486,2.499881520634517e-05
8487,2.432792643958237e-05
8488,2.4101404051179998e-05
8489,2.3626353140571155e-05
8490,2.359052814426832e-05
8491,2.3345219233306125e-05
8492,2.3523878553532995e-05
8493,2.3474529371014796e-05
8494,2.3835862521082163e-05
8495,2.3904549379949458e-05
8496,2.436720569676254e-05
8497,2.4434606530121528e-05
8498,2.487094752723351e-05
8499,2.4805476641631685e-05
8500,2.508830584702082e-05
8501,2.481617048033513e-05
8502,2.4897026378312148e-05
8503,2.4452188881696202e-05
8504,2.4386481527471915e-05
8505,2.3880333174020052e-05
8506,2.3778666218277067e-05
8507,2.3323545974562876e-05
8508,2.32819038501475e-05
8509,2.294239129696507e-05
8510,2.3012700694380328e-05
8511,2.2802454623160884e-05
8512,2.2993219317868352e-05
8513,2.2885691578267142e-05
8514,2.3169157429947518e-05
8515,2.310932904947549e-05
8516,2.342881816730369e-05
8517,2.3346372472587973e-05
8518,2.363142993999645e-05
8519,2.3465458070859313e-05
8520,2.3661652448936366e-05
8521,2.3389449779642746e-05
8522,2.348368798266165e-05
8523,2.3130645786295645e-05
8524,2.3155424059950747e-05
8525,2.277755811519455e-05
8526,2.278783176734578e-05
8527,2.244155984953977e-05
8528,2.248840064567048e-05
8529,2.220872374891769e-05
8530,2.2321228243527003e-05
8531,2.2115120373200625e-05
8532,2.2296990209724754e-05
8533,2.2146869014250115e-05
8534,2.2378962967195548e-05
8535,2.2250645997701213e-05
8536,2.2497119061881676e-05
8537,2.2349100618157536e-05
8538,2.256899097119458e-05
8539,2.2368487407220528e-05
8540,2.2532243747264147e-05
8541,2.2269981855060905e-05
8542,2.2374053514795378e-05
8543,2.206748104072176e-05
8544,2.21328573388746e-05
8545,2.1815729269292206e-05
8546,2.1876770915696397e-05
8547,2.1583779016509652e-05
8548,2.167273487430066e-05
8549,2.1425410523079336e-05
8550,2.1560434106504545e-05
8551,2.136124203389045e-05
8552,2.1541742171393707e-05
8553,2.1375808501034044e-05
8554,2.1585576178040355e-05
8555,2.1427960746223107e-05
8556,2.164114994229749e-05
8557,2.1464766177814454e-05
8558,2.1654266674886458e-05
8559,2.143921665265225e-05
8560,2.1587311493931338e-05
8561,2.1330370145733468e-05
8562,2.1436911993077956e-05
8563,2.115165625582449e-05
8564,2.1232448489172384e-05
8565,2.0943260096828453e-05
8566,2.1023963199695572e-05
8567,2.0755607692990452e-05
8568,2.0859884898527525e-05
8569,2.062796011159662e-05
8570,2.0769921320606954e-05
8571,2.057673191302456e-05
8572,2.0757184756803326e-05
8573,2.0591292923199944e-05
8574,2.07968259928748e-05
8575,2.0636949557228945e-05
8576,2.0845111066591926e-05
8577,2.0667586795752868e-05
8578,2.0854877220699564e-05
8579,2.0643567040679045e-05
8580,2.0794748706975952e-05
8581,2.0545987354125828e-05
8582,2.0658662833739072e-05
8583,2.03825347853126e-05
8584,2.046760891971644e-05
8585,2.0183097149129026e-05
8586,2.0260331439203583e-05
8587,1.99890200747177e-05
8588,2.0080591639271006e-05
8589,1.9839797460008413e-05
8590,1.9962353690061718e-05
8591,1.9758183043450117e-05
8592,1.9917497411370277e-05
8593,1.9745955796679482e-05
8594,1.9938364857807755e-05
8595,1.97851568373153e-05
8596,1.999542109842878e-05
8597,1.9840726963593625e-05
8598,2.0048970327479765e-05
8599,1.9873388737323694e-05
8600,2.006094655371271e-05
8601,1.9853136109304614e-05
8602,2.0008843421237543e-05
8603,1.9767965568462387e-05
8604,1.9891129340976477e-05
8605,1.9626821085694246e-05
8606,1.972711834241636e-05
8607,1.9455548681435175e-05
8608,1.954807339643594e-05
8609,1.9285665985080414e-05
8610,1.9385233827051707e-05
8611,1.9142802557325922e-05
8612,1.925923425005749e-05
8613,1.9041159248445183e-05
8614,1.9178378352080472e-05
8615,1.8981165339937434e-05
8616,1.9134920876240358e-05
8617,1.8949587683891878e-05
8618,1.9111952497041784e-05
8619,1.892785803647712e-05
8620,1.908853664644994e-05
8621,1.8896271285484545e-05
8622,1.9047158275498077e-05
8623,1.884179437183775e-05
8624,1.8979169908561744e-05
8625,1.876173701020889e-05
8626,1.8888131307903677e-05
8627,1.8665297830011696e-05
8628,1.878831062640529e-05
8629,1.856879134720657e-05
8630,1.8697362975217402e-05
8631,1.848814463301096e-05
8632,1.8629993064678274e-05
8633,1.8436354366713203e-05
8634,1.8598117094370537e-05
8635,1.842245546868071e-05
8636,1.8607704987516627e-05
8637,1.8448301489115693e-05
8638,1.8656952306628227e-05
8639,1.8509064830141142e-05
8640,1.8738650396699086e-05
8641,1.8597660528030246e-05
8642,1.8845930753741413e-05
8643,1.8708176867221482e-05
8644,1.8975493730977178e-05
8645,1.8842880308511667e-05
8646,1.913630148919765e-05
8647,1.9018236343981698e-05
8648,1.935356340254657e-05
8649,1.9266310118837282e-05
8650,1.966816489584744e-05
8651,1.963278373295907e-05
8652,2.013015910051763e-05
8653,2.0158955521765165e-05
8654,2.0761914129252546e-05
8655,2.081806815112941e-05
8656,2.144838435924612e-05
8657,2.1357373043429106e-05
8658,2.1728557840106077e-05
8659,2.112975016643759e-05
8660,2.077667522826232e-05
8661,1.9396811694605276e-05
8662,1.8149445168091916e-05
8663,1.6300316929118708e-05
8664,1.4705829926242586e-05
8665,1.3142238458385691e-05
8666,1.1982308933511376e-05
8667,1.1197446838195901e-05
8668,1.08285548776621e-05
8669,1.0863150237128139e-05
8670,1.1248474038438872e-05
8671,1.1992172403552104e-05
8672,1.3005364053242374e-05
8673,1.4404612556973007e-05
8674,1.5917199561954476e-05
8675,1.7904254491440952e-05
8676,1.9622926629381254e-05
8677,2.1868214389542118e-05
8678,2.3189757484942675e-05
8679,2.4983581170090474e-05
8680,2.524394767533522e-05
8681,2.57312258327147e-05
8682,2.456270158290863e-05
8683,2.3183474695542827e-05
8684,2.0707797375507653e-05
8685,1.811369656934403e-05
8686,1.547036663396284e-05
8687,1.3351989764487371e-05
8688,1.1825686669908464e-05
8689,1.1012524737452623e-05
8690,1.0742907761596143e-05
8691,1.0905117960646749e-05
8692,1.128370513470145e-05
8693,1.1772345715144183e-05
8694,1.2175505617051385e-05
8695,1.2542888725874946e-05
8696,1.2737303222820628e-05
8697,1.3008054338570219e-05
8698,1.328786584053887e-05
8699,1.3978530660097022e-05
8700,1.4955243386793882e-05
8701,1.6751033399486914e-05
8702,1.8799160898197442e-05
8703,2.1738154828199185e-05
8704,2.3852157028159127e-05
8705,2.5993114832090214e-05
8706,2.5635668862378225e-05
8707,2.4691162252565846e-05
8708,2.179859802708961e-05
8709,1.9240653273300268e-05
8710,1.6524651073268615e-05
8711,1.4744868167326786e-05
8712,1.3419317838270217e-05
8713,1.2829754268750548e-05
8714,1.2556642104755156e-05
8715,1.2710220289591234e-05
8716,1.2966898793820292e-05
8717,1.3525141184800304e-05
8718,1.4082383131608367e-05
8719,1.502210034232121e-05
8720,1.5925203115330078e-05
8721,1.7398488125763834e-05
8722,1.8641403585206717e-05
8723,2.049066824838519e-05
8724,2.1470877982210368e-05
8725,2.2707527023158036e-05
8726,2.2338927010423504e-05
8727,2.1909159841015935e-05
8728,2.0083891286049038e-05
8729,1.8450211427989416e-05
8730,1.6369025615858845e-05
8731,1.4839975847280584e-05
8732,1.3471397323883139e-05
8733,1.2699749277089722e-05
8734,1.2198035619803704e-05
8735,1.2165974112576805e-05
8736,1.2317588698351756e-05
8737,1.2842604519391898e-05
8738,1.3435435903375037e-05
8739,1.4406185073312372e-05
8740,1.5306095519918017e-05
8741,1.66575591720175e-05
8742,1.768521178746596e-05
8743,1.9196972061763518e-05
8744,1.992977922782302e-05
8745,2.1030524294474162e-05
8746,2.0884555851807818e-05
8747,2.093567127303686e-05
8748,1.9744187738979235e-05
8749,1.873863220680505e-05
8750,1.7024569388013333e-05
8751,1.5627538232365623e-05
8752,1.4088569514569826e-05
8753,1.296983737120172e-05
8754,1.1999892194580752e-05
8755,1.1452091712271795e-05
8756,1.1116987479908857e-05
8757,1.1155025276821107e-05
8758,1.1377995178918354e-05
8759,1.1957368769799359e-05
8760,1.2661193977692164e-05
8761,1.3768294593319297e-05
8762,1.4858192116662394e-05
8763,1.6411120668635704e-05
8764,1.7597538317204453e-05
8765,1.921361399581656e-05
8766,1.989697921089828e-05
8767,2.0889947336399928e-05
8768,2.0552331989165395e-05
8769,2.0491754185059108e-05
8770,1.9271081328042783e-05
8771,1.8376838852418587e-05
8772,1.683073969616089e-05
8773,1.560347300255671e-05
8774,1.4160508726490662e-05
8775,1.3014428986934945e-05
8776,1.1909252862096764e-05
8777,1.1105435078206938e-05
8778,1.045609860739205e-05
8779,1.0104686225531623e-05
8780,9.936609785654582e-06
8781,1.006020829663612e-05
8782,1.0369760275352746e-05
8783,1.1010545676981565e-05
8784,1.1830887160613202e-05
8785,1.3091244909446687e-05
8786,1.4428215763473418e-05
8787,1.630445876799058e-05
8788,1.782919207471423e-05
8789,1.979869557544589e-05
8790,2.0606925318134017e-05
8791,2.163495446438901e-05
8792,2.1019604901084676e-05
8793,2.068498906737659e-05
8794,1.913851338031236e-05
8795,1.806600994314067e-05
8796,1.646058626647573e-05
8797,1.5262146916938946e-05
8798,1.3902777936891653e-05
8799,1.2790051187039353e-05
8800,1.168707967735827e-05
8801,1.0781634045997635e-05
8802,9.986945769924205e-06
8803,9.407316611032002e-06
8804,8.985231033875607e-06
8805,8.784380952420179e-06
8806,8.751086170377675e-06
8807,8.946273737819865e-06
8808,9.325205610366538e-06
8809,1.0001603186537977e-05
8810,1.0902272151724901e-05
8811,1.2269685612409376e-05
8812,1.3832077456754632e-05
8813,1.604495082574431e-05
8814,1.8014816305367276e-05
8815,2.0531344489427283e-05
8816,2.169260369555559e-05
8817,2.3009877622826025e-05
8818,2.2211577743291855e-05
8819,2.1659168851329014e-05
8820,1.9677831005537882e-05
8821,1.8285263649886474e-05
8822,1.641381641093176e-05
8823,1.5009945855126716e-05
8824,1.3517080333258491e-05
8825,1.2239882380526979e-05
8826,1.1017813449143432e-05
8827,9.962455806089565e-06
8828,9.062197023013141e-06
8829,8.369773240701761e-06
8830,7.866331543482374e-06
8831,7.561619895568583e-06
8832,7.4159252108074725e-06
8833,7.417650522256736e-06
8834,7.537435521953739e-06
8835,7.77496097725816e-06
8836,8.120758138829842e-06
8837,8.622278073744383e-06
8838,9.270897862734273e-06
8839,1.0216683222097345e-05
8840,1.1384301615180448e-05
8841,1.3113944987708237e-05
8842,1.5029650057840627e-05
8843,1.776322824298404e-05
8844,2.005451824516058e-05
8845,2.3006439732853323e-05
8846,2.404768565611448e-05
8847,2.5291128622484393e-05
8848,2.3915155907161534e-05
8849,2.2815253032604232e-05
8850,2.015406425925903e-05
8851,1.7877257050713524e-05
8852,1.5212873222480994e-05
8853,1.2873922969447449e-05
8854,1.0771588677016553e-05
8855,9.105008757614996e-06
8856,7.891081622801721e-06
8857,7.1355848376697395e-06
8858,6.769559149688575e-06
8859,6.716851203236729e-06
8860,6.885811217216542e-06
8861,7.186723451013677e-06
8862,7.5483171713131014e-06
8863,7.91152888268698e-06
8864,8.234370397985913e-06
8865,8.506262929586228e-06
8866,8.735085430089384e-06
8867,8.954823897511233e-06
8868,9.271068847738206e-06
8869,9.73856913333293e-06
8870,1.06243332993472e-05
8871,1.1914988135686144e-05
8872,1.4117254977463745e-05
8873,1.6724759916542098e-05
8874,2.04941097763367e-05
8875,2.3272201360668987e-05
8876,2.6308141968911514e-05
8877,2.588861752883531e-05
8878,2.5135217583738267e-05
8879,2.1653071598848328e-05
8880,1.8944805560749955e-05
8881,1.5797113519511186e-05
8882,1.3707736798096448e-05
8883,1.187236193800345e-05
8884,1.0662251952453516e-05
8885,9.66928928392008e-06
8886,9.018857781484257e-06
8887,8.535610504623037e-06
8888,8.320137567352504e-06
8889,8.286040610983036e-06
8890,8.559084562875796e-06
8891,9.074789886653889e-06
8892,1.0046656825579703e-05
8893,1.1334564987919293e-05
8894,1.3337959899217822e-05
8895,1.54930203279946e-05
8896,1.847137900767848e-05
8897,2.058038444374688e-05
8898,2.3020224034553394e-05
8899,2.3030792362987995e-05
8900,2.3008355128695257e-05
8901,2.0718520318041556e-05
8902,1.893723128887359e-05
8903,1.6357442291337065e-05
8904,1.4512283087242395e-05
8905,1.2642476576729678e-05
8906,1.124548725783825e-05
8907,9.982935807784088e-06
8908,8.992272341856733e-06
8909,8.159207027347293e-06
8910,7.53415770304855e-06
8911,7.066956641210709e-06
8912,6.779981504223542e-06
8913,6.635975296376273e-06
8914,6.649432634731056e-06
8915,6.7996270445291884e-06
8916,7.124969215510646e-06
8917,7.625386388099287e-06
8918,8.417422577622347e-06
8919,9.482091627432965e-06
8920,1.1100313713541254e-05
8921,1.3034169569436926e-05
8922,1.581981996423565e-05
8923,1.8382526832283475e-05
8924,2.1624338842229918e-05
8925,2.2988106138654985e-05
8926,2.438989031361416e-05
8927,2.294366277055815e-05
8928,2.1777254005428404e-05
8929,1.904934470076114e-05
8930,1.7028834918164648e-05
8931,1.468569189455593e-05
8932,1.2791579138138331e-05
8933,1.0986191227857489e-05
8934,9.432379556528758e-06
8935,8.126617103698663e-06
8936,7.10208178134053e-06
8937,6.376942110364325e-06
8938,5.936261004535481e-06
8939,5.743625024479115e-06
8940,5.7567940530134365e-06
8941,5.930803126830142e-06
8942,6.224379831110127e-06
8943,6.623768513236428e-06
8944,7.105505574145354e-06
8945,7.709905730735045e-06
8946,8.422668543062173e-06
8947,9.388447324454319e-06
8948,1.054539461620152e-05
8949,1.2239433999639004e-05
8950,1.411841731169261e-05
8951,1.6816065908642486e-05
8952,1.903429983940441e-05
8953,2.1800671675009653e-05
8954,2.2462112610810436e-05
8955,2.3051636162563227e-05
8956,2.1014249796280637e-05
8957,1.9290535419713706e-05
8958,1.6427362425019965e-05
8959,1.446450551156886e-05
8960,1.2470081856008619e-05
8961,1.1284273568890058e-05
8962,1.02783733382239e-05
8963,9.806535672396421e-06
8964,9.470251825405285e-06
8965,9.53269591263961e-06
8966,9.700873306428548e-06
8967,1.0282432413077913e-05
8968,1.0947125701932237e-05
8969,1.2120707651774865e-05
8970,1.3232320270617492e-05
8971,1.4900663700245786e-05
8972,1.6044283256633207e-05
8973,1.759735278028529e-05
8974,1.7926233340403996e-05
8975,1.8462162188370712e-05
8976,1.7528282114653848e-05
8977,1.6893121937755495e-05
8978,1.5296358469640836e-05
8979,1.4212662790669128e-05
8980,1.2769990462402347e-05
8981,1.1855026968987659e-05
8982,1.0867955097637605e-05
8983,1.0286284123139922e-05
8984,9.705654520075768e-06
8985,9.419126399734523e-06
8986,9.142544513451867e-06
8987,9.11146889848169e-06
8988,9.093589142139535e-06
8989,9.334749847766943e-06
8990,9.592518836143427e-06
8991,1.0171826033911202e-05
8992,1.0740777725004591e-05
8993,1.1715634173015133e-05
8994,1.2548358427011408e-05
8995,1.3827758266415913e-05
8996,1.4637284039054066e-05
8997,1.5819177860976197e-05
8998,1.6078138287412003e-05
8999,1.6593088730587624e-05
9000,1.5981342585291713e-05
9001,1.5658037227694876e-05
9002,1.447604336135555e-05
9003,1.3721810319111682e-05
9004,1.2538569535536226e-05
9005,1.1836646081064828e-05
9006,1.0977585588989314e-05
9007,1.0546370504016522e-05
9008,1.0055373422801495e-05
9009,9.915613190969452e-06
9010,9.729328667162918e-06
9011,9.846044122241437e-06
9012,9.89687760011293e-06
9013,1.023549248202471e-05
9014,1.0461229067004751e-05
9015,1.0976386874972377e-05
9016,1.1292680937913246e-05
9017,1.1896272553713061e-05
9018,1.2172624337836169e-05
9019,1.271832297788933e-05
9020,1.2801682714780327e-05
9021,1.3135022527421825e-05
9022,1.2934679944009986e-05
9023,1.298702773055993e-05
9024,1.2541931027953979e-05
9025,1.2376068298181053e-05
9026,1.182534106192179e-05
9027,1.1578817066038027e-05
9028,1.106704894482391e-05
9029,1.0865087460842915e-05
9030,1.0481071512913331e-05
9031,1.0398453014204279e-05
9032,1.0175302122661378e-05
9033,1.0246134479530156e-05
9034,1.0185061910306104e-05
9035,1.0421608749311417e-05
9036,1.05079361674143e-05
9037,1.0907841897278558e-05
9038,1.1108946637250483e-05
9039,1.1646426173683722e-05
9040,1.19013202493079e-05
9041,1.2512164175859652e-05
9042,1.2726528439088725e-05
9043,1.3308212146512233e-05
9044,1.3378719813772477e-05
9045,1.3826727808918804e-05
9046,1.3696300811716355e-05
9047,1.3963734090793878e-05
9048,1.3660975128004793e-05
9049,1.3786148883809801e-05
9050,1.3406233847490512e-05
9051,1.3478491382556967e-05
9052,1.3116474292473868e-05
9053,1.320674618909834e-05
9054,1.2893171515315771e-05
9055,1.2993554264539853e-05
9056,1.2662840163102373e-05
9057,1.2664590030908585e-05
9058,1.2182533282611985e-05
9059,1.193150455947034e-05
9060,1.120060096582165e-05
9061,1.0630302313074935e-05
9062,9.705594493425451e-06
9063,8.930317562771961e-06
9064,8.004581104614772e-06
9065,7.243043000926264e-06
9066,6.501453299279092e-06
9067,5.919967406953219e-06
9068,5.435209914139705e-06
9069,5.079195489088306e-06
9070,4.821841230295831e-06
9071,4.652310508390656e-06
9072,4.553390681394376e-06
9073,4.50838797405595e-06
9074,4.506734512688126e-06
9075,4.5388969738269225e-06
9076,4.600919965014327e-06
9077,4.691775302489987e-06
9078,4.817828539671609e-06
9079,4.984974111721385e-06
9080,5.220183538767742e-06
9081,5.534653155336855e-06
9082,6.002007012284594e-06
9083,6.631662472500466e-06
9084,7.60330385674024e-06
9085,8.871811587596312e-06
9086,1.0834673958015628e-05
9087,1.3127117199474014e-05
9088,1.648041870794259e-05
9089,1.9415247152210213e-05
9090,2.3083523046807386e-05
9091,2.4321741875610314e-05
9092,2.523925286368467e-05
9093,2.3059685190673918e-05
9094,2.0502695406321436e-05
9095,1.6815874914755113e-05
9096,1.3397595466813073e-05
9097,1.035051445796853e-05
9098,7.936873771541286e-06
9099,6.202593340276508e-06
9100,5.08307039126521e-06
9101,4.482948497752659e-06
9102,4.29220381192863e-06
9103,4.401515980134718e-06
9104,4.714782789960736e-06
9105,5.151728601049399e-06
9106,5.653466359945014e-06
9107,6.163782927615102e-06
9108,6.675844815617893e-06
9109,7.174302481871564e-06
9110,7.698514309595339e-06
9111,8.348292794835288e-06
9112,9.156552550848573e-06
9113,1.043972406478133e-05
9114,1.2009692909487057e-05
9115,1.4457000361289829e-05
9116,1.674570557952393e-05
9117,1.9760593204409815e-05
9118,2.096352181979455e-05
9119,2.2106640244601294e-05
9120,2.0422807210707106e-05
9121,1.8882865333580412e-05
9122,1.5923045793897472e-05
9123,1.3821983884554356e-05
9124,1.1619789802352898e-05
9125,1.0225197911495343e-05
9126,9.007462722365744e-06
9127,8.278649147541728e-06
9128,7.686020580877084e-06
9129,7.413958883262239e-06
9130,7.261344308062689e-06
9131,7.419672328978777e-06
9132,7.723777343926486e-06
9133,8.428050023212563e-06
9134,9.286735803470947e-06
9135,1.0683919754228555e-05
9136,1.2073151992808562e-05
9137,1.4051373000256717e-05
9138,1.543393955216743e-05
9139,1.7188600395456888e-05
9140,1.7482474504504353e-05
9141,1.790744863683358e-05
9142,1.668771801632829e-05
9143,1.5765877833473496e-05
9144,1.391025580232963e-05
9145,1.2579874237417243e-05
9146,1.098810480471002e-05
9147,9.882604899758007e-06
9148,8.7873158918228e-06
9149,8.039880412979983e-06
9150,7.368825208686758e-06
9151,6.957341156521579e-06
9152,6.6413485910743475e-06
9153,6.564978775713826e-06
9154,6.604572718060808e-06
9155,6.9226102823449764e-06
9156,7.382989679172169e-06
9157,8.220431482186541e-06
9158,9.188303920382168e-06
9159,1.0659387044142932e-05
9160,1.2053234058839735e-05
9161,1.39598469104385e-05
9162,1.5171252925938461e-05
9163,1.6661784684401937e-05
9164,1.670259007369168e-05
9165,1.6865818906808272e-05
9166,1.5577574231429026e-05
9167,1.4639841538155451e-05
9168,1.2957349099451676e-05
9169,1.1815354810096323e-05
9170,1.048015747073805e-05
9171,9.597555617801845e-06
9172,8.708648238098249e-06
9173,8.099327715171967e-06
9174,7.5135067163500935e-06
9175,7.095532964740414e-06
9176,6.7069477154291235e-06
9177,6.448398380598519e-06
9178,6.232839041331317e-06
9179,6.156515155453235e-06
9180,6.145420229586307e-06
9181,6.318641226243926e-06
9182,6.590950761165004e-06
9183,7.139880835893564e-06
9184,7.823477062629536e-06
9185,8.929895557230338e-06
9186,1.0126591405423824e-05
9187,1.1875304153363686e-05
9188,1.3361466699279845e-05
9189,1.530841109342873e-05
9190,1.6179707017727196e-05
9191,1.7194452084368095e-05
9192,1.653367689868901e-05
9193,1.600968789716717e-05
9194,1.425684240530245e-05
9195,1.2978550330444705e-05
9196,1.1287868801446166e-05
9197,1.0185803148488048e-05
9198,9.07141475181561e-06
9199,8.40446136862738e-06
9200,7.794209523126483e-06
9201,7.463102519977838e-06
9202,7.166252089518821e-06
9203,7.046026894386159e-06
9204,6.937839316378813e-06
9205,6.964879503357224e-06
9206,6.993087936280062e-06
9207,7.157716481742682e-06
9208,7.3183637141482905e-06
9209,7.650089173694141e-06
9210,7.968805221025832e-06
9211,8.523546057404019e-06
9212,9.033087735588197e-06
9213,9.864381354418583e-06
9214,1.0551462764851749e-05
9215,1.1629634173004888e-05
9216,1.2334126040514093e-05
9217,1.3425124052446336e-05
9218,1.3795411177852657e-05
9219,1.4483966879197396e-05
9220,1.4202520105754957e-05
9221,1.4226361599867232e-05
9222,1.3362840036279522e-05
9223,1.2891663573100232e-05
9224,1.1852005627588369e-05
9225,1.1277612429694273e-05
9226,1.0416682926006615e-05
9227,1.001200325845275e-05
9228,9.462542038818356e-06
9229,9.318418960901909e-06
9230,9.069119187188335e-06
9231,9.181570021610241e-06
9232,9.173591024591587e-06
9233,9.505898560746573e-06
9234,9.661699550633784e-06
9235,1.014666304399725e-05
9236,1.0357771316193976e-05
9237,1.0882535207201727e-05
9238,1.1008828550984617e-05
9239,1.1426733180996962e-05
9240,1.1343637197569478e-05
9241,1.154054916696623e-05
9242,1.1216618077014573e-05
9243,1.1186441042809747e-05
9244,1.0709496564231813e-05
9245,1.0552737876423635e-05
9246,1.0069689778902102e-05
9247,9.919383956003003e-06
9248,9.551515177008696e-06
9249,9.504426998319104e-06
9250,9.31162230699556e-06
9251,9.403864169144072e-06
9252,9.383885299030226e-06
9253,9.58509735937696e-06
9254,9.670960025687236e-06
9255,9.873881936073303e-06
9256,9.92540481092874e-06
9257,9.957033398677595e-06
9258,9.796498488867655e-06
9259,9.508499715593643e-06
9260,9.040509212354664e-06
9261,8.444968443654943e-06
9262,7.758500942145474e-06
9263,7.046116479614284e-06
9264,6.355520326906117e-06
9265,5.750071068177931e-06
9266,5.239156962488778e-06
9267,4.8730444177635945e-06
9268,4.628706847142894e-06
9269,4.553648977889679e-06
9270,4.619835635821801e-06
9271,4.899614395981189e-06
9272,5.370671260607196e-06
9273,6.178635885589756e-06
9274,7.257365268742433e-06
9275,8.895152859622613e-06
9276,1.0748524800874293e-05
9277,1.3303980267664883e-05
9278,1.5384057405753992e-05
9279,1.7811147699831054e-05
9280,1.8374334104009904e-05
9281,1.882694778032601e-05
9282,1.7134985682787374e-05
9283,1.580480602569878e-05
9284,1.3570952432928607e-05
9285,1.2170416084700264e-05
9286,1.0692120667954441e-05
9287,9.823252185015008e-06
9288,8.987229193735402e-06
9289,8.356941179954447e-06
9290,7.706782525929157e-06
9291,7.0519340624741744e-06
9292,6.3946008594939485e-06
9293,5.728717951569706e-06
9294,5.123927167005604e-06
9295,4.57652868135483e-06
9296,4.128757154830964e-06
9297,3.7731479096692055e-06
9298,3.512893954393803e-06
9299,3.3359699500579154e-06
9300,3.2284533517668024e-06
9301,3.1771098747412907e-06
9302,3.167759814459714e-06
9303,3.1890640457277186e-06
9304,3.232624294469133e-06
9305,3.2911916605371516e-06
9306,3.361595645401394e-06
9307,3.441473381826654e-06
9308,3.5296011446916964e-06
9309,3.628804051913903e-06
9310,3.736350436156499e-06
9311,3.861364348267671e-06
9312,3.996035047748592e-06
9313,4.157879629929084e-06
9314,4.328510840423405e-06
9315,4.5369260988081805e-06
9316,4.746059403260006e-06
9317,5.001146291760961e-06
9318,5.235297976469155e-06
9319,5.515758857654873e-06
9320,5.733609668823192e-06
9321,5.985242296446813e-06
9322,6.117855718912324e-06
9323,6.2664748838869855e-06
9324,6.25447319180239e-06
9325,6.263080649659969e-06
9326,6.134643172117649e-06
9327,6.099450729379896e-06
9328,6.064493391022552e-06
9329,6.330504220386501e-06
9330,6.901431333972141e-06
9331,8.268759302154649e-06
9332,1.0449490218888968e-05
9333,1.4346962416311726e-05
9334,1.8954327970277518e-05
9335,2.533362749090884e-05
9336,2.8501795895863324e-05
9337,3.05865760310553e-05
9338,2.6172456273343414e-05
9339,2.1281772205838934e-05
9340,1.5007091860752553e-05
9341,1.0365803973400034e-05
9342,6.903809662617277e-06
9343,4.781892585015157e-06
9344,3.5993102756037842e-06
9345,3.118202357654809e-06
9346,3.107591055595549e-06
9347,3.3972964956774376e-06
9348,3.8531543395947665e-06
9349,4.381958660815144e-06
9350,4.913477823720314e-06
9351,5.4383594942919444e-06
9352,6.0137554100947455e-06
9353,6.706621661578538e-06
9354,7.813691809133161e-06
9355,9.35091247811215e-06
9356,1.1967698810622096e-05
9357,1.5035793694551103e-05
9358,1.947527562151663e-05
9359,2.2442327463068068e-05
9360,2.5434868803131394e-05
9361,2.4025839593377896e-05
9362,2.2252426788327284e-05
9363,1.784595770004671e-05
9364,1.458770020690281e-05
9365,1.1285688742646016e-05
9366,9.151201084023342e-06
9367,7.4056752055184916e-06
9368,6.261545877350727e-06
9369,5.379055892262841e-06
9370,4.824830739380559e-06
9371,4.4740177145286e-06
9372,4.391662059788359e-06
9373,4.523837560554966e-06
9374,4.966769665770698e-06
9375,5.676043656421825e-06
9376,6.8520525928761344e-06
9377,8.353025805263314e-06
9378,1.0596069841994904e-05
9379,1.2948921721545048e-05
9380,1.614007487660274e-05
9381,1.8288495994056575e-05
9382,2.073325595119968e-05
9383,2.049877366516739e-05
9384,2.0199178834445775e-05
9385,1.7511552869109437e-05
9386,1.526680716779083e-05
9387,1.2261389201739803e-05
9388,9.931342901836615e-06
9389,7.749279575364199e-06
9390,6.1164637372712605e-06
9391,4.837690539716277e-06
9392,3.963060862588463e-06
9393,3.3960534437937895e-06
9394,3.0982348562247353e-06
9395,2.9985974379087565e-06
9396,3.0445817174040712e-06
9397,3.1817589842830785e-06
9398,3.371553248143755e-06
9399,3.57224530489475e-06
9400,3.779622147703776e-06
9401,3.96122277379618e-06
9402,4.158510819252115e-06
9403,4.348599759396166e-06
9404,4.629053364624269e-06
9405,4.992388312530238e-06
9406,5.624992809316609e-06
9407,6.521943305415334e-06
9408,8.039631211431697e-06
9409,1.0003223906096537e-05
9410,1.3034077710472047e-05
9411,1.6038909961935133e-05
9412,1.992513170989696e-05
9413,2.1603387722279876e-05
9414,2.299031439179089e-05
9415,2.0710962417069823e-05
9416,1.8290122170583345e-05
9417,1.4312085113488138e-05
9418,1.1131461178592872e-05
9419,8.214006811613217e-06
9420,6.1402033679769374e-06
9421,4.62829439129564e-06
9422,3.6719286526931683e-06
9423,3.1124561701290077e-06
9424,2.8625011054828065e-06
9425,2.8251811272639316e-06
9426,2.926621618826175e-06
9427,3.102488335571252e-06
9428,3.3066014566429658e-06
9429,3.492411224215175e-06
9430,3.6474632452154765e-06
9431,3.737770839506993e-06
9432,3.780315637413878e-06
9433,3.7538934520853218e-06
9434,3.6910751077812165e-06
9435,3.584571459214203e-06
9436,3.467196620476898e-06
9437,3.3431554129492724e-06
9438,3.235722715544398e-06
9439,3.1570057217322756e-06
9440,3.1227245926856995e-06
9441,3.1584868338541128e-06
9442,3.2886644021346e-06
9443,3.5800208024738822e-06
9444,4.09359972763923e-06
9445,5.0153535084973555e-06
9446,6.451472017943161e-06
9447,8.870829333318397e-06
9448,1.2112814147258177e-05
9449,1.699999484117143e-05
9450,2.1421805286081508e-05
9451,2.6419415007694624e-05
9452,2.6685253033065237e-05
9453,2.598427454358898e-05
9454,2.1024225134169683e-05
9455,1.6964933820418082e-05
9456,1.2605908523255493e-05
9457,9.62687045102939e-06
9458,7.2983852987817954e-06
9459,5.6816984397300985e-06
9460,4.526318662101403e-06
9461,3.7265990613377653e-06
9462,3.2326106520486064e-06
9463,2.9972245556564303e-06
9464,3.0219980544643477e-06
9465,3.312035232738708e-06
9466,3.925685177819105e-06
9467,4.899151917925337e-06
9468,6.441120603994932e-06
9469,8.480418728140648e-06
9470,1.1486261428217404e-05
9471,1.4609304344048724e-05
9472,1.8590184481581673e-05
9473,2.0667472199420445e-05
9474,2.24621453526197e-05
9475,2.061359009530861e-05
9476,1.859782059909776e-05
9477,1.4782143807678949e-05
9478,1.1925809303647839e-05
9479,9.15439613891067e-06
9480,7.370433650066843e-06
9481,5.998992946842918e-06
9482,5.213935310166562e-06
9483,4.711493147624424e-06
9484,4.552229711407563e-06
9485,4.589114269037964e-06
9486,4.9229511205339804e-06
9487,5.463095021696063e-06
9488,6.410462447092868e-06
9489,7.6026567512599286e-06
9490,9.404655429534614e-06
9491,1.1273744348727632e-05
9492,1.3811121789331082e-05
9493,1.5573899872833863e-05
9494,1.763103500707075e-05
9495,1.7716592992655933e-05
9496,1.784911728464067e-05
9497,1.604767567187082e-05
9498,1.4696939615532756e-05
9499,1.2491932466218714e-05
9500,1.0930095413641538e-05
9501,9.214532838086598e-06
9502,7.93059189163614e-06
9503,6.7116020545654465e-06
9504,5.728777978220023e-06
9505,4.86997942061862e-06
9506,4.1747612158360425e-06
9507,3.6146770980849396e-06
9508,3.190715460732463e-06
9509,2.883009301513084e-06
9510,2.679746557987528e-06
9511,2.559700760684791e-06
9512,2.509081923562917e-06
9513,2.512463652237784e-06
9514,2.561179599069874e-06
9515,2.649239149832283e-06
9516,2.779266651486978e-06
9517,2.954078809125349e-06
9518,3.1984193356038304e-06
9519,3.5227194530307315e-06
9520,3.997868134320015e-06
9521,4.633888693206245e-06
9522,5.5979712669795845e-06
9523,6.843140909040812e-06
9524,8.715093827049714e-06
9525,1.0849888894881587e-05
9526,1.3854096323484555e-05
9527,1.6361638699891046e-05
9528,1.9436947695794515e-05
9529,2.0314324501669034e-05
9530,2.1288124116836116e-05
9531,1.952202364918776e-05
9532,1.8191427443525754e-05
9533,1.5432187865371816e-05
9534,1.321441595791839e-05
9535,1.0695429409679491e-05
9536,8.486251317663118e-06
9537,6.513123480544891e-06
9538,4.886594979325309e-06
9539,3.7011368476669304e-06
9540,2.940346121249604e-06
9541,2.6082832391693955e-06
9542,2.6609918677422684e-06
9543,3.065189503104193e-06
9544,3.7730887925135903e-06
9545,4.802649073099019e-06
9546,6.059154657123145e-06
9547,7.692223334743176e-06
9548,9.377233254781459e-06
9549,1.1501225344545674e-05
9550,1.3157075954950415e-05
9551,1.5139849892875645e-05
9552,1.5782139598741196e-05
9553,1.6534346286789514e-05
9554,1.5535180864389986e-05
9555,1.4775325325899757e-05
9556,1.2870386854046956e-05
9557,1.1535431440279353e-05
9558,9.84658436209429e-06
9559,8.800657269603107e-06
9560,7.757264029351063e-06
9561,7.229696166177746e-06
9562,6.764331374142785e-06
9563,6.692311217193492e-06
9564,6.659664450126002e-06
9565,6.97431642038282e-06
9566,7.2848388299462385e-06
9567,7.95394771557767e-06
9568,8.521095878677443e-06
9569,9.45963074627798e-06
9570,1.0086444490298163e-05
9571,1.1047159205190837e-05
9572,1.1394467037462164e-05
9573,1.2001113645965233e-05
9574,1.1782180081354454e-05
9575,1.180003528133966e-05
9576,1.105120281863492e-05
9577,1.0594227205729112e-05
9578,9.63230831985129e-06
9579,9.014634997583926e-06
9580,8.147705557348672e-06
9581,7.621219083375763e-06
9582,6.997115633566864e-06
9583,6.67666427034419e-06
9584,6.3254087763198186e-06
9585,6.247803867154289e-06
9586,6.16190936852945e-06
9587,6.345092515402939e-06
9588,6.515232598758303e-06
9589,6.975853921176167e-06
9590,7.38166136216023e-06
9591,8.106955647235736e-06
9592,8.661580068292096e-06
9593,9.537489859212656e-06
9594,1.0028243195847608e-05
9595,1.079421508620726e-05
9596,1.093005994334817e-05
9597,1.1292975614196621e-05
9598,1.0923403351625893e-05
9599,1.0799867595778778e-05
9600,1.0067750736197922e-05
9601,9.643256817071233e-06
9602,8.837688255880494e-06
9603,8.363620509044267e-06
9604,7.687981451454107e-06
9605,7.310478395083919e-06
9606,6.825639047747245e-06
9607,6.584342372661922e-06
9608,6.2748740674578585e-06
9609,6.164375918160658e-06
9610,5.999505447107367e-06
9611,6.01081319473451e-06
9612,5.970488018647302e-06
9613,6.105551619839389e-06
9614,6.183274308568798e-06
9615,6.453870810219087e-06
9616,6.648431281064404e-06
9617,7.0659966695529874e-06
9618,7.3642081588332076e-06
9619,7.918370101833716e-06
9620,8.271493243228178e-06
9621,8.901864021026995e-06
9622,9.20565435080789e-06
9623,9.785935617401265e-06
9624,9.900688382913359e-06
9625,1.028053247864591e-05
9626,1.0111376468557864e-05
9627,1.0210918844677508e-05
9628,9.785348993318621e-06
9629,9.65299204835901e-06
9630,9.104088348976802e-06
9631,8.872412763594184e-06
9632,8.348593837581575e-06
9633,8.145490937749855e-06
9634,7.740200999251101e-06
9635,7.641171578143258e-06
9636,7.385910521406913e-06
9637,7.418733730446547e-06
9638,7.306465704459697e-06
9639,7.4689996836241335e-06
9640,7.4713143476401456e-06
9641,7.741942681604996e-06
9642,7.814095624780748e-06
9643,8.14957638795022e-06
9644,8.229028026107699e-06
9645,8.564137715438846e-06
9646,8.579758286941797e-06
9647,8.842232091410551e-06
9648,8.738019459997304e-06
9649,8.876164429238997e-06
9650,8.640830856165849e-06
9651,8.653423719806597e-06
9652,8.32909790915437e-06
9653,8.263416020781733e-06
9654,7.922514669189695e-06
9655,7.849147550587077e-06
9656,7.564534826087765e-06
9657,7.550358532171231e-06
9658,7.376559096883284e-06
9659,7.471475328202359e-06
9660,7.444039511028677e-06
9661,7.67772326071281e-06
9662,7.812109288352076e-06
9663,8.180737495422363e-06
9664,8.451877874904312e-06
9665,8.876161700754892e-06
9666,9.16601584322052e-06
9667,9.441076144867111e-06
9668,9.509034498478286e-06
9669,9.356790542369708e-06
9670,8.964592780102976e-06
9671,8.271826118289027e-06
9672,7.4376621341798455e-06
9673,6.434134775190614e-06
9674,5.4673096201440785e-06
9675,4.5323158701648936e-06
9676,3.751858457690105e-06
9677,3.1123206554184435e-06
9678,2.6415332285978366e-06
9679,2.3147467800299637e-06
9680,2.1149312487978023e-06
9681,2.0165757632639725e-06
9682,1.9963936210842803e-06
9683,2.0346064957266208e-06
9684,2.1158748495508917e-06
9685,2.2281744804786285e-06
9686,2.365304226259468e-06
9687,2.522581780795008e-06
9688,2.701627636270132e-06
9689,2.903389258790412e-06
9690,3.1388442494062474e-06
9691,3.4113934361812426e-06
9692,3.7508625609916635e-06
9693,4.15566137235146e-06
9694,4.699263172369683e-06
9695,5.352353582566138e-06
9696,6.284373284870526e-06
9697,7.362172254943289e-06
9698,8.937759957916569e-06
9699,1.0547865713306237e-05
9700,1.2827505997847766e-05
9701,1.4533332432620227e-05
9702,1.6727994079701602e-05
9703,1.72144609678071e-05
9704,1.7824564565671608e-05
9705,1.6336913176928647e-05
9706,1.5177894965745509e-05
9707,1.287268241867423e-05
9708,1.1303437531751115e-05
9709,9.504205081611872e-06
9710,8.44968599267304e-06
9711,7.468061085091904e-06
9712,7.0513970058527775e-06
9713,6.725801085849525e-06
9714,6.84681799612008e-06
9715,7.022823865554528e-06
9716,7.6287033152766526e-06
9717,8.213682122004684e-06
9718,9.250621587852947e-06
9719,1.0059544365503825e-05
9720,1.128153508034302e-05
9721,1.1880669262609445e-05
9722,1.2764622624672484e-05
9723,1.2650156349991448e-05
9724,1.2758421689795796e-05
9725,1.188199530588463e-05
9726,1.1337275282130577e-05
9727,1.017194335872773e-05
9728,9.44586190598784e-06
9729,8.444867489743046e-06
9730,7.85828069638228e-06
9731,7.167621788539691e-06
9732,6.787912298023002e-06
9733,6.3584611780242994e-06
9734,6.137665877758991e-06
9735,5.877255716768559e-06
9736,5.75564672544715e-06
9737,5.595080438069999e-06
9738,5.537850483960938e-06
9739,5.442701876745559e-06
9740,5.443303052743431e-06
9741,5.408801825979026e-06
9742,5.486380359798204e-06
9743,5.533554940484464e-06
9744,5.7315605772600975e-06
9745,5.902597422391409e-06
9746,6.28721727480297e-06
9747,6.637121259700507e-06
9748,7.282370461325627e-06
9749,7.841831575206015e-06
9750,8.772637556830887e-06
9751,9.465772563999053e-06
9752,1.0549114449531771e-05
9753,1.1103570614068303e-05
9754,1.1978687325608917e-05
9755,1.200793940370204e-05
9756,1.2285283446544781e-05
9757,1.1643364814517554e-05
9758,1.1287647794233635e-05
9759,1.0258866495860275e-05
9760,9.609566404833458e-06
9761,8.611297744209878e-06
9762,8.019811502890661e-06
9763,7.283350896614138e-06
9764,6.909954663569806e-06
9765,6.4708219724707305e-06
9766,6.3359948399011046e-06
9767,6.150042281660717e-06
9768,6.229840437299572e-06
9769,6.24490076006623e-06
9770,6.512933396152221e-06
9771,6.681098511762684e-06
9772,7.104860742401797e-06
9773,7.364179509750102e-06
9774,7.882285899540875e-06
9775,8.137046279443894e-06
9776,8.642698048788588e-06
9777,8.770050044404343e-06
9778,9.132601007877383e-06
9779,9.034644790517632e-06
9780,9.165729352389462e-06
9781,8.836032975523267e-06
9782,8.749098924454302e-06
9783,8.282806447823532e-06
9784,8.077549864538014e-06
9785,7.6048640949011315e-06
9786,7.395989996439312e-06
9787,7.0139190029294696e-06
9788,6.878925432829419e-06
9789,6.63066930428613e-06
9790,6.601105269510299e-06
9791,6.489653060270939e-06
9792,6.5639578679110855e-06
9793,6.567895525222411e-06
9794,6.718742952216417e-06
9795,6.794809905841248e-06
9796,6.9654588514822535e-06
9797,7.043423465802334e-06
9798,7.147904398152605e-06
9799,7.135976375138853e-06
9800,7.081253897922579e-06
9801,6.90066644892795e-06
9802,6.6391976361046545e-06
9803,6.276598014665069e-06
9804,5.847936336067505e-06
9805,5.37293544766726e-06
9806,4.884254394710297e-06
9807,4.4067655835533515e-06
9808,3.969079443777446e-06
9809,3.5793259485217277e-06
9810,3.2616433145449264e-06
9811,3.006995939358603e-06
9812,2.840138677129289e-06
9813,2.7455234885565005e-06
9814,2.759696599241579e-06
9815,2.873039647965925e-06
9816,3.1563033644488314e-06
9817,3.611338797782082e-06
9818,4.3901031858695205e-06
9819,5.472230441228021e-06
9820,7.168622232711641e-06
9821,9.214434612658806e-06
9822,1.2129788956372067e-05
9823,1.470589813834522e-05
9824,1.7727536032907665e-05
9825,1.855815207818523e-05
9826,1.904723103507422e-05
9827,1.6816593415569514e-05
9828,1.484940275986446e-05
9829,1.1922931662411429e-05
9830,9.985724318539724e-06
9831,8.186605555238202e-06
9832,7.152165835577762e-06
9833,6.3394718381459825e-06
9834,5.844078714289935e-06
9835,5.44493377674371e-06
9836,5.090379545436008e-06
9837,4.77242429042235e-06
9838,4.410344445204828e-06
9839,4.093463303433964e-06
9840,3.7492486626433674e-06
9841,3.484562967059901e-06
9842,3.2476468732056674e-06
9843,3.1317613320425153e-06
9844,3.1080339795153122e-06
9845,3.266492967668455e-06
9846,3.594758936742437e-06
9847,4.224736585456412e-06
9848,5.1174692998756655e-06
9849,6.518728241644567e-06
9850,8.176115443347953e-06
9851,1.0519030183786526e-05
9852,1.2586203411046881e-05
9853,1.5095885828486644e-05
9854,1.601491021574475e-05
9855,1.6810412489576265e-05
9856,1.5375901057268493e-05
9857,1.397239975631237e-05
9858,1.1424796866776887e-05
9859,9.416905413672794e-06
9860,7.348525741690537e-06
9861,5.858386430190876e-06
9862,4.613186320057139e-06
9863,3.750284122361336e-06
9864,3.0995206543593667e-06
9865,2.6690929644246353e-06
9866,2.376233851464349e-06
9867,2.2122665086499183e-06
9868,2.136949206033023e-06
9869,2.150386535504367e-06
9870,2.236566615465563e-06
9871,2.4161818146239966e-06
9872,2.6890998015005607e-06
9873,3.115989784419071e-06
9874,3.6987203202443197e-06
9875,4.5775000216963235e-06
9876,5.697273991245311e-06
9877,7.3380160756642e-06
9878,9.160823537968099e-06
9879,1.1641717719612643e-05
9880,1.3648858839587774e-05
9881,1.6016443623811938e-05
9882,1.6638483430142514e-05
9883,1.7270518583245575e-05
9884,1.583984703756869e-05
9885,1.480436731071677e-05
9886,1.2725795386359096e-05
9887,1.1315812116663437e-05
9888,9.644170859246515e-06
9889,8.354473720828537e-06
9890,7.054507477732841e-06
9891,5.880085154785775e-06
9892,4.813267878489569e-06
9893,3.860451215587091e-06
9894,3.09737288262113e-06
9895,2.505855718482053e-06
9896,2.1187829588598106e-06
9897,1.9134386093355715e-06
9898,1.8855782855098369e-06
9899,2.0189550014038105e-06
9900,2.317052349098958e-06
9901,2.770791979855858e-06
9902,3.432829998928355e-06
9903,4.272267233318416e-06
9904,5.441638222691836e-06
9905,6.777396720281104e-06
9906,8.59753527038265e-06
9907,1.0315037798136473e-05
9908,1.2496085219027009e-05
9909,1.376741420244798e-05
9910,1.51700933201937e-05
9911,1.4830598956905305e-05
9912,1.4504158571071457e-05
9913,1.2718803191091865e-05
9914,1.13173828140134e-05
9915,9.39092569751665e-06
9916,8.072865966823883e-06
9917,6.759883035556413e-06
9918,5.964836418570485e-06
9919,5.285943188937381e-06
9920,4.975096999260131e-06
9921,4.763131983054336e-06
9922,4.840634574065916e-06
9923,4.994773462385638e-06
9924,5.439459528133739e-06
9925,5.93559843764524e-06
9926,6.773827863071347e-06
9927,7.575986728625139e-06
9928,8.761904609855264e-06
9929,9.662717275205068e-06
9930,1.0897446372837294e-05
9931,1.1425604498072062e-05
9932,1.2165935004304629e-05
9933,1.1885475032613613e-05
9934,1.180107665277319e-05
9935,1.0814255801960826e-05
9936,1.0146177373826504e-05
9937,8.971713214123156e-06
9938,8.183817044482566e-06
9939,7.2050247581501026e-06
9940,6.554528681590455e-06
9941,5.855466042703483e-06
9942,5.383394636737648e-06
9943,4.907646143692546e-06
9944,4.583466761687305e-06
9945,4.269568762538256e-06
9946,4.070061095262645e-06
9947,3.8886855691089295e-06
9948,3.8142711673572194e-06
9949,3.7670904475817224e-06
9950,3.844020284304861e-06
9951,3.962230039178394e-06
9952,4.249347966833739e-06
9953,4.595756763592362e-06
9954,5.190760020923335e-06
9955,5.845903615409043e-06
9956,6.853951617813436e-06
9957,7.831544280634262e-06
9958,9.225679605151527e-06
9959,1.0273170119035058e-05
9960,1.1652558896457776e-05
9961,1.2148990208515897e-05
9962,1.2799994692613836e-05
9963,1.2251570296939462e-05
9964,1.1868976798723452e-05
9965,1.0572106475592591e-05
9966,9.632531146053225e-06
9967,8.299162800540216e-06
9968,7.408754754578695e-06
9969,6.437803676817566e-06
9970,5.842056907567894e-06
9971,5.260213583824225e-06
9972,4.948676178173628e-06
9973,4.656627424992621e-06
9974,4.560911747830687e-06
9975,4.4725247789756395e-06
9976,4.5463589231076185e-06
9977,4.61500303572393e-06
9978,4.843019269173965e-06
9979,5.049934770795517e-06
9980,5.43408395969891e-06
9981,5.764930847362848e-06
9982,6.301002031250391e-06
9983,6.71743646307732e-06
9984,7.362221367657185e-06
9985,7.773003744659945e-06
9986,8.418257493758574e-06
9987,8.680317478138022e-06
9988,9.169212717097253e-06
9989,9.154235158348456e-06
9990,9.370875886816066e-06
9991,9.063917786988895e-06
9992,9.021923688123934e-06
9993,8.543831427232362e-06
9994,8.374698154511862e-06
9995,7.897088835306931e-06
9996,7.756252671242692e-06
9997,7.409207682940178e-06
9998,7.406979875668185e-06
9999,7.253105650306679e-06
10000,7.445933533745119e-06
10001,7.493421890103491e-06
10002,7.88909619586775e-06
10003,8.092724783637095e-06
10004,8.633609468233772e-06
10005,8.872581020114012e-06
10006,9.40541212912649e-06
10007,9.480670996708795e-06
10008,9.777610102901235e-06
10009,9.501840395387262e-06
10010,9.399064765602816e-06
10011,8.757646355661564e-06
10012,8.303898539452348e-06
10013,7.488738901884062e-06
10014,6.9079947024874855e-06
10015,6.166923412820324e-06
10016,5.685717042069882e-06
10017,5.176690137886908e-06
10018,4.924692348140525e-06
10019,4.702643309428822e-06
10020,4.73100544695626e-06
10021,4.803895080840448e-06
10022,5.137492280482547e-06
10023,5.504670752998209e-06
10024,6.152250080049271e-06
10025,6.777770977350883e-06
10026,7.665341399842873e-06
10027,8.380707186006475e-06
10028,9.234348908648826e-06
10029,9.670028703112621e-06
10030,1.0040294910140801e-05
10031,9.819364095164929e-06
10032,9.44766725297086e-06
10033,8.594905011705123e-06
10034,7.735457074886654e-06
10035,6.693479463137919e-06
10036,5.8409696066519246e-06
10037,5.031956789025571e-06
10038,4.495757821132429e-06
10039,4.079889095010003e-06
10040,3.927942543668905e-06
10041,3.8917778510949574e-06
10042,4.097357759746956e-06
10043,4.3896025090361945e-06
10044,4.928230737277772e-06
10045,5.500590305018704e-06
10046,6.3431207308894955e-06
10047,7.096145054674707e-06
10048,8.1212492659688e-06
10049,8.818210517347325e-06
10050,9.740091627463698e-06
10051,1.0043448128271848e-05
10052,1.0533591193961911e-05
10053,1.0269117410643958e-05
10054,1.0246132660540752e-05
10055,9.589056389813777e-06
10056,9.260373190045357e-06
10057,8.525574230588973e-06
10058,8.115708624245599e-06
10059,7.470687705790624e-06
10060,7.055725291138515e-06
10061,6.50141646474367e-06
10062,6.074102202546783e-06
10063,5.568915184994694e-06
10064,5.1351485126360785e-06
10065,4.674649972002953e-06
10066,4.278342203178909e-06
10067,3.896472207998158e-06
10068,3.594213694668724e-06
10069,3.333262611704413e-06
10070,3.1712211239209864e-06
10071,3.0675678317493293e-06
10072,3.087103323196061e-06
10073,3.1822764867683873e-06
10074,3.4436857276887167e-06
10075,3.8046332520025317e-06
10076,4.410364454088267e-06
10077,5.129421879246365e-06
10078,6.203195880516432e-06
10079,7.310711225727573e-06
10080,8.842008355713915e-06
10081,1.0066753020510077e-05
10082,1.1611755326157436e-05
10083,1.2230622814968228e-05
10084,1.2961950233147945e-05
10085,1.2396404599712696e-05
10086,1.1976506357314065e-05
10087,1.0598549124551937e-05
10088,9.59773296926869e-06
10089,8.220994459406938e-06
10090,7.293132512131706e-06
10091,6.3119955484580714e-06
10092,5.672155566571746e-06
10093,5.064720426162239e-06
10094,4.664037987822667e-06
10095,4.297117811802309e-06
10096,4.047018137498526e-06
10097,3.820461643044837e-06
10098,3.665586973511381e-06
10099,3.528333309077425e-06
10100,3.447017661528662e-06
10101,3.3828146115411073e-06
10102,3.3784363040467724e-06
10103,3.3961205190280452e-06
10104,3.495452119750553e-06
10105,3.6283627196098678e-06
10106,3.888446372002363e-06
10107,4.20050173488562e-06
10108,4.71862676931778e-06
10109,5.300961674947757e-06
10110,6.203054908837657e-06
10111,7.120481313904747e-06
10112,8.462257028440945e-06
10113,9.581658559909556e-06
10114,1.1108428225270472e-05
10115,1.1897730473720003e-05
10116,1.2917451385874301e-05
10117,1.2712739589915145e-05
10118,1.2653262274398003e-05
10119,1.146263639384415e-05
10120,1.0583093171590008e-05
10121,9.115596185438335e-06
10122,8.108930160233285e-06
10123,6.9432935561053455e-06
10124,6.212331754795741e-06
10125,5.485156179929618e-06
10126,5.090103059046669e-06
10127,4.724708560388535e-06
10128,4.61073977930937e-06
10129,4.517768502410036e-06
10130,4.6449495130218565e-06
10131,4.781969437317457e-06
10132,5.151548521098448e-06
10133,5.508937647391576e-06
10134,6.137857781141065e-06
10135,6.690729151159758e-06
10136,7.5511243267101236e-06
10137,8.181911653082352e-06
10138,9.10939706955105e-06
10139,9.553556083119474e-06
10140,1.0229211511614267e-05
10141,1.018392140395008e-05
10142,1.0325265975552611e-05
10143,9.724691153678577e-06
10144,9.356705049867742e-06
10145,8.462280675303191e-06
10146,7.876647032389883e-06
10147,7.024239948805189e-06
10148,6.498860329884337e-06
10149,5.869484994036611e-06
10150,5.529099325940479e-06
10151,5.150531706021866e-06
10152,5.0095341066480614e-06
10153,4.846806405112147e-06
10154,4.884764621237991e-06
10155,4.898919542029034e-06
10156,5.095179858471965e-06
10157,5.255318683339283e-06
10158,5.589110060100211e-06
10159,5.859825250809081e-06
10160,6.2879275901650544e-06
10161,6.602418125112308e-06
10162,7.032211215118878e-06
10163,7.275298685271991e-06
10164,7.561609891126864e-06
10165,7.5942821240460034e-06
10166,7.598826414323412e-06
10167,7.339073363255011e-06
10168,7.028140771581093e-06
10169,6.5207523221033625e-06
10170,5.999937457090709e-06
10171,5.390310889197281e-06
10172,4.8287774916389026e-06
10173,4.268182237865403e-06
10174,3.799628757406026e-06
10175,3.3793519378377823e-06
10176,3.0688668175571365e-06
10177,2.8239992388989776e-06
10178,2.6975644686899614e-06
10179,2.6503346362005686e-06
10180,2.7491873879625928e-06
10181,2.963432280012057e-06
10182,3.406335508771008e-06
10183,4.043205990456045e-06
10184,5.088119451102102e-06
10185,6.413481060008053e-06
10186,8.397606507060118e-06
10187,1.0480739547347184e-05
10188,1.3227233466750477e-05
10189,1.503188832430169e-05
10190,1.6871330444701016e-05
10191,1.6415813661296852e-05
10192,1.5723326214356348e-05
10193,1.3240669431979768e-05
10194,1.1270381037320476e-05
10195,8.959314072853886e-06
10196,7.504632321797544e-06
10197,6.263721843424719e-06
10198,5.610246716969414e-06
10199,5.131105353939347e-06
10200,4.9005011533154175e-06
10201,4.727712621388491e-06
10202,4.5846577449992765e-06
10203,4.439758413354866e-06
10204,4.224988515488803e-06
10205,4.002019522886258e-06
10206,3.696908606798388e-06
10207,3.4072072594426572e-06
10208,3.0731316655874252e-06
10209,2.7860485261044232e-06
10210,2.5050619569810806e-06
10211,2.296561888215365e-06
10212,2.1362727693485795e-06
10213,2.0700149434560444e-06
10214,2.088110477416194e-06
10215,2.2370138594851596e-06
10216,2.518520886951592e-06
10217,3.015630909430911e-06
10218,3.719913593158708e-06
10219,4.807664481631946e-06
10220,6.155498340376653e-06
10221,8.103224899969064e-06
10222,1.0072349141410086e-05
10223,1.2632215657504275e-05
10224,1.4231638488126919e-05
10225,1.5930443623801693e-05
10226,1.5526362403761595e-05
10227,1.4997065591160208e-05
10228,1.2765904102707282e-05
10229,1.0894786100834608e-05
10230,8.573278137191664e-06
10231,6.8620938691310585e-06
10232,5.307716037350474e-06
10233,4.21705090047908e-06
10234,3.347769052197691e-06
10235,2.7473229238239583e-06
10236,2.2989952412899584e-06
10237,1.9984813661722e-06
10238,1.7907146911966265e-06
10239,1.669997345743468e-06
10240,1.6099845652206568e-06
10241,1.613940071365505e-06
10242,1.672616690484574e-06
10243,1.8057610304822447e-06
10244,2.017879523918964e-06
10245,2.361156703045708e-06
10246,2.8482872949098237e-06
10247,3.599852334446041e-06
10248,4.599488420353737e-06
10249,6.095795470173471e-06
10250,7.860521691327449e-06
10251,1.0322582966182381e-05
10252,1.2528729712357745e-05
10253,1.5180112313828431e-05
10254,1.620007969904691e-05
10255,1.712777157081291e-05
10256,1.5767061995575204e-05
10257,1.4642188943980727e-05
10258,1.2337108273641206e-05
10259,1.079486173694022e-05
10260,9.079662049771287e-06
10261,7.93643448560033e-06
10262,6.864313490950735e-06
10263,5.9756844166258816e-06
10264,5.165478341950802e-06
10265,4.376746801426634e-06
10266,3.699745320773218e-06
10267,3.0747255550522823e-06
10268,2.609190914881765e-06
10269,2.267307081638137e-06
10270,2.114143626386067e-06
10271,2.1341486444725888e-06
10272,2.377973942202516e-06
10273,2.8358203962852713e-06
10274,3.6036221899848897e-06
10275,4.615253146766918e-06
10276,6.0791780924773775e-06
10277,7.67361962061841e-06
10278,9.782603228813969e-06
10279,1.1443200492067263e-05
10280,1.3345501429284923e-05
10281,1.3799700354866218e-05
10282,1.4143722182780039e-05
10283,1.2788958883902524e-05
10284,1.1544713743205648e-05
10285,9.475787010160275e-06
10286,7.899239790276624e-06
10287,6.2683770920557436e-06
10288,5.1561664804467e-06
10289,4.21496815761202e-06
10290,3.6390219975146465e-06
10291,3.2197001473832643e-06
10292,3.0407477424887475e-06
10293,2.9769198590656742e-06
10294,3.104099278061767e-06
10295,3.3311243896605447e-06
10296,3.768616807064973e-06
10297,4.308194093027851e-06
10298,5.1326173888810445e-06
10299,6.0285574363661e-06
10300,7.294701390492264e-06
10301,8.449001143162604e-06
10302,9.967302503355313e-06
10303,1.091747162718093e-05
10304,1.2081622116966173e-05
10305,1.21594566735439e-05
10306,1.2374126526992768e-05
10307,1.146264639828587e-05
10308,1.084475479729008e-05
10309,9.546382898406591e-06
10310,8.660552339279093e-06
10311,7.512499905715231e-06
10312,6.693548129987903e-06
10313,5.809298727399437e-06
10314,5.1108445404679514e-06
10315,4.423336577019654e-06
10316,3.8392918213503435e-06
10317,3.3039418667613063e-06
10318,2.848310487024719e-06
10319,2.457984464854235e-06
10320,2.1408254724519793e-06
10321,1.887307689685258e-06
10322,1.6978008261503419e-06
10323,1.5615397614965332e-06
10324,1.4789693523198366e-06
10325,1.4412169093702687e-06
10326,1.4534875845129136e-06
10327,1.512607582299097e-06
10328,1.6356282230844954e-06
10329,1.8275233060194296e-06
10330,2.1314265268301824e-06
10331,2.557353809606866e-06
10332,3.2044326871982776e-06
10333,4.058386366523337e-06
10334,5.326875907485373e-06
10335,6.83766074871528e-06
10336,8.96761684998637e-06
10337,1.0996011951647233e-05
10338,1.3544307876145467e-05
10339,1.4889760677760933e-05
10340,1.627300662221387e-05
10341,1.5529434676864184e-05
10342,1.4860284863971174e-05
10343,1.27294915728271e-05
10344,1.117901956604328e-05
10345,9.268407666240819e-06
10346,7.953161912155338e-06
10347,6.711545211146586e-06
10348,5.764773959526792e-06
10349,4.940018698107451e-06
10350,4.21134109274135e-06
10351,3.599904175644042e-06
10352,3.044356390091707e-06
10353,2.615725406940328e-06
10354,2.2688166154694045e-06
10355,2.0588652205333347e-06
10356,1.9617305042629596e-06
10357,2.0189961560390657e-06
10358,2.2238464225665666e-06
10359,2.639244030433474e-06
10360,3.25345536111854e-06
10361,4.203558091830928e-06
10362,5.384337782743387e-06
10363,7.069924777169945e-06
10364,8.795647772785742e-06
10365,1.1035150237148628e-05
10366,1.2547432561405003e-05
10367,1.4198456483427435e-05
10368,1.4126668247627094e-05
10369,1.393610546074342e-05
10370,1.2152199815318454e-05
10371,1.0605311217659619e-05
10372,8.492856977682095e-06
10373,6.912543540238403e-06
10374,5.399664587457664e-06
10375,4.351769348431844e-06
10376,3.494303200568538e-06
10377,2.9342509151319973e-06
10378,2.5218464543286245e-06
10379,2.2906206140760332e-06
10380,2.1614989691443043e-06
10381,2.1632729385601124e-06
10382,2.2520855509355897e-06
10383,2.4781434149190318e-06
10384,2.8099939299863763e-06
10385,3.345052846270846e-06
10386,4.028248895338038e-06
10387,5.042695647716755e-06
10388,6.2067033468338195e-06
10389,7.835978067305405e-06
10390,9.37348886509426e-06
10391,1.1332043868605979e-05
10392,1.24915150081506e-05
10393,1.3779164873994887e-05
10394,1.3553359167417511e-05
10395,1.3402850527199917e-05
10396,1.195465029013576e-05
10397,1.0924610251095146e-05
10398,9.351668268209323e-06
10399,8.316715138789732e-06
10400,7.175963673944352e-06
10401,6.3702927945996635e-06
10402,5.570580924540991e-06
10403,4.894111043540761e-06
10404,4.251961399859283e-06
10405,3.6514036310109077e-06
10406,3.1151555504038697e-06
10407,2.624418129926198e-06
10408,2.2179360712470952e-06
10409,1.8747213061942603e-06
10410,1.6150612509591156e-06
10411,1.4223825246517663e-06
10412,1.3007045254198601e-06
10413,1.2395626072247978e-06
10414,1.2385353329591453e-06
10415,1.2943924048158806e-06
10416,1.4150095921650063e-06
10417,1.6054949583121925e-06
10418,1.8979859532919363e-06
10419,2.302236680407077e-06
10420,2.9026632546447217e-06
10421,3.6873825592920184e-06
10422,4.844457635044819e-06
10423,6.225699962669751e-06
10424,8.188797437469475e-06
10425,1.0107984053320251e-05
10426,1.2578100722748786e-05
10427,1.4028039913682733e-05
10428,1.5555031495750882e-05
10429,1.5033408999443054e-05
10430,1.4427530913962983e-05
10431,1.2233236702741124e-05
10432,1.04403243312845e-05
10433,8.234277629526332e-06
10434,6.6535885707708076e-06
10435,5.208833499636967e-06
10436,4.231015736877453e-06
10437,3.4413444609526778e-06
10438,2.918618974945275e-06
10439,2.5201275093422737e-06
10440,2.2689555407851003e-06
10441,2.093637931466219e-06
10442,2.014382971537998e-06
10443,1.9928074834751897e-06
10444,2.0620805116777774e-06
10445,2.19988373828528e-06
10446,2.468458205839852e-06
10447,2.8487754661910003e-06
10448,3.462798304099124e-06
10449,4.260019522916991e-06
10450,5.473854798765387e-06
10451,6.888541975058615e-06
10452,8.904608876036946e-06
10453,1.0773741450975649e-05
10454,1.3126302292221226e-05
10455,1.429064286639914e-05
10456,1.544728183944244e-05
10457,1.458695624023676e-05
10458,1.3728220437769778e-05
10459,1.1533612450875808e-05
10460,9.874068382487167e-06
10461,7.953238309710287e-06
10462,6.6997381509281695e-06
10463,5.5954114941414446e-06
10464,4.936578989145346e-06
10465,4.439838448888622e-06
10466,4.1597577364882454e-06
10467,3.985042894782964e-06
10468,3.883425051753875e-06
10469,3.848484993795864e-06
10470,3.803452955253306e-06
10471,3.803906110988464e-06
10472,3.745137291844003e-06
10473,3.722313977050362e-06
10474,3.619540848376346e-06
10475,3.5573216337070335e-06
10476,3.4253544072271325e-06
10477,3.357446075824555e-06
10478,3.2620323509036098e-06
10479,3.2799371183500625e-06
10480,3.3413650726288324e-06
10481,3.6026258385390975e-06
10482,3.999603904958349e-06
10483,4.741943939734483e-06
10484,5.697988854080904e-06
10485,7.197668310254812e-06
10486,8.799848728813231e-06
10487,1.1028823792003095e-05
10488,1.2671570402744692e-05
10489,1.460631210647989e-05
10490,1.4811201253905892e-05
10491,1.4892682884237729e-05
10492,1.311212508880999e-05
10493,1.1440243724791799e-05
10494,9.023067832458764e-06
10495,7.080268915160559e-06
10496,5.23611106473254e-06
10497,3.879810719809029e-06
10498,2.819008614096674e-06
10499,2.097166316161747e-06
10500,1.6083924947452033e-06
10501,1.319319835602073e-06
10502,1.1702153415171779e-06
10503,1.1263349506407394e-06
10504,1.1536311603776994e-06
10505,1.2303938774493872e-06
10506,1.3365938684728462e-06
10507,1.4662020930700237e-06
10508,1.6041999515437055e-06
10509,1.7611353086977033e-06
10510,1.9201809209334897e-06
10511,2.1123228179931175e-06
10512,2.315454366907943e-06
10513,2.589879386505345e-06
10514,2.9050083867332432e-06
10515,3.3691721910145134e-06
10516,3.932271738449344e-06
10517,4.789389095094521e-06
10518,5.818536919832695e-06
10519,7.368148544628639e-06
10520,9.048249921761453e-06
10521,1.144574343925342e-05
10522,1.3416394722298719e-05
10523,1.5941390302032232e-05
10524,1.6752121155150235e-05
10525,1.764771150192246e-05
10526,1.61488787853159e-05
10527,1.4718192687723786e-05
10528,1.1928783351322636e-05
10529,9.501621207164135e-06
10530,6.978150850045495e-06
10531,4.947739398630802e-06
10532,3.323448254377581e-06
10533,2.169197841794812e-06
10534,1.4371673842106247e-06
10535,1.0690915814848267e-06
10536,1.0036334288088256e-06
10537,1.1807803730334854e-06
10538,1.552772687318793e-06
10539,2.073758423648542e-06
10540,2.741456682997523e-06
10541,3.503574362184736e-06
10542,4.448734216566663e-06
10543,5.447818693937734e-06
10544,6.752169610990677e-06
10545,7.992956852831412e-06
10546,9.660070645622909e-06
10547,1.0879097317229025e-05
10548,1.245183011633344e-05
10549,1.2899349712824915e-05
10550,1.3476497770170681e-05
10551,1.259627242689021e-05
10552,1.189430713566253e-05
10553,1.0227533493889496e-05
10554,9.002452316053677e-06
10555,7.479527994291857e-06
10556,6.469707841461059e-06
10557,5.470223186421208e-06
10558,4.872646059084218e-06
10559,4.3387790356064215e-06
10560,4.086467470187927e-06
10561,3.8830298763059545e-06
10562,3.899519015249098e-06
10563,3.95013194065541e-06
10564,4.214401542412816e-06
10565,4.499742317420896e-06
10566,5.031219188822433e-06
10567,5.546447937376797e-06
10568,6.3525171754008625e-06
10569,7.0303408392646816e-06
10570,8.01060286903521e-06
10571,8.628598152427003e-06
10572,9.491980563325342e-06
10573,9.695928383735009e-06
10574,1.0070773896586616e-05
10575,9.647013939684257e-06
10576,9.407811376149766e-06
10577,8.526711098966189e-06
10578,7.91111870057648e-06
10579,6.944904271222185e-06
10580,6.278472028498072e-06
10581,5.478334969666321e-06
10582,4.941060979035683e-06
10583,4.37252765550511e-06
10584,4.008174528280506e-06
10585,3.6489382182480767e-06
10586,3.449926907705958e-06
10587,3.2681496122677345e-06
10588,3.227545221307082e-06
10589,3.2109867333929287e-06
10590,3.341929641464958e-06
10591,3.5034267966693733e-06
10592,3.844503680738853e-06
10593,4.216906745568849e-06
10594,4.823093149752822e-06
10595,5.427151791081997e-06
10596,6.318935902527301e-06
10597,7.081852800183697e-06
10598,8.134607014653739e-06
10599,8.786204489297234e-06
10600,9.64561513683293e-06
10601,9.783738278201781e-06
10602,1.0052183824882377e-05
10603,9.505701200396288e-06
10604,9.138971108768601e-06
10605,8.185408660210669e-06
10606,7.521857241954422e-06
10607,6.5813487708510365e-06
10608,5.963331204839051e-06
10609,5.259177669358905e-06
10610,4.825330506719183e-06
10611,4.3756799641414545e-06
10612,4.121397068956867e-06
10613,3.865838152705692e-06
10614,3.7460240491782315e-06
10615,3.6226851989340503e-06
10616,3.597552222345257e-06
10617,3.5638772715174127e-06
10618,3.608634870033711e-06
10619,3.6388537409948185e-06
10620,3.739915200640098e-06
10621,3.818068762484472e-06
10622,3.968918917962583e-06
10623,4.085031832801178e-06
10624,4.285467639419949e-06
10625,4.43548196926713e-06
10626,4.692872607847676e-06
10627,4.879321750195231e-06
10628,5.209187293075956e-06
10629,5.439963842945872e-06
10630,5.862079888174776e-06
10631,6.1443929553206544e-06
10632,6.67047743263538e-06
10633,6.99153224559268e-06
10634,7.598952834086958e-06
10635,7.901721801317763e-06
10636,8.505737241648603e-06
10637,8.678692211105954e-06
10638,9.137647793977521e-06
10639,9.060266165761277e-06
10640,9.247639354725834e-06
10641,8.880812856659759e-06
10642,8.778748451732099e-06
10643,8.209636689571198e-06
10644,7.921098585939035e-06
10645,7.301523964997614e-06
10646,6.968512025196105e-06
10647,6.423611921491101e-06
10648,6.150273748062318e-06
10649,5.739500011259224e-06
10650,5.573223461396992e-06
10651,5.304346814227756e-06
10652,5.253186827758327e-06
10653,5.108552159072133e-06
10654,5.163068635738455e-06
10655,5.117470209370367e-06
10656,5.261466867523268e-06
10657,5.286415671434952e-06
10658,5.497854999703122e-06
10659,5.560005774896126e-06
10660,5.808150945085799e-06
10661,5.868424068466993e-06
10662,6.115671567386016e-06
10663,6.13665997661883e-06
10664,6.34707839708426e-06
10665,6.3043812588148285e-06
10666,6.455438324337592e-06
10667,6.347414910123916e-06
10668,6.437488082156051e-06
10669,6.2857166085450444e-06
10670,6.330773430818226e-06
10671,6.166776074678637e-06
10672,6.185857273521833e-06
10673,6.033090357959736e-06
10674,6.033060344634578e-06
10675,5.893945399293443e-06
10676,5.862547368451487e-06
10677,5.716997748095309e-06
10678,5.6263329497596715e-06
10679,5.440032509795856e-06
10680,5.262628292257432e-06
10681,5.009624146623537e-06
10682,4.741727934742812e-06
10683,4.424851795192808e-06
10684,4.09657513955608e-06
10685,3.750576070160605e-06
10686,3.4150452847825363e-06
10687,3.0900707770342706e-06
10688,2.8012311759084696e-06
10689,2.5423471470276127e-06
10690,2.3395086827804334e-06
10691,2.177763690269785e-06
10692,2.0878758277831366e-06
10693,2.049359181910404e-06
10694,2.1054872831882676e-06
10695,2.2331967102218186e-06
10696,2.5041185836016666e-06
10697,2.886685251723975e-06
10698,3.5098387343168724e-06
10699,4.295279723010026e-06
10700,5.4746233217883855e-06
10701,6.788940027036006e-06
10702,8.62149681779556e-06
10703,1.0224445759376977e-05
10704,1.2204032827867195e-05
10705,1.3084636520943604e-05
10706,1.39644635055447e-05
10707,1.3159718946553767e-05
10708,1.2397605132719036e-05
10709,1.0512623703107238e-05
10710,9.085147212317679e-06
10711,7.384902346529998e-06
10712,6.252575985854492e-06
10713,5.204750323173357e-06
10714,4.55074587080162e-06
10715,4.012002591480268e-06
10716,3.6756537156179547e-06
10717,3.4147446967836004e-06
10718,3.2351367735827807e-06
10719,3.101046331721591e-06
10720,2.984743787237676e-06
10721,2.89988452095713e-06
10722,2.802529706968926e-06
10723,2.7314833914715564e-06
10724,2.6355664886068553e-06
10725,2.5661267955001676e-06
10726,2.471025254635606e-06
10727,2.407113470326294e-06
10728,2.3252605387824588e-06
10729,2.2846675165055785e-06
10730,2.2417800664698007e-06
10731,2.2594169877265813e-06
10732,2.300838332303101e-06
10733,2.4400578695349395e-06
10734,2.6466314011486247e-06
10735,3.026180593224126e-06
10736,3.5426410249783657e-06
10737,4.374203854240477e-06
10738,5.416007297753822e-06
10739,6.9818088377360255e-06
10740,8.667972906550858e-06
10741,1.0993551768478937e-05
10742,1.2775663890352007e-05
10743,1.4907994227542076e-05
10744,1.529323708382435e-05
10745,1.563039404572919e-05
10746,1.3953934285382275e-05
10747,1.2433522897481453e-05
10748,9.992208106268663e-06
10749,8.009435077838134e-06
10750,6.029165888321586e-06
10751,4.492329026106745e-06
10752,3.237474174966337e-06
10753,2.31016383622773e-06
10754,1.6519047676410992e-06
10755,1.2238758699822938e-06
10756,9.90749640550348e-07
10757,9.165988217318954e-07
10758,9.764017931956914e-07
10759,1.1509149544508546e-06
10760,1.4373499652720056e-06
10761,1.8276198261446552e-06
10762,2.361552105867304e-06
10763,3.016795517396531e-06
10764,3.911097337550018e-06
10765,4.935229753755266e-06
10766,6.3401885199709795e-06
10767,7.743086825939827e-06
10768,9.592335118213668e-06
10769,1.0930310963885859e-05
10770,1.2525601050583646e-05
10771,1.2828319995605852e-05
10772,1.3149174264981411e-05
10773,1.1991252904408611e-05
10774,1.1012791219400242e-05
10775,9.22595336305676e-06
10776,7.902936886239331e-06
10777,6.420914814952994e-06
10778,5.425897143140901e-06
10779,4.510532107815379e-06
10780,3.954090516344877e-06
10781,3.4983381738129538e-06
10782,3.289256255811779e-06
10783,3.1592012419423554e-06
10784,3.226704848202644e-06
10785,3.3616313430684386e-06
10786,3.7025911296950653e-06
10787,4.107109816686716e-06
10788,4.768778580910293e-06
10789,5.460559805214871e-06
10790,6.467334515036782e-06
10791,7.359182745858561e-06
10792,8.558739864383824e-06
10793,9.310764653491788e-06
10794,1.0257555004500318e-05
10795,1.0367938557465095e-05
10796,1.05892449937528e-05
10797,9.897078598442022e-06
10798,9.411767678102478e-06
10799,8.324037480633706e-06
10800,7.579601970064687e-06
10801,6.5870121943589766e-06
10802,5.938450158282649e-06
10803,5.225495442573447e-06
10804,4.755501322506461e-06
10805,4.2774699977599084e-06
10806,3.9372662286041304e-06
10807,3.6009423638461158e-06
10808,3.335376732138684e-06
10809,3.0784367481828667e-06
10810,2.860650965885725e-06
10811,2.655912567206542e-06
10812,2.4800033315841574e-06
10813,2.320980684089591e-06
10814,2.19109369936632e-06
10815,2.0815989500988508e-06
10816,2.0073835003131535e-06
10817,1.958113216460333e-06
10818,1.9566637092793826e-06
10819,1.9894196157110855e-06
10820,2.0946724816894857e-06
10821,2.2529579837282654e-06
10822,2.531894551793812e-06
10823,2.8959393603145145e-06
10824,3.468394652372808e-06
10825,4.161338893027278e-06
10826,5.1958850235678256e-06
10827,6.320740794762969e-06
10828,7.906938662927132e-06
10829,9.299165867560077e-06
10830,1.1086482118116692e-05
10831,1.1991593055427074e-05
10832,1.3003317690163385e-05
10833,1.2543595403258223e-05
10834,1.2123314263590146e-05
10835,1.0526820915401913e-05
10836,9.260680599254556e-06
10837,7.5686039053834975e-06
10838,6.365719855239149e-06
10839,5.169400537852198e-06
10840,4.370692749944283e-06
10841,3.6735805224452633e-06
10842,3.224047077310388e-06
10843,2.854886133718537e-06
10844,2.6279103622073308e-06
10845,2.4507460238964995e-06
10846,2.359883410463226e-06
10847,2.3005677576293238e-06
10848,2.3035599951981567e-06
10849,2.330320285182097e-06
10850,2.4147109343175543e-06
10851,2.5219073904736433e-06
10852,2.6962770789396018e-06
10853,2.8944728001079056e-06
10854,3.182048658345593e-06
10855,3.4915819924208336e-06
10856,3.92782703784178e-06
10857,4.3706531869247556e-06
10858,4.992011781723704e-06
10859,5.569221684709191e-06
10860,6.382954779837746e-06
10861,7.0359806159103755e-06
10862,7.968591489770915e-06
10863,8.540237104170956e-06
10864,9.400421731697861e-06
10865,9.665434845373966e-06
10866,1.020750823954586e-05
10867,1.0017601198342163e-05
10868,1.0119778380612843e-05
10869,9.546824003336951e-06
10870,9.3166700025904e-06
10871,8.602869456808548e-06
10872,8.272199920611456e-06
10873,7.645788173249457e-06
10874,7.399280093522975e-06
10875,6.965486136323307e-06
10876,6.8745339376619086e-06
10877,6.627746188314632e-06
10878,6.674377345916582e-06
10879,6.545840733451769e-06
10880,6.660705366812181e-06
10881,6.557591404998675e-06
10882,6.65344623484998e-06
10883,6.494589342764812e-06
10884,6.5070980781456456e-06
10885,6.262363513087621e-06
10886,6.1870614445069805e-06
10887,5.8925584198732395e-06
10888,5.787570444226731e-06
10889,5.519693331734743e-06
10890,5.466502898343606e-06
10891,5.292511104926234e-06
10892,5.34903028892586e-06
10893,5.2963064263167325e-06
10894,5.472582870424958e-06
10895,5.519243586604716e-06
10896,5.7705001381691545e-06
10897,5.84984218221507e-06
10898,6.085740096750669e-06
10899,6.103749910835177e-06
10900,6.2165122471924406e-06
10901,6.087774181651184e-06
10902,6.006043804518413e-06
10903,5.7052416195801925e-06
10904,5.442901965579949e-06
10905,5.027366569265723e-06
10906,4.677820015785983e-06
10907,4.253242877894081e-06
10908,3.932076651835814e-06
10909,3.596960141294403e-06
10910,3.39266034643515e-06
10911,3.2086231840366963e-06
10912,3.172316610289272e-06
10913,3.1709359973319806e-06
10914,3.3361120586050674e-06
10915,3.5383425256441114e-06
10916,3.937490873795468e-06
10917,4.356248155090725e-06
10918,5.011038865632145e-06
10919,5.617387614620384e-06
10920,6.4812520577106625e-06
10921,7.131826350814663e-06
10922,8.007521500985604e-06
10923,8.414830517722294e-06
10924,8.976057870313525e-06
10925,8.867718861438334e-06
10926,8.894661732483655e-06
10927,8.28204611025285e-06
10928,7.877023563196417e-06
10929,7.0550177042605355e-06
10930,6.5115559664263856e-06
10931,5.772829808847746e-06
10932,5.30904799234122e-06
10933,4.774092758452753e-06
10934,4.456285296328133e-06
10935,4.1135358515020926e-06
10936,3.921586539945565e-06
10937,3.7166096262808423e-06
10938,3.610553903854452e-06
10939,3.492001269478351e-06
10940,3.4382844660285627e-06
10941,3.370315880601993e-06
10942,3.347779738760437e-06
10943,3.3086732855736045e-06
10944,3.307251972728409e-06
10945,3.2876371278689476e-06
10946,3.3089031603594776e-06
10947,3.3119947602244793e-06
10948,3.3704643556120573e-06
10949,3.412967089388985e-06
10950,3.5385071441851323e-06
10951,3.6523044855130138e-06
10952,3.892720542353345e-06
10953,4.124140104977414e-06
10954,4.543048362393165e-06
10955,4.942335635860218e-06
10956,5.601823431788944e-06
10957,6.1853711486037355e-06
10958,7.0860432970221154e-06
10959,7.755590559099801e-06
10960,8.735413757676724e-06
10961,9.210309144691564e-06
10962,9.912953828461468e-06
10963,9.850356036622543e-06
10964,9.952155778591987e-06
10965,9.274983312934637e-06
10966,8.810165127215441e-06
10967,7.8196626418503e-06
10968,7.127670869522262e-06
10969,6.197248694661539e-06
10970,5.583458914770745e-06
10971,4.898259248875547e-06
10972,4.484054898057366e-06
10973,4.057826572534395e-06
10974,3.843736067210557e-06
10975,3.6273402201913996e-06
10976,3.582318868211587e-06
10977,3.5301525258546462e-06
10978,3.633100277511403e-06
10979,3.719374490174232e-06
10980,3.9651467886869796e-06
10981,4.176833954261383e-06
10982,4.566029929264914e-06
10983,4.883292149315821e-06
10984,5.3968615247868e-06
10985,5.764305569755379e-06
10986,6.332720658974722e-06
10987,6.639199455094058e-06
10988,7.1302215474133845e-06
10989,7.234420536406105e-06
10990,7.501204891013913e-06
10991,7.316030405490892e-06
10992,7.294844635907793e-06
10993,6.8625304265879095e-06
10994,6.6214779508300126e-06
10995,6.0846891756227706e-06
10996,5.762563432654133e-06
10997,5.263730599835981e-06
10998,4.979103323421441e-06
10999,4.599723979481496e-06
11000,4.4145235733594745e-06
11001,4.17891533288639e-06
11002,4.112865099159535e-06
11003,4.017887022200739e-06
11004,4.072258434462128e-06
11005,4.107783297513379e-06
11006,4.2767564991663676e-06
11007,4.429042292031227e-06
11008,4.694089057011297e-06
11009,4.931984221911989e-06
11010,5.2403083827812225e-06
11011,5.490941930474946e-06
11012,5.735957529395819e-06
11013,5.874392172700027e-06
11014,5.911168045713566e-06
11015,5.803594376629917e-06
11016,5.53519930690527e-06
11017,5.140266694070306e-06
11018,4.612409156834474e-06
11019,4.0358131627726834e-06
11020,3.41900749845081e-06
11021,2.8395816116244532e-06
11022,2.305393991264282e-06
11023,1.8551494349594577e-06
11024,1.486815449425194e-06
11025,1.2052406646034797e-06
11026,1.0010644473368302e-06
11027,8.641468411951791e-07
11028,7.835515134502202e-07
11029,7.481328907488205e-07
11030,7.498776426473341e-07
11031,7.826150749679073e-07
11032,8.443875572083925e-07
11033,9.355495649288059e-07
11034,1.064819798557437e-06
11035,1.2395626072247978e-06
11036,1.4897129858582048e-06
11037,1.830468818297959e-06
11038,2.3370366761810146e-06
11039,3.0239395982789574e-06
11040,4.057987098349258e-06
11041,5.384589712775778e-06
11042,7.3190403782064095e-06
11043,9.446731382922735e-06
11044,1.2256695299583953e-05
11045,1.4374549209605902e-05
11046,1.6707475879229605e-05
11047,1.697541301837191e-05
11048,1.730516851239372e-05
11049,1.562535180710256e-05
11050,1.4630395526182838e-05
11051,1.259890450455714e-05
11052,1.111578876589192e-05
11053,9.13912936084671e-06
11054,7.2186630859505385e-06
11055,5.297232746670488e-06
11056,3.570473381842021e-06
11057,2.290223392265034e-06
11058,1.5113237168407068e-06
11059,1.3151822031431948e-06
11060,1.6640857438687817e-06
11061,2.5279243800468976e-06
11062,3.75255876861047e-06
11063,5.3390476750792e-06
11064,6.863302132842364e-06
11065,8.515277841070201e-06
11066,9.490290722169448e-06
11067,1.0422717423352879e-05
11068,1.0318452041246928e-05
11069,1.0283948540745769e-05
11070,9.408375262864865e-06
11071,8.831045306578744e-06
11072,7.799712875566911e-06
11073,7.141614332795143e-06
11074,6.275781743170228e-06
11075,5.7307752285851166e-06
11076,5.094507287140004e-06
11077,4.7147063924057875e-06
11078,4.303587502363371e-06
11079,4.110110694455216e-06
11080,3.914050012099324e-06
11081,3.916851255780784e-06
11082,3.917568847100483e-06
11083,4.1083694668486714e-06
11084,4.2682172534114216e-06
11085,4.61235595139442e-06
11086,4.867863935942296e-06
11087,5.3021904022898525e-06
11088,5.568018423218746e-06
11089,6.006862804497359e-06
11090,6.189573468873277e-06
11091,6.539582500408869e-06
11092,6.563403530890355e-06
11093,6.7536657297750935e-06
11094,6.593758826056728e-06
11095,6.6086890910810325e-06
11096,6.302463134488789e-06
11097,6.184400263009593e-06
11098,5.810047241538996e-06
11099,5.634285116684623e-06
11100,5.274125669529894e-06
11101,5.113034603709821e-06
11102,4.822927166969748e-06
11103,4.723480742541142e-06
11104,4.52704034614726e-06
11105,4.509668087848695e-06
11106,4.406927473610267e-06
11107,4.474209163163323e-06
11108,4.453313977137441e-06
11109,4.5979672904650215e-06
11110,4.639473445422482e-06
11111,4.845910552830901e-06
11112,4.924190761812497e-06
11113,5.168963070900645e-06
11114,5.251712082099402e-06
11115,5.5015752877807245e-06
11116,5.550723017222481e-06
11117,5.765024525317131e-06
11118,5.7445699894742575e-06
11119,5.886430699320044e-06
11120,5.775737918156665e-06
11121,5.82630082135438e-06
11122,5.630940904666204e-06
11123,5.598077223112341e-06
11124,5.34794799023075e-06
11125,5.261933438305277e-06
11126,4.998149051971268e-06
11127,4.897642156720394e-06
11128,4.657275439967634e-06
11129,4.5761662477161735e-06
11130,4.3844074752996676e-06
11131,4.346854439063463e-06
11132,4.216891284158919e-06
11133,4.23759593104478e-06
11134,4.17414412368089e-06
11135,4.2608076000760775e-06
11136,4.262490620021708e-06
11137,4.417990112415282e-06
11138,4.477413312997669e-06
11139,4.696341420640238e-06
11140,4.796972461917903e-06
11141,5.0627404561964795e-06
11142,5.175940259505296e-06
11143,5.45668626728002e-06
11144,5.541646260098787e-06
11145,5.792831871076487e-06
11146,5.806911303807283e-06
11147,5.9839999266841915e-06
11148,5.898434665141394e-06
11149,5.975570275040809e-06
11150,5.7918764468922745e-06
11151,5.77445280214306e-06
11152,5.523294930753764e-06
11153,5.442205292638391e-06
11154,5.167680683371145e-06
11155,5.0636899686651304e-06
11156,4.806280685443198e-06
11157,4.714471288025379e-06
11158,4.500368959270418e-06
11159,4.443788384378422e-06
11160,4.2855203901126515e-06
11161,4.275914761819877e-06
11162,4.174799869360868e-06
11163,4.215318767819554e-06
11164,4.166468443145277e-06
11165,4.254921350366203e-06
11166,4.249399353284389e-06
11167,4.379308393254178e-06
11168,4.404437731864164e-06
11169,4.564524260786129e-06
11170,4.603615707310382e-06
11171,4.776618425239576e-06
11172,4.80895914733992e-06
11173,4.973585419065785e-06
11174,4.9781920097302645e-06
11175,5.112319740874227e-06
11176,5.072909516457003e-06
11177,5.160697583050933e-06
11178,5.07108188685379e-06
11179,5.1066745072603226e-06
11180,4.971966518496629e-06
11181,4.961499143973924e-06
11182,4.797261681233067e-06
11183,4.756806902150856e-06
11184,4.583220288623124e-06
11185,4.532615093921777e-06
11186,4.3690833990694955e-06
11187,4.327796887082513e-06
11188,4.19020079789334e-06
11189,4.175102731096558e-06
11190,4.075488050148124e-06
11191,4.101398189959582e-06
11192,4.04973889089888e-06
11193,4.13165344070876e-06
11194,4.1389139369130135e-06
11195,4.296007318771444e-06
11196,4.3776190068456344e-06
11197,4.635947334463708e-06
11198,4.813700343220262e-06
11199,5.209651135373861e-06
11200,5.511722065421054e-06
11201,6.086602752475301e-06
11202,6.530544851557352e-06
11203,7.3011606218642555e-06
11204,7.84971871325979e-06
11205,8.744633305468597e-06
11206,9.236893674824387e-06
11207,1.0019490218837745e-05
11208,1.015478846966289e-05
11209,1.0468324035173282e-05
11210,9.987709745473694e-06
11211,9.625404345570132e-06
11212,8.590697689214721e-06
11213,7.721432666585315e-06
11214,6.494512490462512e-06
11215,5.500786755874287e-06
11216,4.43101407654467e-06
11217,3.599655428843107e-06
11218,2.833461621776223e-06
11219,2.2582019028050127e-06
11220,1.7808472421165789e-06
11221,1.4342061831484898e-06
11222,1.1696506589942146e-06
11223,9.858403018370154e-07
11224,8.574746743761352e-07
11225,7.75766238803044e-07
11226,7.274172730831197e-07
11227,7.055861601656943e-07
11228,7.035798716970021e-07
11229,7.18482567663159e-07
11230,7.478882935174624e-07
11231,7.928649665700505e-07
11232,8.546509207008057e-07
11233,9.3883863883093e-07
11234,1.0509900221222779e-06
11235,1.2035995951009681e-06
11236,1.408053776685847e-06
11237,1.6898057992875692e-06
11238,2.0659560959757073e-06
11239,2.586259370218613e-06
11240,3.2602449664409505e-06
11241,4.1771763790166005e-06
11242,5.275027433526702e-06
11243,6.695108822896145e-06
11244,8.128095942083746e-06
11245,9.79763444775017e-06
11246,1.092284765036311e-05
11247,1.2001422874163836e-05
11248,1.1914708011317998e-05
11249,1.1720770999090746e-05
11250,1.0454363291501068e-05
11251,9.43269878916908e-06
11252,7.958106834848877e-06
11253,6.991755981289316e-06
11254,5.985031748423353e-06
11255,5.464122295961715e-06
11256,4.99737552672741e-06
11257,4.892193373962073e-06
11258,4.801580416824436e-06
11259,4.975076535629341e-06
11260,5.093782419862691e-06
11261,5.42654288437916e-06
11262,5.631674866890535e-06
11263,6.035131264070515e-06
11264,6.238907644728897e-06
11265,6.648524504271336e-06
11266,6.79003505865694e-06
11267,7.158528660511365e-06
11268,7.197283593995962e-06
11269,7.480290150851943e-06
11270,7.380515853583347e-06
11271,7.514747267123312e-06
11272,7.240610557346372e-06
11273,7.158970220189076e-06
11274,6.701317943225149e-06
11275,6.387928806361742e-06
11276,5.796289769932628e-06
11277,5.323614459484816e-06
11278,4.7002472456370015e-06
11279,4.19585421695956e-06
11280,3.647840458143037e-06
11281,3.2247708077193238e-06
11282,2.8214992653374793e-06
11283,2.542808942962438e-06
11284,2.310318222953356e-06
11285,2.1975884010316804e-06
11286,2.139201114914613e-06
11287,2.202362566094962e-06
11288,2.3248196612257743e-06
11289,2.5887829906423576e-06
11290,2.9178313525335398e-06
11291,3.4327235880482476e-06
11292,4.003881258540787e-06
11293,4.8190286179305986e-06
11294,5.615797363134334e-06
11295,6.68524626235012e-06
11296,7.519026439695153e-06
11297,8.569129022362176e-06
11298,9.034364666149486e-06
11299,9.613393558538519e-06
11300,9.36897959036287e-06
11301,9.245332876162138e-06
11302,8.413821888098028e-06
11303,7.827345143596176e-06
11304,6.855656010884559e-06
11305,6.195246896822937e-06
11306,5.398859684646595e-06
11307,4.862404239247553e-06
11308,4.300086402508896e-06
11309,3.901056516042445e-06
11310,3.5084178762190277e-06
11311,3.200814262527274e-06
11312,2.907768248405773e-06
11313,2.6561524464341346e-06
11314,2.4223913897003513e-06
11315,2.2118629203760065e-06
11316,2.021650061578839e-06
11317,1.8501214071875438e-06
11318,1.6999330227918108e-06
11319,1.5686459846619982e-06
11320,1.458299379919481e-06
11321,1.3685638577953796e-06
11322,1.2991267794859596e-06
11323,1.253083610208705e-06
11324,1.2283612704777624e-06
11325,1.233636908182234e-06
11326,1.2660223092098022e-06
11327,1.3438821042655036e-06
11328,1.4640419294664753e-06
11329,1.6640299236314604e-06
11330,1.9378933302505175e-06
11331,2.361729684707825e-06
11332,2.9103678116371157e-06
11333,3.735149448402808e-06
11334,4.726531187770888e-06
11335,6.163189027574845e-06
11336,7.650914994883351e-06
11337,9.649165804148652e-06
11338,1.1125956916657742e-05
11339,1.2847334801335819e-05
11340,1.312114363827277e-05
11341,1.3328844943316653e-05
11342,1.191812043543905e-05
11343,1.0670476513041649e-05
11344,8.653922122903168e-06
11345,7.135309715522453e-06
11346,5.568070264416747e-06
11347,4.482288204599172e-06
11348,3.5553739508031867e-06
11349,2.9337775231397245e-06
11350,2.451793307045591e-06
11351,2.131842848029919e-06
11352,1.9021529169549467e-06
11353,1.7549253925608355e-06
11354,1.6662667121636332e-06
11355,1.621923956918181e-06
11356,1.623159278096864e-06
11357,1.6526487343071494e-06
11358,1.728190909489058e-06
11359,1.827164965106931e-06
11360,1.983780521186418e-06
11361,2.163739054594771e-06
11362,2.4230605504271807e-06
11363,2.703830432437826e-06
11364,3.094153271376854e-06
11365,3.4907616281998344e-06
11366,4.028820512758102e-06
11367,4.528119916358264e-06
11368,5.193872766540153e-06
11369,5.7434440350334626e-06
11370,6.493028649856569e-06
11371,7.06040646036854e-06
11372,7.93258186604362e-06
11373,8.611070370534435e-06
11374,9.802639397094026e-06
11375,1.0687639587558806e-05
11376,1.2192584108561277e-05
11377,1.2819360563298687e-05
11378,1.3718639820581302e-05
11379,1.300298663409194e-05
11380,1.2095302736270241e-05
11381,9.894879440253135e-06
11382,7.71146824263269e-06
11383,5.369618975237245e-06
11384,3.501016635709675e-06
11385,2.088412657030858e-06
11386,1.2196966281408095e-06
11387,7.96405402070377e-07
11388,7.226748834909813e-07
11389,8.800473096925998e-07
11390,1.1635453347480507e-06
11391,1.4725742403243203e-06
11392,1.7497998214821564e-06
11393,1.935471345859696e-06
11394,2.0343195501482114e-06
11395,2.0507327462837566e-06
11396,2.0287070583435707e-06
11397,2.0344427866803017e-06
11398,2.1070923139632214e-06
11399,2.3535390027973335e-06
11400,2.771261961242999e-06
11401,3.511438535497291e-06
11402,4.472296950552845e-06
11403,5.892847639188403e-06
11404,7.393061423499603e-06
11405,9.367286111228168e-06
11406,1.084441646526102e-05
11407,1.2539388990262523e-05
11408,1.2881328075309284e-05
11409,1.3210074030212127e-05
11410,1.2002044059045147e-05
11411,1.0976551493513398e-05
11412,9.094918823393527e-06
11413,7.6127425927552395e-06
11414,5.934396085649496e-06
11415,4.628678652807139e-06
11416,3.427439423830947e-06
11417,2.510986632842105e-06
11418,1.7809175005822908e-06
11419,1.266950221179286e-06
11420,9.220988204106106e-07
11421,7.266745569722843e-07
11422,6.441266577894567e-07
11423,6.438106083805906e-07
11424,6.954059585950745e-07
11425,7.745286438876064e-07
11426,8.590380957684829e-07
11427,9.37378672460909e-07
11428,9.9528676855698e-07
11429,1.0334719036109163e-06
11430,1.044592295329494e-06
11431,1.037481979437871e-06
11432,1.0104848797709565e-06
11433,9.746891009854153e-07
11434,9.320303320237144e-07
11435,8.915894795791246e-07
11436,8.574140224482107e-07
11437,8.35752132388734e-07
11438,8.337117378687253e-07
11439,8.575192396165221e-07
11440,9.218754257744877e-07
11441,1.0381514812252135e-06
11442,1.2412369869707618e-06
11443,1.5550335774605628e-06
11444,2.0653180854424136e-06
11445,2.805543545036926e-06
11446,3.976715561293531e-06
11447,5.535911441256758e-06
11448,7.883834769017994e-06
11449,1.0463518265169114e-05
11450,1.3892466995457653e-05
11451,1.6159057850018144e-05
11452,1.8425416783429682e-05
11453,1.764840999385342e-05
11454,1.6556641639908776e-05
11455,1.3307944755069911e-05
11456,1.0658438441168983e-05
11457,7.782854481774848e-06
11458,5.722597506974125e-06
11459,4.056458692502929e-06
11460,2.8951294552825857e-06
11461,2.0867737475782633e-06
11462,1.5643137203369406e-06
11463,1.2985788089281414e-06
11464,1.24720338590123e-06
11465,1.4240222299122252e-06
11466,1.8189398360846099e-06
11467,2.491527993697673e-06
11468,3.4065492400259245e-06
11469,4.720225206256146e-06
11470,6.1981281760381535e-06
11471,8.153341696015559e-06
11472,9.798490282264538e-06
11473,1.1704794815159403e-05
11474,1.2361824701656587e-05
11475,1.2896794942207634e-05
11476,1.1761440873669926e-05
11477,1.0619336535455659e-05
11478,8.558550689485855e-06
11479,6.8916729105694685e-06
11480,5.146748662809841e-06
11481,3.8810553633084055e-06
11482,2.8241997824807186e-06
11483,2.1052724150649738e-06
11484,1.577087346049666e-06
11485,1.2398613762343302e-06
11486,1.0208150342805311e-06
11487,9.019277626975963e-07
11488,8.486520073347492e-07
11489,8.493555014865706e-07
11490,8.875542221176147e-07
11491,9.6231565294147e-07
11492,1.0659201734597445e-06
11493,1.2111099749745335e-06
11494,1.3928696489529102e-06
11495,1.643441123633238e-06
11496,1.953669652721146e-06
11497,2.3891675482445862e-06
11498,2.9196337436587783e-06
11499,3.6675189676316222e-06
11500,4.528792032942874e-06
11501,5.714996859751409e-06
11502,6.91730247126543e-06
11503,8.485437319905031e-06
11504,9.705505362944677e-06
11505,1.1190139048267156e-05
11506,1.1760455890907906e-05
11507,1.2510647138697095e-05
11508,1.2054636499669868e-05
11509,1.1890720998053439e-05
11510,1.0727239896368701e-05
11511,9.890928595268633e-06
11512,8.45522117742803e-06
11513,7.19493300493923e-06
11514,5.731956207455369e-06
11515,4.395805262902286e-06
11516,3.171737489537918e-06
11517,2.1608209408441326e-06
11518,1.4080226264923112e-06
11519,9.145525154963252e-07
11520,6.731760322509217e-07
11521,6.496049991255859e-07
11522,8.077763027358742e-07
11523,1.1068204912589863e-06
11524,1.5223935179164982e-06
11525,2.0085992673557485e-06
11526,2.583558398328023e-06
11527,3.1747586035635322e-06
11528,3.879407358908793e-06
11529,4.549596269498579e-06
11530,5.405669071478769e-06
11531,6.138155185908545e-06
11532,7.1252670750254765e-06
11533,7.792045835230965e-06
11534,8.699123100086581e-06
11535,8.993802111945115e-06
11536,9.445682735531591e-06
11537,9.10637481865706e-06
11538,8.907430128601845e-06
11539,8.04609135229839e-06
11540,7.410406851704465e-06
11541,6.417329132091254e-06
11542,5.715544830309227e-06
11543,4.894303856417537e-06
11544,4.346882633399218e-06
11545,3.7848790270800237e-06
11546,3.4369352306384826e-06
11547,3.1009856229502475e-06
11548,2.924740329035558e-06
11549,2.7609121389104985e-06
11550,2.7255662189418217e-06
11551,2.6995580810762476e-06
11552,2.7941584903601324e-06
11553,2.8956608275620965e-06
11554,3.1295335247705225e-06
11555,3.3633134535193676e-06
11556,3.754326598937041e-06
11557,4.119315235584509e-06
11558,4.6686213863722514e-06
11559,5.125089955981821e-06
11560,5.777014848717954e-06
11561,6.20984837951255e-06
11562,6.81806477587088e-06
11563,7.04474496160401e-06
11564,7.411300430248957e-06
11565,7.28596296539763e-06
11566,7.2920483944471925e-06
11567,6.829927770013455e-06
11568,6.530387508973945e-06
11569,5.898256858927198e-06
11570,5.459919520944823e-06
11571,4.839291250391398e-06
11572,4.410916972119594e-06
11573,3.9035530789988115e-06
11574,3.5600369301391765e-06
11575,3.1893650884740055e-06
11576,2.9479513159458293e-06
11577,2.7007804419554304e-06
11578,2.555818355176598e-06
11579,2.4127068627421977e-06
11580,2.3572206373501103e-06
11581,2.307157728864695e-06
11582,2.342868128835107e-06
11583,2.3869527012720937e-06
11584,2.5277693112002453e-06
11585,2.679541466932278e-06
11586,2.95283280138392e-06
11587,3.234152018194436e-06
11588,3.673786977742566e-06
11589,4.099018042325042e-06
11590,4.72182819066802e-06
11591,5.2598779802792706e-06
11592,6.013460733811371e-06
11593,6.535586180689279e-06
11594,7.2466082201572135e-06
11595,7.5248094617563765e-06
11596,7.937309419503435e-06
11597,7.777552127663512e-06
11598,7.736088264209684e-06
11599,7.163627742556855e-06
11600,6.756632501492277e-06
11601,6.003332600812428e-06
11602,5.467275968840113e-06
11603,4.772141437570099e-06
11604,4.299276042729616e-06
11605,3.7778536352561787e-06
11606,3.4444042285031173e-06
11607,3.106094254690106e-06
11608,2.9129787435522303e-06
11609,2.725414560700301e-06
11610,2.649730504344916e-06
11611,2.5790745894482825e-06
11612,2.600819470899296e-06
11613,2.6249681468470953e-06
11614,2.7336568564351182e-06
11615,2.84067255051923e-06
11616,3.0312621674966067e-06
11617,3.211276634829119e-06
11618,3.4746954042930156e-06
11619,3.7080908441566862e-06
11620,4.018402250949293e-06
11621,4.26265069108922e-06
11622,4.5647188926523086e-06
11623,4.74953958473634e-06
11624,4.964240361005068e-06
11625,5.012451765651349e-06
11626,5.070724455435993e-06
11627,4.942346549796639e-06
11628,4.832430022361223e-06
11629,4.561772129818564e-06
11630,4.349034497863613e-06
11631,4.033775439893361e-06
11632,3.828694389085285e-06
11633,3.585225385904778e-06
11634,3.5021198527829256e-06
11635,3.4343127026659204e-06
11636,3.579059921321459e-06
11637,3.782205567404162e-06
11638,4.268243174010422e-06
11639,4.834883384319255e-06
11640,5.771099040430272e-06
11641,6.720583314745454e-06
11642,8.067592716543004e-06
11643,9.115155990002677e-06
11644,1.0389582712377887e-05
11645,1.0793949513754342e-05
11646,1.114675251301378e-05
11647,1.0346735507482663e-05
11648,9.533394404570572e-06
11649,8.005856216186658e-06
11650,6.775116162316408e-06
11651,5.425611107057193e-06
11652,4.509366590355057e-06
11653,3.7182394407864194e-06
11654,3.2716441182856215e-06
11655,2.940233798653935e-06
11656,2.8061188004357973e-06
11657,2.7186920306121465e-06
11658,2.710730768740177e-06
11659,2.6984616852132604e-06
11660,2.6906125185632845e-06
11661,2.654033551152679e-06
11662,2.58530099017662e-06
11663,2.485340246494161e-06
11664,2.3491502361139283e-06
11665,2.194300350311096e-06
11666,2.0213685729686404e-06
11667,1.8491780338081298e-06
11668,1.6853126680871355e-06
11669,1.5402528106278623e-06
11670,1.427224788130843e-06
11671,1.3466433301800862e-06
11672,1.317532792199927e-06
11673,1.3332135040400317e-06
11674,1.4230574834073195e-06
11675,1.5755105096104671e-06
11676,1.8418827494315337e-06
11677,2.2000394892529584e-06
11678,2.745183564911713e-06
11679,3.4129955110984156e-06
11680,4.376720880827634e-06
11681,5.432530542748282e-06
11682,6.874748123664176e-06
11683,8.155914656526875e-06
11684,9.756891813594848e-06
11685,1.060692738974467e-05
11686,1.153976973000681e-05
11687,1.1212125173187815e-05
11688,1.0917886356764939e-05
11689,9.575887816026807e-06
11690,8.503090612066444e-06
11691,7.0099622462294064e-06
11692,5.912500455451664e-06
11693,4.796450411959086e-06
11694,3.992056008428335e-06
11695,3.2826369533722755e-06
11696,2.754426077444805e-06
11697,2.319309942322434e-06
11698,1.9786443772318307e-06
11699,1.7095800330935162e-06
11700,1.4922343325451948e-06
11701,1.3291991081132437e-06
11702,1.1999566140730167e-06
11703,1.1147388931931346e-06
11704,1.0580845355434576e-06
11705,1.0431532473376137e-06
11706,1.060490149029647e-06
11707,1.1281983915978344e-06
11708,1.2423175803633058e-06
11709,1.433919010196405e-06
11710,1.7009313069138443e-06
11711,2.10339544537419e-06
11712,2.6253605938109104e-06
11713,3.3844460176624125e-06
11714,4.292317044019001e-06
11715,5.566562322201207e-06
11716,6.88503541823593e-06
11717,8.618512765679043e-06
11718,9.937559298123233e-06
11719,1.1489064490888268e-05
11720,1.1885859748872463e-05
11721,1.2294494808884338e-05
11722,1.1310015906929038e-05
11723,1.0472745998413302e-05
11724,8.827222700347193e-06
11725,7.552753231720999e-06
11726,6.1071750678820536e-06
11727,5.010876975575229e-06
11728,4.0110157897288445e-06
11729,3.2285374800267164e-06
11730,2.5886115508910734e-06
11731,2.0771337858604966e-06
11732,1.6954303418970085e-06
11733,1.4087148656471982e-06
11734,1.2340774446784053e-06
11735,1.1464933322713478e-06
11736,1.1629682603597757e-06
11737,1.2707855603366625e-06
11738,1.4968335335652228e-06
11739,1.8291182186658261e-06
11740,2.326985850231722e-06
11741,2.944931111414917e-06
11742,3.8084226616774686e-06
11743,4.751804681291105e-06
11744,6.00850489718141e-06
11745,7.1270333137363195e-06
11746,8.51005006552441e-06
11747,9.281139682570938e-06
11748,1.0130976988875773e-05
11749,9.94035872281529e-06
11750,9.750888239068445e-06
11751,8.63686636876082e-06
11752,7.682348041271325e-06
11753,6.3099482758843806e-06
11754,5.2396153478184715e-06
11755,4.134344635531306e-06
11756,3.3192486625921447e-06
11757,2.600872221591999e-06
11758,2.0878223949694075e-06
11759,1.6739409147703554e-06
11760,1.3867519328414346e-06
11761,1.1699091828631936e-06
11762,1.0284679774485994e-06
11763,9.325844416707696e-07
11764,8.847139270073967e-07
11765,8.694838129486016e-07
11766,8.934355264500482e-07
11767,9.49652985582361e-07
11768,1.053417349794472e-06
11769,1.2028957598886336e-06
11770,1.4300522934718174e-06
11771,1.7331083199678687e-06
11772,2.1761911739304196e-06
11773,2.738982175287674e-06
11774,3.5437401493254583e-06
11775,4.4878288463223726e-06
11776,5.7838337852444965e-06
11777,7.082278443704126e-06
11778,8.723654900677502e-06
11779,9.881830919766799e-06
11780,1.1152933439007029e-05
11781,1.1307234672131017e-05
11782,1.1442385584814474e-05
11783,1.0432474482513499e-05
11784,9.685635632195044e-06
11785,8.377547601412516e-06
11786,7.579824796266621e-06
11787,6.6617317315831315e-06
11788,6.1307546275202185e-06
11789,5.576354851655196e-06
11790,5.123305982124293e-06
11791,4.6246104830061086e-06
11792,4.052606072946219e-06
11793,3.4619090456544654e-06
11794,2.814290155583876e-06
11795,2.229946176157682e-06
11796,1.6927842807490379e-06
11797,1.2831071671826066e-06
11798,9.916211638483219e-07
11799,8.416242280873121e-07
11800,8.202875960705569e-07
11801,9.25373910831695e-07
11802,1.1380525393178686e-06
11803,1.4641897223555134e-06
11804,1.8720332946031704e-06
11805,2.4022417619562475e-06
11806,2.9856835226382827e-06
11807,3.7262866499077063e-06
11808,4.461014668777352e-06
11809,5.394619165599579e-06
11810,6.1802766140317544e-06
11811,7.172804544097744e-06
11812,7.76568595028948e-06
11813,8.516619345755316e-06
11814,8.60737964103464e-06
11815,8.811341103864834e-06
11816,8.296995474665891e-06
11817,7.936550900922157e-06
11818,7.058556093397783e-06
11819,6.41841961623868e-06
11820,5.533042894967366e-06
11821,4.918305876344675e-06
11822,4.236227596265962e-06
11823,3.7942734252283117e-06
11824,3.356131855980493e-06
11825,3.106469193880912e-06
11826,2.874948677344946e-06
11827,2.790379085126915e-06
11828,2.7199689611734357e-06
11829,2.7762926038121805e-06
11830,2.8392996682669036e-06
11831,3.0287171739473706e-06
11832,3.2137536436493974e-06
11833,3.5390562516113278e-06
11834,3.835729330603499e-06
11835,4.292078301659785e-06
11836,4.6666186790389474e-06
11837,5.211884854361415e-06
11838,5.579432126978645e-06
11839,6.108334218879463e-06
11840,6.332486918836366e-06
11841,6.6946554397873115e-06
11842,6.6516622609924525e-06
11843,6.73658132654964e-06
11844,6.408309673133772e-06
11845,6.224900971574243e-06
11846,5.717220119549893e-06
11847,5.376954050007043e-06
11848,4.835667823499534e-06
11849,4.462633114599157e-06
11850,3.987259333371185e-06
11851,3.6572660064848606e-06
11852,3.2836264836078044e-06
11853,3.0245321340771625e-06
11854,2.750562316577998e-06
11855,2.5639019440859556e-06
11856,2.3746404167468427e-06
11857,2.2543313207279425e-06
11858,2.1363437099353177e-06
11859,2.0776528799615335e-06
11860,2.0233981103956467e-06
11861,2.027156369877048e-06
11862,2.037466629190021e-06
11863,2.1133678274054546e-06
11864,2.1987805212120293e-06
11865,2.367535671510268e-06
11866,2.5485921923973365e-06
11867,2.8431768441805616e-06
11868,3.1471702186536277e-06
11869,3.6065523545403266e-06
11870,4.052454187331023e-06
11871,4.698886186815798e-06
11872,5.260029865894467e-06
11873,6.045634563633939e-06
11874,6.5937733779719565e-06
11875,7.341254331549862e-06
11876,7.637761882506311e-06
11877,8.073873686953448e-06
11878,7.907474355306476e-06
11879,7.857697710278444e-06
11880,7.248986094054999e-06
11881,6.803622909501428e-06
11882,6.000687335472321e-06
11883,5.41611916560214e-06
11884,4.676446224038955e-06
11885,4.161132437729975e-06
11886,3.607386133808177e-06
11887,3.2427319638372865e-06
11888,2.8828969789174153e-06
11889,2.6684601834858768e-06
11890,2.4671719529578695e-06
11891,2.3791355943103554e-06
11892,2.302438815604546e-06
11893,2.323745320609305e-06
11894,2.354125172132626e-06
11895,2.4839466732373694e-06
11896,2.621254452606081e-06
11897,2.873973926398321e-06
11898,3.1280319490178954e-06
11899,3.5243820093455724e-06
11900,3.898835529980715e-06
11901,4.443012130650459e-06
11902,4.903157787339296e-06
11903,5.541703103517648e-06
11904,5.9756048358394764e-06
11905,6.5606095631665085e-06
11906,6.782725904486142e-06
11907,7.108287718438078e-06
11908,6.96365123076248e-06
11909,6.906566341058351e-06
11910,6.412093625840498e-06
11911,6.043706434866181e-06
11912,5.3870353440288454e-06
11913,4.908100436296081e-06
11914,4.299862212064909e-06
11915,3.889743766194442e-06
11916,3.4525901355664246e-06
11917,3.2041536996985087e-06
11918,2.9787261155433953e-06
11919,2.9280629405548098e-06
11920,2.9286106837389525e-06
11921,3.104132474618382e-06
11922,3.3601268114580307e-06
11923,3.803325853368733e-06
11924,4.352754331193864e-06
11925,5.066918674856424e-06
11926,5.8521486607787665e-06
11927,6.637168553424999e-06
11928,7.3047253863478545e-06
11929,7.6238170549913775e-06
11930,7.562807240901748e-06
11931,6.943128937564325e-06
11932,5.973699444439262e-06
11933,4.729731699626427e-06
11934,3.496521230772487e-06
11935,2.429757842037361e-06
11936,1.6404442249040585e-06
11937,1.1816116511909058e-06
11938,1.0182967571381596e-06
11939,1.1199299478903413e-06
11940,1.4093876643528347e-06
11941,1.8456991028870107e-06
11942,2.3285465431399643e-06
11943,2.8617778298212215e-06
11944,3.3042692848539446e-06
11945,3.746457878150977e-06
11946,4.019469088234473e-06
11947,4.3231384552200325e-06
11948,4.491433173825499e-06
11949,4.817443823412759e-06
11950,5.1080564844596665e-06
11951,5.71572581975488e-06
11952,6.288678832788719e-06
11953,7.234451004478615e-06
11954,7.882255886215717e-06
11955,8.73851513460977e-06
11956,8.857083230395801e-06
11957,8.93073774932418e-06
11958,8.1315092756995e-06
11959,7.291181645996403e-06
11960,5.97350845055189e-06
11961,4.844328486797167e-06
11962,3.7044517284812173e-06
11963,2.8798785933759063e-06
11964,2.2324832116282778e-06
11965,1.8532015246819356e-06
11966,1.6299401295327698e-06
11967,1.567104845889844e-06
11968,1.578742512720055e-06
11969,1.6636214468235266e-06
11970,1.7560172409503139e-06
11971,1.8800619727699086e-06
11972,1.983627271329169e-06
11973,2.1232854123809375e-06
11974,2.253329284940264e-06
11975,2.4609653337392956e-06
11976,2.692270754778292e-06
11977,3.068614205403719e-06
11978,3.494010798021918e-06
11979,4.141666522627929e-06
11980,4.804587661055848e-06
11981,5.740535925724544e-06
11982,6.523035153804813e-06
11983,7.541309969383292e-06
11984,8.078005521383602e-06
11985,8.71802149049472e-06
11986,8.581706424592994e-06
11987,8.465883183816914e-06
11988,7.622047633049078e-06
11989,6.878501153551042e-06
11990,5.756395239586709e-06
11991,4.857934982283041e-06
11992,3.90155673812842e-06
11993,3.2016321256378433e-06
11994,2.5830877348198555e-06
11995,2.1748307972302428e-06
11996,1.86342390406935e-06
11997,1.6978299299807986e-06
11998,1.6021886040107347e-06
11999,1.6038757166825235e-06
12000,1.6479973510286072e-06
12001,1.7667214251559926e-06
12002,1.911623485284508e-06
12003,2.133577709173551e-06
12004,2.3762240743963048e-06
12005,2.7211763153900392e-06
12006,3.0834346489427844e-06
12007,3.5906007269659312e-06
12008,4.092208655492868e-06
12009,4.7853800424491055e-06
12010,5.394251274992712e-06
12011,6.219032457011053e-06
12012,6.787460733903572e-06
12013,7.546677807113156e-06
12014,7.81352173362393e-06
12015,8.214558874897193e-06
12016,7.971651939442381e-06
12017,7.836346412659623e-06
12018,7.127528533601435e-06
12019,6.550230864377227e-06
12020,5.635205980070168e-06
12021,4.882606845058035e-06
12022,4.024026566185057e-06
12023,3.3331289159832522e-06
12024,2.6707493816502392e-06
12025,2.156970140276826e-06
12026,1.7179513633891474e-06
12027,1.3959290754428366e-06
12028,1.1473420045149396e-06
12029,9.828831935010385e-07
12030,8.748941127123544e-07
12031,8.251805638792575e-07
12032,8.162942322087474e-07
12033,8.513628699802211e-07
12034,9.195958909913315e-07
12035,1.0316312000213657e-06
12036,1.1796475973824272e-06
12037,1.388439613947412e-06
12038,1.6465297676404589e-06
12039,2.003249164772569e-06
12040,2.4285436666104943e-06
12041,3.0141081879264675e-06
12042,3.6736241781909484e-06
12043,4.567842552205548e-06
12044,5.4700813052477315e-06
12045,6.649478564213496e-06
12046,7.606042345287278e-06
12047,8.79017807164928e-06
12048,9.356127520732116e-06
12049,1.0056927749246825e-05
12050,9.852846233115997e-06
12051,9.803367902350146e-06
12052,8.951143172453158e-06
12053,8.347792572749313e-06
12054,7.282331353053451e-06
12055,6.4555861172266304e-06
12056,5.456225153466221e-06
12057,4.605221874953713e-06
12058,3.7497795801755274e-06
12059,2.9917264328105375e-06
12060,2.3183190478448523e-06
12061,1.7458535239711637e-06
12062,1.2928389878652524e-06
12063,9.490049137639289e-07
12064,7.188621111708926e-07
12065,5.867493655387079e-07
12066,5.442143446998671e-07
12067,5.778812237622333e-07
12068,6.795296485506697e-07
12069,8.38832988847571e-07
12070,1.059574174178124e-06
12071,1.3300527825776953e-06
12072,1.6784792933322024e-06
12073,2.078844772768207e-06
12074,2.6015554794867057e-06
12075,3.1741658403916517e-06
12076,3.9365372686006594e-06
12077,4.70256009066361e-06
12078,5.719045475416351e-06
12079,6.576981377293123e-06
12080,7.678428119106684e-06
12081,8.304134098580107e-06
12082,9.075305570149794e-06
12083,9.054171641764697e-06
12084,9.107413461606484e-06
12085,8.357457772945054e-06
12086,7.753270438115578e-06
12087,6.658668098680209e-06
12088,5.822881121275714e-06
12089,4.827431439480279e-06
12090,4.113473551115021e-06
12091,3.4089325708919205e-06
12092,2.9323266517167212e-06
12093,2.509332716726931e-06
12094,2.248267492177547e-06
12095,2.0369297999422997e-06
12096,1.9417352632444818e-06
12097,1.8856119368138025e-06
12098,1.9258902739238692e-06
12099,2.0005973055958748e-06
12100,2.1757018657808658e-06
12101,2.3860748115112074e-06
12102,2.720994189076009e-06
12103,3.087900950049516e-06
12104,3.616027470343397e-06
12105,4.1441926441621035e-06
12106,4.862645255343523e-06
12107,5.479188985191286e-06
12108,6.273851340665715e-06
12109,6.771714652131777e-06
12110,7.388141057163011e-06
12111,7.49816126699443e-06
12112,7.688279765716288e-06
12113,7.315703442145605e-06
12114,7.075810572132468e-06
12115,6.418474640668137e-06
12116,5.981878985039657e-06
12117,5.329768100637011e-06
12118,4.921238542010542e-06
12119,4.4294392864685506e-06
12120,4.128413365833694e-06
12121,3.7970962694089394e-06
12122,3.5742175441555446e-06
12123,3.333602762722876e-06
12124,3.1311319617088884e-06
12125,2.9145207918190863e-06
12126,2.696236606425373e-06
12127,2.4711287096579326e-06
12128,2.234456815131125e-06
12129,2.003185500143445e-06
12130,1.7695833776087966e-06
12131,1.5539336573056062e-06
12132,1.3503024547389941e-06
12133,1.1724036994564813e-06
12134,1.0163468004975584e-06
12135,8.875423418430728e-07
12136,7.833160680092988e-07
12137,7.033500537545478e-07
12138,6.462032615672797e-07
12139,6.094185209803982e-07
12140,5.93376967117365e-07
12141,5.962469913356472e-07
12142,6.216667998160119e-07
12143,6.701181405333045e-07
12144,7.515906190747046e-07
12145,8.699063869244128e-07
12146,1.0484840231583803e-06
12147,1.294380808758433e-06
12148,1.659329655012698e-06
12149,2.144849759133649e-06
12150,2.8602505608432693e-06
12151,3.7570116546703503e-06
12152,5.046654678153573e-06
12153,6.473736448242562e-06
12154,8.397861165576614e-06
12155,1.0013929568231106e-05
12156,1.1927079867746215e-05
12157,1.2599461115314625e-05
12158,1.3214099453762174e-05
12159,1.2156374395999592e-05
12160,1.1191781595698558e-05
12161,9.287058674090076e-06
12162,7.841204933356494e-06
12163,6.276754902501125e-06
12164,5.1638585318869445e-06
12165,4.218758476781659e-06
12166,3.5225193641963415e-06
12167,2.9992750114615774e-06
12168,2.58193836089049e-06
12169,2.3032382614474045e-06
12170,2.0867578314209823e-06
12171,1.9991448425571434e-06
12172,1.98526936401322e-06
12173,2.118127667927183e-06
12174,2.352084948142874e-06
12175,2.7771379791374784e-06
12176,3.311668933747569e-06
12177,4.095816166227451e-06
12178,4.915470981359249e-06
12179,6.006135208735941e-06
12180,6.882166417199187e-06
12181,7.93788603914436e-06
12182,8.36887465993641e-06
12183,8.817552043183241e-06
12184,8.396275006816722e-06
12185,7.9656592788524e-06
12186,6.8780550463998225e-06
12187,5.921161573496647e-06
12188,4.734645699500106e-06
12189,3.7865650028834352e-06
12190,2.8843771815445507e-06
12191,2.2143058231449686e-06
12192,1.6677106486895354e-06
12193,1.2904124560009222e-06
12194,1.019699766402482e-06
12195,8.545030141249299e-07
12196,7.586443189211423e-07
12197,7.229731977531628e-07
12198,7.269275670296338e-07
12199,7.659984930796782e-07
12200,8.279694725388254e-07
12201,9.166886911771144e-07
12202,1.022685864882078e-06
12203,1.160591750704043e-06
12204,1.3190900745030376e-06
12205,1.5278922091965796e-06
12206,1.7677448340691626e-06
12207,2.0914021661155857e-06
12208,2.4597468382125953e-06
12209,2.962123062388855e-06
12210,3.51258972841606e-06
12211,4.259792603988899e-06
12212,5.0134431148762815e-06
12213,6.0168072195665445e-06
12214,6.878066415083595e-06
12215,7.995640771696344e-06
12216,8.679884558659978e-06
12217,9.57871088758111e-06
12218,9.721459719003178e-06
12219,1.0050111086457036e-05
12220,9.510489690001123e-06
12221,9.152225175057538e-06
12222,8.115815944620408e-06
12223,7.22655886420398e-06
12224,6.0027127801731694e-06
12225,4.901237389276503e-06
12226,3.7706322473241016e-06
12227,2.793685325741535e-06
12228,1.9611934476415627e-06
12229,1.3159774425730575e-06
12230,8.567068334741634e-07
12231,5.697943947780004e-07
12232,4.3334910060366383e-07
12233,4.192955600501591e-07
12234,5.002245870855404e-07
12235,6.507135594802094e-07
12236,8.522148391421069e-07
12237,1.0850470744117047e-06
12238,1.3481178484653356e-06
12239,1.6229789707722375e-06
12240,1.9370827430975623e-06
12241,2.2609237930737436e-06
12242,2.6666953090170864e-06
12243,3.088155381192337e-06
12244,3.664051973828464e-06
12245,4.2424990169820376e-06
12246,5.055152541899588e-06
12247,5.782973403256619e-06
12248,6.780189778510248e-06
12249,7.4674653660622425e-06
12250,8.361743311979808e-06
12251,8.626213457318954e-06
12252,8.989516572910361e-06
12253,8.557633918826468e-06
12254,8.220703421102371e-06
12255,7.263600309670437e-06
12256,6.507049874926452e-06
12257,5.464779860631097e-06
12258,4.6889081204426475e-06
12259,3.8608723116340116e-06
12260,3.272590220149141e-06
12261,2.7195703751203837e-06
12262,2.3397656150336843e-06
12263,2.006670229093288e-06
12264,1.7885816987472936e-06
12265,1.607241756573785e-06
12266,1.5049423609525547e-06
12267,1.4307429410109762e-06
12268,1.4199301858752733e-06
12269,1.4346562693390297e-06
12270,1.5135918829400907e-06
12271,1.6220092220464721e-06
12272,1.8112204998033121e-06
12273,2.0386553387652384e-06
12274,2.380556907155551e-06
12275,2.766205852822168e-06
12276,3.3138878734462196e-06
12277,3.883834324369673e-06
12278,4.660019840230234e-06
12279,5.362297088140622e-06
12280,6.2723547671339475e-06
12281,6.894359103171155e-06
12282,7.658032700419426e-06
12283,7.866710802773014e-06
12284,8.147549124259967e-06
12285,7.761991582810879e-06
12286,7.4792969826376066e-06
12287,6.687107088509947e-06
12288,6.094285708968528e-06
12289,5.25657924299594e-06
12290,4.660732429329073e-06
12291,4.005146820418304e-06
12292,3.5524676604836714e-06
12293,3.1157690045802156e-06
12294,2.8114488941355376e-06
12295,2.538841499699629e-06
12296,2.337539626751095e-06
12297,2.1645053038810147e-06
12298,2.0221668819431216e-06
12299,1.902141320897499e-06
12300,1.7901885485116509e-06
12301,1.6964331734925508e-06
12302,1.6000958567019552e-06
12303,1.5201489986793604e-06
12304,1.4344370811159024e-06
12305,1.3647805872096797e-06
12306,1.2900766250822926e-06
12307,1.231989131156297e-06
12308,1.171581288872403e-06
12309,1.1292397630313644e-06
12310,1.0882877177209593e-06
12311,1.0681125104383682e-06
12312,1.05438198261254e-06
12313,1.0670624988051713e-06
12314,1.0942128483293345e-06
12315,1.1597551292652497e-06
12316,1.2541338492155774e-06
12317,1.41192970204429e-06
12318,1.6243398022197653e-06
12319,1.9497140328894602e-06
12320,2.370756192249246e-06
12321,2.9938883017166518e-06
12322,3.7548838918155525e-06
12323,4.846947831538273e-06
12324,6.038405899744248e-06
12325,7.660648407181725e-06
12326,9.058447176357731e-06
12327,1.079638059309218e-05
12328,1.1596307558647823e-05
12329,1.2481468729674816e-05
12330,1.1908515261893626e-05
12331,1.1395538422220852e-05
12332,9.78967273113085e-06
12333,8.435080417257268e-06
12334,6.729053893650416e-06
12335,5.326880454958882e-06
12336,4.010986231151037e-06
12337,2.9467817057593493e-06
12338,2.0998652416892583e-06
12339,1.4654467577202013e-06
12340,1.049053821589041e-06
12341,8.205421409002156e-07
12342,7.760845619486645e-07
12343,8.923038876673672e-07
12344,1.1665515557979234e-06
12345,1.5712837466708152e-06
12346,2.1346891116991173e-06
12347,2.784537173283752e-06
12348,3.6133728826825973e-06
12349,4.428729880601168e-06
12350,5.427410997072002e-06
12351,6.2030467233853415e-06
12352,7.109740181476809e-06
12353,7.5027801358373836e-06
12354,7.947925041662529e-06
12355,7.70478345657466e-06
12356,7.5158018262300175e-06
12357,6.754586138413288e-06
12358,6.144858161860611e-06
12359,5.246631644695299e-06
12360,4.576813807943836e-06
12361,3.84014674637001e-06
12362,3.327919330331497e-06
12363,2.842149569914909e-06
12364,2.5322981400677236e-06
12365,2.264966951770475e-06
12366,2.124112143064849e-06
12367,2.016126245507621e-06
12368,2.0029824554512743e-06
12369,2.011250217037741e-06
12370,2.102181269947323e-06
12371,2.2067692952987272e-06
12372,2.3980271635082318e-06
12373,2.595464820842608e-06
12374,2.894631052186014e-06
12375,3.18372190122318e-06
12376,3.5937773645855486e-06
12377,3.955063675675774e-06
12378,4.451047061593272e-06
12379,4.823488325200742e-06
12380,5.330090971256141e-06
12381,5.606847480521537e-06
12382,6.0072825363022275e-06
12383,6.077587386243977e-06
12384,6.267834123718785e-06
12385,6.087112069508294e-06
12386,6.037917955836747e-06
12387,5.656992016156437e-06
12388,5.419567060016561e-06
12389,4.941616680298466e-06
12390,4.60070577901206e-06
12391,4.116409854759695e-06
12392,3.7449312912940513e-06
12393,3.3056553547794465e-06
12394,2.9521754640882136e-06
12395,2.580246928118868e-06
12396,2.274270400448586e-06
12397,1.9775752662098967e-06
12398,1.7345480500807753e-06
12399,1.513319830337423e-06
12400,1.33770640786679e-06
12401,1.1871346714542597e-06
12402,1.0759941915239324e-06
12403,9.888223075904534e-07
12404,9.368197879666695e-07
12405,9.075025673155324e-07
12406,9.1336869445513e-07
12407,9.439246468900819e-07
12408,1.0172303746003308e-06
12409,1.1232450560783036e-06
12410,1.2918858374177944e-06
12411,1.5091553677848424e-06
12412,1.8281950815435266e-06
12413,2.2182521206559613e-06
12414,2.7744606541091343e-06
12415,3.4125018828490283e-06
12416,4.296577117202105e-06
12417,5.200870873522945e-06
12418,6.393262083292939e-06
12419,7.362757060036529e-06
12420,8.539443115296308e-06
12421,9.058416253537871e-06
12422,9.62559806794161e-06
12423,9.244619832315948e-06
12424,8.913674719224218e-06
12425,7.837471457605716e-06
12426,6.9894908847345505e-06
12427,5.84353756494238e-06
12428,5.022355253458954e-06
12429,4.1947837416955736e-06
12430,3.6336618904897477e-06
12431,3.154989371978445e-06
12432,2.8316621865087654e-06
12433,2.587596554803895e-06
12434,2.4078026399365626e-06
12435,2.2855549559608335e-06
12436,2.1718121843150584e-06
12437,2.09922995964007e-06
12438,2.0091174519620836e-06
12439,1.953960463652038e-06
12440,1.8778665662466665e-06
12441,1.841482458075916e-06
12442,1.7976069557334995e-06
12443,1.808579554563039e-06
12444,1.8356781765760388e-06
12445,1.9442848042672267e-06
12446,2.0964293980796356e-06
12447,2.3706247702648398e-06
12448,2.709255340960226e-06
12449,3.225693262720597e-06
12450,3.7962759051879402e-06
12451,4.601993168762419e-06
12452,5.365207471186295e-06
12453,6.377406862156931e-06
12454,7.099594768078532e-06
12455,7.989492587512359e-06
12456,8.24731159809744e-06
12457,8.550249731342774e-06
12458,8.065350812103134e-06
12459,7.612497029185761e-06
12460,6.586516974493861e-06
12461,5.6938702073239256e-06
12462,4.594070560415275e-06
12463,3.703934908116935e-06
12464,2.8464733077271376e-06
12465,2.192706006098888e-06
12466,1.647259523451794e-06
12467,1.2553372243928607e-06
12468,9.626076007407391e-07
12469,7.693872703384841e-07
12470,6.440360493797925e-07
12471,5.7710298051461e-07
12472,5.50503443719208e-07
12473,5.569241920966306e-07
12474,5.863003593731264e-07
12475,6.366819320646755e-07
12476,7.021930059636361e-07
12477,7.87652993494703e-07
12478,8.882041697688692e-07
12479,1.0174370572713087e-06
12480,1.168525841421797e-06
12481,1.3681114978680853e-06
12482,1.602667907718569e-06
12483,1.9202830117137637e-06
12484,2.290038764840574e-06
12485,2.795487489493098e-06
12486,3.3619426176301204e-06
12487,4.130977231397992e-06
12488,4.924281711282674e-06
12489,5.976340617053211e-06
12490,6.900555945321685e-06
12491,8.087991773209069e-06
12492,8.837991117616184e-06
12493,9.80906406766735e-06
12494,9.999159374274313e-06
12495,1.0396453944849782e-05
12496,9.886748557619285e-06
12497,9.583312930772081e-06
12498,8.548401638108771e-06
12499,7.646242920600343e-06
12500,6.35613241684041e-06
12501,5.148905984242447e-06
12502,3.899478087987518e-06
12503,2.7974879230896477e-06
12504,1.8737907794275088e-06
12505,1.1729546258720802e-06
12506,7.083463060553186e-07
12507,4.613603152847645e-07
12508,4.049915105497348e-07
12509,5.020887670070806e-07
12510,7.168983984229271e-07
12511,1.011345489132509e-06
12512,1.3658947182193515e-06
12513,1.740693505780655e-06
12514,2.1514922536880476e-06
12515,2.5437198019062635e-06
12516,2.9914990591350943e-06
12517,3.399294882910908e-06
12518,3.9217775338329375e-06
12519,4.3766376620624214e-06
12520,5.0121211643272545e-06
12521,5.502221029018983e-06
12522,6.1969026319275144e-06
12523,6.591367309738416e-06
12524,7.150038982217666e-06
12525,7.229416951304302e-06
12526,7.415088475681841e-06
12527,7.05461479810765e-06
12528,6.800885330449091e-06
12529,6.11648420090205e-06
12530,5.593159585259855e-06
12531,4.8390074880444445e-06
12532,4.28225166615448e-06
12533,3.6486858334683347e-06
12534,3.1987983675207943e-06
12535,2.744339781202143e-06
12536,2.4322259832842974e-06
12537,2.135780505341245e-06
12538,1.9411652374401456e-06
12539,1.7632452227189788e-06
12540,1.6598573893134017e-06
12541,1.5708375258327578e-06
12542,1.5429131963173859e-06
12543,1.5286025245586643e-06
12544,1.5735415672679665e-06
12545,1.6338941577487276e-06
12546,1.7625179680180736e-06
12547,1.9097888070973568e-06
12548,2.144581458196626e-06
12549,2.3983743631106336e-06
12550,2.7685023269441444e-06
12551,3.1441245482710656e-06
12552,3.667585133371176e-06
12553,4.147695563005982e-06
12554,4.792981144419173e-06
12555,5.28594773641089e-06
12556,5.928916834818665e-06
12557,6.256318556552287e-06
12558,6.691986527584959e-06
12559,6.671863957308233e-06
12560,6.738106549164513e-06
12561,6.33820855000522e-06
12562,6.053290235286113e-06
12563,5.428951226349454e-06
12564,4.962834282196127e-06
12565,4.322207587392768e-06
12566,3.850276698358357e-06
12567,3.3207522847078508e-06
12568,2.9338991680560866e-06
12569,2.5454999104113085e-06
12570,2.260639803353115e-06
12571,1.9926405911974143e-06
12572,1.7941988517122809e-06
12573,1.614884240552783e-06
12574,1.4813579127803678e-06
12575,1.3642567182614584e-06
12576,1.2783535794369527e-06
12577,1.2057113281116472e-06
12578,1.1563132602532278e-06
12579,1.1179290595464408e-06
12580,1.099348423849733e-06
12581,1.0909682259807596e-06
12582,1.102818032450159e-06
12583,1.1256630614298047e-06
12584,1.1733420706150355e-06
12585,1.2349512417131336e-06
12586,1.3314742091097287e-06
12587,1.4476682963504572e-06
12588,1.617615112081694e-06
12589,1.8158075363317039e-06
12590,2.0995555587433046e-06
12591,2.4202104214055e-06
12592,2.87550983557594e-06
12593,3.3643100323388353e-06
12594,4.050546522194054e-06
12595,4.721765435533598e-06
12596,5.642066753352992e-06
12597,6.394582669599913e-06
12598,7.38513426767895e-06
12599,7.924372766865417e-06
12600,8.611702469352167e-06
12601,8.572026672482025e-06
12602,8.613178579253145e-06
12603,7.918805749795865e-06
12604,7.361641564784804e-06
12605,6.345417205011472e-06
12606,5.564780622080434e-06
12607,4.627877842722228e-06
12608,3.9525061765743885e-06
12609,3.285024149590754e-06
12610,2.8364520403556526e-06
12611,2.444170831950032e-06
12612,2.214451114923577e-06
12613,2.042673941105022e-06
12614,1.9965630144724855e-06
12615,2.003075678658206e-06
12616,2.12550276046386e-06
12617,2.2995354811428115e-06
12618,2.6035104383481666e-06
12619,2.9536595320678316e-06
12620,3.4573176890262403e-06
12621,3.965255928051192e-06
12622,4.623714630724862e-06
12623,5.157287432666635e-06
12624,5.766594313172391e-06
12625,6.034278158040252e-06
12626,6.256399501580745e-06
12627,5.994686944177374e-06
12628,5.6680123634578194e-06
12629,4.985610758012626e-06
12630,4.389917194203008e-06
12631,3.7330798932089237e-06
12632,3.334634357088362e-06
12633,3.0671119475300657e-06
12634,3.1138170015765354e-06
12635,3.294572479717317e-06
12636,3.7193890420894604e-06
12637,4.146203082200373e-06
12638,4.652059487852966e-06
12639,4.969630026607774e-06
12640,5.1918277677032165e-06
12641,5.10706831846619e-06
12642,4.898533916275483e-06
12643,4.451496351975948e-06
12644,4.027676368423272e-06
12645,3.5417006074567325e-06
12646,3.2285779525409453e-06
12647,2.9626485229528043e-06
12648,2.900642130043707e-06
12649,2.877641691156896e-06
12650,3.0040603178349556e-06
12651,3.099164359809947e-06
12652,3.2798698157421313e-06
12653,3.3640376386756543e-06
12654,3.5058292269241065e-06
12655,3.5277776078146417e-06
12656,3.6229362194717396e-06
12657,3.613442459027283e-06
12658,3.7142669953027507e-06
12659,3.7296279060683446e-06
12660,3.882171768054832e-06
12661,3.941648174077272e-06
12662,4.134148639423074e-06
12663,4.194229859422194e-06
12664,4.355076271167491e-06
12665,4.337218342698179e-06
12666,4.383481609693263e-06
12667,4.233781510265544e-06
12668,4.135490144108189e-06
12669,3.871106855513062e-06
12670,3.6748701859323774e-06
12671,3.3722060379659524e-06
12672,3.164319650750258e-06
12673,2.906385134338052e-06
12674,2.758549044301617e-06
12675,2.5931703930837102e-06
12676,2.536806050557061e-06
12677,2.471384959790157e-06
12678,2.506021473891451e-06
12679,2.5256085791625082e-06
12680,2.6372631509730127e-06
12681,2.720349812079803e-06
12682,2.8934709916939028e-06
12683,3.0202975267457077e-06
12684,3.240998921683058e-06
12685,3.392588951101061e-06
12686,3.6454944165598135e-06
12687,3.7991128465364454e-06
12688,4.061093022755813e-06
12689,4.186544174444862e-06
12690,4.4233875087229535e-06
12691,4.483909833652433e-06
12692,4.653556516132085e-06
12693,4.616992100636708e-06
12694,4.683590304921381e-06
12695,4.536287633527536e-06
12696,4.4855341911897995e-06
12697,4.242051545588765e-06
12698,4.09082940677763e-06
12699,3.7898571463301778e-06
12700,3.5788625609711744e-06
12701,3.2684547477401793e-06
12702,3.045771109100315e-06
12703,2.767160594885354e-06
12704,2.5727631509653293e-06
12705,2.3528916699433466e-06
12706,2.2122080736153293e-06
12707,2.06367212740588e-06
12708,1.9897511265298817e-06
12709,1.9167277969245333e-06
12710,1.916464043461019e-06
12711,1.9207527657272294e-06
12712,2.001173015742097e-06
12713,2.0867216790065868e-06
12714,2.258486347272992e-06
12715,2.4317464522027876e-06
12716,2.7077780941908713e-06
12717,2.971386038552737e-06
12718,3.3564772365934914e-06
12719,3.6942683436791413e-06
12720,4.165950485912617e-06
12721,4.521076334640384e-06
12722,5.004765625926666e-06
12723,5.26987059856765e-06
12724,5.6411281548207626e-06
12725,5.695651907444699e-06
12726,5.8378859648655634e-06
12727,5.62735294806771e-06
12728,5.51360790268518e-06
12729,5.101062924950384e-06
12730,4.814598469238263e-06
12731,4.333868218964199e-06
12732,3.999413365818327e-06
12733,3.567733983800281e-06
12734,3.277128143963637e-06
12735,2.9499665288312826e-06
12736,2.7396467885409947e-06
12737,2.521598389648716e-06
12738,2.3909251467557624e-06
12739,2.2626900317845866e-06
12740,2.1950065729470225e-06
12741,2.1319237930583768e-06
12742,2.108180069626542e-06
12743,2.087926304739085e-06
12744,2.089898316626204e-06
12745,2.092496970362845e-06
12746,2.103219458149397e-06
12747,2.1102691789565142e-06
12748,2.1138032479939284e-06
12749,2.109208708134247e-06
12750,2.093035163852619e-06
12751,2.0654235868278192e-06
12752,2.023703473241767e-06
12753,1.9699198219313985e-06
12754,1.9061563989453134e-06
12755,1.8335556433157763e-06
12756,1.7618801848584553e-06
12757,1.6885106788322446e-06
12758,1.6328092442563502e-06
12759,1.5861230622249423e-06
12760,1.5793622196724755e-06
12761,1.596070887899259e-06
12762,1.682854417595081e-06
12763,1.8135433492716402e-06
12764,2.060572569462238e-06
12765,2.3784450604580343e-06
12766,2.884596824515029e-06
12767,3.482239662844222e-06
12768,4.362051640782738e-06
12769,5.287869498715736e-06
12770,6.556257176271174e-06
12771,7.62596255299286e-06
12772,8.945798072090838e-06
12773,9.561311344441492e-06
12774,1.0197703886660747e-05
12775,9.748981938173529e-06
12776,9.280149242840707e-06
12777,7.966825251060072e-06
12778,6.859142104076454e-06
12779,5.463836714625359e-06
12780,4.418062417244073e-06
12781,3.4201902963104658e-06
12782,2.720976681303e-06
12783,2.1451562588481465e-06
12784,1.7549473341205157e-06
12785,1.4643230770161608e-06
12786,1.2724942735076183e-06
12787,1.1468683851489914e-06
12788,1.0712642506405246e-06
12789,1.0409728474769508e-06
12790,1.0375875945101143e-06
12791,1.0714345535234315e-06
12792,1.1240442745474866e-06
12793,1.2162928442194243e-06
12794,1.3278415735840099e-06
12795,1.4908434877725085e-06
12796,1.6783458249847172e-06
12797,1.938930836331565e-06
12798,2.2294855170912342e-06
12799,2.624797161843162e-06
12800,3.0447192784777144e-06
12801,3.6058850128029007e-06
12802,4.153780537308194e-06
12803,4.872971658187453e-06
12804,5.479371338878991e-06
12805,6.266573564062128e-06
12806,6.768259481759742e-06
12807,7.439409728249302e-06
12808,7.629061656189151e-06
12809,7.975238986546174e-06
12810,7.730384822934866e-06
12811,7.630740583408624e-06
12812,6.997123364271829e-06
12813,6.481006494141184e-06
12814,5.620990123134106e-06
12815,4.849704055231996e-06
12816,3.954799467464909e-06
12817,3.1541630960418843e-06
12818,2.393926479271613e-06
12819,1.7548825326230144e-06
12820,1.2324875342528685e-06
12821,8.395433042096556e-07
12822,5.676349701388972e-07
12823,4.0316726312994433e-07
12824,3.2879745504033053e-07
12825,3.257995331296115e-07
12826,3.7677335740227136e-07
12827,4.663566528506635e-07
12828,5.831448106619064e-07
12829,7.167614057834726e-07
12830,8.648401035316056e-07
12831,1.01991543033364e-06
12832,1.1921757732125116e-06
12833,1.3723275742449914e-06
12834,1.5891856719463249e-06
12835,1.8227697182737757e-06
12836,2.1313489924068563e-06
12837,2.468184902681969e-06
12838,2.9378625185927376e-06
12839,3.434578729866189e-06
12840,4.133222773816669e-06
12841,4.805868229595944e-06
12842,5.7258407650806475e-06
12843,6.4512082644796465e-06
12844,7.390449354716111e-06
12845,7.838680176064372e-06
12846,8.390903531108052e-06
12847,8.207029168261215e-06
12848,8.07401374913752e-06
12849,7.265740350703709e-06
12850,6.588962150999578e-06
12851,5.546600732486695e-06
12852,4.7308840294135734e-06
12853,3.827674845524598e-06
12854,3.1576992114423774e-06
12855,2.5269823709095363e-06
12856,2.0743793811561773e-06
12857,1.6848739505803678e-06
12858,1.41163081934792e-06
12859,1.1891094118254841e-06
12860,1.03787272109912e-06
12861,9.20854745345423e-07
12862,8.486474598612403e-07
12863,7.997400643944275e-07
12864,7.832458095435868e-07
12865,7.857652235543355e-07
12866,8.189677487280278e-07
12867,8.734441507840529e-07
12868,9.66942593549902e-07
12869,1.0906444458669284e-06
12870,1.274275405194203e-06
12871,1.5040945982036646e-06
12872,1.831762574511231e-06
12873,2.2246272237680387e-06
12874,2.772090965663665e-06
12875,3.386140633665491e-06
12876,4.216077741148183e-06
12877,5.039467851020163e-06
12878,6.092685907788109e-06
12879,6.907725946803112e-06
12880,7.860257937863935e-06
12881,8.216218702727929e-06
12882,8.586861440562643e-06
12883,8.17712952994043e-06
12884,7.827941772120539e-06
12885,6.911287982802605e-06
12886,6.233157819224289e-06
12887,5.3476069297175854e-06
12888,4.780923063663067e-06
12889,4.219254151394125e-06
12890,3.901542186213192e-06
12891,3.634335598690086e-06
12892,3.4690774555201642e-06
12893,3.32511990563944e-06
12894,3.155886133754393e-06
12895,2.9739705951215e-06
12896,2.704811322473688e-06
12897,2.4218636553996475e-06
12898,2.0693137230409775e-06
12899,1.736303374855197e-06
12900,1.3975322872283868e-06
12901,1.118345153372502e-06
12902,8.9002440972763e-07
12903,7.421108989547065e-07
12904,6.678675958937674e-07
12905,6.738092679370311e-07
12906,7.490857001357654e-07
12907,8.973438525572419e-07
12908,1.1011451306330855e-06
12909,1.3782758969682618e-06
12910,1.6977007817331469e-06
12911,2.1062157884443877e-06
12912,2.540003379181144e-06
12913,3.0931000765122008e-06
12914,3.632394509622827e-06
12915,4.323617304180516e-06
12916,4.9082273108069785e-06
12917,5.653386324411258e-06
12918,6.126990683696931e-06
12919,6.728949301759712e-06
12920,6.871821824461222e-06
12921,7.100229140633019e-06
12922,6.791035957576241e-06
12923,6.574114649993135e-06
12924,5.92336891713785e-06
12925,5.418818545877002e-06
12926,4.678739969676826e-06
12927,4.124490260437597e-06
12928,3.4953832255268935e-06
12929,3.045033963644528e-06
12930,2.598662831587717e-06
12931,2.295717649758444e-06
12932,2.0191293970128754e-06
12933,1.8482877521819319e-06
12934,1.7029159380399506e-06
12935,1.6362467931685387e-06
12936,1.5889215774222976e-06
12937,1.6065787349361926e-06
12938,1.6392034467571648e-06
12939,1.7354361716570565e-06
12940,1.8443106455379166e-06
12941,2.0254678929632064e-06
12942,2.215634594904259e-06
12943,2.4945497898443136e-06
12944,2.770258561213268e-06
12945,3.1538922939944314e-06
12946,3.5013381420867518e-06
12947,3.969907993450761e-06
12948,4.3357190406823065e-06
12949,4.821032234758604e-06
12950,5.104551291879034e-06
12951,5.492441232490819e-06
12952,5.580571723839967e-06
12953,5.7639153965283185e-06
12954,5.605537808150984e-06
12955,5.554494237003382e-06
12956,5.201443400437711e-06
12957,4.97910787089495e-06
12958,4.54674955108203e-06
12959,4.2515434870438185e-06
12960,3.837363692582585e-06
12961,3.540389116096776e-06
12962,3.1879740163276438e-06
12963,2.9183529477450065e-06
12964,2.6289299057680182e-06
12965,2.3899115149106365e-06
12966,2.1496095996553777e-06
12967,1.9386170606594533e-06
12968,1.7365184703521663e-06
12969,1.5536895716650179e-06
12970,1.3852891243004706e-06
12971,1.2327975582593353e-06
12972,1.097012500395067e-06
12973,9.76206365521648e-07
12974,8.719105153431883e-07
12975,7.818164817763318e-07
12976,7.064628562147846e-07
12977,6.437942943193775e-07
12978,5.932582212153648e-07
12979,5.536390403904079e-07
12980,5.238849780653254e-07
12981,5.03719661537616e-07
12982,4.920219112136692e-07
12983,4.899755481346801e-07
12984,4.969556925971119e-07
12985,5.162896172805631e-07
12986,5.482637561726733e-07
12987,6.002642294333782e-07
12988,6.738439992659551e-07
12989,7.844012088753516e-07
12990,9.348935918751522e-07
12991,1.1577863006095868e-06
12992,1.4543713859893614e-06
12993,1.8927063365481445e-06
12994,2.455228241160512e-06
12995,3.278688154750853e-06
12996,4.258643457433209e-06
12997,5.644568318530219e-06
12998,7.049412488413509e-06
12999,8.878390872268938e-06
13000,1.01517671282636e-05
13001,1.1555285709619056e-05
13002,1.1589067071327008e-05
13003,1.1488720701890998e-05
13004,1.0001323062169831e-05
13005,8.634926416561939e-06
13006,6.727272193529643e-06
13007,5.251680704532191e-06
13008,3.868721250910312e-06
13009,2.9053085199848283e-06
13010,2.1849289169040276e-06
13011,1.7371334024574026e-06
13012,1.490964564254682e-06
13013,1.40483371069422e-06
13014,1.4703603028465295e-06
13015,1.639367496863997e-06
13016,1.9420926946622785e-06
13017,2.316759946552338e-06
13018,2.828567176038632e-06
13019,3.3650912882876582e-06
13020,4.036940481455531e-06
13021,4.62947446067119e-06
13022,5.3234984989103395e-06
13023,5.773191332991701e-06
13024,6.2774092839390505e-06
13025,6.39581730865757e-06
13026,6.58296630717814e-06
13027,6.371124982251786e-06
13028,6.317482075246517e-06
13029,5.946843884885311e-06
13030,5.786552719655447e-06
13031,5.375296950660413e-06
13032,5.108915956952842e-06
13033,4.626577720046043e-06
13034,4.178449671599083e-06
13035,3.582196313800523e-06
13036,2.9854434160370147e-06
13037,2.356952109039412e-06
13038,1.7791440996006713e-06
13039,1.2730463367915945e-06
13040,8.707135634722363e-07
13041,5.794273647552473e-07
13042,3.962906589549675e-07
13043,3.077420274166798e-07
13044,2.9533561018979526e-07
13045,3.387719402780931e-07
13046,4.1869759570545284e-07
13047,5.178965238883393e-07
13048,6.234909619706741e-07
13049,7.252044724737061e-07
13050,8.180746249308868e-07
13051,9.001022363008815e-07
13052,9.717269904285786e-07
13053,1.0406963610876119e-06
13054,1.1083652680099476e-06
13055,1.1944230209337547e-06
13056,1.295842821491533e-06
13057,1.4490256035060156e-06
13058,1.6398913658122183e-06
13059,1.930793814608478e-06
13060,2.2824635834695073e-06
13061,2.8004519663227256e-06
13062,3.384034243936185e-06
13063,4.206712219456676e-06
13064,5.025159680371871e-06
13065,6.11409359407844e-06
13066,6.964952262933366e-06
13067,8.005853487702552e-06
13068,8.42135887069162e-06
13069,8.879643246473279e-06
13070,8.471510227536783e-06
13071,8.091759809758514e-06
13072,7.034780082904035e-06
13073,6.144706276245415e-06
13074,4.981490292266244e-06
13075,4.07448578698677e-06
13076,3.16787577503419e-06
13077,2.489894086465938e-06
13078,1.9009505649592029e-06
13079,1.46802005929203e-06
13080,1.1220053011129494e-06
13081,8.702043032826623e-07
13082,6.80779976391932e-07
13083,5.458935561364342e-07
13084,4.5075847765474464e-07
13085,3.869783427035145e-07
13086,3.472197249720921e-07
13087,3.259491734297626e-07
13088,3.195628721641697e-07
13089,3.254039881994686e-07
13090,3.4241901403220254e-07
13091,3.7016860687799635e-07
13092,4.103652884168696e-07
13093,4.644135742637445e-07
13094,5.384877681535727e-07
13095,6.353269554892904e-07
13096,7.694110308875679e-07
13097,9.435252650291659e-07
13098,1.1890435871464433e-06
13099,1.5035529941087589e-06
13100,1.951713556991308e-06
13101,2.5052511318790494e-06
13102,3.2894438390940195e-06
13103,4.183319106232375e-06
13104,5.407473054219736e-06
13105,6.5881981754500885e-06
13106,8.08324693934992e-06
13107,9.064466212294064e-06
13108,1.0138512152479962e-05
13109,1.012356278806692e-05
13110,1.0040842425951269e-05
13111,8.87820715433918e-06
13112,7.838814781280234e-06
13113,6.324309197225375e-06
13114,5.158782187208999e-06
13115,4.012595582025824e-06
13116,3.2125835787155665e-06
13117,2.5865770112432074e-06
13118,2.1889568415645044e-06
13119,1.952728780452162e-06
13120,1.8384357645118143e-06
13121,1.8433961486152839e-06
13122,1.9018578996110591e-06
13123,2.048352598649217e-06
13124,2.2037156668375246e-06
13125,2.429709638818167e-06
13126,2.6314114620618057e-06
13127,2.8990280043217354e-06
13128,3.1171305181487696e-06
13129,3.4113206766051007e-06
13130,3.6370142879604828e-06
13131,3.9651317820244e-06
13132,4.201199772069231e-06
13133,4.572428224491887e-06
13134,4.801025625056354e-06
13135,5.180027073947713e-06
13136,5.327156941348221e-06
13137,5.599287760560401e-06
13138,5.543548468267545e-06
13139,5.5539244385727216e-06
13140,5.209225946600782e-06
13141,4.887489922111854e-06
13142,4.29835472459672e-06
13143,3.744993136933772e-06
13144,3.0806506856606575e-06
13145,2.499484935469809e-06
13146,1.9378908291400876e-06
13147,1.4893925026626675e-06
13148,1.1191082194272894e-06
13149,8.550399570594891e-07
13150,6.697486583107093e-07
13151,5.611221354229201e-07
13152,5.07150105022447e-07
13153,4.978419383405708e-07
13154,5.170520012143243e-07
13155,5.574501642513496e-07
13156,6.073135523365636e-07
13157,6.656499635937507e-07
13158,7.228661615954479e-07
13159,7.850018164390349e-07
13160,8.428077080679941e-07
13161,9.090557568924851e-07
13162,9.73669898485241e-07
13163,1.05645574421942e-06
13164,1.1458021162980003e-06
13165,1.2706078678093036e-06
13166,1.4162360457703471e-06
13167,1.6263981024167151e-06
13168,1.8776750039251056e-06
13169,2.2401172827812843e-06
13170,2.6640134365152335e-06
13171,3.266829480708111e-06
13172,3.925557393813506e-06
13173,4.836978405364789e-06
13174,5.7035713325603865e-06
13175,6.846952146588592e-06
13176,7.66103585192468e-06
13177,8.662194886710495e-06
13178,8.92493062565336e-06
13179,9.232266165781766e-06
13180,8.62530851009069e-06
13181,8.046274160733446e-06
13182,6.835793101345189e-06
13183,5.757737199019175e-06
13184,4.495374469115632e-06
13185,3.4425338526489213e-06
13186,2.4810115064610727e-06
13187,1.7318072877969826e-06
13188,1.1507506769703468e-06
13189,7.43045063700265e-07
13190,4.817800913770043e-07
13191,3.438360636209836e-07
13192,3.060272604216152e-07
13193,3.470237857072789e-07
13194,4.499601118368446e-07
13195,5.998015808472701e-07
13196,7.915843980299542e-07
13197,1.0110692301168456e-06
13198,1.2717117670035805e-06
13199,1.5496443666052073e-06
13200,1.8867008293455e-06
13201,2.2326937596517382e-06
13202,2.671297579581733e-06
13203,3.0986595902504632e-06
13204,3.6584131066774717e-06
13205,4.153001555096125e-06
13206,4.806304332305444e-06
13207,5.283186510496307e-06
13208,5.9081467043142766e-06
13209,6.196463800733909e-06
13210,6.588866199308541e-06
13211,6.515768745884998e-06
13212,6.516112989629619e-06
13213,6.056272468413226e-06
13214,5.692419563274598e-06
13215,5.013200734538259e-06
13216,4.476965841604397e-06
13217,3.800639206019696e-06
13218,3.2870298127818387e-06
13219,2.7492492336023133e-06
13220,2.3558345674246084e-06
13221,1.9857416191371158e-06
13222,1.7247458572455798e-06
13223,1.4951689308873028e-06
13224,1.3419567039818503e-06
13225,1.215022052747372e-06
13226,1.1420141845519538e-06
13227,1.0887017651839415e-06
13228,1.0774592738016509e-06
13229,1.0825903018485405e-06
13230,1.1274257758486783e-06
13231,1.1890022051375126e-06
13232,1.2963465678694774e-06
13233,1.423437083758472e-06
13234,1.610730578249786e-06
13235,1.8210798771178816e-06
13236,2.1137755084055243e-06
13237,2.4255095922853798e-06
13238,2.8450076570152305e-06
13239,3.256948275520699e-06
13240,3.793693849729607e-06
13241,4.252507096680347e-06
13242,4.828844339499483e-06
13243,5.204462922847597e-06
13244,5.664221134793479e-06
13245,5.7909155657398514e-06
13246,5.979000434308546e-06
13247,5.782900188933127e-06
13248,5.678129127772991e-06
13249,5.260942998575047e-06
13250,4.99849375046324e-06
13251,4.554913175525144e-06
13252,4.299929059925489e-06
13253,3.967120392189827e-06
13254,3.7958989196340553e-06
13255,3.591774429878569e-06
13256,3.476920483080903e-06
13257,3.332352207507938e-06
13258,3.1952624794939766e-06
13259,3.0190303732524626e-06
13260,2.795517730191932e-06
13261,2.5367614853166742e-06
13262,2.225743173767114e-06
13263,1.9061524199059932e-06
13264,1.5699204141128575e-06
13265,1.2602963579411153e-06
13266,9.763383559402428e-07
13267,7.419193934765644e-07
13268,5.55237420485355e-07
13269,4.2056700522152823e-07
13270,3.3213518690899946e-07
13271,2.840658623881609e-07
13272,2.68422979843308e-07
13273,2.7734955665437155e-07
13274,3.0365140446519945e-07
13275,3.4109046964658774e-07
13276,3.850638563562825e-07
13277,4.3128497395628074e-07
13278,4.782651785717462e-07
13279,5.227779524830112e-07
13280,5.661333943862701e-07
13281,6.053746233192214e-07
13282,6.439692015192122e-07
13283,6.789512099203421e-07
13284,7.153033720896929e-07
13285,7.501528216380393e-07
13286,7.894193458923837e-07
13287,8.311495207635744e-07
13288,8.819605454846169e-07
13289,9.428107432540855e-07
13290,1.0206883871433092e-06
13291,1.1230824839003617e-06
13292,1.2568340252983035e-06
13293,1.4442219935517642e-06
13294,1.689269311100361e-06
13295,2.0461291114770574e-06
13296,2.5036049464688404e-06
13297,3.179898612870602e-06
13298,3.999795353593072e-06
13299,5.194908681005472e-06
13300,6.472461791418027e-06
13301,8.229056220443454e-06
13302,9.64150603977032e-06
13303,1.1347650797688402e-05
13304,1.1850505870825145e-05
13305,1.226982112711994e-05
13306,1.1094132787548006e-05
13307,9.91052274912363e-06
13308,7.853851457184646e-06
13309,6.174758254928747e-06
13310,4.449033895070897e-06
13311,3.1964500522008166e-06
13312,2.176280077037518e-06
13313,1.4894231981088524e-06
13314,1.0046034049082664e-06
13315,7.023506327641371e-07
13316,5.182391191738134e-07
13317,4.228227226121817e-07
13318,3.8544709468624205e-07
13319,3.8785719880252145e-07
13320,4.1490790181342163e-07
13321,4.586193540490058e-07
13322,5.110661049911869e-07
13323,5.705065291294886e-07
13324,6.319913836705382e-07
13325,6.969997912165127e-07
13326,7.617022674821783e-07
13327,8.296220244119468e-07
13328,8.972044724941952e-07
13329,9.690218121249927e-07
13330,1.0412844630991458e-06
13331,1.1188358257641084e-06
13332,1.1975081406490062e-06
13333,1.2816624348488403e-06
13334,1.3677802144229645e-06
13335,1.4586714769393438e-06
13336,1.553907623019768e-06
13337,1.6531062101421412e-06
13338,1.7645631942286855e-06
13339,1.881972593764658e-06
13340,2.032041720667621e-06
13341,2.197221874666866e-06
13342,2.439405534460093e-06
13343,2.719096073633409e-06
13344,3.159774450978148e-06
13345,3.6717026432597777e-06
13346,4.478458322410006e-06
13347,5.361227977118688e-06
13348,6.683230822090991e-06
13349,7.9068195191212e-06
13350,9.560198122926522e-06
13351,1.0547249985393137e-05
13352,1.1652753528323956e-05
13353,1.140640233643353e-05
13354,1.1041844118153676e-05
13355,9.440320354769938e-06
13356,7.976495908224024e-06
13357,6.086232133384328e-06
13358,4.614414137904532e-06
13359,3.258446213294519e-06
13360,2.29757006309228e-06
13361,1.5538306570306304e-06
13362,1.0572134669928346e-06
13363,7.153981300689338e-07
13364,5.030906322645023e-07
13365,3.7832623434042034e-07
13366,3.1869780059423647e-07
13367,3.062981477341964e-07
13368,3.299454647276434e-07
13369,3.83959587679783e-07
13370,4.654499434764148e-07
13371,5.779148750661989e-07
13372,7.220124302875774e-07
13373,9.130253033617919e-07
13374,1.149055833593593e-06
13375,1.465122181798506e-06
13376,1.8437806375004584e-06
13377,2.3532147679361515e-06
13378,2.9281140996317845e-06
13379,3.6890082810714375e-06
13380,4.454556346900063e-06
13381,5.422318736236775e-06
13382,6.1978876146895345e-06
13383,7.100151378836017e-06
13384,7.491252290492412e-06
13385,7.887932042649481e-06
13386,7.573344191769138e-06
13387,7.270724836416775e-06
13388,6.4071414271893445e-06
13389,5.702012458641548e-06
13390,4.769782663061051e-06
13391,4.091969003638951e-06
13392,3.415943865547888e-06
13393,2.963022325275233e-06
13394,2.5823987925832625e-06
13395,2.3335514924838208e-06
13396,2.1478797407326056e-06
13397,2.0089512418053346e-06
13398,1.9072916757068015e-06
13399,1.7986396869673626e-06
13400,1.7096256215154426e-06
13401,1.593681872691377e-06
13402,1.494235675636446e-06
13403,1.3751184724242194e-06
13404,1.2814648471248802e-06
13405,1.1897496960955323e-06
13406,1.1382097682144376e-06
13407,1.1112352922282298e-06
13408,1.1398501555959228e-06
13409,1.2080516853529844e-06
13410,1.3477401807904243e-06
13411,1.53175130890304e-06
13412,1.8063135485135717e-06
13413,2.116715904776356e-06
13414,2.540236437198473e-06
13415,2.9672055461560376e-06
13416,3.5249227039457764e-06
13417,4.009775693702977e-06
13418,4.6199002099456266e-06
13419,5.02614420838654e-06
13420,5.519039405044168e-06
13421,5.661412160407053e-06
13422,5.8457480918150395e-06
13423,5.613629582512658e-06
13424,5.4206316235649865e-06
13425,4.886301212536637e-06
13426,4.435232312971493e-06
13427,3.8007410694262944e-06
13428,3.292680048616603e-06
13429,2.737619070103392e-06
13430,2.31706872000359e-06
13431,1.919446503961808e-06
13432,1.635546709621849e-06
13433,1.3932074125477811e-06
13434,1.2351505347396596e-06
13435,1.1144250038341852e-06
13436,1.0536700756347273e-06
13437,1.02073624930199e-06
13438,1.0333117188565666e-06
13439,1.0669215271263965e-06
13440,1.141866277976078e-06
13441,1.2350677707217983e-06
13442,1.374519911223615e-06
13443,1.5316452390834456e-06
13444,1.7475639424446854e-06
13445,1.978692125703674e-06
13446,2.2861875095259165e-06
13447,2.595940941318986e-06
13448,2.9987954803800676e-06
13449,3.368133093317738e-06
13450,3.838647444354137e-06
13451,4.207300207781373e-06
13452,4.672436261898838e-06
13453,4.942546183883678e-06
13454,5.302247245708713e-06
13455,5.38606809641351e-06
13456,5.57140629098285e-06
13457,5.453994162962772e-06
13458,5.469169536809204e-06
13459,5.212124960962683e-06
13460,5.1031938710366376e-06
13461,4.776963578478899e-06
13462,4.570190867525525e-06
13463,4.201225692668231e-06
13464,3.894647761626402e-06
13465,3.479697170405416e-06
13466,3.0846047138766153e-06
13467,2.639834974615951e-06
13468,2.2123815597296925e-06
13469,1.7929543218997424e-06
13470,1.4139435506876907e-06
13471,1.082595417756238e-06
13472,8.0998000839827e-07
13473,5.97589405515464e-07
13474,4.4372907836986997e-07
13475,3.418945766497927e-07
13476,2.8424875608834554e-07
13477,2.6157843535656866e-07
13478,2.652341777320544e-07
13479,2.8730556778100436e-07
13480,3.21318168516882e-07
13481,3.61657868097609e-07
13482,4.051040605190792e-07
13483,4.477198842778307e-07
13484,4.894245648756623e-07
13485,5.269058078738453e-07
13486,5.625570906886423e-07
13487,5.930488669037004e-07
13488,6.224778417163179e-07
13489,6.471758524639881e-07
13490,6.723694809807057e-07
13491,6.941010610717058e-07
13492,7.182432000263361e-07
13493,7.409971658489667e-07
13494,7.686093113079551e-07
13495,7.979939482538612e-07
13496,8.355629006473464e-07
13497,8.803840501059312e-07
13498,9.38921118631697e-07
13499,1.0149718718821532e-06
13500,1.1149442116220598e-06
13501,1.2533124618130387e-06
13502,1.4350654282679898e-06
13503,1.6973888250504388e-06
13504,2.0375648546178127e-06
13505,2.5396707314939704e-06
13506,3.1666299946664367e-06
13507,4.090938546141842e-06
13508,5.147782303538406e-06
13509,6.649680472037289e-06
13510,8.06390744401142e-06
13511,9.892326488625258e-06
13512,1.0938449122477323e-05
13513,1.2045160474372096e-05
13514,1.162154512712732e-05
13515,1.1066886145272292e-05
13516,9.245382898370735e-06
13517,7.625936632393859e-06
13518,5.664509444613941e-06
13519,4.167328825133154e-06
13520,2.849498059731559e-06
13521,1.933664407260949e-06
13522,1.2584839623741573e-06
13523,8.254913836935884e-07
13524,5.512481493497035e-07
13525,4.0029661363405467e-07
13526,3.321605390738114e-07
13527,3.213970671822608e-07
13528,3.4810608440238866e-07
13529,3.9960474396139034e-07
13530,4.6659852159791626e-07
13531,5.439969754661433e-07
13532,6.292251555350958e-07
13533,7.197634204203496e-07
13534,8.193259191102698e-07
13535,9.243083241017302e-07
13536,1.0463841135788243e-06
13537,1.177443664346356e-06
13538,1.3415910871117376e-06
13539,1.5211339814413805e-06
13540,1.760718078003265e-06
13541,2.023861952693551e-06
13542,2.389798510193941e-06
13543,2.784196567517938e-06
13544,3.342451918797451e-06
13545,3.911798557965085e-06
13546,4.711147994385101e-06
13547,5.4338493100658525e-06
13548,6.410875357687473e-06
13549,7.089444807206746e-06
13550,7.947470294311643e-06
13551,8.188626452465542e-06
13552,8.48054241942009e-06
13553,7.995882697287016e-06
13554,7.545520020357799e-06
13555,6.5183012338820845e-06
13556,5.640974450216163e-06
13557,4.548060132947285e-06
13558,3.688802735268837e-06
13559,2.85205078398576e-06
13560,2.2326098587654997e-06
13561,1.7075283267331542e-06
13562,1.3355150940697058e-06
13563,1.0474747114130878e-06
13564,8.521536756234127e-07
13565,7.124813237169292e-07
13566,6.254198865462968e-07
13567,5.713775408366928e-07
13568,5.481042535393499e-07
13569,5.450618800750817e-07
13570,5.635265551973134e-07
13571,5.969719722997979e-07
13572,6.510322236863431e-07
13573,7.201894050012925e-07
13574,8.155216164595913e-07
13575,9.292085110246262e-07
13576,1.0798810308187967e-06
13577,1.2520793006842723e-06
13578,1.4753877621842548e-06
13579,1.7163595202873694e-06
13580,2.0190643681416987e-06
13581,2.3141917608882068e-06
13582,2.6640345822670497e-06
13583,2.943854497061693e-06
13584,3.2406969694420695e-06
13585,3.3769431411201367e-06
13586,3.479604856693186e-06
13587,3.3688454550429014e-06
13588,3.2216623822023394e-06
13589,2.9235750389489112e-06
13590,2.67341738435789e-06
13591,2.4286077859869692e-06
13592,2.3616303224116564e-06
13593,2.438856199660222e-06
13594,2.802238441290683e-06
13595,3.342711352161132e-06
13596,4.212422936689109e-06
13597,5.120871719554998e-06
13598,6.271110123634571e-06
13599,7.091107363521587e-06
13600,7.912878572824411e-06
13601,7.983620889717713e-06
13602,7.906118298706133e-06
13603,7.074087534419959e-06
13604,6.2636067923449446e-06
13605,5.119309662404703e-06
13606,4.228580110066105e-06
13607,3.352803105372004e-06
13608,2.7628209409158444e-06
13609,2.274312009831192e-06
13610,1.9708620584424352e-06
13611,1.7233815015060827e-06
13612,1.5586424524371978e-06
13613,1.3992585081723519e-06
13614,1.270058419322595e-06
13615,1.1329825611028355e-06
13616,1.0171844451178913e-06
13617,9.07109040326759e-07
13618,8.277883694063348e-07
13619,7.707442364335293e-07
13620,7.528433911829779e-07
13621,7.638857368874596e-07
13622,8.167037321982207e-07
13623,8.967415396909928e-07
13624,1.0206690603808966e-06
13625,1.1679635463224258e-06
13626,1.3686823194802855e-06
13627,1.5920520581858e-06
13628,1.8916942963187466e-06
13629,2.212505478382809e-06
13630,2.6452837573742727e-06
13631,3.0824307941657025e-06
13632,3.669772013381589e-06
13633,4.1999346649390645e-06
13634,4.8953579607768916e-06
13635,5.396954293246381e-06
13636,6.031039447407238e-06
13637,6.279949957388453e-06
13638,6.597627361770719e-06
13639,6.40253256278811e-06
13640,6.253066658246098e-06
13641,5.648369096888928e-06
13642,5.135465471539646e-06
13643,4.364118467492517e-06
13644,3.7401180179585936e-06
13645,3.043967126359348e-06
13646,2.506033297322574e-06
13647,1.9947751752624754e-06
13648,1.61389391450939e-06
13649,1.2865755252278177e-06
13650,1.0505794989512651e-06
13651,8.618973197371815e-07
13652,7.312667094083736e-07
13653,6.335758939712832e-07
13654,5.709212587134971e-07
13655,5.288216016197111e-07
13656,5.079626816950622e-07
13657,4.997135079065629e-07
13658,5.060218768448976e-07
13659,5.214804446040944e-07
13660,5.503801503436989e-07
13661,5.888073815185635e-07
13662,6.444721520892926e-07
13663,7.137799684642232e-07
13664,8.099401611616486e-07
13665,9.277463277612696e-07
13666,1.090041450879653e-06
13667,1.2861434015576378e-06
13668,1.5562306998617714e-06
13669,1.8740634004643653e-06
13670,2.3100753878679825e-06
13671,2.7966398192802444e-06
13672,3.453999624980497e-06
13673,4.1183184293913655e-06
13674,4.98754661748535e-06
13675,5.7140891840390395e-06
13676,6.615529855480418e-06
13677,7.102294148353394e-06
13678,7.67534311307827e-06
13679,7.592642759846058e-06
13680,7.552575880254153e-06
13681,6.8818280851701275e-06
13682,6.3130764829111286e-06
13683,5.38371341463062e-06
13684,4.620046183845261e-06
13685,3.765876954275882e-06
13686,3.0745093226869358e-06
13687,2.434123871353222e-06
13688,1.9177502963430015e-06
13689,1.4933395959815243e-06
13690,1.1600434390857117e-06
13691,9.160843887912051e-07
13692,7.436880196109996e-07
13693,6.458303687395528e-07
13694,6.074080829421291e-07
13695,6.303746431512991e-07
13696,7.037648401819752e-07
13697,8.3310624177102e-07
13698,1.0049469665318611e-06
13699,1.2373905065032886e-06
13700,1.5026735127321444e-06
13701,1.8427041368340724e-06
13702,2.1961284346616594e-06
13703,2.642244453454623e-06
13704,3.0581736609747168e-06
13705,3.5771831790043507e-06
13706,3.984403520007618e-06
13707,4.484522378334077e-06
13708,4.759112925967202e-06
13709,5.097867870063055e-06
13710,5.112810413265834e-06
13711,5.17054058946087e-06
13712,4.888798684987705e-06
13713,4.6609507080574986e-06
13714,4.176064066996332e-06
13715,3.777770189117291e-06
13716,3.245586412958801e-06
13717,2.8223473691468826e-06
13718,2.3631748717889423e-06
13719,2.0106288047827547e-06
13720,1.6724967508707778e-06
13721,1.4216166164260358e-06
13722,1.2001742106804159e-06
13723,1.0426485914649675e-06
13724,9.129157660936471e-07
13725,8.279597523142002e-07
13726,7.648618520761374e-07
13727,7.343805350501498e-07
13728,7.213724302346236e-07
13729,7.359785740845837e-07
13730,7.672286983506638e-07
13731,8.281833174805797e-07
13732,9.089095556191751e-07
13733,1.0287473060088814e-06
13734,1.1748524002541672e-06
13735,1.3774675835520611e-06
13736,1.613741574146843e-06
13737,1.9319384136906592e-06
13738,2.2834753963252297e-06
13739,2.7433504783402896e-06
13740,3.2075122362584807e-06
13741,3.788490175793413e-06
13742,4.28581188316457e-06
13743,4.867330517299706e-06
13744,5.216201316216029e-06
13745,5.589325610344531e-06
13746,5.603327736025676e-06
13747,5.632926786347525e-06
13748,5.3202343224256765e-06
13749,5.113799034006661e-06
13750,4.709740096586756e-06
13751,4.5221668187878095e-06
13752,4.264110884832917e-06
13753,4.2411534195707645e-06
13754,4.1707126001711e-06
13755,4.233575054968242e-06
13756,4.189029368717456e-06
13757,4.116476702620275e-06
13758,3.877938070218079e-06
13759,3.5165430745109916e-06
13760,3.023536237378721e-06
13761,2.460929636072251e-06
13762,1.8885305053117918e-06
13763,1.37159963742306e-06
13764,9.507139111519791e-07
13765,6.543885433529795e-07
13766,4.779288929057657e-07
13767,4.1105755599346594e-07
13768,4.2589232407408417e-07
13769,4.97127189191815e-07
13770,5.94205971538031e-07
13771,6.987838219174591e-07
13772,7.850671863707248e-07
13773,8.517698688592645e-07
13774,8.803831974546483e-07
13775,8.85951180862321e-07
13776,8.582595683037653e-07
13777,8.20715115423809e-07
13778,7.701716526753444e-07
13779,7.298998525584466e-07
13780,7.000965069892118e-07
13781,7.002574307080067e-07
13782,7.302516564777761e-07
13783,8.092907819445827e-07
13784,9.341476925328607e-07
13785,1.1332302847222309e-06
13786,1.3944610373073374e-06
13787,1.7708968016449944e-06
13788,2.2242115846893284e-06
13789,2.853880687325727e-06
13790,3.5464340726321097e-06
13791,4.475696187000722e-06
13792,5.352208063413855e-06
13793,6.458832558564609e-06
13794,7.21148217053269e-06
13795,8.063568202487659e-06
13796,8.178900316124782e-06
13797,8.254492058767937e-06
13798,7.507714144594502e-06
13799,6.77596881359932e-06
13800,5.566369509324431e-06
13801,4.539731435215799e-06
13802,3.438183057369315e-06
13803,2.5918163828464458e-06
13804,1.8600424027681584e-06
13805,1.3415752846412943e-06
13806,9.551421271680738e-07
13807,7.053033641568618e-07
13808,5.456438429973787e-07
13809,4.590320088482258e-07
13810,4.188725597487064e-07
13811,4.1085593238676665e-07
13812,4.196357110686222e-07
13813,4.382586382689624e-07
13814,4.576549486046133e-07
13815,4.766610288697848e-07
13816,4.897486292065878e-07
13817,4.992546109860996e-07
13818,5.017153057451651e-07
13819,5.008793664273981e-07
13820,4.945226237396128e-07
13821,4.865422056354873e-07
13822,4.7547359827149194e-07
13823,4.646160505217267e-07
13824,4.5306734364203294e-07
13825,4.4326952775008976e-07
13826,4.3487750644999323e-07
13827,4.2964487079188984e-07
13828,4.280100256437436e-07
13829,4.313276633638452e-07
13830,4.4143365585114225e-07
13831,4.598553573487152e-07
13832,4.90985144097067e-07
13833,5.370504823076772e-07
13834,6.079525860513968e-07
13835,7.076591828081291e-07
13836,8.578121537539118e-07
13837,1.064039793163829e-06
13838,1.3738380175709608e-06
13839,1.78864274857915e-06
13840,2.4096032120723976e-06
13841,3.1985618988983333e-06
13842,4.354335032985546e-06
13843,5.6637263696757145e-06
13844,7.4645695349317975e-06
13845,9.038839380082209e-06
13846,1.0915964594460092e-05
13847,1.1632876521616708e-05
13848,1.2185410014353693e-05
13849,1.1033229384338483e-05
13850,9.760968168848194e-06
13851,7.5604807534546126e-06
13852,5.717194198950892e-06
13853,3.900891897501424e-06
13854,2.58631939686893e-06
13855,1.5989804751370684e-06
13856,9.774342970558791e-07
13857,6.286659868237621e-07
13858,5.012968244955118e-07
13859,5.51613027255371e-07
13860,7.432228130710428e-07
13861,1.06394793419895e-06
13862,1.484082986280555e-06
13863,2.026721858783276e-06
13864,2.6219006485916907e-06
13865,3.3452768093411578e-06
13866,4.018368144897977e-06
13867,4.793284006154863e-06
13868,5.326849077391671e-06
13869,5.883433459530352e-06
13870,5.988932571199257e-06
13871,6.051692707842449e-06
13872,5.613249868474668e-06
13873,5.171818429516861e-06
13874,4.405577328725485e-06
13875,3.743442448467249e-06
13876,2.992862846440403e-06
13877,2.406487510597799e-06
13878,1.8691215473154443e-06
13879,1.4815108215771033e-06
13880,1.1757026641134871e-06
13881,9.738309927342925e-07
13882,8.399992452723382e-07
13883,7.682601221858931e-07
13884,7.435634188368567e-07
13885,7.5228143714412e-07
13886,7.926924467938079e-07
13887,8.487572245030606e-07
13888,9.282918540520768e-07
13889,1.0120180604644702e-06
13890,1.115957729780348e-06
13891,1.2149949952799943e-06
13892,1.3334087043403997e-06
13893,1.4377889101524488e-06
13894,1.5616293467246578e-06
13895,1.6617073015368078e-06
13896,1.7818586002249504e-06
13897,1.8693708625505678e-06
13898,1.980320348593523e-06
13899,2.054416199825937e-06
13900,2.162136524930247e-06
13901,2.236541604361264e-06
13902,2.364832653256599e-06
13903,2.4685380139999324e-06
13904,2.6560908281680895e-06
13905,2.8236897833266994e-06
13906,3.1086306080396753e-06
13907,3.3584087759663817e-06
13908,3.749746610992588e-06
13909,4.053799329994945e-06
13910,4.494150289247045e-06
13911,4.7522403292532545e-06
13912,5.097805114928633e-06
13913,5.154225164005766e-06
13914,5.2264581427152734e-06
13915,4.965148946212139e-06
13916,4.685008661908796e-06
13917,4.144991635257611e-06
13918,3.621780706453137e-06
13919,2.987727839354193e-06
13920,2.435128862998681e-06
13921,1.8991937622558908e-06
13922,1.4791494322707877e-06
13923,1.1320926205371507e-06
13924,8.917272680264432e-07
13925,7.240247441586689e-07
13926,6.3137156303128e-07
13927,5.877067792425805e-07
13928,5.8697230542748e-07
13929,6.098453013692051e-07
13930,6.530099199153483e-07
13931,7.014564289420377e-07
13932,7.584935701743234e-07
13933,8.107670055323979e-07
13934,8.687263175488624e-07
13935,9.190347327603376e-07
13936,9.788938086785492e-07
13937,1.0340709195588715e-06
13938,1.1084002835559659e-06
13939,1.185902874567546e-06
13940,1.298560164286755e-06
13941,1.4260062926041428e-06
13942,1.613020003787824e-06
13943,1.8278100242241635e-06
13944,2.137642240995774e-06
13945,2.4822841169225285e-06
13946,2.967955651911325e-06
13947,3.468205250101164e-06
13948,4.151262601226335e-06
13949,4.760156571137486e-06
13950,5.5552904996147845e-06
13951,6.083131665945984e-06
13952,6.7317528191779274e-06
13953,6.8721828938578255e-06
13954,7.040092896204442e-06
13955,6.60379373584874e-06
13956,6.174813734105555e-06
13957,5.309014341037255e-06
13958,4.51878668172867e-06
13959,3.576908966351766e-06
13960,2.7805535864899866e-06
13961,2.0333422980911564e-06
13962,1.4473631608780124e-06
13963,9.78839580056956e-07
13964,6.447314149227168e-07
13965,4.1808922901509504e-07
13966,2.845092410552752e-07
13967,2.2350563710915594e-07
13968,2.1785311332678248e-07
13969,2.525823106225289e-07
13970,3.1560404067931813e-07
13971,3.982485168307903e-07
13972,4.93059303607879e-07
13973,5.983573601042735e-07
13974,7.08273034888407e-07
13975,8.295963880300405e-07
13976,9.541371355226147e-07
13977,1.0998910511261784e-06
13978,1.251464823326387e-06
13979,1.4429308521357598e-06
13980,1.644525355004589e-06
13981,1.914059566843207e-06
13982,2.1946070773992687e-06
13983,2.5792633095989004e-06
13984,2.961600330309011e-06
13985,3.4847812457883265e-06
13986,3.9555179682793096e-06
13987,4.5838487494620495e-06
13988,5.046221758675529e-06
13989,5.63875164516503e-06
13990,5.898240942769917e-06
13991,6.2255121520138346e-06
13992,6.091723207646282e-06
13993,5.9901681197516154e-06
13994,5.455929112940794e-06
13995,4.988118689652765e-06
13996,4.258755780028878e-06
13997,3.6542064663080964e-06
13998,2.969761453641695e-06
13999,2.431747589071165e-06
14000,1.917538156703813e-06
14001,1.5291003592210473e-06
14002,1.1946028735110303e-06
14003,9.487550869380357e-07
14004,7.511744115618058e-07
14005,6.088128543524363e-07
14006,4.996287543690414e-07
14007,4.2215282292090706e-07
14008,3.6471251974035113e-07
14009,3.245020820941136e-07
14010,2.954745639272005e-07
14011,2.75504504543278e-07
14012,2.6151082010983373e-07
14013,2.523102864415705e-07
14014,2.463894475113193e-07
14015,2.4324950231857656e-07
14016,2.4223214722951525e-07
14017,2.433313284200267e-07
14018,2.4640650053697755e-07
14019,2.519344093343534e-07
14020,2.6020228460765793e-07
14021,2.723572833929211e-07
14022,2.8928781148351845e-07
14023,3.133639552288514e-07
14024,3.4640771673366544e-07
14025,3.933175207748718e-07
14026,4.5760322109345e-07
14027,5.496672201843467e-07
14028,6.754836476829951e-07
14029,8.569975307182176e-07
14030,1.1022707440133672e-06
14031,1.456716063330532e-06
14032,1.921051079989411e-06
14033,2.5829431251622736e-06
14034,3.3920930491149193e-06
14035,4.495481789490441e-06
14036,5.657807378156576e-06
14037,7.08642528479686e-06
14038,8.152701411745511e-06
14039,9.200645763485227e-06
14040,9.295004019804765e-06
14041,9.200315616908483e-06
14042,8.215268280764576e-06
14043,7.453169928339776e-06
14044,6.4992559600796085e-06
14045,6.193497483764077e-06
14046,6.054983714420814e-06
14047,6.367225068970583e-06
14048,6.582135029020719e-06
14049,6.541064976772759e-06
14050,5.995084393362049e-06
14051,4.866246854362544e-06
14052,3.4704853533185087e-06
14053,2.060575297946343e-06
14054,9.869911536952714e-07
14055,3.8745861274946947e-07
14056,2.659662357018533e-07
14057,5.077593527857971e-07
14058,9.344449836135027e-07
14059,1.3734583035329706e-06
14060,1.651765956012241e-06
14061,1.7262429992115358e-06
14062,1.566806304253987e-06
14063,1.2884523812317639e-06
14064,9.890045475913212e-07
14065,7.80623111040768e-07
14066,7.296414992197242e-07
14067,8.343636181962211e-07
14068,1.0742736549218534e-06
14069,1.3683722954738187e-06
14070,1.6869835235411301e-06
14071,1.940385800480726e-06
14072,2.1729458694608184e-06
14073,2.3243410396389663e-06
14074,2.520483576518018e-06
14075,2.699610149647924e-06
14076,3.0194387363735586e-06
14077,3.3405649446649477e-06
14078,3.823240149358753e-06
14079,4.202278432785533e-06
14080,4.663933850679314e-06
14081,4.849038305110298e-06
14082,5.022910499974387e-06
14083,4.83598887512926e-06
14084,4.642447493097279e-06
14085,4.176332822680706e-06
14086,3.7890617932134774e-06
14087,3.2830380405357573e-06
14088,2.9082536912028445e-06
14089,2.506482132957899e-06
14090,2.2193748918653e-06
14091,1.927616267494159e-06
14092,1.709948492134572e-06
14093,1.4894947071297793e-06
14094,1.3182043403503485e-06
14095,1.1524986121003167e-06
14096,1.0289149940945208e-06
14097,9.211830160893442e-07
14098,8.526132546649023e-07
14099,8.022094561965787e-07
14100,7.838431201889762e-07
14101,7.777278483445116e-07
14102,7.952274927447434e-07
14103,8.183362751879031e-07
14104,8.614886155555723e-07
14105,9.083016720978776e-07
14106,9.79724177341268e-07
14107,1.058116254171182e-06
14108,1.1732022358046379e-06
14109,1.3006138033233583e-06
14110,1.4825606058366247e-06
14111,1.6794713246781612e-06
14112,1.952776983671356e-06
14113,2.2338472263072617e-06
14114,2.6144180083065294e-06
14115,2.974454218929168e-06
14116,3.450798431003932e-06
14117,3.842493242700584e-06
14118,4.348442416812759e-06
14119,4.664165771828266e-06
14120,5.066704943601508e-06
14121,5.163560217624763e-06
14122,5.311659606377361e-06
14123,5.098466317576822e-06
14124,4.92594153911341e-06
14125,4.446673756319797e-06
14126,4.0330132833332755e-06
14127,3.443925379542634e-06
14128,2.953373495984124e-06
14129,2.413824859104352e-06
14130,1.9854794572893297e-06
14131,1.582052391313482e-06
14132,1.277426804335846e-06
14133,1.0201373470408726e-06
14134,8.358733794011641e-07
14135,6.928537459316431e-07
14136,5.960300768492743e-07
14137,5.255797077552415e-07
14138,4.804554691872909e-07
14139,4.486087732402666e-07
14140,4.2914672349070315e-07
14141,4.151737300617242e-07
14142,4.075833430761122e-07
14143,4.0268577095048386e-07
14144,4.0301517856278224e-07
14145,4.0663294953446893e-07
14146,4.173343199909141e-07
14147,4.3393981741246535e-07
14148,4.617211288859835e-07
14149,4.996730922357528e-07
14150,5.559757028095191e-07
14151,6.29017222308903e-07
14152,7.327179787353089e-07
14153,8.632769663563522e-07
14154,1.0459403938511969e-06
14155,1.2697389593085973e-06
14156,1.5810783224878833e-06
14157,1.948028284459724e-06
14158,2.4546125132474117e-06
14159,3.012768047483405e-06
14160,3.7667559809051454e-06
14161,4.499535862123594e-06
14162,5.4446277317765635e-06
14163,6.157597908895696e-06
14164,7.004768576734932e-06
14165,7.2988214014912955e-06
14166,7.59754811952007e-06
14167,7.166385330492631e-06
14168,6.720598321408033e-06
14169,5.73142324356013e-06
14170,4.843662736675469e-06
14171,3.774165861614165e-06
14172,2.9010420803388115e-06
14173,2.0880122519884026e-06
14174,1.472309349992429e-06
14175,9.856994438450783e-07
14176,6.461513635258598e-07
14177,4.1645958503977454e-07
14178,2.8036137678100204e-07
14179,2.1547984374592488e-07
14180,2.0484520746322232e-07
14181,2.34564581091945e-07
14182,2.940783190297225e-07
14183,3.7671836139452353e-07
14184,4.760979948059685e-07
14185,5.935381182098354e-07
14186,7.222013778118708e-07
14187,8.737852112972178e-07
14188,1.0355946642448544e-06
14189,1.2338673514022958e-06
14190,1.442461552869645e-06
14191,1.7086076695704833e-06
14192,1.9810486264759675e-06
14193,2.337470959901111e-06
14194,2.6825637178262696e-06
14195,3.136844497930724e-06
14196,3.5334851418156177e-06
14197,4.049336894240696e-06
14198,4.418489425006555e-06
14199,4.888042440143181e-06
14200,5.09093479195144e-06
14201,5.3535868573817424e-06
14202,5.259688805381302e-06
14203,5.200550731387921e-06
14204,4.798821009899257e-06
14205,4.450596861715894e-06
14206,3.875913080264581e-06
14207,3.394859504624037e-06
14208,2.824846433213679e-06
14209,2.368868990743067e-06
14210,1.9141623397445073e-06
14211,1.5637460819561966e-06
14212,1.2500430557338404e-06
14213,1.014989152281487e-06
14214,8.190386324713472e-07
14215,6.753588195351767e-07
14216,5.614785436591774e-07
14217,4.797117298949161e-07
14218,4.174909236098756e-07
14219,3.7410421782624326e-07
14220,3.426799537464831e-07
14221,3.224101021714887e-07
14222,3.096233172072971e-07
14223,3.041946854409616e-07
14224,3.0431706932176894e-07
14225,3.108420401076728e-07
14226,3.2313462838828855e-07
14227,3.433219717408065e-07
14228,3.7168288713473885e-07
14229,4.1237879599975713e-07
14230,4.665380970436672e-07
14231,5.422292588264099e-07
14232,6.412777793229907e-07
14233,7.790947620378574e-07
14234,9.565916343490244e-07
14235,1.2025502655887976e-06
14236,1.5096995866770158e-06
14237,1.928843857967877e-06
14238,2.4205949102906743e-06
14239,3.0649362088297494e-06
14240,3.7312227050279034e-06
14241,4.52917447546497e-06
14242,5.154426617082208e-06
14243,5.7670354181027506e-06
14244,5.9160497585253324e-06
14245,5.909166247874964e-06
14246,5.39404527444276e-06
14247,4.861439265368972e-06
14248,4.183705641480628e-06
14249,3.826379725069273e-06
14250,3.6772298699361272e-06
14251,4.016095317638246e-06
14252,4.551029633148573e-06
14253,5.380546099331696e-06
14254,6.021507942932658e-06
14255,6.471013875852805e-06
14256,6.313235189736588e-06
14257,5.749345291405916e-06
14258,4.737614290206693e-06
14259,3.73193392988469e-06
14260,2.8052800189470872e-06
14261,2.2382100723916665e-06
14262,1.924387561302865e-06
14263,1.8730224837781861e-06
14264,1.886146264951094e-06
14265,1.9149360923620407e-06
14266,1.819039425754454e-06
14267,1.6385218941650237e-06
14268,1.3500878139893757e-06
14269,1.0549849775998155e-06
14270,7.867751037338166e-07
14271,6.083852781557653e-07
14272,5.245294687483693e-07
14273,5.322184506439953e-07
14274,5.96250743001292e-07
14275,6.865673753964074e-07
14276,7.669432307011448e-07
14277,8.210070632230781e-07
14278,8.396673365496099e-07
14279,8.349533118234831e-07
14280,8.186979698621144e-07
14281,8.198022669603233e-07
14282,8.470901207147108e-07
14283,9.296916232415242e-07
14284,1.0577875855233287e-06
14285,1.2598956118381466e-06
14286,1.5033996305646724e-06
14287,1.833016312957625e-06
14288,2.1868172552785836e-06
14289,2.650067017384572e-06
14290,3.108093324044603e-06
14291,3.7094359868206084e-06
14292,4.238741439621663e-06
14293,4.926099791191518e-06
14294,5.399505880632205e-06
14295,5.98627184444922e-06
14296,6.159553322504507e-06
14297,6.354985544021474e-06
14298,6.021766694175312e-06
14299,5.672415682056453e-06
14300,4.906750291411299e-06
14301,4.194773282506503e-06
14302,3.3254266327276127e-06
14303,2.6037923817057163e-06
14304,1.9267142761236755e-06
14305,1.4227305200620322e-06
14306,1.0278789659423637e-06
14307,7.646894459867326e-07
14308,5.869419510418084e-07
14309,4.802600983566663e-07
14310,4.142292766573519e-07
14311,3.739561975635297e-07
14312,3.440182183567231e-07
14313,3.1906608910503564e-07
14314,2.9485877917068137e-07
14315,2.728726542500226e-07
14316,2.5436065698158927e-07
14317,2.4217308691731887e-07
14318,2.3822286721042474e-07
14319,2.437390946852247e-07
14320,2.595389219095523e-07
14321,2.8514568839455023e-07
14322,3.2123307391884737e-07
14323,3.667601049528457e-07
14324,4.246494427206926e-07
14325,4.940573035128182e-07
14326,5.830585791954945e-07
14327,6.905996770001366e-07
14328,8.33972819691553e-07
14329,1.0090186606248608e-06
14330,1.2493536587498966e-06
14331,1.5397250763271586e-06
14332,1.9426133803790435e-06
14333,2.408725777058862e-06
14334,3.0495161809085403e-06
14335,3.727002194864326e-06
14336,4.62795060229837e-06
14337,5.426093593996484e-06
14338,6.4175351326412056e-06
14339,7.000455752859125e-06
14340,7.63808930059895e-06
14341,7.5506400207814295e-06
14342,7.407943485304713e-06
14343,6.554786523338407e-06
14344,5.720328772440553e-06
14345,4.541467660601484e-06
14346,3.5317593756190035e-06
14347,2.5311808258265955e-06
14348,1.7591630694369087e-06
14349,1.1392422720746254e-06
14350,7.123086902538489e-07
14351,4.3193776377847826e-07
14352,2.781199555101921e-07
14353,2.183998901728046e-07
14354,2.2689317802360165e-07
14355,2.8121777972955897e-07
14356,3.6403946523932973e-07
14357,4.6314079327203217e-07
14358,5.686925419468025e-07
14359,6.798546223762969e-07
14360,7.891046038821514e-07
14361,9.083270242626895e-07
14362,1.0264200227538822e-06
14363,1.1697622994688572e-06
14364,1.3171279533708002e-06
14365,1.5117727798497071e-06
14366,1.7136813994511613e-06
14367,1.9878725652233697e-06
14368,2.262620910187252e-06
14369,2.6325542421545833e-06
14370,2.9745792744506616e-06
14371,3.42366547556594e-06
14372,3.7806412365171127e-06
14373,4.23278925154591e-06
14374,4.491906111070421e-06
14375,4.811232884094352e-06
14376,4.839293524128152e-06
14377,4.897027793049347e-06
14378,4.636429366655648e-06
14379,4.41177689936012e-06
14380,3.940677743230481e-06
14381,3.5415164347796235e-06
14382,3.016126129296026e-06
14383,2.5902008928824216e-06
14384,2.1352288968046196e-06
14385,1.779076455932227e-06
14386,1.4427209862333257e-06
14387,1.184910502161074e-06
14388,9.60078978096135e-07
14389,7.897518230493006e-07
14390,6.490349164778308e-07
14391,5.430355258795316e-07
14392,4.5880881316406885e-07
14393,3.9557482978125336e-07
14394,3.467193323558604e-07
14395,3.102365440099675e-07
14396,2.828076048899675e-07
14397,2.625583306326007e-07
14398,2.4784645802355953e-07
14399,2.373463701133005e-07
14400,2.3029667772789253e-07
14401,2.258706359725693e-07
14402,2.238064098492032e-07
14403,2.2366917562521849e-07
14404,2.25536183506847e-07
14405,2.2927559939489583e-07
14406,2.353371826302464e-07
14407,2.439223862893414e-07
14408,2.560359178005456e-07
14409,2.722279930367222e-07
14410,2.944736650078994e-07
14411,3.2400501481788524e-07
14412,3.6477257481237757e-07
14413,4.189179776403762e-07
14414,4.9430320814281e-07
14415,5.94406060372421e-07
14416,7.351604267569201e-07
14417,9.20565184969746e-07
14418,1.1826224408650887e-06
14419,1.5204376495603356e-06
14420,1.99594705918571e-06
14421,2.579551846793038e-06
14422,3.3822489058366045e-06
14423,4.273034392099362e-06
14424,5.432435955299297e-06
14425,6.4815276346053e-06
14426,7.71384293329902e-06
14427,8.394284122914542e-06
14428,9.084145858651027e-06
14429,8.885401257430203e-06
14430,8.750520464673173e-06
14431,7.923767043394037e-06
14432,7.4099493758694734e-06
14433,6.617136023123749e-06
14434,6.121984370111022e-06
14435,5.507920377567643e-06
14436,4.889198407909134e-06
14437,4.1469884308753535e-06
14438,3.2547768569202162e-06
14439,2.3709258130111266e-06
14440,1.5421717307617655e-06
14441,9.47372996051854e-07
14442,6.297969434854167e-07
14443,6.21658614363696e-07
14444,8.736096219763567e-07
14445,1.320194996878854e-06
14446,1.8299024304724298e-06
14447,2.3342686290561687e-06
14448,2.6815603177965386e-06
14449,2.887725713662803e-06
14450,2.8574056614161236e-06
14451,2.7307760319672525e-06
14452,2.4711121113796253e-06
14453,2.258628910567495e-06
14454,2.0432887595234206e-06
14455,1.9424403490120312e-06
14456,1.864163550635567e-06
14457,1.8612849999044556e-06
14458,1.8310349787498126e-06
14459,1.8133123376173899e-06
14460,1.7291774838668061e-06
14461,1.6361586858693045e-06
14462,1.4911367998138303e-06
14463,1.3600104011857184e-06
14464,1.2206202200104599e-06
14465,1.1245106179558206e-06
14466,1.0485109669389203e-06
14467,1.0225639925920404e-06
14468,1.0144242423848482e-06
14469,1.0420919807074824e-06
14470,1.0692864407246816e-06
14471,1.1150839327456197e-06
14472,1.1459577535788412e-06
14473,1.1893619102920638e-06
14474,1.216066721099196e-06
14475,1.263137164642103e-06
14476,1.3008612995690783e-06
14477,1.3736604387304396e-06
14478,1.4445231499848887e-06
14479,1.564336002957134e-06
14480,1.6821160215840791e-06
14481,1.8590286572361947e-06
14482,2.0240311187080806e-06
14483,2.2548972538061207e-06
14484,2.4519715680071386e-06
14485,2.7184771624888526e-06
14486,2.9176758289395366e-06
14487,3.186356252626865e-06
14488,3.344556262163678e-06
14489,3.566817440514569e-06
14490,3.6343399187899195e-06
14491,3.7579952731903177e-06
14492,3.6986971281294245e-06
14493,3.6890698993374826e-06
14494,3.4984097965207184e-06
14495,3.3565634112164844e-06
14496,3.0682333544973517e-06
14497,2.8332569854683243e-06
14498,2.5057042876142077e-06
14499,2.2375538719643373e-06
14500,1.92903280549217e-06
14501,1.6817008372527198e-06
14502,1.4307668152468977e-06
14503,1.2366444934741594e-06
14504,1.057252461578173e-06
14505,9.250560424334253e-07
14506,8.116614935715916e-07
14507,7.338122713917983e-07
14508,6.717932024002948e-07
14509,6.350095418383717e-07
14510,6.091081559134182e-07
14511,6.012069206917658e-07
14512,6.004428314554389e-07
14513,6.142817596810346e-07
14514,6.335935154311301e-07
14515,6.680144224446849e-07
14516,7.08667926119233e-07
14517,7.68637107739778e-07
14518,8.375408810934459e-07
14519,9.342288649349939e-07
14520,1.043978500092635e-06
14521,1.195039544654719e-06
14522,1.3631838555738796e-06
14523,1.5921646081551444e-06
14524,1.8381301742920186e-06
14525,2.1695227587770205e-06
14526,2.504013082216261e-06
14527,2.947403800135362e-06
14528,3.3493492992420215e-06
14529,3.869138708978426e-06
14530,4.2555607251415495e-06
14531,4.739523774333065e-06
14532,4.961259946867358e-06
14533,5.236984634393593e-06
14534,5.1510860430425964e-06
14535,5.090642844152171e-06
14536,4.680410711443983e-06
14537,4.310276835894911e-06
14538,3.7140123367862543e-06
14539,3.1960667001840193e-06
14540,2.600148491183063e-06
14541,2.1058745005575474e-06
14542,1.6315182165271835e-06
14543,1.2548420045277453e-06
14544,9.349085416943126e-07
14545,6.925187676642963e-07
14546,5.06198944094649e-07
14547,3.739143039638293e-07
14548,2.830884398008493e-07
14549,2.2639551389147528e-07
14550,1.9590700617300172e-07
14551,1.854886306773551e-07
14552,1.902337771753082e-07
14553,2.0644050380269618e-07
14554,2.3166639095961727e-07
14555,2.64096172486461e-07
14556,3.036990392502048e-07
14557,3.4951642646774417e-07
14558,4.044481727305538e-07
14559,4.6729371661058394e-07
14560,5.450203843793133e-07
14561,6.348004717438016e-07
14562,7.50201138544071e-07
14563,8.843709906614095e-07
14564,1.0621621413520188e-06
14565,1.2673858691414353e-06
14566,1.5439516118931351e-06
14567,1.8543307760410244e-06
14568,2.274123744427925e-06
14569,2.7182472877029795e-06
14570,3.310596639494179e-06
14571,3.87067984775058e-06
14572,4.591549895849312e-06
14573,5.137286279932596e-06
14574,5.796557161374949e-06
14575,6.065145043976372e-06
14576,6.359089184115874e-06
14577,6.116544227552367e-06
14578,5.867475010745693e-06
14579,5.162633442523656e-06
14580,4.519349658949068e-06
14581,3.6637138691730797e-06
14582,2.9508107672882034e-06
14583,2.2336325855576433e-06
14584,1.6777241853560554e-06
14585,1.2045313724229345e-06
14586,8.603753940406023e-07
14587,6.030799113432295e-07
14588,4.3125123738718685e-07
14589,3.221420286081411e-07
14590,2.6448958578839665e-07
14591,2.464608428454085e-07
14592,2.596654837816459e-07
14593,2.991883434333431e-07
14594,3.612947807596356e-07
14595,4.473288299777778e-07
14596,5.561917078011902e-07
14597,6.970498134251102e-07
14598,8.677117193656159e-07
14599,1.089043394131295e-06
14600,1.3502711908586207e-06
14601,1.689697228357545e-06
14602,2.070966274914099e-06
14603,2.555779474278097e-06
14604,3.0469486773654353e-06
14605,3.632880179793574e-06
14606,4.108092525711982e-06
14607,4.5965934987179935e-06
14608,4.783331405633362e-06
14609,4.866898962063715e-06
14610,4.545704541669693e-06
14611,4.1221874198527075e-06
14612,3.446364644332789e-06
14613,2.831511210388271e-06
14614,2.23793495024438e-06
14615,1.8589980754768476e-06
14616,1.6466467513964744e-06
14617,1.668663571763318e-06
14618,1.832531097534229e-06
14619,2.1361352082749363e-06
14620,2.4658720576553605e-06
14621,2.7829100872622803e-06
14622,2.9933894438727293e-06
14623,3.068927071581129e-06
14624,2.9795987757097464e-06
14625,2.7738860808312893e-06
14626,2.477805992384674e-06
14627,2.20682704821229e-06
14628,1.9666458683786914e-06
14629,1.8587035128803109e-06
14630,1.8205333844889537e-06
14631,1.9058745692746015e-06
14632,2.002152768909582e-06
14633,2.149862666556146e-06
14634,2.2264066501520574e-06
14635,2.3023410449241055e-06
14636,2.2746564809494885e-06
14637,2.251220848847879e-06
14638,2.153698233087198e-06
14639,2.1013561308791395e-06
14640,2.0215707081661094e-06
14641,2.016918642766541e-06
14642,2.0018846953462344e-06
14643,2.0563575162668712e-06
14644,2.0823099475819618e-06
14645,2.148192834283691e-06
14646,2.157211156372796e-06
14647,2.1804125935886987e-06
14648,2.1344162632885855e-06
14649,2.0995944396418054e-06
14650,2.007521288760472e-06
14651,1.9433741726970766e-06
14652,1.845155793489539e-06
14653,1.7932347873284016e-06
14654,1.7240236047655344e-06
14655,1.7075811911126948e-06
14656,1.6764796555435169e-06
14657,1.6929526509557036e-06
14658,1.687689632490219e-06
14659,1.721928811093676e-06
14660,1.726676600810606e-06
14661,1.7666732219367987e-06
14662,1.773340727595496e-06
14663,1.8167482949138503e-06
14664,1.8267094219481805e-06
14665,1.8781594235406374e-06
14666,1.8964474293170497e-06
14667,1.9605972738645505e-06
14668,1.9886285826942185e-06
14669,2.0641016362787923e-06
14670,2.09638028536574e-06
14671,2.1742325770901516e-06
14672,2.1992309484630823e-06
14673,2.266225692437729e-06
14674,2.2712101781507954e-06
14675,2.3151874302129727e-06
14676,2.2921294657862745e-06
14677,2.3070467705110786e-06
14678,2.255549816254643e-06
14679,2.243178641947452e-06
14680,2.170101197407348e-06
14681,2.138478976121405e-06
14682,2.054990318356431e-06
14683,2.014808160311077e-06
14684,1.931860424519982e-06
14685,1.8926715483758016e-06
14686,1.818320242819027e-06
14687,1.7867475889943307e-06
14688,1.725526999507565e-06
14689,1.7053081364792888e-06
14690,1.6591022813372547e-06
14691,1.652048581490817e-06
14692,1.6209357909247046e-06
14693,1.6275962479994632e-06
14694,1.610882122804469e-06
14695,1.6314030517605715e-06
14696,1.6284250250464538e-06
14697,1.6630821164653753e-06
14698,1.6729502476664493e-06
14699,1.7216515288964729e-06
14700,1.7432153072149958e-06
14701,1.8053524399874732e-06
14702,1.8364753486821428e-06
14703,1.9099693417956587e-06
14704,1.9469282506179297e-06
14705,2.0276077066228027e-06
14706,2.0646484699682333e-06
14707,2.14646092899784e-06
14708,2.176641373807797e-06
14709,2.251785190310329e-06
14710,2.267316858706181e-06
14711,2.3273209990293253e-06
14712,2.321455895071267e-06
14713,2.3589213924424257e-06
14714,2.3269296889338875e-06
14715,2.3369921109406278e-06
14716,2.278526153531857e-06
14717,2.2612987322645495e-06
14718,2.1807286429975647e-06
14719,2.1408102384157246e-06
14720,2.04609705178882e-06
14721,1.9915116808988387e-06
14722,1.8921077753475402e-06
14723,1.8319731225346914e-06
14724,1.7369942497680313e-06
14725,1.6803965081635397e-06
14726,1.597322238922061e-06
14727,1.5511569699810934e-06
14728,1.4849877061351435e-06
14729,1.4545048543368466e-06
14730,1.4086774626775878e-06
14731,1.397740902575606e-06
14732,1.3741272368861246e-06
14733,1.3853577911504544e-06
14734,1.385313453283743e-06
14735,1.421373099219636e-06
14736,1.4463306570178247e-06
14737,1.5101003327799845e-06
14738,1.5613914001733065e-06
14739,1.6556789432797814e-06
14740,1.7339194755550125e-06
14741,1.8601109559313045e-06
14742,1.963107024494093e-06
14743,2.1186042431509122e-06
14744,2.238392426079372e-06
14745,2.413322590655298e-06
14746,2.5332619770779274e-06
14747,2.706808345465106e-06
14748,2.8005292733723763e-06
14749,2.942020500995568e-06
14750,2.978102202177979e-06
14751,3.0535893529304303e-06
14752,3.007160557899624e-06
14753,2.994550641233218e-06
14754,2.8614686016226187e-06
14755,2.7630317163129803e-06
14756,2.56512521445984e-06
14757,2.40794497585739e-06
14758,2.1837124677404063e-06
14759,2.0070824575668667e-06
14760,1.7956995179702062e-06
14761,1.635221678952803e-06
14762,1.4638521861343179e-06
14763,1.3423044720184407e-06
14764,1.2244428262420115e-06
14765,1.1529865560078179e-06
14766,1.0931785254797433e-06
14767,1.077324895959464e-06
14768,1.0789609632411157e-06
14769,1.1252416243223706e-06
14770,1.1958409231738187e-06
14771,1.3154160569683881e-06
14772,1.4680590538773686e-06
14773,1.6737542409828166e-06
14774,1.9182411961082835e-06
14775,2.2081612769397907e-06
14776,2.5253702915506437e-06
14777,2.8462004593166057e-06
14778,3.1437316465598997e-06
14779,3.3556616472196765e-06
14780,3.458145101831178e-06
14781,3.385703166713938e-06
14782,3.1557021884509595e-06
14783,2.768063495750539e-06
14784,2.291261125719757e-06
14785,1.7960196601052303e-06
14786,1.345455871160084e-06
14787,1.0080277661472792e-06
14788,7.947816129671992e-07
14789,7.265846306836465e-07
14790,7.732657536507759e-07
14791,9.236983373739349e-07
14792,1.1294235946479603e-06
14793,1.3814161547998083e-06
14794,1.6191496570172603e-06
14795,1.861383225332247e-06
14796,2.038867023657076e-06
14797,2.2119625100458506e-06
14798,2.3115003386919852e-06
14799,2.4382813990087016e-06
14800,2.522183649489307e-06
14801,2.691079089345294e-06
14802,2.8463578019000124e-06
14803,3.131244511678233e-06
14804,3.3764931686164346e-06
14805,3.745039293789887e-06
14806,3.97451913158875e-06
14807,4.263280516170198e-06
14808,4.290310243959539e-06
14809,4.3059676499979105e-06
14810,4.020473625132581e-06
14811,3.718633706739638e-06
14812,3.209028363926336e-06
14813,2.7457749638415407e-06
14814,2.2234421521716285e-06
14815,1.8044352145807352e-06
14816,1.4243660189094953e-06
14817,1.1531960808497388e-06
14818,9.425913276572828e-07
14819,8.080588145276124e-07
14820,7.12828523319331e-07
14821,6.545181463479821e-07
14822,6.081853598516318e-07
14823,5.724149332309025e-07
14824,5.334005663826247e-07
14825,4.951174332745722e-07
14826,4.5222407152323285e-07
14827,4.11340124628623e-07
14828,3.715718719377037e-07
14829,3.3865654813780566e-07
14830,3.126446870282962e-07
14831,2.9677687507501105e-07
14832,2.9032167958575883e-07
14833,2.9472397500285297e-07
14834,3.083652870827791e-07
14835,3.326601074604696e-07
14836,3.6564733818522654e-07
14837,4.107629649752198e-07
14838,4.6594834657298634e-07
14839,5.387303758652706e-07
14840,6.2640970099892e-07
14841,7.439030014211312e-07
14842,8.856314934746479e-07
14843,1.0792387001856696e-06
14844,1.3103821174809127e-06
14845,1.629060761842993e-06
14846,1.9967424123024102e-06
14847,2.5006117994053056e-06
14848,3.0412679734581616e-06
14849,3.7626607536367374e-06
14850,4.435733899299521e-06
14851,5.285591214487795e-06
14852,5.8742257351696026e-06
14853,6.546897566295229e-06
14854,6.678424142592121e-06
14855,6.781529918953311e-06
14856,6.2456310843117535e-06
14857,5.695593699783785e-06
14858,4.728511612483999e-06
14859,3.869385182042606e-06
14860,2.916828634624835e-06
14861,2.1512310013349634e-06
14862,1.4785924804527895e-06
14863,9.8384964530851e-07
14864,6.191087322804378e-07
14865,3.8343597452694667e-07
14866,2.486267760559713e-07
14867,1.9527114147877e-07
14868,2.045791518412443e-07
14869,2.611229206195276e-07
14870,3.536272288329201e-07
14871,4.713168664238765e-07
14872,6.123603384367016e-07
14873,7.644300694664707e-07
14874,9.381898280480527e-07
14875,1.1120292811028776e-06
14876,1.3126721114531392e-06
14877,1.50139385368675e-06
14878,1.7247991763724713e-06
14879,1.9193503248970956e-06
14880,2.155334641429363e-06
14881,2.337902287763427e-06
14882,2.564412625361001e-06
14883,2.7067635528510436e-06
14884,2.890336190830567e-06
14885,2.9590119083877653e-06
14886,3.0633586902695242e-06
14887,3.0332005280797603e-06
14888,3.0346943731274223e-06
14889,2.9028153676335933e-06
14890,2.80389372164791e-06
14891,2.595229489088524e-06
14892,2.425854972898378e-06
14893,2.1834925973962527e-06
14894,1.9865715330524836e-06
14895,1.7525551356811775e-06
14896,1.5654633216399816e-06
14897,1.3670850194102968e-06
14898,1.2116224752389826e-06
14899,1.0590017609501956e-06
14900,9.420665492143598e-07
14901,8.331766139235697e-07
14902,7.519371365560801e-07
14903,6.792980684622307e-07
14904,6.274706265685381e-07
14905,5.829233487020247e-07
14906,5.542036092265334e-07
14907,5.313365250003699e-07
14908,5.213994427322177e-07
14909,5.165306902199518e-07
14910,5.236446440903819e-07
14911,5.35822152869514e-07
14912,5.611353799395147e-07
14913,5.926403900957666e-07
14914,6.406015700122225e-07
14915,6.969337391637964e-07
14916,7.759253435324354e-07
14917,8.664424626658729e-07
14918,9.896900792227825e-07
14919,1.128056055677007e-06
14920,1.3137542964614113e-06
14921,1.5160331940933247e-06
14922,1.784425421647029e-06
14923,2.0622119336621836e-06
14924,2.424527792754816e-06
14925,2.7681303436111193e-06
14926,3.204438598913839e-06
14927,3.5576970276451902e-06
14928,3.9889023355499376e-06
14929,4.237141183693893e-06
14930,4.529797479335684e-06
14931,4.547623575490434e-06
14932,4.589780928654363e-06
14933,4.3433610699139535e-06
14934,4.146998435317073e-06
14935,3.7489476198970806e-06
14936,3.4578924896777608e-06
14937,3.0934468213672517e-06
14938,2.8775311875506304e-06
14939,2.688120048333076e-06
14940,2.645211679919157e-06
14941,2.671308948265505e-06
14942,2.7875883006345248e-06
14943,2.952320301119471e-06
14944,3.0890723792253993e-06
14945,3.194229520886438e-06
14946,3.1265653888112865e-06
14947,2.9487675874406705e-06
14948,2.5532003746775445e-06
14949,2.0795412183360895e-06
14950,1.5209146795314155e-06
14951,1.0181688594457228e-06
14952,6.077690386518952e-07
14953,3.476988297279604e-07
14954,2.3986402197806456e-07
14955,2.6686007004173007e-07
14956,3.9080174474293017e-07
14957,5.679798960045446e-07
14958,7.536686439379991e-07
14959,9.10754238248046e-07
14960,1.0155827112612315e-06
14961,1.0554432492426713e-06
14962,1.0360922715335619e-06
14963,9.73929218162084e-07
14964,8.892716323316563e-07
14965,8.135632469929988e-07
14966,7.592919359922234e-07
14967,7.533870416409627e-07
14968,7.894956297604949e-07
14969,8.849440291669453e-07
14970,1.0166870652028592e-06
14971,1.202287535306823e-06
14972,1.4045024272490991e-06
14973,1.656091967561224e-06
14974,1.9014036070075235e-06
14975,2.2017206902091857e-06
14976,2.4722028229007265e-06
14977,2.8129556994827e-06
14978,3.092103952440084e-06
14979,3.4568247428978793e-06
14980,3.707519681483973e-06
14981,4.043257831654046e-06
14982,4.1884031816152856e-06
14983,4.393142262415495e-06
14984,4.3353584260330535e-06
14985,4.301882654544897e-06
14986,3.99396685679676e-06
14987,3.698755790537689e-06
14988,3.2048724278865848e-06
14989,2.749902705545537e-06
14990,2.2191406969795935e-06
14991,1.7654164139457862e-06
14992,1.3346204923436744e-06
14993,9.975738066714257e-07
14994,7.246414952533087e-07
14995,5.329540044840542e-07
14996,4.011703822470736e-07
14997,3.2294963148160605e-07
14998,2.815783659571025e-07
14999,2.662113445239811e-07
15000,2.651540853548795e-07
15001,2.711994397941453e-07
15002,2.776956478101056e-07
15003,2.823660452122567e-07
15004,2.827591174536792e-07
15005,2.798710170281993e-07
15006,2.7391442358748463e-07
15007,2.6694783628045116e-07
15008,2.604870132927317e-07
15009,2.562559870966652e-07
15010,2.561052951932652e-07
15011,2.60979192034938e-07
15012,2.7301982186145324e-07
15013,2.9258131917231367e-07
15014,3.227931699711917e-07
15015,3.637475742834795e-07
15016,4.2100666064470715e-07
15017,4.945194405081565e-07
15018,5.950249715169775e-07
15019,7.213034791675454e-07
15020,8.941144642449217e-07
15021,1.1072472716477932e-06
15022,1.4001866475155111e-06
15023,1.7499742170912214e-06
15024,2.2288625132205198e-06
15025,2.7656496968120337e-06
15026,3.484823082544608e-06
15027,4.197756425128318e-06
15028,5.105945092509501e-06
15029,5.805652563140029e-06
15030,6.617351118620718e-06
15031,6.901711913087638e-06
15032,7.1639583438809495e-06
15033,6.72246369504137e-06
15034,6.244622909434838e-06
15035,5.258699729893124e-06
15036,4.361994797363877e-06
15037,3.3273672670475207e-06
15038,2.4812914034555433e-06
15039,1.7344141269859392e-06
15040,1.1811720241894363e-06
15041,7.85722136242839e-07
15042,5.418521027422685e-07
15043,4.284723331693385e-07
15044,4.198396084120759e-07
15045,4.986107455806632e-07
15046,6.406432930816663e-07
15047,8.366038173335255e-07
15048,1.0568395509835682e-06
15049,1.3099410125505528e-06
15050,1.546614726066764e-06
15051,1.8027059240921517e-06
15052,1.9999868072773097e-06
15053,2.2065530629333807e-06
15054,2.3166462597146165e-06
15055,2.429556161587243e-06
15056,2.42523265114869e-06
15057,2.4245757686003344e-06
15058,2.3118477656680625e-06
15059,2.211632818216458e-06
15060,2.0270185814297292e-06
15061,1.8675202682061354e-06
15062,1.660142288528732e-06
15063,1.487343865846924e-06
15064,1.2974403489351971e-06
15065,1.1447107226558728e-06
15066,9.935831712937215e-07
15067,8.762196443967696e-07
15068,7.685998184570053e-07
15069,6.885169909764954e-07
15070,6.196686399562168e-07
15071,5.71939381188713e-07
15072,5.33961951987294e-07
15073,5.120291461935267e-07
15074,4.98034182783158e-07
15075,4.971730049874168e-07
15076,5.030079819334787e-07
15077,5.209694791119546e-07
15078,5.452554887597216e-07
15079,5.82800282700191e-07
15080,6.273701274039922e-07
15081,6.88462023390457e-07
15082,7.580129590678553e-07
15083,8.495480301462521e-07
15084,9.50889557316259e-07
15085,1.0815149380505318e-06
15086,1.2214447906444548e-06
15087,1.3989742910780478e-06
15088,1.5800792425579857e-06
15089,1.8053576695820084e-06
15090,2.01832631319121e-06
15091,2.276844725201954e-06
15092,2.493101192158065e-06
15093,2.7497139853949193e-06
15094,2.9245848054415546e-06
15095,3.1352260521089192e-06
15096,3.231352593502379e-06
15097,3.3736182558641303e-06
15098,3.393097358639352e-06
15099,3.4905062875623116e-06
15100,3.478547114355024e-06
15101,3.580556722226902e-06
15102,3.5840566852129996e-06
15103,3.7082290873513557e-06
15104,3.7188785881880904e-06
15105,3.8032469547033543e-06
15106,3.735717882591416e-06
15107,3.6573660509020556e-06
15108,3.404817107366398e-06
15109,3.0862336188874906e-06
15110,2.6379432256362634e-06
15111,2.155476295229164e-06
15112,1.6494842611791682e-06
15113,1.1931465451198164e-06
15114,8.07627714038972e-07
15115,5.23885148595582e-07
15116,3.3927227605090593e-07
15117,2.47539361453164e-07
15118,2.2847007130621932e-07
15119,2.606697364626598e-07
15120,3.2112217240864993e-07
15121,3.917618300874892e-07
15122,4.546619720713352e-07
15123,5.029932026445749e-07
15124,5.267390292829077e-07
15125,5.298375072015915e-07
15126,5.103086664348666e-07
15127,4.776973696607456e-07
15128,4.3568462615439785e-07
15129,3.932888148483471e-07
15130,3.5582789337240683e-07
15131,3.2836570085237327e-07
15132,3.151911300847132e-07
15133,3.173018967572716e-07
15134,3.3791317832765344e-07
15135,3.756305204660748e-07
15136,4.3473895061652e-07
15137,5.127144504513126e-07
15138,6.185117626955616e-07
15139,7.478997190446535e-07
15140,9.197499366564443e-07
15141,1.1243248536629835e-06
15142,1.3980832136439858e-06
15143,1.7149463928944897e-06
15144,2.141001232303097e-06
15145,2.6072505079355324e-06
15146,3.226923354304745e-06
15147,3.834476956399158e-06
15148,4.612642442225479e-06
15149,5.222739218879724e-06
15150,5.950432750978507e-06
15151,6.257514542085119e-06
15152,6.575374754902441e-06
15153,6.295402727118926e-06
15154,5.980251444270834e-06
15155,5.169655196368694e-06
15156,4.396823442220921e-06
15157,3.429373464314267e-06
15158,2.5975400603783783e-06
15159,1.8181549421569798e-06
15160,1.2123589385737432e-06
15161,7.520160352214589e-07
15162,4.4798912313126493e-07
15163,2.8019937303724873e-07
15164,2.2771627072870615e-07
15165,2.6853325607589795e-07
15166,3.7958960774631123e-07
15167,5.432384568848647e-07
15168,7.352063562393596e-07
15169,9.520117600914091e-07
15170,1.1599170193221653e-06
15171,1.3773774298897479e-06
15172,1.5542051414740854e-06
15173,1.7351752603644854e-06
15174,1.852063178375829e-06
15175,1.974664201043197e-06
15176,2.020402007474331e-06
15177,2.0778738871740643e-06
15178,2.058026211670949e-06
15179,2.05839342015679e-06
15180,1.9913272808480542e-06
15181,1.9520139176165685e-06
15182,1.8599480426928494e-06
15183,1.8002132264882675e-06
15184,1.7023256759785e-06
15185,1.6378244254156016e-06
15186,1.5464279385923874e-06
15187,1.486275095885503e-06
15188,1.40667793857574e-06
15189,1.3546567743105697e-06
15190,1.2876943173978361e-06
15191,1.244869849870156e-06
15192,1.1900308436452178e-06
15193,1.1562563031475293e-06
15194,1.1124733418910182e-06
15195,1.087720988834917e-06
15196,1.0546106068431982e-06
15197,1.0394023775006644e-06
15198,1.0171601161346189e-06
15199,1.0126236702490132e-06
15200,1.0020792160503333e-06
15201,1.0098682423631544e-06
15202,1.0126145753019955e-06
15203,1.0354784762967029e-06
15204,1.0537288517298293e-06
15205,1.0947583177767228e-06
15206,1.1309366527711973e-06
15207,1.1935806014662376e-06
15208,1.250055902346503e-06
15209,1.3380124528339365e-06
15210,1.41678128784406e-06
15211,1.5329214875237085e-06
15212,1.6339693047484616e-06
15213,1.7785972659112304e-06
15214,1.8975139255417162e-06
15215,2.0648928966693347e-06
15216,2.190119630540721e-06
15217,2.3660877559450455e-06
15218,2.477904445186141e-06
15219,2.6384921056887833e-06
15220,2.709844238779624e-06
15221,2.8232830118213315e-06
15222,2.826428499247413e-06
15223,2.8628462587221293e-06
15224,2.7811895506602013e-06
15225,2.726185130086378e-06
15226,2.564472652011318e-06
15227,2.4277189822896617e-06
15228,2.2118319975561462e-06
15229,2.0233112536516273e-06
15230,1.7896772988024168e-06
15231,1.5869507024035556e-06
15232,1.368973698845366e-06
15233,1.1833458302135114e-06
15234,1.0021739171861554e-06
15235,8.514763294442673e-07
15236,7.145865765778581e-07
15237,6.035725732544961e-07
15238,5.080706841908977e-07
15239,4.3254209458609694e-07
15240,3.703826223500073e-07
15241,3.2253663562187285e-07
15242,2.846533675437968e-07
15243,2.564242720382026e-07
15244,2.350164720610337e-07
15245,2.1990514653680293e-07
15246,2.0935883071615535e-07
15247,2.0312305082370585e-07
15248,2.0022629598770436e-07
15249,2.0080449303350179e-07
15250,2.0448234749892436e-07
15251,2.119809039413667e-07
15252,2.235057792177031e-07
15253,2.4068813786470855e-07
15254,2.6444752165843965e-07
15255,2.9809140755787666e-07
15256,3.4362585665803635e-07
15257,4.0782762766866654e-07
15258,4.941921929457749e-07
15259,6.164340220493614e-07
15260,7.792695555508544e-07
15261,1.0101855423272355e-06
15262,1.3109772680763854e-06
15263,1.7340803424303886e-06
15264,2.258330368931638e-06
15265,2.9736229407717474e-06
15266,3.771089495785418e-06
15267,4.781753887073137e-06
15268,5.680753474734956e-06
15269,6.654096523561748e-06
15270,7.101336450432427e-06
15271,7.396783985313959e-06
15272,6.93775064064539e-06
15273,6.412764378183056e-06
15274,5.482131655298872e-06
15275,4.847673153562937e-06
15276,4.25593043473782e-06
15277,4.066784640599508e-06
15278,3.975344043283258e-06
15279,3.9930723687575664e-06
15280,3.878873030771501e-06
15281,3.509349653540994e-06
15282,2.903022050304571e-06
15283,2.0860070435446687e-06
15284,1.2845838455177727e-06
15285,6.314800202744664e-07
15286,2.551341253820283e-07
15287,1.7310506450485263e-07
15288,3.3344650773869944e-07
15289,6.361950113387138e-07
15290,9.648255172578502e-07
15291,1.2242093134773313e-06
15292,1.3459280125971418e-06
15293,1.3281326118885772e-06
15294,1.2054664466631948e-06
15295,1.041695213643834e-06
15296,9.137613687926205e-07
15297,8.514444402862864e-07
15298,8.855506621330278e-07
15299,9.775008038559463e-07
15300,1.1151290664201952e-06
15301,1.2313123534113402e-06
15302,1.3272353953652782e-06
15303,1.3534989875552128e-06
15304,1.3538411849367549e-06
15305,1.307252546212112e-06
15306,1.2782196563421167e-06
15307,1.2490270364651224e-06
15308,1.272114218409115e-06
15309,1.3080423286737641e-06
15310,1.3911833320889855e-06
15311,1.4624345112679293e-06
15312,1.554498112454894e-06
15313,1.6051108104875311e-06
15314,1.6617715346001205e-06
15315,1.6693800262146397e-06
15316,1.69217491929885e-06
15317,1.677770455899008e-06
15318,1.6974497611954575e-06
15319,1.6919823337957496e-06
15320,1.7298469856541487e-06
15321,1.7404526033715229e-06
15322,1.7895856672112131e-06
15323,1.7999686861003283e-06
15324,1.8406458366371226e-06
15325,1.833813030316378e-06
15326,1.8548538491813815e-06
15327,1.8283438976141042e-06
15328,1.8331068076804513e-06
15329,1.7952229427464772e-06
15330,1.7917780041898368e-06
15331,1.749265038597514e-06
15332,1.7402987850800855e-06
15333,1.692955720500322e-06
15334,1.674830514275527e-06
15335,1.618838609829254e-06
15336,1.5886097344264272e-06
15337,1.5242727613440366e-06
15338,1.485144366597524e-06
15339,1.418877104697458e-06
15340,1.3794275446343818e-06
15341,1.320150090577954e-06
15342,1.2887317097920459e-06
15343,1.2427648243829026e-06
15344,1.224442598868336e-06
15345,1.1940906006202567e-06
15346,1.1898475804628106e-06
15347,1.1738591183529934e-06
15348,1.1826939498860156e-06
15349,1.179589276034676e-06
15350,1.2012219485768583e-06
15351,1.2105667792638997e-06
15352,1.2457937828003196e-06
15353,1.2678963230428053e-06
15354,1.317928081334685e-06
15355,1.3530338947020937e-06
15356,1.4184815881890245e-06
15357,1.4654291362603544e-06
15358,1.544968540656555e-06
15359,1.600450445948809e-06
15360,1.6902333754842402e-06
15361,1.7482112752986723e-06
15362,1.8416844795865472e-06
15363,1.8939858819067013e-06
15364,1.9817202883132268e-06
15365,2.0182424123049714e-06
15366,2.0895024590572575e-06
15367,2.100671053995029e-06
15368,2.1451485281431815e-06
15369,2.1238906811049674e-06
15370,2.134878286597086e-06
15371,2.079994374071248e-06
15372,2.0568008949339855e-06
15373,1.9732069631572813e-06
15374,1.9215294742025435e-06
15375,1.8191074104834115e-06
15376,1.7487240029367968e-06
15377,1.639210722714779e-06
15378,1.5612665720254881e-06
15379,1.4555419056705432e-06
15380,1.3804091167912702e-06
15381,1.2868802059529116e-06
15382,1.2218000620123348e-06
15383,1.1449150179032586e-06
15384,1.0939747880911455e-06
15385,1.0354317510063993e-06
15386,1.0003373063227627e-06
15387,9.601460533303907e-07
15388,9.414687838216196e-07
15389,9.18858575005288e-07
15390,9.165509595732146e-07
15391,9.110185601457488e-07
15392,9.25840254240029e-07
15393,9.375556828672416e-07
15394,9.707260915092775e-07
15395,1.000415636553953e-06
15396,1.053920527738228e-06
15397,1.1029991355826496e-06
15398,1.179658283945173e-06
15399,1.2497476973294397e-06
15400,1.3522301287594019e-06
15401,1.4437243862630567e-06
15402,1.5728361404399038e-06
15403,1.682896936472389e-06
15404,1.835375087466673e-06
15405,1.9556330244085984e-06
15406,2.1210555587458657e-06
15407,2.2350084236677503e-06
15408,2.3935276658448856e-06
15409,2.477340103723691e-06
15410,2.601303322080639e-06
15411,2.6280672500433866e-06
15412,2.6889149467024254e-06
15413,2.639729700604221e-06
15414,2.620347459014738e-06
15415,2.4942548861872638e-06
15416,2.3975555905053625e-06
15417,2.2142617126519326e-06
15418,2.063540250674123e-06
15419,1.855413529483485e-06
15420,1.6831741049827542e-06
15421,1.481930780755647e-06
15422,1.3171046475690673e-06
15423,1.1443444236647338e-06
15424,1.005048261504271e-06
15425,8.697203384144814e-07
15426,7.625151852153067e-07
15427,6.639909315708792e-07
15428,5.875263582311163e-07
15429,5.202253987590666e-07
15430,4.694286701578676e-07
15431,4.2645353914849693e-07
15432,3.956021714657254e-07
15433,3.7085840176587226e-07
15434,3.5532909237190324e-07
15435,3.4475834809200023e-07
15436,3.4199740639451193e-07
15437,3.437892246438423e-07
15438,3.5341781767783687e-07
15439,3.6828348015660595e-07
15440,3.928809633180208e-07
15441,4.2476557382542524e-07
15442,4.705906349045108e-07
15443,5.276035039969429e-07
15444,6.063827981961367e-07
15445,7.026546882116236e-07
15446,8.340654176208773e-07
15447,9.919921239998075e-07
15448,1.2059707614753279e-06
15449,1.455726987842354e-06
15450,1.7902896161103854e-06
15451,2.16038097278215e-06
15452,2.643476136654499e-06
15453,3.126233195871464e-06
15454,3.7237105061649345e-06
15455,4.2110095819225535e-06
15456,4.756916041515069e-06
15457,5.011942448618356e-06
15458,5.23409471497871e-06
15459,5.039042662247084e-06
15460,4.794290816789726e-06
15461,4.212965450278716e-06
15462,3.6879955587210134e-06
15463,3.0527044145856053e-06
15464,2.5908261704898905e-06
15465,2.1949404072074685e-06
15466,1.9986093775514746e-06
15467,1.918122961797053e-06
15468,1.9725703168660402e-06
15469,2.099654238918447e-06
15470,2.236685304524144e-06
15471,2.3534964839200256e-06
15472,2.344040694879368e-06
15473,2.235977717646165e-06
15474,1.9557407995307585e-06
15475,1.5983328012225684e-06
15476,1.170339828604483e-06
15477,7.756593163321668e-07
15478,4.5145097260501643e-07
15479,2.4167474066416617e-07
15480,1.503757971477171e-07
15481,1.6253684975708893e-07
15482,2.478851399700943e-07
15483,3.6964715377507673e-07
15484,4.949923209096596e-07
15485,5.919282557442784e-07
15486,6.489698307632352e-07
15487,6.518170039271354e-07
15488,6.138016033219174e-07
15489,5.400831355473201e-07
15490,4.542725378087198e-07
15491,3.6992844343330944e-07
15492,3.0337929501911276e-07
15493,2.6291735366612556e-07
15494,2.5138871251328965e-07
15495,2.6814018383447547e-07
15496,3.071190235459653e-07
15497,3.6423477922653547e-07
15498,4.3107240799145075e-07
15499,5.074674618299468e-07
15500,5.860815690539312e-07
15501,6.756564516763319e-07
15502,7.697285013819055e-07
15503,8.885633633326506e-07
15504,1.023180857373518e-06
15505,1.2083581850674818e-06
15506,1.4239517440728378e-06
15507,1.7259989135709475e-06
15508,2.0653953924920643e-06
15509,2.530975962145021e-06
15510,3.0094636258581886e-06
15511,3.635935172496829e-06
15512,4.1775529098231345e-06
15513,4.831661954085575e-06
15514,5.209328264754731e-06
15515,5.596315077127656e-06
15516,5.5169157349155284e-06
15517,5.36601555722882e-06
15518,4.756980160891544e-06
15519,4.126291969441809e-06
15520,3.2713664950279053e-06
15521,2.518982228139066e-06
15522,1.788414920156356e-06
15523,1.227032157657959e-06
15524,7.919282438706432e-07
15525,5.066444828116801e-07
15526,3.359573668149096e-07
15527,2.586234018053801e-07
15528,2.454528669204592e-07
15529,2.738145497005462e-07
15530,3.24014507668835e-07
15531,3.836834423509572e-07
15532,4.4482661110123445e-07
15533,5.025473228670307e-07
15534,5.599343353424047e-07
15535,6.133400347607676e-07
15536,6.741557854184066e-07
15537,7.344407322307234e-07
15538,8.11158997748862e-07
15539,8.888445108823362e-07
15540,9.893506103253458e-07
15541,1.0877432714551105e-06
15542,1.2123485930715105e-06
15543,1.3267440408526454e-06
15544,1.4687167322335881e-06
15545,1.5884951380940038e-06
15546,1.736636590976559e-06
15547,1.8476107470632996e-06
15548,1.987101086342591e-06
15549,2.0727322862512665e-06
15550,2.186549181715236e-06
15551,2.2312133296509273e-06
15552,2.303871497133514e-06
15553,2.296698994541657e-06
15554,2.3175662136054598e-06
15555,2.2558533601113595e-06
15556,2.22260678128805e-06
15557,2.1131190806045197e-06
15558,2.032496695392183e-06
15559,1.8895536868512863e-06
15560,1.77532297129801e-06
15561,1.6168214642675593e-06
15562,1.4862987427477492e-06
15563,1.329818474005151e-06
15564,1.2001569302810822e-06
15565,1.0596979791444028e-06
15566,9.442231885259389e-07
15567,8.285155104204023e-07
15568,7.352664397330955e-07
15569,6.475061127275694e-07
15570,5.789095212094253e-07
15571,5.177789148547163e-07
15572,4.7227695176843554e-07
15573,4.340338080055517e-07
15574,4.081708482317481e-07
15575,3.8854560102663527e-07
15576,3.7901452287769644e-07
15577,3.7472835856533493e-07
15578,3.792554821302474e-07
15579,3.8853707451380615e-07
15580,4.068210728291888e-07
15581,4.3030084384554357e-07
15582,4.6462204750241654e-07
15583,5.056135705672204e-07
15584,5.615266331915336e-07
15585,6.266712375690986e-07
15586,7.135773216759844e-07
15587,8.133645792440802e-07
15588,9.456629186388454e-07
15589,1.0944987707262044e-06
15590,1.2909599718113896e-06
15591,1.5045961845316924e-06
15592,1.784457253961591e-06
15593,2.071266862913035e-06
15594,2.440936441416852e-06
15595,2.783267518680077e-06
15596,3.2124066819960717e-06
15597,3.5420705444266787e-06
15598,3.939768703276059e-06
15599,4.13596762882662e-06
15600,4.365579115983564e-06
15601,4.3136096792295575e-06
15602,4.277083462511655e-06
15603,3.9654632928431965e-06
15604,3.687395064844168e-06
15605,3.230142965549021e-06
15606,2.839750322891632e-06
15607,2.388285111010191e-06
15608,2.0187037534924457e-06
15609,1.6673770915076602e-06
15610,1.3882307712265174e-06
15611,1.1570240303626633e-06
15612,9.773987130756723e-07
15613,8.454049975625821e-07
15614,7.461792392859934e-07
15615,6.840275545982877e-07
15616,6.42652253191045e-07
15617,6.286335292315925e-07
15618,6.286979896685807e-07
15619,6.4997902882169e-07
15620,6.807731551816687e-07
15621,7.300234869944688e-07
15622,7.840213811505237e-07
15623,8.556586408303701e-07
15624,9.256136763724498e-07
15625,1.0132143870578147e-06
15626,1.091001536224212e-06
15627,1.1867655302921776e-06
15628,1.263423428099486e-06
15629,1.3583313602794078e-06
15630,1.4244781141314888e-06
15631,1.5088039617694449e-06
15632,1.5555262962152483e-06
15633,1.620151920178614e-06
15634,1.640293362470402e-06
15635,1.6778561757746502e-06
15636,1.6674540574967978e-06
15637,1.674672944318445e-06
15638,1.634874934097752e-06
15639,1.6137925058501423e-06
15640,1.5509483546338743e-06
15641,1.508461650701065e-06
15642,1.4321051367005566e-06
15643,1.3777756748822867e-06
15644,1.2984500017410028e-06
15645,1.242269718204625e-06
15646,1.1690697192534572e-06
15647,1.1192919373570476e-06
15648,1.058698558153992e-06
15649,1.0210754908257513e-06
15650,9.769225925992941e-07
15651,9.549327160129906e-07
15652,9.291948117606808e-07
15653,9.250935590898735e-07
15654,9.186007901007542e-07
15655,9.337106234852399e-07
15656,9.471127100368903e-07
15657,9.831801435211673e-07
15658,1.0174103408644442e-06
15659,1.0762182682810817e-06
15660,1.1320325938868336e-06
15661,1.2151955388617353e-06
15662,1.2924039083372918e-06
15663,1.399870598106645e-06
15664,1.495252149652515e-06
15665,1.6227163541771006e-06
15666,1.727297785691917e-06
15667,1.8629357327881735e-06
15668,1.959469955181703e-06
15669,2.0828626929869642e-06
15670,2.1477169411809882e-06
15671,2.232853603345575e-06
15672,2.2425761017075274e-06
15673,2.2680203528580023e-06
15674,2.211908395111095e-06
15675,2.1732728328061057e-06
15676,2.0623072032321943e-06
15677,1.9778967725869734e-06
15678,1.8425803318677936e-06
15679,1.7461131847085198e-06
15680,1.6227926380452118e-06
15681,1.5476782664336497e-06
15682,1.4648871911049355e-06
15683,1.4340649840960396e-06
15684,1.4067198890188592e-06
15685,1.4281733911047922e-06
15686,1.4560554291165317e-06
15687,1.52260349750577e-06
15688,1.5906400676612975e-06
15689,1.6781973499746528e-06
15690,1.7535558072268032e-06
15691,1.820467900870426e-06
15692,1.8549293372416287e-06
15693,1.8518060187489027e-06
15694,1.7997642771661049e-06
15695,1.6971507648122497e-06
15696,1.5486704114664462e-06
15697,1.3663039908351493e-06
15698,1.1647857718344312e-06
15699,9.663572200224735e-07
15700,7.829477794984996e-07
15701,6.343269092212722e-07
15702,5.21474476045114e-07
15703,4.5360897615864815e-07
15704,4.224141321174102e-07
15705,4.283618295630731e-07
15706,4.5925725089546177e-07
15707,5.135091214469867e-07
15708,5.782148946309462e-07
15709,6.554422498084023e-07
15710,7.317306653931155e-07
15711,8.159862545653596e-07
15712,8.931024808589427e-07
15713,9.802319027585327e-07
15714,1.059250735124806e-06
15715,1.1564359283511294e-06
15716,1.2486399327826803e-06
15717,1.3726981933359639e-06
15718,1.4958877727622166e-06
15719,1.66835809523036e-06
15720,1.8389087017567363e-06
15721,2.076801138173323e-06
15722,2.2982151222095126e-06
15723,2.598470473458292e-06
15724,2.8438405479391804e-06
15725,3.163180736009963e-06
15726,3.361566996318288e-06
15727,3.6065275708097033e-06
15728,3.656103217508644e-06
15729,3.7148045066714985e-06
15730,3.541706064424943e-06
15731,3.360000846441835e-06
15732,2.9853249543521088e-06
15733,2.6210695978079457e-06
15734,2.160745680157561e-06
15735,1.7494563735453994e-06
15736,1.3374285572353983e-06
15737,1.0001343753174297e-06
15738,7.138174851206713e-07
15739,5.019739433009818e-07
15740,3.4888671507360414e-07
15741,2.521797171084472e-07
15742,1.9889642999260104e-07
15743,1.794190467307999e-07
15744,1.8340151086704282e-07
15745,2.0259236066522135e-07
15746,2.2978676383900165e-07
15747,2.6030380695374333e-07
15748,2.9024346304140636e-07
15749,3.177343330662552e-07
15750,3.4184375863333116e-07
15751,3.621544237830676e-07
15752,3.802846890721412e-07
15753,3.9594013401256234e-07
15754,4.1290184071840486e-07
15755,4.3004280314562493e-07
15756,4.531131025942159e-07
15757,4.797043402504642e-07
15758,5.17988951287407e-07
15759,5.636400146613596e-07
15760,6.28518591838656e-07
15761,7.053569675008475e-07
15762,8.118917662613967e-07
15763,9.355003385280725e-07
15764,1.1037045624107122e-06
15765,1.2930735238114721e-06
15766,1.546923840578529e-06
15767,1.8194625681644538e-06
15768,2.1775140339741483e-06
15769,2.5310223463748116e-06
15770,2.9798397918057162e-06
15771,3.3600344977458008e-06
15772,3.816466232819948e-06
15773,4.091689334018156e-06
15774,4.391700713313185e-06
15775,4.395860742079094e-06
15776,4.381426606414607e-06
15777,4.048766641062684e-06
15778,3.7125919334357604e-06
15779,3.1646375191485276e-06
15780,2.673488097570953e-06
15781,2.122390924341744e-06
15782,1.6730894003558205e-06
15783,1.2651109955186257e-06
15784,9.613385145712527e-07
15785,7.293870112334844e-07
15786,5.771984774582961e-07
15787,4.866616336585139e-07
15788,4.460848970211373e-07
15789,4.4548210098582786e-07
15790,4.7017448423503083e-07
15791,5.16139778028446e-07
15792,5.698841505363816e-07
15793,6.330275823529519e-07
15794,6.925001798663288e-07
15795,7.556940317954286e-07
15796,8.082034810286132e-07
15797,8.630984211777104e-07
15798,9.036075425683521e-07
15799,9.481646543463285e-07
15800,9.76995352175436e-07
15801,1.0134187959920382e-06
15802,1.0344618885937962e-06
15803,1.0675910289137391e-06
15804,1.0860841257454013e-06
15805,1.1213162451895187e-06
15806,1.1425423736000084e-06
15807,1.18494563139393e-06
15808,1.2130509503549547e-06
15809,1.2657179695452214e-06
15810,1.302072632825002e-06
15811,1.3652049801748944e-06
15812,1.4086317605688237e-06
15813,1.4794034086662577e-06
15814,1.525030938864802e-06
15815,1.5964211570462794e-06
15816,1.6361565258193878e-06
15817,1.6978749499685364e-06
15818,1.7205237554662745e-06
15819,1.7594870769244153e-06
15820,1.7532062202008092e-06
15821,1.7574773210071726e-06
15822,1.7142053820862202e-06
15823,1.6777156588432263e-06
15824,1.5971799030012335e-06
15825,1.5235874570862507e-06
15826,1.415461383658112e-06
15827,1.318300519415061e-06
15828,1.1999037496934761e-06
15829,1.0979451872117352e-06
15830,9.874820534605533e-07
15831,8.978495316114277e-07
15832,8.09403786661278e-07
15833,7.436219675582834e-07
15834,6.84397434724815e-07
15835,6.474591032201715e-07
15836,6.193131412146613e-07
15837,6.12348742379254e-07
15838,6.146935902506812e-07
15839,6.378693342412589e-07
15840,6.705925557071168e-07
15841,7.25696622794203e-07
15842,7.908017209956597e-07
15843,8.823193411444663e-07
15844,9.83900235951296e-07
15845,1.1180027286172844e-06
15846,1.2597810155057232e-06
15847,1.4404731700778939e-06
15848,1.6196825072256615e-06
15849,1.8409119775242289e-06
15850,2.0392226360854693e-06
15851,2.274499365739757e-06
15852,2.4504361135768704e-06
15853,2.649205725901993e-06
15854,2.745793608482927e-06
15855,2.851013960025739e-06
15856,2.827093339874409e-06
15857,2.81393818113429e-06
15858,2.6809852897713427e-06
15859,2.5821664166869596e-06
15860,2.4019714146561455e-06
15861,2.2834162791696144e-06
15862,2.1234989162621787e-06
15863,2.034685167018324e-06
15864,1.9246670035499847e-06
15865,1.869104153229273e-06
15866,1.7918733874466852e-06
15867,1.7360608808303368e-06
15868,1.6492533632117556e-06
15869,1.5523462479904993e-06
15870,1.4210871768227662e-06
15871,1.2676923688559327e-06
15872,1.0924940170298214e-06
15873,9.080481504497584e-07
15874,7.264694659170345e-07
15875,5.595877610176103e-07
15876,4.17226544868754e-07
15877,3.0537003681274655e-07
15878,2.256235660524908e-07
15879,1.7672675767244073e-07
15880,1.5412190634833678e-07
15881,1.5226305549731478e-07
15882,1.6481274656143796e-07
15883,1.8603515172799234e-07
15884,2.1057314825156936e-07
15885,2.3493515755035332e-07
15886,2.5547265636305383e-07
15887,2.714511992962798e-07
15888,2.807360885981325e-07
15889,2.8475693625296117e-07
15890,2.824974387749535e-07
15891,2.763597422017483e-07
15892,2.660132736309606e-07
15893,2.539061085826688e-07
15894,2.40050269439962e-07
15895,2.2634050367287273e-07
15896,2.1287974050210323e-07
15897,2.0085323626517493e-07
15898,1.903246413803572e-07
15899,1.8189555817116343e-07
15900,1.7565341181580152e-07
15901,1.718754845114745e-07
15902,1.7080961356441549e-07
15903,1.726792220324569e-07
15904,1.7811619557051017e-07
15905,1.8766846210382937e-07
15906,2.0287997415380232e-07
15907,2.2492315565614263e-07
15908,2.571173070009536e-07
15909,3.018269865151524e-07
15910,3.6630731869990996e-07
15911,4.5472663146028935e-07
15912,5.829060114592721e-07
15913,7.567302873212611e-07
15914,1.0100166036863811e-06
15915,1.3452070106723113e-06
15916,1.8322058394915075e-06
15917,2.4434714305243688e-06
15918,3.311917225801153e-06
15919,4.287215233489405e-06
15920,5.5880536820041016e-06
15921,6.731900157319615e-06
15922,8.051494660321623e-06
15923,8.585573596064933e-06
15924,8.935707228374667e-06
15925,8.092493771982845e-06
15926,7.0342821345548145e-06
15927,5.307661012921017e-06
15928,3.7587344650091836e-06
15929,2.321796500837081e-06
15930,1.3028309240326053e-06
15931,6.759003667866637e-07
15932,4.277283096598694e-07
15933,4.943711928717676e-07
15934,7.915995183793711e-07
15935,1.2475350104068639e-06
15936,1.7483851024735486e-06
15937,2.261734607600374e-06
15938,2.6210038868157426e-06
15939,2.884548621295835e-06
15940,2.871466904252884e-06
15941,2.7433782179286936e-06
15942,2.3821403374313377e-06
15943,1.9818319287878694e-06
15944,1.502868940406188e-06
15945,1.0784606274683028e-06
15946,7.041788876449573e-07
15947,4.280976213522081e-07
15948,2.444209599161695e-07
15949,1.5049138823997055e-07
15950,1.3068985538211564e-07
15951,1.66986950489445e-07
15952,2.4096485162772296e-07
15953,3.3455901871093374e-07
15954,4.3562235418903583e-07
15955,5.280938353280362e-07
15956,6.11345342349523e-07
15957,6.701577603962505e-07
15958,7.152113994379761e-07
15959,7.319166002162092e-07
15960,7.381716500276525e-07
15961,7.207530074992974e-07
15962,6.995541070864419e-07
15963,6.634069222855032e-07
15964,6.299635515460977e-07
15965,5.90203001138434e-07
15966,5.578508535108995e-07
15967,5.255708970253181e-07
15968,5.030362899560714e-07
15969,4.839899929720559e-07
15970,4.752972415644763e-07
15971,4.7138169634308724e-07
15972,4.778504489877378e-07
15973,4.891514322480361e-07
15974,5.108873892822885e-07
15975,5.367514290810504e-07
15976,5.733137982133485e-07
15977,6.126782068349712e-07
15978,6.630788220718387e-07
15979,7.136228532544919e-07
15980,7.749046062599518e-07
15981,8.316542334796395e-07
15982,8.970879434855306e-07
15983,9.503152114120894e-07
15984,1.007690116239246e-06
15985,1.0429589565319475e-06
15986,1.0761377779999748e-06
15987,1.07845528418693e-06
15988,1.0738375522123533e-06
15989,1.0357788369219634e-06
15990,9.910203289109631e-07
15991,9.202520914186607e-07
15992,8.502829587087035e-07
15993,7.700929245402222e-07
15994,7.029201469777036e-07
15995,6.430299777093751e-07
15996,6.077530088077765e-07
15997,5.920140893067583e-07
15998,6.091381123951578e-07
15999,6.511627930194663e-07
16000,7.317598260669911e-07
16001,8.374686331080738e-07
16002,9.881578080239706e-07
16003,1.1607373835431645e-06
16004,1.3869248505216092e-06
16005,1.6254289221251383e-06
16006,1.9261033230577596e-06
16007,2.2148838070279453e-06
16008,2.5674221433291677e-06
16009,2.8583069706655806e-06
16010,3.198711056029424e-06
16011,3.4017875805147924e-06
16012,3.6252056361263385e-06
16013,3.6389249089552322e-06
16014,3.6496182929113274e-06
16015,3.4322388273722026e-06
16016,3.2187224405788584e-06
16017,2.835395434885868e-06
16018,2.489383177817217e-06
16019,2.069739821308758e-06
16020,1.718044245535566e-06
16021,1.3698166867470718e-06
16022,1.0965391084027942e-06
16023,8.603585683886195e-07
16024,6.855185006315878e-07
16025,5.486544978339225e-07
16026,4.525950600964279e-07
16027,3.8238289334913134e-07
16028,3.3488871054032643e-07
16029,3.006774704772397e-07
16030,2.7725616291718325e-07
16031,2.59279119063649e-07
16032,2.4596903358542477e-07
16033,2.348321146428134e-07
16034,2.261766098854423e-07
16035,2.193077790479947e-07
16036,2.1469709565735684e-07
16037,2.1263214478040027e-07
16038,2.132952374722663e-07
16039,2.175116549096856e-07
16040,2.250440047646407e-07
16041,2.3720562580820115e-07
16042,2.5342080789414467e-07
16043,2.757894890237367e-07
16044,3.0340396506289835e-07
16045,3.3974251323343196e-07
16046,3.8334846408361045e-07
16047,4.4007799715473084e-07
16048,5.073470674687997e-07
16049,5.9511216932151e-07
16050,6.980670264056243e-07
16051,8.331995218213706e-07
16052,9.89003410722944e-07
16053,1.1938327588723041e-06
16054,1.4221182027540635e-06
16055,1.7203281004185556e-06
16056,2.0329284780018497e-06
16057,2.4331909571628785e-06
16058,2.8090757950849365e-06
16059,3.2717989597585984e-06
16060,3.6232629554433515e-06
16061,4.028476269013481e-06
16062,4.200390321784653e-06
16063,4.375530352263013e-06
16064,4.234717380313668e-06
16065,4.079507561982609e-06
16066,3.6472529245656915e-06
16067,3.2398868370364653e-06
16068,2.694097929634154e-06
16069,2.226852757303277e-06
16070,1.7557183582539437e-06
16071,1.3840916608387488e-06
16072,1.0750641195045318e-06
16073,8.522672487742966e-07
16074,6.998305934757809e-07
16075,6.062252850824734e-07
16076,5.643030362989521e-07
16077,5.551282811211422e-07
16078,5.762547061749501e-07
16079,6.106892556090315e-07
16080,6.603673909921781e-07
16081,7.099317258507654e-07
16082,7.670076911381329e-07
16083,8.150425401254324e-07
16084,8.681550980327302e-07
16085,9.06235527509125e-07
16086,9.496128541286453e-07
16087,9.736285164763103e-07
16088,1.004021214612294e-06
16089,1.0127705536433496e-06
16090,1.0288325711371726e-06
16091,1.0224467814623495e-06
16092,1.023888557938335e-06
16093,1.0040166671387851e-06
16094,9.923144261847483e-07
16095,9.61834984991583e-07
16096,9.393954769620905e-07
16097,9.013976409733004e-07
16098,8.715647936696769e-07
16099,8.300165745822596e-07
16100,7.968814657033363e-07
16101,7.556295145150216e-07
16102,7.230851224448998e-07
16103,6.854377829768055e-07
16104,6.565887815668248e-07
16105,6.249908892641542e-07
16106,6.023581136105349e-07
16107,5.786570227428456e-07
16108,5.641978759740596e-07
16109,5.499233566297335e-07
16110,5.453068183669529e-07
16111,5.41660767794383e-07
16112,5.483432232722407e-07
16113,5.566978416027268e-07
16114,5.769305744252051e-07
16115,5.995971150696278e-07
16116,6.365646640915656e-07
16117,6.768528919565142e-07
16118,7.354649369517574e-07
16119,7.984799594851211e-07
16120,8.857116995386605e-07
16121,9.777087370821391e-07
16122,1.1016960570486845e-06
16123,1.2288385278225178e-06
16124,1.3971080079500098e-06
16125,1.5618635416103643e-06
16126,1.7759812180884182e-06
16127,1.9699079985002754e-06
16128,2.216137318100664e-06
16129,2.4104176645778352e-06
16130,2.649632961038151e-06
16131,2.790684902720386e-06
16132,2.9588345569209196e-06
16133,2.9826715035596862e-06
16134,3.0146222798066447e-06
16135,2.8828483209508704e-06
16136,2.7547312129172496e-06
16137,2.4890277927624993e-06
16138,2.241921265522251e-06
16139,1.917054987643496e-06
16140,1.6330430980815436e-06
16141,1.3324048495633178e-06
16142,1.085713392967591e-06
16143,8.607078143541003e-07
16144,6.890731469866296e-07
16145,5.52605399661843e-07
16146,4.599453973241907e-07
16147,4.007700340480369e-07
16148,3.738398959285405e-07
16149,3.740277065844566e-07
16150,3.969147144289309e-07
16151,4.416641559146228e-07
16152,5.023454150432372e-07
16153,5.823821993544698e-07
16154,6.725977073074318e-07
16155,7.810476176928205e-07
16156,8.915184253055486e-07
16157,1.0169455890718382e-06
16158,1.1294055184407625e-06
16159,1.2467924079828663e-06
16160,1.327166501141619e-06
16161,1.3948700825494598e-06
16162,1.3997802170706564e-06
16163,1.375564124828088e-06
16164,1.2795861721315305e-06
16165,1.1550220051503857e-06
16166,9.81323410087498e-07
16167,8.027828357626277e-07
16168,6.19044953964476e-07
16169,4.6081237314865575e-07
16170,3.330286233449442e-07
16171,2.467478452672367e-07
16172,2.0069244044407242e-07
16173,1.9198174072698748e-07
16174,2.130825578205986e-07
16175,2.564881071975833e-07
16176,3.1346840501100814e-07
16177,3.776806920541276e-07
16178,4.434382958606875e-07
16179,5.078359777144215e-07
16180,5.69366989111586e-07
16181,6.300772952272382e-07
16182,6.914327173035417e-07
16183,7.622582529620558e-07
16184,8.435330869360769e-07
16185,9.536863672110485e-07
16186,1.0877984095714055e-06
16187,1.2786248362317565e-06
16188,1.505117893429997e-06
16189,1.8218704553873977e-06
16190,2.1713772184739355e-06
16191,2.6410898499307223e-06
16192,3.0992107440397376e-06
16193,3.679645487864036e-06
16194,4.128685759496875e-06
16195,4.64537697553169e-06
16196,4.847429408982862e-06
16197,5.025673090131022e-06
16198,4.769519819092238e-06
16199,4.4573243940249085e-06
16200,3.7969448385410942e-06
16201,3.1536467304249527e-06
16202,2.391967427683994e-06
16203,1.7427278180548456e-06
16204,1.1586896562221227e-06
16205,7.221639179988415e-07
16206,4.101873969375447e-07
16207,2.237910052826919e-07
16208,1.410809886692732e-07
16209,1.4117496505150484e-07
16210,2.0255217236808676e-07
16211,3.049575809654925e-07
16212,4.331810146140924e-07
16213,5.683972972292395e-07
16214,7.074022505548783e-07
16215,8.280346150968398e-07
16216,9.4182553311839e-07
16217,1.0207320428889943e-06
16218,1.0901569567067781e-06
16219,1.1176573480042862e-06
16220,1.138230459218903e-06
16221,1.1185467201357824e-06
16222,1.0972308928103303e-06
16223,1.0435608146508457e-06
16224,9.942851875166525e-07
16225,9.234052527062886e-07
16226,8.615477327111876e-07
16227,7.881632200223976e-07
16228,7.264434316311963e-07
16229,6.605652060898137e-07
16230,6.067601248105348e-07
16231,5.532152727028006e-07
16232,5.107737592879857e-07
16233,4.7052074592102144e-07
16234,4.3959772710877587e-07
16235,4.112811211598455e-07
16236,3.9057186995705706e-07
16237,3.723465340499388e-07
16238,3.6034066397405695e-07
16239,3.5047298752033385e-07
16240,3.459938398009399e-07
16241,3.4347067412454635e-07
16242,3.4605756127348286e-07
16243,3.506453083446104e-07
16244,3.6068428244107054e-07
16245,3.7311156120267697e-07
16246,3.9205957591548213e-07
16247,4.142102056903241e-07
16248,4.449467780887062e-07
16249,4.801588033842563e-07
16250,5.272074758977396e-07
16251,5.80442701902939e-07
16252,6.50430706627958e-07
16253,7.284598950718646e-07
16254,8.302667993120849e-07
16255,9.41603389037482e-07
16256,1.0861764394576312e-06
16257,1.2390883057378232e-06
16258,1.4360485920406063e-06
16259,1.63354525284376e-06
16260,1.884905600491038e-06
16261,2.115926236001542e-06
16262,2.4043208668445004e-06
16263,2.6320979031879688e-06
16264,2.9096290745656006e-06
16265,3.069544618483633e-06
16266,3.2614716474199668e-06
16267,3.2827479117258918e-06
16268,3.320998530398356e-06
16269,3.173986442561727e-06
16270,3.0454020816250704e-06
16271,2.770452965705772e-06
16272,2.529246103222249e-06
16273,2.2119547793408856e-06
16274,1.941683649420156e-06
16275,1.6587163145231898e-06
16276,1.4227343854145147e-06
16277,1.20938966574613e-06
16278,1.0329824817745248e-06
16279,8.895499377103988e-07
16280,7.712596357123402e-07
16281,6.83233110976289e-07
16282,6.12458563864493e-07
16283,5.663034130520828e-07
16284,5.336692652235797e-07
16285,5.209240043768659e-07
16286,5.193004426473635e-07
16287,5.342262738849968e-07
16288,5.567478069679055e-07
16289,5.929372264290578e-07
16290,6.311676656878262e-07
16291,6.802800385230512e-07
16292,7.246974860208866e-07
16293,7.774523851367121e-07
16294,8.188760602934053e-07
16295,8.667574888931995e-07
16296,8.98082589628757e-07
16297,9.348282219434623e-07
16298,9.518281558484887e-07
16299,9.743663440531236e-07
16300,9.762964054971235e-07
16301,9.848159834291437e-07
16302,9.73709916252119e-07
16303,9.70674818745465e-07
16304,9.502857096777007e-07
16305,9.399247460351035e-07
16306,9.153524160865345e-07
16307,9.026502993947361e-07
16308,8.787743581706309e-07
16309,8.683092573846807e-07
16310,8.493339009874035e-07
16311,8.44960311496834e-07
16312,8.340601311829232e-07
16313,8.386791705561336e-07
16314,8.379593054996803e-07
16315,8.535601523362857e-07
16316,8.641976592116407e-07
16317,8.921181233745301e-07
16318,9.148815252046916e-07
16319,9.562141940477886e-07
16320,9.912611176332575e-07
16321,1.0462076716066804e-06
16322,1.0925236892944667e-06
16323,1.160056399385212e-06
16324,1.2150552493039868e-06
16325,1.291905618927558e-06
16326,1.3500176692105015e-06
16327,1.4293901813289267e-06
16328,1.4817364899499808e-06
16329,1.5535574675595853e-06
16330,1.5890857412159676e-06
16331,1.6411596561738406e-06
16332,1.6485495279994211e-06
16333,1.6696569673513295e-06
16334,1.6416522612416884e-06
16335,1.6265016711258795e-06
16336,1.5642149264749605e-06
16337,1.516556608294195e-06
16338,1.4299270105766482e-06
16339,1.3615800753541407e-06
16340,1.266059143745224e-06
16341,1.192881313727412e-06
16342,1.1045609653592692e-06
16343,1.0409791002530255e-06
16344,9.716311524243793e-07
16345,9.275071306547034e-07
16346,8.837563427732675e-07
16347,8.637434802949429e-07
16348,8.471999990433687e-07
16349,8.515963827449013e-07
16350,8.605709354014834e-07
16351,8.866782650329696e-07
16352,9.165955816570204e-07
16353,9.581131052982528e-07
16354,1.0005519470723812e-06
16355,1.046755869538174e-06
16356,1.0883500181080308e-06
16357,1.1234471912757726e-06
16358,1.1461597750894725e-06
16359,1.1518120572873158e-06
16360,1.1381811191313318e-06
16361,1.101476982512395e-06
16362,1.0438844810778392e-06
16363,9.665646985013154e-07
16364,8.750515689825988e-07
16365,7.764556926304067e-07
16366,6.765283728782379e-07
16367,5.851894115949108e-07
16368,5.049684546065691e-07
16369,4.443832608558296e-07
16370,4.0163035919249523e-07
16371,3.8224391119001666e-07
16372,3.8152353454279364e-07
16373,4.032404490317276e-07
16374,4.411837153384113e-07
16375,4.999665748073312e-07
16376,5.723073854824179e-07
16377,6.665457590315782e-07
16378,7.724987085566681e-07
16379,9.050468747773266e-07
16380,1.0474861937836977e-06
16381,1.2245699281265843e-06
16382,1.4068157270230586e-06
16383,1.6331002825609175e-06
16384,1.8517021089792252e-06
16385,2.121494844686822e-06
16386,2.3558582142868545e-06
16387,2.6416125820105663e-06
16388,2.84594625554746e-06
16389,3.092343604294001e-06
16390,3.2010293580242433e-06
16391,3.336665940878447e-06
16392,3.291526354587404e-06
16393,3.261206984461751e-06
16394,3.0482244710583473e-06
16395,2.848847543646116e-06
16396,2.5136946533166338e-06
16397,2.201146799052367e-06
16398,1.825384856601886e-06
16399,1.4859135717415484e-06
16400,1.1493513056848315e-06
16401,8.620281164439803e-07
16402,6.174111035761598e-07
16403,4.2828958157770103e-07
16404,2.93528216843697e-07
16405,2.1048909104592894e-07
16406,1.7423067788513436e-07
16407,1.767429154142519e-07
16408,2.1004926509249344e-07
16409,2.6491446192267176e-07
16410,3.3481694572401466e-07
16411,4.0990533989315736e-07
16412,4.888133275926521e-07
16413,5.604192097052874e-07
16414,6.300380164248054e-07
16415,6.847052418379462e-07
16416,7.363939857896185e-07
16417,7.700075457250932e-07
16418,8.028201818888192e-07
16419,8.179496262528119e-07
16420,8.364960990547843e-07
16421,8.398772592954629e-07
16422,8.509138069712208e-07
16423,8.496633654431207e-07
16424,8.59683723319904e-07
16425,8.599682814747212e-07
16426,8.7394028014387e-07
16427,8.793825827524415e-07
16428,8.996307769848499e-07
16429,9.113939540839056e-07
16430,9.385038310938398e-07
16431,9.5631241947558e-07
16432,9.89720092547941e-07
16433,1.0120204478880623e-06
16434,1.0497527682673535e-06
16435,1.0737579714259482e-06
16436,1.1127918924103142e-06
16437,1.1350130080245435e-06
16438,1.1719871508830693e-06
16439,1.1890144833159866e-06
16440,1.2203320238768356e-06
16441,1.2287989648029907e-06
16442,1.2513340834630071e-06
16443,1.248924263563822e-06
16444,1.2607707731149276e-06
16445,1.2469304238038603e-06
16446,1.2478935786930379e-06
16447,1.223970116370765e-06
16448,1.2158186564192874e-06
16449,1.1845418157463428e-06
16450,1.1697804893628927e-06
16451,1.1343627193127759e-06
16452,1.116105977416737e-06
16453,1.0801826419992722e-06
16454,1.0615947303449502e-06
16455,1.028046654028003e-06
16456,1.0112929658134817e-06
16457,9.817365480557783e-07
16458,9.679082495495095e-07
16459,9.429581950826105e-07
16460,9.322285450252821e-07
16461,9.114941690313572e-07
16462,9.032951311382931e-07
16463,8.858231126396277e-07
16464,8.791863024271152e-07
16465,8.638089070700516e-07
16466,8.577246717322851e-07
16467,8.432685945081175e-07
16468,8.367079544768785e-07
16469,8.221095981753024e-07
16470,8.146071195369586e-07
16471,7.997109037205519e-07
16472,7.91552224654879e-07
16473,7.76446995587321e-07
16474,7.680168891965877e-07
16475,7.53475546844129e-07
16476,7.462591042894928e-07
16477,7.338527439060272e-07
16478,7.29803730337153e-07
16479,7.215020332296262e-07
16480,7.230696610349696e-07
16481,7.214305242086994e-07
16482,7.317551080632256e-07
16483,7.400593631246011e-07
16484,7.631437028976507e-07
16485,7.853894317122467e-07
16486,8.262138067038904e-07
16487,8.672325861880381e-07
16488,9.31806312109984e-07
16489,9.97215124698414e-07
16490,1.0926080449280562e-06
16491,1.188137503049802e-06
16492,1.3211210898589343e-06
16493,1.4501177929560072e-06
16494,1.623414505047549e-06
16495,1.7815584669733653e-06
16496,1.9863216493831715e-06
16497,2.152608203687123e-06
16498,2.358055098738987e-06
16499,2.487849315002677e-06
16500,2.6374127628514543e-06
16501,2.6697214252635604e-06
16502,2.6979564609064255e-06
16503,2.5854278646875173e-06
16504,2.4576522719144123e-06
16505,2.2076912955526495e-06
16506,1.9561782664823113e-06
16507,1.6387022014896502e-06
16508,1.3481412679539062e-06
16509,1.0533162821957376e-06
16510,8.072256036939507e-07
16511,5.946195642536622e-07
16512,4.346759396867128e-07
16513,3.171527112044714e-07
16514,2.425859975119238e-07
16515,2.0216907614667434e-07
16516,1.9005145190931216e-07
16517,1.9918644511562889e-07
16518,2.2331346372084226e-07
16519,2.5794903990572493e-07
16520,2.9763904763058235e-07
16521,3.4090342637682625e-07
16522,3.8251096157182474e-07
16523,4.239453517129732e-07
16524,4.5927032488179975e-07
16525,4.925491339236032e-07
16526,5.167550511941954e-07
16527,5.380327365855919e-07
16528,5.485159704221587e-07
16529,5.558364364333102e-07
16530,5.518489842870622e-07
16531,5.449092554954404e-07
16532,5.274892487250327e-07
16533,5.080161145087914e-07
16534,4.801991622116475e-07
16535,4.517852403296274e-07
16536,4.180448627266742e-07
16537,3.8539539559678815e-07
16538,3.506326322622044e-07
16539,3.184894410424022e-07
16540,2.8689959208350047e-07
16541,2.589414123121969e-07
16542,2.3326536791046237e-07
16543,2.115174311256851e-07
16544,1.927804618162554e-07
16545,1.7776342531306e-07
16546,1.6584212403358833e-07
16547,1.5725082391782053e-07
16548,1.516321646022334e-07
16549,1.4909937817719765e-07
16550,1.496308499326915e-07
16551,1.535109390715661e-07
16552,1.613137214917515e-07
16553,1.7380861550009286e-07
16554,1.9260089345607412e-07
16555,2.1931157334620366e-07
16556,2.5769023181965167e-07
16557,3.107406030267157e-07
16558,3.8676375879731495e-07
16559,4.908456503471825e-07
16560,6.408763510989957e-07
16561,8.432716072093172e-07
16562,1.135392608375696e-06
16563,1.5169691778282868e-06
16564,2.0611109903256875e-06
16565,2.7245546334597748e-06
16566,3.6322198866400868e-06
16567,4.587362127494998e-06
16568,5.765627975051757e-06
16569,6.634642886638176e-06
16570,7.452365025528707e-06
16571,7.404380994557869e-06
16572,7.019639724603621e-06
16573,5.757965027441969e-06
16574,4.388329671201063e-06
16575,2.850617420335766e-06
16576,1.6367745274692425e-06
16577,7.728204991508392e-07
16578,3.329500088966597e-07
16579,2.47939794917329e-07
16580,4.226089629355556e-07
16581,7.421368763971259e-07
16582,1.0956952110063867e-06
16583,1.398731228618999e-06
16584,1.5694299690949265e-06
16585,1.6158883227035403e-06
16586,1.510460720055562e-06
16587,1.3451657423502184e-06
16588,1.1295924196019769e-06
16589,9.54801066654909e-07
16590,8.218946732085897e-07
16591,7.660476057935739e-07
16592,7.607903853568132e-07
16593,7.991149004737963e-07
16594,8.376890718864161e-07
16595,8.657316925564373e-07
16596,8.458393381260976e-07
16597,7.883112402851111e-07
16598,6.812980473114294e-07
16599,5.547213390855177e-07
16600,4.1928166183424764e-07
16601,3.022197176960617e-07
16602,2.1422388840619533e-07
16603,1.6308851513713307e-07
16604,1.4593308605981292e-07
16605,1.547925592149113e-07
16606,1.7818706510297488e-07
16607,2.0505741815668443e-07
16608,2.2639390806489246e-07
16609,2.3663780268634582e-07
16610,2.3447553587629955e-07
16611,2.209217200288549e-07
16612,2.0025650826482888e-07
16613,1.7651953498898365e-07
16614,1.544970587019634e-07
16615,1.3719200353534688e-07
16616,1.2662101767091372e-07
16617,1.2305777374876925e-07
16618,1.257317165936911e-07
16619,1.3302530987857608e-07
16620,1.4314265683879057e-07
16621,1.5422349974869576e-07
16622,1.6511253875250986e-07
16623,1.7474332025813055e-07
16624,1.83322214297732e-07
16625,1.9069685208705778e-07
16626,1.983056847620901e-07
16627,2.0655571120187233e-07
16628,2.1775305469873274e-07
16629,2.324222947436283e-07
16630,2.537107093303348e-07
16631,2.820472388975759e-07
16632,3.2199531574406137e-07
16633,3.7373561667664035e-07
16634,4.4472267290984746e-07
16635,5.3445364756044e-07
16636,6.561060672538588e-07
16637,8.06309060408239e-07
16638,1.0085732355946675e-06
16639,1.2501217270255438e-06
16640,1.5715187373643857e-06
16641,1.933346538862679e-06
16642,2.4011028472159524e-06
16643,2.8718518478854094e-06
16644,3.4448630685801618e-06
16645,3.904584900737973e-06
16646,4.402062131703133e-06
16647,4.600331976689631e-06
16648,4.740985787066165e-06
16649,4.466323389351601e-06
16650,4.119005097891204e-06
16651,3.458464107097825e-06
16652,2.8218948955327505e-06
16653,2.105795374518493e-06
16654,1.5120392617973266e-06
16655,1.0057232202598243e-06
16656,6.46706666884711e-07
16657,4.166076053024881e-07
16658,3.060543463107024e-07
16659,2.9491476993825927e-07
16660,3.5768789530266076e-07
16661,4.7341893605334917e-07
16662,6.140052164482768e-07
16663,7.671241064599599e-07
16664,8.992720381684194e-07
16665,1.0161146519749309e-06
16666,1.0794323088703095e-06
16667,1.1149749070682446e-06
16668,1.087382884179533e-06
16669,1.0351791388529819e-06
16670,9.341076747659827e-07
16671,8.231501738009683e-07
16672,6.907534952915739e-07
16673,5.658427539856348e-07
16674,4.4475942218014097e-07
16675,3.427000763167598e-07
16676,2.58160753219272e-07
16677,1.9535838191586663e-07
16678,1.5197367986274912e-07
16679,1.263259719053167e-07
16680,1.1511332331792801e-07
16681,1.1500326024815877e-07
16682,1.2273649474536796e-07
16683,1.3546480204240652e-07
16684,1.5092436456143332e-07
16685,1.6722991347251082e-07
16686,1.834660992017234e-07
16687,1.9848653209919576e-07
16688,2.1268257910378452e-07
16689,2.2516555020501983e-07
16690,2.3731368514745554e-07
16691,2.481083356542513e-07
16692,2.5960747507269843e-07
16693,2.704835537770123e-07
16694,2.833494363585487e-07
16695,2.9636640874741715e-07
16696,3.127341869912925e-07
16697,3.300235960068676e-07
16698,3.522176825754286e-07
16699,3.762045821531501e-07
16700,4.0715065097174374e-07
16701,4.4080863403905823e-07
16702,4.840466090172413e-07
16703,5.309066750669444e-07
16704,5.909916467317089e-07
16705,6.555611662406591e-07
16706,7.382941475952975e-07
16707,8.257239869635669e-07
16708,9.37444440296531e-07
16709,1.0519368061068235e-06
16710,1.1972147149208467e-06
16711,1.3387278841037187e-06
16712,1.5160285329329781e-06
16713,1.6749750102462713e-06
16714,1.8704334934227518e-06
16715,2.021953605435556e-06
16716,2.2032656943338225e-06
16717,2.3060229068505578e-06
16718,2.425543470963021e-06
16719,2.4344294615730178e-06
16720,2.448442501190584e-06
16721,2.340903847652953e-06
16722,2.237162789242575e-06
16723,2.0325537661847193e-06
16724,1.8426550241201767e-06
16725,1.5949012777127791e-06
16726,1.3765037465418573e-06
16727,1.144475390901789e-06
16728,9.505682214694389e-07
16729,7.715559036114428e-07
16730,6.297595405158063e-07
16731,5.136116669746116e-07
16732,4.2771824837473105e-07
16733,3.661145342448435e-07
16734,3.254955345255439e-07
16735,3.0273136530922784e-07
16736,2.925844171386416e-07
16737,2.9371165055636084e-07
16738,3.0125212902021303e-07
16739,3.152759120439441e-07
16740,3.315478807053296e-07
16741,3.514894615364028e-07
16742,3.7120867091289256e-07
16743,3.9360736536764307e-07
16744,4.145563821111864e-07
16745,4.3829504647874273e-07
16746,4.6000042175364797e-07
16747,4.854493909078883e-07
16748,5.087002818982e-07
16749,5.371396696318698e-07
16750,5.633216915157391e-07
16751,5.966236926724378e-07
16752,6.27591987267806e-07
16753,6.679680382148945e-07
16754,7.057193442960852e-07
16755,7.555561865046911e-07
16756,8.017473192012403e-07
16757,8.629781405034009e-07
16758,9.187796194964903e-07
16759,9.928517101798207e-07
16760,1.058262796505005e-06
16761,1.1451122645667056e-06
16762,1.2181982356196386e-06
16763,1.3152456403986434e-06
16764,1.390689817526436e-06
16765,1.4909164747223258e-06
16766,1.5588741462124744e-06
16767,1.6500667925356538e-06
16768,1.6969877378869569e-06
16769,1.7630957245273748e-06
16770,1.7739988606990664e-06
16771,1.7981642486120109e-06
16772,1.7613031104701804e-06
16773,1.7319871403742582e-06
16774,1.6445385426777648e-06
16775,1.5612896504535456e-06
16776,1.4320611398943583e-06
16777,1.3081009910820285e-06
16778,1.1569952675927198e-06
16779,1.0152853064937517e-06
16780,8.657295325065206e-07
16781,7.30473857402103e-07
16782,6.020784439897398e-07
16783,4.911742621516169e-07
16784,3.9496654835602385e-07
16785,3.165158375395549e-07
16786,2.5418273708055494e-07
16787,2.0720432303278358e-07
16788,1.7398735963070067e-07
16789,1.5249804619088536e-07
16790,1.4106230139532272e-07
16791,1.3775274965155404e-07
16792,1.4118879221314273e-07
16793,1.4997503683389368e-07
16794,1.6337632757768006e-07
16795,1.8044529781491292e-07
16796,2.014220257251509e-07
16797,2.2560190870990482e-07
16798,2.544724679864885e-07
16799,2.8714009658870054e-07
16800,3.268252726229548e-07
16801,3.71981769831109e-07
16802,4.283956513972953e-07
16803,4.930265617986151e-07
16804,5.755692882303265e-07
16805,6.69963583277422e-07
16806,7.920179427856056e-07
16807,9.294446954299929e-07
16808,1.1072883125962107e-06
16809,1.3004744232603116e-06
16810,1.5473419807676692e-06
16811,1.7979568838200066e-06
16812,2.108172566295252e-06
16813,2.3856418920331635e-06
16814,2.708091869862983e-06
16815,2.9270240702317096e-06
16816,3.1496642804995645e-06
16817,3.1861375191510888e-06
16818,3.183819899277296e-06
16819,2.9648056170117343e-06
16820,2.709985210458399e-06
16821,2.304981080669677e-06
16822,1.9199305825168267e-06
16823,1.5024645563244121e-06
16824,1.1621388011917588e-06
16825,8.740432804188458e-07
16826,6.799305083404761e-07
16827,5.598510597337736e-07
16828,5.132691853759752e-07
16829,5.217839316173922e-07
16830,5.666875040333252e-07
16831,6.347136149997823e-07
16832,7.004286999290343e-07
16833,7.598868592140207e-07
16834,7.8754885635135e-07
16835,7.913446893326181e-07
16836,7.529800996053382e-07
16837,6.909993430781469e-07
16838,5.994625098537654e-07
16839,5.003903424949385e-07
16840,3.9701524201518623e-07
16841,3.055165507248603e-07
16842,2.3015151384697674e-07
16843,1.7705050936456246e-07
16844,1.4613334542445955e-07
16845,1.358349663860281e-07
16846,1.4215147814411466e-07
16847,1.6054664797593432e-07
16848,1.8616955799188872e-07
16849,2.145278585885535e-07
16850,2.4245557028734765e-07
16851,2.6671852992876666e-07
16852,2.8666897833318217e-07
16853,3.0044512300264614e-07
16854,3.096544674008328e-07
16855,3.137580790735228e-07
16856,3.1551607548863103e-07
16857,3.155270746901806e-07
16858,3.165725388498686e-07
16859,3.2021927154346486e-07
16860,3.2845179021023796e-07
16861,3.4390612313472957e-07
16862,3.6737944242304366e-07
16863,4.032043250390416e-07
16864,4.5039186602480186e-07
16865,5.162813749848283e-07
16866,5.97068719798699e-07
16867,7.054422326291387e-07
16868,8.321584346049349e-07
16869,9.99197368400928e-07
16870,1.1858610378112644e-06
16871,1.4285362794907996e-06
16872,1.682708671069122e-06
16873,2.0056177163496614e-06
16874,2.3093357413017657e-06
16875,2.6787408842210425e-06
16876,2.9607804208353627e-06
16877,3.2762445698608644e-06
16878,3.407488293305505e-06
16879,3.5198247587686637e-06
16880,3.3793121474445798e-06
16881,3.1919926186674275e-06
16882,2.784280695777852e-06
16883,2.3634893295820802e-06
16884,1.847878934313485e-06
16885,1.3854071312380256e-06
16886,9.527106499263027e-07
16887,6.151813067845069e-07
16888,3.6365798905535485e-07
16889,2.0565046554565924e-07
16890,1.2731757692563406e-07
16891,1.1401603927652104e-07
16892,1.485988434524188e-07
16893,2.1443491959871608e-07
16894,2.974537380850961e-07
16895,3.8390876966332144e-07
16896,4.677622200688347e-07
16897,5.370332587517623e-07
16898,5.953505706202122e-07
16899,6.311827291938243e-07
16900,6.56375505059259e-07
16901,6.594024739570159e-07
16902,6.566561978615937e-07
16903,6.370917731146619e-07
16904,6.17792863977229e-07
16905,5.885046334697108e-07
16906,5.641256848321063e-07
16907,5.355183247957029e-07
16908,5.144065653439611e-07
16909,4.925478265249694e-07
16910,4.787015086549218e-07
16911,4.654449980989739e-07
16912,4.594722895490122e-07
16913,4.539893723176647e-07
16914,4.545721594695351e-07
16915,4.548896868072916e-07
16916,4.6025709821151395e-07
16917,4.6443096834991593e-07
16918,4.728344435989129e-07
16919,4.792651679963456e-07
16920,4.896231189377431e-07
16921,4.974511966793216e-07
16922,5.091595767225954e-07
16923,5.179634285923385e-07
16924,5.310540132086317e-07
16925,5.413237431639573e-07
16926,5.566992058447795e-07
16927,5.694079163731658e-07
16928,5.883778726456512e-07
16929,6.051565151210525e-07
16930,6.300510904111434e-07
16931,6.532701490868931e-07
16932,6.86946123096277e-07
16933,7.193245323833253e-07
16934,7.651913733752735e-07
16935,8.097216550595476e-07
16936,8.715049943930353e-07
16937,9.308197945756547e-07
16938,1.0113772077602334e-06
16939,1.0861770078918198e-06
16940,1.1861446864713798e-06
16941,1.2742102626361884e-06
16942,1.3900344129069708e-06
16943,1.4830919781161356e-06
16944,1.60354306899535e-06
16945,1.6856649835972348e-06
16946,1.7905678078022902e-06
16947,1.8388506077826605e-06
16948,1.901385076052975e-06
16949,1.8917478428193135e-06
16950,1.8869890254791244e-06
16951,1.8054427073366242e-06
16952,1.7238360214832937e-06
16953,1.5769347783134435e-06
16954,1.4326091104521765e-06
16955,1.247915975000069e-06
16956,1.0745610552476137e-06
16957,8.894452889762761e-07
16958,7.25222093933553e-07
16959,5.711056019208627e-07
16960,4.428294744229788e-07
16961,3.350702968418773e-07
16962,2.5213861931661086e-07
16963,1.9015635643881978e-07
16964,1.4782769142129837e-07
16965,1.2164731799657602e-07
16966,1.0865053212683051e-07
16967,1.0580620823930076e-07
16968,1.1045369774365099e-07
16969,1.2038508145906235e-07
16970,1.3379062124840857e-07
16971,1.4938889592031046e-07
16972,1.6604340657977446e-07
16973,1.834160769931259e-07
16974,2.007396204817269e-07
16975,2.1849537290563603e-07
16976,2.359088284720201e-07
16977,2.542912511671602e-07
16978,2.726235379668651e-07
16979,2.930636355813476e-07
16980,3.140593491934851e-07
16981,3.3878873750836647e-07
16982,3.64974141575658e-07
16983,3.972924957906798e-07
16984,4.323116513660352e-07
16985,4.768143639921618e-07
16986,5.255311066321156e-07
16987,5.88540899570944e-07
16988,6.57692112326913e-07
16989,7.480917929569841e-07
16990,8.461950073979096e-07
16991,9.748393949848833e-07
16992,1.1113527307315962e-06
16993,1.2899084822493023e-06
16994,1.471008999942569e-06
16995,1.7044134210664197e-06
16996,1.923070158227347e-06
16997,2.1972730337438406e-06
16998,2.419062411718187e-06
16999,2.683116008483921e-06
17000,2.835651457644417e-06
17001,2.999274329340551e-06
17002,2.991971996380016e-06
17003,2.9634832117153564e-06
17004,2.7482833502290305e-06
17005,2.5092167561524548e-06
17006,2.138577428922872e-06
17007,1.7780826055968646e-06
17008,1.380305889142619e-06
17009,1.0346083172407816e-06
17010,7.258735195136978e-07
17011,4.889278670816566e-07
17012,3.157802268560772e-07
17013,2.0808704448427306e-07
17014,1.555177817635922e-07
17015,1.4806715853410424e-07
17016,1.7420359199604718e-07
17017,2.2311908765004773e-07
17018,2.8608033630916907e-07
17019,3.533924086696061e-07
17020,4.221169831453153e-07
17021,4.824864276997687e-07
17022,5.383027996685996e-07
17023,5.787209147456451e-07
17024,6.134026762083522e-07
17025,6.305146484919533e-07
17026,6.435644195335044e-07
17027,6.406045827134221e-07
17028,6.367318405864353e-07
17029,6.206147418197361e-07
17030,6.067577373869426e-07
17031,5.8518196510704e-07
17032,5.685470227945189e-07
17033,5.485787823999999e-07
17034,5.354268637347559e-07
17035,5.226034431871085e-07
17036,5.176731860956352e-07
17037,5.158501608093502e-07
17038,5.22420691595471e-07
17039,5.343116527001257e-07
17040,5.54318944523402e-07
17041,5.810401262351661e-07
17042,6.145050406303199e-07
17043,6.549336148964358e-07
17044,6.986477956161252e-07
17045,7.475130132661434e-07
17046,7.927978344923758e-07
17047,8.381073257623939e-07
17048,8.693197628417693e-07
17049,8.923601626520394e-07
17050,8.897791872186644e-07
17051,8.714989689906361e-07
17052,8.219536198339483e-07
17053,7.557545700365154e-07
17054,6.64674246309005e-07
17055,5.662809599016327e-07
17056,4.603489287546836e-07
17057,3.618137895955442e-07
17058,2.737879185588099e-07
17059,2.0415049561961496e-07
17060,1.5406683928631537e-07
17061,1.2419535266872117e-07
17062,1.1228682694763847e-07
17063,1.150858395249088e-07
17064,1.2864431653270003e-07
17065,1.4910244772181613e-07
17066,1.7292214238295855e-07
17067,1.973930494614251e-07
17068,2.204525344495778e-07
17069,2.409772434930346e-07
17070,2.584797869076283e-07
17071,2.734417421379476e-07
17072,2.863919235096546e-07
17073,2.994694341396098e-07
17074,3.1364407959699747e-07
17075,3.3292170087406703e-07
17076,3.5814599641526e-07
17077,3.958664365200093e-07
17078,4.463260836473637e-07
17079,5.205332058721979e-07
17080,6.172260782477679e-07
17081,7.555331649200525e-07
17082,9.293497669204953e-07
17083,1.172160409623757e-06
17084,1.4628215012635337e-06
17085,1.8582683196655125e-06
17086,2.2951580831431784e-06
17087,2.8632712201215327e-06
17088,3.402189577172976e-06
17089,4.04320871894015e-06
17090,4.470765816222411e-06
17091,4.882743724010652e-06
17092,4.852684469369706e-06
17093,4.6967343223514035e-06
17094,4.076784534845501e-06
17095,3.391944574104855e-06
17096,2.514729430913576e-06
17097,1.7462675714341458e-06
17098,1.0736489457485732e-06
17099,6.047281431165175e-07
17100,3.26768230252128e-07
17101,2.2769442864500888e-07
17102,2.706526061047043e-07
17103,4.1029448993867845e-07
17104,6.054045798009611e-07
17105,8.063763630161702e-07
17106,9.925165613822173e-07
17107,1.1143505389554775e-06
17108,1.1866447948705172e-06
17109,1.1689821803884115e-06
17110,1.1061395071010338e-06
17111,9.761760111359763e-07
17112,8.306580525641039e-07
17113,6.642062544415239e-07
17114,5.132871478963352e-07
17115,3.787555442613666e-07
17116,2.7558752435652423e-07
17117,2.0299005143442628e-07
17118,1.6103624034258246e-07
17119,1.4517786439682823e-07
17120,1.4958433780520863e-07
17121,1.6824002102566737e-07
17122,1.9480100377222698e-07
17123,2.2470462113233225e-07
17124,2.5280093041146756e-07
17125,2.7762550303123135e-07
17126,2.9530008305300726e-07
17127,3.0754026170143334e-07
17128,3.114095648015791e-07
17129,3.10612847442826e-07
17130,3.028154651474324e-07
17131,2.92411300506501e-07
17132,2.7768010113504715e-07
17133,2.62523485616839e-07
17134,2.455057597217092e-07
17135,2.2955178735628579e-07
17136,2.135626715471517e-07
17137,1.9939869844165514e-07
17138,1.8613496877151192e-07
17139,1.7480941494341096e-07
17140,1.6474017172640743e-07
17141,1.5644155837435392e-07
17142,1.4937521086721972e-07
17143,1.4373532053468807e-07
17144,1.3913100360696262e-07
17145,1.3560531897383044e-07
17146,1.3289705691477138e-07
17147,1.3098971862746112e-07
17148,1.2970114937616017e-07
17149,1.2903339552394755e-07
17150,1.2891082690202893e-07
17151,1.2931093351653544e-07
17152,1.3022189193634404e-07
17153,1.3165740142540017e-07
17154,1.336891273240326e-07
17155,1.3637422568990587e-07
17156,1.3985091129598004e-07
17157,1.4420142235849198e-07
17158,1.4968284745009441e-07
17159,1.5644860695829266e-07
17160,1.6491003407281823e-07
17161,1.7527921158944082e-07
17162,1.8821586422745895e-07
17163,2.0407944134603895e-07
17164,2.239373912971132e-07
17165,2.4823236799420556e-07
17166,2.7856629003508715e-07
17167,3.1552860946248984e-07
17168,3.6162992955723894e-07
17169,4.173497814008442e-07
17170,4.860654598815017e-07
17171,5.673226723956759e-07
17172,6.651030730608909e-07
17173,7.763356961731915e-07
17174,9.04251578504045e-07
17175,1.0406365618109703e-06
17176,1.18535479032289e-06
17177,1.3234441667009378e-06
17178,1.4489102113657282e-06
17179,1.5463233467016835e-06
17180,1.6064564078988042e-06
17181,1.631998657103395e-06
17182,1.6168067986654933e-06
17183,1.6010751551220892e-06
17184,1.5786802123329835e-06
17185,1.6230754908974632e-06
17186,1.7085442323150346e-06
17187,1.9201565919502173e-06
17188,2.1853716134501155e-06
17189,2.587297103673336e-06
17190,2.9745649499091087e-06
17191,3.4338463592575863e-06
17192,3.715161255968269e-06
17193,3.942705916415434e-06
17194,3.834244125755504e-06
17195,3.6071842259843834e-06
17196,3.084926220253692e-06
17197,2.5418657969566993e-06
17198,1.923424633787363e-06
17199,1.4176463309922838e-06
17200,9.959694580174983e-07
17201,7.098544188011147e-07
17202,5.224164283390564e-07
17203,4.168324210240826e-07
17204,3.6716181739393505e-07
17205,3.5284796240375726e-07
17206,3.6684230053651845e-07
17207,4.005201503787248e-07
17208,4.5537098003478604e-07
17209,5.21657000263076e-07
17210,6.000128678351757e-07
17211,6.692443434985762e-07
17212,7.312560228456277e-07
17213,7.593177997478051e-07
17214,7.632115170963516e-07
17215,7.242266519824625e-07
17216,6.620995236517047e-07
17217,5.72366957385384e-07
17218,4.775708930537803e-07
17219,3.810603175224969e-07
17220,2.981138038649078e-07
17221,2.3069212318205246e-07
17222,1.8312202598735894e-07
17223,1.5276950193765515e-07
17224,1.3679142796263477e-07
17225,1.3049175606738572e-07
17226,1.2990997788620007e-07
17227,1.316780071647372e-07
17228,1.3390173592142673e-07
17229,1.3561418654717272e-07
17230,1.369550375329709e-07
17231,1.3851527569386235e-07
17232,1.4094129596742277e-07
17233,1.449586193302821e-07
17234,1.5055978508371481e-07
17235,1.58007154027473e-07
17236,1.6651115686272533e-07
17237,1.7608738289709436e-07
17238,1.855820244145434e-07
17239,1.9531630357505492e-07
17240,2.0418190160853555e-07
17241,2.1318740550668736e-07
17242,2.2139006716770382e-07
17243,2.3043338615025277e-07
17244,2.3937494120218616e-07
17245,2.50419077474362e-07
17246,2.62341160350843e-07
17247,2.7780797040577454e-07
17248,2.9509823207263253e-07
17249,3.1764577101967006e-07
17250,3.4286586014786735e-07
17251,3.752952864033432e-07
17252,4.112013698431838e-07
17253,4.571419083276851e-07
17254,5.073723059467738e-07
17255,5.713825999009714e-07
17256,6.402933649951592e-07
17257,7.281635134859243e-07
17258,8.205496442315052e-07
17259,9.379669450026995e-07
17260,1.0566593573457794e-06
17261,1.2061740335411741e-06
17262,1.3479296967489063e-06
17263,1.5234232932925806e-06
17264,1.6723740827728761e-06
17265,1.8511207144911168e-06
17266,1.973468442884041e-06
17267,2.11292694984877e-06
17268,2.1610103431157768e-06
17269,2.209142166975653e-06
17270,2.1435018879856216e-06
17271,2.068210960715078e-06
17272,1.887260737021279e-06
17273,1.7030515664373524e-06
17274,1.45259059536329e-06
17275,1.2179449413451948e-06
17276,9.669241762821912e-07
17277,7.498671834582638e-07
17278,5.529799409487168e-07
17279,3.9706816323814564e-07
17280,2.7509565825312166e-07
17281,1.898075936423993e-07
17282,1.3537039933453343e-07
17283,1.0735419664342771e-07
17284,1.000933025352424e-07
17285,1.0834381214408495e-07
17286,1.2745192634611158e-07
17287,1.5336154035594518e-07
17288,1.832729594752891e-07
17289,2.1423173279799812e-07
17290,2.4569990841882827e-07
17291,2.7491608989294036e-07
17292,3.0349079338520824e-07
17293,3.282576699348283e-07
17294,3.5274595688861154e-07
17295,3.7293440868779726e-07
17296,3.9386264916174696e-07
17297,4.105654340946785e-07
17298,4.2926879473270674e-07
17299,4.4395966369847883e-07
17300,4.618451043825189e-07
17301,4.75977117275761e-07
17302,4.945853788740351e-07
17303,5.096978838992072e-07
17304,5.304220849211561e-07
17305,5.475184821079893e-07
17306,5.711891617465881e-07
17307,5.908819957767264e-07
17308,6.182023071232834e-07
17309,6.409723027900327e-07
17310,6.72403643875441e-07
17311,6.982343734307506e-07
17312,7.335478358072578e-07
17313,7.615744834765792e-07
17314,7.997430202522082e-07
17315,8.285188073386962e-07
17316,8.679637630848447e-07
17317,8.952291636887821e-07
17318,9.330609600510797e-07
17319,9.552903748044628e-07
17320,9.876472404357628e-07
17321,1.0012263373937458e-06
17322,1.0243820725008845e-06
17323,1.0260630460834363e-06
17324,1.0364439049226348e-06
17325,1.0237534979751217e-06
17326,1.0192007948717219e-06
17327,9.917532679537544e-07
17328,9.722014056023909e-07
17329,9.320398248746642e-07
17330,9.000409022519307e-07
17331,8.513431453138764e-07
17332,8.113711373880506e-07
17333,7.592552719870582e-07
17334,7.162968813645421e-07
17335,6.657130029452674e-07
17336,6.241997994038684e-07
17337,5.787396162304503e-07
17338,5.419611852630624e-07
17339,5.0399290785208e-07
17340,4.739273151699308e-07
17341,4.4441949853535334e-07
17342,4.2181068238278385e-07
17343,4.0068670159598696e-07
17344,3.854351859899907e-07
17345,3.7214391568340943e-07
17346,3.637045722371113e-07
17347,3.57381111371069e-07
17348,3.5511126839082863e-07
17349,3.5508625728652987e-07
17350,3.5844124113282305e-07
17351,3.640857926257013e-07
17352,3.725029387169343e-07
17353,3.8322545492519566e-07
17354,3.960317087603471e-07
17355,4.1102765635514515e-07
17356,4.2719682369352086e-07
17357,4.4510545649245614e-07
17358,4.627778480426059e-07
17359,4.812491170014255e-07
17360,4.975369165549637e-07
17361,5.132148999109631e-07
17362,5.243313694336393e-07
17363,5.329154646460665e-07
17364,5.345012255020265e-07
17365,5.318592570802139e-07
17366,5.207247113503399e-07
17367,5.045300213168957e-07
17368,4.801337354365387e-07
17369,4.514948841460864e-07
17370,4.171804732777673e-07
17371,3.8100333199508896e-07
17372,3.430700417084154e-07
17373,3.065078431063739e-07
17374,2.7238559141551377e-07
17375,2.4256726760540914e-07
17376,2.1829359297953488e-07
17377,2.0026826064167835e-07
17378,1.8967153891935595e-07
17379,1.864986813870928e-07
17380,1.921453360864689e-07
17381,2.0658892196934175e-07
17382,2.3229458179230278e-07
17383,2.697527463624283e-07
17384,3.238509975744819e-07
17385,3.9569232512803865e-07
17386,4.952274821334868e-07
17387,6.232634177649743e-07
17388,7.991682764441066e-07
17389,1.0189020258621895e-06
17390,1.3177774462747038e-06
17391,1.672000053076772e-06
17392,2.1409969122032635e-06
17393,2.6427633201819845e-06
17394,3.2671493954694597e-06
17395,3.807891971518984e-06
17396,4.398342753120232e-06
17397,4.674471711041406e-06
17398,4.864563379669562e-06
17399,4.570195414999034e-06
17400,4.157399871473899e-06
17401,3.3936669296963373e-06
17402,2.6564930521999486e-06
17403,1.8884533119489788e-06
17404,1.290945874643512e-06
17405,8.553486736673221e-07
17406,6.070571885175013e-07
17407,5.211963411966281e-07
17408,5.527643338609778e-07
17409,6.654983053522301e-07
17410,8.058370895014377e-07
17411,9.5142291911543e-07
17412,1.0523558557906654e-06
17413,1.1184744153069914e-06
17414,1.10819848941901e-06
17415,1.0594844752631616e-06
17416,9.476987088419264e-07
17417,8.17140573872166e-07
17418,6.630568805121584e-07
17419,5.166232313058572e-07
17420,3.8438375327132235e-07
17421,2.8000147267448483e-07
17422,2.087550967644347e-07
17423,1.7121068651704263e-07
17424,1.6485300591284613e-07
17425,1.8269271606641269e-07
17426,2.1705321273657319e-07
17427,2.578159694621718e-07
17428,2.9836752446499304e-07
17429,3.290897439001128e-07
17430,3.4870294030042714e-07
17431,3.5115363061777316e-07
17432,3.405888264751411e-07
17433,3.1567080327477015e-07
17434,2.831305039308063e-07
17435,2.4486567440362705e-07
17436,2.0693161673079885e-07
17437,1.7175730704366288e-07
17438,1.426368640977671e-07
17439,1.206007880227844e-07
17440,1.0616444257038893e-07
17441,9.871351380752458e-08
17442,9.710151971376035e-08
17443,9.985740234697005e-08
17444,1.05432285124607e-07
17445,1.1241721153965045e-07
17446,1.1963595625275047e-07
17447,1.2628402146219742e-07
17448,1.3174607715882303e-07
17449,1.3589472303010552e-07
17450,1.3853227187610173e-07
17451,1.399839959503879e-07
17452,1.4025754069280083e-07
17453,1.3987329339215648e-07
17454,1.3886275951335847e-07
17455,1.377535596702728e-07
17456,1.3647957075590966e-07
17457,1.3547177957207168e-07
17458,1.3456855185722816e-07
17459,1.3410098631538858e-07
17460,1.3385256636411214e-07
17461,1.3410326005214301e-07
17462,1.3460937964282493e-07
17463,1.356379044636924e-07
17464,1.3694631206817576e-07
17465,1.3882916505281173e-07
17466,1.4104364254308166e-07
17467,1.4396275105355016e-07
17468,1.4736576758878073e-07
17469,1.5177106149621977e-07
17470,1.569425052139195e-07
17471,1.6351195597508195e-07
17472,1.7120706274909026e-07
17473,1.8097084364399052e-07
17474,1.9247831062330079e-07
17475,2.0714237791708e-07
17476,2.2448776348937827e-07
17477,2.4671973619661003e-07
17478,2.731108281750494e-07
17479,3.0707857945344585e-07
17480,3.4724371289485134e-07
17481,3.992279857811809e-07
17482,4.6033778744458687e-07
17483,5.398265443545824e-07
17484,6.319686463029939e-07
17485,7.519851692450175e-07
17486,8.874181958162808e-07
17487,1.062755018210737e-06
17488,1.2514893796833348e-06
17489,1.4918676924935426e-06
17490,1.7302335209024022e-06
17491,2.023326032940531e-06
17492,2.2728449948772322e-06
17493,2.560283519414952e-06
17494,2.7330675038683694e-06
17495,2.904448592744302e-06
17496,2.888906010412029e-06
17497,2.8365557227516547e-06
17498,2.5845513391686836e-06
17499,2.3020384105620906e-06
17500,1.895952323138772e-06
17501,1.5086927760421531e-06
17502,1.110870925913332e-06
17503,7.816664719939581e-07
17504,5.164199592400109e-07
17505,3.358264848429826e-07
17506,2.330660890947911e-07
17507,1.9890889291218627e-07
17508,2.1962284790788544e-07
17509,2.7807067226603976e-07
17510,3.601053322199732e-07
17511,4.4824338374382933e-07
17512,5.354507948140963e-07
17513,6.045852387615014e-07
17514,6.591804435629456e-07
17515,6.83002781443065e-07
17516,6.893265549479111e-07
17517,6.648237445006089e-07
17518,6.277187480918656e-07
17519,5.692059517059533e-07
17520,5.067416282145132e-07
17521,4.3581641762102663e-07
17522,3.691314987008809e-07
17523,3.046644110327179e-07
17524,2.492337785042764e-07
17525,2.016836049278936e-07
17526,1.6425747162429616e-07
17527,1.3581302482634783e-07
17528,1.1600000959788304e-07
17529,1.0345711132231372e-07
17530,9.697417624465743e-08
17531,9.524632105240016e-08
17532,9.707980552775552e-08
17533,1.0142925077616383e-07
17534,1.0742341771674546e-07
17535,1.1441927938449226e-07
17536,1.2183852504676906e-07
17537,1.294571916332643e-07
17538,1.36870454525706e-07
17539,1.4424128380596812e-07
17540,1.5122948582302342e-07
17541,1.5830775623726367e-07
17542,1.6507044620084343e-07
17543,1.722176250495977e-07
17544,1.7925157180798124e-07
17545,1.8713376448431518e-07
17546,1.952096226887079e-07
17547,2.04738242359781e-07
17548,2.1488547474746156e-07
17549,2.2725851067662006e-07
17550,2.4073321469586517e-07
17551,2.574747952621692e-07
17552,2.760344273156079e-07
17553,2.993244549998053e-07
17554,3.253261127156293e-07
17555,3.58114363052664e-07
17556,3.946909146179678e-07
17557,4.4087849460083817e-07
17558,4.920736387248326e-07
17559,5.566838581216871e-07
17560,6.272015866670699e-07
17561,7.156915557970933e-07
17562,8.095386760942347e-07
17563,9.258095587938442e-07
17564,1.0430486554469098e-06
17565,1.184672782983398e-06
17566,1.3153378404240357e-06
17567,1.466095795876754e-06
17568,1.5833149973332183e-06
17569,1.7074705738195917e-06
17570,1.768149786585127e-06
17571,1.817811039472872e-06
17572,1.7810707504395396e-06
17573,1.7240145098185167e-06
17574,1.584808956067718e-06
17575,1.4370874623637064e-06
17576,1.2435106100383564e-06
17577,1.0700349548642407e-06
17578,8.977546031019301e-07
17579,7.718913366261404e-07
17580,6.804084478062578e-07
17581,6.458247980845044e-07
17582,6.565779813172412e-07
17583,7.175407290560543e-07
17584,8.168993872459396e-07
17585,9.427586178389902e-07
17586,1.0834751265065279e-06
17587,1.2072666777385166e-06
17588,1.305207774748851e-06
17589,1.3337007658265065e-06
17590,1.2991554285690654e-06
17591,1.1775509847211652e-06
17592,1.0040230336016975e-06
17593,7.965167583279253e-07
17594,6.001599786031875e-07
17595,4.4559746470440587e-07
17596,3.501030505503877e-07
17597,3.186197545801406e-07
17598,3.3470240623501013e-07
17599,3.807885491369234e-07
17600,4.292234336844558e-07
17601,4.652508778235642e-07
17602,4.707550544935657e-07
17603,4.4853879899164895e-07
17604,3.9753302871758933e-07
17605,3.3355937034684757e-07
17606,2.656154265423538e-07
17607,2.0794776389720937e-07
17608,1.6661277868479374e-07
17609,1.4521717162097048e-07
17610,1.413656320892187e-07
17611,1.503869242469591e-07
17612,1.6567669547384867e-07
17613,1.8118095113095478e-07
17614,1.9227185532599833e-07
17615,1.9607256263043382e-07
17616,1.9253059235779801e-07
17617,1.8264971402004448e-07
17618,1.6928825630202482e-07
17619,1.5514584106313123e-07
17620,1.429846179235028e-07
17621,1.3474002003022179e-07
17622,1.3127245779287477e-07
17623,1.3285998079481942e-07
17624,1.3871242288132635e-07
17625,1.4819778471064637e-07
17626,1.5994908153516008e-07
17627,1.7367828775149974e-07
17628,1.8838039750335156e-07
17629,2.050235536898981e-07
17630,2.2315637693282042e-07
17631,2.45314708990918e-07
17632,2.7134962010677555e-07
17633,3.055944262086996e-07
17634,3.475812206943374e-07
17635,4.041600902837672e-07
17636,4.7343348796857754e-07
17637,5.665381763719779e-07
17638,6.780819035157037e-07
17639,8.262526307589724e-07
17640,9.971100780603592e-07
17641,1.2198712511235499e-06
17642,1.4611591723223682e-06
17643,1.7659460809227312e-06
17644,2.061539134956547e-06
17645,2.4132941689458676e-06
17646,2.6861330297833774e-06
17647,2.972932179545751e-06
17648,3.0777796382608358e-06
17649,3.135219230898656e-06
17650,2.9459195047820685e-06
17651,2.6899804197455524e-06
17652,2.2443587113230024e-06
17653,1.7918745243150624e-06
17654,1.2976195193914464e-06
17655,8.789709227130516e-07
17656,5.351241725293221e-07
17657,3.0107582915661624e-07
17658,1.6753425313709158e-07
17659,1.2270085392174224e-07
17660,1.4511356027924194e-07
17661,2.118818969165659e-07
17662,3.0190210509317694e-07
17663,3.951273015445622e-07
17664,4.815084935216873e-07
17665,5.450918365568214e-07
17666,5.899200345993449e-07
17667,6.033327508703223e-07
17668,5.993772447254742e-07
17669,5.690073976438725e-07
17670,5.291935849527363e-07
17671,4.7431967686861753e-07
17672,4.1839791720121866e-07
17673,3.58513545961614e-07
17674,3.034525377643149e-07
17675,2.5200100139954884e-07
17676,2.0834721681239898e-07
17677,1.7177671907120384e-07
17678,1.4342903398301132e-07
17679,1.225773331725577e-07
17680,1.0883569245834224e-07
17681,1.012251544807441e-07
17682,9.877777529254672e-08
17683,1.0042704445822892e-07
17684,1.051255225092973e-07
17685,1.1192908289103798e-07
17686,1.1989695281044987e-07
17687,1.2843706542753353e-07
17688,1.368046298466652e-07
17689,1.4484723465102434e-07
17690,1.5196798131000833e-07
17691,1.5847041368033388e-07
17692,1.6381792988795496e-07
17693,1.6861540075296944e-07
17694,1.7237731242403243e-07
17695,1.7594734913473076e-07
17696,1.7878514313451888e-07
17697,1.8188511319294776e-07
17698,1.8464960760411486e-07
17699,1.8814829161328817e-07
17700,1.9163516640219314e-07
17701,1.9630080316801468e-07
17702,2.0128236144500988e-07
17703,2.0793598309865047e-07
17704,2.152451372694486e-07
17705,2.2485400563709845e-07
17706,2.3549625893792836e-07
17707,2.4923616592786857e-07
17708,2.6445610501468764e-07
17709,2.838797286131012e-07
17710,3.0535227324435255e-07
17711,3.326427417960076e-07
17712,3.626948341661773e-07
17713,4.007771394753945e-07
17714,4.4243586216907715e-07
17715,4.952526637680421e-07
17716,5.52178221369104e-07
17717,6.241937171580503e-07
17718,7.000356845310307e-07
17719,7.953993303999596e-07
17720,8.92009950348438e-07
17721,1.012074903883331e-06
17722,1.1260278824920533e-06
17723,1.264677962353744e-06
17724,1.3829022691425052e-06
17725,1.521978674645652e-06
17726,1.6180597413040232e-06
17727,1.724694357108092e-06
17728,1.7624212205191725e-06
17729,1.7971908619074384e-06
17730,1.745768827277061e-06
17731,1.6833397467053146e-06
17732,1.5400983102153987e-06
17733,1.3908863820688566e-06
17734,1.1904348866664805e-06
17735,9.996812195822713e-07
17736,7.96522215296136e-07
17737,6.190846875142597e-07
17738,4.5876598164795723e-07
17739,3.3159616918965185e-07
17740,2.332072597255319e-07
17741,1.654896806257966e-07
17742,1.241125460182957e-07
17743,1.0526979110636603e-07
17744,1.0421020135709114e-07
17745,1.1628895890680724e-07
17746,1.373853422137472e-07
17747,1.636900037738087e-07
17748,1.9275273643870605e-07
17749,2.214965348912301e-07
17750,2.495501121302368e-07
17751,2.740315210303379e-07
17752,2.966590386677126e-07
17753,3.1427478575096757e-07
17754,3.3012534572662844e-07
17755,3.4055361197715683e-07
17756,3.499029048725788e-07
17757,3.5429033573564084e-07
17758,3.586355319384893e-07
17759,3.587036871977034e-07
17760,3.595361022235011e-07
17761,3.568995055047708e-07
17762,3.5580069379648194e-07
17763,3.5205729886911286e-07
17764,3.5048188351538556e-07
17765,3.469476155260054e-07
17766,3.4601399079292605e-07
17767,3.4366632917226525e-07
17768,3.442245315454784e-07
17769,3.437251621107862e-07
17770,3.464473934400303e-07
17771,3.4843802154682635e-07
17772,3.539803969943023e-07
17773,3.59031986363334e-07
17774,3.680344207168673e-07
17775,3.766757004086685e-07
17776,3.8967380078247515e-07
17777,4.023494852845033e-07
17778,4.199552563477482e-07
17779,4.3712833530662465e-07
17780,4.597877705236897e-07
17781,4.815571514882322e-07
17782,5.093589265925402e-07
17783,5.354868903850729e-07
17784,5.680296908394666e-07
17785,5.974193300062325e-07
17786,6.330971586976375e-07
17787,6.633018188040296e-07
17788,6.99069346410397e-07
17789,7.261255632329267e-07
17790,7.572542699563201e-07
17791,7.759007871754875e-07
17792,7.966827411109989e-07
17793,8.015421144591528e-07
17794,8.068667511906824e-07
17795,7.945916991047852e-07
17796,7.825397005944978e-07
17797,7.541271997979493e-07
17798,7.278530347321066e-07
17799,6.899450681885355e-07
17800,6.585046321561094e-07
17801,6.222321644600015e-07
17802,5.979634352115681e-07
17803,5.76130616991577e-07
17804,5.71994121401076e-07
17805,5.766150366071088e-07
17806,6.042960194463376e-07
17807,6.459331416408531e-07
17808,7.155057346608373e-07
17809,8.023482109820179e-07
17810,9.188767648993235e-07
17811,1.0504058991500642e-06
17812,1.2038570957884076e-06
17813,1.3559599665313726e-06
17814,1.5028099369374104e-06
17815,1.6106412203953369e-06
17816,1.6688355799487908e-06
17817,1.6458241134387208e-06
17818,1.5480090951314196e-06
17819,1.3694341305381386e-06
17820,1.1524373348947847e-06
17821,9.153308724307863e-07
17822,7.103151915544004e-07
17823,5.481477955981973e-07
17824,4.5144716409595276e-07
17825,4.068130579071294e-07
17826,4.061799359078577e-07
17827,4.238791859734192e-07
17828,4.451862878340762e-07
17829,4.488663307711249e-07
17830,4.318456205965049e-07
17831,3.874999379149813e-07
17832,3.269319108767377e-07
17833,2.5667566205811454e-07
17834,1.91101463542509e-07
17835,1.3846057811406354e-07
17836,1.0508315995139128e-07
17837,9.173214721158729e-08
17838,9.536552170175128e-08
17839,1.1034126146114431e-07
17840,1.301166037137591e-07
17841,1.4896848199441592e-07
17842,1.623290160068791e-07
17843,1.6851831219355518e-07
17844,1.6687459947206662e-07
17845,1.5956879906298127e-07
17846,1.4857728558581584e-07
17847,1.371648181702767e-07
17848,1.274524095151719e-07
17849,1.2140307603658584e-07
17850,1.1967563295911532e-07
17851,1.2242324487488077e-07
17852,1.2884271427537897e-07
17853,1.3821670563629596e-07
17854,1.4923071489647555e-07
17855,1.6145979486736906e-07
17856,1.7394994245023554e-07
17857,1.8729052442267857e-07
17858,2.010733481938587e-07
17859,2.1704600783323258e-07
17860,2.3509319646564109e-07
17861,2.582459046607255e-07
17862,2.8609071023311117e-07
17863,3.230986749258591e-07
17864,3.6786860846405034e-07
17865,4.2722058424260467e-07
17866,4.976640752829553e-07
17867,5.900403721170733e-07
17868,6.96561073709745e-07
17869,8.345324431502377e-07
17870,9.869747827906394e-07
17871,1.1810723208327545e-06
17872,1.3813128134643193e-06
17873,1.6284793673548847e-06
17874,1.85431053978391e-06
17875,2.1173573259147815e-06
17876,2.304261442986899e-06
17877,2.496834213161492e-06
17878,2.5441722755203955e-06
17879,2.5578094664524542e-06
17880,2.3906866317702224e-06
17881,2.1798143734486075e-06
17882,1.8327314137422945e-06
17883,1.480897140027082e-06
17884,1.0948847375402693e-06
17885,7.603645713061269e-07
17886,4.771118824464793e-07
17887,2.7480811581881426e-07
17888,1.5026806465812115e-07
17889,9.840348980105773e-08
17890,1.0555970675341086e-07
17891,1.5526008212418674e-07
17892,2.309123061650098e-07
17893,3.154538603666879e-07
17894,3.984539489465533e-07
17895,4.6469870085275033e-07
17896,5.143801899976097e-07
17897,5.352272864911356e-07
17898,5.371300062506634e-07
17899,5.11987366280664e-07
17900,4.743644410609704e-07
17901,4.2074876205333567e-07
17902,3.645156425591267e-07
17903,3.050500936296885e-07
17904,2.5108221279879217e-07
17905,2.0274325152058736e-07
17906,1.6377886424834287e-07
17907,1.3377183449847507e-07
17908,1.1296716451170141e-07
17909,1.0016773899224063e-07
17910,9.40981905728222e-08
17911,9.323427718754829e-08
17912,9.611788698293822e-08
17913,1.0144188422600564e-07
17914,1.0809731776362241e-07
17915,1.1529169796631322e-07
17916,1.2231519974648108e-07
17917,1.2892438405742723e-07
17918,1.3465725601236045e-07
17919,1.3971821033464948e-07
17920,1.4374064960520627e-07
17921,1.4721754837410117e-07
17922,1.4981441154304775e-07
17923,1.5217582927107287e-07
17924,1.5391321994684404e-07
17925,1.5571944800285564e-07
17926,1.571291790014584e-07
17927,1.588647222661166e-07
17928,1.604214503458934e-07
17929,1.6252425893981126e-07
17930,1.6461233087738947e-07
17931,1.6747399911309913e-07
17932,1.7053361034413683e-07
17933,1.7464199686401116e-07
17934,1.7911790450853005e-07
17935,1.8497155451768776e-07
17936,1.9149301522247697e-07
17937,1.9988918609215034e-07
17938,2.092612874093902e-07
17939,2.2118315712305048e-07
17940,2.3455920938886266e-07
17941,2.5144649384856166e-07
17942,2.703287975691637e-07
17943,2.940866465905856e-07
17944,3.205780956250237e-07
17945,3.5381293628233834e-07
17946,3.905786343239015e-07
17947,4.36759023614286e-07
17948,4.871550913776446e-07
17949,5.502918156707892e-07
17950,6.176763918119832e-07
17951,7.016051313257776e-07
17952,7.879752956796438e-07
17953,8.944141427491559e-07
17954,9.977270565286744e-07
17955,1.1224215086258482e-06
17956,1.2322348084126133e-06
17957,1.3605946378447697e-06
17958,1.4548912758982624e-06
17959,1.5591325563946157e-06
17960,1.6059660765677108e-06
17961,1.650869990044157e-06
17962,1.6209578461712226e-06
17963,1.5814773632882861e-06
17964,1.4684392226627097e-06
17965,1.3491919617081294e-06
17966,1.1799097592302132e-06
17967,1.0179235232499195e-06
17968,8.401944455727062e-07
17969,6.843397386546712e-07
17970,5.407844696492248e-07
17971,4.265729103281046e-07
17972,3.37427991325967e-07
17973,2.7603635999184917e-07
17974,2.388823361343384e-07
17975,2.2183785119977983e-07
17976,2.212287029124127e-07
17977,2.3116618308449688e-07
17978,2.4875294002413284e-07
17979,2.685462163753982e-07
17980,2.8936932494616485e-07
17981,3.0658537752970005e-07
17982,3.2115062253978977e-07
17983,3.2921411730058026e-07
17984,3.336087388561282e-07
17985,3.3110308095274377e-07
17986,3.2565756669100665e-07
17987,3.14573952664432e-07
17988,3.0216551749617793e-07
17989,2.862038286366442e-07
17990,2.7051709139414015e-07
17991,2.5324072794319363e-07
17992,2.37460511698373e-07
17993,2.2163079904657934e-07
17994,2.0797945410322427e-07
17995,1.951771935182478e-07
17996,1.8468324469722575e-07
17997,1.7537281848944986e-07
17998,1.6819123516143009e-07
17999,1.6221734711052704e-07
18000,1.5809695241841837e-07
18001,1.551143924416465e-07
18002,1.5370085293398006e-07
18003,1.5326924085456994e-07
18004,1.541751117883905e-07
18005,1.5600875258314773e-07
18006,1.5912556250441412e-07
18007,1.6323645013471832e-07
18008,1.686826749391912e-07
18009,1.7527622730995063e-07
18010,1.83391122732246e-07
18011,1.9297328890388599e-07
18012,2.0450917759262666e-07
18013,2.180258746875552e-07
18014,2.3403461568705097e-07
18015,2.5255795321754704e-07
18016,2.741876414802391e-07
18017,2.989477252413053e-07
18018,3.2754820722402656e-07
18019,3.598469504595414e-07
18020,3.966510178088356e-07
18021,4.3725154341700545e-07
18022,4.825009227715782e-07
18023,5.306165462570789e-07
18024,5.826668143527058e-07
18025,6.349957857310073e-07
18026,6.895102160342503e-07
18027,7.399567607535573e-07
18028,7.90529611549573e-07
18029,8.317581432493171e-07
18030,8.725648967811139e-07
18031,9.001744274428347e-07
18032,9.306328365710215e-07
18033,9.477136586610868e-07
18034,9.757847010405385e-07
18035,9.942224323822302e-07
18036,1.0340766039007576e-06
18037,1.06830452750728e-06
18038,1.131719614022586e-06
18039,1.1883481647601002e-06
18040,1.2744330888381228e-06
18041,1.3429180398816243e-06
18042,1.4305229569799849e-06
18043,1.47888135870744e-06
18044,1.526441906207765e-06
18045,1.5100358723429963e-06
18046,1.4729473605257226e-06
18047,1.3625883639178937e-06
18048,1.22871915664291e-06
18049,1.0433484476379817e-06
18050,8.552622148272349e-07
18051,6.589541499124607e-07
18052,4.88409057197714e-07
18053,3.4494263445594697e-07
18054,2.409509534118115e-07
18055,1.7310001965142874e-07
18056,1.3849147251221439e-07
18057,1.2924328984809108e-07
18058,1.3728646308663883e-07
18059,1.5499600181101414e-07
18060,1.7555659326262685e-07
18061,1.9494771663630672e-07
18062,2.0956497337465407e-07
18063,2.1943947103864048e-07
18064,2.236277794054331e-07
18065,2.2460906734522723e-07
18066,2.2250370079746062e-07
18067,2.2032197932730924e-07
18068,2.1779241876629385e-07
18069,2.1726282284362242e-07
18070,2.1742624767284724e-07
18071,2.1975958475195512e-07
18072,2.220762951310462e-07
18073,2.254218429698085e-07
18074,2.2751427763978427e-07
18075,2.2947790512262145e-07
18076,2.2936626464797882e-07
18077,2.2852830738884222e-07
18078,2.255859925526238e-07
18079,2.2213561123862746e-07
18080,2.1717056597481132e-07
18081,2.1238204794826743e-07
18082,2.069994309294998e-07
18083,2.026796153131727e-07
18084,1.9863153966070968e-07
18085,1.9628953396022553e-07
18086,1.946930581198103e-07
18087,1.951747492512368e-07
18088,1.9661513306346023e-07
18089,2.003095289637713e-07
18090,2.0498349329045595e-07
18091,2.120612947464906e-07
18092,2.2011913358710444e-07
18093,2.3089961587174912e-07
18094,2.4279790977743687e-07
18095,2.580982254585251e-07
18096,2.7478427000460215e-07
18097,2.9590984240712714e-07
18098,3.188366690665134e-07
18099,3.4769971080095274e-07
18100,3.7884601056248357e-07
18101,4.1803892258940323e-07
18102,4.5989690988790244e-07
18103,5.124170456838328e-07
18104,5.673437044606544e-07
18105,6.358598056976916e-07
18106,7.051618240438984e-07
18107,7.907147505648027e-07
18108,8.726891564947437e-07
18109,9.719954050524393e-07
18110,1.0590002830213052e-06
18111,1.161279897132772e-06
18112,1.237166543432977e-06
18113,1.3218607364251511e-06
18114,1.3629305612994358e-06
18115,1.4032038961886428e-06
18116,1.3853778000338934e-06
18117,1.3586800378107e-06
18118,1.2720327049464686e-06
18119,1.1765973795263562e-06
18120,1.0364594800194027e-06
18121,8.966017048805952e-07
18122,7.382019475699053e-07
18123,5.933254101364582e-07
18124,4.5488528144232987e-07
18125,3.394506222775817e-07
18126,2.4434098122583237e-07
18127,1.7405284324922832e-07
18128,1.2589059394940705e-07
18129,9.799472877602966e-08
18130,8.676846618982381e-08
18131,8.85339233036575e-08
18132,9.962258218365605e-08
18133,1.1669731492247593e-07
18134,1.3706764434573415e-07
18135,1.582036333047654e-07
18136,1.789342718439002e-07
18137,1.972751704215625e-07
18138,2.136155785592564e-07
18139,2.2621276229983778e-07
18140,2.3660714987272513e-07
18141,2.429650862723065e-07
18142,2.4764625550233177e-07
18143,2.4883436822165095e-07
18144,2.492245130270021e-07
18145,2.4694475087017054e-07
18146,2.4473303028571536e-07
18147,2.407803378901008e-07
18148,2.3764030743222975e-07
18149,2.3353337041953637e-07
18150,2.3080244204720657e-07
18151,2.2772306351726002e-07
18152,2.2639883923147863e-07
18153,2.2518307218888367e-07
18154,2.2606707261729753e-07
18155,2.274313004591022e-07
18156,2.3118002445698949e-07
18157,2.3568863127820805e-07
18158,2.42959572460677e-07
18159,2.5133778080999036e-07
18160,2.630756625876529e-07
18161,2.7622536435956135e-07
18162,2.9349038754844514e-07
18163,3.1261117783287773e-07
18164,3.369318903878593e-07
18165,3.6338298059490626e-07
18166,3.96140990233107e-07
18167,4.3091893076052656e-07
18168,4.731163585347531e-07
18169,5.163170726518729e-07
18170,5.673474561262992e-07
18171,6.167919650579279e-07
18172,6.731969506290625e-07
18173,7.229508582895505e-07
18174,7.766063845338067e-07
18175,8.159473168234399e-07
18176,8.541876468370901e-07
18177,8.700820899321116e-07
18178,8.802791171547142e-07
18179,8.637731525595882e-07
18180,8.409373890572169e-07
18181,7.948281677272462e-07
18182,7.481738180104003e-07
18183,6.889546284583048e-07
18184,6.386908921740542e-07
18185,5.883299536435516e-07
18186,5.55199846985488e-07
18187,5.302707677401486e-07
18188,5.256252961771679e-07
18189,5.307987294145278e-07
18190,5.532825184673129e-07
18191,5.81471397254063e-07
18192,6.191752959239238e-07
18193,6.545898827425845e-07
18194,6.886070877953898e-07
18195,7.105982149369083e-07
18196,7.206459713415825e-07
18197,7.114669529073581e-07
18198,6.859136192360893e-07
18199,6.416171913770086e-07
18200,5.865679781891231e-07
18201,5.222252639214275e-07
18202,4.5950991989229806e-07
18203,3.9969020804164757e-07
18204,3.516421145377535e-07
18205,3.1337913242168725e-07
18206,2.8891128067698446e-07
18207,2.731935637712013e-07
18208,2.666031377884792e-07
18209,2.6328893909521867e-07
18210,2.627392348131252e-07
18211,2.6011650788859697e-07
18212,2.5596082764423045e-07
18213,2.4740572257542226e-07
18214,2.364648423736071e-07
18215,2.2212141459476697e-07
18216,2.070233620088402e-07
18217,1.911105300678173e-07
18218,1.7673295360509655e-07
18219,1.6394903923355741e-07
18220,1.5418851262438693e-07
18221,1.4713266693888727e-07
18222,1.4334108300317894e-07
18223,1.420537216745288e-07
18224,1.433765817182575e-07
18225,1.4638851553172572e-07
18226,1.5113643314634828e-07
18227,1.567189968909588e-07
18228,1.6343184938705235e-07
18229,1.7057675449905219e-07
18230,1.788281593917418e-07
18231,1.8763010700695304e-07
18232,1.9816451413134928e-07
18233,2.0985218895930302e-07
18234,2.2439868985202338e-07
18235,2.41012202195634e-07
18236,2.6221997018183174e-07
18237,2.86703965457491e-07
18238,3.181143028996303e-07
18239,3.541418607255764e-07
18240,4.002658897661604e-07
18241,4.5233912260300713e-07
18242,5.18616616318468e-07
18243,5.914782263971574e-07
18244,6.83294786085753e-07
18245,7.802271397849836e-07
18246,9.003267678053817e-07
18247,1.0190675538979121e-06
18248,1.1622403235378442e-06
18249,1.2888567653135397e-06
18250,1.4339495919557521e-06
18251,1.536437821414438e-06
18252,1.642766051190847e-06
18253,1.6754515854700003e-06
18254,1.693734930086066e-06
18255,1.6196555634451215e-06
18256,1.5228644087983412e-06
18257,1.3462414472087403e-06
18258,1.159300495601201e-06
18259,9.347791092295665e-07
18260,7.257199854393548e-07
18261,5.257356860965956e-07
18262,3.623270856678573e-07
18263,2.3466225229640258e-07
18264,1.486036040887484e-07
18265,1.0016886164976313e-07
18266,8.423744901620012e-08
18267,9.35348225539201e-08
18268,1.2033449081627623e-07
18269,1.574566397266608e-07
18270,1.9797697348167276e-07
18271,2.377256151930851e-07
18272,2.7111750000585744e-07
18273,2.9808978752043913e-07
18274,3.14132705625525e-07
18275,3.2261198157357285e-07
18276,3.20061985803477e-07
18277,3.1171592240752943e-07
18278,2.951760791347624e-07
18279,2.7582180450735905e-07
18280,2.522059787679609e-07
18281,2.2867827453865175e-07
18282,2.0443239634460042e-07
18283,1.823017896640522e-07
18284,1.6176137762613507e-07
18285,1.4420801619507984e-07
18286,1.292145270781475e-07
18287,1.1719356507455814e-07
18288,1.0769082336992142e-07
18289,1.00603330110971e-07
18290,9.551472146540618e-08
18291,9.213593443746504e-08
18292,9.009953316763131e-08
18293,8.911346327522551e-08
18294,8.889928437838535e-08
18295,8.924529026899108e-08
18296,8.995661460176052e-08
18297,9.091353092571808e-08
18298,9.201308159845212e-08
18299,9.320011429281294e-08
18300,9.443031956379855e-08
18301,9.568071845933446e-08
18302,9.694795721770788e-08
18303,9.822213087318232e-08
18304,9.954426616332057e-08
18305,1.0092234958847257e-07
18306,1.0241727466109296e-07
18307,1.040335888546906e-07
18308,1.0586149556957025e-07
18309,1.0788369309011614e-07
18310,1.102210376302537e-07
18311,1.1286102363783357e-07
18312,1.1598386606692657e-07
18313,1.1958164236602897e-07
18314,1.2389617154440202e-07
18315,1.2892321876734059e-07
18316,1.3503716900231666e-07
18317,1.4222753463855042e-07
18318,1.5103915984582272e-07
18319,1.614534710370208e-07
18320,1.7431395349376544e-07
18321,1.8953539893118432e-07
18322,2.0839260628235934e-07
18323,2.3066765209023288e-07
18324,2.583511502507463e-07
18325,2.908482201746665e-07
18326,3.312866283522453e-07
18327,3.7832626276212977e-07
18328,4.3692153894880903e-07
18329,5.037612140768033e-07
18330,5.863611818313075e-07
18331,6.774612302251626e-07
18332,7.883000421315955e-07
18333,9.038972734742856e-07
18334,1.0408652997284662e-06
18335,1.1711399565683678e-06
18336,1.3189887795306277e-06
18337,1.4380512993739103e-06
18338,1.5641090840290417e-06
18339,1.6328857554981369e-06
18340,1.6966139355645282e-06
18341,1.6828848856675904e-06
18342,1.6615192635072162e-06
18343,1.5677421743021114e-06
18344,1.4792221918469295e-06
18345,1.3489171806213562e-06
18346,1.2445750598999439e-06
18347,1.1335167755532893e-06
18348,1.0601069106996874e-06
18349,9.948339538823348e-07
18350,9.581286803950206e-07
18351,9.157002978099626e-07
18352,8.751023869990604e-07
18353,8.033358085413056e-07
18354,7.118355824786704e-07
18355,5.869914048162173e-07
18356,4.5308820517675485e-07
18357,3.2014634143706644e-07
18358,2.1213836021161114e-07
18359,1.4087760291658924e-07
18360,1.1231064434014115e-07
18361,1.2258124115760438e-07
18362,1.6066701391537208e-07
18363,2.1264735039494553e-07
18364,2.629928985697916e-07
18365,3.014447429450229e-07
18366,3.1815324064154993e-07
18367,3.139228397230909e-07
18368,2.8856632638962765e-07
18369,2.5157231675621006e-07
18370,2.0909527620460722e-07
18371,1.7059869605873246e-07
18372,1.4069998144350393e-07
18373,1.2246322000919463e-07
18374,1.150028197116626e-07
18375,1.1584344861148566e-07
18376,1.2102756841159135e-07
18377,1.269121838731735e-07
18378,1.305218404468178e-07
18379,1.302214798215573e-07
18380,1.2586187381202762e-07
18381,1.181849356157727e-07
18382,1.0887515600188635e-07
18383,9.95542990267495e-08
18384,9.17949734002832e-08
18385,8.652364158479031e-08
18386,8.410842156081344e-08
18387,8.430806985870731e-08
18388,8.647953109175432e-08
18389,8.977130505627429e-08
18390,9.332660511063295e-08
18391,9.644405452036153e-08
18392,9.867282813047495e-08
18393,9.981030757444387e-08
18394,9.993109983952309e-08
18395,9.923466137706782e-08
18396,9.807982337406429e-08
18397,9.678918644340229e-08
18398,9.571071757363825e-08
18399,9.505134812570759e-08
18400,9.500816133822809e-08
18401,9.559541780390646e-08
18402,9.684691093525544e-08
18403,9.864484695754072e-08
18404,1.0098661817892207e-07
18405,1.0373832992627285e-07
18406,1.0694870411498414e-07
18407,1.1053054294052345e-07
18408,1.1470749683439863e-07
18409,1.194547110117128e-07
18410,1.25176455867404e-07
18411,1.3188007130793267e-07
18412,1.402051736931753e-07
18413,1.5016655652289046e-07
18414,1.6280920078770578e-07
18415,1.7810759800340747e-07
18416,1.9770968151533452e-07
18417,2.2138195276966144e-07
18418,2.5182890794894774e-07
18419,2.8836160481660045e-07
18420,3.354797684096411e-07
18421,3.913612545147771e-07
18422,4.634721904039907e-07
18423,5.472211341839284e-07
18424,6.547967359438189e-07
18425,7.753295108159364e-07
18426,9.277856634071213e-07
18427,1.0882424703595461e-06
18428,1.2848211099480977e-06
18429,1.4698091490572551e-06
18430,1.6827938225105754e-06
18431,1.8421397953716223e-06
18432,2.002207793339039e-06
18433,2.0519396457530092e-06
18434,2.0666866475949064e-06
18435,1.937698243636987e-06
18436,1.7627552324483986e-06
18437,1.476981196901761e-06
18438,1.1801275832112879e-06
18439,8.586195008319919e-07
18440,5.802962732559536e-07
18441,3.5144688581567607e-07
18442,1.9487174540699925e-07
18443,1.0843762510148736e-07
18444,8.515193883340544e-08
18445,1.1099134411551859e-07
18446,1.6917462630772206e-07
18447,2.4352141281269724e-07
18448,3.1739907058181416e-07
18449,3.8199664231797215e-07
18450,4.2420910517648736e-07
18451,4.4618309402721934e-07
18452,4.4000984189551673e-07
18453,4.160853563917044e-07
18454,3.7233053262752946e-07
18455,3.2132149385688535e-07
18456,2.6470962666280684e-07
18457,2.1186943399698066e-07
18458,1.6502389144079643e-07
18459,1.2837345764182828e-07
18460,1.024738622845689e-07
18461,8.733958622997307e-08
18462,8.16055987229447e-08
18463,8.333584844422148e-08
18464,9.031325021169323e-08
18465,1.00319709872565e-07
18466,1.1147545819767402e-07
18467,1.220778784727372e-07
18468,1.312536994646507e-07
18469,1.3794178244097566e-07
18470,1.4223334687812894e-07
18471,1.436228842521814e-07
18472,1.4287391536527139e-07
18473,1.3983856206323253e-07
18474,1.3552661926041765e-07
18475,1.2996316911539907e-07
18476,1.2401024207520095e-07
18477,1.1773218488997372e-07
18478,1.1173252545404466e-07
18479,1.0604730960039888e-07
18480,1.0100321645722943e-07
18481,9.65876978398228e-08
18482,9.28982331060979e-08
18483,8.985485067114496e-08
18484,8.744736135213316e-08
18485,8.559306508004738e-08
18486,8.421979202921648e-08
18487,8.324923328473233e-08
18488,8.260983008767653e-08
18489,8.223163661114086e-08
18490,8.204951740253819e-08
18491,8.201356394010872e-08
18492,8.20842558368895e-08
18493,8.222672676083675e-08
18494,8.241765669936285e-08
18495,8.263602069291665e-08
18496,8.28730435387115e-08
18497,8.311901922297693e-08
18498,8.336764523164675e-08
18499,8.362492565083812e-08
18500,8.388642669387991e-08
18501,8.416656527288069e-08
18502,8.447219101981318e-08
18503,8.481021041006898e-08
18504,8.518311034322323e-08
18505,8.560469666463177e-08
18506,8.608979129576255e-08
18507,8.666451378758211e-08
18508,8.733928780202405e-08
18509,8.815932517336478e-08
18510,8.913172422353455e-08
18511,9.030809167143161e-08
18512,9.171313308797835e-08
18513,9.344135776245821e-08
18514,9.554916857723583e-08
18515,9.816275792218221e-08
18516,1.0134810679574002e-07
18517,1.0532489369552422e-07
18518,1.1018767054338241e-07
18519,1.1633590446535891e-07
18520,1.2390994186262105e-07
18521,1.3354690509004286e-07
18522,1.4546083093591733e-07
18523,1.607579918072588e-07
18524,1.7970768340092036e-07
18525,2.0423695445970225e-07
18526,2.3458521525299147e-07
18527,2.740806053225242e-07
18528,3.2259890758723486e-07
18529,3.859075263790146e-07
18530,4.6251204821601277e-07
18531,5.622639491775772e-07
18532,6.797321248086519e-07
18533,8.308865631079243e-07
18534,9.996914513976662e-07
18535,1.2105152791264118e-06
18536,1.4246991213440197e-06
18537,1.677079467299336e-06
18538,1.8901290559369954e-06
18539,2.112577931256965e-06
18540,2.2237416033021873e-06
18541,2.296764478160185e-06
18542,2.200598828494549e-06
18543,2.0445147583814105e-06
18544,1.7457753074268112e-06
18545,1.4311737004391034e-06
18546,1.0827410505953594e-06
18547,7.930451602078392e-07
18548,5.671370786330954e-07
18549,4.3617922074190574e-07
18550,3.8901328025531257e-07
18551,4.140825353715627e-07
18552,4.796045232069446e-07
18553,5.605785418083542e-07
18554,6.217105124051159e-07
18555,6.463532145062345e-07
18556,6.190396106831031e-07
18557,5.453550215861469e-07
18558,4.387987075915589e-07
18559,3.2166633445740445e-07
18560,2.171841799736285e-07
18561,1.4163539674427739e-07
18562,1.034142798062021e-07
18563,1.0072574951891511e-07
18564,1.2502431445682305e-07
18565,1.635807223010488e-07
18566,2.0378290344069683e-07
18567,2.3392063042138034e-07
18568,2.481657475073007e-07
18569,2.4300197765114717e-07
18570,2.2207193239864864e-07
18571,1.898896755392343e-07
18572,1.5458856239547458e-07
18573,1.2242155378316966e-07
18574,9.869692263464458e-08
18575,8.557594100011556e-08
18576,8.277496021946718e-08
18577,8.792217442987749e-08
18578,9.757741281646304e-08
18579,1.0814302697781386e-07
18580,1.1667809474147361e-07
18581,1.213037563729813e-07
18582,1.2134222515669535e-07
18583,1.1725801130069158e-07
18584,1.1023256973885509e-07
18585,1.0191011767801683e-07
18586,9.379262166930857e-08
18587,8.713016086403513e-08
18588,8.264099449206697e-08
18589,8.052943201164453e-08
18590,8.053973488131305e-08
18591,8.212165880649991e-08
18592,8.456457578631671e-08
18593,8.717560007198699e-08
18594,8.939012019482107e-08
18595,9.085218266591255e-08
18596,9.138797452123981e-08
18597,9.104222442601895e-08
18598,8.997842826374836e-08
18599,8.847050025906356e-08
18600,8.678156859787123e-08
18601,8.517248772932362e-08
18602,8.38349123455373e-08
18603,8.290108866049195e-08
18604,8.241079996196277e-08
18605,8.236503390435246e-08
18606,8.270512807939667e-08
18607,8.334530576803445e-08
18608,8.419303298978775e-08
18609,8.51855617156616e-08
18610,8.625475800272397e-08
18611,8.739372248101063e-08
18612,8.858281574930515e-08
18613,8.989378841306461e-08
18614,9.135688117112295e-08
18615,9.310046777954994e-08
18616,9.521656352262653e-08
18617,9.789603439003258e-08
18618,1.01260262397318e-07
18619,1.056121377018826e-07
18620,1.1114454423477582e-07
18621,1.1834276847366709e-07
18622,1.2746252764372912e-07
18623,1.3932312015185744e-07
18624,1.5429245081577392e-07
18625,1.7381840677899163e-07
18626,1.9838759612866852e-07
18627,2.3050853314998676e-07
18628,2.7056466933572665e-07
18629,3.2297413099513506e-07
18630,3.8756405729145627e-07
18631,4.7185864104903885e-07
18632,5.730307179874217e-07
18633,7.030752726677747e-07
18634,8.518552476743935e-07
18635,1.0371966254751896e-06
18636,1.2315114190641907e-06
18637,1.4584567225028877e-06
18638,1.6587727031946997e-06
18639,1.8637194898474263e-06
18640,1.9777551187871723e-06
18641,2.0504937765508657e-06
18642,1.977538431674475e-06
18643,1.8427733721182449e-06
18644,1.5820100998098496e-06
18645,1.3005555956624448e-06
18646,9.847806268226122e-07
18647,7.132804284992744e-07
18648,4.882955977336678e-07
18649,3.356819320288196e-07
18650,2.4808454668345803e-07
18651,2.1596711974325444e-07
18652,2.2394596044250648e-07
18653,2.54126149457079e-07
18654,2.940125511941005e-07
18655,3.3059404813684523e-07
18656,3.6052114182894e-07
18657,3.763261702260934e-07
18658,3.8230746213230304e-07
18659,3.7351190940171364e-07
18660,3.570510500594537e-07
18661,3.2929824556049425e-07
18662,2.9675183554900286e-07
18663,2.5852909857349005e-07
18664,2.19500719822463e-07
18665,1.814349559481343e-07
18666,1.4777505441543326e-07
18667,1.2096622015178582e-07
18668,1.0260579585974483e-07
18669,9.337672679521347e-08
18670,9.257155397790484e-08
18671,9.857939886614986e-08
18672,1.0897525726250024e-07
18673,1.2126434967285604e-07
18674,1.327128131833888e-07
18675,1.4162731076794444e-07
18676,1.4634780143296666e-07
18677,1.4680536253308674e-07
18678,1.4283256177805015e-07
18679,1.356485768155835e-07
18680,1.2614749778094847e-07
18681,1.15877611506221e-07
18682,1.0582071041653762e-07
18683,9.7038366675406e-08
18684,9.001683309861619e-08
18685,8.503801041115366e-08
18686,8.198546197490941e-08
18687,8.05723061603203e-08
18688,8.038302468094116e-08
18689,8.098982817728029e-08
18690,8.200206025321677e-08
18691,8.312612465033453e-08
18692,8.414827590286222e-08
18693,8.4952418433204e-08
18694,8.550492225367634e-08
18695,8.583285193708434e-08
18696,8.600347456422242e-08
18697,8.605930190697109e-08
18698,8.607462120835407e-08
18699,8.606395596189031e-08
18700,8.606112800180199e-08
18701,8.605131540662114e-08
18702,8.605142909345886e-08
18703,8.602470558116693e-08
18704,8.598389911185222e-08
18705,8.589078959175822e-08
18706,8.575482013384317e-08
18707,8.555869612791867e-08
18708,8.532308015674062e-08
18709,8.504466819658774e-08
18710,8.475251433992526e-08
18711,8.44485583684218e-08
18712,8.416536445565725e-08
18713,8.390510686240304e-08
18714,8.370069792817958e-08
18715,8.355162606221711e-08
18716,8.348704483296387e-08
18717,8.348877145181177e-08
18718,8.358433234434415e-08
18719,8.3752645707591e-08
18720,8.401917739320197e-08
18721,8.436627751962078e-08
18722,8.482591340452927e-08
18723,8.539758766801242e-08
18724,8.611712587480724e-08
18725,8.698265219209134e-08
18726,8.804788365068816e-08
18727,8.931863249017624e-08
18728,9.087352736969478e-08
18729,9.272572043528271e-08
18730,9.50190539583673e-08
18731,9.778175069641293e-08
18732,1.0120881199782161e-07
18733,1.0534084537994204e-07
18734,1.105067042317387e-07
18735,1.1678024236516649e-07
18736,1.247076397703495e-07
18737,1.3437129098292644e-07
18738,1.4666746039893042e-07
18739,1.6167433614100446e-07
18740,1.8094608833507664e-07
18741,2.0447203041840112e-07
18742,2.3485489464292186e-07
18743,2.717072504765383e-07
18744,3.194199678091536e-07
18745,3.7657150642189663e-07
18746,4.505145625444129e-07
18747,5.369798259380332e-07
18748,6.479258445324376e-07
18749,7.723126600467367e-07
18750,9.285811870540783e-07
18751,1.0912430070675327e-06
18752,1.2869620604760712e-06
18753,1.4645920600742102e-06
18754,1.6605565633653896e-06
18755,1.790110104593623e-06
18756,1.9031344891118351e-06
18757,1.8941373127745464e-06
18758,1.834900558606023e-06
18759,1.6404437701567076e-06
18760,1.4030674719833769e-06
18761,1.092163415705727e-06
18762,7.926976763883431e-07
18763,5.129520559421508e-07
18764,2.980160047627578e-07
18765,1.5496033256567898e-07
18766,8.720242306026194e-08
18767,8.389477557102509e-08
18768,1.2787941727765428e-07
18769,1.9945926510445133e-07
18770,2.7823165282825357e-07
18771,3.501147318729636e-07
18772,3.991696644334297e-07
18773,4.2432799318703474e-07
18774,4.1755211555027927e-07
18775,3.892819790962676e-07
18776,3.3980091984631144e-07
18777,2.83170436432556e-07
18778,2.23885308514582e-07
18779,1.718714770504448e-07
18780,1.3049951519406022e-07
18781,1.0290481355923475e-07
18782,8.877157142705983e-08
18783,8.63420979158036e-08
18784,9.2587214339801e-08
18785,1.0404799866137182e-07
18786,1.1740053196263034e-07
18787,1.297335217032014e-07
18788,1.392341033579214e-07
18789,1.4436898254643893e-07
18790,1.4523911318065075e-07
18791,1.4171072848512267e-07
18792,1.3513621865968162e-07
18793,1.2616992250968906e-07
18794,1.1637995811497603e-07
18795,1.065224921603658e-07
18796,9.768460529357981e-08
18797,9.03238301930287e-08
18798,8.485015001724605e-08
18799,8.128004225227414e-08
18800,7.948160174464647e-08
18801,7.916408151231735e-08
18802,7.997289230843307e-08
18803,8.15235665641012e-08
18804,8.345892865690985e-08
18805,8.547473839826125e-08
18806,8.733201894983722e-08
18807,8.888368085990805e-08
18808,9.002339140806725e-08
18809,9.072008566590739e-08
18810,9.099401410139762e-08
18811,9.08963500023674e-08
18812,9.048937243960609e-08
18813,8.985612964806933e-08
18814,8.907599635676888e-08
18815,8.822398456231895e-08
18816,8.737526258073558e-08
18817,8.658778227754738e-08
18818,8.591931077717163e-08
18819,8.540362728126638e-08
18820,8.507922188982775e-08
18821,8.495320003021334e-08
18822,8.506777504635465e-08
18823,8.540919083088738e-08
18824,8.602012258052127e-08
18825,8.690468433769638e-08
18826,8.811610285874849e-08
18827,8.966685527411755e-08
18828,9.164799052996386e-08
18829,9.408780243802539e-08
18830,9.714021587114985e-08
18831,1.0085116741720412e-07
18832,1.0545856810040277e-07
18833,1.1104022945573888e-07
18834,1.17975773150647e-07
18835,1.2634050960969034e-07
18836,1.367593966961067e-07
18837,1.4929567271337874e-07
18838,1.6491958376718685e-07
18839,1.8357684439251898e-07
18840,2.067267530492245e-07
18841,2.3390821013435925e-07
18842,2.672368282219395e-07
18843,3.052147405924188e-07
18844,3.506685857246339e-07
18845,3.998416957529116e-07
18846,4.5609451149175584e-07
18847,5.116430088492052e-07
18848,5.702236762772372e-07
18849,6.186411383168888e-07
18850,6.616049290641968e-07
18851,6.822842237852456e-07
18852,6.888432153573376e-07
18853,6.67044901092595e-07
18854,6.317154657153878e-07
18855,5.77388846068061e-07
18856,5.235881417320343e-07
18857,4.7101104883040534e-07
18858,4.361929484275606e-07
18859,4.1703617625898914e-07
18860,4.21666470629134e-07
18861,4.4022868905813084e-07
18862,4.741137047403754e-07
18863,5.083545602246886e-07
18864,5.423678430815926e-07
18865,5.614674591924995e-07
18866,5.678081151927472e-07
18867,5.52196581793396e-07
18868,5.22809898484411e-07
18869,4.773712021233223e-07
18870,4.2834122382373607e-07
18871,3.763589120353572e-07
18872,3.321795531974203e-07
18873,2.9442287541314727e-07
18874,2.6782933559843514e-07
18875,2.4778705665085e-07
18876,2.3430767726040358e-07
18877,2.2207913730198925e-07
18878,2.10343884532449e-07
18879,1.9586012456329627e-07
18880,1.7945758656878752e-07
18881,1.6068153740889102e-07
18882,1.4167086703764653e-07
18883,1.234533328897669e-07
18884,1.0790616045142087e-07
18885,9.58149470875469e-08
18886,8.767355552663503e-08
18887,8.31730204708947e-08
18888,8.164410303379555e-08
18889,8.211407731550935e-08
18890,8.358117753459737e-08
18891,8.51762962383873e-08
18892,8.627169023611714e-08
18893,8.657286798552377e-08
18894,8.600417089610346e-08
18895,8.476983737182309e-08
18896,8.315001309711079e-08
18897,8.14892615608187e-08
18898,8.007096852225004e-08
18899,7.91202339200936e-08
18900,7.873222784837708e-08
18901,7.891549813621168e-08
18902,7.959342696040039e-08
18903,8.064477441394047e-08
18904,8.191906175625263e-08
18905,8.330297873726522e-08
18906,8.469429246815707e-08
18907,8.60596358620569e-08
18908,8.737927004176527e-08
18909,8.872831358530675e-08
18910,9.015713686721938e-08
18911,9.181211879649709e-08
18912,9.377033904911514e-08
18913,9.62537001214514e-08
18914,9.932922750977013e-08
18915,1.0326893118417502e-07
18916,1.0811852746428485e-07
18917,1.1428706159222202e-07
18918,1.2182049147213547e-07
18919,1.313580071382603e-07
18920,1.4291893535300915e-07
18921,1.5757640881020052e-07
18922,1.7529421825202007e-07
18923,1.978905430632949e-07
18924,2.2510030817102233e-07
18925,2.5993514896072156e-07
18926,3.01459806451021e-07
18927,3.546741140780796e-07
18928,4.169975227341638e-07
18929,4.964898607795476e-07
18930,5.865693992745946e-07
18931,6.996370984779787e-07
18932,8.207802011384047e-07
18933,9.682868267191225e-07
18934,1.1114204880868783e-06
18935,1.2752871043630876e-06
18936,1.4055688097869279e-06
18937,1.5360560610133689e-06
18938,1.590094711900747e-06
18939,1.6144206256285543e-06
18940,1.531425368739292e-06
18941,1.4052513961360091e-06
18942,1.1895576790266205e-06
18943,9.560162652633153e-07
18944,6.987523875068291e-07
18945,4.716576142982376e-07
18946,2.84494831248594e-07
18947,1.572009864503343e-07
18948,8.985483646029024e-08
18949,7.650468347719652e-08
18950,1.0444821896271606e-07
18951,1.5806642750249011e-07
18952,2.2229487228742073e-07
18953,2.819498661210673e-07
18954,3.292713586233731e-07
18955,3.539753663517331e-07
18956,3.5865343761543045e-07
18957,3.396624492779665e-07
18958,3.0659165872748417e-07
18959,2.6133994879273814e-07
18960,2.140872936706728e-07
18961,1.685201027612493e-07
18962,1.3072454407847545e-07
18963,1.0264338357046654e-07
18964,8.543559459894823e-08
18965,7.824633030395489e-08
18966,7.923137701482119e-08
18967,8.5902925661685e-08
18968,9.565228253904934e-08
18969,1.061900718468678e-07
18970,1.1550912404345581e-07
18971,1.225499488555215e-07
18972,1.2633081780677458e-07
18973,1.2714076547126751e-07
18974,1.2486836453717842e-07
18975,1.205044100061059e-07
18976,1.1442053704513455e-07
18977,1.0770371972057546e-07
18978,1.007966048405251e-07
18979,9.441874482263302e-08
18980,8.885532309932387e-08
18981,8.439512555469264e-08
18982,8.107532067924694e-08
18983,7.885818575914527e-08
18984,7.758998776807857e-08
18985,7.70908314962071e-08
18986,7.716545269431663e-08
18987,7.761612152989983e-08
18988,7.827565440265971e-08
18989,7.899694765001186e-08
18990,7.967773996142569e-08
18991,8.024225905955973e-08
18992,8.067134160683054e-08
18993,8.094001202607615e-08
18994,8.106403015517571e-08
18995,8.103828719185913e-08
18996,8.09024811587733e-08
18997,8.066341194989946e-08
18998,8.036252552301448e-08
18999,8.001514828492873e-08
19000,7.96542423131541e-08
19001,7.928789358402355e-08
19002,7.892415254673324e-08
19003,7.857014594492284e-08
19004,7.823673087159477e-08
19005,7.791969380832597e-08
19006,7.763350140521652e-08
19007,7.73659891706302e-08
19008,7.712712601914973e-08
19009,7.690946546290434e-08
19010,7.67181234095915e-08
19011,7.654708156223933e-08
19012,7.639967236627854e-08
19013,7.627120623965311e-08
19014,7.61616405497989e-08
19015,7.606188034969819e-08
19016,7.598050899559894e-08
19017,7.5905084884198e-08
19018,7.584402084148678e-08
19019,7.57998250833225e-08
19020,7.576417715426942e-08
19021,7.574594462766981e-08
19022,7.573559912543715e-08
19023,7.574503513296804e-08
19024,7.576959148991591e-08
19025,7.581171246329177e-08
19026,7.586899641864875e-08
19027,7.595333784138347e-08
19028,7.606099927670584e-08
19029,7.620203490432687e-08
19030,7.637861187959061e-08
19031,7.65979990546839e-08
19032,7.686774949888786e-08
19033,7.720070982486504e-08
19034,7.760762343878014e-08
19035,7.810625390902715e-08
19036,7.871843621387598e-08
19037,7.946645297352006e-08
19038,8.039550181138111e-08
19039,8.153376285235936e-08
19040,8.295518938439272e-08
19041,8.471204893112372e-08
19042,8.691327479937172e-08
19043,8.965224651547032e-08
19044,9.312300619512826e-08
19045,9.744242390752333e-08
19046,1.0292906438280625e-07
19047,1.097649899861608e-07
19048,1.1850670489366166e-07
19049,1.2944057914410223e-07
19050,1.435388554682504e-07
19051,1.6117337509058416e-07
19052,1.839976278006361e-07
19053,2.1237985947664129e-07
19054,2.491212853783509e-07
19055,2.942645664916199e-07
19056,3.524523890519049e-07
19057,4.222810048304382e-07
19058,5.110362053528661e-07
19059,6.131784857643652e-07
19060,7.394983185804449e-07
19061,8.748514233047899e-07
19062,1.033670514516416e-06
19063,1.182806954602711e-06
19064,1.3416565707302652e-06
19065,1.4539168660121504e-06
19066,1.550012825646263e-06
19067,1.5609102774760686e-06
19068,1.5388631027235533e-06
19069,1.427472284376563e-06
19070,1.2996949863008922e-06
19071,1.1263136912020855e-06
19072,9.744103408593219e-07
19073,8.298724765154475e-07
19074,7.250233124977967e-07
19075,6.450502496591071e-07
19076,5.854079176970117e-07
19077,5.322877996150055e-07
19078,4.69793405954988e-07
19079,3.991289645455254e-07
19080,3.1974991543393116e-07
19081,2.481444312252279e-07
19082,1.951341062067513e-07
19083,1.7167991472888389e-07
19084,1.777581957185248e-07
19085,2.0733702399411413e-07
19086,2.4633993689349154e-07
19087,2.8131094609307183e-07
19088,2.9914377819295623e-07
19089,2.9332016993066645e-07
19090,2.6425047394695866e-07
19091,2.1832167362845212e-07
19092,1.6691703308424621e-07
19093,1.2111377145629376e-07
19094,8.952841312748205e-08
19095,7.557046188821914e-08
19096,7.758305997640491e-08
19097,9.0274141939517e-08
19098,1.0683903184371957e-07
19099,1.2123352632897877e-07
19100,1.293217479769737e-07
19101,1.2998523857277178e-07
19102,1.2420321127137868e-07
19103,1.1475493977286533e-07
19104,1.0474666112259001e-07
19105,9.658788258093409e-08
19106,9.1611433106209e-08
19107,8.970258136287157e-08
19108,8.99404639653767e-08
19109,9.084051555419137e-08
19110,9.119281685343594e-08
19111,9.016371649295252e-08
19112,8.768066095399263e-08
19113,8.41370351167825e-08
19114,8.034437826154317e-08
19115,7.709002858291569e-08
19116,7.498696419361295e-08
19117,7.428059234371176e-08
19118,7.484563724347026e-08
19119,7.627762954598438e-08
19120,7.803504331604927e-08
19121,7.96080215081929e-08
19122,8.061313394591707e-08
19123,8.089703840141738e-08
19124,8.047676658406999e-08
19125,7.954915304253518e-08
19126,7.836041504560853e-08
19127,7.71834720580955e-08
19128,7.620259623308812e-08
19129,7.552677772082461e-08
19130,7.515407673963637e-08
19131,7.502869436848414e-08
19132,7.503751930926228e-08
19133,7.507880184220994e-08
19134,7.506042010163583e-08
19135,7.493459719398743e-08
19136,7.469564167195131e-08
19137,7.437185445269279e-08
19138,7.401251878036419e-08
19139,7.367064114305322e-08
19140,7.338947227708559e-08
19141,7.319425776586286e-08
19142,7.309246541353787e-08
19143,7.307760796493312e-08
19144,7.312154082228517e-08
19145,7.319650308090786e-08
19146,7.327766127218638e-08
19147,7.334186591378966e-08
19148,7.337816754215964e-08
19149,7.337952467878495e-08
19150,7.335138008102149e-08
19151,7.330268658733985e-08
19152,7.324345574488689e-08
19153,7.3183173299185e-08
19154,7.313440164580243e-08
19155,7.30993647835021e-08
19156,7.308631921887354e-08
19157,7.308888427814964e-08
19158,7.310654837056063e-08
19159,7.31285396682324e-08
19160,7.315619399150819e-08
19161,7.318010375456652e-08
19162,7.320054606907433e-08
19163,7.321939676785405e-08
19164,7.323293971239764e-08
19165,7.325137119096325e-08
19166,7.326940476559685e-08
19167,7.32963769678463e-08
19168,7.333159857125793e-08
19169,7.338395846545609e-08
19170,7.34543590397152e-08
19171,7.354756093036485e-08
19172,7.366654131146788e-08
19173,7.3814533152472e-08
19174,7.399763291005002e-08
19175,7.422345760232929e-08
19176,7.449740024867424e-08
19177,7.482368857836263e-08
19178,7.522920242308828e-08
19179,7.572386806486975e-08
19180,7.633783383198534e-08
19181,7.708890592539319e-08
19182,7.802507440146655e-08
19183,7.919501854303235e-08
19184,8.068327161936395e-08
19185,8.254043137867484e-08
19186,8.48942676157094e-08
19187,8.784549265783426e-08
19188,9.16238178660933e-08
19189,9.639904874347849e-08
19190,1.025791220854444e-07
19191,1.1037110425604624e-07
19192,1.2049349606968462e-07
19193,1.333065995368088e-07
19194,1.5008717468845134e-07
19195,1.7127354112744797e-07
19196,1.991324296568564e-07
19197,2.340375431231223e-07
19198,2.800279048642551e-07
19199,3.3685779499137425e-07
19200,4.1143036355606455e-07
19201,5.011043526792491e-07
19202,6.172397775117133e-07
19203,7.502100061174133e-07
19204,9.170473731501261e-07
19205,1.0914800441241823e-06
19206,1.2966818303539185e-06
19207,1.4759277746634325e-06
19208,1.6585576076977304e-06
19209,1.752018761180807e-06
19210,1.799731535356841e-06
19211,1.7034082020472852e-06
19212,1.5364381624749512e-06
19213,1.2510943179222522e-06
19214,9.422711286788399e-07
19215,6.230020517250523e-07
19216,3.6236468758943374e-07
19217,1.8014021918588696e-07
19218,9.043696280741642e-08
19219,8.355912228807938e-08
19220,1.376476319592257e-07
19221,2.2494947415907518e-07
19222,3.160615165143099e-07
19223,3.907286725279846e-07
19224,4.285673753656738e-07
19225,4.305587708586245e-07
19226,3.9284182662413514e-07
19227,3.3302063684459426e-07
19228,2.597729746867117e-07
19229,1.911148217459413e-07
19230,1.3567213841270132e-07
19231,1.0045906861932963e-07
19232,8.581768895510322e-08
19233,8.841913512469546e-08
19234,1.0229507552139694e-07
19235,1.207589548357646e-07
19236,1.3806192100673798e-07
19237,1.4964791716920445e-07
19238,1.5403533382141177e-07
19239,1.5045092993659637e-07
19240,1.4124964309303323e-07
19241,1.281682955323049e-07
19242,1.1439166058835326e-07
19243,1.0176708542530832e-07
19244,9.202184259038404e-08
19245,8.56472581745038e-08
19246,8.254615124769771e-08
19247,8.19959211639798e-08
19248,8.306389531753666e-08
19249,8.478122026644996e-08
19250,8.637363180241664e-08
19251,8.734669876275802e-08
19252,8.744606105892672e-08
19253,8.674476248415885e-08
19254,8.539387863493175e-08
19255,8.373213944423696e-08
19256,8.197764600481605e-08
19257,8.038959009581959e-08
19258,7.906084675823877e-08
19259,7.806714563685091e-08
19260,7.736377938272199e-08
19261,7.688355196933117e-08
19262,7.651728139990155e-08
19263,7.61893090839294e-08
19264,7.582788441595767e-08
19265,7.541412117006985e-08
19266,7.494607245916995e-08
19267,7.445499505820408e-08
19268,7.397508738904435e-08
19269,7.355339448622544e-08
19270,7.322294948153285e-08
19271,7.300041460212014e-08
19272,7.289388292974763e-08
19273,7.288180370323971e-08
19274,7.29400255750079e-08
19275,7.303468407826585e-08
19276,7.31342879589647e-08
19277,7.320985417891279e-08
19278,7.323771455958195e-08
19279,7.320834782831298e-08
19280,7.311713545732346e-08
19281,7.296624460195744e-08
19282,7.277355962287402e-08
19283,7.255089684576888e-08
19284,7.232462451156607e-08
19285,7.210591945749911e-08
19286,7.190715223259758e-08
19287,7.173672145199816e-08
19288,7.160739556866247e-08
19289,7.151354708412327e-08
19290,7.145401070829394e-08
19291,7.142820379613113e-08
19292,7.142710956031806e-08
19293,7.14429404524708e-08
19294,7.14686976266421e-08
19295,7.149637326619995e-08
19296,7.152414127631346e-08
19297,7.154529413355704e-08
19298,7.156093317917112e-08
19299,7.156791781426364e-08
19300,7.156417325404618e-08
19301,7.155305326023154e-08
19302,7.153551706551298e-08
19303,7.151351155698649e-08
19304,7.148503300413722e-08
19305,7.146010716496676e-08
19306,7.142806168758398e-08
19307,7.140242530567775e-08
19308,7.137569468795846e-08
19309,7.13517067651992e-08
19310,7.132939572329633e-08
19311,7.130854839942913e-08
19312,7.128866741368256e-08
19313,7.127139411977623e-08
19314,7.125529322138391e-08
19315,7.12401444502575e-08
19316,7.122701362050066e-08
19317,7.12162631089086e-08
19318,7.120436862351198e-08
19319,7.119622580376017e-08
19320,7.118783429405084e-08
19321,7.118033806818858e-08
19322,7.1175875859808e-08
19323,7.117094469322183e-08
19324,7.116999256595591e-08
19325,7.116889833014284e-08
19326,7.116721434385909e-08
19327,7.116852884792024e-08
19328,7.116828726339008e-08
19329,7.117139944057271e-08
19330,7.117696299019372e-08
19331,7.118265443750715e-08
19332,7.119342626538128e-08
19333,7.120694789364279e-08
19334,7.122324063857377e-08
19335,7.124628353949447e-08
19336,7.127696477482459e-08
19337,7.131963286610699e-08
19338,7.13740107016747e-08
19339,7.144170410811057e-08
19340,7.152457470738227e-08
19341,7.163422566236477e-08
19342,7.176908667361204e-08
19343,7.193742135314096e-08
19344,7.214968889002193e-08
19345,7.241209232233814e-08
19346,7.273659008433242e-08
19347,7.314122996149308e-08
19348,7.365032672623784e-08
19349,7.429191128949242e-08
19350,7.509676436256996e-08
19351,7.612244701249438e-08
19352,7.741306262687431e-08
19353,7.905267551677753e-08
19354,8.111955196454801e-08
19355,8.37728393321413e-08
19356,8.713982424524147e-08
19357,9.15032742909716e-08
19358,9.706479886517627e-08
19359,1.0427368124510394e-07
19360,1.1345194650402846e-07
19361,1.2542349736577307e-07
19362,1.4064914921618765e-07
19363,1.605092450063239e-07
19364,1.8553973291091097e-07
19365,2.1806459926665411e-07
19366,2.584702372132597e-07
19367,3.105865573616029e-07
19368,3.7360371152317384e-07
19369,4.5315465513340314e-07
19370,5.446203772407898e-07
19371,6.55393364468182e-07
19372,7.716952268310706e-07
19373,9.018745004141238e-07
19374,1.016797000374936e-06
19375,1.1269675042058225e-06
19376,1.1883407751156483e-06
19377,1.221801994688576e-06
19378,1.184942789222987e-06
19379,1.119501689572644e-06
19380,1.002825911200489e-06
19381,8.885036777428468e-07
19382,7.677286930629634e-07
19383,6.77822072248091e-07
19384,6.057207428966649e-07
19385,5.583295887845452e-07
19386,5.169217729417142e-07
19387,4.7017610427246836e-07
19388,4.094385417374724e-07
19389,3.3133142096630763e-07
19390,2.480507816926547e-07
19391,1.7248831341021287e-07
19392,1.213185214510304e-07
19393,1.024772799951279e-07
19394,1.154062800878819e-07
19395,1.5040518519526813e-07
19396,1.9340095036568528e-07
19397,2.2920187348063337e-07
19398,2.469916466907307e-07
19399,2.421088254322967e-07
19400,2.1711188935569226e-07
19401,1.8007300184308406e-07
19402,1.4143687110390601e-07
19403,1.1004583910789734e-07
19404,9.110748067087115e-08
19405,8.475082324821415e-08
19406,8.762145142782174e-08
19407,9.448875459838746e-08
19408,1.0065009803383873e-07
19409,1.0300819042186049e-07
19410,1.0110282744335564e-07
19411,9.613688689569244e-08
19412,9.049895766111149e-08
19413,8.63327969113925e-08
19414,8.482325597469753e-08
19415,8.596533263016681e-08
19416,8.861330513809662e-08
19417,9.128703482019773e-08
19418,9.250099708424386e-08
19419,9.15695039793718e-08
19420,8.842957299748377e-08
19421,8.388069261400233e-08
19422,7.894330167346197e-08
19423,7.469490981293347e-08
19424,7.182633510183223e-08
19425,7.056424067286571e-08
19426,7.06910867620536e-08
19427,7.168681293023837e-08
19428,7.294399040347344e-08
19429,7.3953025037099e-08
19430,7.44334229807464e-08
19431,7.434141480189282e-08
19432,7.383624733847682e-08
19433,7.316607764096261e-08
19434,7.258019962819162e-08
19435,7.223205500395125e-08
19436,7.216142705601669e-08
19437,7.229435539102269e-08
19438,7.250937983371841e-08
19439,7.265839485626202e-08
19440,7.264598167466829e-08
19441,7.242260835482739e-08
19442,7.201695950698195e-08
19443,7.15030523679161e-08
19444,7.097668230926502e-08
19445,7.052251760342187e-08
19446,7.019827563681247e-08
19447,7.00166751244069e-08
19448,6.995822587896328e-08
19449,6.998254065138099e-08
19450,7.004035751378979e-08
19451,7.008753755144426e-08
19452,7.010062574863696e-08
19453,7.00707545320256e-08
19454,7.000344481866705e-08
19455,6.992173240405464e-08
19456,6.984334532944558e-08
19457,6.978787325806479e-08
19458,6.976200950248312e-08
19459,6.976999600283307e-08
19460,6.980295097491762e-08
19461,6.984285505495791e-08
19462,6.988199885427093e-08
19463,6.990468648382375e-08
19464,6.991366774400376e-08
19465,6.989795053868875e-08
19466,6.987143308379018e-08
19467,6.983414380101749e-08
19468,6.979786348892958e-08
19469,6.97649795711186e-08
19470,6.974072164211975e-08
19471,6.972817345740623e-08
19472,6.971878008243948e-08
19473,6.972063459897981e-08
19474,6.972302912799933e-08
19475,6.972675237193471e-08
19476,6.972499022595002e-08
19477,6.972099697577505e-08
19478,6.971372101816087e-08
19479,6.970483212853651e-08
19480,6.969544585899712e-08
19481,6.968775068116884e-08
19482,6.968277688201852e-08
19483,6.968541299556819e-08
19484,6.969055732497509e-08
19485,6.970423527263847e-08
19486,6.972058486098831e-08
19487,6.974457278374757e-08
19488,6.976808464287387e-08
19489,6.979979616517085e-08
19490,6.98350461902919e-08
19491,6.987594503016226e-08
19492,6.992614487444371e-08
19493,6.998304513672338e-08
19494,7.005156277273272e-08
19495,7.013255753918202e-08
19496,7.022847370308227e-08
19497,7.034191895627373e-08
19498,7.04816400798336e-08
19499,7.064928553290883e-08
19500,7.085517239602268e-08
19501,7.110850219760323e-08
19502,7.14095733655995e-08
19503,7.17745720635321e-08
19504,7.221503040000243e-08
19505,7.275630764524976e-08
19506,7.341243701830535e-08
19507,7.422821113323153e-08
19508,7.521902034568484e-08
19509,7.643863852990762e-08
19510,7.793713052706153e-08
19511,7.979778615663236e-08
19512,8.207104684743172e-08
19513,8.490410152717232e-08
19514,8.838318876769335e-08
19515,9.276372736621852e-08
19516,9.815363455345505e-08
19517,1.0496263769255165e-07
19518,1.1333540328450908e-07
19519,1.2396424153848784e-07
19520,1.369920710203587e-07
19521,1.5359934479874937e-07
19522,1.7384917327945004e-07
19523,1.9971983533650928e-07
19524,2.3088179545993626e-07
19525,2.705268400404748e-07
19526,3.172921765326464e-07
19527,3.7621902038154076e-07
19528,4.4325184944682405e-07
19529,5.258998498902656e-07
19530,6.144381359263207e-07
19531,7.191783879534341e-07
19532,8.197559395739518e-07
19533,9.294645906265941e-07
19534,1.0130314649359207e-06
19535,1.0879152796405833e-06
19536,1.1072977486037416e-06
19537,1.0968539072564454e-06
19538,1.0150026810151758e-06
19539,8.998401881399332e-07
19540,7.346557140408549e-07
19541,5.626905021927087e-07
19542,3.906456527147384e-07
19543,2.485877246272139e-07
19544,1.4511742563172447e-07
19545,8.712520838116689e-08
19546,7.101987620217187e-08
19547,8.793379180360716e-08
19548,1.25798933936494e-07
19549,1.715731627882633e-07
19550,2.147508979533086e-07
19551,2.4529410325158096e-07
19552,2.605586075787869e-07
19553,2.566700914030662e-07
19554,2.3869625920269755e-07
19555,2.0843322090513539e-07
19556,1.7380078531914478e-07
19557,1.3892751837829564e-07
19558,1.0939007921706434e-07
19559,8.766846804064699e-08
19560,7.509494537316641e-08
19561,7.108864963356609e-08
19562,7.390998746359401e-08
19563,8.114631100397673e-08
19564,9.020130420367423e-08
19565,9.885363283501647e-08
19566,1.0527233484936005e-07
19567,1.0871175959437096e-07
19568,1.0864353328088328e-07
19569,1.0568515307340931e-07
19570,1.003279876954366e-07
19571,9.377961873724416e-08
19572,8.685643138051091e-08
19573,8.053548583575321e-08
19574,7.537727242379333e-08
19575,7.174989491431916e-08
19576,6.971382049414387e-08
19577,6.912430450256579e-08
19578,6.966066479208166e-08
19579,7.092435794220364e-08
19580,7.251576050748554e-08
19581,7.407383861846029e-08
19582,7.533756729571905e-08
19583,7.611694030629224e-08
19584,7.635220811152976e-08
19585,7.603799900834929e-08
19586,7.528929302225151e-08
19587,7.421986225608634e-08
19588,7.299477999822557e-08
19589,7.174566007961403e-08
19590,7.060270945657976e-08
19591,6.965490229049465e-08
19592,6.894967441439803e-08
19593,6.850375200428971e-08
19594,6.829928622664738e-08
19595,6.829353793591508e-08
19596,6.843049504823284e-08
19597,6.865309387649177e-08
19598,6.890648052149118e-08
19599,6.914428496429537e-08
19600,6.933507279427431e-08
19601,6.945400343738584e-08
19602,6.949329645067337e-08
19603,6.945933250790404e-08
19604,6.936205920737848e-08
19605,6.9218351939071e-08
19606,6.904527793949455e-08
19607,6.885894521246883e-08
19608,6.867503543617204e-08
19609,6.850464728813677e-08
19610,6.836206267735179e-08
19611,6.824146225881123e-08
19612,6.81543568248344e-08
19613,6.809320751699488e-08
19614,6.805443319990445e-08
19615,6.803620067330485e-08
19616,6.803277585731848e-08
19617,6.80401299746336e-08
19618,6.805619534588914e-08
19619,6.807368890804355e-08
19620,6.809135300045455e-08
19621,6.810613228935836e-08
19622,6.811693253894191e-08
19623,6.812092578911688e-08
19624,6.811928443539728e-08
19625,6.811005448525975e-08
19626,6.80963054833228e-08
19627,6.807921693052776e-08
19628,6.805608165905142e-08
19629,6.802966368013585e-08
19630,6.800038931942254e-08
19631,6.797036178340932e-08
19632,6.79410376847045e-08
19633,6.791199780309398e-08
19634,6.788589246298216e-08
19635,6.786227402244549e-08
19636,6.784113537605663e-08
19637,6.782192940590903e-08
19638,6.780401662354052e-08
19639,6.778982708510739e-08
19640,6.77739890875273e-08
19641,6.77644038660219e-08
19642,6.775218253096682e-08
19643,6.77422136163841e-08
19644,6.77312215202619e-08
19645,6.772150840106406e-08
19646,6.771335137045753e-08
19647,6.77059333042962e-08
19648,6.769707283638127e-08
19649,6.768911475774075e-08
19650,6.767928084627783e-08
19651,6.767029958609783e-08
19652,6.766077120801128e-08
19653,6.765095861283044e-08
19654,6.764289395277956e-08
19655,6.763302451417985e-08
19656,6.762406457028192e-08
19657,6.761372617347661e-08
19658,6.760512860637391e-08
19659,6.759589865623639e-08
19660,6.758492077096889e-08
19661,6.757603898677189e-08
19662,6.756615533731747e-08
19663,6.755499271093868e-08
19664,6.754435588618435e-08
19665,6.753336379006214e-08
19666,6.752243564278615e-08
19667,6.751221803824592e-08
19668,6.750332914862156e-08
19669,6.749432657215948e-08
19670,6.748690850599814e-08
19671,6.747712433252673e-08
19672,6.746802228008164e-08
19673,6.745873548652526e-08
19674,6.745065661561966e-08
19675,6.744291169979988e-08
19676,6.743465519321035e-08
19677,6.74256810384577e-08
19678,6.741586844327685e-08
19679,6.740682323425062e-08
19680,6.739836777569508e-08
19681,6.739003310940461e-08
19682,6.738143554230192e-08
19683,6.737197111306159e-08
19684,6.736332380796739e-08
19685,6.73558986363787e-08
19686,6.73507543069718e-08
19687,6.734367730132362e-08
19688,6.733791479973661e-08
19689,6.733412050152765e-08
19690,6.733124280344782e-08
19691,6.732922486207826e-08
19692,6.732773272233317e-08
19693,6.733113622203746e-08
19694,6.733539237302466e-08
19695,6.734386204243492e-08
19696,6.73558488983872e-08
19697,6.737395352729436e-08
19698,6.739545455047846e-08
19699,6.742320834973725e-08
19700,6.745744229874617e-08
19701,6.749807823780429e-08
19702,6.755082893050712e-08
19703,6.761480619843496e-08
19704,6.769442961740424e-08
19705,6.779232819553727e-08
19706,6.791711371079145e-08
19707,6.807060515257035e-08
19708,6.826287091143968e-08
19709,6.850007139291847e-08
19710,6.879233893641867e-08
19711,6.915497863246856e-08
19712,6.960348741813505e-08
19713,7.016398484438469e-08
19714,7.086310915838112e-08
19715,7.173775884439237e-08
19716,7.282046254886154e-08
19717,7.418420011617854e-08
19718,7.589008532704611e-08
19719,7.8063074226975e-08
19720,8.078069413386402e-08
19721,8.423278075042617e-08
19722,8.852991584262782e-08
19723,9.399428080314465e-08
19724,1.008106664812658e-07
19725,1.0953561968563008e-07
19726,1.2036815633109654e-07
19727,1.3422871347756882e-07
19728,1.51327057551498e-07
19729,1.7326463819244964e-07
19730,2.0003673739665828e-07
19731,2.3422080630552955e-07
19732,2.7507564936968265e-07
19733,3.267560941822012e-07
19734,3.8650128431072517e-07
19735,4.6040020151849603e-07
19736,5.409348204921116e-07
19737,6.364422233673395e-07
19738,7.302101039385889e-07
19739,8.327233445015736e-07
19740,9.136800258602307e-07
19741,9.864323828878696e-07
19742,1.0095179732161341e-06
19743,1.0034759725385811e-06
19744,9.31035287976556e-07
19745,8.255055945483036e-07
19746,6.731961548211984e-07
19747,5.138825827089022e-07
19748,3.5578750612330623e-07
19749,2.2702349156134005e-07
19750,1.3646449303905683e-07
19751,8.992095956728008e-08
19752,8.309173438192374e-08
19753,1.061502530319558e-07
19754,1.4640376377883513e-07
19755,1.9019904584638425e-07
19756,2.2729577153768332e-07
19757,2.4822853106343246e-07
19758,2.517905386412167e-07
19759,2.3608322408108506e-07
19760,2.078193404031481e-07
19761,1.7128971308011387e-07
19762,1.3495190387402545e-07
19763,1.0378398229704544e-07
19764,8.211898716581345e-08
19765,7.118338629652499e-08
19766,7.017854386504041e-08
19767,7.65860335150137e-08
19768,8.702928511183927e-08
19769,9.813982160267187e-08
19770,1.0696393815123884e-07
19771,1.118622137141756e-07
19772,1.1187945148094514e-07
19773,1.077052900200215e-07
19774,1.0023578767004437e-07
19775,9.131292699748883e-08
19776,8.239440774104878e-08
19777,7.490821474220866e-08
19778,6.965032639527635e-08
19779,6.693204568364308e-08
19780,6.655390905052627e-08
19781,6.79439864370579e-08
19782,7.034018523199848e-08
19783,7.297540349782139e-08
19784,7.521052225456515e-08
19785,7.659835432605178e-08
19786,7.697499881942349e-08
19787,7.63354108812564e-08
19788,7.493402875979882e-08
19789,7.305641958055276e-08
19790,7.105339960844503e-08
19791,6.921258943748398e-08
19792,6.776556205068118e-08
19793,6.681435138489178e-08
19794,6.63735164607715e-08
19795,6.637332461423284e-08
19796,6.668705765378036e-08
19797,6.717019118696044e-08
19798,6.767386651063134e-08
19799,6.809251829054119e-08
19800,6.834946475464676e-08
19801,6.840721056278198e-08
19802,6.827197296388476e-08
19803,6.79879619269741e-08
19804,6.761207771432964e-08
19805,6.720524226011548e-08
19806,6.682311948225106e-08
19807,6.650824246889897e-08
19808,6.628357596127898e-08
19809,6.615717751401462e-08
19810,6.611936242961747e-08
19811,6.614902758883545e-08
19812,6.622411774515058e-08
19813,6.63178454374247e-08
19814,6.6405576149009e-08
19815,6.647304928719677e-08
19816,6.650623163295677e-08
19817,6.650418526987778e-08
19818,6.646826022915775e-08
19819,6.64076367229427e-08
19820,6.632571114550956e-08
19821,6.623686488183012e-08
19822,6.614801861815067e-08
19823,6.606968128153312e-08
19824,6.600836854886438e-08
19825,6.596354751309264e-08
19826,6.593777612806662e-08
19827,6.592476609057485e-08
19828,6.592694035134627e-08
19829,6.593338497395962e-08
19830,6.594558499273262e-08
19831,6.595610102522187e-08
19832,6.596297197347667e-08
19833,6.596640389489039e-08
19834,6.596102508638069e-08
19835,6.594975587859153e-08
19836,6.592983226028082e-08
19837,6.590800438743827e-08
19838,6.588314249711402e-08
19839,6.585812428738791e-08
19840,6.58342287351843e-08
19841,6.581107925285323e-08
19842,6.579160327646605e-08
19843,6.577270283969483e-08
19844,6.575803013220138e-08
19845,6.574679645154902e-08
19846,6.573674227183801e-08
19847,6.572901156687294e-08
19848,6.572330590870479e-08
19849,6.571596600224439e-08
19850,6.570773081193693e-08
19851,6.569913324483423e-08
19852,6.569261756794731e-08
19853,6.568220101144107e-08
19854,6.567299237758562e-08
19855,6.566190791090776e-08
19856,6.565080212794783e-08
19857,6.564087584592926e-08
19858,6.56276810673262e-08
19859,6.561549525940791e-08
19860,6.560428289503761e-08
19861,6.55938450222493e-08
19862,6.558321530292233e-08
19863,6.557201004397939e-08
19864,6.556408038704831e-08
19865,6.555137588293292e-08
19866,6.554314779805281e-08
19867,6.55331291454786e-08
19868,6.552338049914397e-08
19869,6.551444897695546e-08
19870,6.550475006861234e-08
19871,6.549538511535502e-08
19872,6.548762598868052e-08
19873,6.54768044228149e-08
19874,6.546773079207924e-08
19875,6.545976560801137e-08
19876,6.544954089804378e-08
19877,6.54407728006845e-08
19878,6.543154285054698e-08
19879,6.542278185861505e-08
19880,6.541251451608332e-08
19881,6.540568620039267e-08
19882,6.539537622529679e-08
19883,6.538576258208195e-08
19884,6.537815977480932e-08
19885,6.536950536428776e-08
19886,6.536137675539067e-08
19887,6.535428553888778e-08
19888,6.534767749144521e-08
19889,6.533898044835951e-08
19890,6.533466745395344e-08
19891,6.53271499118091e-08
19892,6.53213021450938e-08
19893,6.531596596914824e-08
19894,6.531073637461304e-08
19895,6.530652285618999e-08
19896,6.530369489610166e-08
19897,6.530034113438887e-08
19898,6.530002139015778e-08
19899,6.530076035460297e-08
19900,6.530512308700054e-08
19901,6.530774498969549e-08
19902,6.531422513944563e-08
19903,6.53251888138584e-08
19904,6.533699092869938e-08
19905,6.535484686764903e-08
19906,6.5376504210235e-08
19907,6.540243191466288e-08
19908,6.543439923234473e-08
19909,6.5477422594995e-08
19910,6.552826192773864e-08
19911,6.559453424870298e-08
19912,6.567235288912343e-08
19913,6.576931355084525e-08
19914,6.588836498622186e-08
19915,6.603598734500338e-08
19916,6.621620940450157e-08
19917,6.643485761514967e-08
19918,6.670923369256343e-08
19919,6.704103583388132e-08
19920,6.745062108848288e-08
19921,6.795178819629655e-08
19922,6.856691214807142e-08
19923,6.931252727326864e-08
19924,7.022386938615455e-08
19925,7.132867096970585e-08
19926,7.268061352760924e-08
19927,7.432566917486838e-08
19928,7.634393739408551e-08
19929,7.87954874681418e-08
19930,8.179095800642244e-08
19931,8.539812057506424e-08
19932,8.979382926099788e-08
19933,9.503375508757017e-08
19934,1.013457975318488e-07
19935,1.0873669964439614e-07
19936,1.1749663997306925e-07
19937,1.275243022291761e-07
19938,1.391469766076625e-07
19939,1.519394459137402e-07
19940,1.6612236208857212e-07
19941,1.8068919871438993e-07
19942,1.9563955788726162e-07
19943,2.091831419193113e-07
19944,2.2107059294285136e-07
19945,2.2885026851326984e-07
19946,2.323205876564316e-07
19947,2.2926694498437428e-07
19948,2.203441908932291e-07
19949,2.049356737643393e-07
19950,1.8516072941565653e-07
19951,1.6253119383691228e-07
19952,1.3988156410960073e-07
19953,1.1949859413107333e-07
19954,1.0327268284981983e-07
19955,9.231823128175165e-08
19956,8.662485839749934e-08
19957,8.562491160546415e-08
19958,8.794090433639212e-08
19959,9.214046059469183e-08
19960,9.66012052572296e-08
19961,1.0019007845585293e-07
19962,1.0186369081566227e-07
19963,1.0138553108163251e-07
19964,9.861568628366513e-08
19965,9.415458634975948e-08
19966,8.851959876210458e-08
19967,8.261142170340463e-08
19968,7.706657356720825e-08
19969,7.250472577879918e-08
19970,6.922991246938182e-08
19971,6.733937851777227e-08
19972,6.667945484650772e-08
19973,6.695243115473204e-08
19974,6.777570860094784e-08
19975,6.877866809418265e-08
19976,6.964334886561119e-08
19977,7.015815839395145e-08
19978,7.022321568683765e-08
19979,6.983302114349499e-08
19980,6.907900740316109e-08
19981,6.809408148455987e-08
19982,6.704307509153296e-08
19983,6.606808966580502e-08
19984,6.527922380428208e-08
19985,6.473963765074586e-08
19986,6.446636291457253e-08
19987,6.442854783017538e-08
19988,6.45672528776231e-08
19989,6.481390357748751e-08
19990,6.509290528811107e-08
19991,6.534643404165763e-08
19992,6.553108278239961e-08
19993,6.561923981962536e-08
19994,6.560804166610978e-08
19995,6.551138653776434e-08
19996,6.535164942533811e-08
19997,6.516020789604227e-08
19998,6.49649152251186e-08
19999,6.478965985934337e-08
