iteration,min_w
0,0.0
1,0.0
2,0.0
3,0.0
4,0.0
5,0.0
6,0.0
7,0.0
8,0.0
9,4.9505697215355715e-256
10,1.2520105504304765e-39
11,1.8413726826897143e-60
12,0.0
13,0.0
14,0.0
15,0.0
16,0.0
17,7.184299253675975e-44
18,6.1098438564643916e-149
19,0.0
20,6.324057321214184e-113
21,0.0
22,0.0
23,1.2327467834825355e-76
24,2.943686823906115e-11
25,4.328593816491606e-16
26,9.779712376179795e-77
27,2.416601076887263e-41
28,2.1975689674498547e-213
29,0.0
30,0.0
31,2.0462375769158565e-142
32,9.01199822967523e-06
33,1.2062973280328184e-30
34,4.941420931198095e-228
35,0.0
36,0.0
37,0.0
38,4.542650066745501e-231
39,2.285301192470189e-13
40,0.0
41,0.0
42,0.0
43,0.0
44,0.0
45,0.0
46,0.0
47,0.0
48,0.0
49,1.0551821806151299e-56
50,2.9248182106085017e-25
51,4.560209724211852e-12
52,1.031787672652245e-169
53,0.0
54,0.0
55,0.0
56,0.0
57,0.0
58,9.784376918567149e-204
59,9.258429391659903e-05
60,7.678584674653504e-16
61,1.7245790108415728e-32
62,8.690620989083962e-22
63,1.7180682055903415e-37
64,1.3279706955039297e-193
65,0.0
66,3.238111367451033e-224
67,1.5272066321784625e-101
68,3.890627071092758e-242
69,4.2922948975941067e-35
70,5.936441709513286e-08
71,4.783562676587551e-08
72,0.0006903466729778325
73,2.351696966844648e-17
74,8.098599473212628e-31
75,6.172006582715928e-218
76,8.265106757778599e-223
77,1.6580151472512717e-11
78,7.237640012177516e-130
79,6.346062222213392e-38
80,1.566216716450865e-05
81,1.3931714409791898e-27
82,0.0
83,0.0
84,6.787772423647833e-54
85,4.622045124487347e-17
86,1.8663486649628765e-10
87,0.00020649521810414505
88,0.004939371348332821
89,0.0005149248635970823
90,5.0421863271803294e-27
91,1.7166931896482874e-82
92,7.350175188067744e-96
93,1.584131373490888e-51
94,0.0071562145129321075
95,0.0
96,0.0
97,0.0
98,0.0
99,0.0
100,0.0
101,0.0
102,0.0
103,0.0
104,0.0
105,0.0
106,0.0
107,0.0
108,0.0
109,0.0
110,0.0
111,0.0
112,0.0
113,0.0
114,0.0
115,0.0
116,0.0
117,0.0
118,0.0
119,0.0
120,0.0
121,0.0
122,0.0
123,0.0
124,0.0
125,2.0240510705256237e-62
126,5.272374086306973e-115
127,0.0
128,0.0
129,0.0
130,0.0
131,0.0
132,0.0
133,0.0
134,0.0
135,0.0
136,2.0986549084974907e-118
137,1.9425484764166132e-50
138,1.873245888498878e-40
139,4.6678369818972536e-66
140,2.09026507090433e-117
141,6.741376194626335e-137
142,6.515320749646983e-99
143,2.56539658523398e-141
144,1.5416940838929318e-38
145,0.0014381333929879016
146,0.06407920609850025
147,0.023769990351766798
148,0.052739091508073384
149,9.968786301518676e-06
150,1.1120797125151444e-85
151,2.0054110668603144e-230
152,0.0
153,0.0
154,0.0
155,0.0
156,0.0
157,0.0
158,0.0
159,0.0
160,0.0
161,0.0
162,0.0
163,0.0
164,1.564483930444305e-117
165,3.3842531767716976e-77
166,5.7114763711889145e-87
167,5.3824839449830396e-235
168,0.0
169,3.3733141900250298e-124
170,2.672783154366608e-78
171,3.350630314302376e-94
172,4.769975956906233e-51
173,1.8109256038308477e-25
174,1.4291147088485573e-58
175,3.246996072149423e-60
176,2.946177402460256e-96
177,4.501068112400213e-100
178,9.893649482540751e-78
179,8.280424283647479e-36
180,0.006478859349580576
181,1.0899846089171979e-09
182,6.795013425420749e-19
183,3.5359476236498514e-20
184,1.5625875171607296e-06
185,8.595114636934056e-05
186,2.974679740404589e-46
187,1.1687571482953293e-23
188,3.991627329907533e-156
189,5.183549476794358e-269
190,4.1184588424708536e-280
191,2.509264206596798e-206
192,9.480650446833405e-109
193,1.765329702937035e-38
194,1.1535686609591109e-08
195,0.0075092564291199424
196,8.789368894422622e-12
197,1.7149492165640094e-30
198,6.895550064586315e-36
199,7.362911188652451e-23
200,6.709629344182288e-06
201,1.5358030228094462e-11
202,5.921685379964262e-12
203,6.77213991715027e-37
204,6.135836337698302e-242
205,4.871379332639824e-100
206,3.055105457376748e-05
207,0.0017005653861732392
208,5.837965085315628e-43
209,1.8146739030047187e-119
210,3.811460548042633e-123
211,1.330316621530056e-56
212,2.438372785375762e-07
213,2.2321504244408095e-05
214,0.01160078121446843
215,0.00018586693767392283
216,0.002262994656539563
217,0.018596066903732722
218,0.001852798783646622
219,0.010258149429112028
220,0.00013661540267902877
221,0.00030442175846430447
222,0.07599707352314213
223,0.010296645251787587
224,1.7263765977977034e-17
225,6.754269642962016e-15
226,0.029990945537118684
227,0.10195313916165441
228,9.367737477116515e-08
229,2.02879241345395e-20
230,1.1625836589636434e-24
231,0.0006736446167476669
232,0.001264984791853559
233,1.36180739595851e-25
234,0.0012922547362712775
235,5.1211462360479616e-08
236,4.366446465413756e-08
237,1.6090308111222592e-09
238,6.352418460637697e-28
239,3.5783334924526734e-17
240,0.00765715435854798
241,0.015150016146091943
242,0.14711561461800712
243,3.611022475340847e-10
244,1.522835081627955e-09
245,0.16240418704543114
246,0.0032980692568645564
247,0.03948277090755068
248,0.004154560913766836
249,0.000180001504698565
250,6.430975323630467e-06
251,6.420837022512948e-27
252,5.5592323600149366e-114
253,8.908701391241872e-148
254,2.0309238457731705e-98
255,1.8964105596330767e-61
256,3.520754668605406e-46
257,1.2787621613119112e-44
258,7.297839635189043e-55
259,5.494453289970895e-71
260,1.022073057119288e-08
261,0.001014970209164187
262,5.585326024580656e-32
263,2.625972199909741e-119
264,2.9163391086789e-154
265,1.0575249358793076e-125
266,2.983636722693081e-111
267,1.6535303644458693e-106
268,1.0410129654497089e-103
269,6.436346646320703e-100
270,8.511951398997663e-94
271,1.1504749350132708e-84
272,6.075679081075114e-72
273,4.430778912289571e-54
274,1.7616135787743164e-28
275,4.2514082427988216e-07
276,2.224011154994327e-08
277,6.373361980640858e-12
278,9.219903706395072e-11
279,2.2213823309372745e-07
280,0.0005933361961339389
281,0.01586402344249583
282,0.005075683726213907
283,0.029292417784320336
284,7.025568736341993e-06
285,8.901626399389186e-22
286,6.114028089223409e-66
287,2.499143875723766e-84
288,8.341001713010615e-75
289,5.72442181117631e-54
290,1.9360099843810827e-36
291,8.943156420524086e-31
292,2.157843196674026e-36
293,2.669484937677503e-43
294,7.561181012871584e-42
295,1.48442988540709e-30
296,9.260293810021457e-16
297,1.7837644961203102e-05
298,0.013050121024278565
299,0.0026511172839213926
300,0.00043737939010502115
301,0.04136958434905706
302,0.0665511124791322
303,0.0005210525369247942
304,0.017222427240099987
305,0.02572529861476282
306,0.011677124349672918
307,0.0006025479831886453
308,0.04470589439935506
309,0.012748320119402598
310,0.21436085366813362
311,2.272066116291132e-51
312,4.781455791799853e-227
313,0.0
314,0.0
315,0.0
316,3.301555068936677e-294
317,1.389757e-318
318,0.0
319,0.0
320,0.0
321,0.0
322,9.904648382090867e-61
323,0.006176980434480592
324,1.0416637848683509e-10
325,5.748225220654434e-44
326,2.005893659193338e-64
327,2.5359077013601018e-50
328,5.90147348151764e-27
329,1.8282868310568152e-13
330,8.424882039258644e-10
331,2.0824873527294973e-10
332,3.241006001026271e-11
333,4.515030963383526e-10
334,1.6309274603329627e-06
335,0.04089343113549293
336,2.0974247255439888e-07
337,6.815193459437919e-12
338,2.4928694207002292e-08
339,0.0011107413318271386
340,0.007870294569275847
341,0.10222437844480904
342,0.0011932970347849666
343,0.006425922973586615
344,0.11117695411519302
345,0.00033079389646618364
346,0.12992111761643707
347,0.13284298132645964
348,2.18286015861905e-07
349,1.8191235491368556e-13
350,4.121674893944877e-14
351,1.768819329730849e-08
352,1.322703435476526e-10
353,7.041923386443002e-30
354,1.6777815509849412e-11
355,2.917919436044142e-07
356,3.0377124036334095e-22
357,6.673603118048154e-33
358,2.1839528916036018e-29
359,5.440913352231673e-17
360,2.8341946455827225e-06
361,0.020383713286118904
362,0.05591168440071427
363,0.0005238657504618738
364,7.249527659509702e-08
365,1.0450105213848753e-11
366,1.7918915490763037e-09
367,4.0271345134391574e-17
368,1.5098455125823067e-103
369,2.5943846391459236e-220
370,2.6093632007196723e-307
371,0.0
372,2.1637790639485884e-287
373,2.4016123538822096e-203
374,1.3463578186491822e-112
375,6.312473934622446e-45
376,3.873767206304226e-12
377,0.00012040955345765817
378,5.372785109333909e-05
379,0.00014179435993311355
380,0.0011965127101798033
381,0.004843282818034171
382,0.010318617443937049
383,0.0031278791992410244
384,4.519294957010316e-07
385,1.049833294835719e-11
386,3.099478882742756e-05
387,0.0004938208047098151
388,0.004484173389704643
389,6.781564087630781e-06
390,0.10915423801439694
391,0.009894686841310256
392,1.0595221526798578e-05
393,1.1382420321571192e-15
394,4.6639229850754204e-43
395,3.3357227779923745e-59
396,1.8707975539663536e-20
397,0.00032090091514745786
398,8.096355399982037e-10
399,1.3537058782524137e-12
400,3.472547343989818e-10
401,6.511424217395467e-07
402,5.3525054693314744e-05
403,0.00010810578639686372
404,0.00013830825636280134
405,6.882942797499297e-06
406,0.004253870734972731
407,2.711550673933815e-07
408,6.677329364488315e-05
409,0.008139055017314089
410,1.5679224651255657e-16
411,3.211601943559631e-09
412,0.07942063365114534
413,0.006408280485864981
414,0.24916390325310894
415,0.0019470372929112187
416,0.3789818948413076
417,0.01806265870152759
418,0.0014728290837198949
419,0.007845558040065446
420,0.4311761698168977
421,3.049193930870678e-06
422,1.6297876692524524e-10
423,0.001761135024928102
424,3.7271119117968516e-11
425,1.029833820866278e-15
426,1.9075975087035594e-07
427,0.06501172159178098
428,0.027753509442307197
429,0.01740248014630648
430,0.016536912834734227
431,0.058433818937129615
432,0.019198568253807523
433,0.019231085334892112
434,0.5950914438818442
435,0.10348937378584473
436,0.034946952009852233
437,0.1196695803725536
438,0.47898558911580696
439,0.2284889565860941
440,0.24957075102333115
441,0.6122693980491026
442,0.32457877366625315
443,8.574034590043853e-05
444,0.01766815732699635
445,0.0011639072671739159
446,8.643435664934284e-08
447,1.9459576278662105e-11
448,7.724931639163364e-16
449,2.839506450306477e-24
450,3.4773033530378332e-40
451,3.757318756091628e-60
452,4.2574198699427106e-66
453,2.3076318838232144e-39
454,3.094896049279394e-06
455,9.7166350958355e-10
456,1.5811189907379602e-21
457,3.71324603022126e-22
458,5.496803111146216e-15
459,7.85108040363626e-08
460,0.0002711510379875375
461,0.0014606420208837624
462,0.0012209909350284409
463,0.0068622599336176215
464,0.3213060971252941
465,1.7058077638041932e-05
466,9.99462056730783e-07
467,0.1779393657964974
468,0.10917493505221107
469,0.00010113353184479838
470,0.0482154705069908
471,8.71952145487209e-06
472,1.2065371299331484e-06
473,2.5250405652113463e-05
474,1.5270259931732168e-19
475,2.741690175591759e-67
476,1.8677750002381326e-139
477,2.820832667502209e-167
478,1.0354217936867347e-110
479,1.0714958502099481e-37
480,7.947093039498537e-09
481,8.043170557728163e-07
482,8.989616203149913e-10
483,1.8513540969265178e-10
484,7.481198223866432e-09
485,4.935922477022347e-07
486,1.4892260431797755e-06
487,2.9225977137759904e-07
488,6.607530229718867e-07
489,0.0002553594189076129
490,0.13141770639916928
491,0.00048353648462518277
492,3.642849622504772e-08
493,2.6445881322811253e-08
494,2.6436677673914908e-05
495,0.002093076776292109
496,0.0002650336454485081
497,0.00044002764260168145
498,0.08852221414209606
499,0.0022108087744744363
500,0.1356687162876861
501,0.006607383346233488
502,1.1956715451263094e-05
503,1.4377049200714998e-06
504,2.0742595904818124e-05
505,0.0033442885794835796
506,0.10362641244338773
507,0.08258907062940567
508,0.11505408264637013
509,0.021331920696372603
510,0.24341727511175568
511,0.00845756313871377
512,0.07470675403300428
513,0.20727804520941356
514,0.18975244123749527
515,0.5152405110698098
516,0.2657032393398435
517,0.033905911542459845
518,0.40247041084693036
519,4.295112403569625e-05
520,0.0001429112297875778
521,0.6763751725396254
522,0.12831284145007846
523,0.5637874894397998
524,0.49074135624645004
525,0.20590001991417745
526,0.5933559382888022
527,0.05608653454119818
528,0.43154922550569846
529,0.04579392691978684
530,0.007683043716598643
531,0.043790759019333256
532,0.5590813286606352
533,0.019406088119524045
534,0.007274747803731477
535,0.21992655406853867
536,0.1383316748718162
537,0.06202428371493044
538,0.19780608878322578
539,0.5225590086681423
540,0.14925011654671394
541,0.658259726900997
542,0.11649077034062136
543,0.3265742799898733
544,0.06247551636850598
545,0.11302532511323068
546,0.25387566363385666
547,0.07010240265443
548,0.4550293048504373
549,0.03187547836151152
550,0.08344306590987277
551,0.1244433425377486
552,0.02845608464096663
553,0.34091731196604413
554,0.028606422937967415
555,0.0030827461991351406
556,0.23091539126815516
557,0.08887375165916692
558,0.014397894616417996
559,0.019950460176685773
560,0.053602716663066534
561,0.1266914172208128
562,0.40563926550756013
563,0.10409753727505221
564,0.057093026004599416
565,0.36915592893227356
566,0.0395228522866474
567,0.192989652539277
568,0.3193484935726861
569,0.1768630256346291
570,0.2892698014141081
571,0.565971910001255
572,0.5526442313785257
573,0.34350835617434394
574,0.2780925381263645
575,0.49291711287263323
576,0.595706461567996
577,0.5516593516531343
578,0.5386337345892438
579,0.5643923385709242
580,0.5086834977328447
581,0.6079865811318668
582,0.6115330217924938
583,0.6745886540160526
584,0.6812672555848321
585,0.6801114594461956
586,0.7169482864714352
587,0.6926866298627987
588,0.7210074014530995
589,0.7271444114536931
590,0.7149443078649725
591,0.7491239774780893
592,0.7863218746249352
593,0.803168585625193
594,0.7970871903300214
595,0.771097736674235
596,0.7472707399305493
597,0.7456897848347331
598,0.7844419742239352
599,0.8138965590927842
600,0.8167651610920295
601,0.7966785720813423
602,0.7632541122089126
603,0.7563966922614758
604,0.7516408782860213
605,0.7879895631391335
606,0.8161020517299924
607,0.8348349475529507
608,0.8388279209835056
609,0.8259071270261983
610,0.8018749713835105
611,0.7667589847818335
612,0.7662632190490334
613,0.7865238525067032
614,0.8280743069253743
615,0.8381174013613287
616,0.8190160073149794
617,0.8123332117153074
618,0.8221128275064029
619,0.8402757026023902
620,0.8451079410434765
621,0.8372140902579913
622,0.8277115341260839
623,0.823959723385072
624,0.8354979170211554
625,0.8470958752347699
626,0.8522390046533878
627,0.8486860343063967
628,0.8395468362437148
629,0.8313007438699487
630,0.8238058688445472
631,0.8260809125119413
632,0.8307429814874814
633,0.8426094502298562
634,0.8514576040943811
635,0.8546895626868584
636,0.851564880863593
637,0.8446816691186174
638,0.8395537168381284
639,0.8363851113619922
640,0.840672392823999
641,0.8465276877742434
642,0.8534110281197819
643,0.856387898545689
644,0.8547541172147033
645,0.850419770111289
646,0.8449979902948571
647,0.8421793363863107
648,0.8397068884249642
649,0.842099164825661
650,0.8452590130357881
651,0.8515295761947307
652,0.856396274913095
653,0.8587526482205753
654,0.8581535888081385
655,0.8556580601381144
656,0.8526189983493982
657,0.8486342916959965
658,0.8462889980892452
659,0.8443382317920052
660,0.8469063100034215
661,0.8499379888950523
662,0.8541871978273694
663,0.8568897106082415
664,0.8589328329254022
665,0.8601922129802928
666,0.860962955678908
667,0.8611744266425013
668,0.8610408318219219
669,0.860820841189422
670,0.8604725403558408
671,0.860043502870302
672,0.8592754989368342
673,0.8584729587163356
674,0.8570469644015127
675,0.8555816982205906
676,0.853151224681624
677,0.8515065443236285
678,0.8488465344538092
679,0.8478198664243671
680,0.845110764818631
681,0.8445835286524491
682,0.8420221112934934
683,0.8428466810655534
684,0.8421692629397399
685,0.8455467069970896
686,0.8476467845757837
687,0.8517475873359492
688,0.8540760106266059
689,0.8565370142693518
690,0.8575458254776515
691,0.8583934511890151
692,0.8581182585199318
693,0.8577141847031263
694,0.8560185732177457
695,0.8541226953567119
696,0.8498787718157637
697,0.8456064708763945
698,0.8374236282383719
699,0.8326743281672091
700,0.8250067662500069
701,0.8289445760951859
702,0.8324707444304517
703,0.8441783148566256
704,0.8525265485592352
705,0.8595496490189771
706,0.8632335769491376
707,0.865119206855868
708,0.8657435264266804
709,0.8655896094245736
710,0.8648598715966336
711,0.8633434994434176
712,0.8607462319126685
713,0.855354987647101
714,0.8472173388929537
715,0.8320033328365632
716,0.8193429564840463
717,0.8031803519044753
718,0.8144253009991975
719,0.8284848938657858
720,0.8507503033538039
721,0.8629802811938839
722,0.8661442325757989
723,0.8622097972402717
724,0.8510206986386746
725,0.8323710191889747
726,0.799375481169705
727,0.7857617134680958
728,0.7791874003258428
729,0.8213518281479305
730,0.8526054633961838
731,0.8649145758718496
732,0.8566127435438292
733,0.8340186263763014
734,0.8105826728092349
735,0.7853189556096825
736,0.8074119835891788
737,0.8335816939868461
738,0.8598471531149683
739,0.8675184171231128
740,0.8602906229906818
741,0.8430488001220983
742,0.8110491853894027
743,0.7908610957063654
744,0.7856897532196612
745,0.8345091928658326
746,0.8648203210627305
747,0.858866247119839
748,0.8243608687355317
749,0.769208717116502
750,0.7573218253322557
751,0.7713254562522462
752,0.84313982868099
753,0.8582189963355187
754,0.8066824922217256
755,0.7540952688924388
756,0.7236175255532442
757,0.8003471421802288
758,0.851328167097974
759,0.8528162274881134
760,0.8179702808433698
761,0.7769026224872876
762,0.7904106778062069
763,0.8130667565653116
764,0.8481335140376349
765,0.8642189030877638
766,0.8625833997366172
767,0.8480090265517547
768,0.8244273835372622
769,0.8120844333482932
770,0.8031363759316087
771,0.8257401248470595
772,0.8495103807518294
773,0.8665025929681424
774,0.8616534247178059
775,0.8379394485105962
776,0.8142905168512741
777,0.7914703247741537
778,0.8118085505481655
779,0.8396690195484046
780,0.8652350953857946
781,0.8615005456049165
782,0.830193096527585
783,0.7990493296648455
784,0.7738026818974366
785,0.8107978663069086
786,0.8486163084648861
787,0.8643866301622444
788,0.8424850581089216
789,0.7965279939312736
790,0.7800457041825632
791,0.7814513307175355
792,0.833551071578582
793,0.8622089482922733
794,0.8541911797970052
795,0.8240246673397467
796,0.7875776193721977
797,0.7944322356199306
798,0.8130837270657014
799,0.8514563116419414
800,0.8654575523852203
801,0.8508700409589047
802,0.8255107388567624
803,0.7995570604433907
804,0.8083215952186636
805,0.8247499463890536
806,0.8555467949249276
807,0.8673440050119192
808,0.8544918044565908
809,0.8306535737197194
810,0.805558152577207
811,0.811208741112679
812,0.8255729942585265
813,0.856346215076445
814,0.8681622375104915
815,0.8537263355318054
816,0.8278614419136363
817,0.8011050749583246
818,0.8090757715031722
819,0.827119761588075
820,0.8592441470454482
821,0.8671860406940098
822,0.8457270512179004
823,0.8174192787937918
824,0.7929335319436952
825,0.8121582586724199
826,0.8384660532337155
827,0.8650663544617705
828,0.8623033772737317
829,0.8323915777507058
830,0.8071356181060243
831,0.7916783052046469
832,0.8224687108475146
833,0.852367980126848
834,0.8677853276136097
835,0.8542606550246363
836,0.8208681713186696
837,0.8041339187387285
838,0.8000164066850556
839,0.8353234128858886
840,0.8620217493541177
841,0.8663719591384064
842,0.8465657588618337
843,0.8145509412438516
844,0.8063621998225239
845,0.8102885138672533
846,0.8451868114644213
847,0.8667824799258262
848,0.8629227611538749
849,0.8398980828861552
850,0.8105888794831244
851,0.8097575618710598
852,0.8198746091285785
853,0.8530167336997339
854,0.8689810354112047
855,0.858160594911533
856,0.8333218861324
857,0.8070047858310426
858,0.8132087129361436
859,0.8291163353626109
860,0.859728013367688
861,0.8691303963261934
862,0.8514232418648093
863,0.8259016802980287
864,0.8035266134392284
865,0.8179075965868435
866,0.8396953215833197
867,0.865681128492393
868,0.8667781262005644
869,0.8424683813168671
870,0.8184273695562803
871,0.8018342953732258
872,0.8249296243420687
873,0.8510795518605426
874,0.8695266939185599
875,0.8611179816802993
876,0.8316112741256655
877,0.8122558364857432
878,0.803754520191058
879,0.8344182826986134
880,0.8612530316798589
881,0.869399834843775
882,0.8519869547890445
883,0.8203131727433137
884,0.8094401944241263
885,0.8110771987240456
886,0.845609541059026
887,0.8679879167167744
888,0.8644091049494907
889,0.840839104012166
890,0.8113461589731751
891,0.8117681825100753
892,0.823704723941021
893,0.8565970987795748
894,0.870316986525172
895,0.8562736256106819
896,0.8309790376473417
897,0.8072962508924639
898,0.8185352573669845
899,0.8380566757659821
900,0.8651277079521503
901,0.8690420784550552
902,0.8475457070006464
903,0.8240018818548162
904,0.8071062964505269
905,0.8266879104048007
906,0.8505250868029058
907,0.8702040858785915
908,0.8648456100170343
909,0.8382572176743369
910,0.8185666593995076
911,0.8086328360497406
912,0.835203437314256
913,0.8607554310375725
914,0.8714532781888042
915,0.8570234665111599
916,0.8271742094287886
917,0.814167285738665
918,0.8130126236149661
919,0.845218567860964
920,0.8683661049961399
921,0.867394093215642
922,0.8450642184966024
923,0.815470743774543
924,0.8136601541669036
925,0.8239184372349194
926,0.8568906603453458
927,0.8714438520038696
928,0.8576938427184286
929,0.8320332145856973
930,0.80828618254378
931,0.8201319804218734
932,0.8404749385365813
933,0.8669907188810684
934,0.869238587069489
935,0.8460407485382191
936,0.8231166764799145
937,0.8085955959116209
938,0.8308818912090126
939,0.855633421266407
940,0.8720196108314362
941,0.8630773367011002
942,0.8352697586102472
943,0.8187577113329423
944,0.8134621564230112
945,0.8419158853092128
946,0.8660377274392277
947,0.8713846857818427
948,0.8536382033620789
949,0.8247844477325875
950,0.8171497859540127
951,0.8214867580353709
952,0.8529102023392761
953,0.8717455243231542
954,0.8649440081867934
955,0.8412702255265502
956,0.815182229079018
957,0.8195348477794506
958,0.8345459367556097
959,0.8638155193953547
960,0.8721515654018295
961,0.8535401901194528
962,0.8290488824473207
963,0.810348356884522
964,0.8276730628932573
965,0.8508325155848273
966,0.8715915563903678
967,0.8669065279607555
968,0.8403149850398307
969,0.8210179408802761
970,0.8126269325306094
971,0.8395027496138561
972,0.8644182466477583
973,0.8728349846951051
974,0.8568164787607415
975,0.8277169131633134
976,0.818250146959209
977,0.8212347278318649
978,0.8523222268204483
979,0.8720397731151767
980,0.8667540218323166
981,0.8436934490661989
982,0.8176468141422663
983,0.8211572693212351
984,0.835533258797727
985,0.8643458892959472
986,0.8730495305074765
987,0.8552954053732205
988,0.8313627550288124
989,0.8132481613748912
990,0.8298241348407003
991,0.8522968801958997
992,0.8724731543198642
993,0.8679257003385025
994,0.8421077134245113
995,0.8234701133235036
996,0.8157304581886083
997,0.8416769680461696
998,0.8658416147968188
999,0.873639965356232
1000,0.8575871845025741
1001,0.829259287450645
1002,0.8205886653668629
1003,0.8242918246089924
1004,0.8545290058997466
1005,0.8732285819236122
1006,0.8668723749595473
1007,0.8436688388811965
1008,0.8186782212181215
1009,0.8236076944464871
1010,0.8391479551498939
1011,0.8667189812527849
1012,0.8733686158157963
1013,0.8539900992536529
1014,0.8306274055664562
1015,0.8145782559543414
1016,0.8332839810477587
1017,0.8566665167394609
1018,0.874116909706084
1019,0.8664115793746364
1020,0.8394315778412059
1021,0.8232386256242968
1022,0.8190290502565007
1023,0.8466121352306927
1024,0.8696535405199453
1025,0.872909067221169
1026,0.8539403420295822
1027,0.826429540434818
1028,0.822501916534576
1029,0.8308508081981215
1030,0.860387304258409
1031,0.8748277459512118
1032,0.8632153096236589
1033,0.8393976132871763
1034,0.8180539065244289
1035,0.8287497991051934
1036,0.848090449472961
1037,0.871539437867727
1038,0.8719151617212939
1039,0.8488669307343375
1040,0.8283002200554164
1041,0.8178056609024422
1042,0.8406570240530729
1043,0.8644943285209287
1044,0.8753946424531969
1045,0.8619075518864044
1046,0.8342975045951265
1047,0.8237864169605565
1048,0.8259006119491565
1049,0.8547257197264876
1050,0.8740259185734651
1051,0.8695091873241277
1052,0.8472082909724621
1053,0.8225816248292902
1054,0.8264567504721008
1055,0.8412694238745285
1056,0.8680095925345964
1057,0.8747197591579549
1058,0.8559224700580049
1059,0.8331474646891364
1060,0.8181486189791651
1061,0.8366042455254548
1062,0.8596191062142888
1063,0.8756233665295632
1064,0.8668153883794047
1065,0.8400850358639541
1066,0.8256175131598625
1067,0.8236648048730478
1068,0.8510084471844199
1069,0.8725401581571179
1070,0.8728702721161968
1071,0.8525558665903052
1072,0.8265800502763267
1073,0.8262180632411964
1074,0.8377991345935095
1075,0.8655308315835714
1076,0.8759388440656105
1077,0.8605454980456138
1078,0.8372563583009706
1079,0.8198786616700687
1080,0.8350201744340873
1081,0.8566665290795825
1082,0.875321662196153
1083,0.8697478138895459
1084,0.844322109470545
1085,0.8278630048016001
1086,0.8235494487085643
1087,0.8492650551305748
1088,0.8715124517617883
1089,0.8747151426226565
1090,0.8560248022305171
1091,0.8297320813710982
1092,0.8269882441889834
1093,0.8366289948072383
1094,0.864366251122492
1095,0.8765957774397168
1096,0.8632375062908277
1097,0.8399411825678942
1098,0.8215046101706875
1099,0.834815964084032
1100,0.8556045157271077
1101,0.8752974148840041
1102,0.8711774193787303
1103,0.8464380613690319
1104,0.8292818830619314
1105,0.8242071758154736
1106,0.849175097165782
1107,0.8715114591784364
1108,0.8754717109830823
1109,0.8571949517642985
1110,0.8309650685094009
1111,0.8279282802991409
1112,0.8374717194689613
1113,0.8649043192990832
1114,0.8770417461537766
1115,0.8636894211253777
1116,0.8404969105582154
1117,0.8225184415536588
1118,0.8361139090684445
1119,0.8570431505012109
1120,0.8760221955865132
1121,0.8711289229908982
1122,0.8462335118562164
1123,0.8299116425026495
1124,0.8260631990868434
1125,0.8511958306040931
1126,0.8729035398266073
1127,0.8753338234084242
1128,0.8562557569961933
1129,0.8307162489337845
1130,0.829483737322552
1131,0.8406256098097882
1132,0.8672172407108246
1133,0.8773470947718142
1134,0.8622144081946649
1135,0.83944475107157
1136,0.8234671496415016
1137,0.8389894367999582
1138,0.8606753607461142
1139,0.8772703127756294
1140,0.8696803937081421
1141,0.8441036155619742
1142,0.8301161826779466
1143,0.8291816235949323
1144,0.8550184050525323
1145,0.8751893043124419
1146,0.874031058934998
1147,0.8532790715703874
1148,0.8292072578116895
1149,0.8316909371615603
1150,0.8458317726141497
1151,0.8708503634061714
1152,0.8769695664667859
1153,0.858526766507283
1154,0.8369264112172287
1155,0.8246271111923608
1156,0.8434966095007688
1157,0.8660417704943799
1158,0.8782488997586858
1159,0.8661710658143857
1160,0.8399129345603794
1161,0.8302892444315078
1162,0.8341583523872902
1163,0.8607204029113092
1164,0.8775606948644227
1165,0.8705850466414907
1166,0.8480805609753793
1167,0.8270911093572755
1168,0.8353987878617246
1169,0.8535640140629974
1170,0.8752284543685757
1171,0.8748467306941133
1172,0.8523408498242875
1173,0.8339285007318938
1174,0.8275478868683431
1175,0.8503199397439263
1176,0.8723415713087503
1177,0.8774999622687789
1178,0.8600050347857698
1179,0.8345108247164678
1180,0.8318440271616486
1181,0.8421460882726188
1182,0.8679931360350865
1183,0.8785095738489855
1184,0.8641143929121498
1185,0.8415896807624781
1186,0.8262991296144184
1187,0.841714298148306
1188,0.8633054824010284
1189,0.8786027855663683
1190,0.8697134045676497
1191,0.8442019416402378
1192,0.8322001164910422
1193,0.8338573897977006
1194,0.8593948167747291
1195,0.8775588563691116
1196,0.8730999592278381
1197,0.8512416595818373
1198,0.8295387302833255
1199,0.8361278248499714
1200,0.8533467379259855
1201,0.875316987868439
1202,0.8760230312859554
1203,0.854316514373827
1204,0.835679337217327
1205,0.8291458618632164
1206,0.8512238034701204
1207,0.8730329977438398
1208,0.8781295717308177
1209,0.8605238520551735
1210,0.8354178450420501
1211,0.8335482266222233
1212,0.8447077954751231
1213,0.8697872846749101
1214,0.8789848307934744
1215,0.8635180489505668
1216,0.8414506031684761
1217,0.8279446043775317
1218,0.8446563199202961
1219,0.8665687217768197
1220,0.87949530752702
1221,0.8681043221663657
1222,0.8424274537049379
1223,0.8333347185763847
1224,0.8381930915284374
1225,0.8636404163003274
1226,0.8791492614892801
1227,0.8707838195880208
1228,0.8482028381319769
1229,0.8294134462019153
1230,0.8401291789207582
1231,0.8598012437313376
1232,0.8783010175732137
1233,0.8736301982087109
1234,0.8496037592805041
1235,0.834909285234803
1236,0.8339007162170559
1237,0.8578891738144641
1238,0.87733522294353
1239,0.8757386654984083
1240,0.8547152120130168
1241,0.8323864897426352
1242,0.8374040708157963
1243,0.8537803142076416
1244,0.8757344959646889
1245,0.8772280524924634
1246,0.8561996370563951
1247,0.8376446302630924
1248,0.8315858820375512
1249,0.8531175018940405
1250,0.8744813257571246
1251,0.8786357703694709
1252,0.8602997538270247
1253,0.8359496415739037
1254,0.8360320992238609
1255,0.8489683512328247
1256,0.8727357509367318
1257,0.8792492038706167
1258,0.8616877806346817
1259,0.8408203420233958
1260,0.8307306527165078
1261,0.8495361332833266
1262,0.8714262140300731
1263,0.8800344709682941
1264,0.8647037703187695
1265,0.839483707123638
1266,0.8356157362840481
1267,0.8454959702580682
1268,0.8699657054337786
1269,0.8801747476841253
1270,0.8658713576146442
1271,0.8438430226468848
1272,0.8307807246216455
1273,0.8471078455854687
1274,0.8687772138475491
1275,0.8805371054806913
1276,0.8679205331760362
1277,0.8425581061553934
1278,0.8358044876797923
1279,0.8432936033784905
1280,0.8678239155824576
1281,0.8804910397936051
1282,0.868804377257778
1283,0.8463302949766331
1284,0.8312892924575302
1285,0.8456928099352258
1286,0.8668959635246654
1287,0.8806436222463709
1288,0.8700597670844717
1289,0.844886033643591
1290,0.8362903748512142
1291,0.8421937806157014
1292,0.8665044077788632
1293,0.880583178930601
1294,0.8706320884131299
1295,0.8480565735434159
1296,0.8319275902489841
1297,0.8451329620731362
1298,0.8659520657742245
1299,0.8806942293036724
1300,0.871246534061661
1301,0.846290177388373
1302,0.8368412711959868
1303,0.8420378702371976
1304,0.8660861308074131
1305,0.8806965436286229
1306,0.871479019546645
1307,0.8489012225904027
1308,0.8324952738855718
1309,0.8453117096334626
1310,0.8660027486944858
1311,0.880866303502151
1312,0.8715525986751382
1313,0.8466738934402013
1314,0.8373344158290555
1315,0.8427440634389808
1316,0.866598612927791
1317,0.8809330091183921
1318,0.8713964057007522
1319,0.8488305985309053
1320,0.8329485057739382
1321,0.8461969890161887
1322,0.8670475416561869
1323,0.8811859375362564
1324,0.8709736918878406
1325,0.8460208776267413
1326,0.8377791136728436
1327,0.8443279978829644
1328,0.8680392621817592
1329,0.8812471817101393
1330,0.8703476328760857
1331,0.8479010132370338
1332,0.8334120105938169
1333,0.84784458955114
1334,0.8690290299253712
1335,0.8815279354762374
1336,0.8694393100634772
1337,0.8444138768264027
1338,0.8383134175083873
1339,0.8468757744608315
1340,0.8703499636151282
1341,0.8814378858630151
1342,0.86821950997509
1343,0.84627155206116
1344,0.8341639200713603
1345,0.8503706362672414
1346,0.8718013011706995
1347,0.8816103598764184
1348,0.8668462888913682
1349,0.8420641175592007
1350,0.8391770200901179
1351,0.8504870471542725
1352,0.8733678697145314
1353,0.8811448219643608
1354,0.8648603620374334
1355,0.8442201482375093
1356,0.835599524358219
1357,0.8539163523418467
1358,0.8750908889485102
1359,0.8809993437084487
1360,0.8631266655652123
1361,0.8393610556344842
1362,0.8406849417344452
1363,0.8552141401036267
1364,0.8767607891226691
1365,0.8798657314222402
1366,0.8601620036934433
1367,0.8421607046778543
1368,0.8381777527859874
1369,0.8585987377120757
1370,0.8784452544711174
1371,0.8791360277231047
1372,0.858361704725076
1373,0.8369382743075051
1374,0.843215300906149
1375,0.8609921115260618
1376,0.8799540878234126
1377,0.8770289215151834
1378,0.854214503555048
1379,0.8406465027946025
1380,0.8423339091946501
1381,0.8644005593791464
1382,0.8811595653878619
1383,0.8754095672466125
1384,0.8529252245280468
1385,0.8356935452208124
1386,0.8471902509621878
1387,0.8675351060481356
1388,0.8820891664181049
1389,0.8721825576658958
1390,0.8475409735625229
1391,0.8403297531293346
1392,0.8483373556197746
1393,0.8709564055656737
1394,0.8822250088970351
1395,0.8693279099111518
1396,0.8475783244544357
1397,0.8366465850467201
1398,0.8529937803704795
1399,0.8741983877629187
1400,0.8820880197093385
1401,0.8653223359302271
1402,0.841326806198078
1403,0.8418814792214331
1404,0.856115001128383
1405,0.8772975421246345
1406,0.8804487095842763
1407,0.860862188041442
1408,0.843399375234451
1409,0.8405899067411544
1410,0.8607336030950342
1411,0.8798210966420151
1412,0.8788461389299734
1413,0.8572202198998243
1414,0.8373920460457072
1415,0.8459300848671107
1416,0.8650983026802466
1417,0.8818083998471956
1418,0.8749660773070405
1419,0.8509912586488235
1420,0.8415273508802057
1421,0.8477145340294989
1422,0.8697581554823962
1423,0.8826121720441308
1424,0.8715691104325983
1425,0.84946528158239
1426,0.8375872172708578
1427,0.8529691563402206
1428,0.8740920201484468
1429,0.8826106937694868
1430,0.8661006798165177
1431,0.8421675081655615
1432,0.8429126046873059
1433,0.857443189193597
1434,0.8781303092262328
1435,0.8804986911001058
1436,0.8605016878467525
1437,0.844017374965496
1438,0.8427634506729565
1439,0.862886774904419
1440,0.8810168845435322
1441,0.8781035913826702
1442,0.8558672264292244
1443,0.8378488416940517
1444,0.8483040463831361
1445,0.8684201237126498
1446,0.882897193683818
1447,0.8726054687539787
1448,0.8481440651753356
1449,0.8425185827041646
1450,0.8522788568314762
1451,0.8738737723561605
1452,0.8827220879636177
1453,0.8676105139664543
1454,0.8473581352924578
1455,0.8404455647857706
1456,0.8580561748093445
1457,0.8783338994229547
1458,0.8813630184000972
1459,0.861009568574965
1460,0.8396316620587531
1461,0.846067320605635
1462,0.8643506229336608
1463,0.8818967018312348
1464,0.8765837376878972
1465,0.853180309264315
1466,0.8433238442234449
1467,0.8494624209821182
1468,0.870657804898899
1469,0.8832107979538024
1470,0.8719696068210203
1471,0.8501923706302426
1472,0.8397685494250521
1473,0.8553811681706398
1474,0.8762566884423234
1475,0.8827517644466039
1476,0.8642563789539136
1477,0.8414386271340908
1478,0.845386147151905
1479,0.8622901205725713
1480,0.8810426023630488
1481,0.8785553466647937
1482,0.8562281770261907
1483,0.8443217482166575
1484,0.8485670556731808
1485,0.8691535682422109
1486,0.8832542250202852
1487,0.8740156426051015
1488,0.8518309072178786
1489,0.8399848089345526
1490,0.8545773261131143
1491,0.8755223758725823
1492,0.8832689495953505
1493,0.8654994554904812
1494,0.8423533284382463
1495,0.8456238560568807
1496,0.8621860065750128
1497,0.8810263933768153
1498,0.8790172688798789
1499,0.8569621563830064
1500,0.8450079106013169
1501,0.849288834349909
1502,0.869532461692023
1503,0.8834797159424704
1504,0.8741302805203249
1505,0.8520778956491065
1506,0.8407868303885314
1507,0.8554305087960429
1508,0.8762934964249968
1509,0.883302995396178
1510,0.8648026774018681
1511,0.8421287981725037
1512,0.8465218258007603
1513,0.863876869062754
1514,0.8819418806207033
1515,0.8780648871359368
1516,0.8553443349690676
1517,0.8453231287737033
1518,0.8515555200933698
1519,0.8717608715425357
1520,0.8838382395192869
1521,0.8723007545414149
1522,0.8510976874658359
1523,0.8423923799944495
1524,0.857990595807068
1525,0.8784093375517508
1526,0.8826593021280235
1527,0.8623112123891863
1528,0.8412303142243908
1529,0.8482361557392009
1530,0.8671903825571143
1531,0.883365763097257
1532,0.8753670171196456
1533,0.8515650557270394
1534,0.8455827382472839
1535,0.8554443631305062
1536,0.8755760818787256
1537,0.8835873110306435
1538,0.8681156930196557
1539,0.8493761715159261
1540,0.8454280795363956
1541,0.8625490574622781
1542,0.8813716375212217
1543,0.8806122222522895
1544,0.8584226805605395
1545,0.8409123883691898
1546,0.8513521655354442
1547,0.8718968984215865
1548,0.8843855326365512
1549,0.8705468683952553
1550,0.8464859304312707
1551,0.8464296002464193
1552,0.8609488472194992
1553,0.8801433204575573
1554,0.881295809783814
1555,0.8611173868996318
1556,0.8476761088408608
1557,0.8505129654507004
1558,0.8692552505024574
1559,0.8839671012143429
1560,0.8759337052059528
1561,0.8539704817818984
1562,0.8429337603500291
1563,0.8568332836767718
1564,0.8775728209558362
1565,0.8836850579610008
1566,0.8639410409589965
1567,0.8423541261167795
1568,0.8488845528964775
1569,0.867783491453772
1570,0.8838030344214145
1571,0.8755243310918221
1572,0.8518880409133227
1573,0.8469572884303905
1574,0.8577255454612255
1575,0.8771506768759638
1576,0.8836670521278364
1577,0.8672019917880212
1578,0.8500824382751226
1579,0.8484713849606248
1580,0.8654940944861191
1581,0.8829655328235023
1582,0.8794565198845059
1583,0.8569981611981836
1584,0.8425263423110578
1585,0.8545351812709191
1586,0.8755013495284677
1587,0.8845765446803575
1588,0.866703249810946
1589,0.8438887169329564
1590,0.8485334367632679
1591,0.866386901304788
1592,0.8833605831978485
1593,0.8775231734339592
1594,0.8546301957230175
1595,0.8479219586679709
1596,0.8571766991970053
1597,0.8761702155572628
1598,0.884339325433987
1599,0.8693526238033884
1600,0.8514501012242081
1601,0.8487079853660253
1602,0.8648867844781095
1603,0.8828260691853769
1604,0.8802926048011573
1605,0.8578479618694906
1606,0.8430523517763557
1607,0.8546995066346801
1608,0.875713519208522
1609,0.8847974997456999
1610,0.8666358243266775
1611,0.8439812891620707
1612,0.849153157799465
1613,0.8674455292211823
1614,0.8839057933206259
1615,0.8768362292317599
1616,0.853741373376852
1617,0.8485736487910878
1618,0.8591171782475207
1619,0.8777737982104303
1620,0.8841022973938025
1621,0.8677679222255316
1622,0.8515756853360175
1623,0.8510842367046362
1624,0.8674380216663361
1625,0.8839682202854265
1626,0.878964257463543
1627,0.8568438597525715
1628,0.8447189765991471
1629,0.8571860806318468
1630,0.8780399600782867
1631,0.8844170445044297
1632,0.8640710747690283
1633,0.8430847805590658
1634,0.8507263748093192
1635,0.8706417328635052
1636,0.8850285773042481
1637,0.8732700749265263
1638,0.8495439725491769
1639,0.8490385780076417
1640,0.8633033530789693
1641,0.8813324686213688
1642,0.8819536719373805
1643,0.8621578852114432
1644,0.850924897002173
1645,0.8558396561844062
1646,0.8730980719578042
1647,0.8852798951721688
1648,0.874582475463496
1649,0.8548501527739001
1650,0.8488300682083012
1651,0.8628242081843897
1652,0.8819822677149777
1653,0.8824017058644783
1654,0.8601253321079207
1655,0.8438927804665179
1656,0.8544337527018627
1657,0.875592775171785
1658,0.885374822964453
1659,0.8671415020275332
1660,0.8445311895954729
1661,0.8502428159814125
1662,0.8691121103698245
1663,0.8847581341910019
1664,0.8758609991228731
1665,0.8527391264116434
1666,0.8501741101960572
1667,0.8627131832645528
1668,0.8804413223709114
1669,0.8833616518821056
1670,0.8651854524338535
1671,0.8526574435292281
1672,0.8560281235925344
1673,0.8722346985566842
1674,0.8854826929430304
1675,0.8762722395675456
1676,0.8563217656455372
1677,0.8495079544530115
1678,0.8625883774175785
1679,0.8819481135844827
1680,0.8829815845375858
1681,0.8607706348467027
1682,0.8445395637207946
1683,0.8548066104907851
1684,0.8761159214307573
1685,0.8855815910351278
1686,0.8666250083077277
1687,0.8443388330177041
1688,0.8509082675523106
1689,0.8705324042184313
1690,0.8853513766659862
1691,0.87435153464595
1692,0.8510762434716679
1693,0.8508582581181869
1694,0.8651980039966286
1695,0.8822967927489246
1696,0.8820367208941667
1697,0.8624340571786813
1698,0.8531045295807141
1699,0.8594117262116021
1700,0.8756879797248863
1701,0.8858277181327304
1702,0.87358373715911
1703,0.8562171789843985
1704,0.8532863027703362
1705,0.8667756440625466
1706,0.8841660093638218
1707,0.8812510455709799
1708,0.8595721793030826
1709,0.8474391568105117
1710,0.8583770975552837
1711,0.8793112801611822
1712,0.8850098011326495
1713,0.8634970489850512
1714,0.843927073994922
1715,0.8528306472570947
1716,0.8742314353253507
1717,0.8860292329801956
1718,0.8689727693665129
1719,0.845815741314782
1720,0.8511424703319828
1721,0.8699324573279525
1722,0.8852257445274898
1723,0.8762392606249735
1724,0.8537595184416777
1725,0.8524406729116878
1726,0.865601791519161
1727,0.8820740473366975
1728,0.8831150461741947
1729,0.8647579382535243
1730,0.8550861844368715
1731,0.8605744281489539
1732,0.8757942547860276
1733,0.8862499641483069
1734,0.8748170267503363
1735,0.8579559002563475
1736,0.8550186004727142
1737,0.8675140620944007
1738,0.8846200164357952
1739,0.881648657175927
1740,0.8606085986798966
1741,0.8493235394702832
1742,0.859567615931633
1743,0.8802568837204382
1744,0.8851134141094321
1745,0.8633173242220673
1746,0.8449417288211305
1747,0.8539539153827018
1748,0.8757869704313519
1749,0.8862398887858466
1750,0.8670245179356798
1751,0.8445706555888942
1752,0.8518267039618549
1753,0.8723515317494006
1754,0.8860952547890898
1755,0.8726698459978631
1756,0.8497690571504216
1757,0.8527570321648015
1758,0.8692912006656794
1759,0.8846983401248985
1760,0.8795879286122747
1761,0.859085470924095
1762,0.855224399329376
1763,0.8655570647341754
1764,0.8809716183615321
1765,0.885092864784974
1766,0.8692685854297408
1767,0.8579991762374323
1768,0.8610124166952051
1769,0.8745370960371026
1770,0.8867162452129711
1771,0.8775777252257841
1772,0.860418345905786
1773,0.8559244764185493
1774,0.8667708260859279
1775,0.8844842247238339
1776,0.8829232124077354
1777,0.8622463662025721
1778,0.8504515081985075
1779,0.8595337403589841
1780,0.8804369003408001
1781,0.8855691719458427
1782,0.863721559151395
1783,0.8456329784639366
1784,0.8543376402396037
1785,0.8767113870810428
1786,0.8864201139732155
1787,0.8656780855789913
1788,0.8437066494453739
1789,0.8522224809973571
1790,0.8742409471664804
1791,0.88647550615191
1792,0.8693396440323404
1793,0.8465075798825213
1794,0.8530501811693111
1795,0.8724743681715649
1796,0.8861476682074363
1797,0.8750978994105635
1798,0.8536669319072571
1799,0.8555380198595938
1800,0.8702738609202169
1801,0.8847479212549371
1802,0.8815087416947884
1803,0.862942382004454
1804,0.8584427696328896
1805,0.8671190255665941
1806,0.8811659946313294
1807,0.8861055842034089
1808,0.8718654754115805
1809,0.8611126853754738
1810,0.8633041830444276
1811,0.8753423835801979
1812,0.887282126925163
1813,0.8788475692034114
1814,0.8632019233342997
1815,0.8590873261150537
1816,0.8684800622180016
1817,0.885335581172641
1818,0.8834305538002363
1819,0.8645604076900189
1820,0.8543509479044007
1821,0.8618882687036524
1822,0.8818200950844612
1823,0.8859045773856237
1824,0.8652711716528431
1825,0.8493866552063457
1826,0.8565131598897943
1827,0.8783537473366213
1828,0.8868605946480423
1829,0.8657329267736051
1830,0.845455122266859
1831,0.8532150297803889
1832,0.8759382939357822
1833,0.8869803347335908
1834,0.8667931501299251
1835,0.8443050335646842
1836,0.8525102286573333
1837,0.8746656095979982
1838,0.8868714371359262
1839,0.8694502341187782
1840,0.8469664559484625
1841,0.8540128510047933
1842,0.8738333345947144
1843,0.8867443508294032
1844,0.8740192478777306
1845,0.8529458831436955
1846,0.856653408098188
1847,0.8725591739782486
1848,0.8861229066597933
1849,0.8796245291127599
1850,0.860688256050028
1851,0.8594847343444302
1852,0.8703959818598079
1853,0.8840982757136295
1854,0.884616887476179
1855,0.8685389786556745
1856,0.8620226218805621
1857,0.8674837259906839
1858,0.8801331252688342
1859,0.8875029510925654
1860,0.8752917775583553
1861,0.864014012818431
1862,0.8641517997495258
1863,0.8746007493244692
1864,0.8877367299035851
1865,0.8803718923676839
1866,0.8652471397730052
1867,0.8603681757424779
1868,0.8684031577994732
1869,0.885854298707025
1870,0.8837463680941849
1871,0.8655429037846487
1872,0.8557297972575548
1873,0.8622729851960285
1874,0.8829737527453894
1875,0.8856293460445749
1876,0.8646942951511791
1877,0.8499546077436985
1878,0.8567295171789576
1879,0.8803026339043296
1880,0.8862375117028851
1881,0.8624440914815746
1882,0.8433484987436394
1883,0.8525353448433913
1884,0.8789192220030881
1885,0.8856865248340967
1886,0.8587287326533705
1887,0.8371036242371955
1888,0.8508388149454278
1889,0.8794524595293167
1890,0.8839792499489465
1891,0.8540805444690127
1892,0.8331189984367361
1893,0.8524570693024157
1894,0.8815681658760269
1895,0.8811215405679962
1896,0.8495987485305168
1897,0.832758095110948
1898,0.8568072350790972
1899,0.884015075456646
1900,0.8773090774479325
1901,0.8461657315115807
1902,0.8355071864595379
1903,0.8620267706161777
1904,0.8855936263579456
1905,0.8729582960789515
1906,0.843847575382332
1907,0.8395094293770168
1908,0.8663612293638548
1909,0.8859363675248622
1910,0.8686060158404918
1911,0.8422522249474705
1912,0.8432129780140846
1913,0.8690818998985582
1914,0.8853782822562772
1915,0.8648337352239027
1916,0.8411129511367981
1917,0.8460416236007792
1918,0.8703245790206225
1919,0.8844691572087742
1920,0.862149830358112
1921,0.8404084037412137
1922,0.8480579440189016
1923,0.8705888467018758
1924,0.8836413667447209
1925,0.8608302931101843
1926,0.8402120954717087
1927,0.8495248343747828
1928,0.8704153291786738
1929,0.8831010080133518
1930,0.8608475572426895
1931,0.8405995011991044
1932,0.8507185968961488
1933,0.8702688270922178
1934,0.8828750090103699
1935,0.8619473193355706
1936,0.8416812110555767
1937,0.8519436144682009
1938,0.8705168561070308
1939,0.8829252807875464
1940,0.8638354503879178
1941,0.8436654714272015
1942,0.8535659806423377
1943,0.8713993572017906
1944,0.8832388511656065
1945,0.8663347550472968
1946,0.8468049300767881
1947,0.8559134322779147
1948,0.8729631761998319
1949,0.8838284160297004
1950,0.8693741646193052
1951,0.8512022559158253
1952,0.8590916123194504
1953,0.8750314503348192
1954,0.8846675664769438
1955,0.8728493659416999
1956,0.856638827472755
1957,0.8629040601236628
1958,0.8772775162295221
1959,0.8856492910173744
1960,0.8765234183444427
1961,0.8626027279190364
1962,0.8669665255833047
1963,0.8793732832838059
1964,0.8866122377260724
1965,0.8800710996816237
1966,0.8685004671859958
1967,0.8709076071969211
1968,0.8811098241678786
1969,0.8874027437595265
1970,0.8832024314952139
1971,0.8738738434093798
1972,0.8744975446333062
1973,0.8824296879184568
1974,0.8879200120103325
1975,0.8857399932851113
1976,0.8784861126815636
1977,0.8776648654333012
1978,0.8833942513890607
1979,0.8881272543712478
1980,0.8876122007123383
1981,0.8822805286084124
1982,0.8804489509802553
1983,0.8841359344966341
1984,0.8880480993347374
1985,0.8888089448627996
1986,0.8852828083243184
1987,0.8829314525426024
1988,0.884820134871351
1989,0.8877708720232538
1990,0.8893556462795651
1991,0.8875128550591718
1992,0.8851640766929304
1993,0.8856099078916866
1994,0.887461578149084
1995,0.8893350354356562
1996,0.8889502251926853
1997,0.8871058460180323
1998,0.8866104113298278
1999,0.8873539733333637
2000,0.888947271581023
2001,0.8895837789790737
2002,0.8886015522039922
2003,0.8877853503035551
2004,0.8876627015036193
2005,0.8885416114013321
2006,0.8895424623562924
2007,0.8894560797946354
2008,0.888895503181526
2009,0.8884051840066884
2010,0.8885040227590152
2011,0.8892091282835884
2012,0.8896339381980342
2013,0.8895837729423479
2014,0.889263465692157
2015,0.8889619945537817
2016,0.8891004879446112
2017,0.8894571107011991
2018,0.8896930032500358
2019,0.8897541263213312
2020,0.8895660619801979
2021,0.8894200376486983
2022,0.8894466869138943
2023,0.8895556156221224
2024,0.8897476623821834
2025,0.8898121528369916
2026,0.8897880563501396
2027,0.8897237262185408
2028,0.8896487358793759
2029,0.889683108336481
2030,0.8897400171466917
2031,0.8898281420665801
2032,0.8898807130497401
2033,0.889868426396201
2034,0.8898443086434952
2035,0.889806164339129
2036,0.8898099450400095
2037,0.8898407140632251
2038,0.8898853346065058
2039,0.8899217067873363
2040,0.889938287422524
2041,0.8899348243856089
2042,0.8899247725620887
2043,0.8899181676043004
2044,0.8899177570259548
2045,0.8899355801956661
2046,0.8899515444969242
2047,0.8899779730200116
2048,0.8899910755931684
2049,0.8900000534657518
2050,0.8900028100124784
2051,0.8899991885065983
2052,0.8900034714678295
2053,0.8900037404832786
2054,0.8900141668641325
2055,0.8900217623683802
2056,0.8900349668440263
2057,0.890045663099719
2058,0.8900566189882689
2059,0.8900641342686076
2060,0.8900700699186396
2061,0.8900747853745173
2062,0.8900783568340289
2063,0.8900836238451098
2064,0.8900864108978986
2065,0.8900930761990701
2066,0.890096608450236
2067,0.8901051242783291
2068,0.8901101177962208
2069,0.8901187288299258
2070,0.8901241276672711
2071,0.8901322124036165
2072,0.8901380382643816
2073,0.8901457836915038
2074,0.8901512751729986
2075,0.8901582669278778
2076,0.8901635139675728
2077,0.8901702859970334
2078,0.890175664501124
2079,0.8901819444702402
2080,0.8901871480223409
2081,0.8901931242291675
2082,0.890198436675408
2083,0.890204420091442
2084,0.8902094733691189
2085,0.89021526750396
2086,0.8902200247556045
2087,0.8902258928489037
2088,0.8902302892326842
2089,0.8902358614962169
2090,0.8902392064120996
2091,0.8902440827636807
2092,0.890245362224212
2093,0.8902481854169034
2094,0.8902438923582987
2095,0.8902398248958798
2096,0.8902203366795408
2097,0.8901943968890264
2098,0.8901297272267005
2099,0.8900309256253658
2100,0.8898220926261955
2101,0.88947639519026
2102,0.888787325536488
2103,0.8875920134455665
2104,0.8852727113815837
2105,0.881256821027395
2106,0.8738754414648309
2107,0.8625243744790576
2108,0.8454496203057801
2109,0.8299309457341221
2110,0.8209080299245962
2111,0.833938210627787
2112,0.8560397742078035
2113,0.8778603288571218
2114,0.8884570847171982
2115,0.8884741424752671
2116,0.8807245986504676
2117,0.8693857027577923
2118,0.8620743904498959
2119,0.8600127532440098
2120,0.8678136319988616
2121,0.8773149954142307
2122,0.885971817839915
2123,0.8897244724208928
2124,0.8888529951291398
2125,0.8849408496290383
2126,0.8801227394807621
2127,0.8779236159131902
2128,0.8780125599617855
2129,0.8812873599760165
2130,0.8848215642121103
2131,0.8881053087100632
2132,0.889829701703011
2133,0.8899722502465933
2134,0.8889030729115444
2135,0.8871316240098219
2136,0.8855864137924396
2137,0.8843726962108274
2138,0.8843586186262351
2139,0.8848824759665147
2140,0.8863807530698626
2141,0.887898876674359
2142,0.8892790406101454
2143,0.8900371220188089
2144,0.8902477160313175
2145,0.8900200667154887
2146,0.8894890067206997
2147,0.8888761173462006
2148,0.8881825976290916
2149,0.887730364531983
2150,0.8873633055096055
2151,0.887391722204066
2152,0.887458618962893
2153,0.8878031095073682
2154,0.8880946158058881
2155,0.8885469206826586
2156,0.8889000447548309
2157,0.8892893677998711
2158,0.8895555879530871
2159,0.8898172814361455
2160,0.8899872199668979
2161,0.890142000998628
2162,0.8902284564587418
2163,0.8903063319237577
2164,0.8903464763459019
2165,0.8903860109767744
2166,0.8904012733105554
2167,0.8904189405510365
2168,0.8904256936992089
2169,0.890441231446311
2170,0.8904481681462868
2171,0.8904588261040479
2172,0.8904566901495111
2173,0.8904579886680904
2174,0.8904436463828787
2175,0.8904315251276945
2176,0.8903955226673059
2177,0.890357819910163
2178,0.8902749106984258
2179,0.8901685477763848
2180,0.889956210754763
2181,0.889653325562289
2182,0.8890889406979793
2183,0.8882476077449784
2184,0.886734323319369
2185,0.8844675898937444
2186,0.8805069730917163
2187,0.8749617764578359
2188,0.8660860200626521
2189,0.8565994116819953
2190,0.8451466544356071
2191,0.8418633505960379
2192,0.8432181231077089
2193,0.8558784238024778
2194,0.8682682880734516
2195,0.8797001623221886
2196,0.8864438156519789
2197,0.8897310307789296
2198,0.890212828049838
2199,0.8886434142751715
2200,0.8854989594095037
2201,0.8804945787722642
2202,0.8746605718597005
2203,0.8672132238586665
2204,0.862539750160091
2205,0.858829355389396
2206,0.8624429366458696
2207,0.8679060875485937
2208,0.8765266745364769
2209,0.8830563650651029
2210,0.8877216606340831
2211,0.8899519179271379
2212,0.8903688774884699
2213,0.8894011337262576
2214,0.8872806572545615
2215,0.8843632592422531
2216,0.8801365584840651
2217,0.8757927265415387
2218,0.870299561425812
2219,0.867358069821064
2220,0.8651987974621562
2221,0.8685173038921593
2222,0.8729012381438424
2223,0.8792603097342089
2224,0.8840355474501278
2225,0.887635098322179
2226,0.8895670869639832
2227,0.8903809803782637
2228,0.8903621215536178
2229,0.8897746275149844
2230,0.8887682089010613
2231,0.8871556910951449
2232,0.8850999726044805
2233,0.8820541612681274
2234,0.8789027353047212
2235,0.8749097921767722
2236,0.8724564117472302
2237,0.8699995243295001
2238,0.8705007976156723
2239,0.871070998280003
2240,0.8739875592512178
2241,0.8761532675220974
2242,0.8790558291879933
2243,0.8807731043025128
2244,0.8825380796337212
2245,0.8833783778089777
2246,0.8842054638132693
2247,0.8843515546562932
2248,0.8845523017675968
2249,0.8842251333095508
2250,0.8840448107991966
2251,0.8833453374988426
2252,0.8828241616492597
2253,0.8816748728374202
2254,0.8807743198536022
2255,0.8790784849910321
2256,0.8778072410414074
2257,0.8755953457243093
2258,0.8743244130855219
2259,0.8722487835391489
2260,0.8719174034843081
2261,0.8710508006507592
2262,0.8723778685860586
2263,0.8732559182426594
2264,0.875810043052279
2265,0.8776131003729745
2266,0.8801014458406793
2267,0.8816753132543387
2268,0.8833504619281278
2269,0.8842130221410927
2270,0.8850164224148513
2271,0.8851700717685712
2272,0.885278040758227
2273,0.8847963201196476
2274,0.8842930642517208
2275,0.883121734759492
2276,0.8820093518191765
2277,0.8801022860378603
2278,0.8785313659777031
2279,0.876089949376451
2280,0.8745857749942225
2281,0.8723211012521611
2282,0.8718164777716025
2283,0.8707473090201234
2284,0.87184984761164
2285,0.872369816942944
2286,0.8746347608062207
2287,0.8760862459625205
2288,0.8784468565676833
2289,0.8798665450889506
2290,0.8816139479816988
2291,0.8825052512654421
2292,0.8834949572934567
2293,0.8837642469738715
2294,0.8840857378481637
2295,0.88375484567814
2296,0.8834878785765482
2297,0.882523678565096
2298,0.8816877858264874
2299,0.8800452033441051
2300,0.8787607565278029
2301,0.8766069766676308
2302,0.8753339471690884
2303,0.8732930478536044
2304,0.8728566767715262
2305,0.8718425841846491
2306,0.8728144767514121
2307,0.8732004438046743
2308,0.8752139634567393
2309,0.8764379348775787
2310,0.8785647210894827
2311,0.8797821129651676
2312,0.881375038942217
2313,0.8821213078594993
2314,0.883025861667859
2315,0.8831980758976511
2316,0.883481134855711
2317,0.8830879963572804
2318,0.8828284560640745
2319,0.8818618821169463
2320,0.8811223704421556
2321,0.8795994512328059
2322,0.8785461196754064
2323,0.8766730939702339
2324,0.8757249670265251
2325,0.8740307831301618
2326,0.873813371262139
2327,0.8729719352677812
2328,0.873870439864691
2329,0.8741360497565543
2330,0.8758601577495724
2331,0.8768131880188437
2332,0.8786582097641386
2333,0.8796459265163503
2334,0.881077756900906
2335,0.8816914033422704
2336,0.882536770975575
2337,0.8826467208937809
2338,0.8829298155396088
2339,0.8825191592415796
2340,0.8823039906202705
2341,0.8813723380096463
2342,0.8807406538586792
2343,0.8793410392672595
2344,0.8784831859230324
2345,0.8768450752789138
2346,0.876151269227155
2347,0.8747428382750425
2348,0.8747073395893582
2349,0.8740361505548804
2350,0.8748995365360593
2351,0.87510476645636
2352,0.876597613236901
2353,0.8773302553210276
2354,0.8789053522212744
2355,0.8796627052252852
2356,0.880902630663133
2357,0.8813540848032198
2358,0.8821034306112084
2359,0.8821232634738783
2360,0.882385117663957
2361,0.8819462451181116
2362,0.8817755358449793
2363,0.8808878349451734
2364,0.8803787048646243
2365,0.8791203064460651
2366,0.8784672307699312
2367,0.8770649138517409
2368,0.876604281698313
2369,0.875445699208549
2370,0.875548964891763
2371,0.8750041038191324
2372,0.8758161971332991
2373,0.8759577689740817
2374,0.8772499351959785
2375,0.8777993829910534
2376,0.8791498307442324
2377,0.8797181328526189
2378,0.8807964949518525
2379,0.8811131408161753
2380,0.8817809205234669
2381,0.881728466881232
2382,0.8819769773143736
2383,0.8815256537003789
2384,0.8814043048223573
2385,0.8805726763135199
2386,0.8801800400154157
2387,0.879058099095938
2388,0.8785786020645144
2389,0.8773750732020622
2390,0.8770886897124053
2391,0.8761157659285382
2392,0.8762993224746969
2393,0.8758273092615553
2394,0.8765698672625172
2395,0.876638346791711
2396,0.8777560649368233
2397,0.8781494928187875
2398,0.8793178102498558
2399,0.8797339927062814
2400,0.8806872650830216
2401,0.8809015931355074
2402,0.8815143657032873
2403,0.881417159670886
2404,0.8816717476860886
2405,0.8812315360042493
2406,0.8811703508224915
2407,0.8804084903908609
2408,0.8801253215997819
2409,0.8791304006664219
2410,0.8787895308647692
2411,0.8777430441846006
2412,0.8775737669027963
2413,0.8767259534413734
2414,0.8769410970263198
2415,0.8764987335855429
2416,0.8771628596417255
2417,0.8771564336809552
2418,0.8781289754051156
2419,0.8783954306794302
2420,0.8794230996635112
2421,0.8797231922499891
2422,0.8805856535358197
2423,0.8807280015479168
2424,0.8813088504261474
2425,0.8811901260130736
2426,0.8814643213325478
2427,0.8810511672796209
2428,0.8810527928138208
2429,0.8803645753620368
2430,0.88017720942815
2431,0.8792934232767594
2432,0.8790581402085998
2433,0.878131525206894
2434,0.878036192956139
2435,0.8772691364498678
2436,0.8774848848032062
2437,0.877044839913052
2438,0.8776291637013068
2439,0.8775499995508548
2440,0.8784013716351078
2441,0.8785638350449314
2442,0.8794827357998276
2443,0.8796948164016298
2444,0.8804933035650805
2445,0.8805878467984667
2446,0.8811547879677393
2447,0.8810323491667506
2448,0.8813350683307257
2449,0.8809588084631578
2450,0.8810215907675495
2451,0.8804053323412926
2452,0.88029907774955
2453,0.8795098556917871
2454,0.8793535140969643
2455,0.8785178680293481
2456,0.8784671929918493
2457,0.8777516096572655
2458,0.8779507865142301
2459,0.8774982476556848
2460,0.8780060477409117
2461,0.8778588923261581
2462,0.8786075721320169
2463,0.8786831133057611
2464,0.8795153436740512
2465,0.8796588284417223
2466,0.8804113274635413
2467,0.8804743822546948
2468,0.8810390036618776
2469,0.8809242593565205
2470,0.881260218706514
2471,0.8809258763306249
2472,0.8810466227530859
2473,0.8804987269441625
2474,0.8804616502393088
2475,0.8797537021338623
2476,0.8796578620408934
2477,0.8788935242990233
2478,0.8788696548352282
2479,0.878187941205361
2480,0.8783620991068698
2481,0.8778899181217157
2482,0.8783256226123228
2483,0.8781152951323347
2484,0.8787740583564376
2485,0.8787741461508058
2486,0.8795336191601072
2487,0.8796206317565395
2488,0.8803379285886903
2489,0.8803792825073784
2490,0.8809481228878261
2491,0.8808474674675691
2492,0.8812186371241824
2493,0.8809281729522096
2494,0.8811036848062567
2495,0.8806204512477726
2496,0.8806441692555931
2497,0.8800081700457753
2498,0.8799614725153065
2499,0.8792564376838717
2500,0.8792498527783624
2501,0.8785927379165687
2502,0.8787389812083114
2503,0.8782448703611175
2504,0.8786129589856615
2505,0.8783437312038549
2506,0.8789206944933349
2507,0.878852252354869
2508,0.8795464552097157
2509,0.8795832772896025
2510,0.8802704558455897
2511,0.8802946701592187
2512,0.8808704037627533
2513,0.8807864700004191
2514,0.8811931087386111
2515,0.8809466499336623
2516,0.8811744020175742
2517,0.8807527802233206
2518,0.8808321757479392
2519,0.8802622976220449
2520,0.8802587870727137
2521,0.8796067397090633
2522,0.8796137270952122
2523,0.8789777254481861
2524,0.8790968750196898
2525,0.8785819027014737
2526,0.8788869025568216
2527,0.8785627838646166
2528,0.8790628527009745
2529,0.8789296335069406
2530,0.8795613071181556
2531,0.879549775375017
2532,0.880207378411384
2533,0.8802147769399592
2534,0.8807968511653966
2535,0.8807291845770355
2536,0.8811701481522485
2537,0.880966422063535
2538,0.8812444938379724
2539,0.8808820482313008
2540,0.8810145542104818
2541,0.8805076252559516
2542,0.8805453031987833
2543,0.8799440052759653
2544,0.8799650065933055
2545,0.8793507745514207
2546,0.8794464919601014
2547,0.8789144204463349
2548,0.8791614010433463
2549,0.8787868051867342
2550,0.8792131319262679
2551,0.8790171043865014
2552,0.8795857167633933
2553,0.8795244786196175
2554,0.8801493894345576
2555,0.880136796578845
2556,0.8807217041666131
2557,0.8806670523266835
2558,0.8811396656827898
2559,0.8809759606931201
2560,0.8813025811317151
2561,0.8809970656017827
2562,0.8811818137175251
2563,0.8807363903363149
2564,0.8808160195631033
2565,0.880266014233698
2566,0.8803044960405922
2567,0.8797157106214275
2568,0.8797940789782853
2569,0.8792510848283226
2570,0.8794463097983021
2571,0.8790268354269971
2572,0.879382225733808
2573,0.8791249486552597
2574,0.8796280882626138
2575,0.8795138260165704
2576,0.8801000494918527
2577,0.8800614273589504
2578,0.8806427892131613
2579,0.8805951726068558
2580,0.8810948446947611
2581,0.8809666989571296
2582,0.881339585435584
2583,0.8810883306690398
2584,0.8813252698407491
2585,0.880940721760604
2586,0.8810648051773554
2587,0.8805683234295586
2588,0.8806298979663545
2589,0.8800723589492115
2590,0.8801415849658605
2591,0.8795960428361632
2592,0.8797475573242097
2593,0.8792906952132573
2594,0.8795789326784953
2595,0.8792629105261668
2596,0.8796977347237087
2597,0.8795264990761885
2598,0.8800660635217362
2599,0.8799932543815497
2600,0.8805619225854749
2601,0.8805126746999383
2602,0.8810323991995497
2603,0.8809331533812703
2604,0.8813487152585286
2605,0.8811479059169767
2606,0.8814368858230632
2607,0.8811124935407724
2608,0.8812843340703279
2609,0.8808443066665544
2610,0.8809359346857015
2611,0.8804167194319774
2612,0.8804867681884841
2613,0.8799489065725581
2614,0.8800669015112605
2615,0.8795825039062146
2616,0.8798095033261943
2617,0.8794394383885342
2618,0.8798042122617038
2619,0.8795729251479136
2620,0.8800570807996362
2621,0.8799408431652603
2622,0.8804852535999985
2623,0.8804232433134184
2624,0.8809531546647372
2625,0.8808735122089083
2626,0.8813259825034315
2627,0.8811698769107994
2628,0.88150967068709
2629,0.8812437130893618
2630,0.8814664737904787
2631,0.8810855804954892
2632,0.8812147562778235
2633,0.8807413399053753
2634,0.8808234023082118
2635,0.880304728989326
2636,0.8804015633974087
2637,0.8799019288822295
2638,0.8800765698823627
2639,0.8796603444612625
2640,0.8799559775359002
2641,0.8796640384309213
2642,0.8800848316544804
2643,0.8799162923962282
2644,0.8804232935855755
2645,0.8803355583022816
2646,0.8808627642504969
2647,0.8807905455546042
2648,0.881271145933118
2649,0.8811513118073389
2650,0.8815385690441045
2651,0.8813273881127354
2652,0.8816030911817389
2653,0.8812828042243546
2654,0.8814566676143427
2655,0.8810359811206684
2656,0.8811417410012938
2657,0.8806542139421426
2658,0.8807440304592179
2659,0.8802435076436884
2660,0.8803779804177772
2661,0.8799271525666316
2662,0.8801585137464637
2663,0.8798092964749004
2664,0.8801614422741797
2665,0.8799339511945619
2666,0.8803902755839722
2667,0.8802632717237657
2668,0.8807722386891638
2669,0.8806925775621081
2670,0.8811889086190116
2671,0.8810936152055127
2672,0.881521791156978
2673,0.8813588538384056
2674,0.881687280898068
2675,0.8814268792514439
2676,0.8816512221254126
2677,0.8812886533154877
2678,0.8814293674478992
2679,0.8809843557909814
2680,0.8810822965569738
2681,0.8805963959123332
2682,0.8807059335633634
2683,0.8802355530224691
2684,0.8804122629796504
2685,0.8800141617724042
2686,0.8802969349628218
2687,0.8800080999591885
2688,0.8804024805072985
2689,0.8802240410104867
2690,0.8806978101861969
2691,0.8805940820733887
2692,0.8810900448489013
2693,0.8810040561700812
2694,0.8814624699692792
2695,0.8813375234733514
2696,0.881715027346476
2697,0.8815105828971522
2698,0.8817887265773289
2699,0.8814870777755995
2700,0.8816724992269469
2701,0.8812796175379141
2702,0.8814007162680115
2703,0.8809448249421344
2704,0.8810468034067119
2705,0.8805744667622903
2706,0.8807108903615369
2707,0.880277544891636
2708,0.8804962331182712
2709,0.8801496811783157
2710,0.8804753419005213
2711,0.8802371839086707
2712,0.8806595644431623
2713,0.8805152741048012
2714,0.8809919104373767
2715,0.8808970337963034
2716,0.8813703669070878
2717,0.8812689116692308
2718,0.8816872528062781
2719,0.8815306521555646
2720,0.8818621936387476
2721,0.8816206085303847
2722,0.8818577734251808
2723,0.8815236729242972
2724,0.8816815330920263
2725,0.8812694045169264
2726,0.8813819232499445
2727,0.8809261670598242
2728,0.8810404794404243
2729,0.8805899342760592
2730,0.8807563525626121
2731,0.8803626262889664
2732,0.8806195633808257
2733,0.8803198379736371
2734,0.880678402133491
2735,0.8804800119033125
2736,0.8809175891179335
2737,0.8807943510518026
2738,0.8812630597362756
2739,0.8811665312090977
2740,0.8816120326224387
2741,0.8814902269369754
2742,0.8818697308706587
2743,0.8816826341209922
2744,0.8819745183162644
2745,0.8817016864860319
2746,0.881907038380798
2747,0.8815492432708016
2748,0.88168939147393
2749,0.8812676860885102
2750,0.8813801198389528
2751,0.8809329497255709
2752,0.8810646869438488
2753,0.8806407750430212
2754,0.8808370652330706
2755,0.8804821406097961
2756,0.8807713817833123
2757,0.880511604596518
2758,0.8808929446201348
2759,0.880723562972321
2760,0.8811657134189188
2761,0.8810528721796717
2762,0.8815064196160188
2763,0.8814013018317315
2764,0.8818171971449534
2765,0.8816734002743957
2766,0.8820174933206693
2767,0.8818031002568555
2768,0.8820622790737717
2769,0.8817647454896428
2770,0.8819467595496319
2771,0.8815734343215879
2772,0.8817040170124454
2773,0.8812807549891385
2774,0.8813991806908921
2775,0.8809665463804324
2776,0.8811180498238499
2777,0.8807226945068466
2778,0.8809463238642409
2779,0.8806268994555059
2780,0.8809413486044936
2781,0.8807136421519673
2782,0.8811083951374528
2783,0.8809583001108678
2784,0.881396859193563
2785,0.8812863647288317
2786,0.8817205922039842
2787,0.8816029474680368
2788,0.8819899564699059
2789,0.8818248598098419
2790,0.8821382362123797
2791,0.8819009360573189
2792,0.8821343680430987
2793,0.881818726518561
2794,0.8819848772012087
2795,0.8816032613472997
2796,0.881730694832185
2797,0.8813121640465116
2798,0.8814404677325441
2799,0.8810260145213665
2800,0.8811973789249664
2801,0.8808301298593096
2802,0.8810769266404743
2803,0.8807880800076326
2804,0.881120342488333
2805,0.8809167289029254
2806,0.881316851897365
2807,0.8811778554856713
2808,0.8816070688366352
2809,0.8814933296819117
2810,0.8819065511460215
2811,0.8817748034500764
2812,0.8821353291172017
2813,0.881951185764
2814,0.8822391243894241
2815,0.881983866478384
2816,0.8821981082540312
2817,0.8818706062504729
2818,0.8820272276585449
2819,0.8816434633770337
2820,0.8817725159327182
2821,0.8813633108501376
2822,0.8815034788688791
2823,0.8811088368076538
2824,0.8812984287905743
2825,0.8809570412177052
2826,0.8812218879656789
2827,0.8809578414240331
2828,0.8813008624827477
2829,0.881113903927616
2830,0.8815129348011913
2831,0.8813785681198343
2832,0.8817948275075898
2833,0.8816743758928395
2834,0.8820667547308237
2835,0.8819210642924175
2836,0.8822585262870853
2837,0.8820585302456061
2838,0.882326411552851
2839,0.8820582583163823
2840,0.882259227714796
2841,0.8819255242150814
2842,0.8820777866434464
2843,0.8816968596510673
2844,0.8818308046375346
2845,0.8814339537506208
2846,0.8815864055089445
2847,0.8812115457640624
2848,0.8814165194795125
2849,0.8810975349801149
2850,0.881374964015633
2851,0.8811297219169468
2852,0.8814772149310836
2853,0.881300408923883
2854,0.8816934913869503
2855,0.8815589553538681
2856,0.8819604093156299
2857,0.8818314720898199
2858,0.8822044378428371
2859,0.8820461378780136
2860,0.8823644521204852
2861,0.8821522593445374
2862,0.8824052428935462
2863,0.8821290650551223
2864,0.8823219256639606
2865,0.8819869575957827
2866,0.882138920260852
2867,0.8817646819249488
2868,0.8819055004158098
2869,0.8815226649056029
2870,0.8816866161063549
2871,0.8813302555767892
2872,0.8815470480661135
2873,0.8812463440813292
2874,0.88153101581511
2875,0.8812988502706088
2876,0.8816455274432685
2877,0.8814734847049897
2878,0.8818572189108856
2879,0.8817191761575724
2880,0.8821052892973591
2881,0.881967335968453
2882,0.8823230774611949
2883,0.8821541979251353
2884,0.8824573892053328
2885,0.8822367606092888
2886,0.8824795826625714
2887,0.8821998580772085
2888,0.8823889842522235
2889,0.8820569083713573
2890,0.8822116233963919
2891,0.8818468770625054
2892,0.8819955005236323
2893,0.8816272335984683
2894,0.8818010792093636
2895,0.8814611098803676
2896,0.8816858932057047
2897,0.8813991668928024
2898,0.8816862161846531
2899,0.8814619921135849
2900,0.8818036244926806
2901,0.8816320730662349
2902,0.8820042566523179
2903,0.8818605366503953
2904,0.8822316553998519
2905,0.8820849729589291
2906,0.8824260229622753
2907,0.8822489055396918
2908,0.8825408290750762
2909,0.8823153683380968
2910,0.8825522216641224
2911,0.8822729053458647
2912,0.882461898796959
2913,0.8821360889182703
2914,0.8822957439501201
2915,0.8819423865906165
2916,0.8820989720661043
2917,0.881745023925002
2918,0.8819267219246448
2919,0.8816006327928049
2920,0.8818296973556476
2921,0.8815528551067237
2922,0.8818381046406363
2923,0.8816174558654459
2924,0.8819508059707767
2925,0.8817764781653032
2926,0.8821358006733623
2927,0.8819850799165521
2928,0.8823420434593929
2929,0.8821873657799271
2930,0.8825162742401413
2931,0.882333268129923
2932,0.88261741103766
2933,0.8823903699176848
2934,0.882624835657037
2935,0.8823492787106627
2936,0.8825410194413468
2937,0.8822241081225728
2938,0.8823901991312562
2939,0.8820494073663483
2940,0.8822136300893175
2941,0.881873272410812
2942,0.8820607012094682
2943,0.8817459575730451
2944,0.8819760080882969
2945,0.8817054480677701
2946,0.8819855074397815
2947,0.8817648966095277
2948,0.882087577586895
2949,0.8819080394655937
2950,0.8822537826353751
2951,0.8820952851587796
2952,0.8824391006501029
2953,0.8822773018457866
2954,0.8825963836101947
2955,0.8824096056759396
2956,0.8826889421580568
2957,0.8824630725857303
2958,0.8826980841678425
2959,0.8824289886407433
2960,0.8826257090827382
2961,0.8823196638106258
2962,0.8824931847105535
2963,0.8821656245417376
2964,0.8823369628144606
2965,0.8820092982692588
2966,0.882200560509044
2967,0.8818949130544514
2968,0.8821232742325095
2969,0.8818560697001735
2970,0.882128355445386
2971,0.8819050627919262
2972,0.88221537727809
2973,0.8820288523406034
2974,0.882360632742786
2975,0.8821938785904673
2976,0.8825254655274637
2977,0.8823573165450027
2978,0.8826684578782218
2979,0.8824796035654263
2980,0.8827564856622874
2981,0.8825339265377511
2982,0.8827717530009497
2983,0.8825111533428065
2984,0.8827145229940374
2985,0.8824207406297143
2986,0.8826023675521767
2987,0.8822883976883353
2988,0.882466380270437
2989,0.8821506033293471
2990,0.8823442576528763
2991,0.8820459685258196
2992,0.8822707132147962
2993,0.8820047191602131
2994,0.8822674363157464
2995,0.8820395212506992
2996,0.8823363223476639
2997,0.882141546608281
2998,0.8824591223089396
2999,0.8822837392203926
3000,0.8826037427058214
3001,0.8824297298117577
3002,0.8827342438875296
3003,0.8825444428696002
3004,0.8828205169688191
3005,0.8826027095238069
3006,0.882844947620199
3007,0.8825942073379746
3008,0.8828054096985547
3009,0.8825248056550611
3010,0.8827150482742373
3011,0.8824148846004282
3012,0.8825992745894407
3013,0.8822948588957429
3014,0.8824900730986163
3015,0.8821980592400038
3016,0.8824180789935491
3017,0.8821519874272022
3018,0.8824041064680268
3019,0.8821703747985388
3020,0.8824529770077484
3021,0.8822491086710085
3022,0.8825522629172894
3023,0.8823678717538407
3024,0.8826765471709801
3025,0.882496756297757
3026,0.8827952864827079
3027,0.8826050044614003
3028,0.8828811494175256
3029,0.8826687772822119
3030,0.8829163408547568
3031,0.8826761497863085
3032,0.8828959300892392
3033,0.8826289967941752
3034,0.882828290800601
3035,0.8825421052794604
3036,0.8827330029701628
3037,0.8824398014047112
3038,0.8826364277232528
3039,0.8823503268132871
3040,0.8825653612446032
3041,0.8822987226242589
3042,0.8825399717029095
3043,0.8822999660721043
3044,0.8825681207918767
3045,0.8823547171285454
3046,0.8826432286262346
3047,0.8824494126931123
3048,0.8827465900488731
3049,0.8825606670311249
3050,0.8828531445833496
3051,0.8826621381958819
3052,0.8829384252630811
3053,0.8827313773194436
3054,0.8829844737464775
3055,0.8827548326311982
3056,0.8829834977663524
3057,0.8827303124009537
3058,0.8829390344985261
3059,0.8826669716438115
3060,0.8828648266194302
3061,0.8825830776408905
3062,0.8827816512120711
3063,0.8825018128743527
3064,0.8827124435664344
3065,0.8824456588730184
3066,0.8826765354714873
3067,0.8824305513388633
3068,0.8826844897571084
3069,0.8824615543323882
3070,0.8827352606954937
3071,0.8825316276427899
3072,0.8828167677968125
3073,0.8826239680276317
3074,0.882909637361683
3075,0.8827169741309494
3076,0.8829926555222437
3077,0.8827900153890721
3078,0.8830481061783999
3079,0.8828282933101006
3080,0.8830656545221713
3081,0.8828258268999941
3082,0.8830442231556184
3083,0.8827863273993912
3084,0.8829918549297994
3085,0.8827220924884307
3086,0.8829237499330851
3087,0.8826511489118756
3088,0.8828587512278885
3089,0.8825930258581787
3090,0.8828148162921976
3091,0.8825639305094102
3092,0.8828044634790936
3093,0.8825725545492127
3094,0.8828315080652118
3095,0.8826178462401519
3096,0.8828902006471149
3097,0.8826895412804836
3098,0.8829670717779121
3099,0.882771232879284
3100,0.8830447766822174
3101,0.8828448537526824
3102,0.8831066103076526
3103,0.8828951393538891
3104,0.8831404023114955
3105,0.882912967980799
3106,0.8831409967581434
3107,0.882897054137498
3108,0.8831110545320048
3109,0.8828539217949678
3110,0.8830602325393195
3111,0.8827962957181983
3112,0.8830029309239076
3113,0.882740170295911
3114,0.8829549503408038
3115,0.8827010337179343
3116,0.8829296814788731
3117,0.8826900551520565
3118,0.8829347555414336
3119,0.8827112724049081
3120,0.8829701506893196
3121,0.8827606724084672
3122,0.8830283791454906
3123,0.8828274676691475
3124,0.8830966704503357
3125,0.8828971018218661
3126,0.8831603866176835
3127,0.8829549836090916
3128,0.8832066090471687
3129,0.8829898902912331
3130,0.8832269940674814
3131,0.8829963038119896
3132,0.8832193889055139
3133,0.8829753614029916
3134,0.8831880628962178
3135,0.8829344010457201
3136,0.8831426238013448
3137,0.8828852433717129
3138,0.8830958200433796
3139,0.8828414910667577
3140,0.8830605965996652
3141,0.8828153376330332
3142,0.8830470047604687
3143,0.8828146126400215
3144,0.8830597453515857
3145,0.882840875227269
3146,0.883097066621288
3147,0.882889142346735
3148,0.8831513617083606
3149,0.8829493271910118
3150,0.8832112523123987
3151,0.8830089013609995
3152,0.8832644834523133
3153,0.8830559630396514
3154,0.8833008023045069
3155,0.8830819110210749
3156,0.8833141529685401
3157,0.8830831873713497
3158,0.8833038193968783
3159,0.8830618596366102
3160,0.883274414408499
3161,0.8830250364010066
3162,0.8832347828474255
3163,0.8829832510978753
3164,0.8831960135037116
3165,0.8829480868544738
3166,0.8831689096954379
3167,0.8829294952620631
3168,0.8831614501247352
3169,0.8829334283653097
3170,0.8831768792139727
3171,0.8829604245375338
3172,0.883212973175052
3173,0.883005568483898
3174,0.8832627016649529
3175,0.8830598285016188
3176,0.8833160665599635
3177,0.8831123459170256
3178,0.8833625562393413
3179,0.883153012434225
3180,0.8833935507827259
3181,0.8831746947174847
3182,0.8834041410414095
3183,0.8831746698512178
3184,0.8833940569660795
3185,0.8831550754556972
3186,0.8833676118177023
3187,0.883122361598543
3188,0.8833327159973793
3189,0.8830858604584232
3190,0.8832991330010467
3191,0.8830557173136904
3192,0.8832762879200614
3193,0.8830405794465677
3194,0.8832710873087135
3195,0.8830455701336815
3196,0.883286288661252
3197,0.8830710825813466
3198,0.8833198734918039
3199,0.8831127428243286
3200,0.8833656084753321
3201,0.8831625489700908
3202,0.8834146199517684
3203,0.8832108412010399
3204,0.8834575199199017
3205,0.8832485503614655
3206,0.8834865234875553
3207,0.8832691765867057
3208,0.8834970883628777
3209,0.8832701062903074
3210,0.8834887927391144
3211,0.8832530740205106
3212,0.8834653480492278
3213,0.8832237374796407
3214,0.8834337771845235
3215,0.8831904541375757
3216,0.8834028994829699
3217,0.8831624646826117
3218,0.8833813873968699
3219,0.8831478239247432
3220,0.8833757912793778
3221,0.8831515378098204
3222,0.8833890058182805
3223,0.883174384432104
3224,0.8834195942846607
3225,0.883212753502318
3226,0.8834621684689288
3227,0.8832595531837217
3228,0.8835087127146628
3229,0.8833059189987821
3230,0.8835504734130694
3231,0.8833432538411624
3232,0.883579920226205
3233,0.8833651005879042
3234,0.8835923385725982
3235,0.8833684663851984
3236,0.883586764954625
3237,0.8833543888662461
3238,0.8835661389283047
3239,0.883327685157007
3240,0.8835366730203771
3241,0.8832959393870123
3242,0.8835065463012213
3243,0.88326789238437
3244,0.8834841404943075
3245,0.8832515221724241
3246,0.8834761625757568
3247,0.8832522227839165
3248,0.883486086679089
3249,0.8832715328396591
3250,0.8835133266134556
3251,0.8833067675610717
3252,0.8835533794388358
3253,0.8833516673032229
3254,0.8835989042315396
3255,0.8833978798158436
3256,0.88364143269357
3257,0.8834368697103389
3258,0.8836732621636867
3259,0.883461781200224
3260,0.8836890946950383
3261,0.8834688607856228
3262,0.8836871100964839
3263,0.8834581986826002
3264,0.8836693131868834
3265,0.8834336946296119
3266,0.8836411219565006
3267,0.8834022671760037
3268,0.8836102640284167
3269,0.8833724267796204
3270,0.8835851537290447
3271,0.8833524508422393
3272,0.8835730454744468
3273,0.8833485249057003
3274,0.8835783671485444
3275,0.8833632908841871
3276,0.8836016585591677
3277,0.883395196282788
3278,0.8836394189581719
3279,0.8834388414264862
3280,0.8836849190593706
3281,0.883486235054326
3282,0.8837297535915762
3283,0.883528613544413
3284,0.8837657205204139
3285,0.8835583605986695
3286,0.8837865780036906
3287,0.8835706031826946
3288,0.8837893260290218
3289,0.8835641954263084
3290,0.8837748070112069
3291,0.8835419514890688
3292,0.8837475512730552
3293,0.8835101057607617
3294,0.8837148938622229
3295,0.8834770754309634
3296,0.8836854863334739
3297,0.8834517105832311
3298,0.8836674486118151
3299,0.8834413510446695
3300,0.8836665353740617
3301,0.8834501233020985
3302,0.8836847630234639
3303,0.8834779237875592
3304,0.883719881475543
3305,0.883520390638766
3306,0.8837658600294345
3307,0.8835698898342615
3308,0.8838142614333336
3309,0.8836172459891333
3310,0.8838561308610472
3311,0.8836537624405241
3312,0.8838839280683785
3313,0.8836730592862299
3314,0.8838930899075627
3315,0.8836723746212479
3316,0.8838829545795478
3317,0.8836531314735127
3318,0.8838569237523708
3319,0.8836207026879109
3320,0.8838218450655223
3321,0.8835834014785073
3322,0.8837866872100351
3323,0.8835508244966228
3324,0.8837606938478717
3325,0.8835318108962386
3326,0.8837513497600107
3327,0.8835324321721768
3328,0.8837626203728328
3329,0.8835545128373589
3330,0.8837939398984482
3331,0.8835951106443403
3332,0.8838402616336654
3333,0.8836471345886149
3334,0.8838931795813448
3335,0.8837009401186102
3336,0.8839428127262119
3337,0.8837464660807999
3338,0.8839799562046338
3339,0.883775381745048
3340,0.883998004795372
3341,0.8837827958966636
3342,0.8839942917229395
3343,0.8837682495011887
3344,0.8839706533830431
3345,0.8837358690856058
3346,0.8839331551259392
3347,0.8836936602913442
3348,0.8838909977617081
3349,0.8836520055656146
3350,0.8838547210053246
3351,0.8836215552660618
3352,0.883833972481227
3353,0.8836108809485765
3354,0.8838352937613081
3355,0.8836244278911771
3356,0.8838604873342831
3357,0.8836613372950167
3358,0.8839060566990659
3359,0.8837155206873732
3360,0.8839639242460637
3361,0.8837769986140078
3362,0.8840232371741649
3363,0.8838341273309667
3364,0.8840727582935245
3365,0.8838761168573163
3366,0.8841032417660867
3367,0.8838952616526377
3368,0.8841093074760766
3369,0.8838884855377719
3370,0.8840905294792176
3371,0.8838580040218765
3372,0.8840516198818785
3373,0.883811036881914
3374,0.8840016796963608
3375,0.8837585742505587
3376,0.883952556167587
3377,0.8837132912001309
3378,0.8839164768007552
3379,0.8836868877832473
3380,0.883903351150627
3381,0.8836873802025451
3382,0.8839183613601103
3383,0.8837170479476912
3384,0.8839605372851977
3385,0.8837716833461049
3386,0.8840228031353198
3387,0.8838414332270801
3388,0.8840935277045547
3389,0.8839130054551895
3390,0.8841591246721093
3391,0.8839725995171485
3392,0.8842069807449984
3393,0.8840088039645857
3394,0.8842280310710882
3395,0.8840148721360176
3396,0.884218543286613
3397,0.8839900625969993
3398,0.8841809184271995
3399,0.8839399315252466
3400,0.8841234466195309
3401,0.8838755382789513
3402,0.884058991529369
3403,0.8838115589005869
3404,0.8840026438661615
3405,0.883763433379568
3406,0.8839685937353601
3407,0.8837439659359799
3408,0.8839668126680368
3409,0.8837601541542336
3410,0.8840004281513041
3411,0.8838111977087592
3412,0.8840646604752908
3413,0.8838884072507539
3414,0.8841477529898518
3415,0.8839771154024038
3416,0.8842336352199903
3417,0.8840599956279166
3418,0.8843054939060769
3419,0.8841208080650252
3420,0.8843492825452031
3421,0.884147669891593
3422,0.8843564569350933
3423,0.8841353200569347
3424,0.884325612728985
3425,0.8840862022161026
3426,0.8842629504312055
3427,0.8840103315984397
3428,0.8841815275290231
3429,0.8839238787628645
3430,0.8840992112191536
3431,0.8838463999370807
3432,0.8840353422236132
3433,0.8837968792677302
3434,0.8840064981604319
3435,0.8837892567750756
3436,0.8840223003213021
3437,0.8838286476000091
3438,0.8840825761321731
3439,0.8839095785031553
3440,0.8841769740503491
3441,0.8840169990849166
3442,0.8842872772115871
3443,0.8841297791648097
3444,0.8843916304041813
3445,0.8842255038318805
3446,0.8844693146799372
3447,0.8842851509988467
3448,0.8845048493537218
3449,0.8842966757920282
3450,0.8844907970514632
3451,0.8842571689610007
3452,0.8844291807541829
3453,0.8841736296615957
3454,0.8843315748968492
3455,0.8840623566509133
3456,0.884217760291256
3457,0.883946734482229
3458,0.8841126622078018
3459,0.8838531654721827
3460,0.8840414978578158
3461,0.883805382636082
3462,0.8840237964009062
3463,0.883818316675127
3464,0.8840679100321522
3465,0.8838935129464245
3466,0.8841680727313005
3467,0.8840180110409733
3468,0.8843053657879688
3469,0.8841673242281235
3470,0.8844523221287858
3471,0.8843113921641911
3472,0.8845794017309323
3473,0.8844213293052191
3474,0.8846611944160123
3475,0.8844750552827971
3476,0.8846809873901873
3477,0.884460991806138
3478,0.8846334458870145
3479,0.8843799703010379
3480,0.8845257513828413
3481,0.8842457088314478
3482,0.884377371837367
3483,0.884083758125307
3484,0.8842180476934483
3485,0.8839282370513016
3486,0.8840832206490216
3487,0.8838156851427975
3488,0.884006642922711
3489,0.883776429440297
3490,0.8840114364663135
3491,0.8838257083068222
3492,0.8841026176075721
3493,0.8839581075639675
3494,0.8842644994308757
3495,0.8841481287248835
3496,0.8844644851192296
3497,0.8843568709233324
3498,0.8846616154052148
3499,0.8845418527784749
3500,0.8848162240450335
3501,0.8846661693395674
3502,0.8848975528989075
3503,0.8847047300879657
3504,0.8848882856097566
3505,0.8846475600206956
3506,0.884786751496827
3507,0.8845013148459038
3508,0.8846078907096391
3509,0.8842897629443154
3510,0.8843830894718347
3511,0.8840526185105784
3512,0.8841575754430411
3513,0.8838408775958727
3514,0.8839834106054608
3515,0.8837069992069277
3516,0.8839074122090482
3517,0.8836907627531506
3518,0.8839567449655666
3519,0.8838055547064324
3520,0.8841283546969176
3521,0.8840319552732312
3522,0.8843882250556991
3523,0.8843226997491248
3524,0.8846813628983582
3525,0.8846166082094946
3526,0.8849472468458266
3527,0.8848543719533669
3528,0.8851335530503944
3529,0.8849899694409583
3530,0.8852042327097202
3531,0.8849961324086889
3532,0.8851426613296842
3533,0.8848661855035626
3534,0.8849528800610437
3535,0.8846153046281093
3536,0.8846611376539523
3537,0.8842822286521111
3538,0.8843171913524606
3539,0.8839292469626259
3540,0.8839917378680011
3541,0.8836357035834699
3542,0.8837650646539247
3543,0.8834809223492498
3544,0.8837052866001434
3545,0.8835186152952839
3546,0.883842852960723
3547,0.8837540523520515
3548,0.884155364456026
3549,0.884138506517795
3550,0.8845736064705659
3551,0.8845858880401939
3552,0.8850056386445435
3553,0.8850011617329867
3554,0.8853640014958323
3555,0.8853042874455586
3556,0.8855828667633716
3557,0.8854412075417396
3558,0.8856228786414893
3559,0.8853846756830189
3560,0.8854699082373064
3561,0.8851328029554135
3562,0.8851350960242144
3563,0.8847113739805361
3564,0.884659691719655
3565,0.8841806581774837
3566,0.8841221465497086
3567,0.8836406540339933
3568,0.8836381240245104
3569,0.8832225704267375
3570,0.8833405583564409
3571,0.8830555306293061
3572,0.883335201359909
3573,0.8832141145604401
3574,0.8836500877073754
3575,0.883677194341503
3576,0.8842150838630406
3577,0.8843318147429569
3578,0.8848910604750364
3579,0.8850219312220258
3580,0.8855268727337586
3581,0.8856051209978009
3582,0.8860038079220103
3583,0.8859827646231971
3584,0.8862484818254841
3585,0.8860999760078105
3586,0.8862240622761218
3587,0.8859330221831785
3588,0.8859191652739098
3589,0.8854823342582644
3590,0.8853479425222209
3591,0.8847804692700775
3592,0.8845659260239226
3593,0.8839148252797824
3594,0.8836956535947291
3595,0.8830514391946883
3596,0.8829393985549235
3597,0.8824274292053088
3598,0.8825412916499759
3599,0.8822768393524848
3600,0.8826816596182187
3601,0.8827052572069507
3602,0.8833617487454355
3603,0.8836093313319444
3604,0.8843873413161097
3605,0.8847282834330218
3606,0.8854778680329239
3607,0.8857838179597042
3608,0.8863984491447545
3609,0.8865841734305407
3610,0.887014525063581
3611,0.8870365288369214
3612,0.8872697333777683
3613,0.8871057586820359
3614,0.8871412803008185
3615,0.8867735707176825
3616,0.886612023552516
3617,0.886024719581737
3618,0.8856741823168719
3619,0.8848696953516041
3620,0.8843720959043557
3621,0.8834090479913652
3622,0.8828828064996788
3623,0.8819218819674676
3624,0.8815876095394075
3625,0.8808899602155118
3626,0.8810068885487349
3627,0.8808142026419433
3628,0.8815028512545312
3629,0.8818506580167467
3630,0.8829585532566847
3631,0.8836331483700328
3632,0.8848343540828831
3633,0.8855429446721231
3634,0.8865665448067486
3635,0.8871131984960997
3636,0.8878486952185115
3637,0.8881637698103191
3638,0.8886118708757412
3639,0.8886908565157088
3640,0.8888817176234602
3641,0.8887250979669146
3642,0.888671081251705
3643,0.8882530377461832
3644,0.8879334311838796
3645,0.8871944784043492
3646,0.8865628207087959
3647,0.8854306497547342
3648,0.8844607817596073
3649,0.8829303634013208
3650,0.8817398415204155
3651,0.8800442197752443
3652,0.879072514807949
3653,0.877821950656511
3654,0.8777866548355803
3655,0.8776744669470753
3656,0.878963278468143
3657,0.8800337041825652
3658,0.8821309841330617
3659,0.8836711014393742
3660,0.8856598990025157
3661,0.8869724877635428
3662,0.8883769577220167
3663,0.8892308684739069
3664,0.8900739001296676
3665,0.8905365120430785
3666,0.890993257733942
3667,0.8911854432274827
3668,0.891389796500593
3669,0.8913850324012975
3670,0.8913964329568094
3671,0.8912009354658865
3672,0.8910061617038264
3673,0.8905476075763983
3674,0.890045607095999
3675,0.889142483856164
3676,0.8881065870533429
3677,0.8864238538239178
3678,0.8844985698413864
3679,0.8816296153385114
3680,0.8786391048042356
3681,0.8747781867320619
3682,0.8718103551824957
3683,0.869082612668089
3684,0.8691344053561625
3685,0.870373704780887
3686,0.8746035051636959
3687,0.8785659360662079
3688,0.8834437498433779
3689,0.886727010557843
3690,0.8895560558306884
3691,0.891200734042824
3692,0.8923143956048254
3693,0.8928817581193988
3694,0.8931596876300494
3695,0.8932011903993464
3696,0.8930726319836797
3697,0.8928344210426928
3698,0.8924352707708522
3699,0.8919771869448835
3700,0.8912713997342457
3701,0.8905402298878584
3702,0.88938805814048
3703,0.8882202621604078
3704,0.8864146149879825
3705,0.8846433859486916
3706,0.8819795518924106
3707,0.8796641656120484
3708,0.8764310724660139
3709,0.8744077071703371
3710,0.8721869757304616
3711,0.8722755362349727
3712,0.8728655021373682
3713,0.8758101696597712
3714,0.8785240118445796
3715,0.8822808601114606
3716,0.884942455858669
3717,0.8875635526068839
3718,0.8892120014389826
3719,0.8905835058129448
3720,0.8914071090054095
3721,0.8920587705229911
3722,0.892431855640617
3723,0.8927322452370572
3724,0.8928894948007211
3725,0.8930245663189538
3726,0.8930881375697854
3727,0.8931513166162808
3728,0.8931741961783982
3729,0.8932020785962675
3730,0.8931977282926399
3731,0.8931996218000198
3732,0.893165943249447
3733,0.8931331392973905
3734,0.8930425336029878
3735,0.892927615093956
3736,0.8926897524304138
3737,0.8923498725707045
3738,0.8917095218136362
3739,0.8907315434061145
3740,0.8889628557133192
3741,0.8861601168899819
3742,0.8813788581465288
3743,0.8741262712813431
3744,0.8638199263249585
3745,0.8520918888710814
3746,0.8438224400134181
3747,0.8450078330609009
3748,0.8557218398548926
3749,0.8726915748694433
3750,0.8832936862237368
3751,0.8905994134702735
3752,0.8927651092345008
3753,0.89177768383036
3754,0.8879625620912983
3755,0.880161623944813
3756,0.8749289280245248
3757,0.8654684800821816
3758,0.8641841071745332
3759,0.8656022075204665
3760,0.8739276697218381
3761,0.8798361605145146
3762,0.8872230968307848
3763,0.8912416933622169
3764,0.8930479349794994
3765,0.8928072248062084
3766,0.891493788293014
3767,0.8897963610308569
3768,0.8867031626948934
3769,0.8820702330230398
3770,0.8766235242459167
3771,0.8690833824458416
3772,0.8617112463429853
3773,0.8579927977278281
3774,0.8589102770841892
3775,0.8692799035571899
3776,0.8803679071302988
3777,0.8890283114887374
3778,0.8926237245603607
3779,0.8924954142071427
3780,0.8898163261161689
3781,0.8848262931519635
3782,0.8791419240379844
3783,0.8697420706976559
3784,0.8708226909850132
3785,0.8714182846132296
3786,0.8775193682722277
3787,0.883607725380342
3788,0.8889524740655049
3789,0.8917471139210261
3790,0.8931065171127728
3791,0.8927902377871683
3792,0.8910442745249104
3793,0.8892821455855601
3794,0.8870894228318723
3795,0.8851120365166588
3796,0.8829142660325868
3797,0.8806874316987805
3798,0.8794603765689682
3799,0.8786509478088378
3800,0.8781075534394347
3801,0.8803905371895684
3802,0.8828321272965411
3803,0.8861499878498401
3804,0.8888762064757888
3805,0.8909919536230594
3806,0.892364475213347
3807,0.8930879314144216
3808,0.8932611185323798
3809,0.8931108109408524
3810,0.8927207378092291
3811,0.8920573214366384
3812,0.8914496122575787
3813,0.8907086126286795
3814,0.8903417755892323
3815,0.8897689371004346
3816,0.8894637386178591
3817,0.8890988926817379
3818,0.8890180128008071
3819,0.8888082182747391
3820,0.888944398285306
3821,0.8887806615748745
3822,0.888918164620058
3823,0.8887694918058718
3824,0.8888028101495135
3825,0.888650534726003
3826,0.888616264399967
3827,0.8883429688541449
3828,0.8882088415438348
3829,0.8877353740591517
3830,0.8873837380502041
3831,0.8866677445899983
3832,0.8859902011208396
3833,0.8850575813175525
3834,0.8842740633343906
3835,0.8833353374877324
3836,0.8828931290642815
3837,0.8823386743564884
3838,0.8825809005144656
3839,0.8827408060153529
3840,0.8837084856830427
3841,0.8845346655432803
3842,0.8859126020775512
3843,0.8869342686053685
3844,0.8882556902724003
3845,0.8891207262715614
3846,0.890115887816208
3847,0.8907273240699881
3848,0.8913626701393419
3849,0.8917350990420623
3850,0.8921062831030626
3851,0.8923048920336895
3852,0.8925092849351385
3853,0.8925857604658868
3854,0.8926761510041236
3855,0.8926602798714026
3856,0.8926569292686068
3857,0.892544375279665
3858,0.8924250403118542
3859,0.8921546519978736
3860,0.8918286616489857
3861,0.8912388319643715
3862,0.8904800943771535
3863,0.8892054341201975
3864,0.8875015323859872
3865,0.8848307291393718
3866,0.8813219694584306
3867,0.8765135330605204
3868,0.8710802115946397
3869,0.8657444090887904
3870,0.8627271690562845
3871,0.8630867004709553
3872,0.8686013463034864
3873,0.8747743447276636
3874,0.8828055348661377
3875,0.8873593884686065
3876,0.891047516638393
3877,0.8926967673992456
3878,0.8932830937290954
3879,0.8929384364416072
3880,0.8918533646034483
3881,0.8905506173423805
3882,0.8884018879098
3883,0.8865823349135602
3884,0.8838089387714677
3885,0.8822251419507134
3886,0.8799865725756959
3887,0.8802936510443458
3888,0.8799026230680005
3889,0.8821831267563691
3890,0.8836741931713468
3891,0.8856228794673551
3892,0.8870794682094949
3893,0.8882369543270648
3894,0.8891305415994822
3895,0.8897942683493232
3896,0.8900832213407331
3897,0.8903839877207061
3898,0.8903640183774808
3899,0.8903568975897653
3900,0.8899940630792287
3901,0.8894135440596986
3902,0.8884872860386516
3903,0.8871471616518427
3904,0.8853057446412497
3905,0.8830175724709856
3906,0.8801449147446792
3907,0.877485470564468
3908,0.8748547004329051
3909,0.8736971411287732
3910,0.8736730950286221
3911,0.8760057404701924
3912,0.8786096882584348
3913,0.8828821507568229
3914,0.8855850605659329
3915,0.8887616873841127
3916,0.8904956517445584
3917,0.8919772719229458
3918,0.8927399265631867
3919,0.8931869956442469
3920,0.8933681808243832
3921,0.8934064376444273
3922,0.8933292340415291
3923,0.8931080822316447
3924,0.8928225353955243
3925,0.8924027532050485
3926,0.8919558967997784
3927,0.8912683842411201
3928,0.890575207121109
3929,0.8894115667598451
3930,0.8883563148805554
3931,0.8865247310747512
3932,0.8847608449473868
3933,0.882052151218548
3934,0.8793856814792615
3935,0.8761998483837327
3936,0.8737631884153543
3937,0.8718257672647632
3938,0.8721252351274427
3939,0.8733169547090209
3940,0.8769609453627942
3941,0.8801756828767758
3942,0.8843590957201369
3943,0.8870483963425032
3944,0.8896559000684402
3945,0.891125970645641
3946,0.8922929456654396
3947,0.8929107699876904
3948,0.8932862538565267
3949,0.8934281680909598
3950,0.8934356869437385
3951,0.8933508727623753
3952,0.8931556927620721
3953,0.8929173201238042
3954,0.8925346927123662
3955,0.8921170905588462
3956,0.8914651392189086
3957,0.8907557760383815
3958,0.8896052142664156
3959,0.8883603491133814
3960,0.8863302604575125
3961,0.88415374538793
3962,0.8808983983723041
3963,0.8776025818842472
3964,0.8736915271495965
3965,0.870642416667136
3966,0.8687600140929684
3967,0.8694584349585134
3968,0.8718600465203288
3969,0.876919970454016
3970,0.8807407486100255
3971,0.8856525753614564
3972,0.8881521267407851
3973,0.8907264187980042
3974,0.892035897462525
3975,0.892960881350442
3976,0.8933193792368851
3977,0.893372338996379
3978,0.8932641501166355
3979,0.8930290017709095
3980,0.892752519945718
3981,0.8922203623903704
3982,0.8916171872479528
3983,0.8907028273921561
3984,0.8897230370257967
3985,0.8883104539915452
3986,0.886859802813192
3987,0.8846132838778462
3988,0.8826366639044618
3989,0.8796066863467257
3990,0.8773622522034489
3991,0.8746543007518723
3992,0.8731738528313302
3993,0.872801557943877
3994,0.8739683180093525
3995,0.8763788007921681
3996,0.8800186919839443
3997,0.8826319710544451
3998,0.8861007387686122
3999,0.887702617542451
4000,0.889934082434816
4001,0.8910691963701396
4002,0.8921808466181252
4003,0.8927111393357152
4004,0.8930186363545847
4005,0.8931627993012433
4006,0.8933018341347235
4007,0.8934315578281555
4008,0.8935226646437895
4009,0.8935358786575412
4010,0.8934735137446446
4011,0.8933894256645214
4012,0.8932900385443622
4013,0.8931925847784158
4014,0.8930122593754561
4015,0.8927541030083294
4016,0.8922642293278408
4017,0.8916399469106289
4018,0.8905172718671182
4019,0.8890385116144491
4020,0.8864350418499328
4021,0.8826531814787344
4022,0.8769333867221438
4023,0.8687420332716158
4024,0.8606288933932414
4025,0.8526571427738766
4026,0.853593228863494
4027,0.8611747388098838
4028,0.8687977080934313
4029,0.8801281205601894
4030,0.881847547457836
4031,0.8863510344174681
4032,0.889570572474496
4033,0.8924963623588916
4034,0.8931389681055693
4035,0.8916557502430226
4036,0.8899178341168019
4037,0.8885028811162481
4038,0.8887955624781859
4039,0.887261329840475
4040,0.8853723736021099
4041,0.8820182779327999
4042,0.879287196344136
4043,0.8775740653906493
4044,0.8774239169616194
4045,0.8771310609865371
4046,0.8797550367902037
4047,0.8811327836074758
4048,0.8840183650416352
4049,0.8857997190465089
4050,0.8874659252157425
4051,0.8886635509277439
4052,0.88951400882275
4053,0.8902111570595127
4054,0.890672611480999
4055,0.8908861488555282
4056,0.8909535422815269
4057,0.8906881296529247
4058,0.8904889035327576
4059,0.889908719809613
4060,0.8893742021521334
4061,0.8883469380411508
4062,0.887107762623871
4063,0.8854379081189647
4064,0.8833993206046359
4065,0.8811841361376705
4066,0.8789447094909876
4067,0.8768019473505414
4068,0.8760798036090607
4069,0.8753852475212843
4070,0.8776942339262442
4071,0.8790646367637336
4072,0.8829376232163462
4073,0.8850852530656013
4074,0.8881401223455127
4075,0.8898361269818846
4076,0.8913930773758056
4077,0.8922667273957239
4078,0.892887186629316
4079,0.8932225327704272
4080,0.8934305606512338
4081,0.8935305639163413
4082,0.8935607296989302
4083,0.8935349844922436
4084,0.8934301713308612
4085,0.8932835323732212
4086,0.8930366175276279
4087,0.8927215648165934
4088,0.8922226661581176
4089,0.8915184045687339
4090,0.8903867488851975
4091,0.8886910190434282
4092,0.8860372161553965
4093,0.8820899602827575
4094,0.876678182019424
4095,0.8694858987741861
4096,0.8630825945967554
4097,0.8582681336704198
4098,0.8599271642580594
4099,0.867362835252504
4100,0.8728554903412714
4101,0.8817268340806516
4102,0.8831545563675907
4103,0.8868231394972806
4104,0.8893612330436854
4105,0.8921496898515499
4106,0.8933499063773099
4107,0.8927762051713981
4108,0.891358950828883
4109,0.890035345295944
4110,0.8900508744396363
4111,0.8898183684779377
4112,0.8897987130032062
4113,0.8882339183481862
4114,0.8861634831284572
4115,0.8841080592801006
4116,0.8817177923098796
4117,0.8804587675561126
4118,0.8789295027795758
4119,0.8775933548491975
4120,0.877791452904989
4121,0.8767755241988044
4122,0.8799675336209702
4123,0.8813731705150935
4124,0.8851929356490345
4125,0.8872172033641255
4126,0.8887255830322578
4127,0.889570253860094
4128,0.8899723352007181
4129,0.8905986742243299
4130,0.8911508524900615
4131,0.8916563348476776
4132,0.8919148472846414
4133,0.8917906953200595
4134,0.8917496940633565
4135,0.8914822090578037
4136,0.8915891034944383
4137,0.8913789130624731
4138,0.8911599397588332
4139,0.890461694090485
4140,0.8893843252979623
4141,0.8880583099435709
4142,0.8861572277692051
4143,0.8841632105420031
4144,0.8814445233143182
4145,0.8783063038152974
4146,0.8757243106509462
4147,0.8721527595513449
4148,0.8727916495381842
4149,0.8722505513667099
4150,0.8765806793922809
4151,0.8794363870257477
4152,0.8836145245681408
4153,0.8866361153041646
4154,0.8891648182034043
4155,0.8909613448846431
4156,0.8922565918489974
4157,0.893003221474015
4158,0.8934231874267342
4159,0.893542317143272
4160,0.8935107031488557
4161,0.8933871593415814
4162,0.8931728154593473
4163,0.8928934462911101
4164,0.8924375195679981
4165,0.89190253831747
4166,0.8910214483516548
4167,0.8901446941098873
4168,0.8886180936144704
4169,0.8872075613868337
4170,0.8846686044035864
4171,0.8820912993709578
4172,0.8781693815314906
4173,0.8736468522220853
4174,0.8696432371484942
4175,0.8656226254644916
4176,0.8670631911031549
4177,0.8705440298339979
4178,0.8758167109573654
4179,0.8813709260275444
4180,0.879395769958641
4181,0.8817484629140886
4182,0.8824349113878409
4183,0.88655731963692
4184,0.8892974048577054
4185,0.8916381078923931
4186,0.8908958686547952
4187,0.8892221611828115
4188,0.8887172516536312
4189,0.8895902467218263
4190,0.8917574316791128
4191,0.8929792609192476
4192,0.8928846205019978
4193,0.8919665190774382
4194,0.8912094055926784
4195,0.8918688556045459
4196,0.8928234310265342
4197,0.8936278256439678
4198,0.8933834307359952
4199,0.8928042698096826
4200,0.89244874857048
4201,0.8924745098609617
4202,0.8931995802471587
4203,0.893525152563091
4204,0.8935709423014224
4205,0.8932713099877104
4206,0.8929394096624335
4207,0.8930723055123555
4208,0.893179641308675
4209,0.8934233789258639
4210,0.8931699908177796
4211,0.8925151512611966
4212,0.8914702808009584
4213,0.8895520520657475
4214,0.8865317239363686
4215,0.8801172807325474
4216,0.8693112643579453
4217,0.8520208917641298
4218,0.8348874092616844
4219,0.8285040246241674
4220,0.842176084901309
4221,0.8673179776916747
4222,0.8737288812268809
4223,0.8837641123083434
4224,0.8855351732513924
4225,0.8895039276673845
4226,0.8907342411590194
4227,0.8872302450382459
4228,0.8789852838366432
4229,0.8598708810233616
4230,0.870536116540805
4231,0.8731244666773756
4232,0.8801425756108393
4233,0.8766136325359896
4234,0.8764053248486096
4235,0.8845677972066268
4236,0.8801971823421494
4237,0.8875174562595836
4238,0.8747501530535448
4239,0.8669759498530863
4240,0.8767412614642065
4241,0.8534654620776966
4242,0.8319381826114337
4243,0.7383282367870903
4244,0.8228944714660298
4245,0.7999354293162758
4246,0.8537097893196218
4247,0.753310538094887
4248,0.8380087762458465
4249,0.6971776621238102
4250,0.48802204382400277
4251,0.5402979180976494
4252,0.6626278944680021
4253,0.09130029166459015
4254,0.6459106117253184
4255,0.8221500446743706
4256,0.24228217063632454
4257,0.007034812273615658
4258,0.01105014114801467
4259,0.48602426879449984
4260,2.1461985954740526e-05
4261,0.003902175117739703
4262,1.1743491726847928e-22
4263,1.8371326452113625e-135
4264,6.7046334481805e-311
4265,6.106263767630545e-08
4266,5.681024642518802e-62
4267,6.896336303321677e-59
4268,4.673335476812451e-11
4269,2.3057320358904318e-05
4270,0.0
4271,0.0
4272,0.0
4273,0.0
4274,0.0
4275,0.0
4276,2.4199277314150406e-155
4277,4.4022756859430306e-55
4278,1.9476292005651644e-35
4279,8.000347589154043e-05
4280,3.0614081991704634e-11
4281,2.023183753943259e-24
4282,2.294006056089548e-34
4283,5.928019986221046e-51
4284,6.860869151104607e-83
4285,6.474232620478495e-162
4286,4.3281753557364437e-247
4287,1.1226423716806213e-180
4288,5.689882754925514e-26
4289,5.779993741194011e-07
4290,3.0499307281403676e-18
4291,1.4255844484948666e-78
4292,0.011326445980590287
4293,0.0
4294,0.0
4295,0.0
4296,0.0
4297,0.0
4298,0.0
4299,0.0
4300,0.0
4301,0.0
4302,0.0
4303,1.278200595176079e-95
4304,6.63378702286154e-91
4305,0.0
4306,0.0
4307,0.0
4308,0.0
4309,0.0
4310,0.0
4311,0.0
4312,8.063845576178028e-102
4313,0.0
4314,0.0
4315,0.0
4316,0.0
4317,0.0
4318,2.3914853418567518e-70
4319,2.3702605461619147e-202
4320,6.915078105805237e-121
4321,7.548481199548527e-05
4322,3.971329339159613e-226
4323,0.0
4324,0.0
4325,0.0
4326,0.0
4327,0.0
4328,0.0
4329,0.0
4330,0.0
4331,0.0
4332,2.1898806885272337e-232
4333,9.136313105983229e-213
4334,0.0
4335,0.0
4336,0.0
4337,0.0
4338,0.0
4339,0.0
4340,0.0
4341,6.092621230084778e-44
4342,4.647057138480011e-185
4343,3.3087585155049886e-169
4344,2.003984915539666e-55
4345,1.3933565043860176e-11
4346,0.0028267990986588377
4347,3.8299301102736616e-14
4348,2.1106483376951473e-22
4349,2.796842739138718e-32
4350,8.1023405818676e-40
4351,1.1632197087750105e-21
4352,6.578435816892568e-07
4353,4.0898847499740656e-16
4354,5.436611767938994e-10
4355,0.13927769301548143
4356,3.904961911981719e-07
4357,1.0405981608003627e-17
4358,6.028265683179935e-24
4359,2.8040540113062696e-42
4360,4.4808067517698335e-94
4361,1.5689763461679237e-144
4362,1.7623688857594736e-73
4363,0.13194445871825403
4364,0.0017649445659180304
4365,3.4313408958268856e-17
4366,9.686946963545224e-14
4367,0.140059647396106
4368,0.0726427964665676
4369,1.0546962866322756e-11
4370,1.2762457482454287e-07
4371,6.969209760585878e-17
4372,9.590126218203784e-12
4373,0.0034966802378521636
4374,3.21441969913531e-05
4375,1.3651407122528316e-11
4376,4.081677501770094e-10
4377,0.0014677142845613248
4378,0.011722822904014264
4379,0.18625285677972353
4380,0.000122492853415893
4381,9.649227742463917e-06
4382,0.041192206552521975
4383,6.076981242866073e-05
4384,2.258639436144962e-12
4385,3.631635489749126e-11
4386,0.00015268584418493667
4387,0.2441315448626653
4388,0.004067469346700792
4389,3.75475439756756e-08
4390,2.057605375155022e-17
4391,7.657394873430979e-26
4392,1.0106193772112313e-17
4393,3.969412126352283e-07
4394,5.424444962153946e-55
4395,2.682294422858374e-57
4396,2.032216451005784e-20
4397,0.05621970008411002
4398,0.042587454618031685
4399,0.004916179580826231
4400,2.79676230517804e-10
4401,5.723800764227634e-17
4402,0.21526115565632165
4403,9.333622233526677e-41
4404,0.0
4405,0.0
4406,0.0
4407,0.0
4408,0.0
4409,0.0
4410,0.0
4411,0.0
4412,2.6228361647173695e-172
4413,1.2309402668960116e-14
4414,1.6319155374463407e-17
4415,0.00018728661349341692
4416,8.503115499906517e-10
4417,3.564669043655474e-24
4418,7.390009590905176e-48
4419,2.363849116366049e-41
4420,1.7649534550200176e-25
4421,8.76637317364194e-15
4422,3.733817366165704e-07
4423,0.0058885745874955025
4424,0.029528145293679284
4425,5.0497900585324816e-12
4426,0.004912964375320974
4427,9.01558871269238e-98
4428,0.0
4429,0.0
4430,0.0
4431,0.0
4432,0.0
4433,1.8187339984634605e-183
4434,6.719270884517356e-37
4435,3.698178611725859e-05
4436,3.838838847057313e-06
4437,7.697849261917978e-07
4438,0.01996825573904526
4439,2.5693044677469135e-05
4440,0.0026398797253926833
4441,0.054467164501881604
4442,0.2108171387887895
4443,0.34705238122609783
4444,0.0022978109725286344
4445,5.764010593480475e-07
4446,1.2433537585558784e-09
4447,0.00026530734411784365
4448,1.959867661291781e-06
4449,5.398082451033653e-29
4450,1.9126250483429638e-48
4451,5.3206275774767946e-49
4452,3.286521810469872e-33
4453,1.3846027458864745e-14
4454,0.00022703787015874717
4455,0.006118353714434736
4456,0.02826593012261381
4457,0.007413013212268383
4458,0.005153894377815439
4459,0.2575231038716576
4460,3.433381863498405e-07
4461,0.0035167916113332813
4462,2.7454003803310053e-21
4463,6.20817566867034e-47
4464,1.3388840858614996e-60
4465,2.5067829232461593e-41
4466,0.05064292570588319
4467,2.21399748718565e-13
4468,5.107707338237547e-13
4469,7.250909914994127e-05
4470,6.853170870500164e-20
4471,8.761680503888561e-42
4472,4.624715844715757e-06
4473,2.537216646272773e-14
4474,6.284807939890723e-26
4475,1.5206359756924518e-17
4476,1.0556249591123179e-05
4477,0.15628308007360625
4478,1.0077803596098739e-29
4479,4.1600239830103855e-57
4480,1.0984501877156987e-43
4481,7.636467336178773e-18
4482,1.1307566326576012e-07
4483,7.564539214385799e-06
4484,2.9092313223226195e-06
4485,1.1780127710464848e-08
4486,1.055504183461038e-06
4487,0.0008869101278367465
4488,0.05551320681684884
4489,0.056452880430584225
4490,0.04543039676902883
4491,4.742815631691778e-08
4492,6.5431582021758424e-06
4493,0.0012927082543838918
4494,0.0017268582007117306
4495,0.0009702656925365758
4496,0.0009760438930847298
4497,2.692591005948513e-12
4498,0.18875813498315275
4499,0.013561176305490873
4500,0.012058461319826347
4501,0.0004296553621938936
4502,0.04298816539019355
4503,2.263197719965292e-13
4504,2.050712910961098e-06
4505,0.00014697446823717724
4506,6.576163478520337e-06
4507,0.00016012899802710627
4508,0.0030015520296855767
4509,0.002726973612926519
4510,1.704610153447509e-05
4511,2.084684619034241e-07
4512,2.2697846440899947e-07
4513,1.4550317693439084e-05
4514,0.001393678798215411
4515,0.0027398941354729715
4516,5.2348129593520344e-05
4517,0.02934557888750892
4518,2.7681611268331685e-17
4519,6.11518314181955e-59
4520,2.4701353328575816e-90
4521,6.326520779643947e-91
4522,1.9029269410193675e-64
4523,9.815247080204283e-30
4524,2.9473654669406646e-06
4525,0.06479506147164904
4526,0.0008727554546728675
4527,0.0004949396300414898
4528,0.008428822316961283
4529,0.0545223644123937
4530,0.008159835411715595
4531,0.016213993715815767
4532,0.021622326320383186
4533,0.10692428626047527
4534,0.015852029724726067
4535,0.18146100862757403
4536,0.15434196574803072
4537,0.015295259732292956
4538,0.009312483296497703
4539,0.4533604001808621
4540,0.15432989053845825
4541,0.4159436410998347
4542,0.5499521465850998
4543,0.4749850066622427
4544,0.5399155616846221
4545,0.47361703303104935
4546,0.41977308423119175
4547,0.5106021109076003
4548,0.5628926611382861
4549,0.5259382998056953
4550,0.5825918682991311
4551,0.6032359464301084
4552,0.5826060384446518
4553,0.5981396629628623
4554,0.6477956030093077
4555,0.6501872983077615
4556,0.7061325315286655
4557,0.7486232880844257
4558,0.7445133179333936
4559,0.5921622403454896
4560,0.32818664136321546
4561,0.7001724052542609
4562,0.8236736400416936
4563,0.740486174798337
4564,0.7452306438292249
4565,0.7989766157234467
4566,0.7714072956380622
4567,0.7992861411057844
4568,0.8030954227624566
4569,0.7894252173999996
4570,0.8353664826238544
4571,0.8254670856874378
4572,0.8089204616028327
4573,0.8257450675791869
4574,0.8169957399829288
4575,0.846360900004408
4576,0.8435124028304795
4577,0.8380228783734903
4578,0.844178689088386
4579,0.8364586747665524
4580,0.8508746228335583
4581,0.848356399958573
4582,0.8498194056982308
4583,0.8541838087154491
4584,0.853978202177015
4585,0.8596888565885306
4586,0.8533879019666131
4587,0.8595494990224605
4588,0.8613740068270747
4589,0.8643006205634571
4590,0.8650108819179446
4591,0.8618235375656734
4592,0.8650733034923757
4593,0.8640547324173257
4594,0.8666828456461423
4595,0.865978298629344
4596,0.866931726991948
4597,0.8689238900199896
4598,0.8680848078564427
4599,0.8692619898072145
4600,0.8686255588854903
4601,0.8706546575213341
4602,0.871456043045871
4603,0.8716174461896721
4604,0.8722551766863947
4605,0.8720096780432388
4606,0.873133954733222
4607,0.8728721563250231
4608,0.8733394952886835
4609,0.8738664348066139
4610,0.8742069895165203
4611,0.8747118336246031
4612,0.8744334878624045
4613,0.8750336985804213
4614,0.8753939855533719
4615,0.8757327383791982
4616,0.8760978259017129
4617,0.8762333273116817
4618,0.8767550448753593
4619,0.8768189640362779
4620,0.8770480402607236
4621,0.8773380121696912
4622,0.8775897754716816
4623,0.8779111596461702
4624,0.8779651993307784
4625,0.8782305642971528
4626,0.8784354840533801
4627,0.8786013284083017
4628,0.8788254090800055
4629,0.8789776073340068
4630,0.879230680580756
4631,0.8793586737338638
4632,0.8794916234969615
4633,0.8796771371307388
4634,0.879818083569447
4635,0.8799999126194936
4636,0.8801198036717298
4637,0.8802709374003725
4638,0.8804224589930021
4639,0.8805277497879956
4640,0.8806693056043541
4641,0.8807941327799694
4642,0.880934385670346
4643,0.8810549248559404
4644,0.8811564158085958
4645,0.8812828410626291
4646,0.8813831933395029
4647,0.881486460517175
4648,0.8815905457184389
4649,0.8816899373239775
4650,0.8817917044657986
4651,0.8818739597768913
4652,0.8819652573015934
4653,0.8820547763516945
4654,0.8821354762260649
4655,0.8822207315101696
4656,0.8822992591938721
4657,0.8823792748644407
4658,0.8824538707337031
4659,0.8825246930476841
4660,0.8825995431452596
4661,0.882668622786773
4662,0.8827376415592936
4663,0.8828046263885635
4664,0.8828693060489574
4665,0.8829348606470838
4666,0.8829960178711239
4667,0.8830578055760889
4668,0.8831190237917971
4669,0.8831772053719602
4670,0.8832348614274753
4671,0.8832905943622867
4672,0.8833462669936689
4673,0.8834001847029395
4674,0.8834523013045259
4675,0.883504899015288
4676,0.8835552579544608
4677,0.8836043331971922
4678,0.8836530547618979
4679,0.8837006960398482
4680,0.8837475965424899
4681,0.883793209466751
4682,0.8838384016950115
4683,0.883882697496362
4684,0.8839256859989015
4685,0.8839685723631613
4686,0.8840107173013149
4687,0.8840521241601499
4688,0.8840931376131508
4689,0.8841334558234407
4690,0.8841733244031138
4691,0.8842126214192283
4692,0.8842515395490718
4693,0.8842901078679112
4694,0.8843281111392104
4695,0.8843658050223554
4696,0.8844029613894906
4697,0.8844396184329355
4698,0.884475991036321
4699,0.8845118667128494
4700,0.8845473667795247
4701,0.8845825498331968
4702,0.8846173253776427
4703,0.8846517174930889
4704,0.8846857624121975
4705,0.884719545129171
4706,0.8847529744561283
4707,0.8847860874833678
4708,0.884819006416564
4709,0.8848515901245936
4710,0.8848838646367168
4711,0.8849159344438068
4712,0.8849477317270229
4713,0.8849792543043561
4714,0.8850105623879838
4715,0.8850416672562507
4716,0.8850725193207493
4717,0.885103141119983
4718,0.8851335911031335
4719,0.8851638113343528
4720,0.8851938117724159
4721,0.8852236556865033
4722,0.8852533009893309
4723,0.8852827384458359
4724,0.8853120059464274
4725,0.88534109088173
4726,0.8853699753215505
4727,0.8853986830452141
4728,0.8854272303804818
4729,0.8854555925507859
4730,0.8854837775318016
4731,0.8855118084021196
4732,0.8855396614572423
4733,0.885567340424774
4734,0.8855948728227859
4735,0.8856222477050745
4736,0.8856494622668928
4737,0.8856765351519599
4738,0.8857034632194788
4739,0.8857302367876588
4740,0.8857568695041255
4741,0.8857833697565209
4742,0.885809726372222
4743,0.8858359456680764
4744,0.8858620374187348
4745,0.8858879889284096
4746,0.885913800625342
4747,0.8859394846927525
4748,0.8859650355492859
4749,0.8859904510269558
4750,0.8860157413946033
4751,0.886040905171034
4752,0.8860659363103915
4753,0.8860908422095518
4754,0.8861156271703802
4755,0.8861402860176666
4756,0.8861648234298438
4757,0.8861892453873471
4758,0.8862135463517539
4759,0.8862377267471613
4760,0.8862617928730786
4761,0.8862857422569252
4762,0.8863095740253013
4763,0.8863332940455082
4764,0.8863569019260696
4765,0.886380394665767
4766,0.8864037760199426
4767,0.8864270477030823
4768,0.8864502071202511
4769,0.8864732570090775
4770,0.8864962004393265
4771,0.8865190349435975
4772,0.886541761053067
4773,0.886564381741882
4774,0.8865868956145571
4775,0.8866093025217332
4776,0.886631605637565
4777,0.886653804799624
4778,0.8866758989403302
4779,0.8866978902512003
4780,0.8867197793711196
4781,0.8867415652525042
4782,0.8867632497951529
4783,0.8867848346662867
4784,0.8868063190717406
4785,0.8868277039931907
4786,0.8868489911153876
4787,0.8868701798950726
4788,0.886891270819585
4789,0.8869122657833517
4790,0.8869331648183092
4791,0.8869539678985434
4792,0.886974676442179
4793,0.8869952906507471
4794,0.8870158101934699
4795,0.8870362362768446
4796,0.8870565696246299
4797,0.8870768099929334
4798,0.8870969582289501
4799,0.8871170151543957
4800,0.887136980542946
4801,0.887156854978234
4802,0.8871766395148464
4803,0.8871963342566331
4804,0.887215939619231
4805,0.8872354565865138
4806,0.8872548853432354
4807,0.8872742260741225
4808,0.8872934796843042
4809,0.8873126466096951
4810,0.8873317270289532
4811,0.8873507217197885
4812,0.8873696311819536
4813,0.8873884554992513
4814,0.8874071952745265
4815,0.8874258511212727
4816,0.8874444232260157
4817,0.8874629121126062
4818,0.8874813184189464
4819,0.887499642337434
4820,0.8875178842352579
4821,0.8875360447280545
4822,0.8875541241033602
4823,0.887572122696803
4824,0.887590041106479
4825,0.8876078796609341
4826,0.8876256386116158
4827,0.8876433184807362
4828,0.8876609196571293
4829,0.8876784424139083
4830,0.8876958872598043
4831,0.887713254635352
4832,0.8877305448043187
4833,0.8877477582027952
4834,0.8877648952816493
4835,0.887781956331364
4836,0.8877989417671438
4837,0.8878158520582562
4838,0.887832687506461
4839,0.8878494484665248
4840,0.8878661353759808
4841,0.8878827485471379
4842,0.8878992883163669
4843,0.8879157551195882
4844,0.8879321492912655
4845,0.8879484711416517
4846,0.887964721072403
4847,0.8879808994222255
4848,0.8879970064955842
4849,0.8880130426874797
4850,0.8880290083581939
4851,0.8880449038112807
4852,0.8880607294155339
4853,0.8880764855264727
4854,0.8880921724441856
4855,0.8881077905247559
4856,0.8881233401319096
4857,0.8881388215711233
4858,0.8881542351788924
4859,0.8881695813063273
4860,0.8881848602536357
4861,0.8882000723435233
4862,0.8882152179261414
4863,0.8882302973094897
4864,0.8882453108075758
4865,0.8882602587597459
4866,0.8882751414703323
4867,0.8882899592429726
4868,0.8883047124109156
4869,0.8883194012830873
4870,0.8883340261591803
4871,0.8883485873622595
4872,0.8883630851959401
4873,0.8883775199509596
4874,0.8883918919414289
4875,0.8884062014718282
4876,0.8884204488322477
4877,0.8884346343303139
4878,0.8884487582666447
4879,0.8884628209257702
4880,0.8884768226071471
4881,0.8884907636094744
4882,0.8885046442168779
4883,0.8885184647237696
4884,0.8885322254244256
4885,0.8885459265979637
4886,0.888559568530642
4887,0.8885731515119861
4888,0.8885866758193385
4889,0.888600141734645
4890,0.8886135495430538
4891,0.888626899517743
4892,0.8886401919338242
4893,0.8886534270709445
4894,0.888666605199788
4895,0.8886797265920426
4896,0.8886927915236971
4897,0.8887058002623522
4898,0.8887187530746601
4899,0.8887316502315522
4900,0.8887444919977865
4901,0.888757278636964
4902,0.8887700104165174
4903,0.8887826875981337
4904,0.8887953104409002
4905,0.8888078792069822
4906,0.8888203941542214
4907,0.8888328555381623
4908,0.8888452636172495
4909,0.8888576186462056
4910,0.8888699208767726
4911,0.8888821705628036
4912,0.8888943679552801
4913,0.8889065133026267
4914,0.888918606855256
4915,0.8889306488611616
4916,0.8889426395654105
4917,0.8889545792142578
4918,0.8889664680518975
4919,0.8889783063199813
4920,0.8889900942613286
4921,0.8890018321171266
4922,0.889013520125975
4923,0.8890251585270461
4924,0.8890367475579893
4925,0.8890482874541425
4926,0.889059778451395
4927,0.889071220784419
4928,0.8890826146856416
4929,0.889093960387598
4930,0.8891052581215668
4931,0.8891165081167615
4932,0.8891277106024915
4933,0.8891388658070469
4934,0.8891499739567934
4935,0.8891610352779008
4936,0.8891720499954212
4937,0.8891830183325772
4938,0.8891939405123691
4939,0.8892048167568506
4940,0.8892156472864238
4941,0.8892264323211184
4942,0.8892371720799511
4943,0.8892478667803656
4944,0.8892585166394237
4945,0.8892691218733004
4946,0.8892796826967627
4947,0.8892901993241027
4948,0.8893006719686454
4949,0.8893111008423253
4950,0.8893214861565555
4951,0.8893318281218474
4952,0.8893421269474586
4953,0.8893523828420881
4954,0.8893625960134905
4955,0.8893727666681925
4956,0.889382895012131
4957,0.8893929812503493
4958,0.8894030255867793
4959,0.8894130282247542
4960,0.8894229893666853
4961,0.8894329092138873
4962,0.8894427879670405
4963,0.8894526258259323
4964,0.889462422989348
4965,0.8894721796554449
4966,0.8894818960214829
4967,0.8894915722837367
4968,0.8895012086378234
4969,0.8895108052784788
4970,0.8895203623995236
4971,0.889529880194128
4972,0.8895393588545838
4973,0.8895487985722843
4974,0.8895581995379471
4975,0.8895675619414256
4976,0.8895768859717313
4977,0.8895861718172122
4978,0.8895954196653649
4979,0.8896046297028614
4980,0.8896138021156864
4981,0.8896229370889818
4982,0.8896320348071027
4983,0.8896410954537242
4984,0.8896501192116951
4985,0.8896591062630941
4986,0.8896680567893048
4987,0.8896769709708984
4988,0.8896858489877072
4989,0.8896946910188788
4990,0.8897034972427694
4991,0.8897122678370116
4992,0.8897210029785413
4993,0.8897297028435137
4994,0.8897383676073805
4995,0.8897469974449025
4996,0.8897555925300812
4997,0.8897641530362262
4998,0.8897726791359499
4999,0.8897811710011182
5000,0.8897896288029197
5001,0.8897972112031524
5002,0.8898047651691624
5003,0.8898122909860251
5004,0.8898197889252233
5005,0.8898272592391981
5006,0.8898347021671388
5007,0.8898421179380145
5008,0.8898495067649353
5009,0.889856868848811
5010,0.8898642043832106
5011,0.8898715135504541
5012,0.8898787965236112
5013,0.8898860534715642
5014,0.8898932845560181
5015,0.8899004899319533
5016,0.889907669752699
5017,0.8899148241681882
5018,0.889921953323958
5019,0.8899290573648396
5020,0.8899361364332719
5021,0.889943190666979
5022,0.8899502202018399
5023,0.8899572251714006
5024,0.8899642057047286
5025,0.889971161928855
5026,0.8899780939691166
5027,0.8899850019471437
5028,0.889991885982859
5029,0.8899987461956318
5030,0.890005582702667
5031,0.8900123956203246
5032,0.8900191850652026
5033,0.8900259511523398
5034,0.8900326939956811
5035,0.8900394137091857
5036,0.8900461104054042
5037,0.8900527841956065
5038,0.8900594351908659
5039,0.8900660635008387
5040,0.8900726692335287
5041,0.890079252496369
5042,0.8900858133954779
5043,0.890092352035421
5044,0.8900988685202933
5045,0.8901053629532392
5046,0.890111835436079
5047,0.8901182860702874
5048,0.8901247149568225
5049,0.8901311221957933
5050,0.8901375078873054
5051,0.8901438721313442
5052,0.890150215027242
5053,0.8901565366742196
5054,0.8901628371713055
5055,0.8901691166168183
5056,0.8901753751088118
5057,0.8901816127450998
5058,0.8901878296227739
5059,0.890194025838558
5060,0.8902002014889507
5061,0.890206356669881
5062,0.8902124914770458
5063,0.890218606006103
5064,0.8902247003523215
5065,0.8902307746107551
5066,0.8902368288763799
5067,0.8902428632437626
5068,0.8902488778071782
5069,0.8902548726607576
5070,0.8902608478981932
5071,0.8902668036127924
5072,0.8902727398976169
5073,0.8902786568452522
5074,0.8902845545478689
5075,0.890290433097391
5076,0.8902962925853157
5077,0.8903021331027431
5078,0.8903079547405209
5079,0.8903137575891004
5080,0.8903195417385689
5081,0.8903253072788032
5082,0.8903310542993568
5083,0.8903367828894622
5084,0.8903424931381395
5085,0.8903481851340788
5086,0.8903538589656222
5087,0.8903595147208577
5088,0.8903651524875191
5089,0.8903707723529606
5090,0.8903763744042344
5091,0.8903819587280118
5092,0.8903875254105763
5093,0.890393074537915
5094,0.8903986061956749
5095,0.890404120469162
5096,0.8904096174434161
5097,0.8904150972031625
5098,0.8904205598328024
5099,0.8904260054164731
5100,0.8904314340380061
5101,0.8904368457809134
5102,0.890442240728434
5103,0.8904476189634914
5104,0.8904529805686823
5105,0.8904583256263215
5106,0.8904636542184133
5107,0.890468966426647
5108,0.8904742623324345
5109,0.890479542016882
5110,0.8904848055607842
5111,0.8904900530446594
5112,0.8904952845487274
5113,0.8905005001529097
5114,0.8905056999368579
5115,0.8905108839799317
5116,0.8905160523611959
5117,0.8905212051594411
5118,0.8905263424531644
5119,0.8905314643205666
5120,0.8905365708395683
5121,0.8905416620877883
5122,0.8905467381425419
5123,0.8905517990808559
5124,0.8905568449794538
5125,0.89056187591476
5126,0.8905668919629165
5127,0.8905718931997695
5128,0.8905768797008742
5129,0.8905818515415058
5130,0.8905868087966489
5131,0.8905917515410007
5132,0.8905966798489798
5133,0.890601593794714
5134,0.8906064934520433
5135,0.8906113788945254
5136,0.890616250195426
5137,0.8906211074277257
5138,0.8906259506641241
5139,0.8906307799770325
5140,0.8906355954385801
5141,0.8906403971206163
5142,0.8906451850947058
5143,0.8906499594321343
5144,0.8906547202039117
5145,0.8906594674807669
5146,0.890664201333154
5147,0.8906689218312529
5148,0.8906736290449653
5149,0.8906783230439206
5150,0.8906830038974749
5151,0.8906876716747085
5152,0.8906923264444293
5153,0.8906969682751712
5154,0.8907015972351922
5155,0.8907062133924782
5156,0.8907108168147427
5157,0.8907154075694255
5158,0.8907199857236967
5159,0.890724551344456
5160,0.8907291044983328
5161,0.8907336452516889
5162,0.8907381736706176
5163,0.8907426898209447
5164,0.8907471937682299
5165,0.8907516855777649
5166,0.8907561653145747
5167,0.8907606330434192
5168,0.8907650888287922
5169,0.8907695327349219
5170,0.8907739648257732
5171,0.890778385165046
5172,0.8907827938161773
5173,0.8907871908423413
5174,0.8907915763064495
5175,0.8907959502711522
5176,0.890800312798839
5177,0.8908046639516385
5178,0.8908090037914195
5179,0.8908133323797919
5180,0.8908176497781063
5181,0.8908219560474556
5182,0.890826251248675
5183,0.8908305354423421
5184,0.8908348086887781
5185,0.8908390710480473
5186,0.8908433225799585
5187,0.8908475633440651
5188,0.890851793399666
5189,0.8908560128058061
5190,0.890860221621277
5191,0.8908644199046175
5192,0.8908686077141144
5193,0.8908727851078034
5194,0.8908769521434691
5195,0.8908811088786457
5196,0.8908852553706179
5197,0.8908893916764209
5198,0.8908935178528413
5199,0.8908976339564173
5200,0.8909017400434394
5201,0.8909058361699511
5202,0.8909099223917495
5203,0.890913998764385
5204,0.8909180653431632
5205,0.8909221221831444
5206,0.8909261693391447
5207,0.8909302068657363
5208,0.8909342348172483
5209,0.8909382532477671
5210,0.8909422622111368
5211,0.8909462617609603
5212,0.8909502519505993
5213,0.8909542328331751
5214,0.8909582044615695
5215,0.8909621668884242
5216,0.8909661201661428
5217,0.8909700643468904
5218,0.8909739994825945
5219,0.8909779256249449
5220,0.8909818428253957
5221,0.8909857511351646
5222,0.8909896506052339
5223,0.8909935412863513
5224,0.8909974232290302
5225,0.8910012964835501
5226,0.8910051610999578
5227,0.8910090171280672
5228,0.8910128646174607
5229,0.8910167036174887
5230,0.8910205341772712
5231,0.8910243563456979
5232,0.8910281701714284
5233,0.8910319757028936
5234,0.8910357729882957
5235,0.8910395620756089
5236,0.89104334301258
5237,0.8910471158467289
5238,0.8910508806253495
5239,0.8910546373955097
5240,0.8910583862040526
5241,0.8910621270975966
5242,0.8910658601225361
5243,0.8910695853250424
5244,0.8910733027510639
5245,0.8910770124463268
5246,0.8910807144563355
5247,0.8910844088263735
5248,0.8910880956015039
5249,0.8910917748265698
5250,0.8910954465461948
5251,0.8910991108047841
5252,0.8911027676465245
5253,0.8911064171153853
5254,0.8911100592551189
5255,0.8911136941092611
5256,0.8911173217211321
5257,0.8911209421338369
5258,0.8911245553902654
5259,0.891128161533094
5260,0.8911317606047855
5261,0.8911353526475894
5262,0.8911389377035432
5263,0.8911425158144729
5264,0.8911460870219928
5265,0.8911496513675072
5266,0.8911532088922102
5267,0.8911567596370863
5268,0.8911603036429115
5269,0.8911638409502539
5270,0.8911673715994732
5271,0.8911708956307228
5272,0.8911744130839495
5273,0.891177923998894
5274,0.8911814284150921
5275,0.891184926371875
5276,0.8911884179083693
5277,0.891191903063499
5278,0.8911953818759846
5279,0.8911988543843445
5280,0.8912023206268955
5281,0.8912057806417534
5282,0.8912092344668332
5283,0.8912126821398504
5284,0.8912161236983209
5285,0.8912195591795622
5286,0.8912229886206935
5287,0.8912264120586365
5288,0.8912298295301162
5289,0.8912332410716612
5290,0.8912366467196042
5291,0.8912400465100832
5292,0.8912434404790411
5293,0.8912468286622276
5294,0.8912502110951985
5295,0.8912535878133172
5296,0.891256958851755
5297,0.8912603242454915
5298,0.8912636840293154
5299,0.8912670382378255
5300,0.8912703869054301
5301,0.8912737300663492
5302,0.891277067754614
5303,0.8912804000040674
5304,0.8912837268483655
5305,0.8912870483209775
5306,0.8912903644551866
5307,0.8912936752840901
5308,0.8912969808406009
5309,0.8913002811574475
5310,0.8913035762671744
5311,0.8913068662021432
5312,0.8913101509945328
5313,0.8913134306763407
5314,0.8913167052793827
5315,0.8913199748352939
5316,0.8913232393755295
5317,0.8913264989313648
5318,0.8913297535338969
5319,0.891333003214044
5320,0.8913362480025468
5321,0.8913394879299691
5322,0.891342723026698
5323,0.8913459533229448
5324,0.8913491788487453
5325,0.8913523996339611
5326,0.8913556157082791
5327,0.8913588271012135
5328,0.8913620338421048
5329,0.8913652359601217
5330,0.8913684334842612
5331,0.8913716264433492
5332,0.8913748148660409
5333,0.8913779987808219
5334,0.8913811782160085
5335,0.8913843531997481
5336,0.8913875237600202
5337,0.8913906899246368
5338,0.8913938517212431
5339,0.8913970091773179
5340,0.8914001623201743
5341,0.8914033111769604
5342,0.8914064557746598
5343,0.8914095961400922
5344,0.891412732299914
5345,0.8914158642806189
5346,0.8914189921085387
5347,0.8914221158098431
5348,0.8914252354105417
5349,0.8914283509364833
5350,0.891431462413357
5351,0.891434569866693
5352,0.8914376733218629
5353,0.8914407728040801
5354,0.891443868338401
5355,0.891446959949725
5356,0.8914500476627958
5357,0.8914531315022008
5358,0.8914562114923734
5359,0.8914592876575915
5360,0.8914623600219802
5361,0.8914654286095108
5362,0.8914684934440025
5363,0.8914715545491216
5364,0.8914746119483841
5365,0.8914776656651543
5366,0.8914807157226466
5367,0.8914837621439259
5368,0.8914868049519075
5369,0.8914898441693587
5370,0.8914928798188987
5371,0.8914959119229992
5372,0.8914989405039856
5373,0.8915019655840367
5374,0.891504987185186
5375,0.891508005329322
5376,0.8915110200381885
5377,0.8915140313333857
5378,0.8915170392363707
5379,0.8915200437684576
5380,0.8915230449508187
5381,0.8915260428044844
5382,0.8915290373503446
5383,0.8915320286091486
5384,0.8915350166015059
5385,0.8915380013478869
5386,0.8915409828686233
5387,0.8915439611839087
5388,0.8915469363137992
5389,0.891549908278214
5390,0.8915528770969362
5391,0.8915558427896126
5392,0.8915588053757554
5393,0.8915617648747414
5394,0.8915647213058141
5395,0.8915676746880831
5396,0.8915706250405249
5397,0.891573572381984
5398,0.8915765167311729
5399,0.8915794581066728
5400,0.8915823965269343
5401,0.8915853320102778
5402,0.8915882645748943
5403,0.8915911942388454
5404,0.8915941210200646
5405,0.8915970449363575
5406,0.8915999660054023
5407,0.8916028842447502
5408,0.8916057996718265
5409,0.8916087123039308
5410,0.8916116221582371
5411,0.8916145292517955
5412,0.8916174336015317
5413,0.891620335224248
5414,0.8916232341366237
5415,0.8916261303552159
5416,0.8916290238964597
5417,0.8916319147766691
5418,0.8916348030120372
5419,0.8916376886186369
5420,0.8916405716124216
5421,0.8916434520092255
5422,0.8916463298247641
5423,0.8916492050746351
5424,0.8916520777743184
5425,0.8916549479391773
5426,0.8916578155844586
5427,0.8916606807252928
5428,0.8916635433766956
5429,0.8916664035535676
5430,0.8916692612706952
5431,0.8916721165427508
5432,0.8916749693842938
5433,0.8916778198097708
5434,0.8916806678335164
5435,0.8916835134697532
5436,0.891686356732593
5437,0.8916891976360367
5438,0.8916920361939754
5439,0.8916948724201904
5440,0.8916977063283542
5441,0.8917005379320304
5442,0.891703367244675
5443,0.891706194279636
5444,0.8917090190501551
5445,0.8917118415693669
5446,0.8917146618503002
5447,0.8917174799058786
5448,0.8917202957489205
5449,0.8917231093921402
5450,0.8917259208481474
5451,0.8917287301294491
5452,0.891731537248449
5453,0.8917343422174485
5454,0.8917371450486471
5455,0.8917399457541427
5456,0.8917427443459327
5457,0.8917455408359136
5458,0.8917483352358824
5459,0.8917511275575363
5460,0.8917539178124738
5461,0.891756706012195
5462,0.8917594921681019
5463,0.8917622762914991
5464,0.8917650583935943
5465,0.8917678384854987
5466,0.8917706165782273
5467,0.8917733926827
5468,0.8917761668097411
5469,0.8917789389700811
5470,0.8917817091743557
5471,0.8917844774331074
5472,0.8917872437567856
5473,0.8917900081557468
5474,0.8917927706402559
5475,0.8917955312204854
5476,0.891798289906517
5477,0.8918010467083417
5478,0.8918038016358601
5479,0.891806554698883
5480,0.8918093059071319
5481,0.8918120552702393
5482,0.8918148027977496
5483,0.8918175484991189
5484,0.8918202923837162
5485,0.8918230344608228
5486,0.8918257747396344
5487,0.8918285132292598
5488,0.8918312499387224
5489,0.8918339848769605
5490,0.8918367180528277
5491,0.891839449475093
5492,0.8918421791524417
5493,0.8918449070934759
5494,0.8918476333067145
5495,0.8918503578005941
5496,0.8918530805834689
5497,0.891855801663612
5498,0.8918585210492147
5499,0.8918612387483882
5500,0.8918639547691629
5501,0.8918666691194896
5502,0.8918693818072397
5503,0.8918720928402054
5504,0.8918748022261005
5505,0.8918775099725607
5506,0.8918802160871437
5507,0.8918829205773305
5508,0.8918856234505248
5509,0.8918883247140541
5510,0.8918910243751696
5511,0.8918937224410473
5512,0.891896418918788
5513,0.8918991138154174
5514,0.8919018071378876
5515,0.8919044988930759
5516,0.891907189087787
5517,0.8919098777287519
5518,0.8919125648226294
5519,0.8919152503760055
5520,0.8919179343953951
5521,0.8919206168872412
5522,0.8919232978579159
5523,0.8919259773137205
5524,0.8919286552608865
5525,0.891931331705575
5526,0.8919340066538788
5527,0.8919366801118201
5528,0.8919393520853544
5529,0.8919420225803666
5530,0.8919446916026768
5531,0.8919473591580342
5532,0.891950025252125
5533,0.8919526898905638
5534,0.8919553530789053
5535,0.89195801482263
5536,0.8919606751271644
5537,0.8919633339978541
5538,0.8919659914400011
5539,0.8919686474588154
5540,0.8919713020594798
5541,0.8919739552470641
5542,0.891976607026642
5543,0.8919792574031329
5544,0.8919819063815192
5545,0.8919845539665483
5546,0.8919872001631453
5547,0.891989844975842
5548,0.8919924884095711
5549,0.8919951304685596
5550,0.8919977711578793
5551,0.8920004104812671
5552,0.8920030484442043
5553,0.8920056850495511
5554,0.8920083203037616
5555,0.8920109542080034
5556,0.892013586770899
5557,0.8920162179901746
5558,0.8920188478791952
5559,0.8920214764284519
5560,0.8920241036616714
5561,0.8920267295537652
5562,0.8920293541512616
5563,0.8920319773948854
5564,0.8920345993818835
5565,0.8920372199767397
5566,0.8920398393909043
5567,0.8920424573162731
5568,0.8920450742247421
5569,0.8920476894118243
5570,0.8920503039508667
5571,0.8920529162135724
5572,0.8920555286783921
5573,0.8920581375295187
5574,0.892060748557744
5575,0.8920633526656838
5576,0.8920659634720026
5577,0.8920685587577827
5578,0.8920711703628822
5579,0.8920737417834819
5580,0.8920763444639447
5581,0.8920788232214576
5582,0.8920813138053689
5583,0.8920833240488079
5584,0.8920849224898109
5585,0.8920841623881086
5586,0.8920793774122607
5587,0.8920607737503412
5588,0.8920113116325497
5589,0.8918720226773159
5590,0.891508406428761
5591,0.8905302588087739
5592,0.8879541873685716
5593,0.8812508572023134
5594,0.8644779295777797
5595,0.8286611304176048
5596,0.7719251410772086
5597,0.7471261791670996
5598,0.8017744258264901
5599,0.8765375932195912
5600,0.8815063815727182
5601,0.831188689937918
5602,0.81070120658073
5603,0.8593665513079036
5604,0.885793125408494
5605,0.8488011715767809
5606,0.8318025457998819
5607,0.8713552716293751
5608,0.8847489738614546
5609,0.862733364989212
5610,0.8666456047328777
5611,0.8869642510878489
5612,0.88387218643368
5613,0.8710471902416437
5614,0.8849389745618902
5615,0.888030937891252
5616,0.8745144454798353
5617,0.8826182269158311
5618,0.8915432883531932
5619,0.8833478239675858
5620,0.8851722410187794
5621,0.8912227176024892
5622,0.8873375033318877
5623,0.8859764645907686
5624,0.8894951278137332
5625,0.8900949211709945
5626,0.8878934614094587
5627,0.8888469255809058
5628,0.8914615687181495
5629,0.8897278045108488
5630,0.8889704756672695
5631,0.891711677622034
5632,0.890620513675717
5633,0.8892368264454769
5634,0.8914722077386957
5635,0.8914697162279211
5636,0.8902183419865458
5637,0.8913214420465521
5638,0.891755292595249
5639,0.8910152374346716
5640,0.8911307497583609
5641,0.8917641127722425
5642,0.8916042059623988
5643,0.891208207439849
5644,0.8917047980659455
5645,0.8919787656733903
5646,0.8914588390034353
5647,0.8916732174193154
5648,0.8920646755994275
5649,0.89171033563374
5650,0.8916862241249166
5651,0.8920087294788261
5652,0.8919320580314978
5653,0.89179665171269
5654,0.8919364737794395
5655,0.8920477028301604
5656,0.8919340182829812
5657,0.8919089386209174
5658,0.8920766691074297
5659,0.8920426925869653
5660,0.891948015780425
5661,0.8920631580942795
5662,0.8921012053468674
5663,0.8920242085497863
5664,0.8920509205748021
5665,0.8921099592386026
5666,0.8920931861619286
5667,0.8920623954269403
5668,0.8920976775498213
5669,0.8921303430961673
5670,0.8920936591446449
5671,0.8920968375750653
5672,0.892140546330273
5673,0.892128301090288
5674,0.8921144704904642
5675,0.8921383345926096
5676,0.8921500225774124
5677,0.8921407277160759
5678,0.8921390260403703
5679,0.8921561847664836
5680,0.8921611932034763
5681,0.8921496199891861
5682,0.8921588944775519
5683,0.8921714625916635
5684,0.8921657874276977
5685,0.8921666541985254
5686,0.8921763034396738
5687,0.8921808714000574
5688,0.8921800091923223
5689,0.8921816346082396
5690,0.8921900191699292
5691,0.8921930446571297
5692,0.8921912745651522
5693,0.8921969988528434
5694,0.8922023477992965
5695,0.8922027134797055
5696,0.8922050539914405
5697,0.8922094188764462
5698,0.8922135056963193
5699,0.8922152200329841
5700,0.8922170610671982
5701,0.8922220605379021
5702,0.8922251893285381
5703,0.89222642569972
5704,0.8922297307906004
5705,0.8922330548591209
5706,0.89223542039544
5707,0.8922375835421494
5708,0.8922401306626503
5709,0.8922435126841621
5710,0.8922458354432614
5711,0.8922477876765126
5712,0.892251038747146
5713,0.8922539719720737
5714,0.8922563588697114
5715,0.8922589368461523
5716,0.8922616400330248
5717,0.8922645966285748
5718,0.8922671080642358
5719,0.8922694552293027
5720,0.8922723381220203
5721,0.892274948801254
5722,0.8922773598055873
5723,0.8922799943570705
5724,0.8922826383102205
5725,0.8922853833552387
5726,0.8922879552144878
5727,0.8922904839839316
5728,0.8922933241144431
5729,0.8922960212538427
5730,0.8922986009879843
5731,0.8923012568826542
5732,0.892303877191524
5733,0.8923065837809419
5734,0.8923092058736384
5735,0.8923117616715569
5736,0.8923144552047207
5737,0.8923170774171333
5738,0.8923196820977991
5739,0.8923223333614883
5740,0.8923249469235811
5741,0.892327617602487
5742,0.8923302325980861
5743,0.8923328108673844
5744,0.8923354648760142
5745,0.8923380683908504
5746,0.8923406607797613
5747,0.892343245237336
5748,0.8923457999961404
5749,0.8923484135315096
5750,0.8923509984783561
5751,0.8923535648181499
5752,0.8923561600887946
5753,0.8923587306051239
5754,0.8923613270896498
5755,0.89236391301438
5756,0.8923664738930153
5757,0.8923690595837657
5758,0.8923716189159847
5759,0.8923741807800467
5760,0.8923767474337151
5761,0.8923792924049812
5762,0.8923818553105092
5763,0.8923844022778055
5764,0.8923869464507217
5765,0.892389506399033
5766,0.8923920517469307
5767,0.8923946080428437
5768,0.8923971556953082
5769,0.892399694670935
5770,0.8924022455369931
5771,0.8924047810469233
5772,0.8924073173689051
5773,0.8924098473491889
5774,0.8924123664806725
5775,0.8924148951309747
5776,0.8924174134913595
5777,0.8924199315398371
5778,0.8924224481217095
5779,0.8924249557951208
5780,0.8924274708765955
5781,0.8924299788433515
5782,0.8924324850127612
5783,0.8924349904781249
5784,0.8924374872391013
5785,0.8924399879980126
5786,0.8924424826784544
5787,0.8924449745542836
5788,0.8924474659338957
5789,0.8924499501710936
5790,0.8924524375263256
5791,0.8924549211148758
5792,0.8924574030499126
5793,0.8924598851203391
5794,0.8924623613347441
5795,0.8924648391422502
5796,0.8924673131476928
5797,0.8924697849756601
5798,0.8924722559907733
5799,0.8924747216972027
5800,0.89247718808139
5801,0.8924796511529607
5802,0.8924821127145122
5803,0.892484573570646
5804,0.8924870304172852
5805,0.8924894878101477
5806,0.8924919424059304
5807,0.8924943959846253
5808,0.8924968484929641
5809,0.8924992974751913
5810,0.8925017461400317
5811,0.8925041916059283
5812,0.8925066357970534
5813,0.8925090782205443
5814,0.8925115176067283
5815,0.892513956374447
5816,0.8925163923462575
5817,0.8925188275508664
5818,0.8925212610366466
5819,0.8925236923032247
5820,0.8925261227310741
5821,0.8925285506058553
5822,0.8925309777286581
5823,0.8925334028350282
5824,0.8925358260891011
5825,0.8925382480379542
5826,0.892540667611559
5827,0.8925430863085143
5828,0.8925455028857042
5829,0.8925479180353666
5830,0.892550331681211
5831,0.892552743430673
5832,0.8925551542769938
5833,0.8925575631486148
5834,0.8925599708541245
5835,0.8925623767942837
5836,0.892564781083002
5837,0.8925671841120753
5838,0.8925695852309863
5839,0.8925719851670686
5840,0.8925743832087546
5841,0.8925767798616518
5842,0.8925791750301058
5843,0.8925815685636395
5844,0.8925839608464657
5845,0.8925863513105191
5846,0.892588740516353
5847,0.8925911280673312
5848,0.8925935141933621
5849,0.8925958988529044
5850,0.8925982818120811
5851,0.8926006634156324
5852,0.8926030432902827
5853,0.8926054218341636
5854,0.8926077987645251
5855,0.8926101742166774
5856,0.8926125482172023
5857,0.8926149206443968
5858,0.8926172917531999
5859,0.8926196612462323
5860,0.8926220293750822
5861,0.8926243959208792
5862,0.8926267610186125
5863,0.8926291246513801
5864,0.8926314867401114
5865,0.8926338474159639
5866,0.8926362064891712
5867,0.8926385641710566
5868,0.8926409202977126
5869,0.8926432750037464
5870,0.8926456282124834
5871,0.8926479799317094
5872,0.8926503302193013
5873,0.8926526789823469
5874,0.8926550263407029
5875,0.8926573721474635
5876,0.8926597165224157
5877,0.8926620593654427
5878,0.8926644007509215
5879,0.892666740647922
5880,0.8926690790440727
5881,0.89267141597741
5882,0.8926737513840287
5883,0.8926760853505259
5884,0.8926784177873974
5885,0.8926807487749623
5886,0.8926830782346454
5887,0.8926854062232485
5888,0.8926877327045069
5889,0.8926900576912422
5890,0.8926923811835195
5891,0.8926947031539415
5892,0.892697023641111
5893,0.8926993425991817
5894,0.8927016600830573
5895,0.8927039760345059
5896,0.8927062905042944
5897,0.8927086034428154
5898,0.8927109148904817
5899,0.8927132248133679
5900,0.8927155332293621
5901,0.8927178401222966
5902,0.8927201454928133
5903,0.8927224493460066
5904,0.8927247516667819
5905,0.892727052471827
5906,0.8927293517334144
5907,0.8927316494786592
5908,0.8927339456759048
5909,0.8927362403568302
5910,0.8927385334849577
5911,0.8927408250908679
5912,0.8927431151381349
5913,0.8927454036575827
5914,0.892747690614275
5915,0.8927499760362976
5916,0.8927522598896034
5917,0.8927545422018967
5918,0.892756822941717
5919,0.8927591021367959
5920,0.8927613797544188
5921,0.8927636558224025
5922,0.8927659303062568
5923,0.8927682032377665
5924,0.8927704745782742
5925,0.8927727443645019
5926,0.8927750125493832
5927,0.8927772791792413
5928,0.8927795441956031
5929,0.8927818076601479
5930,0.892784069495302
5931,0.892786329785838
5932,0.8927885884253499
5933,0.8927908455356711
5934,0.8927931009648207
5935,0.8927953548915976
5936,0.8927976070907385
5937,0.892799857833236
5938,0.8928021067764933
5939,0.892804354342374
5940,0.8928065999938716
5941,0.8928088444035558
5942,0.8928110867077945
5943,0.8928133280055719
5944,0.8928155668727332
5945,0.8928178051453651
5946,0.8928200404175841
5947,0.8928222758249099
5948,0.8928245072082865
5949,0.8928267400334245
5950,0.8928289669424557
5951,0.8928311976444323
5952,0.8928334188112478
5953,0.8928356479705775
5954,0.8928378603441552
5955,0.8928400879167764
5956,0.8928422831467296
5957,0.8928445043653093
5958,0.892846656316869
5959,0.8928488424579434
5960,0.8928508589268283
5961,0.8928528706524888
5962,0.89285439411604
5963,0.8928555916071695
5964,0.8928551348052584
5965,0.8928525968976364
5966,0.892843637228368
5967,0.8928238399230958
5968,0.8927765583026706
5969,0.8926755069214098
5970,0.8924490471523401
5971,0.8919574256866366
5972,0.8908748250733063
5973,0.8884976792853522
5974,0.8834361419915363
5975,0.8727437694887592
5976,0.8534356138517504
5977,0.822690800616771
5978,0.7993373538106026
5979,0.8032025152670431
5980,0.8452937617509964
5981,0.8833442927659447
5982,0.8895774352595099
5983,0.8691249677095444
5984,0.8471767487569506
5985,0.8518014293437401
5986,0.878491699377859
5987,0.892352342411608
5988,0.8833295190705882
5989,0.8670634471923421
5990,0.8633477168315652
5991,0.8810383079321735
5992,0.8924226604963997
5993,0.883945590155394
5994,0.8731394943365852
5995,0.873376587019134
5996,0.8872551944234557
5997,0.8918946332926843
5998,0.8813115478861815
5999,0.8747736205075394
6000,0.8777947952518482
6001,0.8894210875703256
6002,0.8911349057079052
6003,0.8809953167288843
6004,0.8778501098807853
6005,0.8829479612652135
6006,0.8912828703508908
6007,0.889219137689547
6008,0.8806171022059613
6009,0.8814444239659658
6010,0.8872091409313209
6011,0.8920919074026827
6012,0.8885459040072937
6013,0.8826298378853544
6014,0.8848161339700594
6015,0.889549671578506
6016,0.8922624787140675
6017,0.8886896135900783
6018,0.8852460487083348
6019,0.8878780994724896
6020,0.8912945695735411
6021,0.8921604150214937
6022,0.8891265118712448
6023,0.8875896765949032
6024,0.8899360109722185
6025,0.8921079431044071
6026,0.8922256644820051
6027,0.890079080663293
6028,0.8894772735463906
6029,0.8911476561944759
6030,0.8924763323225978
6031,0.8923297925520517
6032,0.8909029755804652
6033,0.8907472808703373
6034,0.8918543657319878
6035,0.8926743844353913
6036,0.8924928151843667
6037,0.8915692087922026
6038,0.8915192563320324
6039,0.8921978493904212
6040,0.8927579640543462
6041,0.8926547765471123
6042,0.8920628956079116
6043,0.8920050533615703
6044,0.8923957385478587
6045,0.8927970721980916
6046,0.8927742716197511
6047,0.8924061188156951
6048,0.8923212633429477
6049,0.892518354128535
6050,0.8928118236851312
6051,0.892858098200999
6052,0.8926466886194474
6053,0.8925413122801039
6054,0.8926065285613152
6055,0.8928060012383794
6056,0.8928919541481154
6057,0.8927990274959726
6058,0.8927059990716313
6059,0.8926932396165242
6060,0.8928059088061294
6061,0.8928983117227565
6062,0.89288921452641
6063,0.8928326595528825
6064,0.892784901910949
6065,0.89282155986419
6066,0.8928867763678228
6067,0.8929206223462212
6068,0.8929105501725824
6069,0.8928706890809001
6070,0.8928625365789473
6071,0.8928859014274271
6072,0.8929209045481482
6073,0.8929416452421884
6074,0.8929314516120698
6075,0.8929164295575428
6076,0.8929093213803161
6077,0.8929205030849608
6078,0.8929412826759389
6079,0.8929526453869749
6080,0.8929545117649096
6081,0.8929460754985986
6082,0.8929413255919513
6083,0.8929456846556715
6084,0.8929551109341001
6085,0.8929670429896237
6086,0.8929710404500539
6087,0.8929706861990084
6088,0.8929679162811538
6089,0.8929669634799158
6090,0.8929718095927698
6091,0.892977329303984
6092,0.8929840653636602
6093,0.8929871445495874
6094,0.8929880210864035
6095,0.8929884131823983
6096,0.8929887098815071
6097,0.8929920257863472
6098,0.8929955330006414
6099,0.893000208308205
6100,0.893003562058669
6101,0.8930056748136418
6102,0.8930072469349911
6103,0.8930080600088594
6104,0.8930101021406222
6105,0.8930122501582917
6106,0.8930154568514108
6107,0.8930184860492787
6108,0.8930213701530382
6109,0.8930238449081972
6110,0.8930257446250759
6111,0.8930276458696841
6112,0.8930293288309175
6113,0.8930314685097392
6114,0.8930336250840137
6115,0.8930361852571337
6116,0.8930385983306223
6117,0.8930411176181603
6118,0.8930433834916541
6119,0.8930455881066905
6120,0.8930476698635734
6121,0.8930496464106019
6122,0.8930517417302429
6123,0.8930537106518941
6124,0.8930559452640663
6125,0.8930580013616094
6126,0.8930603109009065
6127,0.8930624352735119
6128,0.893064721962175
6129,0.8930668736623258
6130,0.8930690715273769
6131,0.8930712102450045
6132,0.8930733145924289
6133,0.8930754363617232
6134,0.8930774816186695
6135,0.8930795920987081
6136,0.8930816046047737
6137,0.8930837127659698
6138,0.89308571074424
6139,0.8930878251129136
6140,0.8930898163146971
6141,0.8930919403453622
6142,0.8930939311938169
6143,0.8930960628784799
6144,0.8930980471516308
6145,0.8931001693048768
6146,0.8931021309885225
6147,0.8931042309084469
6148,0.893106154924404
6149,0.8931082244659705
6150,0.8931100875700739
6151,0.8931121109989547
6152,0.8931138692512544
6153,0.8931158048265898
6154,0.8931173637675177
6155,0.8931190993918708
6156,0.8931202437438313
6157,0.8931214950219875
6158,0.893121711248196
6159,0.8931217463378441
6160,0.8931197569597319
6161,0.8931166456184901
6162,0.893109113217336
6163,0.893097544644089
6164,0.893075281432942
6165,0.8930400439267342
6166,0.892976666730057
6167,0.8928726797447528
6168,0.8926895459056401
6169,0.8923789908972477
6170,0.8918362837281495
6171,0.8908943125241419
6172,0.8892732588630954
6173,0.8864583577986281
6174,0.8818900296296309
6175,0.8744760674387698
6176,0.8646527374481299
6177,0.8527071603782754
6178,0.8457587515403627
6179,0.8470770493102682
6180,0.8604862216433347
6181,0.8772917741190702
6182,0.8894298076422646
6183,0.8928589326041033
6184,0.888579280486279
6185,0.8804640281943086
6186,0.8739341409097604
6187,0.8730653067269267
6188,0.8784335694197181
6189,0.8861487718403236
6190,0.8918244260360624
6191,0.8927530454604526
6192,0.889774356260734
6193,0.8861625305398125
6194,0.8849539449926381
6195,0.887160282213181
6196,0.8905319873929564
6197,0.8927957451821511
6198,0.892877831059311
6199,0.8913339334823376
6200,0.8896914268798451
6201,0.8891830237810855
6202,0.8902065308565188
6203,0.8918170597193634
6204,0.8929418995302126
6205,0.8929620998450803
6206,0.8921678851736538
6207,0.891360735236165
6208,0.8911267698558637
6209,0.8916262799273955
6210,0.8924120549193623
6211,0.8930126182497682
6212,0.8931289311324178
6213,0.8928264362001614
6214,0.892419823439021
6215,0.8922043444300214
6216,0.8923273844477756
6217,0.8926580414587466
6218,0.8929956054461697
6219,0.8931521800059529
6220,0.8930971042887315
6221,0.8929218240836584
6222,0.8927511369491702
6223,0.8926960099249056
6224,0.8927630112191651
6225,0.8929168285074701
6226,0.8930667331932711
6227,0.8931583561844733
6228,0.8931664327833637
6229,0.8931112827413371
6230,0.8930393616965182
6231,0.8929855518274737
6232,0.8929798478732512
6233,0.8930124011513897
6234,0.8930743008642283
6235,0.8931345686002654
6236,0.8931800558572599
6237,0.8931984372864648
6238,0.8931930360906144
6239,0.8931732593531111
6240,0.8931482345054543
6241,0.8931310282846945
6242,0.8931220796526061
6243,0.8931275589774182
6244,0.8931396184684912
6245,0.8931596918872751
6246,0.8931786969674601
6247,0.8931974649489504
6248,0.8932105208352932
6249,0.8932196556390407
6250,0.8932238273874524
6251,0.89322475764198
6252,0.8932236739602948
6253,0.8932206212129902
6254,0.8932178020150041
6255,0.8932136322528493
6256,0.8932108861421391
6257,0.8932067858462036
6258,0.893204397420345
6259,0.8931999998034276
6260,0.8931969862993114
6261,0.893191102562454
6262,0.8931860271245455
6263,0.8931766456626805
6264,0.8931666370137992
6265,0.8931493182311565
6266,0.8931279905902494
6267,0.8930932602828962
6268,0.8930471290630292
6269,0.892974887911336
6270,0.8928741752544749
6271,0.892718671418074
6272,0.8924930482121394
6273,0.8921456275656907
6274,0.89162652128735
6275,0.8908300354810322
6276,0.8896218111420524
6277,0.8878047332933108
6278,0.8850975406174363
6279,0.8813115340002076
6280,0.8761964108353744
6281,0.8704052245401399
6282,0.8647508520320414
6283,0.8619330073381222
6284,0.863311075214259
6285,0.8695409275786311
6286,0.8781745371483847
6287,0.8861570927209098
6288,0.8913863046632381
6289,0.8932275549764271
6290,0.8921703246215017
6291,0.8892149955847161
6292,0.8854947106182308
6293,0.8823548824593802
6294,0.8808245983763785
6295,0.8818714072777253
6296,0.8848812226626069
6297,0.888787936147812
6298,0.8918503543935975
6299,0.8931763462933493
6300,0.8926880876119224
6301,0.8910197846198199
6302,0.8891306609028935
6303,0.8877671472351523
6304,0.8875308325743236
6305,0.888309820402823
6306,0.889876699669946
6307,0.8915158115306623
6308,0.8927392374586135
6309,0.8932083871538119
6310,0.8929589506734096
6311,0.8922763261689884
6312,0.891510725540463
6313,0.89100718883412
6314,0.8908745981407534
6315,0.8911657410016475
6316,0.8916963723705521
6317,0.8923261129020478
6318,0.8928497705337489
6319,0.8931758615403006
6320,0.8932643632325641
6321,0.8931573247285366
6322,0.8929384152473364
6323,0.892687234682115
6324,0.8924912991360483
6325,0.8923753362259707
6326,0.8923728132465044
6327,0.8924478844069045
6328,0.8925942227335285
6329,0.8927618486687223
6330,0.8929395606592284
6331,0.8930924758820767
6332,0.8932143865759996
6333,0.8932895637450633
6334,0.8933219548451559
6335,0.8933170766669724
6336,0.8932854114327955
6337,0.893239785712736
6338,0.8931820320162167
6339,0.8931216435865605
6340,0.8930530041565801
6341,0.8929870384062331
6342,0.8929151324856495
6343,0.8928468118142466
6344,0.8927654125238247
6345,0.8926754418512868
6346,0.892552529619625
6347,0.8923980537716373
6348,0.8921790627496902
6349,0.8918893999961016
6350,0.8914805541401356
6351,0.8909313564513552
6352,0.8901717572635874
6353,0.8891579013467539
6354,0.88779994153967
6355,0.8860364368796322
6356,0.8838148505351379
6357,0.8811504897361498
6358,0.8782545031324182
6359,0.87548530190367
6360,0.8735544700656117
6361,0.8731115650004931
6362,0.8746081462349088
6363,0.877907873906647
6364,0.882158036603544
6365,0.8864559210003385
6366,0.8899020072707369
6367,0.8921700146593655
6368,0.8932101414307441
6369,0.8932419007478083
6370,0.8925408424939715
6371,0.8913680622676778
6372,0.8900221141433017
6373,0.8887369572229791
6374,0.8878753029735735
6375,0.8875632671767189
6376,0.8879824292028449
6377,0.888894373737552
6378,0.8901295687456172
6379,0.8913211946911421
6380,0.8923095839928212
6381,0.8929652407989647
6382,0.8933034316535968
6383,0.8933625893156446
6384,0.8932110727649358
6385,0.89292526319598
6386,0.8925676337651721
6387,0.8922240681109487
6388,0.8919272761288075
6389,0.8917373716274702
6390,0.8916296553030384
6391,0.8916253876826491
6392,0.8916685167462665
6393,0.8917699041503017
6394,0.8918792202540433
6395,0.8920117198643946
6396,0.8921297835730836
6397,0.8922518570799115
6398,0.8923507378059451
6399,0.8924455020896215
6400,0.892513632973156
6401,0.8925708128353381
6402,0.8925953342928965
6403,0.8926006912762515
6404,0.8925652664907671
6405,0.892500341487827
6406,0.892379629671565
6407,0.8922091168296491
6408,0.8919521306196531
6409,0.8916059109059271
6410,0.8911143146162769
6411,0.8904567088149601
6412,0.8895426547150419
6413,0.8883244559238481
6414,0.8866779861988494
6415,0.8845621878895435
6416,0.8819182802068679
6417,0.8789144277730019
6418,0.8758611884477393
6419,0.8734736788703366
6420,0.8724350783118281
6421,0.8734901092689946
6422,0.8764151179879668
6423,0.8807410026238163
6424,0.8851914520547225
6425,0.8890227874922407
6426,0.8916445001743861
6427,0.8930440104444897
6428,0.8933771722638394
6429,0.8929124481928636
6430,0.8919147413366822
6431,0.8905999325158332
6432,0.8892701993391461
6433,0.8881278785932446
6434,0.8875352027804927
6435,0.8875081911995532
6436,0.8881582225534245
6437,0.8891626870165272
6438,0.8903681655732373
6439,0.8914617078277444
6440,0.892356595973182
6441,0.8929637257869072
6442,0.8933097963276876
6443,0.8934207428210743
6444,0.8933502672239978
6445,0.8931562179153916
6446,0.8928870360079633
6447,0.8926039095645274
6448,0.8923241842647658
6449,0.8920906479944273
6450,0.8918823955558536
6451,0.8917287913138148
6452,0.8915904170061927
6453,0.8914957662701258
6454,0.8914015788881643
6455,0.8913388728035765
6456,0.8912644698489951
6457,0.8912108202976161
6458,0.8911318922708388
6459,0.891056218116269
6460,0.8909303882895828
6461,0.8907791333884728
6462,0.8905437072114817
6463,0.8902501733233221
6464,0.8898354850859811
6465,0.8893331464118455
6466,0.8886793602374833
6467,0.8879293649703806
6468,0.8870273889883802
6469,0.8860708239599127
6470,0.885022594734093
6471,0.8840450997509262
6472,0.883125016466476
6473,0.8824934103816396
6474,0.8821284240539968
6475,0.8822706593503128
6476,0.8827988813316038
6477,0.8838467850831921
6478,0.8851466381649559
6479,0.8866958118461018
6480,0.8882000427842992
6481,0.8896283611051958
6482,0.8908097526403697
6483,0.8917667655963394
6484,0.8924601200919847
6485,0.8929463756802217
6486,0.8932442478675352
6487,0.8934039061886272
6488,0.8934532245698349
6489,0.8934228770985695
6490,0.8933365454542804
6491,0.8932059426268835
6492,0.8930489660784371
6493,0.8928600121719803
6494,0.8926529838976033
6495,0.8924069831043582
6496,0.8921348507019944
6497,0.8918015677490285
6498,0.8914218553253036
6499,0.890946010425095
6500,0.8903941111454455
6501,0.8896994483864723
6502,0.888894253892592
6503,0.8878963441444664
6504,0.8867720712692657
6505,0.8854454210541302
6506,0.8840716807509877
6507,0.8826289357481965
6508,0.8814268319916779
6509,0.8805006585841311
6510,0.8802539747239219
6511,0.8806042129358009
6512,0.8817843518318148
6513,0.8834176593763056
6514,0.885457650523551
6515,0.8874472605540338
6516,0.8892996098774918
6517,0.8907811066471114
6518,0.8919189072922564
6519,0.8926893924788456
6520,0.8931726055695229
6521,0.8934126908611463
6522,0.8934733925614237
6523,0.893399990718832
6524,0.893228738184483
6525,0.8929970725061254
6526,0.8927158430919303
6527,0.8924154284253442
6528,0.8920818443374371
6529,0.8917431044087193
6530,0.8913646339484023
6531,0.890980090687239
6532,0.8905402128895605
6533,0.8900933604059166
6534,0.8895794310968514
6535,0.8890680694538745
6536,0.8884868316713624
6537,0.8879292596439105
6538,0.8873095429298421
6539,0.886750741242078
6540,0.8861602643871122
6541,0.8856988061406728
6542,0.8852719054078937
6543,0.885070773233902
6544,0.8849839408693146
6545,0.885194373511738
6546,0.8855453377486973
6547,0.8861660435031822
6548,0.8868598637089986
6549,0.8877004118822114
6550,0.8885041941379317
6551,0.8893244740062148
6552,0.8900352712399154
6553,0.890691303456148
6554,0.8912238842939895
6555,0.8916863949725761
6556,0.8920451481197362
6557,0.8923449306332281
6558,0.8925684470080846
6559,0.8927498968361959
6560,0.8928783586297725
6561,0.8929790385054134
6562,0.8930427027797744
6563,0.8930879039409138
6564,0.8931045973454532
6565,0.8931064135427534
6566,0.8930804837075093
6567,0.8930363605094304
6568,0.8929555780614524
6569,0.8928427670453629
6570,0.892668305329684
6571,0.8924276859182637
6572,0.8920687794921386
6573,0.8915678204015709
6574,0.8908290727906881
6575,0.88979333969924
6576,0.8882952952975014
6577,0.8862466975716
6578,0.8834469344795484
6579,0.8799558546385974
6580,0.8758484840247833
6581,0.8719187334922396
6582,0.8689612199318373
6583,0.8685280992641004
6584,0.8707742600536508
6585,0.8757531123650802
6586,0.8815349906450485
6587,0.8869635627671939
6588,0.8908145589567505
6589,0.892936089038976
6590,0.8934872071412512
6591,0.8928549129641612
6592,0.8914284463038105
6593,0.8895221756056846
6594,0.8876183351875643
6595,0.886027941712557
6596,0.8854232447091859
6597,0.8857436401978567
6598,0.8871399166592561
6599,0.8889160965770234
6600,0.89074991478864
6601,0.8921661251490484
6602,0.8930817852485642
6603,0.8934829041586723
6604,0.8934689665619292
6605,0.8931509370041352
6606,0.8926370536133188
6607,0.8920711549206997
6608,0.8915363804686115
6609,0.8911696106242564
6610,0.8909511269443599
6611,0.8909438817559362
6612,0.8910405015429298
6613,0.8912643546101601
6614,0.8915128123681367
6615,0.8918081313065194
6616,0.8920791451710163
6617,0.8923484571603927
6618,0.8925740249808778
6619,0.8927792432555255
6620,0.8929407555033204
6621,0.8930776467918268
6622,0.8931762876244232
6623,0.8932537093402253
6624,0.8933030009491084
6625,0.8933385929680362
6626,0.8933539222778611
6627,0.8933590367896641
6628,0.8933460146218851
6629,0.8933225571427865
6630,0.893277061580813
6631,0.8932121944314131
6632,0.8931057366518482
6633,0.8929504604364581
6634,0.8927028435669955
6635,0.8923325615188032
6636,0.8917467867309796
6637,0.8908573463087983
6638,0.8894685174003085
6639,0.8873863032360803
6640,0.8842805883816965
6641,0.879944678335248
6642,0.8742732857654771
6643,0.8679508667645809
6644,0.8624009277861617
6645,0.8602748517049569
6646,0.8628726224759828
6647,0.8703648797099535
6648,0.8792995672897438
6649,0.8871606454456377
6650,0.891931369675319
6651,0.8935130275788374
6652,0.8924867191210617
6653,0.8896704988825429
6654,0.8860092264423958
6655,0.8822942065696694
6656,0.8801649001575695
6657,0.8800445181481811
6658,0.8828540081881178
6659,0.8868153073199683
6660,0.8906903764020868
6661,0.8930052095501139
6662,0.8934862834531233
6663,0.8924834567002337
6664,0.8906230128891204
6665,0.8886508140056172
6666,0.8870107395421348
6667,0.8864723821081609
6668,0.8869516168410333
6669,0.8886324504179959
6670,0.8906280463318701
6671,0.8923938627335506
6672,0.8933734455776643
6673,0.8935085196542697
6674,0.8929994876537746
6675,0.8921348825320619
6676,0.891222786324475
6677,0.8904239704126665
6678,0.8900160009996237
6679,0.890007898032353
6680,0.8905230604576081
6681,0.8912934993212757
6682,0.8921585737853623
6683,0.8928524172630597
6684,0.8933120293691329
6685,0.8935276706013567
6686,0.8935588494356876
6687,0.8934523257770831
6688,0.8932413284838393
6689,0.8929778254518568
6690,0.8926991808277794
6691,0.8924709462002072
6692,0.8922881979473257
6693,0.8921714919647653
6694,0.8920662539213435
6695,0.8919850115909201
6696,0.8918775059109643
6697,0.8917676858106515
6698,0.891608857638903
6699,0.8914333472804836
6700,0.8912027721705421
6701,0.8909597248781769
6702,0.8906534428406585
6703,0.8903101946184112
6704,0.8898476372979771
6705,0.8892794097986724
6706,0.888505595681517
6707,0.8875554906508094
6708,0.886341251119201
6709,0.8849764990221163
6710,0.8834536167788616
6711,0.8820644651741121
6712,0.8808865791787324
6713,0.8803363009515236
6714,0.8803732343223233
6715,0.8812705433375105
6716,0.8826817163726423
6717,0.8846153770495672
6718,0.8865955251533112
6719,0.8885588967173932
6720,0.8902052038557998
6721,0.8915442748496055
6722,0.8924969110828532
6723,0.8931297490035613
6724,0.8934728439520908
6725,0.8935954252416959
6726,0.8935487565145854
6727,0.893378945954944
6728,0.8931310609213113
6729,0.8928241175461544
6730,0.8924978377128526
6731,0.892144809776624
6732,0.891805168780266
6733,0.8914464593635512
6734,0.8911144337629571
6735,0.8907545816446117
6736,0.8904239827691134
6737,0.8900502916473343
6738,0.8897062925883542
6739,0.8893043066404757
6740,0.8889360631668672
6741,0.88850053973108
6742,0.8881124404082729
6743,0.8876603898646883
6744,0.8872858137418357
6745,0.88686851111755
6746,0.8865767338793897
6747,0.8862790167958974
6748,0.8861622352562019
6749,0.8860772157471511
6750,0.8862095092897047
6751,0.8863872301682809
6752,0.8867737602450237
6753,0.8871835337986858
6754,0.887747559988914
6755,0.8882892463152507
6756,0.8889103109194649
6757,0.88946528692706
6758,0.8900355277175892
6759,0.8905159511245695
6760,0.8909738986002017
6761,0.8913399005366257
6762,0.8916699813553036
6763,0.8919191234604462
6764,0.8921333244664728
6765,0.8922811307084719
6766,0.8923996046953384
6767,0.8924626627760743
6768,0.8924999169398871
6769,0.892484987149475
6770,0.8924415093649137
6771,0.8923379478470649
6772,0.892192715068226
6773,0.8919630349735964
6774,0.8916617847070372
6775,0.8912258914827841
6776,0.8906625578054063
6777,0.8898766368993316
6778,0.8888776816663072
6779,0.8875342348562153
6780,0.8859044099286858
6781,0.8838609556483207
6782,0.8816565225768471
6783,0.8792889959564065
6784,0.8774143487637921
6785,0.8761485452532369
6786,0.8763458314842558
6787,0.8776846244845766
6788,0.8804319480421392
6789,0.8835939438186472
6790,0.886901999388566
6791,0.8896154567631402
6792,0.891651823338925
6793,0.8929044474201967
6794,0.8935128675296017
6795,0.8936017913614133
6796,0.8933081438317423
6797,0.892759817999656
6798,0.8920515965149806
6799,0.8913269931459151
6800,0.8906313322627529
6801,0.8901147092939746
6802,0.8897272330915034
6803,0.889591044821631
6804,0.8895749205675256
6805,0.8897721861150141
6806,0.8900275760471171
6807,0.890414180565013
6808,0.890795047520749
6809,0.8912256647411644
6810,0.8916046887540122
6811,0.8919732820519863
6812,0.8922687411660529
6813,0.8925271568953405
6814,0.8927171533953675
6815,0.8928717816414297
6816,0.8929747609000579
6817,0.8930523678252752
6818,0.8930918184252449
6819,0.8931123759508276
6820,0.8930990344195288
6821,0.8930642361438498
6822,0.8929858779361326
6823,0.8928690927181043
6824,0.8926782181641002
6825,0.8924069766670937
6826,0.8919922230970185
6827,0.8914056518501688
6828,0.890531474252161
6829,0.8893061276808218
6830,0.8875315099450735
6831,0.8851362076462068
6832,0.8818933881906766
6833,0.8779986268109476
6834,0.873593849378562
6835,0.8698811978143853
6836,0.8676661132725629
6837,0.8687257985467473
6838,0.8724629446130385
6839,0.8785511834429781
6840,0.8845630795213643
6841,0.8894829109031421
6842,0.8924417124063562
6843,0.8935795846198412
6844,0.8932541215951486
6845,0.8918954837608061
6846,0.8899562542460147
6847,0.8877960446334126
6848,0.8861542339603306
6849,0.8852613066503653
6850,0.8857721817020242
6851,0.8871221861064392
6852,0.8891327317876138
6853,0.8909861082603195
6854,0.8924494379917549
6855,0.8933150858333455
6856,0.8936423984175469
6857,0.8935262100393467
6858,0.8930933505303111
6859,0.8925031325334737
6860,0.8918750405567026
6861,0.8913864194699511
6862,0.8910457143989349
6863,0.8909561978637812
6864,0.8910001334237637
6865,0.8912235745333135
6866,0.8914953526789142
6867,0.8918435019935201
6868,0.8921706377128938
6869,0.8924989113811461
6870,0.8927739090598001
6871,0.8930180264373294
6872,0.8932063237657949
6873,0.8933581163465304
6874,0.8934650885019313
6875,0.8935452648896228
6876,0.8935982350740513
6877,0.893636640001395
6878,0.8936601061021225
6879,0.8936765664818295
6880,0.8936864252811604
6881,0.8936948552060388
6882,0.8937007139821588
6883,0.8937057949563002
6884,0.8937082521960623
6885,0.8937099566516696
6886,0.8937096905461074
6887,0.8937089659599646
6888,0.8937051259136353
6889,0.8936988942107995
6890,0.8936857794053712
6891,0.8936651829503242
6892,0.8936266893240324
6893,0.8935626970586351
6894,0.8934451620197463
6895,0.8932416089593112
6896,0.8928683696660942
6897,0.8922013797124325
6898,0.8909756310645393
6899,0.8887594929975123
6900,0.8847862612979109
6901,0.8779269789810447
6902,0.8671081226806401
6903,0.8524317681835588
6904,0.8386717021276957
6905,0.8350228313588264
6906,0.8466682697679582
6907,0.8686152929338893
6908,0.8862395510678152
6909,0.8933648074647691
6910,0.8899698774404451
6911,0.8794151671275591
6912,0.8675676188099157
6913,0.8590998058036855
6914,0.8634275608250745
6915,0.8747782586301251
6916,0.8876307303054567
6917,0.8929284125205436
6918,0.8899488154234262
6919,0.8826715731555285
6920,0.8759119437378787
6921,0.8754929314218662
6922,0.8795967136802799
6923,0.8869212704083
6924,0.8920171217198651
6925,0.8932878010271064
6926,0.8911702317126616
6927,0.8879138551483005
6928,0.8863120955911155
6929,0.886798241875918
6930,0.889342466340574
6931,0.8918896464524858
6932,0.8934158238008576
6933,0.8934228708206081
6934,0.8923304954040262
6935,0.8911376314064221
6936,0.8906062211070302
6937,0.8911300172506573
6938,0.8921501291242991
6939,0.8931273665926993
6940,0.8935965728145812
6941,0.8935094432540209
6942,0.8930655268945217
6943,0.8925508443981004
6944,0.8922749110308359
6945,0.8923313239688327
6946,0.8927129337758559
6947,0.8931762937989031
6948,0.8935398626268257
6949,0.8936772402643232
6950,0.8936022276234468
6951,0.8934067547824822
6952,0.8931866030233659
6953,0.8930400843040824
6954,0.8929908685187883
6955,0.8930656462820844
6956,0.8932149719559289
6957,0.8934034687641926
6958,0.8935624501334843
6959,0.8936685235378962
6960,0.8937088494230423
6961,0.8936970698963488
6962,0.893650869659912
6963,0.8935825375442273
6964,0.893512975642858
6965,0.8934476619529731
6966,0.893404578598629
6967,0.8933748991656971
6968,0.8933649536856264
6969,0.8933565089141584
6970,0.8933555259530941
6971,0.8933468492513722
6972,0.8933381397939198
6973,0.8933142174607711
6974,0.8932829569751863
6975,0.8932299635132142
6976,0.8931610008789143
6977,0.8930540313257244
6978,0.8929048359097531
6979,0.8926774220799076
6980,0.8923478433153834
6981,0.8918521647046429
6982,0.8911221176515799
6983,0.8900513473456858
6984,0.8884846227116401
6985,0.886296702556996
6986,0.8832538458379796
6987,0.8794940494984299
6988,0.8750330028847554
6989,0.8710846823463825
6990,0.8685666781918708
6991,0.8692650177565175
6992,0.873376035120152
6993,0.8796699176600393
6994,0.8862646093423165
6995,0.8910794148917424
6996,0.893435180407069
6997,0.8934173973015316
6998,0.8916781770257481
6999,0.889116861742113
7000,0.8865406114051637
7001,0.8851616109271778
7002,0.8851762770744307
7003,0.8870608278829668
7004,0.8895769495024005
7005,0.8919808829400434
7006,0.8933880513033291
7007,0.8936624015200039
7008,0.893039022487432
7009,0.8919152309956797
7010,0.8907711193877031
7011,0.8898726897053092
7012,0.8896721497513511
7013,0.8900440918049538
7014,0.8910245481659043
7015,0.8920990217507399
7016,0.8930207934670545
7017,0.8935567242302005
7018,0.893713731966997
7019,0.8935707242362749
7020,0.8932305864099346
7021,0.8928148629858664
7022,0.8924103392270826
7023,0.8921531257506711
7024,0.8920478782325099
7025,0.8921388115851204
7026,0.8923162920495002
7027,0.8925677500633515
7028,0.892810312871648
7029,0.8930514652438588
7030,0.8932507378301822
7031,0.8934184124313209
7032,0.8935412192191051
7033,0.8936351372846333
7034,0.8936995962530755
7035,0.893742978442556
7036,0.8937650907652536
7037,0.8937723087792835
7038,0.8937693546707629
7039,0.8937581255541894
7040,0.8937398204064078
7041,0.8937105638170082
7042,0.8936730643423495
7043,0.8936206555475515
7044,0.8935523827563933
7045,0.8934484415957165
7046,0.8932967409891417
7047,0.8930547850885437
7048,0.8926831053166043
7049,0.89208072391417
7050,0.8911317165721182
7051,0.8896040594470622
7052,0.8872199599378674
7053,0.8835483208386959
7054,0.8782224462907394
7055,0.871133530973776
7056,0.8632335746440036
7057,0.8569250172407769
7058,0.856137505345357
7059,0.8619578594384774
7060,0.8733168196830395
7061,0.8842192473448239
7062,0.8914763127702439
7063,0.8936819304666885
7064,0.8916756189729934
7065,0.8870508533485898
7066,0.8814088030751093
7067,0.8776612764094465
7068,0.8767390693929029
7069,0.8808417226475158
7070,0.8865208407122837
7071,0.891605462978624
7072,0.8936267670499116
7073,0.8925157441069241
7074,0.8895043706019823
7075,0.886053283077189
7076,0.8840997245738549
7077,0.8838114739783585
7078,0.8861330164628674
7079,0.8892879673914108
7080,0.8922501455254784
7081,0.8936122587046279
7082,0.8931736623211981
7083,0.8915542048683172
7084,0.8896318092884797
7085,0.888407511553445
7086,0.8880738261058988
7087,0.8890120387818637
7088,0.8905317294963939
7089,0.8922385899541959
7090,0.8933924551835791
7091,0.8936968311055613
7092,0.8932233555695073
7093,0.8923204510293422
7094,0.8914343436603005
7095,0.8907783595139714
7096,0.8906055437182253
7097,0.8908509938002367
7098,0.8915527718964189
7099,0.8924041129175836
7100,0.8931790786353749
7101,0.8936384440110791
7102,0.8937555112795792
7103,0.8936132693613437
7104,0.8933174276555435
7105,0.8929563357952633
7106,0.8925741968336377
7107,0.8922771443147554
7108,0.8921055656529289
7109,0.892113148785432
7110,0.8922204220665676
7111,0.8923984074187543
7112,0.8925713057112195
7113,0.8927474762141144
7114,0.8928934883754199
7115,0.8930221255233732
7116,0.89311406434789
7117,0.8931947581133728
7118,0.8932586474494961
7119,0.8933170761170904
7120,0.8933481041176512
7121,0.8933568512478116
7122,0.8933299478566396
7123,0.893275676944424
7124,0.8931717555336044
7125,0.8930141613630996
7126,0.892769761263152
7127,0.8924219149440007
7128,0.8919052919833564
7129,0.891147546226265
7130,0.8900028744089343
7131,0.8882868792947559
7132,0.8857671204375809
7133,0.8821701701446077
7134,0.8775135523497574
7135,0.8720995571899705
7136,0.8673686889275622
7137,0.8651673962759651
7138,0.8670359744324033
7139,0.8732069380738257
7140,0.8808992882013811
7141,0.8879629032797118
7142,0.8923025326592574
7143,0.893722280448022
7144,0.8927208873347589
7145,0.8901300925428223
7146,0.8870553584474765
7147,0.8843230416584021
7148,0.8835700434429783
7149,0.8845293158675445
7150,0.8874636490481222
7151,0.8905009239805578
7152,0.8927906749507418
7153,0.8937027301882046
7154,0.8933847893998738
7155,0.8922721013812935
7156,0.8908146071422691
7157,0.8896271569465405
7158,0.8889241950961307
7159,0.8892401806955054
7160,0.890158013901744
7161,0.8915205813733013
7162,0.8926885934637674
7163,0.8934595352057659
7164,0.8937474433106437
7165,0.8936423506138647
7166,0.8932706288462041
7167,0.8927571087854527
7168,0.8922848043724187
7169,0.891942447739026
7170,0.8918619166339437
7171,0.8919543878975768
7172,0.8922166210784052
7173,0.8925115450573566
7174,0.8928360849861142
7175,0.8931198269549483
7176,0.8933671682025729
7177,0.8935488588266854
7178,0.8936795928704251
7179,0.8937601104546549
7180,0.8938032501934244
7181,0.893812698861131
7182,0.8937956977264301
7183,0.8937611229615537
7184,0.8937094094802022
7185,0.8936442157337199
7186,0.8935552852602736
7187,0.89344724073388
7188,0.8933039896298711
7189,0.893123595693066
7190,0.892866298236611
7191,0.8925085389410639
7192,0.8919696799882755
7193,0.8911822104987123
7194,0.8899874460814095
7195,0.8882404575573191
7196,0.8856987312189826
7197,0.8822167172688222
7198,0.8777365584505289
7199,0.8726859716447257
7200,0.8680342000397057
7201,0.8656663536954132
7202,0.8667131150137991
7203,0.8720299962152083
7204,0.8791332901139032
7205,0.886330387438397
7206,0.8912597283130199
7207,0.8935386139578493
7208,0.8934102909718183
7209,0.8915590662581188
7210,0.8888359572575997
7211,0.8859428592923297
7212,0.8842978149756751
7213,0.8840472278326081
7214,0.886022820779098
7215,0.8887169931764731
7216,0.8914443994989752
7217,0.8931661866679829
7218,0.8937491120667361
7219,0.8933705765225535
7220,0.8923664493952991
7221,0.8911661817465135
7222,0.8900617114325058
7223,0.8895952774767392
7224,0.8896975353835334
7225,0.8905117068929462
7226,0.8915081596031212
7227,0.8925112026434091
7228,0.8932406182214478
7229,0.8936702147137046
7230,0.8937946849133089
7231,0.8936700600929527
7232,0.8933852592372715
7233,0.8930315066339759
7234,0.8927181429454656
7235,0.8924641725561228
7236,0.8923235974553361
7237,0.8922416054692129
7238,0.8922556530166575
7239,0.892301653841244
7240,0.8924100329545075
7241,0.8925239843094545
7242,0.8926688783161064
7243,0.8927989643951363
7244,0.8929304355638001
7245,0.8930259236153469
7246,0.8931017775485638
7247,0.8931354420285731
7248,0.8931447513193218
7249,0.8931089440731017
7250,0.8930412709861052
7251,0.8929180116206537
7252,0.8927450906729764
7253,0.8924795652019653
7254,0.8921039025955737
7255,0.8915336670876302
7256,0.8907087028763907
7257,0.8894750987489033
7258,0.8877125448027845
7259,0.8852098046413269
7260,0.8819086134431737
7261,0.877834137095661
7262,0.8735531962029519
7263,0.8699262655895144
7264,0.8686258544717356
7265,0.8701561274032635
7266,0.8750916003729381
7267,0.8811665331195554
7268,0.8871878231763095
7269,0.8913530475703785
7270,0.8934498408198335
7271,0.8936408145330008
7272,0.8924301406211801
7273,0.8904202763622403
7274,0.8881244355700019
7275,0.886514092473699
7276,0.8857754042722714
7277,0.8866833876580293
7278,0.88833199293091
7279,0.8904772064403633
7280,0.8922141489145318
7281,0.8933483563731985
7282,0.8937799337344304
7283,0.893632214382585
7284,0.8930886026767765
7285,0.8923423840743635
7286,0.891664465915395
7287,0.8911517163126506
7288,0.8910133618857302
7289,0.8911046889262817
7290,0.8914858975326396
7291,0.8919410049701267
7292,0.8924665217855344
7293,0.8929237467615031
7294,0.8933080884718271
7295,0.8935749141476398
7296,0.8937430703012782
7297,0.8938194273621557
7298,0.893825016521186
7299,0.8937770950058718
7300,0.8936876142060656
7301,0.8935734748963602
7302,0.8934324186469932
7303,0.8932794989044461
7304,0.8930994442652785
7305,0.8929053046131674
7306,0.8926623652489541
7307,0.8923753334765517
7308,0.8919825327516162
7309,0.8914775117619325
7310,0.8907628305941309
7311,0.8898202430775566
7312,0.8885123888662528
7313,0.8868413854842414
7314,0.8846739820935957
7315,0.8821526567078481
7316,0.8793034870671792
7317,0.8767139505023858
7318,0.8747031624433232
7319,0.8743471555987352
7320,0.8755440507734386
7321,0.878811904974812
7322,0.8827630413330728
7323,0.8870026924036905
7324,0.8903273264862327
7325,0.8925750825570925
7326,0.8936366071550168
7327,0.8937327742186335
7328,0.8931162648974076
7329,0.8920409482825861
7330,0.8908458498612242
7331,0.8897254928948086
7332,0.8891022879271626
7333,0.8888764936903921
7334,0.8892915947613236
7335,0.8899480935694497
7336,0.890884126430968
7337,0.8917575006949254
7338,0.8925628654869785
7339,0.8931600585821087
7340,0.8935679932596534
7341,0.893780064926965
7342,0.8938348535861304
7343,0.8937679267749191
7344,0.893613744036148
7345,0.8934117551268485
7346,0.8931746671720661
7347,0.8929388560484322
7348,0.8926897126160581
7349,0.8924638068558013
7350,0.89222036418934
7351,0.8919962980966114
7352,0.8917259517068735
7353,0.8914487281401765
7354,0.891079259602656
7355,0.8906671914709293
7356,0.890109903363941
7357,0.8894798559403146
7358,0.8886550768262411
7359,0.8877472889607292
7360,0.8866129651428513
7361,0.8854430417714272
7362,0.8840901245705524
7363,0.8829035780800318
7364,0.8817605332964042
7365,0.8812056467800002
7366,0.881047841425801
7367,0.8818350586646454
7368,0.8830862989909914
7369,0.8850438205667317
7370,0.8870403525694794
7371,0.8890955123208442
7372,0.8907765034294726
7373,0.8921214841657018
7374,0.8930289225554077
7375,0.893578339393254
7376,0.8938123663407986
7377,0.893806481478108
7378,0.8936268261887855
7379,0.893326677702654
7380,0.8929685832257339
7381,0.8925686154291957
7382,0.8921888326283041
7383,0.8918000718791026
7384,0.8914743970613548
7385,0.8911418841880683
7386,0.8908924784765377
7387,0.8906247214203187
7388,0.8904415002817769
7389,0.8902175204777689
7390,0.8900646162577419
7391,0.8898453062365205
7392,0.8896825351906713
7393,0.8894363737931343
7394,0.8892416516590483
7395,0.8889550109783998
7396,0.888725503442005
7397,0.8884004545458761
7398,0.8881445020637492
7399,0.8877955805910923
7400,0.8875432111456043
7401,0.8872177383429536
7402,0.8870426961315727
7403,0.8868379956987578
7404,0.8868475895775787
7405,0.8868684449905331
7406,0.8871373132762934
7407,0.8874214745404673
7408,0.8879230433375809
7409,0.88840525363084
7410,0.8890278916323261
7411,0.889586114126334
7412,0.8902037035397838
7413,0.8907283509953585
7414,0.8912519592966487
7415,0.8916759330394164
7416,0.8920684743373366
7417,0.8923715659009807
7418,0.892636422298947
7419,0.8928304033580047
7420,0.8929917566701229
7421,0.893100292388147
7422,0.8931843953409488
7423,0.8932275605456776
7424,0.8932503941504938
7425,0.8932350115181604
7426,0.893195761711602
7427,0.8931085748603723
7428,0.8929812744481065
7429,0.8927759671705523
7430,0.8924898546720309
7431,0.8920562309369269
7432,0.891451830939
7433,0.8905527387927997
7434,0.8893041812987308
7435,0.8874942447859901
7436,0.8850811747083088
7437,0.88183380345118
7438,0.8780593281070216
7439,0.8739133622085593
7440,0.8708220016024364
7441,0.8693606584157267
7442,0.8713833065093163
7443,0.875581405294253
7444,0.8817273290709229
7445,0.8871719549875274
7446,0.891264220444504
7447,0.8933660105189158
7448,0.8937661005923301
7449,0.8928804489793535
7450,0.8911524209858129
7451,0.889205538504757
7452,0.8874183662185259
7453,0.8867243286653829
7454,0.886865908546086
7455,0.8882096258600973
7456,0.889805674394522
7457,0.8914960956030928
7458,0.8927555488744418
7459,0.8935457413585413
7460,0.8938361949110745
7461,0.8937254051525609
7462,0.8933474290608806
7463,0.8928286666658328
7464,0.8923285066085026
7465,0.8918851867037386
7466,0.8916339940041513
7467,0.8915039736377979
7468,0.8915852077515062
7469,0.8917482767922249
7470,0.8920374039650009
7471,0.8923332510659495
7472,0.8926571512471175
7473,0.8929337764396187
7474,0.8931828001071692
7475,0.8933720626244228
7476,0.8935246456874313
7477,0.89363180516592
7478,0.8937132687786495
7479,0.8937674409031965
7480,0.8938084843390878
7481,0.8938344497285677
7482,0.8938534486165519
7483,0.8938626805394204
7484,0.8938681519213526
7485,0.8938664344215078
7486,0.8938607445129307
7487,0.8938445947100775
7488,0.8938187992949042
7489,0.8937718148094252
7490,0.8936979717936094
7491,0.8935694121593405
7492,0.8933577137559727
7493,0.8929884986015245
7494,0.8923563183592461
7495,0.8912497587301851
7496,0.8893164244839388
7497,0.8860166200004806
7498,0.8804365556280875
7499,0.8720394967400372
7500,0.860431715510597
7501,0.8495343388758974
7502,0.8450018322915025
7503,0.8518525251171305
7504,0.8692573887012791
7505,0.8846565203042486
7506,0.8929955353568569
7507,0.8924127827662917
7508,0.8852190945975322
7509,0.8756070673481787
7510,0.8661052795319836
7511,0.8676633421023814
7512,0.8747690461109661
7513,0.8866178545552184
7514,0.8930663753015123
7515,0.8920578957068757
7516,0.8857970944827093
7517,0.8781447619577076
7518,0.8753438324124213
7519,0.8769146648569707
7520,0.8841621268535445
7521,0.8906686300420582
7522,0.8934251406688346
7523,0.8915308184808438
7524,0.886989000253161
7525,0.8834782039966681
7526,0.8827393336391164
7527,0.8855978825229193
7528,0.889505757337935
7529,0.892638959382154
7530,0.8935270642889336
7531,0.8922817060396876
7532,0.8900985056775875
7533,0.8883279326083663
7534,0.8881262799073896
7535,0.8892988117654752
7536,0.891248612492102
7537,0.8928961864995623
7538,0.8936957501183856
7539,0.8935143199191949
7540,0.8926522448337232
7541,0.891683304693545
7542,0.8910841659503588
7543,0.8911489416328824
7544,0.8917034600337603
7545,0.8925199225544105
7546,0.8932675026101331
7547,0.8937535588976075
7548,0.8938533408500127
7549,0.8935993208643294
7550,0.8931723271443137
7551,0.8927654860132181
7552,0.8925174474044076
7553,0.8924422863101787
7554,0.8925653093783487
7555,0.8928450365761608
7556,0.8932147265192383
7557,0.8935487923939851
7558,0.8937772888464316
7559,0.8938866604371796
7560,0.8939086256530663
7561,0.8938600953190362
7562,0.8937528004457699
7563,0.893620243310968
7564,0.8934893344918586
7565,0.89337830001741
7566,0.8932689957846196
7567,0.8931533241785341
7568,0.8930173374312264
7569,0.8928556336869868
7570,0.8926475708428194
7571,0.8923731441808617
7572,0.8920302040686277
7573,0.8915778051059923
7574,0.890997622365496
7575,0.8901791125588748
7576,0.8891080434648031
7577,0.8875925690603687
7578,0.8857635051077823
7579,0.8834490899676853
7580,0.8812377464173199
7581,0.8792615413108573
7582,0.8785260499040599
7583,0.8792665896828895
7584,0.8815431468964797
7585,0.8850368316520479
7586,0.8885314612755089
7587,0.8915125411150998
7588,0.893305564236411
7589,0.8938895878903642
7590,0.8934572595902935
7591,0.8923772365019792
7592,0.8911472562533735
7593,0.8900927046523689
7594,0.8897321938900904
7595,0.8898992515233884
7596,0.8907514245040389
7597,0.8917498182029119
7598,0.8927575483290472
7599,0.8934712682944858
7600,0.8938451845789139
7601,0.8938853142047892
7602,0.893675448634771
7603,0.8933334005477018
7604,0.8929542621567917
7605,0.8926625873654832
7606,0.8924663484725311
7607,0.892441954422352
7608,0.8925125136459503
7609,0.8927009923381578
7610,0.8929156411787007
7611,0.8931596605017619
7612,0.8933738035620084
7613,0.8935643369778006
7614,0.8937089675700652
7615,0.8938184376047084
7616,0.8938895571977596
7617,0.8939333910794214
7618,0.8939536685237667
7619,0.8939577301644686
7620,0.8939498928352403
7621,0.8939319553663605
7622,0.8939067627170856
7623,0.8938699845851716
7624,0.8938222681507959
7625,0.8937515146920346
7626,0.8936524354728258
7627,0.8934983145250128
7628,0.893266913546471
7629,0.8928979053064164
7630,0.8923165988174163
7631,0.8913771475554719
7632,0.8898522613306691
7633,0.8874184749379338
7634,0.8835316397853429
7635,0.8778850033004247
7636,0.8700886467904296
7637,0.861967203733874
7638,0.856231435674793
7639,0.8570048191612419
7640,0.8664876637654468
7641,0.878327141150288
7642,0.8889120305287356
7643,0.8935713217565213
7644,0.8926468912567517
7645,0.8878983179733202
7646,0.8812010699321818
7647,0.8771417812821743
7648,0.8759001919387905
7649,0.8815275295454618
7650,0.8880571327069187
7651,0.8928571408482449
7652,0.8935617415766783
7653,0.8908942033449683
7654,0.8869979992293223
7655,0.8835222395128343
7656,0.8831443033143213
7657,0.8850784613854277
7658,0.8892863213997729
7659,0.8926851225370226
7660,0.8938253502342398
7661,0.8926362389853868
7662,0.8902535248340425
7663,0.8881918509519454
7664,0.8871990489868404
7665,0.8879362937080731
7666,0.8898459348477817
7667,0.8921561917899159
7668,0.8936321872025994
7669,0.8937822292684764
7670,0.8928907030472253
7671,0.8916090289501069
7672,0.8905558755378279
7673,0.89003063088113
7674,0.8903327833437099
7675,0.8913153225092956
7676,0.8925749256013031
7677,0.8935195407128409
7678,0.8938964291432105
7679,0.893777295803957
7680,0.8933605875387967
7681,0.8928131965616048
7682,0.8922783221627281
7683,0.8919824028386216
7684,0.8920094912690422
7685,0.8923098182600584
7686,0.8927115186467127
7687,0.8931077508513916
7688,0.8934433043942182
7689,0.8937068781333215
7690,0.8938628806208588
7691,0.8939258017097755
7692,0.8939287179120933
7693,0.8938962134228495
7694,0.8938300267966041
7695,0.8937279887493301
7696,0.8936100146100339
7697,0.8934739127889731
7698,0.8933157222003704
7699,0.8931188162183463
7700,0.8928889119987705
7701,0.8926139070920296
7702,0.8922543678371768
7703,0.8917699082132989
7704,0.8910586301680417
7705,0.8900769056730558
7706,0.8886456245560626
7707,0.886798620424845
7708,0.8843106900087606
7709,0.8816579522329667
7710,0.8787393879753007
7711,0.8766954527093294
7712,0.8759010723714431
7713,0.8769731186380786
7714,0.8803211487051182
7715,0.8844013215100688
7716,0.8888270221678573
7717,0.891981867318393
7718,0.8936506092466501
7719,0.8938114661928462
7720,0.8928477393838017
7721,0.891309277231683
7722,0.88962749617258
7723,0.8886360519137738
7724,0.8882693015695835
7725,0.8891130653719534
7726,0.8903277075737679
7727,0.8918265717774158
7728,0.8929793450000897
7729,0.893697641206874
7730,0.8939228608985831
7731,0.8937484034829616
7732,0.8933256687066876
7733,0.8928045545564344
7734,0.8923792220182314
7735,0.8920839987817883
7736,0.8920412307908917
7737,0.8921413733587902
7738,0.8924164008120576
7739,0.8927323586213777
7740,0.8930793319232254
7741,0.8933783967857526
7742,0.8936285378355561
7743,0.8938036096384844
7744,0.8939157805389917
7745,0.8939677782350267
7746,0.8939750002405163
7747,0.8939487006638384
7748,0.8938958231741582
7749,0.8938266480587244
7750,0.8937365871459121
7751,0.8936307352914967
7752,0.8934907130086432
7753,0.8933115444269248
7754,0.893058016663131
7755,0.8927031111472952
7756,0.8921858497216554
7757,0.8914236630083163
7758,0.8903252565222951
7759,0.8886733698783004
7760,0.8863959420819834
7761,0.8830791533677949
7762,0.8790800490772575
7763,0.8742284648414247
7764,0.8702849024893502
7765,0.8684471618734794
7766,0.8698921936320226
7767,0.8756825246429951
7768,0.8820718248946324
7769,0.8885587916894057
7770,0.8924573668733802
7771,0.8938689076716433
7772,0.8931487399992011
7773,0.8909767521032163
7774,0.8883923306526066
7775,0.8858794649124363
7776,0.8852500866693511
7777,0.8858337557004348
7778,0.8882444722000101
7779,0.8906768147438644
7780,0.8927110618293347
7781,0.8937463705789362
7782,0.893842139906647
7783,0.8932288163177403
7784,0.892237226426887
7785,0.8913383817133339
7786,0.890725278007298
7787,0.8907064611887714
7788,0.8910807546063387
7789,0.8917867489270008
7790,0.8925356755781131
7791,0.8932075749640397
7792,0.8936652859212559
7793,0.893899208263826
7794,0.8939287002401148
7795,0.8938095179313269
7796,0.8936014299654822
7797,0.8933402583155263
7798,0.8930766810853235
7799,0.8928219172995923
7800,0.892603019309973
7801,0.8924206888076229
7802,0.8922725821147027
7803,0.8921472311048921
7804,0.8920190468281081
7805,0.8918774184865175
7806,0.8916885522267087
7807,0.8914578724895358
7808,0.8911420412688431
7809,0.8907763193818127
7810,0.8903026512559378
7811,0.889785460503738
7812,0.889136992647447
7813,0.8884493453162239
7814,0.8876416933962675
7815,0.8868391833993685
7816,0.8860781080844351
7817,0.885458642357893
7818,0.8852054291340841
7819,0.885224583719051
7820,0.8858451792783215
7821,0.8866448174734896
7822,0.8879103868121276
7823,0.8890976922686926
7824,0.8904034852030399
7825,0.8914687405440282
7826,0.8924002611169448
7827,0.8930758833821468
7828,0.8935546243482856
7829,0.8938361501305881
7830,0.8939639447236477
7831,0.893969175298238
7832,0.8938843134438436
7833,0.8937393946906989
7834,0.893548151762535
7835,0.8933359835805055
7836,0.8930907876490035
7837,0.89283991339881
7838,0.892542302375362
7839,0.8922326517156755
7840,0.8918426523190358
7841,0.8914178692501791
7842,0.8908603369042241
7843,0.8902328779658755
7844,0.8894020794374147
7845,0.8884583808872645
7846,0.8872501238144387
7847,0.8859284898582367
7848,0.8843918689506657
7849,0.8829388454190839
7850,0.8815843874602922
7851,0.8808510514435931
7852,0.8806860620030151
7853,0.8816579846496679
7854,0.8831822526200881
7855,0.8855619764588111
7856,0.8878403494834677
7857,0.8901208880309899
7858,0.8918338715107689
7859,0.8930637823539598
7860,0.893737831314359
7861,0.893959352579461
7862,0.8938247590881515
7863,0.8934420498983977
7864,0.8929343588598817
7865,0.8923660231469438
7866,0.8918731519970673
7867,0.8914311702939091
7868,0.8911827077056934
7869,0.8910074208134299
7870,0.8910494454416463
7871,0.8911348540787242
7872,0.8913743528321051
7873,0.891611427595388
7874,0.8919084300870368
7875,0.8921683625358833
7876,0.8924280498607187
7877,0.8926348215628654
7878,0.8928200001557527
7879,0.8929521987887388
7880,0.8930581756749171
7881,0.8931160425590863
7882,0.8931434876246263
7883,0.8931220411099212
7884,0.8930591563563146
7885,0.8929312694799951
7886,0.8927324579135676
7887,0.8924228474094682
7888,0.891969930224508
7889,0.8913043122963394
7890,0.890331183801613
7891,0.8889557251095779
7892,0.8869782873623069
7893,0.8843915478155926
7894,0.8810121998364259
7895,0.8773369499849564
7896,0.8738806969930055
7897,0.8716791423338833
7898,0.8724364230659216
7899,0.8749679809092245
7900,0.8806133752336568
7901,0.8856103888447635
7902,0.8902569811774305
7903,0.8929388974129709
7904,0.8938953838224201
7905,0.8934096150239357
7906,0.8919777008137334
7907,0.890293118371186
7908,0.8886128258325638
7909,0.8878283454727325
7910,0.8878050580556287
7911,0.8886696091445649
7912,0.890067724032903
7913,0.8915367021219135
7914,0.8927071730849658
7915,0.8935062996020656
7916,0.8938829180521038
7917,0.8939110294318316
7918,0.8936640915855628
7919,0.8932341135175751
7920,0.892787190156214
7921,0.8923679221505257
7922,0.8921082012988514
7923,0.891928868662061
7924,0.8918770610702184
7925,0.8919617190041195
7926,0.8921159195868824
7927,0.8923361251754879
7928,0.8925611959342679
7929,0.892755938595517
7930,0.8929587039416639
7931,0.8931204558097886
7932,0.8932648308142298
7933,0.8933666609055522
7934,0.8934400522049869
7935,0.8934898813705464
7936,0.8935141064753014
7937,0.8935036678431386
7938,0.8934616006151859
7939,0.8933726736821803
7940,0.8932410881551319
7941,0.8930282626219979
7942,0.892703824266202
7943,0.892218258689712
7944,0.8914526572165747
7945,0.8903557715927968
7946,0.8886169053535542
7947,0.8862239349634363
7948,0.8827062402188344
7949,0.8784942035000796
7950,0.8735874660049315
7951,0.8696662301874999
7952,0.8684006067624817
7953,0.8697623201371126
7954,0.8759607941228774
7955,0.8817264155616041
7956,0.8882156090841515
7957,0.8922047020055419
7958,0.8938469139501622
7959,0.8931994373494182
7960,0.8910524350556821
7961,0.8889025864628877
7962,0.8870755372625325
7963,0.8867000694694022
7964,0.8868774287885339
7965,0.8869849554212721
7966,0.8889151238846039
7967,0.8905966757763564
7968,0.8924438012346431
7969,0.8932394548962221
7970,0.8932998595615759
7971,0.8933139181578598
7972,0.8935321937418286
7973,0.8935789417047387
7974,0.8931736590369913
7975,0.8925760080508077
7976,0.8923208943834992
7977,0.8923446960660072
7978,0.892524360936817
7979,0.8925553628646287
7980,0.8925876009125567
7981,0.8928765927057353
7982,0.8932435353669955
7983,0.8935359862009224
7984,0.8936740815734856
7985,0.8937476237923376
7986,0.8938682665279791
7987,0.8939959578958623
7988,0.8940325846781705
7989,0.8939783367002105
7990,0.8939254547593636
7991,0.8939197286116677
7992,0.8939230837718612
7993,0.8938735665395484
7994,0.8937608226231374
7995,0.8936283940593913
7996,0.8934975305325266
7997,0.8933043079624828
7998,0.8929928711618486
7999,0.8924936384917215
8000,0.891717818244131
8001,0.8905559675274527
8002,0.8887682387151657
8003,0.8859053381543682
8004,0.8821375741244962
8005,0.8762740316048375
8006,0.8710490414529274
8007,0.8654630408098801
8008,0.8636090770819402
8009,0.8671616537197303
8010,0.8706478688938972
8011,0.8793451309656616
8012,0.8863970172315916
8013,0.892080535129458
8014,0.8937775586542196
8015,0.8913886497244364
8016,0.8883907613505765
8017,0.8873816196736162
8018,0.8885321187822004
8019,0.8874652846446627
8020,0.8817542360762748
8021,0.880334190541308
8022,0.8773862424264937
8023,0.8806637624708871
8024,0.8794443504982196
8025,0.8776779974261809
8026,0.8838866437702013
8027,0.8901404172565215
8028,0.8934881749026048
8029,0.8929860702398053
8030,0.8904200368262167
8031,0.8882831107795972
8032,0.8859736196530837
8033,0.8848924896842787
8034,0.8860690498591491
8035,0.8889533784643542
8036,0.8920130291368965
8037,0.8935755402290061
8038,0.8936557230878085
8039,0.8928850174380734
8040,0.8916445112957025
8041,0.8902599719287505
8042,0.889743101672212
8043,0.8900323352748117
8044,0.8912993750416685
8045,0.892443651016527
8046,0.8931953303616774
8047,0.8937554623717392
8048,0.8939604535614623
8049,0.893741606464802
8050,0.8932582348810199
8051,0.8927882177026677
8052,0.8925329801986306
8053,0.8923185211467508
8054,0.8921959593036393
8055,0.8922508797170738
8056,0.8923893578296205
8057,0.8925936705542273
8058,0.8928104507146837
8059,0.8930277928262778
8060,0.8932787011792248
8061,0.8934854850245189
8062,0.8936187437936022
8063,0.8937132853407175
8064,0.893785096775097
8065,0.8938470315638154
8066,0.8938835829094064
8067,0.8938985521874038
8068,0.8939057948953408
8069,0.8939082524125205
8070,0.8938953225305719
8071,0.8938500253134787
8072,0.8937667248205367
8073,0.8936479984450237
8074,0.893455458300843
8075,0.8931319235435595
8076,0.8925852249441856
8077,0.8916094451534969
8078,0.890030222612476
8079,0.8871490266661489
8080,0.8827711347017952
8081,0.875555700497069
8082,0.8671902924483005
8083,0.8580879714147562
8084,0.8553754491369138
8085,0.8617983693701794
8086,0.8713251755052784
8087,0.8840531311893308
8088,0.891117027211438
8089,0.8928583861760011
8090,0.8895699827070529
8091,0.8819829622588725
8092,0.878183237877484
8093,0.877968184800205
8094,0.8842664517566798
8095,0.8880415657597226
8096,0.8882590624651622
8097,0.8902893505104438
8098,0.8930120570131808
8099,0.8934205319030154
8100,0.8911081753413352
8101,0.8885431088753054
8102,0.8890469955569619
8103,0.8886474109621175
8104,0.8870456775366296
8105,0.8879944211024967
8106,0.8899601028329249
8107,0.8916169417146468
8108,0.8925784222398703
8109,0.8931461893661242
8110,0.8937539006165657
8111,0.8936028685372241
8112,0.8928751526362254
8113,0.8925195117509716
8114,0.8924771182039364
8115,0.8925620014660532
8116,0.8926186910275533
8117,0.892886965451437
8118,0.8934665465306738
8119,0.8938773860333963
8120,0.893896522132798
8121,0.8938240128286066
8122,0.893788057941025
8123,0.8936572325890317
8124,0.8934132163690769
8125,0.8932264453406943
8126,0.8932902802056346
8127,0.893380405459523
8128,0.8934430950126738
8129,0.8935463136929929
8130,0.8936872127457807
8131,0.8938258678843429
8132,0.8938881348448181
8133,0.8939291642996924
8134,0.8939820369274227
8135,0.8940429127905012
8136,0.8940558050587479
8137,0.8940390278033324
8138,0.8940339013547857
8139,0.8940344318467968
8140,0.894024068098909
8141,0.893987175135794
8142,0.8939499202144797
8143,0.8939031479370302
8144,0.8938212688470156
8145,0.8936606783398275
8146,0.8933795198270583
8147,0.8929246042901712
8148,0.8920952408646844
8149,0.8907028793146151
8150,0.8880965544151622
8151,0.8838843074445367
8152,0.8764368760094348
8153,0.8673608739501887
8154,0.85567460457771
8155,0.8519806065188512
8156,0.8577952800438863
8157,0.8673350504460507
8158,0.8811206038904922
8159,0.8892774237626178
8160,0.8924943778063589
8161,0.8899242291671136
8162,0.8812457591326963
8163,0.8771673566773537
8164,0.8782101932666427
8165,0.8841804231060997
8166,0.886547983861448
8167,0.885485985474661
8168,0.8891965934104972
8169,0.8927571930356802
8170,0.8927273143696828
8171,0.8911337197837145
8172,0.8917794908767672
8173,0.8926300569383614
8174,0.8913099847800908
8175,0.8893997098196826
8176,0.890572310477971
8177,0.8911698064886712
8178,0.8899145956294044
8179,0.8907308195305179
8180,0.8917409015755163
8181,0.8921900427974314
8182,0.8922452138338763
8183,0.8927369485371698
8184,0.8935261200096201
8185,0.8936201735996919
8186,0.893507020468054
8187,0.8937494064041687
8188,0.8939758000498617
8189,0.8937092977481235
8190,0.8934974084926312
8191,0.893571302182527
8192,0.893576009720559
8193,0.8933809988227006
8194,0.8933112186174894
8195,0.8935317453679175
8196,0.8935826178820453
8197,0.8935413844835857
8198,0.893662806922162
8199,0.89382291744687
8200,0.8938545852007412
8201,0.8938231571140796
8202,0.8938886737168975
8203,0.8939733964759129
8204,0.8939746736520876
8205,0.8939482096500555
8206,0.8939858062138172
8207,0.8940364136716422
8208,0.8940163766507102
8209,0.893990967125634
8210,0.8940049471868962
8211,0.8940268809340098
8212,0.8940005805848035
8213,0.893960499780044
8214,0.8939236822635379
8215,0.8938491268765221
8216,0.8936740814717845
8217,0.893361254371778
8218,0.8928208490827767
8219,0.891802832241576
8220,0.8899912257618049
8221,0.8863489122194254
8222,0.8808338458788995
8223,0.8704561745831197
8224,0.860238995048845
8225,0.8496261997657962
8226,0.850652001269647
8227,0.8640954963603833
8228,0.8754776698667649
8229,0.8873582473704701
8230,0.8928664307040546
8231,0.8905359681998822
8232,0.882050251355277
8233,0.87117537529177
8234,0.8740486692043433
8235,0.8794441753494125
8236,0.8817999643558928
8237,0.8895348679740003
8238,0.8932911964336597
8239,0.8911959509245072
8240,0.8866639376056392
8241,0.8808630127260376
8242,0.880442347302224
8243,0.8801610683743725
8244,0.8845498022197121
8245,0.8924511866343373
8246,0.8925367737456444
8247,0.889138713042216
8248,0.8862381267754803
8249,0.8838846384420622
8250,0.881273744631441
8251,0.8859246161558786
8252,0.8917325793235124
8253,0.8926980865825338
8254,0.8915111079369553
8255,0.8904694435455889
8256,0.8887186609780999
8257,0.8862471727720499
8258,0.8858978277239857
8259,0.8904892174519227
8260,0.8923114674817547
8261,0.8923308717184427
8262,0.8927767240520338
8263,0.890364387588698
8264,0.8875588877197391
8265,0.887657564802795
8266,0.8892197453534013
8267,0.890047732766649
8268,0.8912542431947322
8269,0.8937526092515197
8270,0.8930693513049649
8271,0.8916092601390712
8272,0.8902615707748273
8273,0.8899035560255071
8274,0.8899863137651934
8275,0.8901576067231846
8276,0.8925931445962711
8277,0.8929840656081283
8278,0.8931302057013604
8279,0.8935750238705068
8280,0.8929070442959329
8281,0.8918505283323805
8282,0.8911866200984796
8283,0.8917743852800006
8284,0.8918163443523586
8285,0.8921019898142436
8286,0.8929994057192332
8287,0.8934182824387488
8288,0.8936711249617011
8289,0.8937908149070262
8290,0.8939882438532246
8291,0.893859947240927
8292,0.8935645726660634
8293,0.8936080388981394
8294,0.8934298736232266
8295,0.8931985189036876
8296,0.8930658645325315
8297,0.8929564720497198
8298,0.8928238049610239
8299,0.8925873203492867
8300,0.8923742284169769
8301,0.8920688626071335
8302,0.8916278282823756
8303,0.8909539376721196
8304,0.8903145875853277
8305,0.8894175363074005
8306,0.8882636674973953
8307,0.8870836114058206
8308,0.8857746212799189
8309,0.8844122634108947
8310,0.8836685574531297
8311,0.8834840246200885
8312,0.8842999807258137
8313,0.8861435306785461
8314,0.8882601216513109
8315,0.8906383394435298
8316,0.892469234073209
8317,0.893654795325758
8318,0.8940534544475802
8319,0.8938205493595061
8320,0.8931775108023283
8321,0.8923809694785406
8322,0.8917524913346072
8323,0.8913746454130645
8324,0.8914377164512561
8325,0.8917270833173027
8326,0.8923366974481218
8327,0.892938212256613
8328,0.8934814839116285
8329,0.8938533027853098
8330,0.8940486441279407
8331,0.894078423064524
8332,0.893975497071731
8333,0.8937984500373405
8334,0.893589930650681
8335,0.893401905297679
8336,0.8932418425303831
8337,0.8931422052675932
8338,0.8930723037640168
8339,0.8930476111870875
8340,0.8930375668739058
8341,0.8930429979274366
8342,0.893046080764879
8343,0.8930411675413905
8344,0.8930096686492038
8345,0.8929548237089158
8346,0.8928499997736831
8347,0.8926868961984828
8348,0.8924461136471827
8349,0.8920880154478402
8350,0.8915945441978026
8351,0.8908760911617147
8352,0.889912634814797
8353,0.8885579293930369
8354,0.8868557011881
8355,0.8846405388802219
8356,0.882281770419685
8357,0.8798512401281894
8358,0.8780863330191676
8359,0.8777892636188487
8360,0.8787096705366113
8361,0.8818961927327527
8362,0.8852305421615099
8363,0.889092076615057
8364,0.8918495613477452
8365,0.8935326788746321
8366,0.8940381661051032
8367,0.893625493780514
8368,0.8926493139506287
8369,0.8914212871426963
8370,0.8904583849604357
8371,0.8898518567738974
8372,0.8899649532025179
8373,0.8904680929512593
8374,0.8913996273514883
8375,0.8923138233453076
8376,0.8931579982867126
8377,0.8937314494500079
8378,0.8940291918935866
8379,0.8940684428643985
8380,0.8939163090603789
8381,0.8936518756992724
8382,0.8933319753362319
8383,0.8930302751340277
8384,0.892776268363782
8385,0.8925922387594909
8386,0.892475626821471
8387,0.892414327000763
8388,0.8923877385058926
8389,0.892383111117381
8390,0.8923869616951245
8391,0.892377364329291
8392,0.8923637670680604
8393,0.8923079141884894
8394,0.8922271247194569
8395,0.8920814354340135
8396,0.891882258787128
8397,0.8915968589730794
8398,0.8912353871568691
8399,0.8907499484226004
8400,0.8901764621927633
8401,0.889437740638388
8402,0.8886136165813898
8403,0.8876520875086252
8404,0.8866481626928944
8405,0.8857336321591668
8406,0.8849058454238237
8407,0.8845983230369422
8408,0.8845101190453175
8409,0.8852668070280554
8410,0.8861764074888475
8411,0.8877494891054777
8412,0.8892094040799188
8413,0.8907849165264337
8414,0.8920351947781785
8415,0.8930268326130931
8416,0.8936677330598269
8417,0.8940105903652945
8418,0.8940948654826775
8419,0.8939836014746834
8420,0.8937421021820934
8421,0.8934173303061232
8422,0.8930720771332138
8423,0.8927133962464795
8424,0.8923993185054718
8425,0.8920939777533582
8426,0.8918537768738821
8427,0.8916203617469485
8428,0.8914312677889162
8429,0.8912435107609095
8430,0.8910615603883943
8431,0.8908738334657953
8432,0.8906636714375932
8433,0.890432499075231
8434,0.8901715612277407
8435,0.8898757272051397
8436,0.8895602175337443
8437,0.8892110383235382
8438,0.8888738982969986
8439,0.8885209406615646
8440,0.8882526337518551
8441,0.8879830313287489
8442,0.8879114339239171
8443,0.8878318129241437
8444,0.888053802840993
8445,0.8882469993966166
8446,0.8887584904837459
8447,0.8892164002586105
8448,0.8898952088186813
8449,0.8904931117354381
8450,0.8911695200480114
8451,0.8917435360560648
8452,0.8922948761499851
8453,0.8927387950003016
8454,0.8931217046018862
8455,0.8934117538355544
8456,0.8936424081442844
8457,0.893806415658539
8458,0.8939279418354403
8459,0.8940087585756148
8460,0.8940652138806958
8461,0.8941002231679992
8462,0.894123748536793
8463,0.8941373168474546
8464,0.8941459162557133
8465,0.8941503283294957
8466,0.8941522279984002
8467,0.8941523835856606
8468,0.8941502161688636
8469,0.8941464008535499
8470,0.8941381456297566
8471,0.8941250852205481
8472,0.8940998314273544
8473,0.8940569198530879
8474,0.8939754436592025
8475,0.8938271662787619
8476,0.8935452124326513
8477,0.892998854772268
8478,0.8919584456038774
8479,0.8898403829623884
8480,0.8859822945388752
8481,0.8781746006347749
8482,0.8668561713972753
8483,0.848962832095914
8484,0.8390722786860801
8485,0.8411205830718884
8486,0.8468576213903406
8487,0.8659187513036802
8488,0.8795950120389787
8489,0.8872830534192524
8490,0.8857347786870705
8491,0.8688447408495305
8492,0.8739227632630963
8493,0.8877994125273886
8494,0.8833202492539379
8495,0.884318597931194
8496,0.8867221516665347
8497,0.8848637734964133
8498,0.8688258057883382
8499,0.8313165567268743
8500,0.7755632761368096
8501,0.8420829908696621
8502,0.8862173130047181
8503,0.872890660360298
8504,0.8819502770459865
8505,0.8855335244326178
8506,0.8458834808887126
8507,0.6652860661075186
8508,0.2357541848064872
8509,0.6180166247932942
8510,0.02278954505848872
8511,0.7285870910856059
8512,2.7453720541904076e-05
8513,0.043676207452439976
8514,8.810954746427355e-17
8515,4.2034788350734697e-13
8516,2.5710624521044337e-51
8517,4.436285251045027e-10
8518,1.543222658559657e-08
8519,0.0003837208242710188
8520,5.078335295449005e-72
8521,0.0
8522,0.0
8523,0.0
8524,0.0
8525,4.9548957005434566e-226
8526,9.590085010778787e-43
8527,8.6453523206624e-198
8528,0.0
8529,0.0
8530,0.0
8531,0.0
8532,0.0
8533,0.0
8534,1.3166060868926913e-224
8535,5.243183e-318
8536,0.0
8537,0.0
8538,0.0
8539,0.0
8540,0.0
8541,0.0
8542,0.0
8543,0.0
8544,0.0
8545,2.5198088693119274e-34
8546,6.184764857895124e-14
8547,9.627106950604657e-115
8548,2.3163775683195132e-248
8549,1.197509793207576e-235
8550,7.036373516125855e-72
8551,0.007441785451704868
8552,0.028587880339225696
8553,1.2200244184887862e-36
8554,3.137408308864741e-96
8555,0.0
8556,0.0
8557,0.0
8558,0.0
8559,0.0
8560,0.0
8561,0.0
8562,5.857433492687053e-191
8563,3.1322849604764576e-105
8564,2.0075887406619734e-32
8565,1.4938449895021823e-08
8566,0.0002537810589310127
8567,0.05057530826454542
8568,0.017138244424938363
8569,1.5512369715132772e-09
8570,0.031199332749276384
8571,0.1958470300109115
8572,0.1442530960795923
8573,0.3723141691402637
8574,0.0002053305296484463
8575,0.0001520778084814177
8576,0.21474331926176365
8577,0.00767666614025072
8578,0.0003925844403905563
8579,0.01511317076019783
8580,0.0805566433639236
8581,0.0009112129752996733
8582,0.009451272575100892
8583,0.39118138557452414
8584,0.4550972471082666
8585,3.364834917210386e-18
8586,1.874283348286226e-21
8587,0.04195173890142673
8588,0.011259856432893307
8589,0.0003271160567664455
8590,1.1666757753974147e-15
8591,7.240552273697071e-19
8592,0.1539600988855541
8593,3.265018309094247e-13
8594,5.536864940808121e-265
8595,0.0
8596,0.0
8597,0.0
8598,0.0
8599,0.0
8600,2.8849076587898825e-187
8601,1.8920769003769748e-22
8602,2.1566214438387183e-05
8603,0.00048161791368288526
8604,9.494073687372934e-14
8605,0.0018950245012191338
8606,1.9508185234245263e-15
8607,5.2276370341394625e-12
8608,5.4361954986639105e-06
8609,0.022859103628417896
8610,4.705596349442166e-06
8611,4.260585600189934e-64
8612,2.2503604131984245e-57
8613,0.0018736226172585441
8614,0.0001748782869503648
8615,0.001350095705195685
8616,0.052314594659551995
8617,0.00035037151715406424
8618,0.0004158554297987172
8619,4.960825478908637e-06
8620,3.9043342263238056e-23
8621,2.8383321761152415e-25
8622,0.1516856330315273
8623,0.010855530973803634
8624,6.971596053044204e-05
8625,0.34512256309742867
8626,0.2904746830819654
8627,0.14112516740583417
8628,0.09345298477378304
8629,0.3245692926777071
8630,8.20819881397097e-07
8631,3.2459333092758135e-13
8632,9.699008456777511e-10
8633,0.0005110688708516263
8634,0.08036315815670289
8635,0.004507015253291502
8636,0.19044925697205692
8637,0.44021785766986016
8638,0.004160114840795449
8639,0.22875282286259885
8640,0.0290338327908277
8641,0.09924121104528151
8642,0.226971580016366
8643,0.2966272844655724
8644,0.08390280202008805
8645,0.03429076953765304
8646,0.11064013242335709
8647,0.08000272313401817
8648,0.2523594014827939
8649,0.11260299860347066
8650,0.5299629571735914
8651,0.0038168162527329645
8652,0.07354486462662074
8653,0.0067187752173358236
8654,0.00018505953629810424
8655,0.0015018695352933004
8656,0.048939200360020876
8657,0.4310857060036502
8658,0.21144915207359888
8659,0.05726177776034001
8660,0.09206177707596311
8661,0.2780304731846412
8662,0.3205819915266179
8663,0.3310072286380376
8664,0.38676158495371366
8665,0.5408589899550098
8666,0.6134503947962682
8667,0.20475610193558882
8668,0.3410667385422057
8669,0.24795281418557585
8670,0.6455881062327526
8671,0.35674472241744354
8672,0.3472914508301724
8673,0.6864212436146028
8674,0.4649335643126165
8675,0.4159380703184621
8676,0.6304782139395472
8677,0.6373212105400013
8678,0.5172604484389246
8679,0.5876596295083164
8680,0.7103592581679542
8681,0.6825615828210911
8682,0.6159621238760786
8683,0.7371571109098305
8684,0.8043316812757135
8685,0.804984189022594
8686,0.7665938932967605
8687,0.8019748010474255
8688,0.7768171510832846
8689,0.7717845572152787
8690,0.813505661210225
8691,0.8488344464300981
8692,0.8498553840524946
8693,0.8550827849996511
8694,0.8451850461122479
8695,0.850537500840842
8696,0.848463310278238
8697,0.8451289385851689
8698,0.8478187472624558
8699,0.8499113777521243
8700,0.8599118586241264
8701,0.8646129230024958
8702,0.8749782021614929
8703,0.8796388504530008
8704,0.8774152176031104
8705,0.8754254149615872
8706,0.8698391710190078
8707,0.8670084599454734
8708,0.8709423259382068
8709,0.8750107253241853
8710,0.8797080806380454
8711,0.8844187576337975
8712,0.8832670030949501
8713,0.8812322902321241
8714,0.8807334829373419
8715,0.8794110138803027
8716,0.880386820287276
8717,0.8815863264892756
8718,0.8829167133900705
8719,0.8845729745140131
8720,0.8844568212233082
8721,0.8848957107695432
8722,0.8856764785139403
8723,0.8855736612020247
8724,0.8858221464566158
8725,0.885760367410825
8726,0.8853567989015048
8727,0.8855529324833347
8728,0.8857574366267951
8729,0.8862364026048144
8730,0.8871100565023711
8731,0.8873791556983263
8732,0.8873774028826551
8733,0.8873109806770564
8734,0.8869727073408495
8735,0.8869307564818777
8736,0.8871046614920666
8737,0.8873412274469906
8738,0.8877235171328156
8739,0.8878910697892344
8740,0.8879382273602626
8741,0.8879944709042756
8742,0.8879230732019748
8743,0.8879448169335663
8744,0.8880551124979154
8745,0.8881142130465585
8746,0.888218448151767
8747,0.8883022432534871
8748,0.8883433793999127
8749,0.8884307373628629
8750,0.8884797481212695
8751,0.8885040408997409
8752,0.8885473809192902
8753,0.8885402036699184
8754,0.8885367786942465
8755,0.8885746276282648
8756,0.8886133164345553
8757,0.8886768105640787
8758,0.8887423256027075
8759,0.8887803957711651
8760,0.8888100011513732
8761,0.8888202977948543
8762,0.8888266069869563
8763,0.8888529358771985
8764,0.8888807211449526
8765,0.8889120657335997
8766,0.8889471773287666
8767,0.8889686646839189
8768,0.8889860411399272
8769,0.8890035371822494
8770,0.8890181993475462
8771,0.8890402721227237
8772,0.8890639156087593
8773,0.8890854185796353
8774,0.889111657298233
8775,0.8891354697974271
8776,0.8891566989712413
8777,0.8891812696539874
8778,0.8892027067206889
8779,0.8892211230368658
8780,0.8892405040043322
8781,0.8892579508514723
8782,0.889275826894893
8783,0.8892964871708742
8784,0.8893172481805008
8785,0.889338571991352
8786,0.8893598652389315
8787,0.8893790721542196
8788,0.8893977514730269
8789,0.8894166227930324
8790,0.8894353186720981
8791,0.8894548100508777
8792,0.8894748281947763
8793,0.8894945446465242
8794,0.8895139288161278
8795,0.889532972327639
8796,0.8895519525556248
8797,0.8895709664839823
8798,0.8895900097016024
8799,0.8896093370108283
8800,0.8896285380431007
8801,0.8896473764585962
8802,0.8896662078500954
8803,0.8896847608306594
8804,0.8897029717790336
8805,0.8897212115580178
8806,0.8897392221777608
8807,0.8897570449996764
8808,0.8897750772184194
8809,0.8897931243627711
8810,0.8898112634268198
8811,0.8898297258072414
8812,0.8898481242478419
8813,0.8898663887061992
8814,0.8898846793680076
8815,0.8899026998332211
8816,0.8899204905786083
8817,0.8899382912692558
8818,0.8899558947242785
8819,0.8899733175042772
8820,0.8899907456827575
8821,0.8900080252739927
8822,0.8900251998653823
8823,0.8900424601850323
8824,0.8900597029934182
8825,0.8900769437362815
8826,0.8900942886931205
8827,0.89011160042873
8828,0.890128854088017
8829,0.8901461246278615
8830,0.8901633005488385
8831,0.8901803706168684
8832,0.8901974140505751
8833,0.8902143521666656
8834,0.8902311871861387
8835,0.8902480044322656
8836,0.8902647524428287
8837,0.89028143235818
8838,0.8902981097336783
8839,0.8903147304668643
8840,0.8903312801646904
8841,0.890347806728898
8842,0.8903642664493617
8843,0.8903806510952172
8844,0.8903970055996968
8845,0.8904132959040071
8846,0.8904295154302996
8847,0.8904457021100907
8848,0.8904618277601236
8849,0.890477888875245
8850,0.8904939189668168
8851,0.8905098922702785
8852,0.8905258019733971
8853,0.8905416716668003
8854,0.8905574750963652
8855,0.8905732056050222
8856,0.89058888542202
8857,0.890604496453984
8858,0.8906200387884109
8859,0.890635535647668
8860,0.8906509743355963
8861,0.890666356844029
8862,0.8906817018544857
8863,0.8906969958533328
8864,0.890712237948342
8865,0.8907274395038197
8866,0.8907425846145006
8867,0.8907576705649888
8868,0.8907727053019453
8869,0.8907876753318773
8870,0.8908025813207581
8871,0.890817432649982
8872,0.8908322208778076
8873,0.8908469505179967
8874,0.8908616313011898
8875,0.8908762569364279
8876,0.8908908319814336
8877,0.8909053629121033
8878,0.8909198422011504
8879,0.8909342720590314
8880,0.8909486549937466
8881,0.8909629826766615
8882,0.8909772566109837
8883,0.8909914780987329
8884,0.8910056407574123
8885,0.8910197477751015
8886,0.8910338011618005
8887,0.8910477970733143
8888,0.8910617398495685
8889,0.8910756311522695
8890,0.8910894679659291
8891,0.8911032540439936
8892,0.8911169896037923
8893,0.8911306716569042
8894,0.8911443030456986
8895,0.891157882886719
8896,0.8911714086386536
8897,0.8911848828157721
8898,0.8911983043023961
8899,0.8912116715856079
8900,0.8912249872337548
8901,0.8912382501683848
8902,0.8912514596434055
8903,0.891264617847452
8904,0.891277723436487
8905,0.8912907760410098
8906,0.8913037773564306
8907,0.8913167259922617
8908,0.8913296220747634
8909,0.8913424670175782
8910,0.891355259632641
8911,0.8913680005076621
8912,0.8913806907603953
8913,0.8913933293715827
8914,0.8914059171021259
8915,0.8914184545511105
8916,0.8914309406574226
8917,0.8914433760537416
8918,0.8914557607939224
8919,0.8914680939105107
8920,0.8914803760731641
8921,0.8914926071829383
8922,0.891504786705033
8923,0.8915169155097946
8924,0.8915289935298397
8925,0.8915410206519887
8926,0.8915529977756094
8927,0.8915649247455998
8928,0.8915768016090864
8929,0.8915886289989429
8930,0.8916004065198113
8931,0.8916121342026176
8932,0.8916238123656297
8933,0.8916354405288477
8934,0.8916470188452181
8935,0.8916585475362031
8936,0.8916700262884591
8937,0.891681455467766
8938,0.8916928352784662
8939,0.8917041656011375
8940,0.8917154468980851
8941,0.8917266792778135
8942,0.8917378627029944
8943,0.8917489975569463
8944,0.8917600837815629
8945,0.8917711213593412
8946,0.8917821105544207
8947,0.8917930512310724
8948,0.8918039434616464
8949,0.8918147874635608
8950,0.8918255831412447
8951,0.8918363306834162
8952,0.8918470302753341
8953,0.891857681888514
8954,0.8918682857750787
8955,0.8918788420615682
8956,0.8918893507674284
8957,0.8918998121384818
8958,0.8919102262298464
8959,0.8919205931007836
8960,0.891930912965886
8961,0.8919411858471803
8962,0.8919514118590641
8963,0.8919615911841267
8964,0.8919717238440198
8965,0.8919818099938851
8966,0.8919918497729551
8967,0.8920018432183915
8968,0.8920117905049993
8969,0.8920216917343332
8970,0.8920315469759115
8971,0.8920413564096114
8972,0.8920511201175787
8973,0.8920608382121147
8974,0.8920705108685444
8975,0.892080138168622
8976,0.8920897202594775
8977,0.892099257293806
8978,0.8921087493541494
8979,0.8921181965959646
8980,0.8921275991371909
8981,0.8921369570671907
8982,0.8921462705385714
8983,0.8921555396491295
8984,0.8921647645108673
8985,0.8921739452745489
8986,0.8921830820400486
8987,0.8921921749486843
8988,0.8922012241479559
8989,0.8922102297503334
8990,0.8922191919130107
8991,0.8922281107692993
8992,0.8922369864392861
8993,0.8922458190754841
8994,0.8922546087943636
8995,0.8922633557235394
8996,0.8922720600055023
8997,0.8922807217530159
8998,0.892289341105811
8999,0.8922979182004396
9000,0.8923064531597624
9001,0.8923149461345549
9002,0.8923233972587681
9003,0.8923318066684244
9004,0.8923401745152116
9005,0.8923485009294151
9006,0.8923567860542175
9007,0.8923650300334484
9008,0.8923732329966295
9009,0.8923813950902383
9010,0.8923895164509975
9011,0.8923975972138133
9012,0.8924056375263508
9013,0.8924136375233928
9014,0.892421597348208
9015,0.8924295171474943
9016,0.892437397058556
9017,0.8924452372303787
9018,0.8924530378063525
9019,0.8924607989277936
9020,0.8924685207445032
9021,0.8924762033973317
9022,0.8924838470321904
9023,0.8924914517969607
9024,0.8924990178330392
9025,0.8925065452895654
9026,0.8925140343117416
9027,0.892521485043908
9028,0.8925288976359527
9029,0.8925362722318183
9030,0.8925436089794515
9031,0.8925509080275611
9032,0.8925581695211626
9033,0.8925653936107781
9034,0.8925725804439292
9035,0.892579730168676
9036,0.89258684293635
9037,0.8925939188943695
9038,0.8926009581934624
9039,0.8926079609837855
9040,0.8926149274135692
9041,0.8926218576343625
9042,0.8926287517948484
9043,0.8926356100448138
9044,0.8926424325352519
9045,0.8926492194148041
9046,0.8926559708349094
9047,0.8926626869459423
9048,0.8926693678981791
9049,0.8926760138439327
9050,0.8926826249335303
9051,0.8926892013189145
9052,0.8926957431518854
9053,0.8927022505831432
9054,0.8927087237650834
9055,0.8927151628485464
9056,0.8927215679849414
9057,0.8927279393261447
9058,0.8927342770228084
9059,0.8927405812270177
9060,0.8927468520900824
9061,0.8927530897634385
9062,0.8927592943993555
9063,0.8927654661490461
9064,0.892771605164692
9065,0.8927777115980574
9066,0.8927837856005749
9067,0.8927898273243744
9068,0.8927958369206183
9069,0.8928018145409873
9070,0.8928077603369654
9071,0.892813674459562
9072,0.8928195570603927
9073,0.8928254082903527
9074,0.8928312283006433
9075,0.8928370172424397
9076,0.8928427752664391
9077,0.8928485025237977
9078,0.8928541991650818
9079,0.8928598653409554
9080,0.8928655012020508
9081,0.8928711068985089
9082,0.8928766825807596
9083,0.8928822283987201
9084,0.892887744502279
9085,0.8928932310412587
9086,0.8928986881650165
9087,0.8929041160230704
9088,0.8929095147644818
9089,0.8929148845382165
9090,0.8929202254931253
9091,0.8929255377776295
9092,0.8929308215402104
9093,0.8929360769289254
9094,0.8929413040917021
9095,0.8929465031762985
9096,0.8929516743300708
9097,0.8929568177003379
9098,0.8929619334339871
9099,0.892967021677729
9100,0.8929720825780231
9101,0.892977116280936
9102,0.8929821229324081
9103,0.8929871026779429
9104,0.8929920556628437
9105,0.8929969820321124
9106,0.8930018819303907
9107,0.8930067555021358
9108,0.8930116028913796
9109,0.8930164242419334
9110,0.8930212196972522
9111,0.8930259894004383
9112,0.8930307334943297
9113,0.8930354521213282
9114,0.8930401454235708
9115,0.8930448135427868
9116,0.893049456620356
9117,0.8930540747973298
9118,0.8930586682143344
9119,0.8930632370117
9120,0.8930677813293272
9121,0.8930723013067742
9122,0.8930767970832183
9123,0.8930812687974208
9124,0.8930857165877992
9125,0.8930901405923203
9126,0.8930945409485909
9127,0.8930989177937857
9128,0.8931032712646672
9129,0.8931076014976023
9130,0.8931119086285033
9131,0.8931161927928989
9132,0.8931204541258578
9133,0.89312469276204
9134,0.8931289088356673
9135,0.8931331024805127
9136,0.8931372738299309
9137,0.8931414230168024
9138,0.8931455501735864
9139,0.8931496554322688
9140,0.8931537389243881
9141,0.8931578007810251
9142,0.8931618411327846
9143,0.8931658601098235
9144,0.8931698578418074
9145,0.893173834457948
9146,0.8931777900869677
9147,0.8931817248571153
9148,0.8931856388961605
9149,0.8931895323313787
9150,0.8931934052895723
9151,0.8931972578970389
9152,0.8932010902795975
9153,0.8932049025625624
9154,0.8932086948707548
9155,0.8932124673284968
9156,0.8932162200596017
9157,0.8932199531873866
9158,0.8932236668346504
9159,0.8932273611236924
9160,0.8932310361762907
9161,0.8932346921137156
9162,0.8932383290567187
9163,0.8932419471255335
9164,0.8932455464398775
9165,0.8932491271189416
9166,0.8932526892814007
9167,0.8932562330453979
9168,0.8932597585285563
9169,0.8932632658479658
9170,0.8932667551201897
9171,0.8932702264612586
9172,0.8932736799866696
9173,0.893277115811388
9174,0.8932805340498396
9175,0.8932839348159187
9176,0.8932873182229769
9177,0.8932906843838317
9178,0.8932940334107575
9179,0.8932973654154903
9180,0.8933006805092231
9181,0.8933039788026067
9182,0.8933072604057491
9183,0.8933105254282123
9184,0.8933137739790153
9185,0.8933170061666288
9186,0.8933202220989798
9187,0.893323421883445
9188,0.8933266056268572
9189,0.8933297734354979
9190,0.8933329254151029
9191,0.8933360616708577
9192,0.8933391823073994
9193,0.8933422874288158
9194,0.8933453771386449
9195,0.8933484515398756
9196,0.8933515107349458
9197,0.8933545548257452
9198,0.8933575839136115
9199,0.8933605980993345
9200,0.893363597483152
9201,0.893366582164754
9202,0.8933695522432787
9203,0.8933725078173171
9204,0.893375448984909
9205,0.8933783758435466
9206,0.8933812884901725
9207,0.8933841870211822
9208,0.893387071532422
9209,0.8933899421191924
9210,0.8933927988762455
9211,0.8933956418977883
9212,0.893398471277481
9213,0.8934012871084397
9214,0.8934040894832346
9215,0.8934068784938937
9216,0.8934096542318996
9217,0.8934124167881952
9218,0.8934151662531788
9219,0.8934179027167115
9220,0.8934206262681105
9221,0.893423336996158
9222,0.8934260349890941
9223,0.8934287203346268
9224,0.893431393119922
9225,0.8934340534316177
9226,0.8934367013558094
9227,0.8934393369780702
9228,0.8934419603834284
9229,0.893444571656398
9230,0.8934471708809434
9231,0.8934497581405263
9232,0.8934523335180491
9233,0.8934548970959297
9234,0.8934574489560096
9235,0.8934599891796738
9236,0.8934625178477004
9237,0.8934650350404576
9238,0.893467540837651
9239,0.8934700353186577
9240,0.8934725185620896
9241,0.8934749906463749
9242,0.8934774516489883
9243,0.8934799016474833
9244,0.8934823407181093
9245,0.8934847689376818
9246,0.8934871863810501
9247,0.8934895931245517
9248,0.893491989241286
9249,0.8934943748076208
9250,0.8934967498942037
9251,0.8934991145784453
9252,0.8935014689271147
9253,0.8935038130207233
9254,0.8935061469192228
9255,0.8935084707104799
9256,0.8935107844414895
9257,0.8935130882164084
9258,0.8935153820562647
9259,0.893517666100563
9260,0.893519940316385
9261,0.8935222049198466
9262,0.8935244597630309
9263,0.8935267052293183
9264,0.8935289409206351
9265,0.8935311675896493
9266,0.8935333842845568
9267,0.8935355925838026
9268,0.8935377902899937
9269,0.8935399808524985
9270,0.8935421592274941
9271,0.893544333156574
9272,0.8935464909827606
9273,0.8935486503982941
9274,0.8935507840820033
9275,0.8935529329131834
9276,0.8935550314635939
9277,0.8935571741611045
9278,0.8935591986423536
9279,0.8935613169950127
9280,0.893563098761555
9281,0.8935649674511573
9282,0.8935656301023582
9283,0.8935655322860505
9284,0.8935599188239066
9285,0.8935459465350366
9286,0.8935013624225242
9287,0.8933922855915142
9288,0.8930920356356622
9289,0.8923323895328727
9290,0.8903165037719362
9291,0.885214547932591
9292,0.8725150693634094
9293,0.8450490171692584
9294,0.7999412662866218
9295,0.773513110726516
9296,0.8121086089302559
9297,0.8801562615608608
9298,0.8818640394738376
9299,0.8321248446007795
9300,0.8311532908527924
9301,0.8795151385599383
9302,0.8799482320889871
9303,0.8551065403025866
9304,0.880918085780253
9305,0.8880972678110243
9306,0.8683591628286278
9307,0.8844482723633461
9308,0.8868714027373774
9309,0.87687453127151
9310,0.8921995661535164
9311,0.8833142317886914
9312,0.8857447353862694
9313,0.8919062473358332
9314,0.8841092363495558
9315,0.8929175404501228
9316,0.887598404585331
9317,0.8897669019921938
9318,0.8919054793331068
9319,0.8885949278756856
9320,0.8929334481651181
9321,0.8895756720260457
9322,0.8926737101682524
9323,0.8912146227843797
9324,0.8915782545754184
9325,0.8928525199225247
9326,0.8910451141782701
9327,0.8933749744199945
9328,0.8915690802702136
9329,0.8930446693403848
9330,0.8924398681752597
9331,0.8926870081509116
9332,0.8930107395671892
9333,0.89249218954557
9334,0.893417613775754
9335,0.8925103711747064
9336,0.8934090611994063
9337,0.8929021703473259
9338,0.893162522514583
9339,0.8932335989578556
9340,0.8930566525542256
9341,0.8934021054075787
9342,0.8930607860044446
9343,0.8934700322612993
9344,0.8931597739641599
9345,0.8934136968404859
9346,0.893333536079782
9347,0.8933137815601774
9348,0.8934662267189014
9349,0.8933033971855727
9350,0.8934929998627662
9351,0.8933569899258897
9352,0.8934827396399998
9353,0.8934201294683936
9354,0.8934528974731534
9355,0.8934981038557976
9356,0.8934317333023845
9357,0.8935349284647001
9358,0.8934604156859756
9359,0.8935275631374328
9360,0.8935027218247685
9361,0.8935174202062308
9362,0.8935368335649356
9363,0.8935123555515684
9364,0.8935564213491087
9365,0.8935213249073138
9366,0.893557967189138
9367,0.8935432363086161
9368,0.8935509200886782
9369,0.8935664075477673
9370,0.8935512816483183
9371,0.893576134285581
9372,0.8935638505114567
9373,0.8935790249640682
9374,0.8935762170035538
9375,0.8935800876951392
9376,0.8935886927058384
9377,0.8935810216349981
9378,0.893595034517044
9379,0.8935891285549276
9380,0.893595557760078
9381,0.8935978135631002
9382,0.893597551479325
9383,0.8936048154062581
9384,0.8936021471437157
9385,0.893609377837455
9386,0.8936095847272802
9387,0.8936126182269598
9388,0.8936163632077928
9389,0.8936169095370087
9390,0.8936223325146501
9391,0.8936221258897122
9392,0.8936264532415938
9393,0.8936288193824637
9394,0.8936300507715722
9395,0.8936342485327426
9396,0.8936354710721063
9397,0.8936389139533358
9398,0.8936408614333727
9399,0.893643508549603
9400,0.8936464151934363
9401,0.8936478992139697
9402,0.893651257290167
9403,0.8936530684713705
9404,0.8936554025169101
9405,0.8936578786733151
9406,0.8936597911824247
9407,0.8936624788225297
9408,0.8936642757983422
9409,0.8936668189031333
9410,0.8936691311899092
9411,0.8936710359960408
9412,0.8936736142235373
9413,0.8936756652025261
9414,0.8936778821957999
9415,0.8936800200394606
9416,0.8936821054031587
9417,0.893684268698663
9418,0.8936861117923518
9419,0.8936883131485976
9420,0.8936903155216579
9421,0.893692199260313
9422,0.8936943476024944
9423,0.893696300787225
9424,0.8936983248066138
9425,0.8937003578264568
9426,0.8937023879441318
9427,0.8937044294040685
9428,0.8937063466619516
9429,0.8937083933617568
9430,0.8937103638708492
9431,0.8937122519618066
9432,0.8937142453075697
9433,0.8937161538773709
9434,0.8937180362322654
9435,0.8937199463539444
9436,0.8937218528733079
9437,0.8937237439869627
9438,0.8937256018523335
9439,0.8937275069311168
9440,0.8937293722791835
9441,0.8937311966536385
9442,0.893733077438716
9443,0.8937349125209303
9444,0.8937367121282292
9445,0.8937385368074302
9446,0.8937403366368117
9447,0.8937421135381083
9448,0.8937438915471064
9449,0.8937456719932875
9450,0.893747427086874
9451,0.8937491648529595
9452,0.8937509201427251
9453,0.8937526516200631
9454,0.8937543611923264
9455,0.8937560852523413
9456,0.893757786380124
9457,0.8937594642543744
9458,0.8937611501762929
9459,0.8937628257715677
9460,0.893764482208099
9461,0.8937661382330147
9462,0.8937677926684212
9463,0.893769430270267
9464,0.893771062784183
9465,0.8937727000385135
9466,0.8937743212512892
9467,0.8937759305710793
9468,0.8937775424954968
9469,0.8937791397324608
9470,0.893780723578466
9471,0.8937823088010262
9472,0.8937838828812056
9473,0.8937854429914129
9474,0.893787002261108
9475,0.8937885556333138
9476,0.8937900975899897
9477,0.8937916372116005
9478,0.8937931733287875
9479,0.8937946978164841
9480,0.8937962169164155
9481,0.8937977336611799
9482,0.8937992396839871
9483,0.8938007381088202
9484,0.8938022335261577
9485,0.893803718698492
9486,0.8938051954131891
9487,0.8938066696667072
9488,0.8938081358416449
9489,0.8938095935170324
9490,0.8938110481093554
9491,0.8938124958594079
9492,0.8938139354159466
9493,0.8938153716487027
9494,0.8938168021542411
9495,0.8938182243202768
9496,0.8938196420064438
9497,0.8938210544828064
9498,0.8938224591711187
9499,0.8938238591856457
9500,0.8938252546513636
9501,0.8938266427284153
9502,0.8938280257127472
9503,0.8938294046362538
9504,0.8938307769890796
9505,0.8938321442130202
9506,0.893833507438099
9507,0.8938348642707544
9508,0.8938362156084393
9509,0.8938375629681206
9510,0.893838904457548
9511,0.893840240459046
9512,0.8938415724183669
9513,0.8938428988361664
9514,0.893844219902994
9515,0.8938455371451903
9516,0.8938468493994586
9517,0.8938481564551735
9518,0.8938494595556868
9519,0.8938507577986298
9520,0.8938520508848088
9521,0.8938533399634974
9522,0.8938546243445906
9523,0.893855903571866
9524,0.8938571786421131
9525,0.8938584491621653
9526,0.8938597147695378
9527,0.8938609763753503
9528,0.8938622336954261
9529,0.8938634862943806
9530,0.893864734930794
9531,0.8938659794586297
9532,0.8938672194797512
9533,0.8938684556001915
9534,0.8938696876773454
9535,0.8938709153009343
9536,0.8938721390032974
9537,0.8938733587544394
9538,0.8938745742195543
9539,0.8938757858408423
9540,0.8938769935964627
9541,0.8938781971926543
9542,0.8938793970375445
9543,0.8938805931583668
9544,0.8938817852927727
9545,0.8938829737544476
9546,0.893884158547007
9547,0.8938853394449157
9548,0.8938865167387705
9549,0.8938876904482227
9550,0.8938888603711709
9551,0.8938900267416903
9552,0.8938911895753933
9553,0.8938923487217965
9554,0.8938935044072946
9555,0.8938946566460483
9556,0.8938958052987196
9557,0.8938969505490116
9558,0.8938980924041366
9559,0.8938992307614056
9560,0.8939003657896988
9561,0.8939014974825638
9562,0.893902625747605
9563,0.8939037507331634
9564,0.8939048724391556
9565,0.8939059908095379
9566,0.8939071059818959
9567,0.8939082179439609
9568,0.8939093266496959
9569,0.8939104322214095
9570,0.8939115346473565
9571,0.8939126338992803
9572,0.8939137300785094
9573,0.8939148231588735
9574,0.8939159131219413
9575,0.8939170000610918
9576,0.8939180839560623
9577,0.8939191648047906
9578,0.8939202426864257
9579,0.8939213175774035
9580,0.8939223894888663
9581,0.893923458493618
9582,0.8939245245707591
9583,0.893925587736717
9584,0.8939266480463867
9585,0.8939277054764556
9586,0.8939287600514214
9587,0.8939298118181128
9588,0.8939308607560428
9589,0.8939319068925057
9590,0.8939329502626828
9591,0.8939339908515522
9592,0.89393502869393
9593,0.8939360638185966
9594,0.8939370962142315
9595,0.8939381259148955
9596,0.8939391529403936
9597,0.8939401772855985
9598,0.8939411989860797
9599,0.893942218054628
9600,0.8939432344892827
9601,0.8939442483226748
9602,0.8939452595631356
9603,0.8939462682159092
9604,0.8939472743122572
9605,0.8939482778565037
9606,0.8939492788575782
9607,0.8939502773430724
9608,0.8939512733163594
9609,0.8939522667913649
9610,0.8939532577912053
9611,0.893954246317318
9612,0.8939552323857626
9613,0.8939562160156925
9614,0.8939571972101881
9615,0.8939581759877522
9616,0.8939591523631241
9617,0.8939601263404625
9618,0.8939610979391938
9619,0.8939620671713554
9620,0.8939630340437971
9621,0.8939639985752109
9622,0.8939649607740501
9623,0.8939659206488674
9624,0.8939668782170669
9625,0.8939678334857067
9626,0.8939687864654583
9627,0.8939697371713455
9628,0.8939706856094222
9629,0.8939716317922348
9630,0.8939725757331508
9631,0.8939735174387955
9632,0.8939744569225246
9633,0.8939753941951356
9634,0.8939763292638746
9635,0.8939772621423269
9636,0.8939781928395716
9637,0.8939791213638129
9638,0.8939800477276357
9639,0.8939809719386147
9640,0.8939818940061853
9641,0.8939828139420809
9642,0.8939837317534476
9643,0.8939846474505002
9644,0.8939855610434609
9645,0.8939864725395439
9646,0.8939873819495405
9647,0.8939882892824492
9648,0.8939891945458378
9649,0.8939900977501397
9650,0.8939909989031818
9651,0.8939918980132096
9652,0.8939927950901589
9653,0.8939936901412323
9654,0.8939945831751046
9655,0.893995474200759
9656,0.8939963632252806
9657,0.8939972502577282
9658,0.8939981353062217
9659,0.8939990183779504
9660,0.8939998994817631
9661,0.8940007786249983
9662,0.8940016558152181
9663,0.894002531060872
9664,0.8940034043688057
9665,0.8940042757467768
9666,0.8940051452025779
9667,0.8940060127429725
9668,0.8940068783758673
9669,0.894007742108438
9670,0.8940086039475013
9671,0.8940094639007393
9672,0.8940103219748468
9673,0.8940111781768393
9674,0.8940120325140023
9675,0.8940128849927219
9676,0.8940137356200447
9677,0.8940145844027623
9678,0.8940154313472451
9679,0.8940162764604868
9680,0.894017119748853
9681,0.8940179612187595
9682,0.894018800876937
9683,0.8940196387295037
9684,0.8940204747829488
9685,0.894021309043636
9686,0.8940221415175434
9687,0.894022972211066
9688,0.8940238011302164
9689,0.8940246282809818
9690,0.894025453669559
9691,0.894026277301699
9692,0.8940270991833786
9693,0.894027919320516
9694,0.8940287377187656
9695,0.8940295543840451
9696,0.8940303693219886
9697,0.8940311825382034
9698,0.8940319940384278
9699,0.8940328038281007
9700,0.8940336119128056
9701,0.8940344182980403
9702,0.8940352229891235
9703,0.894036025991541
9704,0.8940368273105711
9705,0.894037626951494
9706,0.8940384249196343
9707,0.894039221220105
9708,0.8940400158581273
9709,0.8940408088388295
9710,0.8940416001672441
9711,0.8940423898484884
9712,0.8940431778875073
9713,0.8940439642892706
9714,0.8940447490587378
9715,0.8940455322007372
9716,0.8940463137201681
9717,0.8940470936218204
9718,0.8940478719104458
9719,0.8940486485908261
9720,0.8940494236676194
9721,0.8940501971455177
9722,0.8940509690291567
9723,0.8940517393230992
9724,0.8940525080319439
9725,0.8940532751601905
9726,0.8940540407123372
9727,0.8940548046928609
9728,0.8940555671061564
9729,0.8940563279566451
9730,0.8940570872486782
9731,0.8940578449865819
9732,0.8940586011746784
9733,0.8940593558172127
9734,0.8940601089184411
9735,0.894060860482571
9736,0.8940616105137719
9737,0.8940623590162136
9738,0.8940631059939987
9739,0.8940638514512281
9740,0.8940645953919693
9741,0.8940653378202467
9742,0.8940660787400858
9743,0.8940668181554563
9744,0.8940675560703168
9745,0.8940682924886018
9746,0.8940690274142032
9747,0.8940697608510111
9748,0.8940704928028683
9749,0.894071223273602
9750,0.8940719522670186
9751,0.8940726797868856
9752,0.8940734058369647
9753,0.8940741304209785
9754,0.8940748535426308
9755,0.8940755752056077
9756,0.8940762954135597
9757,0.8940770141701292
9758,0.894077731478925
9759,0.8940784473435367
9760,0.8940791617675367
9761,0.8940798747544654
9762,0.8940805863078535
9763,0.8940812964312018
9764,0.8940820051279926
9765,0.8940827124016909
9766,0.8940834182557336
9767,0.8940841226935464
9768,0.8940848257185285
9769,0.8940855273340614
9770,0.8940862275435097
9771,0.8940869263502127
9772,0.8940876237574981
9773,0.8940883197686688
9774,0.8940890143870118
9775,0.8940897076157965
9776,0.8940903994582706
9777,0.8940910899176691
9778,0.8940917789972045
9779,0.8940924667000748
9780,0.8940931530294605
9781,0.8940938379885225
9782,0.8940945215804095
9783,0.8940952038082489
9784,0.8940958846751551
9785,0.8940965641842246
9786,0.8940972423385374
9787,0.89409791914116
9788,0.8940985945951402
9789,0.8940992687035129
9790,0.8940999414692961
9791,0.8941006128954931
9792,0.8941012829850936
9793,0.8941019517410702
9794,0.8941026191663834
9795,0.8941032852639775
9796,0.8941039500367838
9797,0.8941046134877191
9798,0.8941052756196858
9799,0.8941059364355742
9800,0.8941065959382591
9801,0.8941072541306035
9802,0.8941079110154564
9803,0.8941085665956537
9804,0.8941092208740193
9805,0.894109873853363
9806,0.8941105255364835
9807,0.8941111759261656
9808,0.894111825025183
9809,0.8941124728362969
9810,0.8941131193622561
9811,0.8941137646057984
9812,0.8941144085696486
9813,0.8941150512565215
9814,0.894115692669119
9815,0.8941163328101329
9816,0.8941169716822431
9817,0.8941176092881186
9818,0.8941182456304176
9819,0.8941188807117877
9820,0.8941195145348655
9821,0.8941201471022773
9822,0.894120778416639
9823,0.894121408480556
9824,0.8941220372966238
9825,0.8941226648674279
9826,0.8941232911955435
9827,0.8941239162835364
9828,0.8941245401339626
9829,0.8941251627493683
9830,0.8941257841322906
9831,0.894126404285257
9832,0.8941270232107859
9833,0.8941276409113862
9834,0.8941282573895584
9835,0.8941288726477933
9836,0.8941294866885735
9837,0.8941300995143726
9838,0.8941307111276556
9839,0.894131321530879
9840,0.8941319307264907
9841,0.8941325387169305
9842,0.8941331455046297
9843,0.8941337510920118
9844,0.8941343554814919
9845,0.8941349586754774
9846,0.8941355606763676
9847,0.894136161486554
9848,0.8941367611084206
9849,0.8941373595443436
9850,0.8941379567966918
9851,0.8941385528678266
9852,0.8941391477601017
9853,0.8941397414758638
9854,0.8941403340174524
9855,0.8941409253871998
9856,0.8941415155874313
9857,0.8941421046204648
9858,0.8941426924886121
9859,0.8941432791941777
9860,0.8941438647394592
9861,0.894144449126748
9862,0.8941450323583284
9863,0.8941456144364786
9864,0.89414619536347
9865,0.8941467751415677
9866,0.8941473537730307
9867,0.8941479312601114
9868,0.8941485076050563
9869,0.8941490828101054
9870,0.8941496568774931
9871,0.8941502298094476
9872,0.8941508016081909
9873,0.8941513722759395
9874,0.894151941814904
9875,0.894152510227289
9876,0.8941530775152938
9877,0.8941536436811116
9878,0.8941542087269305
9879,0.8941547726549326
9880,0.8941553354672949
9881,0.8941558971661887
9882,0.8941564577537803
9883,0.8941570172322303
9884,0.8941575756036942
9885,0.8941581328703224
9886,0.89415868903426
9887,0.894159244097647
9888,0.8941597980626185
9889,0.8941603509313044
9890,0.8941609027058297
9891,0.8941614533883145
9892,0.8941620029808741
9893,0.8941625514856191
9894,0.8941630989046547
9895,0.8941636452400823
9896,0.8941641904939978
9897,0.894164734668493
9898,0.8941652777656547
9899,0.8941658197875655
9900,0.8941663607363032
9901,0.8941669006139413
9902,0.8941674394225488
9903,0.8941679771641904
9904,0.8941685138409261
9905,0.8941690494548121
9906,0.8941695840078998
9907,0.894170117502237
9908,0.8941706499398663
9909,0.8941711813228271
9910,0.8941717116531542
9911,0.8941722409328786
9912,0.8941727691640265
9913,0.8941732963486213
9914,0.8941738224886806
9915,0.8941743475862206
9916,0.8941748716432502
9917,0.8941753946617785
9918,0.8941759166438058
9919,0.8941764375913347
9920,0.894176957506356
9921,0.8941774763908671
9922,0.8941779942468482
9923,0.8941785110762935
9924,0.8941790268811697
9925,0.8941795416634719
9926,0.8941800554251487
9927,0.894180568168202
9928,0.8941810798945544
9929,0.8941815906062265
9930,0.8941821003050979
9931,0.8941826089932318
9932,0.8941831166724323
9933,0.8941836233448506
9934,0.8941841290121516
9935,0.8941846336766648
9936,0.8941851373397882
9937,0.8941856400042113
9938,0.8941861416708063
9939,0.8941866423429932
9940,0.8941871420205869
9941,0.8941876407085044
9942,0.8941881384043942
9943,0.8941886351162804
9944,0.8941891308373002
9945,0.8941896255820123
9946,0.8941901193340155
9947,0.894190612121801
9948,0.894191103908504
9949,0.8941915947527319
9950,0.8941920845730934
9951,0.8941925734941875
9952,0.8941930613363801
9953,0.8941935483708351
9954,0.8941940341981531
9955,0.8941945194193149
9956,0.8941950031364828
9957,0.894195486702222
9958,0.8941959680720222
9959,0.894196450330861
9960,0.8941969287549856
9961,0.8941974104581649
9962,0.8941978843363382
9963,0.8941983668961054
9964,0.8941988314122872
9965,0.8941993159816632
9966,0.8941997537409074
9967,0.8942002293536748
9968,0.894200562935938
9969,0.8942009165314939
9970,0.8942007362360814
9971,0.8942001373790238
9972,0.8941970170175557
9973,0.8941897958471577
9974,0.8941683810983944
9975,0.8941162456022311
9976,0.8939753551093333
9977,0.8936176989455418
9978,0.8926762154224515
9979,0.8902424456815439
9980,0.8840665845296074
9981,0.868898909296148
9982,0.8379411403562728
9983,0.7904622967983855
9984,0.7767198868485058
9985,0.8300444612854085
9986,0.8883578090070994
9987,0.8739126277878638
9988,0.8382380777349178
9989,0.8632640303672473
9990,0.8924213937489346
9991,0.8624374036069147
9992,0.8616779414629353
9993,0.8927597454748072
9994,0.8764501348428558
9995,0.8737560321440768
9996,0.8930707643173189
9997,0.8778425872806946
9998,0.8807938807740475
9999,0.8789861738524727
10000,0.27530901858226803
10001,0.2612981820162877
10002,0.31690369864937445
10003,0.2986354844973706
10004,0.2721025387960003
10005,0.3093049709706567
10006,0.3138700092405357
10007,0.2841370608014004
10008,0.3024732103085902
10009,0.3157681547899975
10010,0.29206190201465415
10011,0.2955164082555068
10012,0.3115757201174799
10013,0.29768480442418566
10014,0.292782349801427
10015,0.30577364619384195
10016,0.30017352784484097
10017,0.29140092726409345
10018,0.29961438018816844
10019,0.3017941832223931
10020,0.29385162736077847
10021,0.2964608508941447
10022,0.3003317040951282
10023,0.29476103726228803
10024,0.2941941902543565
10025,0.2984294194299187
10026,0.2959480965754327
10027,0.2936195874536738
10028,0.29641270448896023
10029,0.2955171386524671
10030,0.2923960793778133
10031,0.29393473421138183
10032,0.2949836387633995
10033,0.29282776505541297
10034,0.29289039898695146
10035,0.2938720229001489
10036,0.2922987934455356
10037,0.2916575133617323
10038,0.29287443338012603
10039,0.2925239825305747
10040,0.29179020988322474
10041,0.2925004929782235
10042,0.2924465342620675
10043,0.2916495405631381
10044,0.2920878271177829
10045,0.29257194925307156
10046,0.2921639842378148
10047,0.29221378134996817
10048,0.2924284109571122
10049,0.2919559224626775
10050,0.2918133737084265
10051,0.2921408587469786
10052,0.29198045109757165
10053,0.2917233435995663
10054,0.29173683212215423
10055,0.2914305800053831
10056,0.2910339303065428
10057,0.2910205301846527
10058,0.29093271011818655
10059,0.29064710464124227
10060,0.29050615862336837
10061,0.29030711377520374
10062,0.2899727404190605
10063,0.28983954302445697
10064,0.28979810652051885
10065,0.28962727914082453
10066,0.289489654153801
10067,0.28938237564205005
10068,0.28919220917342336
10069,0.289078557596194
10070,0.28906993392512886
10071,0.28900420676642635
10072,0.2889141220447336
10073,0.28884117142367577
10074,0.2887165113933659
10075,0.2886074376066722
10076,0.2885762646896616
10077,0.28853419360902294
10078,0.2884608182090218
10079,0.2883908536179685
10080,0.28829445173023643
10081,0.2881959393214437
10082,0.28814624922493215
10083,0.28810510711874965
10084,0.28804350381305804
10085,0.2879812368327974
10086,0.28790910601035247
10087,0.28783558836007456
10088,0.28779368660013127
10089,0.28776585308898767
10090,0.2877256363594506
10091,0.287678814756476
10092,0.2876234062143406
10093,0.2875646410983856
10094,0.28752440411625657
10095,0.2874960686523999
10096,0.2874597095378031
10097,0.2874141123334836
10098,0.2873590039613454
10099,0.2872983165852234
10100,0.28724620704576637
10101,0.2872009599839722
10102,0.28715001457777534
10103,0.2870912539559603
10104,0.2870258436399886
10105,0.2869578755505413
10106,0.28689686457436486
10107,0.28684247912153205
10108,0.286786287200929
10109,0.28672557785501646
10110,0.28666140709299637
10111,0.2865977161329022
10112,0.2865413045086726
10113,0.28649220764526606
10114,0.2864444121288151
10115,0.28639483284526246
10116,0.28634355635336606
10117,0.286293262339283
10118,0.2862482051273947
10119,0.2862081399489054
10120,0.28616889148743524
10121,0.28612809703178294
10122,0.28608595241958956
10123,0.2860447171217068
10124,0.28600725658283765
10125,0.28597314115605
10126,0.2859393440555465
10127,0.28590410999194893
10128,0.2858678343009846
10129,0.28583263844169576
10130,0.2858007610384815
10131,0.285771914384532
10132,0.2857439725175233
10133,0.2857156060662596
10134,0.28568708395573933
10135,0.2856599331475562
10136,0.2856355264864274
10137,0.28561340957391745
10138,0.28559200182029526
10139,0.28557038477950936
10140,0.2855488619614317
10141,0.28552856388274056
10142,0.28551024508366313
10143,0.28549328180825984
10144,0.28547638653282503
10145,0.2854588925669277
10146,0.28544114824424865
10147,0.28542409388919615
10148,0.28540825882317605
10149,0.2853931603214118
10150,0.2853779256208837
10151,0.28536218624436743
10152,0.2853463180230052
10153,0.2853310349833412
10154,0.2853166382831557
10155,0.2853027312523439
10156,0.2852887580481482
10157,0.2852746039098616
10158,0.2852606772223144
10159,0.2852475034668074
10160,0.28523518037044515
10161,0.28522330484500463
10162,0.28521144400462695
10163,0.28519955188147655
10164,0.28518796360612136
10165,0.28517702908755743
10166,0.2851667373185561
10167,0.2851567520645231
10168,0.2851467828310366
10169,0.28513684637473224
10170,0.28512719881396764
10171,0.2851180356491479
10172,0.28510927146140475
10173,0.2851006468193573
10174,0.2850920107478023
10175,0.28508345912638455
10176,0.2850752171953201
10177,0.2850673964527982
10178,0.28505988317776904
10179,0.2850524753854434
10180,0.2850450937578276
10181,0.2850378439103127
10182,0.2850308891705984
10183,0.28502427370005406
10184,0.2850178854777468
10185,0.2850115870713511
10186,0.28500535383412035
10187,0.28499927873214786
10188,0.2849934540798037
10189,0.2849878617325802
10190,0.2849823911548011
10191,0.2849769553582427
10192,0.28497157116203825
10193,0.28496632580017023
10194,0.2849612735238233
10195,0.2849563749684589
10196,0.284951541398865
10197,0.2849467264199834
10198,0.2849419645374554
10199,0.28493732354708745
10200,0.2849328279629392
10201,0.2849284369425009
10202,0.28492409505835753
10203,0.28491979306551773
10204,0.284915573168748
10205,0.28491147864952077
10206,0.2849075059204622
10207,0.28490361087591076
10208,0.28489975814952445
10209,0.28489595641505233
10210,0.28489224387135637
10211,0.28488864351825455
10212,0.28488513814615235
10213,0.28488169011433967
10214,0.2848782802977605
10215,0.2848749229852365
10216,0.28487164383010977
10217,0.28486844817137985
10218,0.2848653149364619
10219,0.28486222029977853
10220,0.28485916229063984
10221,0.2848561595521157
10222,0.28485322787420647
10223,0.2848503617990146
10224,0.28484754098772447
10225,0.2848447522844523
10226,0.28484200216674
10227,0.284839307102826
10228,0.2848366741539904
10229,0.2848340935592628
10230,0.2848315500678815
10231,0.2848290387237087
10232,0.2848265675415182
10233,0.2848241455914165
10234,0.2848217710289598
10235,0.28481943233523493
10236,0.28481712020101885
10237,0.2848148359461844
10238,0.2848125875081222
10239,0.284810378484474
10240,0.28480820289541786
10241,0.2848060509703051
10242,0.2848039186457979
10243,0.28480181008471656
10244,0.28479973118292007
10245,0.2847976820553405
10246,0.28479565682317604
10247,0.2847936501359854
10248,0.28479166246996895
10249,0.28478969842377233
10250,0.2847877605831666
10251,0.2847858462302017
10252,0.28478395033677806
10253,0.2847820709254965
10254,0.2847802105790109
10255,0.2847783727299977
10256,0.284776557298345
10257,0.2847747605725828
10258,0.2847729790695112
10259,0.28477121271602024
10260,0.2847694639190864
10261,0.28476773400621
10262,0.2847660212976775
10263,0.2847643228108782
10264,0.2847626373039457
10265,0.28476096607786927
10266,0.28475931083383493
10267,0.28475767128481017
10268,0.28475604526209647
10269,0.2847544309860516
10270,0.2847528287444431
10271,0.2847512401340361
10272,0.2847496659318603
10273,0.28474810510484616
10274,0.2847465559451195
10275,0.2847450178271753
10276,0.2847434915378029
10277,0.28474197795757644
10278,0.28474047676926023
10279,0.2847389866721355
10280,0.28473750671254944
10281,0.284736037094857
10282,0.2847345785833441
10283,0.2847331313049798
10284,0.2847316943819133
10285,0.2847302667474175
10286,0.28472884811345794
10287,0.2847274389794837
10288,0.2847260397693837
10289,0.28472465016722903
10290,0.2847232693865244
10291,0.2847218969629573
10292,0.28472053310103274
10293,0.2847191782179863
10294,0.2847178322934073
10295,0.2847164948011112
10296,0.2847151652502241
10297,0.28471384364958136
10298,0.2847125303585733
10299,0.28471122554739564
10300,0.2847099289232764
10301,0.2847086400127295
10302,0.2847073586211423
10303,0.28470608492383975
10304,0.28470481912355944
10305,0.2847035611178863
10306,0.2847023105628873
10307,0.28470106721738714
10308,0.2846998311349054
10309,0.2846986024911476
10310,0.28469738128428124
10311,0.28469616727417724
10312,0.2846949602128452
10313,0.284693760070639
10314,0.28469256699341866
10315,0.28469138106460207
10316,0.2846902021670574
10317,0.28468903009453084
10318,0.28468786475573
10319,0.2846867062218894
10320,0.2846855545784499
10321,0.2846844097767643
10322,0.28468327166215435
10323,0.28468214012775706
10324,0.2846810151982704
10325,0.2846798969490993
10326,0.28467878537132146
10327,0.2846776803480396
10328,0.2846765817608838
10329,0.2846754895894731
10330,0.2846744038877528
10331,0.2846733246778203
10332,0.28467225189524153
10333,0.2846711854450157
10334,0.28467012528961394
10335,0.2846690714602652
10336,0.28466802398560365
10337,0.2846669828318308
10338,0.2846659479258467
10339,0.28466491922607007
10340,0.28466389675108184
10341,0.28466288053483235
10342,0.28466187056819425
10343,0.2846608667976603
10344,0.28465986917703867
10345,0.2846588777051044
10346,0.2846578924057742
10347,0.28465691328077647
10348,0.2846559402947868
10349,0.28465497340762363
10350,0.28465401260953765
10351,0.2846530579161081
10352,0.28465210933264373
10353,0.28465116683439506
10354,0.2846502303855531
10355,0.2846492999707248
10356,0.28464837559970224
10357,0.28464745728223323
10358,0.2846465450060602
10359,0.28464563874425186
10360,0.2846447384797493
10361,0.2846438442154182
10362,0.2846429559588403
10363,0.28464207370307654
10364,0.2846411974274798
10365,0.2846403271156168
10366,0.28463946276649016
10367,0.2846386043856472
10368,0.2846377519687595
10369,0.2846369054984683
10370,0.28463606495717
10371,0.2846352303386819
10372,0.28463440164474213
10373,0.2846335788722359
10374,0.28463276200778415
10375,0.2846319510355584
10376,0.284631145947265
10377,0.2846303467416744
10378,0.2846295534153081
10379,0.2846287659567736
10380,0.2846279843515502
10381,0.2846272085903739
10382,0.28462643867046555
10383,0.2846256745886723
10384,0.28462491633569165
10385,0.2846241638983448
10386,0.2846234172662466
10387,0.2846226764341626
10388,0.284621941397592
10389,0.2846212121477981
10390,0.2846204886725622
10391,0.2846197709611297
10392,0.2846190590066895
10393,0.28461835280345493
10394,0.2846176523424902
10395,0.28461695761165895
10396,0.2846162685994197
10397,0.2846155852973997
10398,0.2846149076986711
10399,0.2846142357943082
10400,0.2846135695726948
10401,0.284612909022139
10402,0.28461225413315405
10403,0.28461160489755627
10404,0.28461096130584673
10405,0.28461032334638287
10406,0.28460969100723643
10407,0.2846090642781258
10408,0.28460844314994366
10409,0.2846078276126701
10410,0.28460721765444386
10411,0.2846066132628438
10412,0.2846060144265553
10413,0.28460542113528725
10414,0.28460483337823944
10415,0.2846042511432202
10416,0.2846036744174712
10417,0.2846031031889699
10418,0.28460253744648545
10419,0.2846019771784345
10420,0.28460142237212277
10421,0.28460087301432396
10422,0.28460032909234706
10423,0.2845997905941904
10424,0.2845992575076722
10425,0.2845987298197412
10426,0.28459820751682247
10427,0.2845976905856452
10428,0.28459717901344356
10429,0.28459667278734135
10430,0.2845961718937998
10431,0.2845956763188448
10432,0.2845951860487025
10433,0.284594701069982
10434,0.284594221369202
10435,0.28459374693233186
10436,0.28459327774494053
10437,0.28459281379270723
10438,0.2845923550616095
10439,0.284591901537584
10440,0.2845914532061555
10441,0.284591010052518
10442,0.2845905720619169
10443,0.2845901392198023
10444,0.284589711511579
10445,0.28458928892231977
10446,0.28458887143682765
10447,0.28458845903993596
10448,0.2845880517166392
10449,0.28458764945189574
10450,0.2845872522303931
10451,0.28458686003658146
10452,0.2845864728549062
10453,0.2845860906699183
10454,0.28458571346613365
10455,0.2845853412278559
10456,0.28458497393920085
10457,0.28458461158427334
10458,0.28458425414725014
10459,0.28458390161226654
10460,0.2845835539632779
10461,0.28458321118408264
10462,0.2845828732584645
10463,0.2845825401702613
10464,0.28458221190327876
10465,0.2845818884411815
10466,0.28458156976750754
10467,0.28458125586577726
10468,0.2845809467195415
10469,0.28458064231231633
10470,0.2845803426275024
10471,0.28458004764840156
10472,0.2845797573583019
10473,0.284579471740514
10474,0.28457919077831484
10475,0.28457891445488503
10476,0.28457864275332206
10477,0.2845783756567092
10478,0.284578113148143
10479,0.28457785521069
10480,0.2845776018273413
10481,0.28457735298102627
10482,0.2845771086546637
10483,0.2845768688311796
10484,0.2845766334934725
10485,0.28457640262437855
10486,0.28457617620668724
10487,0.2845759542231823
10488,0.2845757366566545
10489,0.2845755234898728
10490,0.2845753147055583
10491,0.28457511028639737
10492,0.2845749102150727
10493,0.2845747144742719
10494,0.28457452304666303
10495,0.28457433591487935
10496,0.2845741530615306
10497,0.2845739744692276
10498,0.2845738001205861
10499,0.2845736299982076
10500,0.28457346408466644
10501,0.28457330236252243
10502,0.28457314481433976
10503,0.28457299142268855
10504,0.28457284217013024
10505,0.2845726970392098
10506,0.284572556012466
10507,0.28457241907244507
10508,0.2845722862017012
10509,0.28457215738278396
10510,0.28457203259823394
10511,0.28457191183059305
10512,0.284571795062415
10513,0.28457168227626317
10514,0.284571573454702
10515,0.28457146858029414
10516,0.28457136763560903
10517,0.28457127060323006
10518,0.2845711774657533
10519,0.28457108820577987
10520,0.2845710028059157
10521,0.2845709212487795
10522,0.28457084351700723
10523,0.2845707695932494
10524,0.28457069946016633
10525,0.28457063310042885
10526,0.2845705704967248
10527,0.2845705116317614
10528,0.2845704564882648
10529,0.28457040504897463
10530,0.2845703572966467
10531,0.2845703132140574
10532,0.28457027278400576
10533,0.2845702359893113
10534,0.2845702028128122
10535,0.28457017323736616
10536,0.2845701472458559
10537,0.28457012482118893
10538,0.2845701059462965
10539,0.2845700906041316
10540,0.2845700787776717
10541,0.2845700704499207
10542,0.28457006560391096
10543,0.2845700642227004
10544,0.284570066289373
10545,0.28457007178704
10546,0.28457008069884265
10547,0.28457009300795233
10548,0.28457010869756916
10549,0.2845701277509214
10550,0.28457015015126885
10551,0.28457017588190325
10552,0.2845702049261484
10553,0.2845702372673597
10554,0.284570272888924
10555,0.2845703117742617
10556,0.2845703539068275
10557,0.2845703992701102
10558,0.2845704478476323
10559,0.28457049962295117
10560,0.2845705545796588
10561,0.28457061270138445
10562,0.2845706739717933
10563,0.2845707383745861
10564,0.2845708058935004
10565,0.28457087651231144
10566,0.2845709502148327
10567,0.2845710269849153
10568,0.28457110680644865
10569,0.2845711896633603
10570,0.2845712755396179
10571,0.2845713644192284
10572,0.2845714562862386
10573,0.2845715511247347
10574,0.28457164891884357
10575,0.2845717496527332
10576,0.2845718533106124
10577,0.28457195987673184
10578,0.2845720693353827
10579,0.2845721816708987
10580,0.28457229686765584
10581,0.28457241491007246
10582,0.2845725357826096
10583,0.2845726594697712
10584,0.28457278595610397
10585,0.28457291522619943
10586,0.2845730472646911
10587,0.2845731820562578
10588,0.28457331958562176
10589,0.28457345983754934
10590,0.2845736027968523
10591,0.2845737484483866
10592,0.2845738967770535
10593,0.28457404776779893
10594,0.2845742014056149
10595,0.28457435767553846
10596,0.2845745165626526
10597,0.28457467805208636
10598,0.2845748421290144
10599,0.284575008778658
10600,0.2845751779862851
10601,0.28457534973720955
10602,0.2845755240167922
10603,0.2845757008104408
10604,0.2845758801036102
10605,0.28457606188180196
10606,0.2845762461305654
10607,0.2845764328354966
10608,0.28457662198223976
10609,0.2845768135564863
10610,0.2845770075439758
10611,0.284577203930495
10612,0.284577402701879
10613,0.2845776038440107
10614,0.2845778073428217
10615,0.284578013184291
10616,0.28457822135444616
10617,0.28457843183936365
10618,0.28457864462516763
10619,0.28457885969803126
10620,0.28457907704417595
10621,0.28457929664987264
10622,0.2845795185014397
10623,0.2845797425852452
10624,0.28457996888770576
10625,0.28458019739528684
10626,0.28458042809450323
10627,0.2845806609719182
10628,0.2845808960141441
10629,0.2845811332078429
10630,0.28458137253972476
10631,0.2845816139965501
10632,0.2845818575651273
10633,0.284582103232315
10634,0.2845823509850201
10635,0.2845826008101996
10636,0.2845828526948594
10637,0.28458310662605396
10638,0.2845833625908882
10639,0.28458362057651554
10640,0.28458388057013895
10641,0.2845841425590105
10642,0.28458440653043166
10643,0.2845846724717535
10644,0.28458494037037546
10645,0.2845852102137474
10646,0.2845854819893674
10647,0.2845857556847833
10648,0.2845860312875921
10649,0.28458630878544
10650,0.2845865881660224
10651,0.28458686941708367
10652,0.28458715252641736
10653,0.2845874374818664
10654,0.2845877242713221
10655,0.284588012882726
10656,0.2845883033040674
10657,0.2845885955233852
10658,0.28458888952876715
10659,0.28458918530835
10660,0.2845894828503189
10661,0.28458978214290787
10662,0.2845900831744004
10663,0.284590385933128
10664,0.2845906904074708
10665,0.2845909965858579
10666,0.2845913044567663
10667,0.2845916140087225
10668,0.2845919252303006
10669,0.28459223811012346
10670,0.2845925526368615
10671,0.2845928687992345
10672,0.28459318658600996
10673,0.2845935059860031
10674,0.2845938269880776
10675,0.28459414958114493
10676,0.2845944737541645
10677,0.2845947994961437
10678,0.2845951267961374
10679,0.28459545564324806
10680,0.28459578602662633
10681,0.2845961179354697
10682,0.28459645135902356
10683,0.28459678628658025
10684,0.28459712270747983
10685,0.28459746061110913
10686,0.2845977999869023
10687,0.2845981408243407
10688,0.2845984831129521
10689,0.2845988268423115
10690,0.2845991720020406
10691,0.28459951858180765
10692,0.2845998665713274
10693,0.28460021596036145
10694,0.28460056673871736
10695,0.28460091889624906
10696,0.2846012724228568
10697,0.28460162730848665
10698,0.28460198354313115
10699,0.28460234111682825
10700,0.28460270001966187
10701,0.2846030602417615
10702,0.2846034217733024
10703,0.2846037846045053
10704,0.2846041487256361
10705,0.28460451412700605
10706,0.28460488079897167
10707,0.28460524873193427
10708,0.28460561791634054
10709,0.2846059883426816
10710,0.28460636000149336
10711,0.2846067328833567
10712,0.2846071069788964
10713,0.2846074822787823
10714,0.28460785877372796
10715,0.2846082364544913
10716,0.28460861531187426
10717,0.2846089953367232
10718,0.2846093765199273
10719,0.28460975885242046
10720,0.2846101423251797
10721,0.28461052692922556
10722,0.2846109126556217
10723,0.28461129949547537
10724,0.2846116874399369
10725,0.28461207648019965
10726,0.28461246660749934
10727,0.28461285781311535
10728,0.2846132500883689
10729,0.2846136434246239
10730,0.2846140378132873
10731,0.28461443324580726
10732,0.284614829713675
10733,0.2846152272084235
10734,0.28461562572162713
10735,0.2846160252449028
10736,0.2846164257699089
10737,0.2846168272883448
10738,0.284617229791952
10739,0.2846176332725126
10740,0.28461803772185046
10741,0.2846184431318304
10742,0.2846188494943576
10743,0.2846192568013786
10744,0.2846196650448803
10745,0.28462007421689034
10746,0.2846204843094764
10747,0.28462089531474677
10748,0.2846213072248497
10749,0.28462172003197334
10750,0.2846221337283462
10751,0.2846225483062361
10752,0.28462296375795043
10753,0.2846233800758365
10754,0.28462379725228043
10755,0.28462421527970805
10756,0.28462463415058414
10757,0.2846250538574124
10758,0.28462547439273544
10759,0.28462589574913433
10760,0.2846263179192294
10761,0.2846267408956785
10762,0.2846271646711784
10763,0.28462758923846426
10764,0.28462801459030873
10765,0.28462844071952254
10766,0.28462886761895456
10767,0.2846292952814909
10768,0.28462972370005557
10769,0.2846301528676098
10770,0.28463058277715175
10771,0.2846310134217174
10772,0.28463144479437924
10773,0.2846318768882472
10774,0.28463230969646713
10775,0.28463274321222193
10776,0.28463317742873123
10777,0.28463361233925066
10778,0.2846340479370723
10779,0.28463448421552395
10780,0.2846349211679695
10781,0.2846353587878092
10782,0.2846357970684784
10783,0.28463623600344806
10784,0.2846366755862248
10785,0.2846371158103502
10786,0.28463755666940144
10787,0.2846379981569906
10788,0.2846384402667643
10789,0.28463888299240425
10790,0.2846393263276272
10791,0.2846397702661835
10792,0.2846402148018585
10793,0.2846406599284717
10794,0.28464110563987666
10795,0.2846415519299608
10796,0.2846419987926459
10797,0.28464244622188645
10798,0.28464289421167166
10799,0.28464334275602354
10800,0.28464379184899774
10801,0.28464424148468276
10802,0.28464469165720063
10803,0.2846451423607058
10804,0.2846455935893861
10805,0.28464604533746163
10806,0.284646497599185
10807,0.2846469503688415
10808,0.284647403640749
10809,0.28464785740925663
10810,0.2846483116687463
10811,0.28464876641363174
10812,0.284649221638358
10813,0.2846496773374024
10814,0.28465013350527324
10815,0.28465059013651073
10816,0.28465104722568574
10817,0.284651504767401
10818,0.28465196275628957
10819,0.28465242118701584
10820,0.28465288005427475
10821,0.284653339352792
10822,0.2846537990773235
10823,0.2846542592226562
10824,0.2846547197836063
10825,0.284655180755021
10826,0.2846556421317773
10827,0.28465610390878143
10828,0.2846565660809704
10829,0.28465702864331033
10830,0.28465749159079634
10831,0.28465795491845386
10832,0.28465841862133706
10833,0.2846588826945291
10834,0.2846593471331425
10835,0.2846598119323183
10836,0.2846602770872267
10837,0.2846607425930664
10838,0.2846612084450642
10839,0.2846616746384758
10840,0.28466214116858496
10841,0.28466260803070353
10842,0.28466307522017154
10843,0.2846635427323567
10844,0.28466401056265456
10845,0.28466447870648853
10846,0.2846649471593093
10847,0.2846654159165951
10848,0.28466588497385126
10849,0.28466635432661047
10850,0.2846668239704328
10851,0.28466729390090434
10852,0.2846677641136387
10853,0.28466823460427626
10854,0.2846687053684835
10855,0.2846691764019536
10856,0.2846696477004061
10857,0.28467011925958685
10858,0.2846705910752676
10859,0.284671063143246
10860,0.284671535459346
10861,0.284672008019417
10862,0.28467248081933394
10863,0.2846729538549977
10864,0.2846734271223339
10865,0.2846739006172943
10866,0.28467437433585513
10867,0.2846748482740179
10868,0.284675322427809
10869,0.28467579679328003
10870,0.28467627136650664
10871,0.28467674614359
10872,0.28467722112065486
10873,0.2846776962938507
10874,0.2846781716593514
10875,0.28467864721335506
10876,0.2846791229520833
10877,0.28467959887178224
10878,0.28468007496872155
10879,0.2846805512391947
10880,0.2846810276795186
10881,0.28468150428603395
10882,0.28468198105510445
10883,0.2846824579831175
10884,0.2846829350664833
10885,0.2846834123016353
10886,0.2846838896850295
10887,0.2846843672131454
10888,0.28468484488248463
10889,0.2846853226895718
10890,0.28468580063095394
10891,0.2846862787032004
10892,0.2846867569029028
10893,0.28468723522667505
10894,0.28468771367115325
10895,0.2846881922329953
10896,0.284688670908881
10897,0.2846891496955118
10898,0.2846896285896112
10899,0.2846901075879239
10900,0.28469058668721603
10901,0.28469106588427556
10902,0.2846915451759109
10903,0.2846920245589524
10904,0.284692504030251
10905,0.2846929835866786
10906,0.2846934632251284
10907,0.2846939429425137
10908,0.2846944227357684
10909,0.2846949026018478
10910,0.28469538253772686
10911,0.284695862540401
10912,0.2846963426068861
10913,0.28469682273421804
10914,0.2846973029194525
10915,0.2846977831596656
10916,0.2846982634519529
10917,0.28469874379342974
10918,0.28469922418123156
10919,0.28469970461251254
10920,0.28470018508444683
10921,0.2847006655942282
10922,0.2847011461390688
10923,0.28470162671620075
10924,0.2847021073228749
10925,0.284702587956361
10926,0.2847030686139477
10927,0.2847035492929429
10928,0.2847040299906723
10929,0.28470451070448094
10930,0.2847049914317321
10931,0.2847054721698074
10932,0.2847059529161068
10933,0.28470643366804826
10934,0.2847069144230683
10935,0.2847073951786213
10936,0.28470787593217955
10937,0.28470835668123295
10938,0.28470883742328973
10939,0.28470931815587514
10940,0.2847097988765324
10941,0.284710279582822
10942,0.2847107602723223
10943,0.28471124094262823
10944,0.28471172159135244
10945,0.2847122022161247
10946,0.2847126828145916
10947,0.28471316338441666
10948,0.28471364392328086
10949,0.28471412442888094
10950,0.284714604898931
10951,0.2847150853311621
10952,0.28471556572332074
10953,0.2847160460731707
10954,0.2847165263784919
10955,0.2847170066370806
10956,0.2847174868467489
10957,0.2847179670053251
10958,0.28471844711065397
10959,0.28471892716059566
10960,0.28471940715302646
10961,0.2847198870858381
10962,0.28472036695693864
10963,0.28472084676425063
10964,0.2847213265057133
10965,0.28472180617928045
10966,0.2847222857829219
10967,0.2847227653146223
10968,0.2847232447723813
10969,0.2847237241542143
10970,0.28472420345815125
10971,0.2847246826822371
10972,0.2847251618245317
10973,0.28472564088310975
10974,0.28472611985606056
10975,0.2847265987414882
10976,0.2847270775375112
10977,0.28472755624226226
10978,0.2847280348538891
10979,0.28472851337055316
10980,0.28472899179043065
10981,0.2847294701117113
10982,0.28472994833259974
10983,0.28473042645131397
10984,0.2847309044660859
10985,0.2847313823751617
10986,0.2847318601768013
10987,0.2847323378692778
10988,0.2847328154508787
10989,0.2847332929199041
10990,0.28473377027466884
10991,0.28473424751350007
10992,0.2847347246347386
10993,0.2847352016367388
10994,0.284735678517868
10995,0.2847361552765067
10996,0.2847366319110483
10997,0.28473710841989924
10998,0.28473758480147904
10999,0.28473806105422006
11000,0.28473853717656705
11001,0.28473901316697786
11002,0.2847394890239228
11003,0.28473996474588487
11004,0.2847404403313589
11005,0.28474091577885324
11006,0.284741391086888
11007,0.2847418662539952
11008,0.28474234127871945
11009,0.28474281615961794
11010,0.284743290895259
11011,0.28474376548422403
11012,0.2847442399251051
11013,0.28474471421650727
11014,0.2847451883570469
11015,0.2847456623453522
11016,0.28474613618006284
11017,0.2847466098598306
11018,0.28474708338331844
11019,0.28474755674920055
11020,0.28474802995616305
11021,0.2847485030029034
11022,0.28474897588812975
11023,0.28474944861056206
11024,0.28474992116893116
11025,0.2847503935619792
11026,0.2847508657884591
11027,0.2847513378471349
11028,0.28475180973678155
11029,0.28475228145618486
11030,0.2847527530041413
11031,0.2847532243794579
11032,0.2847536955809531
11033,0.2847541666074551
11034,0.28475463745780305
11035,0.2847551081308465
11036,0.2847555786254453
11037,0.2847560489404699
11038,0.2847565190748011
11039,0.2847569890273295
11040,0.28475745879695624
11041,0.28475792838259245
11042,0.2847583977831596
11043,0.28475886699758846
11044,0.2847593360248208
11045,0.2847598048638072
11046,0.2847602735135087
11047,0.2847607419728963
11048,0.28476121024094997
11049,0.28476167831665994
11050,0.284762146199026
11051,0.2847626138870572
11052,0.2847630813797724
11053,0.28476354867619985
11054,0.28476401577537674
11055,0.28476448267635057
11056,0.28476494937817676
11057,0.2847654158799214
11058,0.28476588218065835
11059,0.28476634827947195
11060,0.28476681417545435
11061,0.28476727986770756
11062,0.28476774535534216
11063,0.28476821063747787
11064,0.2847686757132429
11065,0.2847691405817746
11066,0.2847696052422188
11067,0.2847700696937305
11068,0.2847705339354725
11069,0.284770997966617
11070,0.28477146178634444
11071,0.28477192539384366
11072,0.28477238878831185
11073,0.28477285196895497
11074,0.28477331493498703
11075,0.28477377768563034
11076,0.28477424022011566
11077,0.2847747025376814
11078,0.28477516463757496
11079,0.284775626519051
11080,0.2847760881813727
11081,0.28477654962381105
11082,0.2847770108456451
11083,0.2847774718461618
11084,0.2847779326246557
11085,0.28477839318042947
11086,0.2847788535127934
11087,0.2847793136210657
11088,0.2847797735045715
11089,0.28478023316264445
11090,0.2847806925946255
11091,0.2847811517998629
11092,0.28478161077771236
11093,0.28478206952753726
11094,0.28478252804870846
11095,0.2847829863406038
11096,0.28478344440260844
11097,0.2847839022341152
11098,0.28478435983452394
11099,0.28478481720324134
11100,0.2847852743396816
11101,0.28478573124326584
11102,0.2847861879134222
11103,0.28478664434958584
11104,0.2847871005511988
11105,0.2847875565177102
11106,0.2847880122485759
11107,0.28478846774325867
11108,0.28478892300122777
11109,0.2847893780219596
11110,0.2847898328049369
11111,0.2847902873496495
11112,0.28479074165559326
11113,0.2847911957222712
11114,0.28479164954919234
11115,0.28479210313587244
11116,0.28479255648183394
11117,0.2847930095866053
11118,0.2847934624497215
11119,0.2847939150707238
11120,0.28479436744916004
11121,0.2847948195845838
11122,0.28479527147655526
11123,0.2847957231246406
11124,0.28479617452841227
11125,0.2847966256874487
11126,0.28479707660133435
11127,0.28479752726965984
11128,0.2847979776920218
11129,0.2847984278680224
11130,0.2847988777972703
11131,0.2847993274793796
11132,0.28479977691397024
11133,0.2848002261006683
11134,0.2848006750391051
11135,0.2848011237289186
11136,0.28480157216975116
11137,0.2848020203612516
11138,0.2848024683030742
11139,0.2848029159948791
11140,0.28480336343633145
11141,0.2848038106271022
11142,0.28480425756686795
11143,0.28480470425531
11144,0.284805150692116
11145,0.2848055968769783
11146,0.2848060428095951
11147,0.2848064884896694
11148,0.28480693391690964
11149,0.28480737909102966
11150,0.2848078240117482
11151,0.2848082686787895
11152,0.28480871309188266
11153,0.2848091572507618
11154,0.28480960115516646
11155,0.28481004480484107
11156,0.2848104881995348
11157,0.28481093133900226
11158,0.2848113742230026
11159,0.28481181685129986
11160,0.28481225922366327
11161,0.2848127013398665
11162,0.28481314319968853
11163,0.2848135848029125
11164,0.2848140261493269
11165,0.28481446723872467
11166,0.28481490807090315
11167,0.2848153486456647
11168,0.2848157889628163
11169,0.2848162290221696
11170,0.28481666882354
11171,0.2848171083667486
11172,0.28481754765162015
11173,0.2848179866779843
11174,0.2848184254456751
11175,0.28481886395453065
11176,0.2848193022043939
11177,0.2848197401951119
11178,0.28482017792653597
11179,0.28482061539852205
11180,0.28482105261093005
11181,0.28482148956362424
11182,0.28482192625647307
11183,0.28482236268934896
11184,0.28482279886212897
11185,0.2848232347746938
11186,0.28482367042692847
11187,0.28482410581872214
11188,0.284824540949968
11189,0.284824975820563
11190,0.2848254104304082
11191,0.2848258447794089
11192,0.28482627886747425
11193,0.2848267126945169
11194,0.2848271462604537
11195,0.28482757956520544
11196,0.2848280126086967
11197,0.2848284453908555
11198,0.2848288779116143
11199,0.2848293101709087
11200,0.2848297421686782
11201,0.28483017390486626
11202,0.28483060537941984
11203,0.2848310365922894
11204,0.28483146754342925
11205,0.28483189823279725
11206,0.28483232866035485
11207,0.28483275882606696
11208,0.28483318872990204
11209,0.2848336183718323
11210,0.2848340477518331
11211,0.2848344768698831
11212,0.2848349057259652
11213,0.28483533432006475
11214,0.28483576265217114
11215,0.2848361907222769
11216,0.28483661853037795
11217,0.2848370460764733
11218,0.2848374733605655
11219,0.2848379003826603
11220,0.28483832714276686
11221,0.28483875364089717
11222,0.2848391798770669
11223,0.2848396058512944
11224,0.2848400315636017
11225,0.28484045701401345
11226,0.284840882202558
11227,0.28484130712926614
11228,0.28484173179417216
11229,0.2848421561973132
11230,0.2848425803387297
11231,0.2848430042184648
11232,0.2848434278365649
11233,0.2848438511930789
11234,0.28484427428805936
11235,0.284844697121561
11236,0.28484511969364207
11237,0.28484554200436324
11238,0.2848459640537884
11239,0.2848463858419839
11240,0.28484680736901924
11241,0.2848472286349665
11242,0.28484764963990095
11243,0.28484807038389987
11244,0.284848490867044
11245,0.2848489110894165
11246,0.2848493310511031
11247,0.28484975075219254
11248,0.284850170192776
11249,0.284850589372947
11250,0.28485100829280263
11251,0.28485142695244153
11252,0.2848518453519655
11253,0.2848522634914788
11254,0.2848526813710884
11255,0.2848530989909034
11256,0.28485351635103573
11257,0.2848539334515996
11258,0.28485435029271183
11259,0.28485476687449185
11260,0.2848551831970613
11261,0.2848555992605442
11262,0.2848560150650672
11263,0.2848564306107592
11264,0.28485684589775123
11265,0.2848572609261772
11266,0.28485767569617304
11267,0.2848580902078771
11268,0.28485850446142946
11269,0.2848589184569737
11270,0.2848593321946544
11271,0.2848597456746193
11272,0.2848601588970177
11273,0.2848605718620015
11274,0.2848609845697249
11275,0.2848613970203441
11276,0.28486180921401705
11277,0.2848622211509047
11278,0.2848626328311695
11279,0.2848630442549763
11280,0.2848634554224921
11281,0.28486386633388566
11282,0.284864276989328
11283,0.28486468738899207
11284,0.2848650975330533
11285,0.28486550742168876
11286,0.2848659170550773
11287,0.2848663264334004
11288,0.284866735556841
11289,0.2848671444255841
11290,0.28486755303981687
11291,0.2848679613997282
11292,0.28486836950550914
11293,0.2848687773573522
11294,0.2848691849554522
11295,0.28486959230000564
11296,0.2848699993912108
11297,0.2848704062292682
11298,0.28487081281437976
11299,0.2848712191467494
11300,0.28487162522658255
11301,0.284872031054087
11302,0.2848724366294719
11303,0.28487284195294815
11304,0.28487324702472866
11305,0.28487365184502783
11306,0.2848740564140619
11307,0.28487446073204886
11308,0.2848748647992082
11309,0.2848752686157614
11310,0.28487567218193094
11311,0.284876075497942
11312,0.28487647856402043
11313,0.2848768813803944
11314,0.284877283947293
11315,0.28487768626494764
11316,0.2848780883335909
11317,0.28487849015345684
11318,0.2848788917247817
11319,0.2848792930478024
11320,0.28487969412275793
11321,0.284880094949889
11322,0.28488049552943695
11323,0.2848808958616458
11324,0.28488129594676004
11325,0.2848816957850263
11326,0.2848820953766925
11327,0.2848824947220076
11328,0.28488289382122295
11329,0.28488329267459006
11330,0.28488369128236296
11331,0.2848840896447964
11332,0.284884487762147
11333,0.2848848856346724
11334,0.28488528326263163
11335,0.2848856806462854
11336,0.2848860777858956
11337,0.2848864746817251
11338,0.2848868713340386
11339,0.284887267743102
11340,0.28488766390918246
11341,0.28488805983254817
11342,0.28488845551346886
11343,0.28488885095221583
11344,0.2848892461490608
11345,0.2848896411042778
11346,0.28489003581814126
11347,0.284890430290927
11348,0.28489082452291237
11349,0.28489121851437565
11350,0.2848916122655965
11351,0.2848920057768557
11352,0.284892399048435
11353,0.2848927920806178
11354,0.284893184873688
11355,0.28489357742793125
11356,0.2848939697436339
11357,0.28489436182108374
11358,0.2848947536605696
11359,0.28489514526238136
11360,0.28489553662680994
11361,0.28489592775414735
11362,0.2848963186446866
11363,0.28489670929872224
11364,0.2848970997165494
11365,0.28489748989846425
11366,0.2848978798447644
11367,0.2848982695557481
11368,0.28489865903171485
11369,0.2848990482729648
11370,0.2848994372797997
11371,0.284899826052522
11372,0.2849002145914348
11373,0.2849006028968427
11374,0.2849009909690511
11375,0.284901378808366
11376,0.284901766415095
11377,0.28490215378954614
11378,0.28490254093202855
11379,0.28490292784285215
11380,0.2849033145223283
11381,0.28490370097076856
11382,0.28490408718848564
11383,0.2849044731757933
11384,0.28490485893300643
11385,0.2849052444604399
11386,0.2849056297584103
11387,0.28490601482723465
11388,0.28490639966723097
11389,0.28490678427871813
11390,0.28490716866201576
11391,0.28490755281744423
11392,0.28490793674532505
11393,0.2849083204459803
11394,0.2849087039197327
11395,0.284909087166906
11396,0.2849094701878247
11397,0.28490985298281424
11398,0.2849102355522004
11399,0.2849106178963103
11400,0.28491100001547104
11401,0.28491138191001125
11402,0.2849117635802598
11403,0.2849121450265466
11404,0.28491252624920205
11405,0.2849129072485574
11406,0.2849132880249446
11407,0.28491366857869616
11408,0.28491404891014566
11409,0.2849144290196268
11410,0.28491480890747445
11411,0.28491518857402415
11412,0.2849155680196117
11413,0.2849159472445736
11414,0.2849163262492475
11415,0.2849167050339717
11416,0.28491708359908413
11417,0.28491746194492457
11418,0.2849178400718328
11419,0.28491821798014927
11420,0.28491859567021505
11421,0.28491897314237213
11422,0.28491935039696287
11423,0.2849197274343301
11424,0.2849201042548172
11425,0.2849204808587686
11426,0.2849208572465288
11427,0.2849212334184431
11428,0.2849216093748572
11429,0.2849219851161176
11430,0.28492236064257115
11431,0.2849227359545656
11432,0.28492311105244855
11433,0.28492348593656874
11434,0.2849238606072752
11435,0.28492423506491754
11436,0.284924609309846
11437,0.28492498334241095
11438,0.2849253571629637
11439,0.2849257307718556
11440,0.2849261041694391
11441,0.2849264773560665
11442,0.2849268503320909
11443,0.28492722309786617
11444,0.2849275956537457
11445,0.2849279680000845
11446,0.2849283401372372
11447,0.28492871206555936
11448,0.28492908378540677
11449,0.2849294552971355
11450,0.2849298266011024
11451,0.2849301976976646
11452,0.28493056858717963
11453,0.2849309392700055
11454,0.28493130974650044
11455,0.28493168001702357
11456,0.28493205008193356
11457,0.2849324199415904
11458,0.2849327895963539
11459,0.2849331590465844
11460,0.284933528292643
11461,0.28493389733489044
11462,0.2849342661736883
11463,0.2849346348093984
11464,0.2849350032423833
11465,0.2849353714730053
11466,0.28493573950162726
11467,0.28493610732861263
11468,0.2849364749543251
11469,0.28493684237912836
11470,0.28493720960338703
11471,0.28493757662746544
11472,0.2849379434517288
11473,0.28493831007654224
11474,0.2849386765022713
11475,0.28493904272928205
11476,0.28493940875794055
11477,0.28493977458861336
11478,0.28494014022166736
11479,0.28494050565746953
11480,0.28494087089638714
11481,0.2849412359387881
11482,0.2849416007850402
11483,0.28494196543551165
11484,0.28494232989057094
11485,0.284942694150587
11486,0.2849430582159285
11487,0.2849434220869649
11488,0.28494378576406565
11489,0.2849441492476005
11490,0.28494451253793956
11491,0.28494487563545307
11492,0.2849452385405115
11493,0.28494560125348545
11494,0.284945963774746
11495,0.28494632610466436
11496,0.2849466882436117
11497,0.28494705019195976
11498,0.2849474119500805
11499,0.28494777351834566
11500,0.2849481348971276
11501,0.284948496086799
11502,0.284948857087732
11503,0.2849492179002997
11504,0.28494957852487524
11505,0.2849499389618313
11506,0.2849502992115418
11507,0.28495065927438
11508,0.2849510191507198
11509,0.2849513788409348
11510,0.28495173834539944
11511,0.2849520976644878
11512,0.28495245679857406
11513,0.2849528157480329
11514,0.2849531745132391
11515,0.2849535330945672
11516,0.28495389149239264
11517,0.2849542497070902
11518,0.28495460773903514
11519,0.2849549655886029
11520,0.28495532325616907
11521,0.28495568074210953
11522,0.2849560380467995
11523,0.2849563951706154
11524,0.28495675211393295
11525,0.2849571088771284
11526,0.28495746546057776
11527,0.2849578218646578
11528,0.2849581780897446
11529,0.28495853413621497
11530,0.28495889000444535
11531,0.2849592456948128
11532,0.2849596012076937
11533,0.2849599565434654
11534,0.2849603117025049
11535,0.28496066668518893
11536,0.2849610214918948
11537,0.284961376123
11538,0.2849617305788817
11539,0.28496208485991714
11540,0.28496243896648404
11541,0.2849627928989597
11542,0.2849631466577219
11543,0.2849635002431484
11544,0.28496385365561666
11545,0.2849642068955043
11546,0.28496455996318953
11547,0.2849649128590499
11548,0.2849652655834634
11549,0.28496561813680793
11550,0.28496597051946165
11551,0.2849663227318023
11552,0.2849666747742079
11553,0.2849670266470569
11554,0.2849673783507272
11555,0.2849677298855967
11556,0.284968081252044
11557,0.28496843245044695
11558,0.2849687834811837
11559,0.2849691343446326
11560,0.2849694850411719
11561,0.2849698355711797
11562,0.2849701859350342
11563,0.28497053613311374
11564,0.28497088616579647
11565,0.2849712360334606
11566,0.28497158573648446
11567,0.2849719352752462
11568,0.284972284650124
11569,0.28497263386149607
11570,0.2849729829097409
11571,0.28497333179523604
11572,0.2849736805183601
11573,0.28497402907949115
11574,0.28497437747900717
11575,0.2849747257172864
11576,0.28497507379470677
11577,0.28497542171164647
11578,0.28497576946848313
11579,0.28497611706559506
11580,0.28497646450336006
11581,0.28497681178215584
11582,0.28497715890236053
11583,0.2849775058643518
11584,0.28497785266850717
11585,0.28497819931520463
11586,0.28497854580482196
11587,0.2849788921377363
11588,0.28497923831432553
11589,0.2849795843349671
11590,0.28497993020003815
11591,0.28498027590991626
11592,0.28498062146497893
11593,0.284980966865603
11594,0.28498131211216576
11595,0.28498165720504454
11596,0.28498200214461605
11597,0.28498234693125724
11598,0.28498269156534545
11599,0.2849830360472568
11600,0.28498338037736826
11601,0.28498372455605675
11602,0.28498406858369846
11603,0.28498441246066986
11604,0.2849847561873476
11605,0.28498509976410785
11606,0.2849854431913268
11607,0.2849857864693804
11608,0.2849861295986448
11609,0.2849864725794958
11610,0.2849868154123095
11611,0.2849871580974612
11612,0.28498750063532663
11613,0.28498784302628144
11614,0.284988185270701
11615,0.2849885273689604
11616,0.28498886932143497
11617,0.2849892111284996
11618,0.28498955279052957
11619,0.2849898943078994
11620,0.28499023568098386
11621,0.2849905769101577
11622,0.2849909179957953
11623,0.28499125893827104
11624,0.28499159973795896
11625,0.2849919403952333
11626,0.284992280910468
11627,0.2849926212840372
11628,0.2849929615163141
11629,0.2849933016076727
11630,0.2849936415584863
11631,0.28499398136912824
11632,0.2849943210399716
11633,0.2849946605713895
11634,0.2849949999637547
11635,0.28499533921744014
11636,0.2849956783328183
11637,0.2849960173102617
11638,0.2849963561501428
11639,0.2849966948528335
11640,0.28499703341870586
11641,0.28499737184813184
11642,0.28499771014148323
11643,0.28499804829913145
11644,0.2849983863214481
11645,0.2849987242088043
11646,0.2849990619615709
11647,0.28499939958011916
11648,0.28499973706481974
11649,0.28500007441604314
11650,0.28500041163415996
11651,0.2850007487195404
11652,0.28500108567255467
11653,0.2850014224935726
11654,0.28500175918296383
11655,0.28500209574109814
11656,0.2850024321683449
11657,0.2850027684650732
11658,0.28500310463165246
11659,0.28500344066845135
11660,0.2850037765758386
11661,0.2850041123541827
11662,0.2850044480038521
11663,0.28500478352521497
11664,0.2850051189186394
11665,0.28500545418449275
11666,0.28500578932314324
11667,0.28500612433495787
11668,0.2850064592203041
11669,0.2850067939795488
11670,0.28500712861305894
11671,0.2850074631212013
11672,0.2850077975043422
11673,0.28500813176284767
11674,0.28500846589708434
11675,0.2850087999074178
11676,0.2850091337942138
11677,0.2850094675578376
11678,0.285009801198655
11679,0.2850101347170305
11680,0.2850104681133294
11681,0.28501080138791623
11682,0.28501113454115545
11683,0.2850114675734113
11684,0.2850118004850479
11685,0.2850121332764287
11686,0.2850124659479182
11687,0.28501279849987915
11688,0.2850131309326749
11689,0.28501346324666843
11690,0.2850137954422227
11691,0.28501412751969996
11692,0.285014459479463
11693,0.2850147913218738
11694,0.2850151230472938
11695,0.2850154546560854
11696,0.28501578614860973
11697,0.2850161175252278
11698,0.28501644878630134
11699,0.28501677993219043
11700,0.285017110963256
11701,0.28501744187985845
11702,0.2850177726823581
11703,0.2850181033711141
11704,0.2850184339464869
11705,0.2850187644088356
11706,0.2850190947585193
11707,0.2850194249958971
11708,0.285019755121328
11709,0.2850200851351698
11710,0.28502041503778186
11711,0.28502074482952133
11712,0.2850210745107464
11713,0.28502140408181437
11714,0.28502173354308286
11715,0.28502206289490867
11716,0.2850223921376492
11717,0.28502272127166023
11718,0.2850230502972988
11719,0.28502337921492066
11720,0.28502370802488186
11721,0.285024036727538
11722,0.2850243653232443
11723,0.2850246938123562
11724,0.28502502219522835
11725,0.28502535047221556
11726,0.28502567864367223
11727,0.2850260067099524
11728,0.2850263346714099
11729,0.28502666252839837
11730,0.2850269902812713
11731,0.285027317930382
11732,0.2850276454760831
11733,0.28502797291872695
11734,0.28502830025866666
11735,0.28502862749625363
11736,0.28502895463184
11737,0.28502928166577757
11738,0.28502960859841736
11739,0.2850299354301107
11740,0.2850302621612082
11741,0.2850305887920605
11742,0.2850309153230178
11743,0.2850312417544305
11744,0.28503156808664787
11745,0.28503189432001974
11746,0.2850322204548951
11747,0.285032546491623
11748,0.28503287243055214
11749,0.2850331982720312
11750,0.2850335240164081
11751,0.28503384966403067
11752,0.2850341752152468
11753,0.28503450067040353
11754,0.28503482602984836
11755,0.28503515129392765
11756,0.2850354764629884
11757,0.2850358015373766
11758,0.28503612651743826
11759,0.28503645140351913
11760,0.2850367761959648
11761,0.2850371008951202
11762,0.2850374255013303
11763,0.28503775001493975
11764,0.28503807443629303
11765,0.28503839876573384
11766,0.28503872300360616
11767,0.2850390471502538
11768,0.2850393712060194
11769,0.28503969517124655
11770,0.28504001904627724
11771,0.2850403428314543
11772,0.2850406665271197
11773,0.2850409901336151
11774,0.2850413136512824
11775,0.2850416370804623
11776,0.28504196042149627
11777,0.28504228367472484
11778,0.2850426068404882
11779,0.2850429299191265
11780,0.2850432529109797
11781,0.2850435758163873
11782,0.2850438986356885
11783,0.2850442213692221
11784,0.2850445440173269
11785,0.2850448665803412
11786,0.28504518905860315
11787,0.28504551145245033
11788,0.28504583376222065
11789,0.28504615598825067
11790,0.28504647813087797
11791,0.2850468001904385
11792,0.2850471221672691
11793,0.2850474440617055
11794,0.28504776587408354
11795,0.28504808760473865
11796,0.28504840925400593
11797,0.2850487308222199
11798,0.2850490523097156
11799,0.28504937371682715
11800,0.28504969504388833
11801,0.2850500162912325
11802,0.2850503374591936
11803,0.28505065854810435
11804,0.2850509795582976
11805,0.28505130049010563
11806,0.28505162134386064
11807,0.2850519421198945
11808,0.2850522628185386
11809,0.2850525834401243
11810,0.28505290398498256
11811,0.28505322445344383
11812,0.2850535448458385
11813,0.2850538651624967
11814,0.285054185403748
11815,0.28505450556992185
11816,0.2850548256613473
11817,0.28505514567835294
11818,0.28505546562126766
11819,0.2850557854904192
11820,0.28505610528613573
11821,0.28505642500874473
11822,0.28505674465857334
11823,0.28505706423594857
11824,0.285057383741197
11825,0.28505770317464496
11826,0.2850580225366185
11827,0.2850583418274433
11828,0.2850586610474445
11829,0.28505898019694753
11830,0.28505929927627693
11831,0.2850596182857571
11832,0.2850599372257125
11833,0.28506025609646657
11834,0.2850605748983428
11835,0.2850608936316648
11836,0.2850612122967549
11837,0.285061530893936
11838,0.2850618494235302
11839,0.2850621678858593
11840,0.28506248628124525
11841,0.28506280461000905
11842,0.28506312287247165
11843,0.285063441068954
11844,0.28506375919977633
11845,0.28506407726525834
11846,0.28506439526572014
11847,0.2850647132014809
11848,0.2850650310728598
11849,0.2850653488801753
11850,0.2850656666237464
11851,0.28506598430389046
11852,0.2850663019209258
11853,0.2850666194751697
11854,0.28506693696693935
11855,0.2850672543965515
11856,0.28506757176432257
11857,0.28506788907056896
11858,0.2850682063156063
11859,0.2850685234997502
11860,0.28506884062331583
11861,0.28506915768661817
11862,0.28506947468997146
11863,0.28506979163369034
11864,0.2850701085180886
11865,0.2850704253434797
11866,0.285070742110177
11867,0.2850710588184932
11868,0.2850713754687413
11869,0.28507169206123334
11870,0.28507200859628123
11871,0.28507232507419666
11872,0.285072641495291
11873,0.285072957859875
11874,0.2850732741682598
11875,0.2850735904207551
11876,0.2850739066176711
11877,0.2850742227593176
11878,0.2850745388460037
11879,0.2850748548780386
11880,0.2850751708557309
11881,0.2850754867793888
11882,0.2850758026493206
11883,0.28507611846583364
11884,0.2850764342292358
11885,0.28507674993983345
11886,0.2850770655979336
11887,0.28507738120384274
11888,0.28507769675786654
11889,0.2850780122603111
11890,0.2850783277114814
11891,0.28507864311168263
11892,0.2850789584612195
11893,0.2850792737603964
11894,0.28507958900951746
11895,0.285079904208886
11896,0.28508021935880595
11897,0.2850805344595797
11898,0.2850808495115105
11899,0.28508116451490045
11900,0.2850814794700514
11901,0.28508179437726555
11902,0.2850821092368438
11903,0.2850824240490873
11904,0.2850827388142968
11905,0.28508305353277275
11906,0.28508336820481484
11907,0.285083682830723
11908,0.28508399741079654
11909,0.28508431194533457
11910,0.28508462643463567
11911,0.2850849408789979
11912,0.2850852552787196
11913,0.28508556963409837
11914,0.28508588394543166
11915,0.28508619821301623
11916,0.28508651243714866
11917,0.2850868266181257
11918,0.28508714075624264
11919,0.28508745485179565
11920,0.28508776890508014
11921,0.28508808291639054
11922,0.2850883968860219
11923,0.2850887108142682
11924,0.2850890247014234
11925,0.2850893385477814
11926,0.2850896523536352
11927,0.28508996611927795
11928,0.2850902798450021
11929,0.2850905935310996
11930,0.285090907177863
11931,0.28509122078558335
11932,0.285091534354552
11933,0.2850918478850599
11934,0.2850921613773975
11935,0.285092474831855
11936,0.2850927882487225
11937,0.2850931016282891
11938,0.28509341497084434
11939,0.2850937282766768
11940,0.285094041546075
11941,0.2850943547793273
11942,0.2850946679767212
11943,0.2850949811385446
11944,0.28509529426508423
11945,0.285095607356627
11946,0.28509592041345944
11947,0.2850962334358675
11948,0.28509654642413695
11949,0.28509685937855334
11950,0.28509717229940157
11951,0.2850974851869664
11952,0.28509779804153235
11953,0.2850981108633833
11954,0.285098423652803
11955,0.28509873641007477
11956,0.2850990491354818
11957,0.28509936182930645
11958,0.2850996744918313
11959,0.2850999871233383
11960,0.2851002997241088
11961,0.2851006122944244
11962,0.2851009248345659
11963,0.28510123734481385
11964,0.28510154982544855
11965,0.28510186227674994
11966,0.2851021746989976
11967,0.28510248709247066
11968,0.28510279945744815
11969,0.28510311179420833
11970,0.28510342410302975
11971,0.28510373638418984
11972,0.28510404863796646
11973,0.28510436086463653
11974,0.285104673064477
11975,0.2851049852377641
11976,0.28510529738477414
11977,0.2851056095057828
11978,0.2851059216010655
11979,0.28510623367089755
11980,0.2851065457155533
11981,0.2851068577353071
11982,0.28510716973043354
11983,0.28510748170120553
11984,0.285107793647897
11985,0.28510810557078087
11986,0.28510841747012955
11987,0.2851087293462155
11988,0.28510904119931046
11989,0.2851093530296864
11990,0.2851096648376144
11991,0.2851099766233653
11992,0.28511028838720986
11993,0.2851106001294179
11994,0.2851109118502599
11995,0.28511122355000484
11996,0.2851115352289222
11997,0.28511184688728086
11998,0.28511215852534877
11999,0.28511247014339497
12000,0.28511278174168647
12001,0.28511309332049106
12002,0.28511340488007564
12003,0.28511371642070726
12004,0.2851140279426523
12005,0.28511433944617637
12006,0.2851146509315456
12007,0.2851149623990252
12008,0.2851152738488803
12009,0.28511558528137537
12010,0.28511589669677484
12011,0.2851162080953428
12012,0.28511651947734246
12013,0.2851168308430376
12014,0.2851171421926908
12015,0.28511745352656476
12016,0.2851177648449219
12017,0.2851180761480239
12018,0.28511838743613216
12019,0.28511869870950807
12020,0.2851190099684124
12021,0.28511932121310585
12022,0.28511963244384797
12023,0.2851199436608994
12024,0.2851202548645187
12025,0.28512056605496583
12026,0.28512087723249896
12027,0.28512118839737655
12028,0.28512149954985705
12029,0.28512181069019754
12030,0.28512212181865626
12031,0.2851224329354893
12032,0.2851227440409539
12033,0.28512305513530634
12034,0.2851233662188021
12035,0.28512367729169763
12036,0.28512398835424735
12037,0.2851242994067068
12038,0.2851246104493303
12039,0.2851249214823721
12040,0.2851252325060863
12041,0.28512554352072605
12042,0.2851258545265451
12043,0.2851261655237955
12044,0.28512647651273043
12045,0.28512678749360193
12046,0.2851270984666615
12047,0.28512740943216075
12048,0.2851277203903507
12049,0.2851280313414825
12050,0.2851283422858061
12051,0.2851286532235716
12052,0.2851289641550291
12053,0.28512927508042757
12054,0.2851295860000161
12055,0.2851298969140435
12056,0.2851302078227581
12057,0.285130518726408
12058,0.28513082962524033
12059,0.28513114051950283
12060,0.28513145140944235
12061,0.2851317622953054
12062,0.2851320731773384
12063,0.28513238405578695
12064,0.2851326949308968
12065,0.2851330058029132
12066,0.2851333166720809
12067,0.2851336275386444
12068,0.28513393840284784
12069,0.28513424926493536
12070,0.28513456012515004
12071,0.28513487098373513
12072,0.2851351818409335
12073,0.28513549269698746
12074,0.28513580355213936
12075,0.2851361144066305
12076,0.28513642526070254
12077,0.28513673611459656
12078,0.28513704696855313
12079,0.28513735782281285
12080,0.28513766867761525
12081,0.28513797953320075
12082,0.28513829038980787
12083,0.28513860124767626
12084,0.2851389121070439
12085,0.2851392229681496
12086,0.28513953383123125
12087,0.28513984469652587
12088,0.28514015556427164
12089,0.28514046643470453
12090,0.2851407773080619
12091,0.2851410881845793
12092,0.285141399064493
12093,0.2851417099480386
12094,0.28514202083545087
12095,0.28514233172696524
12096,0.2851426426228154
12097,0.2851429535232363
12098,0.2851432644284612
12099,0.2851435753387238
12100,0.28514388625425724
12101,0.28514419717529405
12102,0.28514450810206693
12103,0.28514481903480793
12104,0.28514512997374863
12105,0.2851454409191205
12106,0.28514575187115454
12107,0.28514606283008165
12108,0.2851463737961319
12109,0.28514668476953575
12110,0.2851469957505222
12111,0.2851473067393215
12112,0.28514761773616165
12113,0.2851479287412723
12114,0.28514823975488096
12115,0.2851485507772161
12116,0.28514886180850507
12117,0.2851491728489752
12118,0.28514948389885353
12119,0.2851497949583664
12120,0.28515010602774044
12121,0.28515041710720124
12122,0.2851507281969747
12123,0.2851510392972857
12124,0.2851513504083592
12125,0.28515166153042015
12126,0.28515197266369224
12127,0.2851522838084002
12128,0.28515259496476625
12129,0.28515290613301475
12130,0.2851532173133676
12131,0.28515352850604847
12132,0.2851538397112782
12133,0.2851541509292794
12134,0.2851544621602736
12135,0.2851547734044813
12136,0.2851550846621242
12137,0.2851553959334221
12138,0.28515570721859573
12139,0.28515601851786393
12140,0.2851563298314475
12141,0.2851566411595642
12142,0.28515695250243384
12143,0.2851572638602741
12144,0.2851575752333036
12145,0.28515788662173996
12146,0.2851581980258002
12147,0.28515850944570226
12148,0.2851588208816617
12149,0.28515913233389645
12150,0.28515944380262076
12151,0.2851597552880524
12152,0.2851600667904048
12153,0.28516037830989477
12154,0.28516068984673537
12155,0.28516100140114264
12156,0.28516131297332925
12157,0.2851616245635097
12158,0.28516193617189706
12159,0.2851622477987046
12160,0.28516255944414487
12161,0.2851628711084301
12162,0.28516318279177294
12163,0.2851634944943841
12164,0.28516380621647586
12165,0.2851641179582586
12166,0.28516442971994366
12167,0.2851647415017406
12168,0.2851650533038604
12169,0.2851653651265119
12170,0.2851656769699051
12171,0.2851659888342483
12172,0.28516630071975124
12173,0.28516661262662124
12174,0.28516692455506715
12175,0.28516723650529585
12176,0.28516754847751535
12177,0.2851678604719324
12178,0.28516817248875387
12179,0.28516848452818583
12180,0.28516879659043487
12181,0.285169108675706
12182,0.28516942078420526
12183,0.28516973291613695
12184,0.2851700450717066
12185,0.2851703572511179
12186,0.28517066945457525
12187,0.2851709816822824
12188,0.28517129393444235
12189,0.2851716062112587
12190,0.2851719185129336
12191,0.2851722308396702
12192,0.2851725431916696
12193,0.2851728555691348
12194,0.2851731679722655
12195,0.2851734804012649
12196,0.2851737928563314
12197,0.2851741053376679
12198,0.28517441784547154
12199,0.2851747303799458
12200,0.2851750429412858
12201,0.28517535552969575
12202,0.2851756681453682
12203,0.28517598078850936
12204,0.28517629345930745
12205,0.2851766061579727
12206,0.28517691888468727
12207,0.2851772316396675
12208,0.2851775444230861
12209,0.28517785723516986
12210,0.28517817007607665
12211,0.2851784829460513
12212,0.2851787958452262
12213,0.28517910877387825
12214,0.2851794217320962
12215,0.28517973472021285
12216,0.2851800477382417
12217,0.28518036078661385
12218,0.2851806738652103
12219,0.28518098697463823
12220,0.28518130011453985
12221,0.2851816132858433
12222,0.28518192648775537
12223,0.2851822397217929
12224,0.2851825529863597
12225,0.28518286628406897
12226,0.28518317961181894
12227,0.2851834929742928
12228,0.2851838063655301
12229,0.28518411979417135
12230,0.28518443324875675
12231,0.28518474674559
12232,0.28518506026249424
12233,0.28518537383080494
12234,0.2851856874071923
12235,0.2851860010528484
12236,0.28518631468216593
12237,0.2851866284163841
12238,0.2851869420843455
12239,0.2851872559295415
12240,0.2851875696055807
12241,0.28518788360788405
12242,0.2851881972267813
12243,0.28518851148308855
12244,0.28518882490502967
12245,0.28518913962212356
12246,0.285189452544956
12247,0.2851897681700699
12248,0.2851900799344858
12249,0.28519039744670627
12250,0.28519070659912243
12251,0.28519102816655917
12252,0.28519133146802333
12253,0.28519166194515894
12254,0.28519195210063447
12255,0.28519230247454774
12256,0.2851925628754181
12257,0.28519295827508645
12258,0.28519315069388546
12259,0.2851936491741709
12260,0.2851936846274309
12261,0.28519442155943464
12262,0.28519409037033805
12263,0.28519538378755027
12264,0.28519418460752566
12265,0.28519678418280947
12266,0.28519349353939427
12267,0.28519915397482526
12268,0.2851906831941071
12269,0.2852033695951918
12270,0.2851814142808324
12271,0.2852090297830152
12272,0.28514852327485934
12273,0.2851993420125022
12274,0.28500965222212227
12275,0.28503345021819737
12276,0.28431245493754076
12277,0.2837419194053828
12278,0.28047307484328465
12279,0.27558942681050347
12280,0.2618965404626604
12281,0.24396592758210695
12282,0.22887315490352142
12283,0.23506831554995292
12284,0.2549259194856874
12285,0.2735703332124621
12286,0.28145267870756785
12287,0.2851448127174437
12288,0.28483451119456904
12289,0.2808654258056631
12290,0.27650951424492726
12291,0.26956132253508586
12292,0.26781205123309026
12293,0.268606010141228
12294,0.27569030458073845
12295,0.28080012645831076
12296,0.28529717627598816
12297,0.2861361502753222
12298,0.284442634872597
12299,0.2825956883504769
12300,0.27986147414759194
12301,0.28073044955371346
12302,0.2817162891724077
12303,0.2849105783958196
12304,0.286232782664068
12305,0.2866313650900253
12306,0.28596198200702044
12307,0.2841647943282073
12308,0.28398712870830634
12309,0.2835153734877766
12310,0.2849958559295197
12311,0.2856179393452393
12312,0.2863443469041428
12313,0.2862856533609263
12314,0.28552739238739405
12315,0.2854047844560908
12316,0.28478052271364146
12317,0.285436163712425
12318,0.2854594765768485
12319,0.2860441119030019
12320,0.28603795887268296
12321,0.2858371866680436
12322,0.28569835864477555
12323,0.28513556233662374
12324,0.28528376881518835
12325,0.2849970674384234
12326,0.28542157913699917
12327,0.28538121181324505
12328,0.285608405596142
12329,0.285589915649915
12330,0.28546879827671134
12331,0.2854899901493058
12332,0.2851947327774371
12333,0.2853210941636124
12334,0.2850706096609424
12335,0.2852905752581675
12336,0.28515192228411856
12337,0.28532820062116804
12338,0.28526256771354225
12339,0.28532098961718316
12340,0.2853234554129052
12341,0.2852643578508992
12342,0.28531573890980144
12343,0.28517856791029994
12344,0.28528045265991664
12345,0.2851224845009265
12346,0.2852514568970094
12347,0.2850949727069742
12348,0.28523176811010376
12349,0.2851061473245169
12350,0.28524259261662976
12351,0.2851480177667885
12352,0.2852659476057904
12353,0.2851993061398796
12354,0.2852967360558922
12355,0.285246373385041
12356,0.285311215714783
12357,0.2852627823962824
12358,0.2853031275383615
12359,0.28526030463785285
12360,0.28528671326572236
12361,0.28524757326033023
12362,0.2852715787735137
12363,0.28524227712677663
12364,0.28527376639885477
12365,0.2852463351519493
12366,0.2852814037098573
12367,0.28524617138353425
12368,0.28528776605833794
12369,0.28523500169791216
12370,0.2852833938292437
12371,0.28519972458453213
12372,0.28526429031704303
12373,0.28513413981258884
12374,0.2852209240111321
12375,0.28499946079359717
12376,0.28509878437270086
12377,0.284687440139473
12378,0.2847397843238196
12379,0.2838968062414535
12380,0.28368031259436555
12381,0.281847291288817
12382,0.2807641532657519
12383,0.27694120561635693
12384,0.27417190638799765
12385,0.26834985055758676
12386,0.26570013013059557
12387,0.2628379046090323
12388,0.2659233986988054
12389,0.2689594342481321
12390,0.27528863931347153
12391,0.2786543352356982
12392,0.2827504076085319
12393,0.2842359558099147
12394,0.2856538034120211
12395,0.2859143113260921
12396,0.2855402898193977
12397,0.2852228571620918
12398,0.2838224195170156
12399,0.2834727953110679
12400,0.28194530789574584
12401,0.2822374472976532
12402,0.28144386035016644
12403,0.28262902551536456
12404,0.28267181426092924
12405,0.28417675058590025
12406,0.28450756457856574
12407,0.2855812024499
12408,0.2857642276090101
12409,0.28610408015781313
12410,0.28608743906871537
12411,0.2858171369923371
12412,0.2857532672850233
12413,0.28517206696043307
12414,0.28523788555671464
12415,0.28463937056599653
12416,0.28492264385309873
12417,0.2844589897288823
12418,0.28491422091137525
12419,0.2845891584930512
12420,0.28509607680080906
12421,0.28484317788501934
12422,0.2852895752979386
12423,0.28505531026612724
12424,0.28539488544719255
12425,0.285167258122436
12426,0.28540887809510124
12427,0.285198451103297
12428,0.28537990637934213
12429,0.2852026305771866
12430,0.2853597371210779
12431,0.28521230274870824
12432,0.28536093945470353
12433,0.28522168961344124
12434,0.2853641184826658
12435,0.2851987710387012
12436,0.28533175100795694
12437,0.28510295367254473
12438,0.2852295072816947
12439,0.28489244530742913
12440,0.28500985060269446
12441,0.2844831982631845
12442,0.2845545566430295
12443,0.28366847576162474
12444,0.2835602991434023
12445,0.28197748810189394
12446,0.28138755830086926
12447,0.278626512846998
12448,0.2772425845416871
12449,0.2733355756192488
12450,0.27191634599278874
12451,0.2689261804277578
12452,0.2700490445704424
12453,0.2703704227297649
12454,0.2743717266151835
12455,0.27641810326735505
12456,0.2803318287568857
12457,0.2818495479164778
12458,0.2841785038806543
12459,0.28484181837420325
12460,0.28574789257522576
12461,0.2858986629540286
12462,0.28583123253229176
12463,0.2857573979106473
12464,0.2850885948879758
12465,0.28501158847620134
12466,0.2840843198371606
12467,0.2842014946783887
12468,0.2833217046685538
12469,0.2837526910606516
12470,0.28310362397055516
12471,0.28381683806215213
12472,0.28340692204154044
12473,0.2842390754571124
12474,0.2839751019038834
12475,0.2847491466143204
12476,0.28454759722434425
12477,0.2851642246890908
12478,0.28499359247005496
12479,0.28543936755772586
12480,0.2852988111167139
12481,0.28560159771225746
12482,0.2854904668340184
12483,0.28568393127273345
12484,0.2855945432999845
12485,0.2857044120684839
12486,0.28562484141006905
12487,0.2856719459047892
12488,0.28559637258972226
12489,0.2856029433040331
12490,0.2855330752242631
12491,0.2855215734774661
12492,0.2854642521075066
12493,0.28545429324487115
12494,0.2854136756396759
12495,0.28541471679168945
12496,0.28538659603158034
12497,0.2853988443639112
12498,0.2853724224136587
12499,0.2853915115599433
12500,0.2853534889976044
12501,0.2853784551001711
12502,0.28531720100368846
12503,0.28535391548102707
12504,0.2852536567662683
12505,0.2853108429921031
12506,0.2851353163238109
12507,0.2852100116722082
12508,0.2848600052972159
12509,0.2848899421658742
12510,0.28409110549980243
12511,0.28379723626428954
12512,0.2817969148136158
12513,0.2802544343079028
12514,0.2753975851152163
12515,0.27100532360923524
12516,0.2630453039900123
12517,0.25907217949773637
12518,0.2570995928445028
12519,0.2628452332096031
12520,0.2685915438208018
12521,0.27644725549928256
12522,0.2803243970845072
12523,0.28405998868955107
12524,0.2852730824559853
12525,0.2859448092188542
12526,0.2858541236693172
12527,0.28467296332757575
12528,0.28396086405549625
12529,0.28180710013560506
12530,0.2812745147518729
12531,0.2795193417646087
12532,0.2802513804548091
12533,0.2799520690672406
12534,0.281920942228231
12535,0.282580216005087
12536,0.28451552489573406
12537,0.285108411608433
12538,0.28609479063211507
12539,0.28624826936592834
12540,0.2862228704993715
12541,0.28609663933756696
12542,0.28542638371539036
12543,0.2853197438069169
12544,0.2844828725047639
12545,0.2846488573772281
12546,0.2839920890820663
12547,0.2844797785938115
12548,0.2840840246486798
12549,0.28474638036873495
12550,0.28450661502463737
12551,0.28513503358827025
12552,0.2849285351782765
12553,0.2854042807962405
12554,0.2851882389616481
12555,0.28549942152956165
12556,0.28528460997451704
12557,0.2854839443927431
12558,0.2853075327739313
12559,0.285458250400016
12560,0.28533324185868436
12561,0.28546608249067523
12562,0.2853760076072749
12563,0.2854944873059069
12564,0.28540081885892044
12565,0.2854948903168425
12566,0.2853636223088317
12567,0.28543997039767294
12568,0.2852496048242857
12569,0.285325050189614
12570,0.2850479468703225
12571,0.28513555427628934
12572,0.28469870166363836
12573,0.28475835176277814
12574,0.2839638463487043
12575,0.28382091565206574
12576,0.28222167880561544
12577,0.28141392734835086
12578,0.27821155778726947
12579,0.27605549204742863
12580,0.2709531676224217
12581,0.26834859473461614
12582,0.26460655436231734
12583,0.26604466178013736
12584,0.2675268063508799
12585,0.27300408410298477
12586,0.2761634164408557
12587,0.2806881152711862
12588,0.28249533889550477
12589,0.28473752011776204
12590,0.28537310134329535
12591,0.28600076309474076
12592,0.2860636294686907
12593,0.2856806277210533
12594,0.28550273226001005
12595,0.28451139009351806
12596,0.28434508682609905
12597,0.2831307402412081
12598,0.28322511078402707
12599,0.28215346581454637
12600,0.2826758736190157
12601,0.28195881024774055
12602,0.28286881712073153
12603,0.2824802607365838
12604,0.283548723780745
12605,0.2833367112227729
12606,0.28432156633587
12607,0.28416769943749587
12608,0.284946198629422
12609,0.2848097766253653
12610,0.2853726708175472
12611,0.28524676564604046
12612,0.28563199837303327
12613,0.2855125534420213
12614,0.2857631063611482
12615,0.2856395087848055
12616,0.28578991936934
12617,0.28565343117680037
12618,0.28573879369741095
12619,0.28558718796942356
12620,0.28564268175912566
12621,0.28547779787661925
12622,0.28553822322788863
12623,0.2853550369943844
12624,0.28544061399388715
12625,0.28520690906511387
12626,0.28531408739937564
12627,0.28495240531669214
12628,0.2850383479231653
12629,0.2843852207538532
12630,0.2843219399203143
12631,0.28303337510542
12632,0.28248082256220364
12633,0.27988171358719505
12634,0.27818725487093393
12635,0.2736015037865338
12636,0.2707985734252893
12637,0.2660104471172467
12638,0.2656657831294576
12639,0.2654676860568171
12640,0.2701299740691665
12641,0.2732284471599181
12642,0.2783696102311987
12643,0.28065083386835454
12644,0.2836079329865049
12645,0.28455538100152283
12646,0.285716802346331
12647,0.28595770564249756
12648,0.28601229386931754
12649,0.285944696057538
12650,0.285304614764197
12651,0.28514804203676897
12652,0.28410409174702006
12653,0.2840275217837374
12654,0.2828352650445116
12655,0.2829875774419854
12656,0.2818795437142244
12657,0.28236533058454816
12658,0.2815014397565624
12659,0.28231901900305556
12660,0.2817358462618478
12661,0.2827533412165091
12662,0.2823814591815704
12663,0.2834167018399705
12664,0.2831561895661555
12665,0.2840769498606741
12666,0.2838454647374925
12667,0.2845979173176162
12668,0.284340911708519
12669,0.28492650622050214
12670,0.2846072284774015
12671,0.2850503020252779
12672,0.2846412940509443
12673,0.2849756583893574
12674,0.28444815695016856
12675,0.2847021392426645
12676,0.2840116381040787
12677,0.2841960555094619
12678,0.28326398219362364
12679,0.2833490349088652
12680,0.2820491882071761
12681,0.28196393207752884
12682,0.2801681595515034
12683,0.2798775642452424
12684,0.2776372361295369
12685,0.27736828509068073
12686,0.2752039959264535
12687,0.27560738797610357
12688,0.27436835297739715
12689,0.27596670325401906
12690,0.2759068424957401
12691,0.27828545631018803
12692,0.27878565228832
12693,0.2810653102341313
12694,0.281504043769227
12695,0.2832169095108679
12696,0.28340602656540637
12697,0.2845408761441112
12698,0.2845339914681575
12699,0.28524824184306935
12700,0.2851422293885364
12701,0.2855967145895258
12702,0.28546094511225933
12703,0.2857693679451371
12704,0.28562968295885044
12705,0.2858532718515451
12706,0.28570034784689946
12707,0.2858676800086634
12708,0.28567841029278224
12709,0.28580863410323826
12710,0.2855597493854618
12711,0.28567249622667873
12712,0.2853342430834502
12713,0.2854387405796275
12714,0.28494642008963916
12715,0.28501380971574924
12716,0.2842197586454221
12717,0.2841338308524089
12718,0.2827354264332398
12719,0.28221908393938483
12720,0.27972359984196815
12721,0.27838829303693835
12722,0.27453511194584307
12723,0.2727168387602181
12724,0.2690173787125349
12725,0.2691388090399776
12726,0.2685622174483639
12727,0.2720723299978721
12728,0.2739879359561573
12729,0.27817845961705734
12730,0.27991156134245887
12731,0.2827280924459727
12732,0.2835703600711355
12733,0.28502303759595726
12734,0.2853012606107097
12735,0.28588397956565126
12736,0.28592266269666183
12737,0.28600423806509484
12738,0.28599641155392935
12739,0.2857965449976457
12740,0.28583362737202506
12741,0.2854406151313658
12742,0.2855245243194606
12743,0.284917543135681
12744,0.2849916579353857
12745,0.2840890597319894
12746,0.2840866941322601
12747,0.28280397950905817
12748,0.2826824968534067
12749,0.28099237318080433
12750,0.2807862411137666
12751,0.27881871981894674
12752,0.2787378970088793
12753,0.27687848686734395
12754,0.27732191376369364
12755,0.27606985605632806
12756,0.27731036539388326
12757,0.27683678086158653
12758,0.2786568897244815
12759,0.27866067153270724
12760,0.2805465244177793
12761,0.28063661205563684
12762,0.2822298545653542
12763,0.28221490832260887
12764,0.2834311826329713
12765,0.2832870606689308
12766,0.2841873725801352
12767,0.2839419079357011
12768,0.284615237773424
12769,0.2842850370525572
12770,0.28480050777411425
12771,0.2843751348381617
12772,0.28477588087898115
12773,0.28422038965259716
12774,0.2845272542241265
12775,0.2837843722435626
12776,0.28399562731073236
12777,0.28298328196675016
12778,0.28307105737057375
12779,0.28169195363119814
12780,0.28162249043335913
12781,0.27982961974916487
12782,0.27965532747943955
12783,0.2776150328259995
12784,0.2776331170848019
12785,0.2758551233396727
12786,0.2765678536880894
12787,0.2756074385805304
12788,0.2772117743812523
12789,0.2770767672215708
12790,0.279135418649296
12791,0.27934545159706
12792,0.2812615707183867
12793,0.2814150648417236
12794,0.2829066200978162
12795,0.2828790710780318
12796,0.2839518271115548
12797,0.2837671940264313
12798,0.2845322645654129
12799,0.2842390134001262
12800,0.28480603572976815
12801,0.2844258577463381
12802,0.28486703158997206
12803,0.2843824966388158
12804,0.2847299604338566
12805,0.28408831105936694
12806,0.2843420952172264
12807,0.283461899706172
12808,0.28359616689627165
12809,0.2823756424016439
12810,0.2823492491786681
12811,0.2807020768396467
12812,0.280513221249166
12813,0.2784893587666892
12814,0.27831987491838445
12815,0.276295514310896
12816,0.2766166767436193
12817,0.2752298029503105
12818,0.2764727873457401
12819,0.27603084792348626
12820,0.27800791890052023
12821,0.27815624248952375
12822,0.28022644229527494
12823,0.28045078798144907
12824,0.2821608140079261
12825,0.2822183241465841
12826,0.2834746982330621
12827,0.28334522357352715
12828,0.28423641250544324
12829,0.2839656802680602
12830,0.28461080695247226
12831,0.28423085377607094
12832,0.28471923419105255
12833,0.2842240702946971
12834,0.2846018250640959
12835,0.2839454465458662
12836,0.2842199316520106
12837,0.2833231760578552
12838,0.28347218672089874
12839,0.28223742732436047
12840,0.28222727023232674
12841,0.28058337626402513
12842,0.2804297430556415
12843,0.27845226792406935
12844,0.27835340408874326
12845,0.2764223066427363
12846,0.2768233248447928
12847,0.2755164708796376
12848,0.276775037677095
12849,0.27633051759134475
12850,0.2782369407411634
12851,0.27831553199945774
12852,0.2802888904729804
12853,0.28043166067314024
12854,0.2820720218341344
12855,0.28206058810246065
12856,0.28328568265238274
12857,0.2830965753800426
12858,0.2839852103686666
12859,0.28365263398126417
12860,0.28430991389294114
12861,0.28385313183360816
12862,0.284354760739034
12863,0.28375564011891297
12864,0.2841364344963523
12865,0.28334054495652844
12866,0.2836017343453945
12867,0.2825326004361203
12868,0.2826589431751903
12869,0.28125075626207785
12870,0.28124885947401973
12871,0.27952065280329613
12872,0.27950057462435934
12873,0.2776697582457879
12874,0.2779217791430313
12875,0.27641451884183926
12876,0.2772825166825895
12877,0.27644087658286337
12878,0.27796129230032757
12879,0.2777107157670933
12880,0.2795163185677808
12881,0.27950167435927115
12882,0.2811764779552384
12883,0.28111666208875025
12884,0.282467588122158
12885,0.2822613637134997
12886,0.283288703713165
12887,0.2829326530502858
12888,0.2837100175308828
12889,0.28321588473895226
12890,0.2838143936752089
12891,0.28317153398302847
12892,0.28363318324576287
12893,0.2828028314499464
12894,0.28314257574637486
12895,0.2820730449341762
12896,0.28229801726077275
12897,0.2809601113987909
12898,0.281106435855788
12899,0.279552834366861
12900,0.27973829334585204
12901,0.2781619280248168
12902,0.2786041808325542
12903,0.27730059109822625
12904,0.2782028047898332
12905,0.27737373760717926
12906,0.27872424002144847
12907,0.2783113661540814
12908,0.27986212733548854
12909,0.27963730398329106
12910,0.28110927130577207
12911,0.28087392946430606
12912,0.2821184486630795
12913,0.28177893471462273
12914,0.2827760927106915
12915,0.28230737964122
12916,0.28309717322487754
12917,0.28249186323344894
12918,0.28312116391314585
12919,0.282362737170349
12920,0.28286445994795756
12921,0.2819259925138064
12922,0.28232325062509206
12923,0.2811868213450123
12924,0.28151377852778686
12925,0.2802051053002455
12926,0.28053561636438656
12927,0.2791581949575416
12928,0.2796194087358675
12929,0.2783483501315373
12930,0.2790787955280372
12931,0.2780777569261997
12932,0.2791286751453418
12933,0.2784402293248014
12934,0.2797170082459521
12935,0.2792462049162983
12936,0.28057120174472444
12937,0.2801746822184697
12938,0.28139901400032424
12939,0.2809686388104074
12940,0.2820236998277494
12941,0.2815038403757699
12942,0.2823853068625796
12943,0.2817514835420664
12944,0.2824838767399836
12945,0.2817208961073637
12946,0.28233382894490516
12947,0.28142870506425555
12948,0.28195162754708525
12949,0.2809024629828224
12950,0.2813737784402634
12951,0.2802088943814581
12952,0.28068961284065863
12953,0.27948307108849624
12954,0.2800584734507483
12955,0.27892022882520034
12956,0.2796723778596976
12957,0.2787016228033414
12958,0.27965975990148434
12959,0.2788895875727458
12960,0.2800025561187002
12961,0.2793874612189606
12962,0.28055168366428795
12963,0.2800066119961157
12964,0.28112279437355947
12965,0.2805696560000938
12966,0.2815787540740985
12967,0.2809659752105272
12968,0.2818506807036063
12969,0.28114944284110244
12970,0.2819187562910819
12971,0.28111380635734334
12972,0.2817891209903844
12973,0.28087548864515216
12974,0.28148562379916736
12975,0.2804734812208221
12976,0.2810572207351809
12977,0.279980260548023
12978,0.28058914125261614
12979,0.279506528317555
12980,0.28019798585309896
12981,0.2791798555155958
12982,0.27999626140307676
12983,0.2790944677757244
12984,0.28003914970432686
12985,0.27926275149982266
12986,0.28029447302505406
12987,0.2796100685173604
12988,0.2806634784830335
12989,0.2800173961939538
12990,0.28103250529042867
12991,0.28037421377194927
12992,0.2813142545305955
12993,0.2806074110321873
12994,0.2814604868811432
12995,0.28068344614701723
12996,0.2814559205503633
12997,0.2805995348082938
12998,0.28130964631591604
12999,0.2803774215115575
13000,0.2810524233920624
13001,0.28006304022963907
13002,0.280738094306128
13003,0.27972623293358595
13004,0.28044050965069045
13005,0.2794507157848603
13006,0.28023736174104186
13007,0.2793096277475921
13008,0.28018232272124133
13009,0.27933605781429605
13010,0.2802812879784393
13011,0.2795084747784227
13012,0.2804908309288972
13013,0.27976267208532274
13014,0.28074011894205936
13015,0.2800207541110433
13016,0.2809595202207716
13017,0.28021744151374256
13018,0.2810992809297543
13019,0.28031264260966426
13020,0.28113475697798873
13021,0.2802925462574304
13022,0.2810643459892973
13023,0.28016662360134825
13024,0.2809065782375872
13025,0.2799649659093197
13026,0.28069796591151014
13027,0.2797350019494206
13028,0.2804885666985517
13029,0.2795335182024795
13030,0.28033136053524393
13031,0.27941178229832525
13032,0.28026591920501787
13033,0.2793979981169454
13034,0.2803036465291254
13035,0.27948672510087263
13036,0.2804239413546564
13037,0.27964237417992854
13038,0.28058399501143577
13039,0.27981439846800527
13040,0.28073559136238013
13041,0.2799547611124475
13042,0.28083952862402867
13043,0.28002978193275235
13044,0.2808730435302199
13045,0.28002472646692905
13046,0.2808313649802138
13047,0.27994373863483923
13048,0.2807264361374102
13049,0.2798076886704177
13050,0.28058426425321153
13051,0.2796502235965244
13052,0.2804400929998101
13053,0.2795107281594078
13054,0.28033015722959415
13055,0.27942389734016426
13056,0.2802810215104399
13057,0.27940877782680157
13058,0.28030069152842746
13059,0.279462479227321
13060,0.28037634262789657
13061,0.27956218202624405
13062,0.2804800387874181
13063,0.27967424066355023
13064,0.280579062144984
13065,0.2797654151472456
13066,0.2806457059598299
13067,0.27981154413329284
13068,0.2806633698106307
13069,0.27980192326885656
13070,0.2806287513568378
13071,0.27974008297380815
13072,0.2805513012840474
13073,0.27964209349521424
13074,0.2804506980571897
13075,0.27953273595113254
13076,0.28035227394032014
13077,0.2794394318822088
13078,0.2802804451592931
13079,0.2793846422312431
13080,0.28025152463276864
13081,0.27937902585600577
13082,0.28026865046205995
13083,0.27941832986583887
13084,0.2803212828049489
13085,0.2794855638259812
13086,0.2803895048422285
13087,0.27955729863811896
13088,0.280450912175374
13089,0.2796111067787359
13090,0.2804871182532841
13091,0.2796314233262917
13092,0.2804879832228119
13093,0.27961264790644436
13094,0.2804531997049782
13095,0.27955959537096187
13096,0.2803916448047131
13097,0.27948576225982813
13098,0.2803188792632152
13099,0.2794097296472074
13100,0.280253049286676
13101,0.27935013617671833
13102,0.28020982312377696
13103,0.2793203110181864
13104,0.28019775600579694
13105,0.2793243362042305
13106,0.2802158428444182
13107,0.2793561494991808
13108,0.2802543214216626
13109,0.2794020512976828
13110,0.2802983039371036
13111,0.27944543221578216
13112,0.28033260572947877
13113,0.2794717850929324
13114,0.28034598880248457
13115,0.27947242628258506
13116,0.28033374852177206
13117,0.2794462367694624
13118,0.28029838759747905
13119,0.2793994175989562
13120,0.28024855071860716
13121,0.27934352595048423
13122,0.2801965178729695
13123,0.27929219109317327
13124,0.28015472479184955
13125,0.2792572037117855
13126,0.28013214609354753
13127,0.27924507001504484
13128,0.2801316858251535
13129,0.2792552229143791
13130,0.2801495486705727
13131,0.27928056551302916
13132,0.28017680895691865
13133,0.27931006728026775
13134,0.2802024762478948
13135,0.2793323338982282
13136,0.28021686051189404
13137,0.2793388872697863
13138,0.28021417437190216
13139,0.279326267631845
13140,0.28019380225647444
13141,0.27929660905314635
13142,0.2801601273849693
13143,0.27925673588262073
13144,0.2801210845895481
13145,0.27921606644521824
13146,0.28008579872498546
13147,0.2791838308557336
13148,0.28006189409313753
13149,0.2791663520159373
13150,0.2800532598493958
13151,0.2791652437372896
13152,0.2800590201373868
13153,0.2791771452787931
13154,0.28007406159410164
13155,0.2791950474064749
13156,0.2800908674094455
13157,0.2792106581840977
13158,0.2801019365988191
13159,0.27921694245837403
13160,0.2801019659800089
13161,0.27921005329746856
13162,0.2800891991466161
13163,0.2791901994199854
13164,0.2800656877438642
13165,0.27916133954399847
13166,0.28003649949432236
13167,0.2791298623965104
13168,0.28000812224647287
13169,0.27910262257866436
13170,0.27998649695714156
13171,0.2790848801737153
13172,0.2799752495147309
13173,0.2790787698912391
13174,0.2799746825232727
13175,0.27908279599870395
13176,0.2799818550109678
13177,0.2790924975780064
13178,0.2799916825798287
13179,0.2791020009022152
13180,0.2799986257589245
13181,0.2791058864732095
13182,0.27999837801637667
13183,0.279100765453949
13184,0.2799890489770328
13185,0.2790861379874682
13186,0.2799715612675391
13187,0.2790643638354646
13188,0.27994922041234505
13189,0.2790398162137658
13190,0.2799266204064975
13191,0.279017485205318
13192,0.27990820860444293
13193,0.2790014419400303
13194,0.27989693686927
13195,0.27899363150785056
13196,0.2798934198883616
13197,0.27899337531071133
13198,0.27989586519121534
13199,0.27899772592652344
13200,0.27990076891584614
13201,0.2790025161499927
13202,0.2799041037764911
13203,0.2790037155378539
13204,0.27990258227237147
13205,0.27899864509246175
13206,0.2798946016152266
13207,0.27898669811435817
13208,0.2798806206473664
13209,0.2789693991059496
13210,0.2798629047018134
13211,0.27894982854690586
13212,0.2798447474239684
13213,0.27893160901142316
13214,0.2798294150851193
13215,0.27891776600470175
13216,0.27981913811102377
13217,0.27890981663460956
13218,0.27981446515503644
13219,0.27890737090309126
13220,0.2798141786723016
13221,0.2789083579219071
13222,0.2798157768883736
13223,0.27890977274022405
13224,0.2798163330312889
13225,0.2789086695474754
13226,0.27981343035890577
13227,0.27890306943924165
13228,0.27980587586564853
13229,0.278892510599188
13230,0.27979399370189517
13231,0.2788781022314173
13232,0.2797794403875032
13233,0.2788620975054823
13234,0.2797646234393689
13235,0.2788471365596893
13236,0.27975191477459477
13237,0.27883540222250863
13238,0.2797429079796414
13239,0.2788279551226696
13240,0.2797379535765719
13241,0.2788244555137073
13242,0.2797361132806111
13243,0.2788233471975745
13244,0.27973552982053274
13245,0.2788224204980321
13246,0.27973406871636575
13247,0.2788195490448771
13248,0.27973000776367235
13249,0.2788133537314917
13250,0.27972255317771383
13251,0.27880359131885796
13252,0.27971203460428384
13253,0.2787911664485935
13254,0.27969973977860796
13255,0.2787777855909756
13256,0.27968745888178215
13257,0.27876537693140774
13258,0.27967689229825843
13259,0.27875546678494556
13260,0.2796691134069866
13261,0.2787487124759743
13262,0.2796642569471052
13263,0.27874473690244694
13264,0.27966152558810153
13265,0.2787423058090396
13266,0.27965949764324965
13267,0.27873977218650237
13268,0.2796566186467027
13269,0.2787356274599926
13270,0.27965170614770757
13271,0.27872897529954677
13272,0.27964430549696817
13273,0.27871978255370566
13274,0.2796347938557046
13275,0.2787088421204557
13276,0.27962421471402116
13277,0.2786974754248282
13278,0.27961390887724785
13279,0.2786870809594748
13280,0.2796050679784763
13281,0.2786786794686561
13282,0.2795983570190516
13283,0.2786726029373719
13284,0.27959372599224586
13285,0.2786684230637257
13286,0.2795904642575674
13287,0.27866513164550305
13288,0.2795874678021155
13289,0.27866150030752806
13290,0.279583619735077
13291,0.27865649136809295
13292,0.2795781530169378
13293,0.27864958321118544
13294,0.2795708791609549
13295,0.2786409104972902
13296,0.2795622175027894
13297,0.27863118497774303
13298,0.27955302677215327
13299,0.2786214339131207
13300,0.2795443029465695
13301,0.2786126490802754
13302,0.27953684715421084
13303,0.2786054643667976
13304,0.2795310133480687
13305,0.27859996648199453
13306,0.27952661544168383
13307,0.27859569537377366
13308,0.27952301729690954
13309,0.27859182498318713
13310,0.27951936639396036
13311,0.27858745483196534
13312,0.2795148858775788
13313,0.2785819098641225
13314,0.27950912539762385
13315,0.2785749495930035
13316,0.2795020910180553
13317,0.27856682343979755
13318,0.2794942186750629
13319,0.27855816265738476
13320,0.279486208122415
13321,0.27854975244536645
13322,0.27947877848152564
13323,0.2785422646699006
13324,0.2794724294070207
13325,0.27853604121861303
13326,0.2794672867542879
13327,0.278530997709281
13328,0.27946308033834955
13329,0.2785266740424052
13330,0.2794592548287147
13331,0.2785224075146061
13332,0.2794551697704174
13333,0.27851756409269257
13334,0.2794503170765786
13335,0.27851174755762304
13336,0.2794444826793222
13337,0.2785049183350197
13338,0.27943780189493683
13339,0.2784973876365953
13340,0.2794306959202655
13341,0.27848969539417734
13342,0.27942371654395337
13343,0.27848241822724973
13344,0.2794173550797405
13345,0.27847597470688845
13346,0.27941188097703745
13347,0.27847049323448536
13348,0.27940726290908247
13349,0.2784657840386181
13350,0.279403195015589
13351,0.2784614196694297
13352,0.27939921420666475
13353,0.2784568912821127
13354,0.27939486418653314
13355,0.2784517839944428
13356,0.2793898484356229
13357,0.2784459113048736
13358,0.2793841213664983
13359,0.2784393656823886
13360,0.27937789041261973
13361,0.2784324727962367
13362,0.27937153296623235
13363,0.27842566962793963
13364,0.27936546027728043
13365,0.2784193511646323
13366,0.2793599766974882
13367,0.27841373891401017
13368,0.2793551821001421
13369,0.2784088147713917
13370,0.27935094856224535
13371,0.2784043395810175
13372,0.2793469756294084
13373,0.2783999458678661
13374,0.2793429013705366
13375,0.2783952693559051
13376,0.27933842851467133
13377,0.2783900725034657
13378,0.2793334220058063
13379,0.27838431853210077
13380,0.27932794638760317
13381,0.2783781734353283
13382,0.27932223346246937
13383,0.278371938965939
13384,0.27931659470525166
13385,0.2783659427824978
13386,0.279311310907177
13387,0.2783604252333159
13388,0.27930653777730635
13389,0.27835546161617214
13390,0.27930225904332606
13391,0.27835094484951
13392,0.27929830085014007
13393,0.27834663155332384
13394,0.27929439948075685
13395,0.2783422325316836
13396,0.2792902964282196
13397,0.27833751430759507
13398,0.2792858267673697
13399,0.2783323762995423
13400,0.2792809708686037
13401,0.27832687844251275
13402,0.27927585361688023
13403,0.2783212123116446
13404,0.27927069404986987
13405,0.2783156284678412
13406,0.27926572514087755
13407,0.27831034712364416
13408,0.2792611127612998
13409,0.27830548370144265
13410,0.27925690181135526
13411,0.2783010142755604
13412,0.2792530068375468
13413,0.27829679092438325
13414,0.27924924821661473
13415,0.2782925992159348
13416,0.27924541910264095
13417,0.2782882357960107
13418,0.2792413583887839
13419,0.2782835781862558
13420,0.2792370041151236
13421,0.2782786230288267
13422,0.27923240983402786
13423,0.2782734811370135
13424,0.27922772012845526
13425,0.27826833321468797
13426,0.27922311577664816
13427,0.2782633635171129
13428,0.27921874905813965
13429,0.2782586955551914
13430,0.2792146921641809
13431,0.27825435212014615
13432,0.2792109160561397
13433,0.2782502523949963
13434,0.27920730567702934
13435,0.27824624535553094
13436,0.2792037044220133
13437,0.27824216600244306
13438,0.2791999708789917
13439,0.27823789364282187
13440,0.27919602740675126
13441,0.2782333917655353
13442,0.27919188399810335
13443,0.2782287165075335
13444,0.2791876303261034
13445,0.27822399230841993
13446,0.27918340031624433
13447,0.27821936486616
13448,0.2791793229690194
13449,0.2782149489580001
13450,0.27917547732257597
13451,0.27821078967017787
13452,0.27917186716436315
13453,0.27820685001151607
13454,0.27916842343247056
13455,0.27820302799395497
13456,0.2791650321196367
13457,0.2781991957318999
13458,0.27916157660694196
13459,0.2781952457113611
13460,0.27915797880969584
13461,0.2781911275843992
13462,0.27915422470861145
13463,0.27818686300307666
13464,0.27915036604710497
13465,0.2781825343473581
13466,0.2791464987616172
13467,0.27817825258838913
13468,0.2791427268744206
13469,0.27817411662885067
13470,0.2791391252919003
13471,0.27817017889201995
13472,0.27913571471275755
13473,0.27816642903534755
13474,0.27913245695099687
13475,0.2781628006892441
13476,0.2791292713505966
13477,0.27815919772138736
13478,0.2791260654495934
13479,0.2781555297623173
13480,0.2791227683216151
13481,0.27815174393759784
13482,0.27911935463567217
13483,0.27814784173381013
13484,0.27911585135042954
13485,0.27814387573644345
13486,0.27911232550911136
13487,0.27813992837041046
13488,0.2791088583795763
13489,0.2781360810613154
13490,0.2791055157869386
13491,0.2781323852465171
13492,0.27910232538224616
13493,0.27812884547552746
13494,0.27909926862082546
13495,0.27812542005178537
13496,0.27909628961157545
13497,0.27812203814814496
13498,0.27909331686860767
13499,0.2781186264912019
13500,0.2790902895731037
13501,0.2781151356190275
13502,0.27908717874379313
13503,0.2781115563498252
13504,0.27908399599592737
13505,0.27810792104671644
13506,0.2790807873542471
13507,0.27810428995544656
13508,0.27907761504773515
13509,0.2781007282161093
13510,0.27907453437567187
13511,0.27809728222660157
13512,0.27907157417037626
13513,0.2780939638655152
13514,0.27906872769740937
13515,0.27809074786698273
13516,0.27906595676775753
13517,0.2780875826670541
13518,0.2790632069562348
13519,0.2780844101806158
13520,0.27906042792358837
13521,0.27808118696910483
13522,0.27905759128790475
13523,0.27807789911698555
13524,0.27905469973203323
13525,0.2780745657636468
13526,0.27905178448671464
13527,0.2780712305588305
13528,0.27904889264762056
13529,0.27806794469192714
13530,0.2790460693777679
13531,0.27806474801194697
13532,0.27904334165672656
13533,0.2780616551425622
13534,0.2790407093724218
13535,0.27805865137385805
13536,0.27903814663014537
13537,0.27805569935603686
13538,0.2790356123237856
13539,0.27805275366345644
13540,0.27903306570591635
13541,0.27804977758512534
13542,0.27903048108336437
13543,0.278046755956806
13544,0.27902785635799826
13545,0.27804369957436414
13546,0.27902521260975294
13547,0.27804063998656475
13548,0.27902258529509516
13549,0.2780376170076987
13550,0.27902001064672977
13551,0.2780346638221706
13552,0.279017512435894
13553,0.27803179520293436
13554,0.2790150938897201
13555,0.2780290029805227
13556,0.27901273746182975
13557,0.27802626007183956
13558,0.2790104121722401
13559,0.27802353120153617
13560,0.2790080854896238
13561,0.2780207860980265
13562,0.2790057352151456
13563,0.27801801024113787
13564,0.2790033570382419
13565,0.2780152093599558
13566,0.27900096521356293
13567,0.27801240633392166
13568,0.27899858643400655
13569,0.2780096319822975
13570,0.278996249452638
13571,0.2780069133884112
13572,0.2789939744405501
13573,0.27800426413810736
13574,0.2789917659817742
13575,0.2780016799519655
13576,0.27898961209813017
13577,0.27799914105860035
13578,0.27898748938066786
13579,0.27799662012691184
13580,0.27898537206481056
13581,0.277994092593653
13582,0.2789832415414331
13583,0.27799154549125454
13584,0.2789810927986003
13585,0.2779889816105073
13586,0.2789789355756009
13587,0.2779864176888387
13588,0.2789767900517107
13589,0.2779838775659414
13590,0.2789746789048726
13591,0.2779813830519413
13592,0.2789726188239938
13593,0.27797894596796774
13594,0.2789706146187882
13595,0.2779765642306384
13596,0.27896865797304926
13597,0.27797422323395976
13598,0.2789667310856382
13599,0.2779719017753655
13600,0.2789648136329805
13601,0.2779695801338928
13602,0.27896289033539245
13603,0.2779672472254798
13604,0.2789609563118538
13605,0.27796490424152115
13606,0.2789590183519895
13607,0.2779625635918462
13608,0.2789570918247293
13609,0.27796024375845724
13610,0.2789551945650596
13611,0.2779579621472753
13612,0.2789533401344151
13613,0.27795572866937923
13614,0.278951532972866
13615,0.2779535423899027
13616,0.27894976714804876
13617,0.2779513923427333
13618,0.2789480289983458
13619,0.277949262018314
13620,0.27894630251339686
13621,0.27794713569489726
13622,0.2789445753344526
13623,0.2779450041844894
13624,0.27894284312414863
13625,0.2779428678922463
13626,0.27894111076187766
13627,0.27794073617911375
13628,0.2789393900674486
13629,0.27793862343346193
13630,0.2789376950561377
13631,0.27793654345938806
13632,0.2789360365984568
13633,0.2779345043411938
13634,0.2789344184942142
13635,0.2779325056692362
13636,0.27893283635448685
13637,0.27793053904998444
13638,0.2789312795786924
13639,0.2779285915605984
13640,0.2789297355501695
13641,0.2779266507286996
13642,0.2789281943881974
13643,0.27792470911493106
13644,0.2789266524627475
13645,0.27792276681093
13646,0.2789251134201633
13647,0.27792083101788095
13648,0.27892358645147586
13649,0.2779189129958492
13650,0.2789220825743221
13651,0.27791702364064913
13652,0.27892061040496813
13653,0.2779151694000161
13654,0.2789191730205966
13655,0.27791335003725626
13656,0.27891776703318244
13657,0.2779115589930916
13658,0.2789163841200932
13659,0.27790978609234374
13660,0.278915014327839
13661,0.27790802147745325
13662,0.2789136498336512
13663,0.2779062592427877
13664,0.2789122877378519
13665,0.27790449942449297
13666,0.27891093088688385
13667,0.27790274767639933
13668,0.2789095865086589
13669,0.2779010128584439
13670,0.2789082632704257
13671,0.2778993035352472
13672,0.2789069679325114
13673,0.27789762474581775
13674,0.2789057028699874
13675,0.2778959762426508
13676,0.27890446535187624
13677,0.2778943527938166
13678,0.27890324876849176
13679,0.2778927463411432
13680,0.27890204525801715
13681,0.2778911491204022
13682,0.27890084868298437
13683,0.27788955652852576
13684,0.2788996568232023
13685,0.2778879686725837
13686,0.27889847199700507
13687,0.27788639007838256
13688,0.2788972999486779
13689,0.27788482775162626
13690,0.27889614749887065
13691,0.27788328839525345
13692,0.27889501989765725
13693,0.2778817758679078
13694,0.27889391888964
13695,0.27788028982912877
13696,0.2788928421872306
13697,0.27787882602767455
13698,0.27889178448670826
13699,0.2778773780499891
13700,0.27889073957440125
13701,0.27787593980385733
13702,0.2788897026798101
13703,0.2778745077677106
13704,0.27888867217730284
13705,0.2778730821679975
13706,0.27888765002407073
13707,0.2778716666889987
13708,0.27888664082632164
13709,0.27787026689099886
13710,0.27888564994825066
13711,0.2778688879924224
13712,0.2788846814211617
13713,0.27786753288237676
13714,0.27888373645167286
13715,0.2778662011041633
13716,0.27888281306570756
13717,0.2778648891501132
13718,0.27888190697151727
13719,0.2778635918969563
13720,0.278881013260154
13721,0.27786230458712785
13722,0.2788801282620773
13723,0.27786102458149975
13724,0.27887925085010484
13725,0.2778597522303557
13726,0.27887838272041393
13727,0.2778584905726459
13728,0.2788775275914101
13729,0.2778572440304569
13730,0.2788766896729693
13731,0.2778560166389054
13732,0.2788758720193135
13733,0.2778548105035838
13734,0.2788750753953933
13735,0.27785362506035044
13736,0.2788742980636123
13737,0.27785245738204956
13738,0.2788735365301924
13739,0.2778513033683831
13740,0.27887278692439305
13741,0.27785015932716217
13742,0.27887204645813796
13743,0.2778490233285983
13744,0.27887131440788976
13745,0.2778478958283193
13746,0.2788705922672681
13747,0.2778467793554123
13748,0.2788698830499579
13749,0.2778456774264343
13750,0.2788691900464733
13751,0.2778445931334861
13752,0.2788685155324797
13753,0.2778435279583621
13754,0.27886785992245355
13755,0.27784248125392863
13756,0.27886722167072225
13757,0.27784145056000364
13758,0.27886659792370017
13759,0.27784043259559577
13760,0.2788659856407741
13761,0.27783942451876226
13762,0.2788653827354073
13763,0.277838424961739
13764,0.27886478880053567
13765,0.2778374344568557
13766,0.2788642051604944
13767,0.27783645511842453
13768,0.27886363426023186
13769,0.2778354897357286
13770,0.27886307865497345
13771,0.27783454065000623
13772,0.27886254000414534
13773,0.277833608853997
13774,0.27886201845353753
13775,0.27783269364784113
13776,0.2788615126240754
13777,0.27783179295753435
13778,0.2788610201839187
13779,0.2778309041641204
13780,0.2788605387586704
13781,0.27783002510338706
13782,0.2788600668162949
13783,0.27782915484602877
13784,0.27885960418944605
13785,0.2778282939698305
13786,0.27885915205189166
13787,0.2778274442428567
13788,0.27885871238292503
13789,0.2778266078657292
13790,0.27885828714813266
13791,0.27782578658320095
13792,0.278857877523165
13793,0.2778249810112472
13794,0.2788574834558841
13795,0.27782419042765094
13796,0.2788571037192295
13797,0.27782341308519326
13798,0.27885673641211595
13799,0.2778226469035154
13800,0.27885637969584864
13801,0.2778218902570499
13802,0.2788560324728437
13803,0.2778211425523908
13804,0.2788556947499315
13805,0.27782040438321615
13806,0.27885536756126217
13807,0.277819677222636
13808,0.27885505250058723
13809,0.2778189627922578
13810,0.27885475106039814
13811,0.27781826236507107
13812,0.2788544640405946
13813,0.2778175762729582
13814,0.27885419125066746
13815,0.27781690379868307
13816,0.27885393160637073
13817,0.27781624347621625
13818,0.2788536835655824
13819,0.2778155936651689
13820,0.278853445720175
13821,0.27781495316583327
13822,0.27885321730906254
13823,0.2778143216363696
13824,0.2788529984586921
13825,0.2778136996607445
13826,0.27885279007099645
13827,0.2778130884573644
13828,0.2788525934182039
13829,0.2778124893571415
13830,0.27885240961403507
13831,0.27781190326261634
13832,0.278852239170655
13833,0.27781133029733507
13834,0.27885208180807597
13835,0.27781076977177727
13836,0.2788519365777798
13837,0.2778102204643105
13838,0.27885180223834266
13839,0.27780968109428184
13840,0.278851677726577
13841,0.2778091507959304
13842,0.27885156253807464
13843,0.27780862941030976
13844,0.27885145687458185
13845,0.27780811749106554
13846,0.2788513615121933
13847,0.2778076160351391
13848,0.27885127745421723
13849,0.27780712605512964
13850,0.27885120551273496
13851,0.2778066481657719
13852,0.27885114598372424
13853,0.2778061823435427
13854,0.27885109853684426
13855,0.277805727944164
13856,0.278851062352421
13857,0.27780528395919335
13858,0.2788510364411465
13859,0.27780484940136563
13860,0.27885102001438666
13861,0.2778044236637329
13862,0.2788510127595877
13863,0.2778040067149844
13864,0.2788510149187603
13865,0.2778035990631204
13866,0.2788510271489383
13867,0.2778032015124015
13868,0.27885105022884293
13869,0.27780281481731917
13870,0.2788510847324744
13871,0.2778024393723207
13872,0.27885113079749685
13873,0.27780207505567606
13874,0.2788511880735866
13875,0.2778017212806538
13876,0.27885125586223847
13877,0.2778013772243993
13878,0.2788513333848363
13879,0.27780104213746537
13880,0.2788514200690828
13881,0.2778007156102895
13882,0.27885151574197475
13883,0.2778003976954201
13884,0.2788516206589828
13885,0.27780008884498464
13886,0.2788517353659262
13887,0.27779978969641106
13888,0.278851860455039
13889,0.2777995007967031
13890,0.2788519963148419
13891,0.27779922237508675
13892,0.27885214297110217
13893,0.27779895424989315
13894,0.2788523000762017
13895,0.2777986958993687
13896,0.2788524670439352
13897,0.2777984466611057
13898,0.27885264327047393
13899,0.2777982059765367
13900,0.27885282835160163
13901,0.27779797358344616
13902,0.2788530222120969
13903,0.27779774958427467
13904,0.27885322510126687
13905,0.2777975343696825
13906,0.2788534374628191
13907,0.27779732843402527
13908,0.27885365973567106
13909,0.2777971321596243
13910,0.27885389216639633
13911,0.27779694565513086
13912,0.278854134705602
13913,0.2777967687081613
13914,0.27885438702442467
13915,0.2777966008650603
13916,0.2788546486388901
13917,0.2777964416006111
13918,0.27885491908856663
13919,0.2777962905073648
13920,0.2788551980974092
13921,0.2777961474300173
13922,0.27885548565514257
13923,0.27779601249528635
13924,0.2788557819914253
13925,0.27779588603077066
13926,0.27885608745808227
13927,0.2777957684097863
13928,0.278856402369734
13929,0.27779565988617333
13930,0.2788567268668551
13931,0.27779556048382137
13932,0.27885706085343237
13933,0.27779546998120874
13934,0.2788574040298033
13935,0.2777953879922769
13936,0.2788577560031919
13937,0.27779531410741826
13938,0.27885811642907726
13939,0.27779524803670647
13940,0.2788584851268231
13941,0.27779518969950606
13942,0.2788588621258463
13943,0.27779513922824023
13944,0.2788592476277932
13945,0.27779509688911574
13946,0.2788596419036474
13947,0.2777950629548173
13948,0.2788600451690757
13949,0.2777950375811502
13950,0.27886045748767285
13951,0.27779502073549844
13952,0.27886087873838794
13953,0.2777950122023556
13954,0.27886130865659475
13955,0.27779501165990766
13956,0.27886174692910265
13957,0.2777950187942491
13958,0.2788621933033625
13959,0.2777950334048243
13960,0.27886264766759083
13961,0.2777950554604415
13962,0.27886311007205083
13963,0.2777950850865243
13964,0.27886358068618133
13965,0.2777951224920629
13966,0.2788640597115489
13967,0.27779516786780467
13968,0.27886454728680227
13969,0.2777952212968449
13970,0.27886504342210533
13971,0.277795282711848
13972,0.27886554798710267
13973,0.2777953519131959
13974,0.27886606075436676
13975,0.2777954286378625
13976,0.27886658147853743
13977,0.2777955126495452
13978,0.27886710997844294
13979,0.2777956038138019
13980,0.278867646190018
13981,0.2777957021296572
13982,0.27886819017088554
13983,0.27779580770759765
13984,0.27886874205731593
13985,0.27779592070531556
13986,0.2788693019928258
13987,0.2777960412484648
13988,0.27886987005775227
13989,0.27779616936813256
13990,0.2788704462272321
13991,0.27779630497854585
13992,0.2788710303724952
13993,0.27779644790162045
13994,0.2788716223027037
13995,0.27779659792630984
13996,0.27887222182887783
13997,0.27779675487776845
13998,0.2788728288237962
13999,0.2777969186688146
14000,0.27887344325470387
14001,0.2777970893145435
14002,0.2788740651774994
14003,0.2777972669063314
14004,0.2788746946967053
14005,0.27779745155752267
14006,0.27887533190866476
14007,0.2777976433435191
14008,0.2788759768510384
14009,0.27779784225994514
14010,0.27887662947796954
14011,0.27779804821425663
14012,0.2788772896692408
14013,0.2777982610522832
14014,0.27887795726803283
14015,0.27779848060746803
14016,0.27887863213100256
14017,0.27779870675236135
14018,0.2788793141704625
14019,0.27779893943213996
14020,0.2788800033726266
14021,0.2777991786680379
14022,0.27888069978608915
14023,0.27779942453097944
14024,0.27888140348665275
14025,0.27779967709732095
14026,0.27888211453352
14027,0.2777999364049575
14028,0.278882832934424
14029,0.2778002024269071
14030,0.27888355863282194
14031,0.27780047507173394
14032,0.2788842915209456
14033,0.2778007542091707
14034,0.2788850314721845
14035,0.2778010397095518
14036,0.2788857783791027
14037,0.27780133148090114
14038,0.278886532181931
14039,0.2778016294893282
14040,0.2788872928769426
14041,0.2778019337556901
14042,0.2788880605025548
14043,0.2778022443311436
14044,0.27888883510982404
14045,0.2778025612622989
14046,0.27888961672971924
14047,0.27780288456016444
14048,0.2788904053501281
14049,0.27780321418478815
14050,0.2788912009110306
14051,0.2778035500507103
14052,0.27889200331869207
14053,0.2778038920499278
14054,0.2788928124722707
14055,0.27780424008241916
14056,0.2788936282917513
14057,0.27780459408188873
14058,0.2788944507362243
14059,0.2778049540269548
14060,0.27889527980593365
14061,0.2778053199342484
14062,0.27889611552821725
14063,0.27780569183714066
14064,0.2788969579337416
14065,0.2778060697592204
14066,0.27889780703285977
14067,0.27780645369317086
14068,0.2788986628013122
14069,0.2778068435929774
14070,0.27889952518030553
14071,0.27780723938173113
14072,0.2789003940901054
14073,0.27780764097108485
14074,0.2789012694510635
14075,0.27780804828410066
14076,0.27890215120344325
14077,0.2778084612723791
14078,0.27890303931838406
14079,0.27780887992112474
14080,0.27890393379624734
14081,0.2778093042408794
14082,0.278904834653729
14083,0.2778097342499271
14084,0.278905741905421
14085,0.2778101699547743
14086,0.27890665554733335
14087,0.2778106113364294
14088,0.2789075755486852
14089,0.27781105834748276
14090,0.27890850185467264
14091,0.2778115109204855
14092,0.2789094343984789
14093,0.27781196898368893
14094,0.27891037311729966
14095,0.27781243247757315
14096,0.2789113179658993
14097,0.27781290136568726
14098,0.27891226892257354
14099,0.27781337563591224
14100,0.27891322598564156
14101,0.2778138552922336
14102,0.27891418916241273
14103,0.2778143403408002
14104,0.2789151584553745
14105,0.2778148307760389
14106,0.2789161338511451
14107,0.2778153265722253
14108,0.27891711531632185
14109,0.27781582768346214
14110,0.27891810280142443
14111,0.277816334051558
14112,0.27891909625089367
14113,0.27781684561825043
14114,0.2789200956148895
14115,0.277817362336763
14116,0.27892110085819194
14117,0.277817884178243
14118,0.2789221119629265
14119,0.2778184111308861
14120,0.2789231289244201
14121,0.2778189431925427
14122,0.27892415174224466
14123,0.2778194803600902
14124,0.27892518041021636
14125,0.27782002261989613
14126,0.27892621490930464
14127,0.2778205699430073
14128,0.2789272552060171
14129,0.2778211222866362
14130,0.278928301256547
14131,0.27782167960097703
14132,0.2789293530147144
14133,0.27782224183836524
14134,0.278930410440368
14135,0.27782280896107336
14136,0.27893147350496295
14137,0.2778233809448117
14138,0.27893254219233765
14139,0.27782395777685087
14140,0.27893361649468296
14141,0.27782453944982793
14142,0.27893469640558227
14143,0.2778251259539212
14144,0.2789357819130017
14145,0.2778257172705263
14146,0.2789368729949528
14147,0.2778263133697886
14148,0.2789379696193369
14149,0.27782691421270034
14150,0.27893907174775634
14151,0.2778275197566521
14152,0.2789401793415643
14153,0.27782812996206413
14154,0.278941292367658
14155,0.27782874479746417
14156,0.27894241080180127
14157,0.27782936424114507
14158,0.2789435346283367
14159,0.27782998827898236
14160,0.27894466383665456
14161,0.2778306168995205
14162,0.2789457984159845
14163,0.2778312500883897
14164,0.2789469383506338
14165,0.2778318878242649
14166,0.2789480836174868
14167,0.2778325300778257
14168,0.278949234186583
14169,0.27783317681391645
14170,0.2789503900243327
14171,0.2778338279958536
14172,0.27895155109796593
14173,0.27783448359008944
14174,0.278952717379411
14175,0.2778351435693919
14176,0.2789538888471394
14177,0.277835807913424
14178,0.2789550654854111
14179,0.277836476606676
14180,0.2789562472813849
14181,0.27783714963471734
14182,0.27895743422134267
14183,0.27783782698033244
14184,0.278958626287557
14185,0.2778385086210389
14186,0.2789598234569533
14187,0.27783919452883865
14188,0.2789610257019563
14189,0.27783988467214976
14190,0.2789622329930522
14191,0.27784057901902803
14192,0.27896344530196004
14193,0.2778412775403513
14194,0.2789646626041545
14195,0.277841980211744
14196,0.27896588487980917
14197,0.2778426870135849
14198,0.2789671121129119
14199,0.2778433979292371
14200,0.278968344289021
14201,0.27784411294229605
14202,0.27896958139260936
14203,0.2778448320339809
14204,0.2789708234050538
14205,0.2778455551816634
14206,0.2789720703039887
14207,0.2778462823590097
14208,0.2789733220641762
14209,0.2778470135375768
14210,0.2789745786594523
14211,0.27784774868913953
14212,0.2789758400649291
14213,0.2778484877878138
14214,0.2789771062585906
14215,0.2778492308111757
14216,0.27897837722172114
14217,0.2778499777400207
14218,0.27897965293807303
14219,0.2778507285569455
14220,0.2789809333921925
14221,0.27785148324438963
14222,0.2789822185676043
14223,0.277852241782916
14224,0.2789835084455446
14225,0.2778530041503617
14226,0.27898480300469797
14227,0.277853770322137
14228,0.2789861022219625
14229,0.27785454027245937
14230,0.2789874060738744
14231,0.2778553139759932
14232,0.27898871453810525
14233,0.2778560914092434
14234,0.27899002759445624
14235,0.2778568725511826
14236,0.2789913452250068
14237,0.27785765738293766
14238,0.2789926674134214
14239,0.2778584458867128
14240,0.2789939941437401
14241,0.27785923804442514
14242,0.2789953253991536
14243,0.27786003383658564
14244,0.2789966611612216
14245,0.27786083324182964
14246,0.27899800140980413
14247,0.27786163623723453
14248,0.27899934612367644
14249,0.2778624427992339
14250,0.279000695281539
14251,0.27786325290474995
14252,0.27900204886302316
14253,0.27786406653209506
14254,0.2790034068493001
14255,0.2778648836613154
14256,0.27900476922310097
14257,0.2778657042738938
14258,0.27900613596817897
14259,0.277866528351966
14260,0.2790075070684567
14261,0.2778673558773834
14262,0.27900888250720923
14263,0.27786818683099124
14264,0.2790102622665871
14265,0.2778690211923753
14266,0.279011646327629
14267,0.27786985894013444
14268,0.2790130346707235
14269,0.2778707000525394
14270,0.27901442727631925
14271,0.27787154450830537
14272,0.2790158241255864
14273,0.27787239228716853
14274,0.27901722520079353
14275,0.27787324337007485
14276,0.2790186304852748
14277,0.2778740977389329
14278,0.27902003996303315
14279,0.2778749553760638
14280,0.2790214536181573
14281,0.27787581626356617
14282,0.27902287143427673
14283,0.2778766803828479
14284,0.2790242933942651
14285,0.27787754771448725
14286,0.2790257194802801
14287,0.27787841823844606
14288,0.279027149674098
14289,0.27787929193453154
14290,0.279028583957598
14291,0.27788016878291416
14292,0.27903002231319973
14293,0.27788104876450276
14294,0.2790314647241017
14295,0.2778819318610544
14296,0.2790329111742394
14297,0.27788281805498477
14298,0.27903436164800216
14299,0.2778837073289874
14300,0.2790358161298361
14301,0.2778845996656078
14302,0.27903727460388283
14303,0.2778854950469368
14304,0.27903873705379206
14305,0.2778863934545308
14306,0.27904020346275976
14307,0.2778872948695647
14308,0.2790416738137586
14309,0.27788819927314856
14310,0.27904314808986835
14311,0.2778891066466756
14312,0.27904462627456667
14313,0.2778900169720717
14314,0.2790461083518837
14315,0.27789093023185785
14316,0.2790475943063661
14317,0.2778918464090199
14318,0.2790490841228837
14319,0.27789276548675174
14320,0.2790505777863659
14321,0.2778936874481687
14322,0.27905207528155557
14323,0.2778946122761006
14324,0.2790535765928843
14325,0.2778955399530377
14326,0.2790550817044976
14327,0.277896470461237
14328,0.279056590600415
14329,0.27789740378293626
14330,0.27905810326474906
14331,0.27789833990058826
14332,0.2790596196819034
14333,0.2778992787970295
14334,0.27906113983667885
14335,0.2779002204555263
14336,0.2790626637142498
14337,0.27790116485968597
14338,0.27906419130003507
14339,0.27790211199328424
14340,0.27906572257951784
14341,0.2779030618400696
14342,0.27906725753807937
14343,0.2779040143836216
14344,0.27906879616091135
14345,0.2779049696073114
14346,0.27907033843303114
14347,0.27790592749437115
14348,0.2790718843393878
14349,0.2779068880280384
14350,0.27907343386500894
14351,0.2779078511917137
14352,0.27907498699513816
14353,0.2779088169690778
14354,0.2790765437153046
14355,0.27790978534412414
14356,0.2790781040113156
14357,0.27791075630110773
14358,0.27907966786917215
14359,0.2779117298244277
14360,0.27908123527494827
14361,0.2779127058984956
14362,0.27908280621467413
14363,0.2779136845076333
14364,0.2790843806742737
14365,0.27791466563604433
14366,0.27908595863957164
14367,0.2779156492678537
14368,0.27908754009635744
14369,0.2779166353872009
14370,0.27908912503048466
14371,0.2779176239783485
14372,0.27909071342796726
14373,0.27791861502577037
14374,0.27909230527503465
14375,0.277919608514175
14376,0.2790939005581264
14377,0.27792060442847655
14378,0.27909549926384114
14379,0.277921602753716
14380,0.2790971013788549
14381,0.2779226034749742
14382,0.2790987068898428
14383,0.2779236065773006
14384,0.2791003157834314
14385,0.27792461204568236
14386,0.2791019280461926
14387,0.2779256198650679
14388,0.27910354366468804
14389,0.27792663002042745
14390,0.2791051626255323
14391,0.2779276424968258
14392,0.2791067849154583
14393,0.2779286572794831
14394,0.2791084105213619
14395,0.2779296743538035
14396,0.2791100394303059
14397,0.27793069370535844
14398,0.27911167162949024
14399,0.2779317153198396
14400,0.27911330710619636
14401,0.27793273918299555
14402,0.27911494584773155
14403,0.2779337652805779
14404,0.2791165878413902
14405,0.2779347935983168
14406,0.27911823307444567
14407,0.27793582412192663
14408,0.2791198815341713
14409,0.2779368568371466
14410,0.279121533207888
14411,0.2779378917297925
14412,0.27912318808300773
14413,0.2779389287858002
14414,0.27912484614706884
14415,0.2779399679912502
14416,0.2791265073877435
14417,0.2779410093323632
14418,0.279128171792824
14419,0.2779420527954724
14420,0.27912983935018615
14421,0.2779430983669793
14422,0.2791315100477494
14423,0.27794414603331224
14424,0.2791331838734441
14425,0.2779451957809059
14426,0.2791348608152052
14427,0.27794624759620035
14428,0.2791365408609788
14429,0.2779473014656597
14430,0.279138223998746
14431,0.277948357375806
14432,0.27913991021656
14433,0.277949415313255
14434,0.2791415995025717
14435,0.2779504752647393
14436,0.27914329184504455
14437,0.27795153721711346
14438,0.27914498723234776
14439,0.2779526011573384
14440,0.27914668565293604
14441,0.27795366707245095
14442,0.27914838709532064
14443,0.277954734949537
14444,0.2791500915480451
14445,0.27795580477570486
14446,0.27915179899966847
14447,0.2779568765380784
14448,0.279153509438767
14449,0.27795795022380476
14450,0.27915522285394717
14451,0.2779590258200752
14452,0.27915693923386936
14453,0.2779601033141553
14454,0.27915865856727207
14455,0.27796118269340425
14456,0.2791603808429857
14457,0.27796226394528817
14458,0.2791621060499376
14459,0.27796334705737696
14460,0.2791638341771412
14461,0.277964432017325
14462,0.2791655652136763
14463,0.27796551881284925
14464,0.27916729914867056
14465,0.27796660743170865
14466,0.27916903597128195
14467,0.2779676978616832
14468,0.2791707756706871
14469,0.27796879009057424
14470,0.2791725182360899
14471,0.27796988410621243
14472,0.2791742636567305
14473,0.2779709798964756
14474,0.2791760119219035
14475,0.27797207744931013
14476,0.27917776302097486
14477,0.27797317675275296
14478,0.2791795169433946
14479,0.27797427779494344
14480,0.27918127367870227
14481,0.27797538056412513
14482,0.2791830332165198
14483,0.27797648504863826
14484,0.2791847955465423
14485,0.27797759123689897
14486,0.2791865606585183
14487,0.2779786991173697
14488,0.27918832854222914
14489,0.2779798086785297
14490,0.27919009918747145
14491,0.2779809199088461
14492,0.2791918725840449
14493,0.27798203279676237
14494,0.2791936487217577
14495,0.2779831473307071
14496,0.27919542759044097
14497,0.2779842634991232
14498,0.2791972091799756
14499,0.2779853812905246
14500,0.2791989934803309
14501,0.2779865006935687
14502,0.2792007804816022
14503,0.27798762169713626
14504,0.279202570174044
14505,0.277988744290391
14506,0.2792043625480727
14507,0.2779898684627936
14508,0.2792061575942408
14509,0.2779909942040405
14510,0.27920795530315673
14511,0.27799212150390445
14512,0.27920975566537004
14513,0.2779932503519867
14514,0.2792115586712356
14515,0.27799438073740784
14516,0.2792133643107976
14517,0.277995512648506
14518,0.27921517257374817
14519,0.27799664607264973
14520,0.27921698344951706
14521,0.2779977809962893
14522,0.2792187969275463
14523,0.27799891740540283
14524,0.27922061299777223
14525,0.2780000552864096
14526,0.27922243165125277
14527,0.2780011946275672
14528,0.27922425288080766
14529,0.27800233542069314
14530,0.2792260766814297
14531,0.27800347766285577
14532,0.27922790305012435
14533,0.2780046213574372
14534,0.2792297319848057
14535,0.2780057665137507
14536,0.2792315634819282
14537,0.2780069131442828
14538,0.2792333975327513
14539,0.27800806125868904
14540,0.2792352341185594
14541,0.2780092108540713
14542,0.2792370732058252
14543,0.27801036190189704
14544,0.2792389147431699
14545,0.27801151433327664
14546,0.2792407586629441
14547,0.27801266802623115
14548,0.27924260489107544
14549,0.27801382280091835
14550,0.2792444533691052
14551,0.2780149784312094
14552,0.27924630409148343
14553,0.278016134682924
14554,0.27924815715847445
14555,0.2780172913894402
14556,0.27925001283957696
14557,0.2780184485728646
14558,0.2792518716333626
14559,0.27801960661175396
14560,0.27925373429673456
14561,0.27802076644244217
14562,0.27925560180005454
14563,0.27802192975821605
14564,0.27925747514624133
14565,0.278023099137439
14566,0.27925935497598287
14567,0.2780242779880137
14568,0.2792612408753649
14569,0.278025470143989
14570,0.27926313031935807
14571,0.2780266788982395
14572,0.27926501724466435
14573,0.27802790521869347
14574,0.2792668903770813
14575,0.27802914490183955
14576,0.27926873168009225
14577,0.27803038450829215
14578,0.2792705156870867
14579,0.27803159615654616
14580,0.27927221106582745
14581,0.27803273168039605
14582,0.2792737865355028
14583,0.27803371731483234
14584,0.2792752241049299
14585,0.2780344509287971
14586,0.2792765432270528
14587,0.27803480474963715
14588,0.27927783933369194
14589,0.27803463745047907
14590,0.2792793387264266
14591,0.2780338209573263
14592,0.27928146910622476
14593,0.27803229212777325
14594,0.2792849441763806
14595,0.27803015560420263
14596,0.27929087180164824
14597,0.27802790918728404
14598,0.279300940034686
14599,0.2780269642691559
14600,0.279317844326388
14601,0.2780308056063841
14602,0.2793462883412917
14603,0.2780472829008876
14604,0.27939491730656546
14605,0.27809218629280197
14606,0.2794785998439975
14607,0.2781920974050566
14608,0.2796163664719106
14609,0.27837779528066187
14610,0.2798086615728154
14611,0.278643348707437
14612,0.2799490239864573
14613,0.27880501870534674
14614,0.2795442093547531
14615,0.27806256110086963
14616,0.27688748033068855
14617,0.2738491307356203
14618,0.26774331316220806
14619,0.2622360498256489
14620,0.2530482412426598
14621,0.25419541241174676
14622,0.25800010450737804
14623,0.2654777818144168
14624,0.2636355953269167
14625,0.2587929857778949
14626,0.2530606443153653
14627,0.26433109563592333
14628,0.2745723411972551
14629,0.28235514598282596
14630,0.2807696215027135
14631,0.2800869946896933
14632,0.27866387261547815
14633,0.28242058815635185
14634,0.2846934065898625
14635,0.28525037962392863
14636,0.2847790631563638
14637,0.2815327222748143
14638,0.282332767277653
14639,0.2799483628982688
14640,0.2790223418129676
14641,0.2698353683635452
14642,0.261388101163395
14643,0.2525282140444303
14644,0.2572331375862134
14645,0.26584383644409443
14646,0.27837602610439444
14647,0.2840464986761416
14648,0.28764040460742296
14649,0.2868359439931448
14650,0.28232483727916224
14651,0.2789855420583666
14652,0.2743986210507795
14653,0.2749096526131725
14654,0.27451117438258715
14655,0.2757630008830053
14656,0.27654968764818927
14657,0.2777015045697267
14658,0.2807480928458999
14659,0.2827538842587855
14660,0.2832734051991401
14661,0.28382361737618106
14662,0.28258846232263923
14663,0.2842770353914416
14664,0.2843942424585225
14665,0.28598856457800764
14666,0.2859904121370416
14667,0.285493091605351
14668,0.2855420834227999
14669,0.28490867512582785
14670,0.2856464881210845
14671,0.28553098439915675
14672,0.28567004380493677
14673,0.2853533653558048
14674,0.28490136556754586
14675,0.28428595869981604
14676,0.28390128049478824
14677,0.28189823611520426
14678,0.28068143428820463
14679,0.27527944699422796
14680,0.2710311108379405
14681,0.26207650889857925
14682,0.25743209443641596
14683,0.25466723443067113
14684,0.26140588244432317
14685,0.26715501487520016
14686,0.2755639324996376
14687,0.280332793564033
14688,0.28386674158608316
14689,0.28599138547865044
14690,0.28665103776696804
14691,0.28653598352075166
14692,0.2859254795639495
14693,0.2849229253421974
14694,0.2839639710997752
14695,0.28308110012437643
14696,0.2808126381915271
14697,0.27947197546704766
14698,0.2753483266550651
14699,0.2741810045444073
14700,0.27088002458663935
14701,0.27245844297172755
14702,0.2722762117898406
14703,0.2761709946096521
14704,0.2772513089335881
14705,0.2806565736711986
14706,0.28119033301856616
14707,0.28327596242346265
14708,0.28317312684240076
14709,0.2844713797256627
14710,0.28409969456124107
14711,0.28507555756408703
14712,0.2843959338636643
14713,0.2849341113190108
14714,0.2835360212680931
14715,0.2834689437923177
14716,0.281030621038172
14717,0.28030311358038745
14718,0.2764951067545686
14719,0.2751174058612884
14720,0.27045755682645145
14721,0.26988618054207486
14722,0.2672715943420692
14723,0.2701395158905501
14724,0.2710633337501497
14725,0.2758813868543959
14726,0.2776320031623631
14727,0.28100811633995404
14728,0.28196267207617065
14729,0.283475632209458
14730,0.28383569678180653
14731,0.28453659662315023
14732,0.2845015849103903
14733,0.28503823024095754
14734,0.28449702933991605
14735,0.28499060525919684
14736,0.2838287899700486
14737,0.28409085761976793
14738,0.28212451015027656
14739,0.2817757638175059
14740,0.27863832392687826
14741,0.277423366030831
14742,0.27306586116060094
14743,0.27182035865300724
14744,0.2680294213751881
14745,0.2692400377399549
14746,0.26859110081027104
14747,0.2727563721888664
14748,0.27415577690217113
14749,0.2785749592023191
14750,0.2797206866048344
14751,0.2826794491366041
14752,0.28304519319708304
14753,0.2844686568977767
14754,0.2843561401064249
14755,0.28484112737631234
14756,0.2844722488933115
14757,0.2845495835956284
14758,0.2837083733980515
14759,0.28349949187172985
14760,0.2816490242549119
14761,0.28100791513502366
14762,0.27770710475474203
14763,0.2766022140786542
14764,0.27229466530046453
14765,0.27171887904788733
14766,0.26864401238062835
14767,0.2706699561396698
14768,0.2705935801073595
14769,0.2748671246643318
14770,0.27607450737298295
14771,0.2795621608023723
14772,0.2802906410055648
14773,0.2817572309250745
14774,0.2820327180035905
14775,0.2823834499118186
14776,0.2826479733023935
14777,0.2829469490579919
14778,0.2829923405637446
14779,0.2834503927180736
14780,0.28255535479598115
14781,0.2828361196515918
14782,0.2804511426534391
14783,0.2801694967748691
14784,0.2762853513740171
14785,0.27542852892302333
14786,0.2711539812054811
14787,0.2711657243585315
14788,0.26890893231873003
14789,0.2716442169774207
14790,0.27182652137363356
14791,0.27526733325849967
14792,0.27604758959628645
14793,0.27774879963327576
14794,0.2787968678683418
14795,0.279681899195231
14796,0.28142594684024
14797,0.2826241240973846
14798,0.2839469800212999
14799,0.28496822834743835
14800,0.2845827319321165
14801,0.2851763603799219
14802,0.2834409020166466
14803,0.2841288437199875
14804,0.2819070181780049
14805,0.28243271036299294
14806,0.2789835891416724
14807,0.2776002847740949
14808,0.2712379572359266
14809,0.26781137741211974
14810,0.26177117299641756
14811,0.263255510799558
14812,0.2649294754679017
14813,0.27257824157238064
14814,0.276680400966184
14815,0.28164646925603876
14816,0.28356919595432367
14817,0.2845033447633152
14818,0.2854090944520518
14819,0.2849734944677581
14820,0.28602343098234756
14821,0.28587132479669913
14822,0.28667913922433386
14823,0.28676564197787213
14824,0.2865874655126221
14825,0.28671827772711195
14826,0.2857279856747397
14827,0.2860112895375761
14828,0.284724599107863
14829,0.28500495063850995
14830,0.283257021061631
14831,0.2827166297970159
14832,0.2792686936916741
14833,0.2766413029150001
14834,0.2700434886295453
14835,0.2660439439950167
14836,0.25984340914030507
14837,0.2614424801096902
14838,0.2627761978127541
14839,0.26998389541149287
14840,0.27338426217236383
14841,0.27902455742683857
14842,0.28043290769335016
14843,0.2838619395588054
14844,0.28424554826060006
14845,0.28618869226612875
14846,0.2862961765075294
14847,0.28696632214297807
14848,0.2869709181772266
14849,0.2866850066579811
14850,0.28658351224035955
14851,0.28577714650373226
14852,0.2853920233493222
14853,0.2844144088754752
14854,0.2832393623372422
14855,0.2820130095447744
14856,0.2790042268376295
14857,0.27694757611414406
14858,0.2709628860483719
14859,0.2678484498705411
14860,0.2615090883344893
14861,0.26181060413297447
14862,0.26300051232118976
14863,0.2707333502019333
14864,0.2754561239301032
14865,0.281650657001658
14866,0.28319369347089884
14867,0.2829281193740567
14868,0.2821883643732935
14869,0.27889366617918976
14870,0.2786664623788412
14871,0.27639015588444527
14872,0.2760287431409655
14873,0.27437086266964217
14874,0.27149884368234317
14875,0.2711283711253942
14876,0.2686894827868821
14877,0.2713271544714002
14878,0.27149541340222827
14879,0.275975676463583
14880,0.2769662115114357
14881,0.2811279473169263
14882,0.2815628565571145
14883,0.2839971829341515
14884,0.28360607065888366
14885,0.28438062649954815
14886,0.28361489969904063
14887,0.2837614512114549
14888,0.2825780330114914
14889,0.28252826183626306
14890,0.28006968203397975
14891,0.27948829738919845
14892,0.27534903423638096
14893,0.27447771993785003
14894,0.27064541640621864
14895,0.2716969538873469
14896,0.27057116069407405
14897,0.27388093148010917
14898,0.2739415569745273
14899,0.27627602561551456
14900,0.2766456719419295
14901,0.27796569345578725
14902,0.2794696193359471
14903,0.2811896773751744
14904,0.28249485314590234
14905,0.28383571372714067
14906,0.283124385891714
14907,0.2839492143102866
14908,0.28237107420188096
14909,0.28381897737276346
14910,0.28264975889876837
14911,0.2839966677451117
14912,0.282003989621942
14913,0.2814627829342814
14914,0.2773140474177276
14915,0.2750276805034944
14916,0.269311256103858
14917,0.26795599621902805
14918,0.2643659267551832
14919,0.2670748238938955
14920,0.2684239427326264
14921,0.2748024958750776
14922,0.2779879173933929
14923,0.28321967800375153
14924,0.2846240881109937
14925,0.2854404994231968
14926,0.28543344567307793
14927,0.2840344594005268
14928,0.2844189070718512
14929,0.2835428937709285
14930,0.28362400683459216
14931,0.28280820480857405
14932,0.28049826910793124
14933,0.27908577763023124
14934,0.2749831687249909
14935,0.2739979997431845
14936,0.2707092327255361
14937,0.27184243335884484
14938,0.2709357439620575
14939,0.27393424671369754
14940,0.27468382066050057
14941,0.2778802265671629
14942,0.2786248258822479
14943,0.28100551467044105
14944,0.28051900229946497
14945,0.281981682009552
14946,0.2802685258060408
14947,0.2813618682973504
14948,0.2791266070511207
14949,0.2800287494491191
14950,0.27726738442855964
14951,0.27749293368582456
14952,0.2740308954464259
14953,0.2740385959377708
14954,0.2712642750483604
14955,0.2728887853263063
14956,0.27265898185364146
14957,0.27609862893782855
14958,0.27749567854777124
14959,0.2808088582287957
14960,0.28168456030233924
14961,0.2838814988664763
14962,0.28362941344118037
14963,0.2851170427184991
14964,0.2843750160874408
14965,0.2856789321457132
14966,0.2849182194814587
14967,0.28589715539568783
14968,0.28489674383236924
14969,0.2851770730420142
14970,0.283461501900804
14971,0.2829494283028645
14972,0.2797905520197117
14973,0.2782779254490988
14974,0.2727142502619055
14975,0.2701142035941885
14976,0.2642185181454369
14977,0.2645563860499085
14978,0.26520068716558076
14979,0.272089120284266
14980,0.2755366932679273
14981,0.2798558365115383
14982,0.28021355171543755
14983,0.27856974088913006
14984,0.277986411286153
14985,0.2761742263477599
14986,0.27759235279961925
14987,0.27822331629806984
14988,0.2786071226480803
14989,0.2793374099736247
14990,0.2768893752814326
14991,0.2775913948264661
14992,0.27563339094043404
14993,0.27829770311580226
14994,0.2779428651300431
14995,0.28053155807164293
14996,0.2794878981943578
14997,0.2800378736956173
14998,0.27854381113471677
14999,0.27878773024861103
15000,0.2777040473322376
15001,0.2814855788698848
15002,0.28438040344131604
15003,0.28530281628602017
15004,0.28318679313026457
15005,0.2813343312748759
15006,0.2833131437753968
15007,0.2838654704200285
15008,0.28614046702540585
15009,0.28591718299257296
15010,0.2840261172150003
15011,0.2842515412117611
15012,0.2836104085279069
15013,0.286021637265821
15014,0.28613379975431624
15015,0.2848926787532022
15016,0.2849485468950596
15017,0.28386331202225473
15018,0.28521943607463596
15019,0.2852773123752383
15020,0.2856320569243924
15021,0.2860629068654179
15022,0.28532492742052323
15023,0.2854424762233032
15024,0.2849502312544673
15025,0.2857523475829294
15026,0.28586546360626375
15027,0.2861754727206672
15028,0.2859021583876473
15029,0.28545549483792976
15030,0.2856653240662644
15031,0.2850499206035176
15032,0.2857224613627795
15033,0.285380600209874
15034,0.285833125147389
15035,0.2858990242480992
15036,0.285747481007012
15037,0.2860360096750679
15038,0.28559881116692987
15039,0.28589332512800775
15040,0.28561866611699716
15041,0.2859476562864754
15042,0.28576867519656723
15043,0.28600593616840086
15044,0.28584728313727303
15045,0.28599096606833735
15046,0.28596680109676315
15047,0.2857967501959685
15048,0.2859227685908176
15049,0.28562205542531943
15050,0.2859368877185152
15051,0.285660304935414
15052,0.28591684177845955
15053,0.2856869509679118
15054,0.28594831758134126
15055,0.2857320248989146
15056,0.28598615546679906
15057,0.2857096218461748
15058,0.2859757520120728
15059,0.2857575546568265
15060,0.2859712648512206
15061,0.285775080790683
15062,0.2859469183472194
15063,0.2857728051245027
15064,0.28600125981133506
15065,0.2857444870517383
15066,0.28601105669855
15067,0.2856603081476574
15068,0.28598856994080984
15069,0.285503430474337
15070,0.28585920081566246
15071,0.28507384287982834
15072,0.2855007564072762
15073,0.28413811065006883
15074,0.28452336357963703
15075,0.28205030771932776
15076,0.28201303695936214
15077,0.277903327923893
15078,0.27721794772627306
15079,0.2725018276160896
15080,0.2732290826120089
15081,0.2719361919768858
15082,0.27697304150463553
15083,0.27917737398542736
15084,0.2843577239734286
15085,0.2860683715106802
15086,0.2871471669009968
15087,0.2871799027259136
15088,0.28518802175221253
15089,0.28468292393125855
15090,0.28282614725308813
15091,0.28369163342876835
15092,0.28388871673810695
15093,0.28563191869548094
15094,0.2864259330166645
15095,0.2870493178259961
15096,0.28692268295850676
15097,0.2861975291204483
15098,0.2857248491791627
15099,0.2847837855162176
15100,0.2850196704898071
15101,0.2844832279989334
15102,0.2853302208071388
15103,0.28505750749775915
15104,0.285814228218098
15105,0.2856553304204504
15106,0.2858461004548949
15107,0.2858404115314181
15108,0.2855046751473791
15109,0.2857106054686102
15110,0.2851414060766001
15111,0.28549294273795167
15112,0.2849047316035028
15113,0.28534018298802083
15114,0.28481194207511495
15115,0.2853340597045714
15116,0.2848318790235363
15117,0.2854204237658673
15118,0.28488091477870064
15119,0.28548396761133693
15120,0.2849124445839519
15121,0.28550309813676816
15122,0.28491530210850663
15123,0.2854705597509343
15124,0.28478693659763116
15125,0.2853001263841476
15126,0.28438164957247986
15127,0.28487821045776895
15128,0.2835773915469119
15129,0.2840601521112756
15130,0.2822199185882781
15131,0.28262509360447596
15132,0.28012386685948093
15133,0.2804606066849795
15134,0.2775502683438849
15135,0.2782811941210316
15136,0.27593281123068275
15137,0.2778681954932242
15138,0.2770021208304444
15139,0.28002514434548303
15140,0.28030829981699323
15141,0.2831391403205093
15142,0.28367482247651826
15143,0.28546505345000256
15144,0.28580784961484096
15145,0.2865985586520174
15146,0.28669271891809245
15147,0.28680305272231527
15148,0.28675536186024064
15149,0.28641321775910095
15150,0.28637953749636363
15151,0.28567602076623166
15152,0.28577570857875306
15153,0.28475528165721
15154,0.2850501259638187
15155,0.28378012297430216
15156,0.28427640463530507
15157,0.2828264723889669
15158,0.28348806722160086
15159,0.2819020765915293
15160,0.2826957707107519
15161,0.2810078031156835
15162,0.28193737322954016
15163,0.28019479756538235
15164,0.2812928338365039
15165,0.2795846090943674
15166,0.28090190329861275
15167,0.2793786148941784
15168,0.2809495789551349
15169,0.2797571622527221
15170,0.2815112417436869
15171,0.28067692105358427
15172,0.2824217999802598
15173,0.28184709463979063
15174,0.28340213916633705
15175,0.2829491813810893
15176,0.2842529994074213
15177,0.283797710832134
15178,0.28487939845260934
15179,0.2843333690343498
15180,0.28524658534666736
15181,0.28457170184650477
15182,0.28536187827721593
15183,0.28454978056467095
15184,0.285244516554791
15185,0.28426489461707843
15186,0.2848769309688563
15187,0.2836367649924374
15188,0.28416964316427695
15189,0.2825048399784116
15190,0.28294654535245084
15191,0.280671656973068
15192,0.28102177841695075
15193,0.2781350367650338
15194,0.27859528423099095
15195,0.275664921413179
15196,0.2768756509090773
15197,0.27496174192469564
15198,0.2774026673705733
15199,0.2768942674488823
15200,0.2798033287721118
15201,0.2800635711558496
15202,0.28228706686976496
15203,0.2827394186079842
15204,0.2840684048462485
15205,0.2845082786688926
15206,0.28533284151884986
15207,0.2855679776193487
15208,0.2861815242737021
15209,0.2860433151993329
15210,0.286570224136216
15211,0.2861119501966293
15212,0.2866174137231905
15213,0.28604421551542686
15214,0.28651803852867813
15215,0.285970034476797
15216,0.2863346033578233
15217,0.2858011056678233
15218,0.28602792653077647
15219,0.2853732372324727
15220,0.28553321099626766
15221,0.2844194178983254
15222,0.2844884761772385
15223,0.28205954606013994
15224,0.28139824239839956
15225,0.2759655819666081
15226,0.2730559066455012
15227,0.2649482090159169
15228,0.2628628711365768
15229,0.2617513631814545
15230,0.26912349020171206
15231,0.2731775203110991
15232,0.2778869529991883
15233,0.27878655932441104
15234,0.2763454782754152
15235,0.27788720435516356
15236,0.27776335709398836
15237,0.2816584269671472
15238,0.2828603133436298
15239,0.28245668877468455
15240,0.28296780213115047
15241,0.28091939406829897
15242,0.28344491171902947
15243,0.28345653887314937
15244,0.28587810044007783
15245,0.28573676724831937
15246,0.2853280053672538
15247,0.28554710075772827
15248,0.28486486263745914
15249,0.28609802520340194
15250,0.28611145698923857
15251,0.2863772117039532
15252,0.28634054140497367
15253,0.2852704762274949
15254,0.28580675246738446
15255,0.2849719122737195
15256,0.28607554168019517
15257,0.2854680864065912
15258,0.28580670149643406
15259,0.28458832022256303
15260,0.28398451084972426
15261,0.2815320527581914
15262,0.280226867421916
15263,0.27440884185547443
15264,0.27059679757815847
15265,0.26122787828443805
15266,0.25841643783291013
15267,0.25868149281533703
15268,0.26797242102395197
15269,0.2733122949800861
15270,0.2789133845229572
15271,0.28103316064560224
15272,0.28089986586437793
15273,0.28363274738817557
15274,0.28440023482144267
15275,0.2858852488100792
15276,0.28609517375641463
15277,0.28451187607104167
15278,0.2857156448407967
15279,0.28537389464732393
15280,0.2873012698164109
15281,0.2872720824210247
15282,0.2866372185093291
15283,0.2867258558717906
15284,0.2855664701250839
15285,0.2866312500784696
15286,0.2862693460809236
15287,0.2866209556282822
15288,0.28631607942742704
15289,0.2854101189902569
15290,0.28548689384013176
15291,0.28498657935391714
15292,0.2853021405514437
15293,0.285344666946958
15294,0.2844408031869128
15295,0.28446858477068043
15296,0.2818468483437597
15297,0.28102992637068147
15298,0.2757183279891501
15299,0.2722559092634895
15300,0.2635023274205247
15301,0.26021847784751545
15302,0.25641181405446
15303,0.26317879804827654
15304,0.2685778012301416
15305,0.27732898645508236
15306,0.28114943238771517
15307,0.28511093413012695
15308,0.28581409567754057
15309,0.2868838944631533
15310,0.2865300513583169
15311,0.28599140750068763
15312,0.2856673359867758
15313,0.28344656165446047
15314,0.2828537387521065
15315,0.27872109820102964
15316,0.2780156305279628
15317,0.2736443131828734
15318,0.27462814339883196
15319,0.2727669318394318
15320,0.2766111493565645
15321,0.27726258533819503
15322,0.28141555198430035
15323,0.28227411321242785
15324,0.28459430561910853
15325,0.28502804307185026
15326,0.2859395447046222
15327,0.28614628728650593
15328,0.28650051065029536
15329,0.28653290069286497
15330,0.28664934709786744
15331,0.28643305153435317
15332,0.2863943529698123
15333,0.2862251828810574
15334,0.28603667319094545
15335,0.28603957574235517
15336,0.28534534988455035
15337,0.2854387147358264
15338,0.28370222433157827
15339,0.2834343869537026
15340,0.27964215067090614
15341,0.27794932867659966
15342,0.27098905762473374
15343,0.26767604250253646
15344,0.26119478468626334
15345,0.262996360563185
15346,0.2643738584898574
15347,0.2720396850504616
15348,0.2757641274424983
15349,0.2796179336280645
15350,0.2820229909571916
15351,0.2826243067021401
15352,0.28478771407914816
15353,0.2851360683534139
15354,0.2864716351588128
15355,0.2867651912085729
15356,0.28640276492396033
15357,0.28669341409003035
15358,0.2857182900749956
15359,0.28615431725709545
15360,0.2855512756309963
15361,0.28532636603298284
15362,0.2851624974310978
15363,0.28307409852523446
15364,0.28264134282261233
15365,0.27783356830620526
15366,0.2760817405171936
15367,0.2692555300847829
15368,0.26755388346886205
15369,0.26377168738191886
15370,0.2676583712765836
15371,0.26896986566848613
15372,0.274337185332464
15373,0.2767032625385285
15374,0.27887387952228965
15375,0.28150207516893483
15376,0.28280136713984405
15377,0.28482054798803075
15378,0.28568332357465376
15379,0.28547273619816493
15380,0.28611694721156167
15381,0.28519616506119594
15382,0.28634268803560003
15383,0.2860805339787601
15384,0.2864442531340704
15385,0.28635830069856233
15386,0.28462076893561045
15387,0.28446274392560994
15388,0.280797199659984
15389,0.2800535307156943
15390,0.27429987336489464
15391,0.2721320672683853
15392,0.2656230002762658
15393,0.2658397564673394
15394,0.26455432054456746
15395,0.2706997303322177
15396,0.2739016920971554
15397,0.2793512749122201
15398,0.28192116583452626
15399,0.2841988990150238
15400,0.28541639312196876
15401,0.28615705366877964
15402,0.2864352983184586
15403,0.28669575966946403
15404,0.28647996921519775
15405,0.28640506016008366
15406,0.28600708525177604
15407,0.2850464317055219
15408,0.28449918696585164
15409,0.28196029343023654
15410,0.28111106363755645
15411,0.27662287039804423
15412,0.27548650497618266
15413,0.2703391416801885
15414,0.27078255547288
15415,0.26859785576934764
15416,0.2728243450634619
15417,0.273930717059626
15418,0.27872470830659074
15419,0.2801407492250227
15420,0.2824474321191786
15421,0.28339058859593363
15422,0.2841370405194389
15423,0.2849176796913832
15424,0.2854555620981065
15425,0.28576109483457934
15426,0.2863979928105451
15427,0.2859445760872053
15428,0.2866594035660929
15429,0.28576440903430655
15430,0.2865298515796873
15431,0.285488130826775
15432,0.2860181372503771
15433,0.2845868635904212
15434,0.2844743664048981
15435,0.2818640437144895
15436,0.2807407950387175
15437,0.2757605699695444
15438,0.27337345207404173
15439,0.2662428906648482
15440,0.2649503919107897
15441,0.262075465067139
15442,0.26767959875454445
15443,0.27109532642983836
15444,0.27837341100749136
15445,0.28080322020953963
15446,0.28232606948752015
15447,0.28298900993623133
15448,0.2815484079802455
15449,0.28298798405714715
15450,0.28262912828912207
15451,0.28400574645136073
15452,0.2842940084959979
15453,0.2831952218384122
15454,0.28345427990161753
15455,0.28078659062551786
15456,0.2815258087872664
15457,0.2790204397713815
15458,0.2800476944207151
15459,0.27776269358636396
15460,0.2783928342924373
15461,0.27650355052084774
15462,0.2774925958985072
15463,0.2765259756834124
15464,0.27849622643242805
15465,0.2774721595476076
15466,0.2795544485826003
15467,0.2775274518240959
15468,0.27958034625581896
15469,0.27771522696378387
15470,0.2804276766658243
15471,0.27916175165262996
15472,0.2812755487532882
15473,0.2795260441897691
15474,0.2797736950509803
15475,0.27795892984779763
15476,0.2778901282811562
15477,0.2775069440846843
15478,0.2790069022986907
15479,0.2793815409172687
15480,0.2815827202893637
15481,0.2806358188795555
15482,0.28249651618311733
15483,0.28066564511949915
15484,0.2828261831669069
15485,0.2813514020846022
15486,0.2833421903907132
15487,0.28150163260210936
15488,0.2820219709657161
15489,0.27941380334150245
15490,0.2791983556835356
15491,0.27659800124375616
15492,0.27726834763960945
15493,0.27503981610553174
15494,0.2768817884836338
15495,0.2750717849118613
15496,0.27798111332021613
15497,0.27729358792435627
15498,0.2809274948083294
15499,0.28073717847369417
15500,0.282895857084828
15501,0.2821176674360922
15502,0.281940351668368
15503,0.2811931272696787
15504,0.28063895363524205
15505,0.2807341105275306
15506,0.2813137294466473
15507,0.28118650491850794
15508,0.28236281375811834
15509,0.2807050728921649
15510,0.28191647618799187
15511,0.27941232259467425
15512,0.2809784757007603
15513,0.2785604710994623
15514,0.2799754838914415
15515,0.2771097631923957
15516,0.27758633497407276
15517,0.27460497973201053
15518,0.2753912294199433
15519,0.27405651631829253
15520,0.2765930140765468
15521,0.27684244133262337
15522,0.280125604927888
15523,0.2801958111273562
15524,0.28305593369685167
15525,0.28253465261008975
15526,0.2849172183170134
15527,0.2842080991503265
15528,0.2858803729431687
15529,0.28498731231495505
15530,0.2856255702250369
15531,0.28452742995806746
15532,0.2844929839783024
15533,0.28321264216665554
15534,0.28313215704083255
15535,0.2812524354568637
15536,0.28129582830432803
15537,0.27806576979945036
15538,0.27795637277281704
15539,0.2734752591700022
15540,0.2737357940968754
15541,0.27038345728206675
15542,0.27305722911636876
15543,0.2724930222483862
15544,0.27640757232389757
15545,0.27675629240874117
15546,0.2783085064918153
15547,0.2789213649327646
15548,0.2789651384580929
15549,0.28089130651154376
15550,0.28182320021773133
15551,0.2839180390070902
15552,0.28518421112881165
15553,0.28509305587546474
15554,0.2859210027374896
15555,0.2840935158006046
15556,0.28526640186543245
15557,0.2834897991951582
15558,0.28501097054171587
15559,0.2829006326531506
15560,0.28315971512839677
15561,0.2789931650455123
15562,0.27726046243464514
15563,0.2701251010506956
15564,0.26768655022798105
15565,0.2617069528040367
15566,0.264644170479807
15567,0.2676584237022732
15568,0.2770832360312287
15569,0.28112638209721164
15570,0.28437297381506926
15571,0.2848427902439231
15572,0.28230227409603775
15573,0.28346017598235396
15574,0.28263807975378324
15575,0.2842897502062149
15576,0.2838924367323152
15577,0.2818749287774218
15578,0.2815097360291043
15579,0.2788972704953176
15580,0.279229116337091
15581,0.27698808085464566
15582,0.27577679399132987
15583,0.274321361948784
15584,0.27423779863700837
15585,0.2761305894270184
15586,0.2790683642121773
15587,0.27971751156838504
15588,0.281284346468995
15589,0.2781529529711595
15590,0.2796899192452413
15591,0.27806023854149153
15592,0.28107793113006974
15593,0.2787598857998064
15594,0.27879898581586215
15595,0.27427844230141857
15596,0.2741718735616013
15597,0.2708471325517441
15598,0.2730028106406866
15599,0.2708241799824652
15600,0.2746405253687924
15601,0.2757560157101621
15602,0.2819922588885823
15603,0.28380571036911284
15604,0.2860107549481219
15605,0.28635140009176924
15606,0.2853595174310448
15607,0.2864358068955034
15608,0.28621311717939074
15609,0.2865595400621458
15610,0.2864996784323281
15611,0.28521457739887207
15612,0.2860878948210552
15613,0.2855134220635885
15614,0.28653358320214745
15615,0.28640841632081776
15616,0.2859938558976365
15617,0.2862986760633094
15618,0.28561718743156206
15619,0.2864414325651774
15620,0.2861564255007331
15621,0.2862227781969957
15622,0.2860089956784543
15623,0.2853881829216289
15624,0.285571957947621
15625,0.2852657803267693
15626,0.2854082704390451
15627,0.2855390028322664
15628,0.28463500499512234
15629,0.2846501383612202
15630,0.2817296023134649
15631,0.2800823473641335
15632,0.2723941171027862
15633,0.2655314203788205
15634,0.2526814134048915
15635,0.2501033814773614
15636,0.2521000014852147
15637,0.26610706384042665
15638,0.27522597116399916
15639,0.2833935850097365
15640,0.2864291044564981
15641,0.2868078322535621
15642,0.2857774082267098
15643,0.2820535907806095
15644,0.2796966917442828
15645,0.2744677643126803
15646,0.27457085416694327
15647,0.27200121308160685
15648,0.2760150763877346
15649,0.27610112220390437
15650,0.28095272342361166
15651,0.28124959431688823
15652,0.28497941519858694
15653,0.2849609007901393
15654,0.2871742236046692
15655,0.2869546176542843
15656,0.2871285744422484
15657,0.28700679057487677
15658,0.28608558709344717
15659,0.286483214289768
15660,0.2850323846640775
15661,0.28548267986212267
15662,0.2833605881243332
15663,0.28333033855595574
15664,0.28020729109145687
15665,0.2798784902437884
15666,0.2754908916822527
15667,0.2748473783273545
15668,0.26981630701278864
15669,0.2706240271620341
15670,0.2685852650980325
15671,0.27317957115276975
15672,0.2745017213585525
15673,0.2791578989940983
15674,0.2803342162644125
15675,0.2815568967631193
15676,0.28237834836411846
15677,0.2823281250538904
15678,0.2836024575666994
15679,0.28414186511066497
15680,0.28470928614512997
15681,0.28547704820116143
15682,0.28433229040022423
15683,0.28515959056147394
15684,0.2833024275142188
15685,0.2843732869726418
15686,0.282368554371596
15687,0.28299259865200244
15688,0.2802116123077116
15689,0.2797530922488587
15690,0.2757421131522221
15691,0.27508677808951276
15692,0.27081023004012533
15693,0.2718180263245815
15694,0.26938855814563895
15695,0.2731813619876378
15696,0.2733874145217567
15697,0.27859714335843283
15698,0.27959736087189707
15699,0.28306821277228117
15700,0.28339258664584904
15701,0.2839989557156253
15702,0.28412967647913945
15703,0.28365681804987003
15704,0.2842347633113341
15705,0.28423817865639495
15706,0.2845210579003837
15707,0.28496853453124166
15708,0.2838983655597438
15709,0.28447647481251326
15710,0.2821733632993016
15711,0.28284642866043946
15712,0.279809954809636
15713,0.2803079134882611
15714,0.2765279800430219
15715,0.2766274868228572
15716,0.2726189552516565
15717,0.27350278586047316
15718,0.271210336373549
15719,0.2742537255158674
15720,0.2743688213446705
15721,0.2783632708393737
15722,0.2792416015176005
15723,0.2823529213628519
15724,0.2828259010906548
15725,0.28473062256431025
15726,0.2846639489179422
15727,0.2858090030130544
15728,0.2853586897846253
15729,0.2861478203573731
15730,0.2853360900905439
15731,0.28597599689326025
15732,0.2846742536273325
15733,0.28520486468123113
15734,0.28307797788623457
15735,0.28334043533709935
15736,0.27972733755030443
15737,0.2792454732602803
15738,0.2736770427199265
15739,0.27270728947687417
15740,0.26758194557302706
15741,0.26961740320998445
15742,0.2691382032528312
15743,0.2745474683762945
15744,0.2760766558247308
15745,0.27820131689852534
15746,0.27901491645052884
15747,0.2777715172977366
15748,0.2798141823661804
15749,0.27999848598226673
15750,0.28322645666716506
15751,0.28457215969322874
15752,0.28502423558223017
15753,0.28568150051650915
15754,0.2831224183041301
15755,0.2840937700689902
15756,0.2816473615873982
15757,0.2835176418475706
15758,0.2808381796201547
15759,0.2811038659272451
15760,0.27580730239255974
15761,0.27400660147266004
15762,0.2671858935416586
15763,0.26741171092700017
15764,0.26478578703898986
15765,0.2706488715516645
15766,0.2735553838475593
15767,0.2811745711796141
15768,0.28374193966938005
15769,0.28615340134351586
15770,0.2866722403588367
15771,0.28506226240047433
15772,0.2860723031557056
15773,0.28530999303566373
15774,0.28680118570064034
15775,0.2868816657678848
15776,0.28635790544489786
15777,0.2867245697634522
15778,0.2854246706631328
15779,0.28639862653506787
15780,0.2856987099559545
15781,0.2859706798280056
15782,0.28539992346885007
15783,0.2842234099471595
15784,0.2834549135911288
15785,0.28145080856243365
15786,0.2793482474689037
15787,0.27655751032739495
15788,0.2714955845743117
15789,0.2686841623350257
15790,0.2632057952157352
15791,0.26494231911759414
15792,0.2648778818066802
15793,0.27187216638394196
15794,0.2744551476997858
15795,0.2808293207216316
15796,0.2822113249211385
15797,0.2852896889257877
15798,0.2855989458975892
15799,0.28644896586276875
15800,0.28668633980695346
15801,0.28686860009353377
15802,0.28711810027481316
15803,0.2872845828031562
15804,0.2870052900443263
15805,0.2872497561585141
15806,0.2864028995556139
15807,0.28686421754611563
15808,0.2855877129508831
15809,0.2861274942011018
15810,0.2842263237453447
15811,0.28444087335119383
15812,0.28109140085290335
15813,0.2803758178789167
15814,0.27392627944693004
15815,0.27120003935708725
15816,0.26260271613945796
15817,0.2622411510471394
15818,0.2619385039146152
15819,0.2707828760698372
15820,0.2748352283981541
15821,0.2785351713800036
15822,0.27898390178486693
15823,0.27613083926448817
15824,0.2780051796254044
15825,0.27813305659045867
15826,0.2805303748101455
15827,0.28139470913182646
15828,0.27932505767629084
15829,0.28062323390839755
15830,0.27906069693849034
15831,0.28246003750657916
15832,0.28225932800251413
15833,0.2837751420839275
15834,0.2834571466995637
15835,0.28351169236467755
15836,0.2842613378439406
15837,0.28481612887624946
15838,0.28475061238089877
15839,0.28530487786771763
15840,0.2830074929372124
15841,0.2836839605939768
15842,0.2806020958102258
15843,0.281229249245225
15844,0.2764782281925397
15845,0.27492334844858135
15846,0.2678860643270294
15847,0.2672466048616656
15848,0.26454666262877014
15849,0.2704688337100126
15850,0.2733401669778872
15851,0.28012578946375855
15852,0.28225023711667624
15853,0.2858911954769736
15854,0.28664749338027923
15855,0.2874568209816704
15856,0.2876318624154196
15857,0.28655766860727366
15858,0.28648770748438757
15859,0.2842087029853089
15860,0.2836144504171126
15861,0.28049474721338824
15862,0.2794694024602748
15863,0.2763594853004867
15864,0.27658578507326465
15865,0.2749879780559395
15866,0.27731426354620925
15867,0.2765480122482349
15868,0.27955475353933246
15869,0.2783921341641174
15870,0.2812758273008735
15871,0.2800879675316054
15872,0.28272769384136714
15873,0.28149563183476556
15874,0.28314431518064276
15875,0.2816363305130261
15876,0.28233376662232296
15877,0.28064704096370924
15878,0.2812349504426444
15879,0.2792515946290607
15880,0.28016935554147043
15881,0.27770567990399964
15882,0.2791026419008079
15883,0.27656515474734955
15884,0.2785802410454271
15885,0.27664737485977814
15886,0.27913011647358416
15887,0.2779228807171223
15888,0.28022358919581397
15889,0.27963137712475483
15890,0.2814214174961815
15891,0.2812993468246758
15892,0.28280632009157497
15893,0.28275040461531664
15894,0.2841408869467982
15895,0.2836368024302274
15896,0.2849316459793279
15897,0.2836933347288687
15898,0.28482595731766164
15899,0.2827990863060412
15900,0.283639303484867
15901,0.2807009364637888
15902,0.2810573939181438
15903,0.2770566889020918
15904,0.27705413013783353
15905,0.2727150177229878
15906,0.2737155972285277
15907,0.2712394376462296
15908,0.27456901622900826
15909,0.27468636077927283
15910,0.2785715502246754
15911,0.27956510955428604
15912,0.28188626484321627
15913,0.28286716168861376
15914,0.28391730747587546
15915,0.2848212523991407
15916,0.28552658470312436
15917,0.28599486475444585
15918,0.28659375825907024
15919,0.2862279218074236
15920,0.28678656886056975
15921,0.28574906538501094
15922,0.2864896328144296
15923,0.2851716097724677
15924,0.286095836826975
15925,0.2842235525855193
15926,0.2847449749897496
15927,0.2807787264959499
15928,0.2792953198530894
15929,0.27022113004135123
15930,0.2648282186778003
15931,0.25574087214304675
15932,0.25868178456920293
15933,0.2646450465012813
15934,0.27565008648993794
15935,0.27855177695189137
15936,0.2750004317562626
15937,0.27417769974325623
15938,0.27236378898855396
15939,0.2769518243596968
15940,0.2774186183400484
15941,0.27487087607730615
15942,0.27581674056872363
15943,0.27583614622142977
15944,0.28170860812192033
15945,0.2832975033800584
15946,0.2842550044885132
15947,0.28506754205696616
15948,0.2845692651158279
15949,0.28677018894926287
15950,0.28667141393759027
15951,0.28651272954629936
15952,0.2855140740360212
15953,0.2842831421077583
15954,0.2840682752916279
15955,0.28424849444339945
15956,0.28230673898932834
15957,0.2821050056556729
15958,0.27670130299141366
15959,0.27547283049713045
15960,0.2692065396888671
15961,0.26896025072525964
15962,0.26491300687857344
15963,0.2692824389289274
15964,0.2711297242795401
15965,0.2776345889969958
15966,0.2809739568509816
15967,0.28471352969766806
15968,0.2856865267713553
15969,0.2867495899771646
15970,0.2864059971077317
15971,0.2864281473148327
15972,0.2860763380003103
15973,0.28425584139758053
15974,0.28355938769951283
15975,0.2798148892108221
15976,0.27922362384022553
15977,0.2756928994524063
15978,0.2769359015031924
15979,0.275348769993093
15980,0.2783239184009477
15981,0.278149001560164
15982,0.2812599360262727
15983,0.28120596100235346
15984,0.2836709837317052
15985,0.28338686884629855
15986,0.28514865315853827
15987,0.284560852610067
15988,0.2857694434021683
15989,0.28488076401549844
15990,0.2856677506516558
15991,0.28455239262837784
15992,0.28512531062926416
15993,0.2834645119498301
15994,0.28381418740719677
15995,0.2809428308261032
15996,0.28072999502882795
15997,0.2758956784747472
15998,0.27508511698811927
15999,0.2694421459813504
16000,0.27035015781305816
16001,0.2681760542681626
16002,0.2731378799380512
16003,0.2745842558409255
16004,0.2793711350656608
16005,0.28116966802899657
16006,0.2832652455193861
16007,0.2847310726530576
16008,0.2856098744286936
16009,0.28648301946269694
16010,0.28702860923379286
16011,0.2869292191286719
16012,0.2871793268097641
16013,0.28652389843741033
16014,0.28647176883854153
16015,0.2860113873690678
16016,0.2852507733158538
16017,0.28525482717614836
16018,0.2829764127641652
16019,0.28292581244635095
16020,0.2782665432999205
16021,0.2772275805486046
16022,0.2703162104323593
16023,0.26914353903467536
16024,0.2643230310346783
16025,0.2680048802117996
16026,0.26876557852671673
16027,0.2742671128517449
16028,0.27661343600489646
16029,0.27876230866347584
16030,0.28164336165298104
16031,0.2829510358296743
16032,0.28542004170378316
16033,0.2863196939688956
16034,0.2861014229862445
16035,0.2863905549456108
16036,0.2851286642471195
16037,0.2855957710365205
16038,0.2852318589502127
16039,0.284581313445886
16040,0.28464161897396056
16041,0.28096710818663034
16042,0.28046382596388975
16043,0.27384393875258095
16044,0.2720984296813665
16045,0.2656465861485172
16046,0.2669787582729125
16047,0.26550909358929076
16048,0.2713013723266502
16049,0.2736828942972282
16050,0.27705712950727407
16051,0.28072742219006686
16052,0.2828950035829737
16053,0.2852063357828121
16054,0.2857206395716706
16055,0.2846478834668503
16056,0.2848184583107171
16057,0.2839621134541173
16058,0.2836806316641828
16059,0.28336434712952774
16060,0.2797523166796437
16061,0.27917661607288896
16062,0.2744255653324311
16063,0.27560937965580007
16064,0.27294197229536366
16065,0.2761945120003577
16066,0.2752286042879994
16067,0.2783752185311331
16068,0.27878439140956235
16069,0.28142410434266113
16070,0.2824495217636891
16071,0.28439103345642885
16072,0.2842494028122934
16073,0.28558786542636994
16074,0.28473112342594076
16075,0.2862873530592721
16076,0.2859272876436397
16077,0.2868643131765585
16078,0.2866287262659507
16079,0.28648413632981656
16080,0.2865231326016106
16081,0.28624203224976924
16082,0.2865142110777631
16083,0.2864200527241007
16084,0.28616991815152637
16085,0.28628235472003055
16086,0.2856488684423566
16087,0.2861034274080561
16088,0.2854019487977341
16089,0.28591872792656897
16090,0.2845685698449709
16091,0.28456047750728014
16092,0.280888370507684
16093,0.2787687053893983
16094,0.26832688765978774
16095,0.2602809145003285
16096,0.24821697428770642
16097,0.2511836033135918
16098,0.26039163262092174
16099,0.2741273086765446
16100,0.2787663329497638
16101,0.27774295105896696
16102,0.2810239245447866
16103,0.2826198012417306
16104,0.28607471278640306
16105,0.28581410846403144
16106,0.2828392891931725
16107,0.2853294568279317
16108,0.286229647439807
16109,0.2874823716114517
16110,0.28659223939614165
16111,0.28293959463347124
16112,0.2836102356357314
16113,0.2826371352872611
16114,0.2830993012632287
16115,0.2806528960553687
16116,0.277839973777302
16117,0.27646479257810463
16118,0.2759213684861699
16119,0.27444951914254817
16120,0.2757989699452562
16121,0.27267673310729784
16122,0.2754022544440389
16123,0.2745155181495906
16124,0.2787209335798734
16125,0.2779538198399228
16126,0.2803128148891736
16127,0.2800524560923832
16128,0.2819439330761482
16129,0.2813253264619688
16130,0.2829408616736265
16131,0.2804829850798887
16132,0.28237672156868676
16133,0.28028138175335593
16134,0.28216489476753776
16135,0.27939702133397865
16136,0.27969171099865675
16137,0.276739452777339
16138,0.2777180166004708
16139,0.2760498864718973
16140,0.2783902089630716
16141,0.27669981758143525
16142,0.28000129362112447
16143,0.27950844360603416
16144,0.2832491666262426
16145,0.28323232182761987
16146,0.2846853242478531
16147,0.28425977691285886
16148,0.2844895852746827
16149,0.2842586664351671
16150,0.2847164434619062
16151,0.2834883187335686
16152,0.28424967329801865
16153,0.2819883768477964
16154,0.2831166379691574
16155,0.28065824490683666
16156,0.281193277070495
16157,0.27793885098395593
16158,0.27762489663277967
16159,0.2739187237496404
16160,0.2745272789892555
16161,0.27187116313606197
16162,0.27474525460844146
16163,0.2737679944675787
16164,0.27837442186471584
16165,0.278625429455038
16166,0.2827771472559794
16167,0.2829706941579711
16168,0.28486101966565863
16169,0.284655853148979
16170,0.2852044636040477
16171,0.28500166753239076
16172,0.28545505246827657
16173,0.2847333336337809
16174,0.2854458113344984
16175,0.283867753434552
16176,0.28489249745470846
16177,0.2828574972110841
16178,0.28374852898345715
16179,0.28104734608297843
16180,0.28125859898818456
16181,0.2774612614270894
16182,0.2772911603795748
16183,0.2729447581281008
16184,0.2737814762328756
16185,0.27058086142802296
16186,0.2738694471945045
16187,0.2731206215807152
16188,0.2780502485787881
16189,0.27856777783023173
16190,0.28218308382253526
16191,0.2823870049092481
16192,0.28355688283032415
16193,0.2836733998347377
16194,0.2839954318866322
16195,0.28431679793987885
16196,0.28496817782669664
16197,0.28458483593828837
16198,0.2855060779154863
16199,0.284037428998011
16200,0.28516884506178597
16201,0.283174465674544
16202,0.28433490454690036
16203,0.2817976095374399
16204,0.28236490616469223
16205,0.2786748241173741
16206,0.27850012037201327
16207,0.2736236240055758
16208,0.27382014586610254
16209,0.2695980370713201
16210,0.27236912994604445
16211,0.2713819772679563
16212,0.2766073743791078
16213,0.2775507263603227
16214,0.2812950774787772
16215,0.2819793854339018
16216,0.2828408947886148
16217,0.2836500581701647
16218,0.28376677426747804
16219,0.28493807049792974
16220,0.2855210157368002
16221,0.28576725842271106
16222,0.2864799982915778
16223,0.28530160937834176
16224,0.2862204685108783
16225,0.28450582944198416
16226,0.285790140478824
16227,0.28385675009939265
16228,0.284808321745706
16229,0.28169762316003194
16230,0.2814566693305964
16231,0.275590719634942
16232,0.27376237967854145
16233,0.26549896867784556
16234,0.2653306029859961
16235,0.2630771418546879
16236,0.2707205511913975
16237,0.2744237406978388
16238,0.2794361593524574
16239,0.28071655176383314
16240,0.27881969014238217
16241,0.2805926187209994
16242,0.28023607072667744
16243,0.28353598789455703
16244,0.28465463908076133
16245,0.28376287969821123
16246,0.28469919708793384
16247,0.2822727035400355
16248,0.2845983313492698
16249,0.2836294295089157
16250,0.285388360189656
16251,0.2846479104712645
16252,0.28453112960985977
16253,0.28424760456607195
16254,0.28411982196306135
16255,0.2837414428189634
16256,0.284228118364887
16257,0.2815201115518377
16258,0.2817463045204818
16259,0.27613366241380566
16260,0.27521081922561186
16261,0.26823408847080327
16262,0.26804100348605775
16263,0.26399792202383815
16264,0.2684057730171834
16265,0.27053172138481624
16266,0.27549594897875823
16267,0.279829569658645
16268,0.2831435696505275
16269,0.2854788680490759
16270,0.28632716803781855
16271,0.285562757508904
16272,0.285122147737528
16273,0.2841470682788205
16274,0.2830082029494146
16275,0.2826486368605384
16276,0.2783478678487107
16277,0.2780507801102695
16278,0.27204231729089146
16279,0.27322991529477597
16280,0.27076666748311184
16281,0.27570552938766973
16282,0.275661785084694
16283,0.2789642098236293
16284,0.27933975281309137
16285,0.28016453886579273
16286,0.2822410982434023
16287,0.28364843885348484
16288,0.28445295640054435
16289,0.2854619630821383
16290,0.28438944265482524
16291,0.2860475849389052
16292,0.28587359160052117
16293,0.2867041764475312
16294,0.2866239379402966
16295,0.28504072180337225
16296,0.2854588479560769
16297,0.28327664063284996
16298,0.2840142011398916
16299,0.28085094959306683
16300,0.2802080829630885
16301,0.2753124178066806
16302,0.2740339948019191
16303,0.26895499968665293
16304,0.2700849576608946
16305,0.2676829948837816
16306,0.27272743365437496
16307,0.27366353473442595
16308,0.2800998783251405
16309,0.2816200071213334
16310,0.2851381666172176
16311,0.28588919910930444
16312,0.28636868055095677
16313,0.28711898431858796
16314,0.28697138389668797
16315,0.28753869831093476
16316,0.2873098989107408
16317,0.2869722502528833
16318,0.2863965734655751
16319,0.2857154618805828
16320,0.2847871061439478
16321,0.284521847005497
16322,0.2826052446880174
16323,0.28274627794260443
16324,0.27898643101770665
16325,0.2790914662911385
16326,0.27378821387729857
16327,0.2741171950468457
16328,0.2694566547772854
16329,0.2717531966755772
16330,0.2700640007200608
16331,0.2739153425186034
16332,0.274834495547439
16333,0.2780223321630201
16334,0.28005011458872403
16335,0.2826121128484915
16336,0.28417408728321564
16337,0.2859787028908812
16338,0.28569649926059115
16339,0.28683373589230615
16340,0.2856505006306875
16341,0.28675385343476956
16342,0.286074993290305
16343,0.28664170369892517
16344,0.2865395765714029
16345,0.2859982978188638
16346,0.28642217501118217
16347,0.2851456367003731
16348,0.286066698901968
16349,0.28366080334290755
16350,0.2838378242461908
16351,0.2769222812224345
16352,0.27224021806616455
16353,0.2557409098735657
16354,0.2484383010760367
16355,0.2503982425468261
16356,0.2671033221078414
16357,0.27666828397375054
16358,0.27725789018945113
16359,0.27772203895007597
16360,0.2774406856963492
16361,0.282457466682834
16362,0.28318898738533926
16363,0.27986233494661933
16364,0.2803386692792564
16365,0.28246992084748057
16366,0.2839091308631332
16367,0.2804923729273682
16368,0.2752398029390385
16369,0.27441601499268975
16370,0.2732263660335405
16371,0.2718839722483752
16372,0.27249517836574433
16373,0.27170896498388364
16374,0.27850524420104417
16375,0.2808024361018723
16376,0.2853330554593341
16377,0.28639287037444927
16378,0.285992411282505
16379,0.2866499194988496
16380,0.2840751849437899
16381,0.28293244457837874
16382,0.27807499715031986
16383,0.2778306901991195
16384,0.2707474830564594
16385,0.2711008614702763
16386,0.26584673554926386
16387,0.2706254425091046
16388,0.2720633061702521
16389,0.27898929318768256
16390,0.28108356331086093
16391,0.28365300564791773
16392,0.28549693568140944
16393,0.2861336581056821
16394,0.2861067305147133
16395,0.2853261108951721
16396,0.28420324435075695
16397,0.2834047819617474
16398,0.2825973015519086
16399,0.28030250164688786
16400,0.2794167331971429
16401,0.27689334162704243
16402,0.2776122300310002
16403,0.2769563711915464
16404,0.2793684983633935
16405,0.28008135303285153
16406,0.28304402459891476
16407,0.2834391499601857
16408,0.28556969725641734
16409,0.28506703997963856
16410,0.2865458628941917
16411,0.28610736177434487
16412,0.2869344306748369
16413,0.28655092296603923
16414,0.2865185918397935
16415,0.2862965325538295
16416,0.28620642694815135
16417,0.28615893036237094
16418,0.28636230637025833
16419,0.28610555136182386
16420,0.28649199833868016
16421,0.28594316698777805
16422,0.2863104351394174
16423,0.2851161962327402
16424,0.28538194477318735
16425,0.28173707642703705
16426,0.28004986982425967
16427,0.2664013366729652
16428,0.2534488454821208
16429,0.23769849707618607
16430,0.24598950033334743
16431,0.2627487203695127
16432,0.27354491199819364
16433,0.27767144824014756
16434,0.2790972181982649
16435,0.28344634654278383
16436,0.2865181538309558
16437,0.2807214642381071
16438,0.2762149058322281
16439,0.2775570328182425
16440,0.27450730395514583
16441,0.2618620964875875
16442,0.2537245331879297
16443,0.2571518087454675
16444,0.2662568964544593
16445,0.27839956949363004
16446,0.2845711459989286
16447,0.2848647599447427
16448,0.27884877638888683
16449,0.26375358767546997
16450,0.2683888778965038
16451,0.2623783414827864
16452,0.26472807847532076
16453,0.26490797804268973
16454,0.2738066260202574
16455,0.27608887663118725
16456,0.2808812548813105
16457,0.2836611826382356
16458,0.2860192623591326
16459,0.286044335868917
16460,0.2823162984713083
16461,0.27911901138867556
16462,0.27879773798269647
16463,0.28052827469069275
16464,0.27998763569005136
16465,0.2818704646150839
16466,0.2827308146721262
16467,0.2841517255965005
16468,0.2844299961333886
16469,0.28534521935412427
16470,0.28659223566294534
16471,0.28682897869590396
16472,0.2862844055761921
16473,0.28626375198215476
16474,0.2862320871976878
16475,0.2865553202399483
16476,0.2866439861215944
16477,0.28510540590832534
16478,0.28505387320279196
16479,0.28320165459075863
16480,0.28264631248486277
16481,0.2809097673712571
16482,0.28091585324970597
16483,0.27849032371305715
16484,0.2787125060805219
16485,0.2758345207327379
16486,0.2773930061536061
16487,0.27600709071754703
16488,0.27899038432305745
16489,0.27813951060830727
16490,0.28140517645753715
16491,0.28110470812841354
16492,0.2840780751092871
16493,0.2837365678579493
16494,0.28609877290002417
16495,0.2857610029344732
16496,0.28718646723365426
16497,0.2869356973073823
16498,0.28715468876407113
16499,0.28707103881391705
16500,0.28674366698822357
16501,0.2865798393542899
16502,0.2859788716146698
16503,0.28599527204259634
16504,0.28530055957969697
16505,0.28583482255964865
16506,0.28450029029922946
16507,0.2851416820549768
16508,0.2824509125391479
16509,0.2827196469939384
16510,0.2775367339346497
16511,0.27645391020628396
16512,0.2681011203745777
16513,0.2673889938576898
16514,0.2628136219855364
16515,0.2694983484872536
16516,0.27315639991810625
16517,0.28085854065908766
16518,0.2841358827277252
16519,0.2863813131933185
16520,0.2872462444490201
16521,0.28650741239353505
16522,0.2857406589971223
16523,0.2836920508354604
16524,0.28237181358767144
16525,0.28036013023959167
16526,0.27968523546009977
16527,0.2781404830867989
16528,0.27961874603325876
16529,0.2794680120534598
16530,0.28273370166298273
16531,0.28325656670473526
16532,0.2856171589311173
16533,0.2857673688592223
16534,0.28657184186401413
16535,0.28658525443306426
16536,0.2865432612280636
16537,0.28660104229575334
16538,0.28578647481464636
16539,0.28594279567393505
16540,0.284097562774567
16541,0.2843854161255717
16542,0.2807160232410857
16543,0.28042980026118425
16544,0.27359720724357284
16545,0.2721093408248034
16546,0.2643493466725046
16547,0.2666390344583256
16548,0.266367883102644
16549,0.27458804152160965
16550,0.27862643867404213
16551,0.28309994966565155
16552,0.2855128458061327
16553,0.28641449810280567
16554,0.2870345862337092
16555,0.286164519771315
16556,0.2851074467272449
16557,0.2832840283630546
16558,0.2818222787866273
16559,0.27961537455077984
16560,0.2789774500614155
16561,0.27714282664505013
16562,0.2792810755488172
16563,0.2788774935148226
16564,0.28266484309295997
16565,0.2827002221748439
16566,0.28540542888426895
16567,0.28526146155993326
16568,0.2864260638647578
16569,0.28632248115507847
16570,0.28672295875163173
16571,0.28655436025719205
16572,0.2865305488308675
16573,0.28638998085686757
16574,0.2861694454000484
16575,0.28635864495481683
16576,0.2857687713963895
16577,0.28617009362590784
16578,0.2844164797867431
16579,0.2847470464647337
16580,0.28006618628311303
16581,0.27839047549732165
16582,0.2666074547709544
16583,0.26013701716260357
16584,0.2507112547843142
16585,0.25900449182794183
16586,0.26725330752668225
16587,0.2756957115935026
16588,0.28047500310678136
16589,0.28072321790607974
16590,0.28435993337805143
16591,0.28634727974526647
16592,0.2853622479771655
16593,0.2844175757299321
16594,0.28311158127452796
16595,0.28321068948046096
16596,0.28182656335616885
16597,0.2771875996200675
16598,0.2746153012000626
16599,0.2738297087905957
16600,0.27755741934933326
16601,0.27870670271929643
16602,0.28277441163999434
16603,0.2842363935582766
16604,0.28590558134627225
16605,0.2860610292713959
16606,0.2860003999593437
16607,0.2855597804335535
16608,0.2853053222394457
16609,0.2851385541445069
16610,0.28174185554490644
16611,0.2813572630872101
16612,0.27383282435913814
16613,0.27180514915895704
16614,0.2607671559536982
16615,0.26091840078181944
16616,0.25915056261247027
16617,0.2711050484868575
16618,0.27868240552113815
16619,0.28426033535923223
16620,0.2870979187180207
16621,0.28593539632026677
16622,0.28343886476343166
16623,0.27965075161235153
16624,0.2760209323183604
16625,0.27270839066719343
16626,0.2729050484563923
16627,0.2740763022631348
16628,0.2782990078967649
16629,0.28082832437928534
16630,0.2849447783211171
16631,0.2849995080702945
16632,0.28662734375357235
16633,0.28629161167258715
16634,0.2831900653003714
16635,0.2831519827415515
16636,0.27732973070087585
16637,0.2772704340142597
16638,0.27053827877290143
16639,0.27200189406482594
16640,0.2684816523001586
16641,0.2756814874227116
16642,0.2777048134530072
16643,0.28363842217035173
16644,0.28554846542183004
16645,0.2864377809952636
16646,0.2866052173919054
16647,0.2852585341614405
16648,0.28410381613954155
16649,0.2819557128942367
16650,0.28092884456661776
16651,0.2787377548499192
16652,0.2790914438292585
16653,0.2787737201153333
16654,0.2806286422013806
16655,0.2814764425425946
16656,0.2839472222687559
16657,0.28407836716342705
16658,0.2861898804416257
16659,0.2860775331022272
16660,0.2869407237803709
16661,0.28695755999082445
16662,0.28648406997711706
16663,0.2865887167137841
16664,0.28553732628408585
16665,0.2858452393198259
16666,0.28392383702243973
16667,0.28436193186723674
16668,0.28034122644326
16669,0.2802448087014156
16670,0.2732609572573193
16671,0.27217140889041047
16672,0.2649995692084671
16673,0.267993061791703
16674,0.2684434483882301
16675,0.2766574668459506
16676,0.28035085617894184
16677,0.2836622531074149
16678,0.28570885118209915
16679,0.2859765412908781
16680,0.28667813903342226
16681,0.2861336998900171
16682,0.2850549129148725
16683,0.28332244337994333
16684,0.28185266905650763
16685,0.2799962846107988
16686,0.27936506249010207
16687,0.278107802169412
16688,0.27961590802906433
16689,0.27949263901397353
16690,0.2829506868902538
16691,0.2827949881234801
16692,0.28573642337340266
16693,0.28548085288379427
16694,0.28650403248003203
16695,0.2866692130234651
16696,0.2866026042145476
16697,0.286744306717874
16698,0.28635430698691755
16699,0.2862587525941098
16700,0.28560763958342283
16701,0.28600085571749656
16702,0.2840468022642464
16703,0.284449759807944
16704,0.2792175594329934
16705,0.27749658414559103
16706,0.26652001242774964
16707,0.2620928973576856
16708,0.25561146505643256
16709,0.2644997581657861
16710,0.270516994936277
16711,0.2766412472761625
16712,0.28086264541216505
16713,0.2815518168486672
16714,0.2844352734146322
16715,0.2862046922154998
16716,0.28541306735093785
16717,0.28541461424614173
16718,0.28387323071175236
16719,0.28193656301663816
16720,0.28183429132675414
16721,0.2787677205072131
16722,0.27617219462872544
16723,0.2755094430606964
16724,0.27808416953024984
16725,0.2789585349474897
16726,0.283012161629292
16727,0.28246306637265706
16728,0.2854816873273688
16729,0.28592745738868053
16730,0.2863017532773069
16731,0.2867620936465298
16732,0.28623796376276456
16733,0.28555963669916634
16734,0.28485247314634377
16735,0.28509176792427954
16736,0.282396042850258
16737,0.28276212348639457
16738,0.2754765604900522
16739,0.27308423735305926
16740,0.2610670428328126
16741,0.26006566402019776
16742,0.25871045324450087
16743,0.2710297650108524
16744,0.27824013989764845
16745,0.2828143658267737
16746,0.28602788997789586
16747,0.2855116807278033
16748,0.28469286018075063
16749,0.28286184826981703
16750,0.27923097455438467
16751,0.2750310987314715
16752,0.27285577126380767
16753,0.2714572013217378
16754,0.27454352728759884
16755,0.27745166250982406
16756,0.28189867984904166
16757,0.28299507871404694
16758,0.2859334492030053
16759,0.28576809155692495
16760,0.28524133726701084
16761,0.284741930899816
16762,0.27899679346900025
16763,0.2786654993168193
16764,0.2701770739485783
16765,0.2688054888712731
16766,0.2613916858041054
16767,0.2694035391090571
16768,0.27348982850273423
16769,0.28285983645764007
16770,0.2862231452549772
16771,0.2864534599009541
16772,0.28565674627469706
16773,0.28197865544834905
16774,0.2789516392487732
16775,0.2758059003237618
16776,0.27443284342708507
16777,0.2742925234715159
16778,0.2773969643312616
16779,0.27975158538123945
16780,0.2842840929883708
16781,0.28574534555018716
16782,0.28727797575573627
16783,0.286965101109554
16784,0.28507928233161167
16785,0.2848093834323852
16786,0.2811407238538751
16787,0.2820816415741499
16788,0.2780873891337443
16789,0.28018795604259217
16790,0.27712010568617657
16791,0.2803927449455499
16792,0.27873748466099624
16793,0.2823395551090366
16794,0.2815416367479462
16795,0.28430502913321704
16796,0.28408978474588836
16797,0.28576780382698896
16798,0.28579122208052676
16799,0.2865129693803644
16800,0.2864677456217075
16801,0.28650801644884816
16802,0.28660159714662586
16803,0.2861181375127464
16804,0.2863086800470181
16805,0.28525762652745557
16806,0.28546909123398845
16807,0.2840191282388227
16808,0.28443288487741164
16809,0.2824709714096239
16810,0.2829273671602039
16811,0.28009131125550046
16812,0.2805198731819415
16813,0.2771102448824331
16814,0.27809441532822826
16815,0.2750660855852763
16816,0.27746617103792975
16817,0.2758030849308745
16818,0.27972269976865555
16819,0.2793227117872627
16820,0.28320895452509726
16821,0.2831501066514274
16822,0.28560438265297766
16823,0.2855986942828513
16824,0.28671838287607665
16825,0.2867381413356033
16826,0.2870297064982247
16827,0.2868659118551026
16828,0.28658450337240876
16829,0.2863806784438034
16830,0.28570478231656876
16831,0.2858741879138756
16832,0.2847010674913006
16833,0.28528261023896373
16834,0.2831850715970124
16835,0.28389866604342046
16836,0.2803104946986711
16837,0.280686257599432
16838,0.275108496565142
16839,0.27512321112698473
16840,0.2693998194061852
16841,0.27183547083727994
16842,0.27046309397120205
16843,0.2754446352701206
16844,0.2773054582492534
16845,0.2799917373469843
16846,0.2819393842984745
16847,0.2833378470083198
16848,0.28483206856942256
16849,0.28632898815530383
16850,0.28661987154296514
16851,0.28652309282960325
16852,0.28564726058159257
16853,0.2845349235618715
16854,0.28474132729501384
16855,0.2838244030721579
16856,0.2847107719361214
16857,0.28209805667570165
16858,0.2822642339388173
16859,0.27621540110306797
16860,0.27511665586102363
16861,0.2677667910460949
16862,0.2693880008375669
16863,0.2663958885279685
16864,0.2710115429553934
16865,0.27160449875297293
16866,0.2712842738539904
16867,0.276772676287412
16868,0.2803709645413099
16869,0.28215489232335383
16870,0.2854327303038483
16871,0.2840766894804467
16872,0.28632512873270427
16873,0.28595906637022084
16874,0.2825930221793445
16875,0.2846228403943342
16876,0.2810358523213406
16877,0.28146418194859285
16878,0.2780612506634873
16879,0.2788241687297064
16880,0.27722977507326674
16881,0.28020995996232223
16882,0.2772499054945924
16883,0.2813612460245005
16884,0.27909170070445594
16885,0.2815077132608218
16886,0.2813120062119281
16887,0.2827138085810936
16888,0.2833455509063041
16889,0.28518426257168866
16890,0.2846428510198027
16891,0.2865359235689133
16892,0.286348004200592
16893,0.2864859289923369
16894,0.28682374008344175
16895,0.285690952627866
16896,0.2862691184906365
16897,0.28530852922404054
16898,0.2854087835341368
16899,0.28435970184728515
16900,0.28444187529241255
16901,0.2818309973453462
16902,0.28195898806451275
16903,0.2774055802436448
16904,0.27722191782399214
16905,0.27177330121991927
16906,0.27236606625254045
16907,0.2696672731955316
16908,0.2745099672844856
16909,0.27544391348593034
16910,0.28131520889883144
16911,0.28132634632815484
16912,0.2839806457962039
16913,0.2836645170809603
16914,0.28472119722205047
16915,0.28575619461620777
16916,0.28640938072659233
16917,0.28679890472709363
16918,0.28674030102306863
16919,0.2857297040978189
16920,0.2858976441615476
16921,0.2852703656971086
16922,0.2857132705661377
16923,0.2858827070839195
16924,0.2852315223148012
16925,0.2857936314154667
16926,0.28396939510591274
16927,0.2848922254003973
16928,0.2819148056741735
16929,0.2822958686089918
16930,0.2763811541327785
16931,0.27479637289846803
16932,0.2656799436352587
16933,0.26591304416235123
16934,0.26292417202335056
16935,0.27031579715372905
16936,0.2748077247552738
16937,0.2801082129550722
16938,0.28365580862811823
16939,0.28475459711792267
16940,0.28535678402877424
16941,0.2860187233319737
16942,0.28633538965930083
16943,0.28639942232543136
16944,0.2859194783750605
16945,0.28265355257000413
16946,0.2831874925485878
16947,0.2794294907946999
16948,0.281596452362047
16949,0.27702584096606164
16950,0.276960961812894
16951,0.2704759871409028
16952,0.27131098696250955
16953,0.2699594591592598
16954,0.2772514099638393
16955,0.278364487391336
16956,0.2789358659425028
16957,0.2775694202270965
16958,0.2735144420357233
16959,0.27609878725879883
16960,0.2774666514533328
16961,0.2774707911506983
16962,0.2804323970762
16963,0.2792099064652416
16964,0.28309391477627843
16965,0.2837834756250125
16966,0.28544256553348585
16967,0.2867135899414265
16968,0.28673034759900234
16969,0.2868621554039698
16970,0.2864775801945623
16971,0.28641558611450435
16972,0.2854242696942943
16973,0.2858220888155996
16974,0.28152485199728494
16975,0.2820765856372088
16976,0.2737972788274091
16977,0.2733318931185243
16978,0.26425489468182844
16979,0.2655628206850531
16980,0.265808106118272
16981,0.2739846119383395
16982,0.2794160204611255
16983,0.28369508974924723
16984,0.28559945997361674
16985,0.2853209330397434
16986,0.28473901884451114
16987,0.2860978012937386
16988,0.2870037116757499
16989,0.28681760806368245
16990,0.28619082713053556
16991,0.2830759023760665
16992,0.2831195981400446
16993,0.28149973409638746
16994,0.2817749550674585
16995,0.2806354221675454
16996,0.28088419614611093
16997,0.2790288165642984
16998,0.28097642039340437
16999,0.27870137033818376
17000,0.28215257162577156
17001,0.2796016246893337
17002,0.28205175853051373
17003,0.27932266642545606
17004,0.28015130944692973
17005,0.2785738290502631
17006,0.28039226544359186
17007,0.2788423232397002
17008,0.28149499776954495
17009,0.2790473875664248
17010,0.28213841969144754
17011,0.28016847129249334
17012,0.28266982211097114
17013,0.2813337065722007
17014,0.28254826837043817
17015,0.281948591171865
17016,0.2830629033133111
17017,0.2826477290674338
17018,0.2843034904450185
17019,0.2835035092599701
17020,0.28533646312476346
17021,0.2840451844948142
17022,0.28542240682029885
17023,0.2836416688004579
17024,0.2847705628571228
17025,0.28255486320857504
17026,0.2837593338576775
17027,0.28064520824966
17028,0.281704893369998
17029,0.27742193944616306
17030,0.27833240449259683
17031,0.27400591668650937
17032,0.2757993943742449
17033,0.273506312745729
17034,0.2769169576135111
17035,0.27695875164800793
17036,0.28064191620966794
17037,0.28127963891556246
17038,0.2838998345896035
17039,0.2841038110841153
17040,0.28587521209729244
17041,0.28586076021098156
17042,0.28693745189116215
17043,0.2865704838933197
17044,0.2868924559522066
17045,0.28622407899004937
17046,0.2864693923191966
17047,0.2858729299745601
17048,0.2864698332233039
17049,0.28586960193116384
17050,0.2865052325167651
17051,0.28561604746212116
17052,0.2860834223643542
17053,0.2842531198454166
17054,0.284508308003738
17055,0.27811461039157276
17056,0.27382912021398254
17057,0.2526259221420167
17058,0.23992242628958138
17059,0.25215274581853325
17060,0.26930644852745383
17061,0.2569158803056629
17062,0.22956304738109867
17063,0.22485907217614964
17064,0.22999811035847043
17065,0.24775261131407927
17066,0.2807057921163921
17067,0.278547453593849
17068,0.24885756366807504
17069,0.23133190428693984
17070,0.19424861020275197
17071,0.24902819417379896
17072,0.18618360927316402
17073,0.17396998256864002
17074,0.12380260562617103
17075,0.2754746037343977
17076,0.19643572205613108
17077,0.100336806127812
17078,0.005484346780187112
17079,0.07025389799788084
17080,0.0007640432011611673
17081,1.4368292926149552e-05
17082,0.00208994655462542
17083,3.0764175574515706e-06
17084,1.6369944193082053e-18
17085,7.529756736114567e-29
17086,1.2568597005072284e-15
17087,1.775096241751721e-08
17088,5.132334463441782e-06
17089,0.00045213997431599047
17090,0.009212953648272747
17091,6.726182837018224e-06
17092,2.029198043947201e-09
17093,2.037688472214654e-11
17094,7.01400572242486e-11
17095,4.0994694977490956e-07
17096,0.009195914730633924
17097,0.002490700233753823
17098,0.002898454011247057
17099,0.011569559856436354
17100,0.02489396935209631
17101,0.006233810698065013
17102,0.003384867251114028
17103,0.0439931719481875
17104,6.0055929601057454e-05
17105,0.005611378530432793
17106,0.06334686063110466
17107,0.07477228486465315
17108,0.12376636644705878
17109,0.001243747896665861
17110,0.08289107438972165
17111,1.6686604481190604e-21
17112,9.121383680225505e-45
17113,5.714984215506452e-30
17114,5.4381679436319255e-08
17115,6.22867708157027e-05
17116,1.0634662208365316e-07
17117,2.2664780477840667e-10
17118,2.88545498829464e-09
17119,1.5140885012586306e-06
17120,4.687083104627388e-10
17121,7.661689683999657e-22
17122,1.9101257493480566e-37
17123,7.074908020922713e-16
17124,4.3793189558185816e-08
17125,7.41987653347e-07
17126,3.359407217887344e-79
17127,2.3616990594259422e-130
17128,2.8536871804049856e-58
17129,2.2645211010151322e-07
17130,2.651088923446669e-06
17131,6.301922250233813e-31
17132,9.742517949550899e-31
17133,1.751915027460096e-10
17134,0.00030012081095410695
17135,6.621764244827215e-08
17136,1.78353512131512e-18
17137,7.377309003303037e-07
17138,0.0008315907393334357
17139,0.00012013649816423246
17140,0.012021386474802949
17141,1.1055674548226807e-12
17142,5.262419157297563e-18
17143,8.073543097951302e-05
17144,6.085293794913993e-10
17145,2.5717337413707764e-13
17146,4.483199221220906e-09
17147,7.32405092679619e-06
17148,9.491217905618701e-05
17149,0.00022282426418920853
17150,0.0005091626919519305
17151,0.004617072503813572
17152,0.01132593715112842
17153,0.016700015537852955
17154,0.029793476986671757
17155,0.031558752926805086
17156,0.0002971267254768195
17157,0.028220334591680423
17158,0.000900484754607663
17159,0.00526860486075867
17160,0.03820449108120753
17161,5.448305440501682e-06
17162,1.212466087664878e-11
17163,6.009653349999975e-09
17164,0.03597477844056167
17165,0.00013921397230412608
17166,6.535791417516413e-07
17167,4.344661336510067e-07
17168,2.878200248860166e-06
17169,7.396610561875524e-05
17170,0.0027321249966574686
17171,0.029111151588099633
17172,0.0034013523180179595
17173,1.0723601145854152e-05
17174,5.487510471461487e-06
17175,0.0014327285235021397
17176,0.07111151023096954
17177,0.019433016546179103
17178,0.018083289718709542
17179,0.013170268529616011
17180,0.09582773339716426
17181,3.32524825485254e-05
17182,8.76374998324272e-07
17183,0.0019074611393620762
17184,0.011091579110304771
17185,0.008851236783197427
17186,0.03164548357265025
17187,0.06501096107412206
17188,0.05401141845834908
17189,0.05483594100744779
17190,0.04397237433870077
17191,0.12796151360081878
17192,0.09963565672934138
17193,0.17797164823731612
17194,0.12904762546146048
17195,0.13655385787061264
17196,0.1974724142757518
17197,0.161398515765238
17198,0.18029162140787028
17199,0.18093984596659377
17200,0.23064927429811388
17201,0.22409648447204142
17202,0.20350975965568574
17203,0.2313042367095116
17204,0.21511222900052746
17205,0.22831627075220892
17206,0.24386875002898242
17207,0.24162976478372117
17208,0.2588216020872785
17209,0.24965459156537426
17210,0.2728876257590904
17211,0.27535201692013056
17212,0.2814380657423998
17213,0.27331189878309975
17214,0.2798328867609877
17215,0.28705620438592055
17216,0.2809514005985221
17217,0.27049841818405934
17218,0.2580117754903144
17219,0.26586605709887284
17220,0.2696700659956178
17221,0.2759937886395928
17222,0.2780693157851937
17223,0.28036504120862166
17224,0.2835872999649858
17225,0.28210156848238843
17226,0.2816633540493523
17227,0.2790630545688659
17228,0.2798781810506515
17229,0.2768261618514482
17230,0.2776520144760527
17231,0.2763503195582939
17232,0.27721564098166196
17233,0.2776113646574485
17234,0.2796606983540484
17235,0.2820738226100685
17236,0.2829628754794243
17237,0.2843324748015325
17238,0.2834979957116052
17239,0.2839404970948115
17240,0.2827872118008579
17241,0.2827728699669518
17242,0.2824208768788429
17243,0.2824458346114112
17244,0.28247720760517964
17245,0.28305094849379275
17246,0.28397422869609273
17247,0.28462358772443125
17248,0.28497083499734377
17249,0.285299635065024
17250,0.2862609902912415
17251,0.287027025257695
17252,0.28747604537231936
17253,0.28697140931517356
17254,0.2864224473962616
17255,0.2853413702812551
17256,0.28436540415143896
17257,0.28335103493519986
17258,0.28294386557687695
17259,0.2829980195754678
17260,0.283260964236222
17261,0.28379453823951845
17262,0.28418855945665805
17263,0.28471148034730953
17264,0.2848903979874086
17265,0.28501913368932114
17266,0.28496614992562025
17267,0.2849235812625647
17268,0.2847929512036248
17269,0.28457384180036255
17270,0.28442969873333007
17271,0.28435011906014157
17272,0.2844432982940972
17273,0.2845811850868641
17274,0.28475331925656355
17275,0.2849270681689176
17276,0.2850415989740403
17277,0.2850906558995679
17278,0.2850184813651084
17279,0.28495669077994124
17280,0.2849376386470599
17281,0.28499572072009793
17282,0.28507628764978965
17283,0.28513601478139977
17284,0.28520347192234885
17285,0.2852017760036043
17286,0.28518007955048036
17287,0.2850934602640938
17288,0.28506251710929037
17289,0.285047009947088
17290,0.285069636825695
17291,0.2850736764889107
17292,0.28507085709038854
17293,0.2850564889142011
17294,0.28500135561946943
17295,0.28493687164538817
17296,0.2848541447710074
17297,0.284820312105995
17298,0.2847827143488139
17299,0.28477757367366363
17300,0.2847687230140402
17301,0.2848029235542138
17302,0.28484558164986934
17303,0.2849048659908755
17304,0.28496506409322
17305,0.2850310884714457
17306,0.2850944038192867
17307,0.2851264506769564
17308,0.2851401219789722
17309,0.285127811631828
17310,0.2851247983794333
17311,0.2851079122770536
17312,0.28510544136013183
17313,0.28509573359205426
17314,0.28510538730076085
17315,0.28510207953435945
17316,0.285105158806248
17317,0.2850992453815822
17318,0.28511162898113496
17319,0.2851246252595516
17320,0.28514714688695453
17321,0.2851623975812383
17322,0.2851786214423157
17323,0.28518082161363006
17324,0.28517231970790835
17325,0.28515085483361124
17326,0.2851309472493273
17327,0.28511469554561825
17328,0.28510521385253956
17329,0.28509999257067487
17330,0.2851009820175166
17331,0.28510519897834213
17332,0.2851080988669933
17333,0.28510746469653886
17334,0.28510463419904425
17335,0.28510229109296686
17336,0.28509814952793217
17337,0.28509347696644993
17338,0.2850888881479115
17339,0.2850898444934619
17340,0.2850937491055142
17341,0.2851033774804229
17342,0.2851144927733708
17343,0.2851312365619576
17344,0.28514397905324673
17345,0.2851560398389309
17346,0.28515753111429537
17347,0.2851606706765658
17348,0.2851536731581199
17349,0.28515391621196723
17350,0.2851431108105125
17351,0.28514829669887093
17352,0.28513787141795977
17353,0.2851500737650195
17354,0.28513372578852103
17355,0.28515317227889403
17356,0.28512627999326196
17357,0.28515663339888353
17358,0.28510679235778635
17359,0.28514982450375864
17360,0.2850520353416702
17361,0.28510290962808355
17362,0.28489438173671267
17363,0.2849174168025759
17364,0.28443974404975947
17365,0.2842842669722763
17366,0.2830963344538453
17367,0.2822468032257702
17368,0.27926032264799006
17369,0.27660363641717317
17370,0.27058300787203593
17371,0.26685412796993546
17372,0.26208339987536367
17373,0.2650751606798932
17374,0.26905483469020997
17375,0.2772270593694903
17376,0.2820803127661137
17377,0.285285432889703
17378,0.28532085886304526
17379,0.2829575695300959
17380,0.281226583956156
17381,0.27936813417404255
17382,0.2812328548270339
17383,0.28292377768687627
17384,0.2852996213739888
17385,0.2856943208591321
17386,0.28461622597442604
17387,0.2837802112474251
17388,0.28283600991642327
17389,0.2840783233722851
17390,0.2849242435784671
17391,0.285895333648884
17392,0.28580800815102103
17393,0.2848834637220549
17394,0.2845868416288675
17395,0.28409811333212026
17396,0.2847935193957971
17397,0.28500629310631703
17398,0.28516788740852156
17399,0.2850473266109435
17400,0.2845532575634958
17401,0.2847502436210263
17402,0.28466278389750543
17403,0.28512703501647685
17404,0.28514311514046564
17405,0.2850310231983413
17406,0.28488882839665663
17407,0.2844996324931923
17408,0.28463582848083163
17409,0.28454915774699985
17410,0.2848434862521078
17411,0.28490327794340503
17412,0.28492449216411786
17413,0.28497665825227986
17414,0.2848186341872
17415,0.28496373962409705
17416,0.28486742136315957
17417,0.2850244470120635
17418,0.2849985010785523
17419,0.2850146353037337
17420,0.2850390597643593
17421,0.2849599098485246
17422,0.28507144459470707
17423,0.2850117093043732
17424,0.28515453360298254
17425,0.28512951687562593
17426,0.28519394586291935
17427,0.28518378384302134
17428,0.28514442006723917
17429,0.285163583752549
17430,0.2850836138014072
17431,0.2851452752253101
17432,0.2850859540829542
17433,0.2851620707325854
17434,0.2851404013399905
17435,0.28518603395072534
17436,0.2851899083625942
17437,0.2851821941391344
17438,0.2852005458920389
17439,0.28515320076942813
17440,0.2851835554643821
17441,0.2851293827368181
17442,0.2851704950176449
17443,0.2851349828300741
17444,0.2851751438737174
17445,0.2851625289356255
17446,0.28518602499231877
17447,0.28518977689799174
17448,0.2851892803358488
17449,0.28520348682404545
17450,0.28518416172738464
17451,0.2852064009636111
17452,0.2851786857697899
17453,0.28520716620807424
17454,0.28518149124336706
17455,0.2852138608421052
17456,0.28519535117409883
17457,0.28522595745140183
17458,0.2852130524002552
17459,0.2852345882667328
17460,0.28522319092748655
17461,0.2852326611506751
17462,0.2852236302488092
17463,0.28522546761844303
17464,0.2852231179115748
17465,0.28522275135379577
17466,0.2852285571944702
17467,0.28522663210947485
17468,0.2852371675347615
17469,0.285231145979345
17470,0.2852432318893617
17471,0.28523221841153706
17472,0.28524569627435764
17473,0.2852307975310859
17474,0.28524761953310457
17475,0.2852298528366936
17476,0.2852517414485214
17477,0.2852302423764747
17478,0.2852581454021948
17479,0.2852296496426633
17480,0.28526386905051315
17481,0.28522300862847294
17482,0.28526509247887694
17483,0.2852050828579276
17484,0.28525878333216337
17485,0.28516916521500807
17486,0.2852386210482788
17487,0.28509805037228986
17488,0.28518203145923743
17489,0.28494503103801305
17490,0.285025993498401
17491,0.2845963539644804
17492,0.28461126924703234
17493,0.28378248257334227
17494,0.28355405662096766
17495,0.28190868940240216
17496,0.2810685385380108
17497,0.2780210960635486
17498,0.27635276468762626
17499,0.272221567772012
17500,0.27134133275456324
17501,0.2692728683913146
17502,0.2722451974025836
17503,0.27420035138318344
17504,0.2791614980787653
17505,0.28178475179595436
17506,0.2847438128605114
17507,0.28570228706591866
17508,0.28585339160711215
17509,0.28541024379353036
17510,0.28388068109830766
17511,0.2833625389895934
17512,0.2820657471319859
17513,0.2828002241884874
17514,0.28286619924462586
17515,0.2844008439927882
17516,0.2849770057100414
17517,0.28577819476560323
17518,0.28589463956768263
17519,0.2855297570765328
17520,0.2853305473559824
17521,0.2844939224530805
17522,0.2845743227128209
17523,0.28405415202271606
17524,0.2845820789732344
17525,0.2845264583884525
17526,0.28508192860889575
17527,0.2851718408443554
17528,0.28533770868403696
17529,0.2853661978952892
17530,0.28511224285469
17531,0.2851214452835237
17532,0.2846820956335503
17533,0.28479407914314675
17534,0.2844290440332692
17535,0.28469263538022027
17536,0.2845259115953024
17537,0.2848632294752019
17538,0.28485332571439326
17539,0.28511611847454826
17540,0.285152001235626
17541,0.2852364825800222
17542,0.2852543617121284
17543,0.2851651217417451
17544,0.28518490508324273
17545,0.2850086807893727
17546,0.2850889262361355
17547,0.2849108187899241
17548,0.2850734674961475
17549,0.2849093738955162
17550,0.28511435928157747
17551,0.28492451812031633
17552,0.28511993607980335
17553,0.2848710856890355
17554,0.28504552648962606
17555,0.28473844252717995
17556,0.2849178467761146
17557,0.28456030469364807
17558,0.2847645602545192
17559,0.2843265686747624
17560,0.2845356916829906
17561,0.28393187091987315
17562,0.2840900022402518
17563,0.2831969293433593
17564,0.28323988086478114
17565,0.2819331920520175
17566,0.28183115754921584
17567,0.28007444846724444
17568,0.27994347592821317
17569,0.2779918289040954
17570,0.27825744357842214
17571,0.2767837780337669
17572,0.27800214721457545
17573,0.277599156128415
17574,0.279717792846236
17575,0.2801715237168055
17576,0.28238237247740205
17577,0.28300353008735885
17578,0.2845771334715029
17579,0.2849508711019307
17580,0.285681014764033
17581,0.2857724880262008
17582,0.2857957037946031
17583,0.2857433534802193
17584,0.2853180372111771
17585,0.28529654542238764
17586,0.2846926428342442
17587,0.2848336279034804
17588,0.28425404279082456
17589,0.28458824198076194
17590,0.2841226415296875
17591,0.2845833636026002
17592,0.28423174610505075
17593,0.28471980835422617
17594,0.2844521400248992
17595,0.28489556713451825
17596,0.2846864579604499
17597,0.2850528170200868
17598,0.2848829173021204
17599,0.2851648979686372
17600,0.2850168550475038
17601,0.2852220479884825
17602,0.28508435434789847
17603,0.28523306364032197
17604,0.2851028423140977
17605,0.28522263913890283
17606,0.2850994516955663
17607,0.28521441749225557
17608,0.28508940571846336
17609,0.2852119894200098
17610,0.285061631961614
17611,0.28519328648891074
17612,0.28497850914771333
17613,0.28511350996819457
17614,0.28477283432277734
17615,0.28489055611728126
17616,0.2843103822683049
17617,0.2843405329796166
17618,0.28329064659449316
17619,0.2830462371189644
17620,0.28110731621445517
17621,0.2802676246377194
17622,0.2770112852128049
17623,0.27562478801877005
17624,0.2717927158569372
17625,0.2716728960695919
17626,0.27016378998275653
17627,0.2734150758914207
17628,0.27508940933344156
17629,0.27956949750945953
17630,0.28162957908596276
17631,0.2844571248550028
17632,0.2853894124297221
17633,0.2861402942093511
17634,0.2861213611680792
17635,0.28540778058448873
17636,0.2850098265486586
17637,0.2836812916582861
17638,0.28360024871503764
17639,0.28257299162906263
17640,0.2832539167914713
17641,0.2829275831701163
17642,0.2840796923445059
17643,0.2841449280702667
17644,0.28512218861914695
17645,0.2851747002798759
17646,0.2856350061712416
17647,0.28557571020466194
17648,0.2855652526764167
17649,0.28549602215213166
17650,0.285203878689504
17651,0.2852266279619099
17652,0.2847936248164237
17653,0.2849256658563563
17654,0.28441237894999843
17655,0.28462575366450105
17656,0.28406718769778366
17657,0.2843472794455556
17658,0.2837830545495685
17659,0.28413512687391446
17660,0.28358732712903345
17661,0.2840016026236142
17662,0.2834427904823208
17663,0.2838771372568322
17664,0.28323648969738363
17665,0.28364091497359184
17666,0.2828447353001283
17667,0.28319732760144034
17668,0.28220146968299015
17669,0.28251855679445764
17670,0.2813186513493334
17671,0.2816487816893472
17672,0.28029794615591935
17673,0.2807356812025373
17674,0.2793881597307423
17675,0.28009135080434233
17676,0.2789980289304597
17677,0.2801100147127914
17678,0.2794685868435481
17679,0.280944912392758
17680,0.2807249487150583
17681,0.28229713079011165
17682,0.2822868232889623
17683,0.2836568620589722
17684,0.2836623611178002
17685,0.2846805913498136
17686,0.28462736400189886
17687,0.2852983533253836
17688,0.28520036474368565
17689,0.28560225642474824
17690,0.2854977021078019
17691,0.28571244561968795
17692,0.2856253057644472
17693,0.2857103430150211
17694,0.28564688098043967
17695,0.2856394935793334
17696,0.28560215228180325
17697,0.28553051825743525
17698,0.2855256443265624
17699,0.2854087164570697
17700,0.285442076314244
17701,0.28528062401778886
17702,0.28535052336809463
17703,0.28511994427170223
17704,0.28521542442733605
17705,0.28485881711126343
17706,0.2849540897228592
17707,0.2843576456656837
17708,0.28438020443264145
17709,0.2833057475351552
17710,0.2830578026024812
17711,0.2810425045508759
17712,0.28014350829107654
17713,0.2766349671215142
17714,0.2750170203272184
17715,0.27068879594731565
17716,0.27032362295019313
17717,0.2685186287870224
17718,0.2720089482550023
17719,0.27384225135968576
17720,0.2787668694897793
17721,0.28099802877651975
17722,0.28413976481228154
17723,0.2851704680651648
17724,0.28620699610647604
17725,0.2863054633525365
17726,0.28589896342466997
17727,0.2855902173281522
17728,0.2844187823186596
17729,0.2842037083489883
17730,0.28291775335395736
17731,0.28318309297140987
17732,0.28223240018211865
17733,0.2830289243359981
17734,0.2825014449909447
17735,0.283556088944219
17736,0.28330193930293646
17737,0.2842952172927323
17738,0.2841621104193399
17739,0.2849251884766098
17740,0.28483910300535403
17741,0.28533984702345155
17742,0.2852680810973963
17743,0.2855256211528917
17744,0.28545104476870314
17745,0.28551134002585404
17746,0.2854455396172721
17747,0.2853764552876936
17748,0.28535646637304446
17749,0.28522232368052763
17750,0.2852763855965116
17751,0.28509308377416454
17752,0.2852103108740636
17753,0.2849292034536129
17754,0.2850646644661316
17755,0.28458417238404815
17756,0.2846763368834665
17757,0.2838283100188053
17758,0.28376089752767014
17759,0.28222574503050557
17760,0.28173331558954706
17761,0.27899511913980646
17762,0.27777512233779106
17763,0.27371359732627837
17764,0.27252611768122337
17765,0.2691653471865722
17766,0.27073497908808397
17767,0.2709140249456253
17768,0.2754581179973902
17769,0.277630401394532
17770,0.28171577123115943
17771,0.2832497619619761
17772,0.2853372539977484
17773,0.285850069186724
17774,0.2863159900968154
17775,0.2862553490564113
17776,0.28572355418873413
17777,0.28551343111505206
17778,0.28448060676371695
17779,0.2844078316368844
17780,0.28320628646222756
17781,0.2834083795445849
17782,0.28225120864569087
17783,0.2827686050139562
17784,0.28182279099999075
17785,0.2826389199315632
17786,0.2819915998503389
17787,0.2829946850523422
17788,0.2825914750428471
17789,0.28360155200307285
17790,0.28329877664964725
17791,0.28416430587314956
17792,0.2838363142888643
17793,0.28449918249273476
17794,0.2840911589608742
17795,0.28458789236250887
17796,0.2841016053239075
17797,0.28450941645103
17798,0.2839439349039353
17799,0.2843115062792075
17800,0.28360144261263703
17801,0.2839063747669805
17802,0.28291144482442626
17803,0.2830819643686568
17804,0.2816317907127847
17805,0.2816131625062331
17806,0.27961653885256427
17807,0.2794970678376616
17808,0.27716238352946726
17809,0.2773662255206516
17810,0.27539243296961824
17811,0.2765690301818474
17812,0.27569155653707006
17813,0.27793279268366994
17814,0.27805915749282184
17815,0.2805944736941102
17816,0.28102924050720973
17817,0.283088890688662
17818,0.28337067990547704
17819,0.28472829774759867
17820,0.284790587862946
17821,0.2855702452261911
17822,0.28551011813745003
17823,0.2859117680249174
17824,0.28582598503694934
17825,0.2859988306976644
17826,0.28593093772466477
17827,0.2859526839443422
17828,0.2859072297950666
17829,0.28581505890170456
17830,0.2857944855527208
17831,0.28561406803838074
17832,0.285632008603135
17833,0.285373067775166
17834,0.2854382527590517
17835,0.28506645347956944
17836,0.28515818011371447
17837,0.2845621294347825
17838,0.2846026554243123
17839,0.28353966013297677
17840,0.28333150230310133
17841,0.2813286915185538
17842,0.28047230228983283
17843,0.27688485120472334
17844,0.2751582729902091
17845,0.27039877715417576
17846,0.26961220642810513
17847,0.26714950000592114
17848,0.27047163628437354
17849,0.272117440117987
17850,0.2774074349195125
17851,0.27975703296924737
17852,0.28335210414438466
17853,0.2845084206081689
17854,0.2859981623583855
17855,0.28624617593503476
17856,0.28637462309576395
17857,0.28625898772293606
17858,0.2856279553200441
17859,0.28548360536581885
17860,0.28441399999883205
17861,0.2843532762920519
17862,0.282965574348491
17863,0.28302771073025307
17864,0.28148400170710813
17865,0.2818024927314617
17866,0.280408002658295
17867,0.28115167104550515
17868,0.28014966147465564
17869,0.28129291892903874
17870,0.2806618081388423
17871,0.2819630713777836
17872,0.28149300945563793
17873,0.28269425270668264
17874,0.2821992785031974
17875,0.2831845042249025
17876,0.2825957737236172
17877,0.28339704044723474
17878,0.28272139164072263
17879,0.2834128386817444
17880,0.28263266065531917
17881,0.2832354498867307
17882,0.28226323355952343
17883,0.2827484693192727
17884,0.2814896244874035
17885,0.28186495598807265
17886,0.280316798245241
17887,0.2806937679765798
17888,0.27900407520212545
17889,0.2795858181675056
17890,0.2780239325855063
17891,0.27901356168322683
17892,0.2778464902996452
17893,0.27930294783283505
17894,0.2786274516455807
17895,0.28037803227538916
17896,0.2800609842624413
17897,0.28179719251559493
17898,0.28160656411691176
17899,0.2830844943546508
17900,0.28285467855900803
17901,0.28399707204166375
17902,0.28367363776978755
17903,0.2845276442751503
17904,0.28411486704108113
17905,0.28476564058074866
17906,0.28426233863419526
17907,0.2847750761168992
17908,0.2841462234849904
17909,0.2845529636585443
17910,0.283729531793644
17911,0.28403650509482004
17912,0.28292052122757905
17913,0.2831110382681196
17914,0.281584134135006
17915,0.28163886276979405
17916,0.27962962442614536
17917,0.2796257480753944
17918,0.2773089016322794
17919,0.277603123754558
17920,0.2755845626776077
17921,0.27674354730123557
17922,0.27569348870408733
17923,0.2778317814288284
17924,0.2777193926659039
17925,0.28018311909067484
17926,0.28040203341957826
17927,0.2824862324135251
17928,0.2825938289163065
17929,0.28407077572095146
17930,0.28398050699934735
17931,0.28495769681437927
17932,0.2847370488436966
17933,0.28539362754581254
17934,0.28509891212939176
17935,0.2855624717151439
17936,0.28519291721750367
17937,0.2855317111487273
17938,0.2850498994234929
17939,0.2853047586342763
17940,0.28465153524568454
17941,0.2848410942226624
17942,0.2839094251013715
17943,0.2839970213936369
17944,0.28258064289730306
17945,0.2824402546328501
17946,0.2802361332177103
17947,0.27972654205294795
17948,0.2766098705140683
17949,0.27601947271979177
17950,0.2728138124877869
17951,0.2734329732014928
17952,0.27192675065895094
17953,0.2747158394900869
17954,0.27523998678981
17955,0.27886495912896164
17956,0.2798848661827268
17957,0.2826772218028764
17958,0.2832437885881579
17959,0.2848792528573351
17960,0.2850076851504735
17961,0.28584389221426554
17962,0.2857935863460295
17963,0.2861949763385728
17964,0.2861233829921535
17965,0.28628115737054416
17966,0.28621683994276276
17967,0.2861970965976295
17968,0.28613500898748023
17969,0.2859791749359445
17970,0.2859395735228637
17971,0.28568917279271905
17972,0.2857049186517743
17973,0.2853583446834748
17974,0.2854301419272647
17975,0.28489691453816735
17976,0.28495812471609755
17977,0.2839993850811312
17978,0.28385618048890193
17979,0.28196195669933066
17980,0.28114916432245884
17981,0.2774407624963809
17982,0.27538617032681184
17983,0.2697128649666612
17984,0.2679649438723928
17985,0.2643218477606591
17986,0.2675914968259896
17987,0.26946869053243366
17988,0.2758310452043537
17989,0.27881834392996957
17990,0.28310460254488223
17991,0.28450561803822416
17992,0.28619581254478876
17993,0.2864717264176354
17994,0.2866055297769584
17995,0.2864706574338515
17996,0.28576780463479395
17997,0.2855915059456132
17998,0.28433198917162933
17999,0.2841565167130988
18000,0.2823816006245265
18001,0.282239044353996
18002,0.28015543135339105
18003,0.28033380108475514
18004,0.27848734184797513
18005,0.2793637160454885
18006,0.2782040317381092
18007,0.2797719531304762
18008,0.2792306056540589
18009,0.281030839441379
18010,0.280700259055116
18011,0.28227436297895553
18012,0.2818449954391457
18013,0.28304717188746453
18014,0.28245788888408807
18015,0.2833843106841605
18016,0.2826660000117623
18017,0.28343074490847997
18018,0.282527185109519
18019,0.28312438503262993
18020,0.28188834737536134
18021,0.2822832675634204
18022,0.28061916914814516
18023,0.28089017477282
18024,0.2788896654352794
18025,0.2792648354894387
18026,0.27723946399205485
18027,0.2780506618523796
18028,0.27644676371945565
18029,0.2779410778185753
18030,0.2770525944926589
18031,0.27910608404605686
18032,0.2788018521692317
18033,0.2809463479327704
18034,0.2808452607146368
18035,0.2826645859497807
18036,0.2824946101456506
18037,0.28385877239327034
18038,0.28354388648064677
18039,0.2845270805292001
18040,0.28408206993998597
18041,0.28480533930890883
18042,0.2842319211549342
18043,0.2847824422506718
18044,0.2840306404791345
18045,0.2844462809890925
18046,0.28341704721230704
18047,0.2836916506257429
18048,0.2822413232418895
18049,0.2823400829281546
18050,0.2803228130183951
18051,0.2802542424145782
18052,0.2776987978910237
18053,0.27772677587121297
18054,0.2751598825605774
18055,0.27596207645940857
18056,0.27432652295616283
18057,0.27639941365384174
18058,0.27604373957999884
18059,0.27884214638557175
18060,0.2791144168383485
18061,0.28164752197125714
18062,0.28185870412400826
18063,0.2836785794899034
18064,0.28363071571534937
18065,0.2848180103893569
18066,0.28458082839444426
18067,0.2853623245872199
18068,0.28501598742165807
18069,0.2855615118744248
18070,0.28510772875356877
18071,0.2855026440948087
18072,0.2848846064399289
18073,0.28516741543675106
18074,0.2842906396098308
18075,0.2844649403102993
18076,0.28316435273522017
18077,0.28315774025147017
18078,0.28115478340402444
18079,0.2808161711832249
18080,0.2778462574125131
18081,0.27722719218363634
18082,0.2736843506379858
18083,0.27374906421707823
18084,0.2713270348422569
18085,0.2735349205148227
18086,0.27342935903379967
18087,0.27718909117811774
18088,0.2781876558610946
18089,0.2815060980667314
18090,0.282217352321929
18091,0.28430627407906817
18092,0.2845044962638995
18093,0.28563437105833867
18094,0.285570634259669
18095,0.28616623964039434
18096,0.2860404170193869
18097,0.28635342853198215
18098,0.28621040501728295
18099,0.2863438735686462
18100,0.2861720477816391
18101,0.28618833608900907
18102,0.28600282213251155
18103,0.2859790179647395
18104,0.2858070321584325
18105,0.28580446514846575
18106,0.2856469143081298
18107,0.2856828767092439
18108,0.28549801100578215
18109,0.28556782545325815
18110,0.28527699569341003
18111,0.28537041175174294
18112,0.2848328819901038
18113,0.2848839344153364
18114,0.28371592084252706
18115,0.28335133154962644
18116,0.2804327230076055
18117,0.27837649439460654
18118,0.2715022115850429
18119,0.2665716638058619
18120,0.2578396618377802
18121,0.2581606775768828
18122,0.2598888278015422
18123,0.27010142619348826
18124,0.2763076604555478
18125,0.2831724174645647
18126,0.2856420801366408
18127,0.28718163895084714
18128,0.28706862533468464
18129,0.28541607789042533
18130,0.2841013083108437
18131,0.2808630726257358
18132,0.2798268661650379
18133,0.2770390128769003
18134,0.2779820201011442
18135,0.27725900508826884
18136,0.28001080528312017
18137,0.2806290357789344
18138,0.28329481043955096
18139,0.2838306497593672
18140,0.2853609975222424
18141,0.28552481088177256
18142,0.28606754664941475
18143,0.2860748118473068
18144,0.2860060440729402
18145,0.28598975788659037
18146,0.28540109903481914
18147,0.28534740121967833
18148,0.28419085099084174
18149,0.28404292870267406
18150,0.28227324680561616
18151,0.2820081459311633
18152,0.2794125526592865
18153,0.2788936310279221
18154,0.2753440099978672
18155,0.2748290218018287
18156,0.27135735195801214
18157,0.27241448679739555
18158,0.271126811046671
18159,0.2746242698115815
18160,0.2754290628312474
18161,0.27939621469209214
18162,0.28036010269728723
18163,0.2831239194118901
18164,0.2834759946699276
18165,0.2850416617356295
18166,0.28500769206615834
18167,0.2858646571512731
18168,0.2857369788375033
18169,0.286239656841371
18170,0.2860783602196309
18171,0.28636959077174695
18172,0.2861606346834819
18173,0.2862956671571893
18174,0.2860422201806455
18175,0.28610832138190295
18176,0.285806088322446
18177,0.2858874964594334
18178,0.2855268545424232
18179,0.28564691599081254
18180,0.28511833489698235
18181,0.2852210581952529
18182,0.28421831603818404
18183,0.28409410003208546
18184,0.28198530811750444
18185,0.28103188360868225
18186,0.27655606194727156
18187,0.2738024523492535
18188,0.26653537420935935
18189,0.26418128850294914
18190,0.2604037591972553
18191,0.2655780217912961
18192,0.2692608625099196
18193,0.2772087758076613
18194,0.2808400637675518
18195,0.28499503403262366
18196,0.2861867658823131
18197,0.2870557383868873
18198,0.2869529912484555
18199,0.2859985491669569
18200,0.2854513533205193
18201,0.2835022237615199
18202,0.28299442731288804
18203,0.28056181674178315
18204,0.2805080082175708
18205,0.2783367722677143
18206,0.2792782605907819
18207,0.2781342189379697
18208,0.2800956949980662
18209,0.27986707572255565
18210,0.282040733595677
18211,0.28206828994140964
18212,0.2837890033169645
18213,0.2836716360285242
18214,0.2848218902122814
18215,0.28446882819830577
18216,0.2851692736957489
18217,0.28463760978623015
18218,0.2851137181371829
18219,0.284439114372808
18220,0.2848459760447929
18221,0.28384275075869936
18222,0.2840564975875707
18223,0.28230002641693974
18224,0.28203512120841767
18225,0.27896777302285547
18226,0.27800104325707364
18227,0.2734980570694915
18228,0.2725457271656087
18229,0.2685525566134166
18230,0.2702366385861475
18231,0.2697308875368004
18232,0.27454520905232654
18233,0.27633671105380875
18234,0.28089621164509226
18235,0.2822893797033724
18236,0.2848876353264519
18237,0.28538632262452923
18238,0.2864229003028218
18239,0.28647638753494187
18240,0.28664809216475645
18241,0.2866229219017579
18242,0.2862933404549347
18243,0.2862992786730103
18244,0.28552580404311173
18245,0.2855051256470772
18246,0.28421336474049097
18247,0.28409768158240867
18248,0.28216174425405144
18249,0.2819072006613333
18250,0.27922010688883797
18251,0.27888237870106564
18252,0.27566938260200935
18253,0.27576985249054664
18254,0.2730197037144229
18255,0.2745161679508388
18256,0.27333375413092953
18257,0.2763190861615762
18258,0.27646326773883906
18259,0.27972409450235786
18260,0.28012759547299704
18261,0.28265779300992133
18262,0.2827481408688239
18263,0.2843985090992477
18264,0.284176065430383
18265,0.285221707954489
18266,0.28482108616195306
18267,0.28554361713901655
18268,0.2849987907549543
18269,0.2855228627610581
18270,0.2847564748635433
18271,0.28511112497636665
18272,0.2839878063192676
18273,0.2841871441383314
18274,0.28251486576865625
18275,0.2825062185553905
18276,0.28000279363214625
18277,0.2796756666237218
18278,0.2762120715743782
18279,0.27586159931062726
18280,0.27231218426713605
18281,0.27326462546970853
18282,0.2715333476588097
18283,0.2747308901374505
18284,0.2751323616975939
18285,0.2790886891450565
18286,0.27999209763138305
18287,0.28297577445865557
18288,0.28340850628658454
18289,0.28515230713650297
18290,0.28516462436207884
18291,0.28609088407691796
18292,0.2859461013646578
18293,0.28644524869019533
18294,0.286260244486814
18295,0.2865153007647982
18296,0.28629020466754157
18297,0.2863803018696306
18298,0.2861162888534815
18299,0.2861376394015497
18300,0.2858617294182043
18301,0.285909623510162
18302,0.285612608912835
18303,0.2857189940335396
18304,0.28530618249294115
18305,0.285444023924734
18306,0.2846928232269395
18307,0.28474602573315755
18308,0.28312408736862965
18309,0.28260456406574935
18310,0.27874724908606363
18311,0.27623413479352615
18312,0.2682008175494538
18313,0.26375468998187634
18314,0.25671099644024903
18315,0.2604095205092122
18316,0.26436766107026
18317,0.2746549305938945
18318,0.2800254649516143
18319,0.28530547713858306
18320,0.2868996593048873
18321,0.2873709351286075
18322,0.28668470491287684
18323,0.28433793042020256
18324,0.2829021737612671
18325,0.27952143866484297
18326,0.2790540687028575
18327,0.2769230526152401
18328,0.27863114136641376
18329,0.27856237416311086
18330,0.28144517332595376
18331,0.28204181128641603
18332,0.28434507682753346
18333,0.28463014791193786
18334,0.28579283875617917
18335,0.2858875984361729
18336,0.28615986499729745
18337,0.2862032422376593
18338,0.28588830065392234
18339,0.2858446532832332
18340,0.28493215884833173
18341,0.28487429921290713
18342,0.28322386353752466
18343,0.2830920934959484
18344,0.28035761543415827
18345,0.27970998477890313
18346,0.27530754064129764
18347,0.27404712594041836
18348,0.2689276620755073
18349,0.26940476185951906
18350,0.2675363325729423
18351,0.2722389309070431
18352,0.2740771792145739
18353,0.27952305831144203
18354,0.2814220358559231
18355,0.2845992043271938
18356,0.285291336268115
18357,0.2865086562334359
18358,0.2865376261340516
18359,0.28666192481552827
18360,0.2866283973743278
18361,0.28610507734547613
18362,0.2861113597335713
18363,0.28507052974883046
18364,0.28496978335072065
18365,0.2833629444295469
18366,0.2831812858550321
18367,0.280999391651909
18368,0.28092022111128145
18369,0.278372367004744
18370,0.2786398132002896
18371,0.27616263918765205
18372,0.27711452159735045
18373,0.2752306986615941
18374,0.2770990390239725
18375,0.27607951636909633
18376,0.27860038103613133
18377,0.2781992389688618
18378,0.280720208581096
18379,0.2804391009657788
18380,0.28248760774406717
18381,0.28201060135431294
18382,0.28353875039392556
18383,0.28282594942786177
18384,0.2839892412745637
18385,0.2830879479005011
18386,0.2840100550125948
18387,0.2828708966362741
18388,0.28360473999669455
18389,0.28210778747700366
18390,0.28270033798661104
18391,0.2807949005628422
18392,0.2813399644833556
18393,0.2791112773591578
18394,0.2797817464551464
18395,0.2774803742640243
18396,0.2785506619102695
18397,0.2765982693648581
18398,0.27831027861024266
18399,0.27705383909329606
18400,0.27931243826737584
18401,0.2786938353057909
18402,0.28104624885818635
18403,0.2806983085082917
18404,0.28272264197038005
18405,0.2823318467553747
18406,0.2838876764027785
18407,0.283348329368652
18408,0.2845030593554292
18409,0.2838115389045677
18410,0.2846850588918035
18411,0.2837999593793708
18412,0.28447707126781246
18413,0.28328974208053964
18414,0.28380672674398244
18415,0.28218164760517495
18416,0.28254736833120253
18417,0.2803494562192853
18418,0.2805893012536569
18419,0.27780073628485336
18420,0.2781241914443177
18421,0.27519110659861107
18422,0.27621507575144183
18423,0.27413286788004565
18424,0.2764395710416334
18425,0.2757667578162281
18426,0.278889934967727
18427,0.27903942495927775
18428,0.28188956272977644
18429,0.28205224961150166
18430,0.2840990651494266
18431,0.28399603016264574
18432,0.28532305047862694
18433,0.2850320062809271
18434,0.28588272511265805
18435,0.28549658113625
18436,0.2860575208556951
18437,0.28556458214674957
18438,0.28596032574860414
18439,0.285296361769468
18440,0.28561545516419085
18441,0.28468817949707403
18442,0.28495481816510243
18443,0.2835326682358382
18444,0.28362433255638003
18445,0.2811723256204407
18446,0.2807195550338231
18447,0.27647280618475123
18448,0.2751876014411885
18449,0.26958006039236604
18450,0.26931567463767125
18451,0.26636844965154793
18452,0.27062589258981223
18453,0.27232121978063945
18454,0.27828375126081767
18455,0.28075932158823147
18456,0.2843776512575304
18457,0.28549278130643235
18458,0.2868029554525209
18459,0.2868289151095433
18460,0.28686422956131447
18461,0.2866229019862077
18462,0.2858368013117093
18463,0.28570542371349833
18464,0.284153480833767
18465,0.28405588255196185
18466,0.2819147294383622
18467,0.28185076756143207
18468,0.27950161208359015
18469,0.27988387029770173
18470,0.27774748984280634
18471,0.2789214509361039
18472,0.27717064731224433
18473,0.27900466057367806
18474,0.27763987735187273
18475,0.2797384446530126
18476,0.27867881889984686
18477,0.28070527358192365
18478,0.2798305224333461
18479,0.2816623861917175
18480,0.2807484215666481
18481,0.28234094983765273
18482,0.28122258088022445
18483,0.2825930400709045
18484,0.28132762085449914
18485,0.2825359529869444
18486,0.2812143606843388
18487,0.28232310808455713
18488,0.28090994907882005
18489,0.28197776260102325
18490,0.2804084545083048
18491,0.2815244955287204
18492,0.27988746789348645
18493,0.2811463202834546
18494,0.27960198403644043
18495,0.2810098773542947
18496,0.2796285218027385
18497,0.2811313849324456
18498,0.2798826660566499
18499,0.2814325784883542
18500,0.2802557293744067
18501,0.2818091093686289
18502,0.2806561184271757
18503,0.28214670604925407
18504,0.2809713182399076
18505,0.2823365470451691
18506,0.2810822376424966
18507,0.2823148849681727
18508,0.28093301751345967
18509,0.2820898837181941
18510,0.28056975661835226
18511,0.28172414265122137
18512,0.28009431798374723
18513,0.2812990218861188
18514,0.2796320614040205
18515,0.280938268601216
18516,0.2793441450269766
18517,0.2808004063854464
18518,0.27937427218696
18519,0.2809775335269431
18520,0.27973912024575975
18521,0.2814104834377917
18522,0.2803111107169631
18523,0.2819491319450642
18524,0.28092110626223116
18525,0.2824530303116407
18526,0.2814236672675936
18527,0.28281281474572584
18528,0.28170607303952394
18529,0.28294872085955
18530,0.2816955989204406
18531,0.28281515525388445
18532,0.2813655791007488
18533,0.28240383483189613
18534,0.2807327182757305
18535,0.28174424409220966
18536,0.27987101549481597
18537,0.28093770335042473
18538,0.27896867439591144
18539,0.2802127405807932
18540,0.2783563953842155
18541,0.2798977500713746
18542,0.27837715434795984
18543,0.2802179809179251
18544,0.27911229720997427
18545,0.28107947630924246
18546,0.2802782006955343
18547,0.28214218948930797
18548,0.2814545872773652
18549,0.28308173024643946
18550,0.282349909558393
18551,0.2837253445892167
18552,0.2828548345508253
18553,0.28401731952945136
18554,0.2829500508138068
18555,0.2839397428385153
18556,0.2826087350656609
18557,0.28345453289395983
18558,0.2817545417181483
18559,0.2824833682515158
18560,0.280297468249507
18561,0.28096596676857777
18562,0.2783065590175794
18563,0.27910683850144763
18564,0.2763722783129837
18565,0.2777358401394733
18566,0.2757049756093223
18567,0.27794925397290476
18568,0.27707769442974034
18569,0.27975573000955656
18570,0.27970533839875095
18571,0.2820213955496742
18572,0.2821941335926818
18573,0.2838823680448743
18574,0.28386163587645685
18575,0.28509785932225434
18576,0.28470746761948534
18577,0.28571568352028975
18578,0.28502773789666064
18579,0.2859082290441701
18580,0.2850563530587836
18581,0.28576173937804855
18582,0.2847302423899706
18583,0.28521727032259614
18584,0.2837739876313381
18585,0.2840573246851037
18586,0.2816145465065567
18587,0.2814871839628652
18588,0.27708221474572603
18589,0.27609433622636564
18590,0.27000183245292675
18591,0.26980620442860137
18592,0.2667836229052849
18593,0.27142144162434967
18594,0.27310288534362964
18595,0.2774540562235436
18596,0.27961068823749824
18597,0.28012274106983964
18598,0.282835761666083
18599,0.28345645098610567
18600,0.28548415925411835
18601,0.2860105333209918
18602,0.2849075323880432
18603,0.2857069252302959
18604,0.2844342788475246
18605,0.286304196546039
18606,0.2861169496760165
18607,0.2863558929075351
18608,0.28628316487291555
18609,0.2848732566276665
18610,0.285754344474077
18611,0.2846931964220437
18612,0.2856703074158732
18613,0.2841387172086454
18614,0.2838679061041144
18615,0.28049727827417736
18616,0.27891445584204977
18617,0.27086844879826144
18618,0.26596351723101774
18619,0.2569961483095712
18620,0.25888237613348397
18621,0.2648350178539122
18622,0.27531593648551467
18623,0.27842707776639425
18624,0.2768366178064475
18625,0.2806913421724117
18626,0.2828182869901418
18627,0.2843659309560341
18628,0.28301091673513584
18629,0.28011025912768434
18630,0.2835125251194914
18631,0.28455162505180204
18632,0.2835282564970557
18633,0.28392089672264026
18634,0.2833258848989037
18635,0.28427400788185303
18636,0.28283274945459874
18637,0.2792945297392706
18638,0.2801092072224484
18639,0.2790409027044907
18640,0.2788166814428675
18641,0.2782918588780163
18642,0.2788769662008744
18643,0.28022724460496706
18644,0.28159332376677765
18645,0.27940254875824355
18646,0.28113287858137737
18647,0.2802196593961065
18648,0.2828937545214747
18649,0.28198732678875765
18650,0.2827653740600307
18651,0.282393880301322
18652,0.2833347675190376
18653,0.28107002967636097
18654,0.2814363880538869
18655,0.27802051615561735
18656,0.2790320758217297
18657,0.2755049224525762
18658,0.27614349610264344
18659,0.27334559299458755
18660,0.2759298077432461
18661,0.27577796592280923
18662,0.2798997000493927
18663,0.28081384197481507
18664,0.28441492939473306
18665,0.2850050665349248
18666,0.2864492207599662
18667,0.2866694552368234
18668,0.28655696823247384
18669,0.286781604520225
18670,0.28599450677473265
18671,0.28585904832880227
18672,0.28487024490511414
18673,0.2846721222531249
18674,0.2832953683341707
18675,0.2832806252591181
18676,0.28125822093130076
18677,0.2816657015188764
18678,0.2792573349092734
18679,0.28002662840960807
18680,0.27771798255287383
18681,0.2789049502411286
18682,0.27688134205909193
18683,0.27844729706054305
18684,0.2767787975447528
18685,0.27893807778108165
18686,0.2778489731229717
18687,0.28042125555626035
18688,0.279761193572067
18689,0.2821853668275697
18690,0.28173246466652
18691,0.28357850146645347
18692,0.2830969003418565
18693,0.284457968321268
18694,0.28391212199471233
18695,0.2850469391087909
18696,0.2842660031187312
18697,0.2852391371042205
18698,0.28427304161606015
18699,0.2851126636097255
18700,0.2839299921639521
18701,0.2845751401938243
18702,0.28307980345681544
18703,0.28360879187528537
18704,0.28148465752308177
18705,0.2818621049396831
18706,0.2787592935954822
18707,0.2789923906019014
18708,0.2750797399225313
18709,0.2757054566653895
18710,0.2725149693401059
18711,0.27489016556303386
18712,0.2740627982871019
18713,0.27782553423783596
18714,0.27869803610341004
18715,0.2817966246164403
18716,0.28292401673620904
18717,0.2847464180459942
18718,0.2852981597278935
18719,0.2862939463226318
18720,0.28611569726429853
18721,0.2867387488753712
18722,0.2863333782386155
18723,0.2866623765868528
18724,0.28646928156004564
18725,0.2861598725847687
18726,0.28624203944847126
18727,0.28521233123299417
18728,0.28556642687746814
18729,0.2839020707587019
18730,0.28422368250675045
18731,0.28136621098985404
18732,0.2809482580362641
18733,0.27558839355978354
18734,0.2737311517350746
18735,0.2664132803589736
18736,0.2662413111492409
18737,0.2643739378862508
18738,0.2712493650907043
18739,0.27475118467348786
18740,0.2796295352589174
18741,0.28235072894748464
18742,0.28275870592174884
18743,0.2854608399027051
18744,0.285746376967231
18745,0.2865931302520113
18746,0.28654323603474624
18747,0.28503735253155477
18748,0.2858835917041465
18749,0.28529520134066333
18750,0.285803387125821
18751,0.2856697767056308
18752,0.28360549837467874
18753,0.2839157152237495
18754,0.28136326360464076
18755,0.2824883641733472
18756,0.2802133580271982
18757,0.28080241574882325
18758,0.2782204616493465
18759,0.2785461720583626
18760,0.2758857464118566
18761,0.27701425588962164
18762,0.2743145778393588
18763,0.27651338041875434
18764,0.2747398561724195
18765,0.2782877291325654
18766,0.2779351090244432
18767,0.2812292499551829
18768,0.28136202544914957
18769,0.2828032290760942
18770,0.28337263623837006
18771,0.2840363401856289
18772,0.2847013459765227
18773,0.28539334273689865
18774,0.28505338665028207
18775,0.28586771451900117
18776,0.2849085165504089
18777,0.2860685933316303
18778,0.2853922983218095
18779,0.28624662284452096
18780,0.28577036500062175
18781,0.28585433806626354
18782,0.28550206377796367
18783,0.28547056869579335
18784,0.28495811489931494
18785,0.2852531481986199
18786,0.2836202816838937
18787,0.2838377325063491
18788,0.2796432050473887
18789,0.2781857028393755
18790,0.26971065273876926
18791,0.2657179957977048
18792,0.2585933261840564
18793,0.2625854746699558
18794,0.2659122398416635
18795,0.27315201837078906
18796,0.2775161978227214
18797,0.278680661103527
18798,0.28367091612380374
18799,0.2852044624303835
18800,0.28629211786775954
18801,0.2855223920604695
18802,0.2825812321769594
18803,0.28410041981045125
18804,0.2844523740524396
18805,0.2846736408530153
18806,0.28467883173440434
18807,0.2809157379632012
18808,0.28213779459308413
18809,0.28012279143815666
18810,0.2820895956194738
18811,0.28058387847221083
18812,0.2814605310181409
18813,0.28097898549435324
18814,0.28256118509042377
18815,0.28084016587840616
18816,0.28189124813812433
18817,0.2787225675840401
18818,0.28040611692146644
18819,0.27798545197925995
18820,0.27963221365864466
18821,0.2773043564224336
18822,0.27837423659373994
18823,0.2773232740884171
18824,0.27945525301472607
18825,0.279284045054771
18826,0.2819640534289601
18827,0.2815850584586377
18828,0.28416918958361476
18829,0.28394384950792134
18830,0.2856346543419152
18831,0.2856286014010447
18832,0.28608317749872286
18833,0.286341705768581
18834,0.28641065914914976
18835,0.28646245454083513
18836,0.28653649128496156
18837,0.28603498676468897
18838,0.2863341344424169
18839,0.28586561226188617
18840,0.2862849849918519
18841,0.28608159344618794
18842,0.28618764890412335
18843,0.2860875993955611
18844,0.2860044684830224
18845,0.28574429733591067
18846,0.28582737577411893
18847,0.28490306765220447
18848,0.28516496891446097
18849,0.28246700308288647
18850,0.2816160009880823
18851,0.27368339258477115
18852,0.2671955984822585
18853,0.2528191262689694
18854,0.2496136807771999
18855,0.25414981646857965
18856,0.26894286336773404
18857,0.27653482146616976
18858,0.2780847005663694
18859,0.28340672231079755
18860,0.2857652511138243
18861,0.28731027982113666
18862,0.28497335439717364
18863,0.28001062995986575
18864,0.28148486988149807
18865,0.2812739319509106
18866,0.2788551443603903
18867,0.27831946849902767
18868,0.2762846941781599
18869,0.27996423822608657
18870,0.28079891499534576
18871,0.282359134279825
18872,0.2849834690196212
18873,0.2862343946839214
18874,0.28661874635419876
18875,0.28604676031697585
18876,0.28459466558524515
18877,0.2843577350799441
18878,0.2843721815851941
18879,0.28166852674359955
18880,0.2816351719954359
18881,0.2768424930275032
18882,0.2762552760116986
18883,0.2697830401369497
18884,0.26916599635371025
18885,0.2657066422423389
18886,0.27141823334853715
18887,0.2745691315749184
18888,0.2815889279297954
18889,0.2837601010387787
18890,0.28655920958943304
18891,0.2868722906222216
18892,0.28611800198281
18893,0.2858689855308849
18894,0.28386910865433124
18895,0.28364275804337
18896,0.28158259524682117
18897,0.28105075468704943
18898,0.27964602091307705
18899,0.28036537800873756
18900,0.28003873629800063
18901,0.2820065163750108
18902,0.28168530645812956
18903,0.28400976167682085
18904,0.2837212532708458
18905,0.2855170897313351
18906,0.28518787229248777
18907,0.28601938712844477
18908,0.28577519910181676
18909,0.2861331501750393
18910,0.28581788522212837
18911,0.28624303824491837
18912,0.2855738032844338
18913,0.2860590456387622
18914,0.28481167680887537
18915,0.28524909717648084
18916,0.2829061373924136
18917,0.28257213252154295
18918,0.27680535530161804
18919,0.2734720058652273
18920,0.2621319811543236
18921,0.25807351073894136
18922,0.25601487788049504
18923,0.2672269884181803
18924,0.2747718483789164
18925,0.2809053404824833
18926,0.28471449903434665
18927,0.28513665725582826
18928,0.28776968656878477
18929,0.28641084427130453
18930,0.2827015860130834
18931,0.28072609039299357
18932,0.27784814389678614
18933,0.2766398754117929
18934,0.276021964399913
18935,0.27423661623362566
18936,0.2777496201200166
18937,0.27936038726263446
18938,0.28334266520184115
18939,0.2851745178375935
18940,0.28603780165997844
18941,0.28627500286589636
18942,0.28443175467896464
18943,0.28351047849569005
18944,0.28002869400479174
18945,0.27964214048675756
18946,0.27480414131314757
18947,0.2751269531598599
18948,0.27078581740042135
18949,0.2734478350363976
18950,0.2723644188206086
18951,0.27746171514875734
18952,0.27894816470538647
18953,0.2829041857510228
18954,0.2851307485491213
18955,0.2866734898755369
18956,0.2869128430868239
18957,0.28615803310139215
18958,0.2848762017108107
18959,0.2834469761190755
18960,0.28295505040657454
18961,0.2814629397342851
18962,0.28230552159382477
18963,0.28113464651782727
18964,0.2826597258935807
18965,0.2821107423004428
18966,0.2835906260551633
18967,0.2836227761306515
18968,0.2849527940443717
18969,0.2849833650796581
18970,0.2860796323707568
18971,0.28561200339457415
18972,0.2864185842893612
18973,0.2857117034283676
18974,0.28629605784905116
18975,0.28562661302169645
18976,0.2859911322512507
18977,0.2851348563991646
18978,0.2854179455250464
18979,0.28356565025117514
18980,0.2835330176379063
18981,0.2790846183060367
18982,0.27740617787975375
18983,0.26860153470009945
18984,0.2650361012716512
18985,0.2587943280660899
18986,0.2645906749871326
18987,0.2693641050605008
18988,0.2778618008614442
18989,0.28258218622684406
18990,0.2840973046819354
18991,0.2872864583120367
18992,0.2868695167748379
18993,0.2856438954603081
18994,0.2835140244101858
18995,0.28047867461014303
18996,0.28026765611660504
18997,0.2803167696729616
18998,0.2792238992120024
18999,0.28083028293717976
19000,0.27975675802449096
19001,0.2830796792836678
19002,0.2835155991879251
19003,0.2855664640085666
19004,0.2862268929878402
19005,0.2862091289416313
19006,0.28667114171203456
19007,0.2853341649966651
19008,0.2850718199350656
19009,0.2827264775400777
19010,0.2825393599897368
19011,0.27851584448820016
19012,0.27788374821475115
19013,0.2711494086960279
19014,0.2702615594850101
19015,0.26604678167372164
19016,0.27090489887547275
19017,0.27301476919689033
19018,0.2793576376439253
19019,0.2826859307808793
19020,0.2846890533057861
19021,0.2868636032840137
19022,0.28661235643779925
19023,0.28584820504384106
19024,0.2845195839198486
19025,0.28268384614604425
19026,0.2818524314851045
19027,0.2814052421353375
19028,0.2798070742254147
19029,0.28067736626056045
19030,0.27949615440475867
19031,0.2819427533381521
19032,0.28214074104043035
19033,0.2844710630050479
19034,0.28501505084059886
19035,0.28624242242309855
19036,0.2863261193708183
19037,0.2866835077533728
19038,0.2863442968346699
19039,0.286388241350484
19040,0.2863122454294477
19041,0.28594003861028083
19042,0.2862010543023041
19043,0.2846190331073958
19044,0.28481132391033226
19045,0.28099487897321684
19046,0.27982295606040064
19047,0.2711025900522441
19048,0.2660789204432913
19049,0.2559067700361774
19050,0.2587146358395053
19051,0.2643982316043785
19052,0.2764678580606075
19053,0.2820451194637422
19054,0.2828127656569583
19055,0.2863698211044767
19056,0.28658045219635725
19057,0.28609171384350895
19058,0.283279835948941
19059,0.2782116783194247
19060,0.2773167313351817
19061,0.2750471479229856
19062,0.2722492302037164
19063,0.273637607957244
19064,0.2750149716611361
19065,0.2807362042012073
19066,0.283682693485119
19067,0.28562495553695516
19068,0.2861299025579289
19069,0.2837542016782476
19070,0.28238598680587196
19071,0.27817675006549586
19072,0.2782182260193844
19073,0.2738568669011641
19074,0.2756808388962915
19075,0.2731882673835424
19076,0.27751835792599466
19077,0.2771839399367837
19078,0.2814371963396654
19079,0.28207239664975453
19080,0.2846413167394668
19081,0.28586206267403164
19082,0.2868248937362512
19083,0.28650092080400125
19084,0.28582441564476746
19085,0.28495241970310997
19086,0.2836900761924433
19087,0.28383838489835567
19088,0.2823849443537302
19089,0.2836855143531409
19090,0.28277327547025616
19091,0.28421091877544413
19092,0.283731266592509
19093,0.28470720637753366
19094,0.28465537279807157
19095,0.28559100173069507
19096,0.2854403732492589
19097,0.28635733822004594
19098,0.28578031295253103
19099,0.2865071371039552
19100,0.28575447106423985
19101,0.2862043467527893
19102,0.28542458405246773
19103,0.28572300179090043
19104,0.2846064709971686
19105,0.2848886573147438
19106,0.28229566725604444
19107,0.28197225593239966
19108,0.2761855791705469
19109,0.27396950851166874
19110,0.2653044472996704
19111,0.2645458095092229
19112,0.2626820683863023
19113,0.2711438659007262
19114,0.2761586350769788
19115,0.28162815494888394
19116,0.28534287312209383
19117,0.2860152852728431
19118,0.2876586135583232
19119,0.2861727328714994
19120,0.2838451871651405
19121,0.28211610835569156
19122,0.2806129325589743
19123,0.2806464612541496
19124,0.2817959114148462
19125,0.2806566269802849
19126,0.2827574208236741
19127,0.2817645853452726
19128,0.28468806003966923
19129,0.2847837167811184
19130,0.28614087923313186
19131,0.2864873783127909
19132,0.28611147114873775
19133,0.2865664275524403
19134,0.2853770015707719
19135,0.2854743206676624
19136,0.2834746890449538
19137,0.28343224001893297
19138,0.27923547499077234
19139,0.277984636744471
19140,0.2694410400471309
19141,0.26659068824667265
19142,0.2614370459589146
19143,0.26772207541454685
19144,0.2720764452477094
19145,0.27924307285264494
19146,0.2827511419496492
19147,0.2833933474751265
19148,0.28670758741911156
19149,0.2867173874694876
19150,0.285522235499677
19151,0.2842592188828179
19152,0.2817011051110955
19153,0.2815279485689946
19154,0.28025546990756817
19155,0.2772627065168037
19156,0.27756956900289964
19157,0.27683706826246973
19158,0.2800107196465925
19159,0.2817936609012216
19160,0.28434103843869313
19161,0.28600444507857997
19162,0.2867863669482046
19163,0.28630332282645804
19164,0.28569088730202913
19165,0.28517696400067044
19166,0.2838419535492107
19167,0.2840502239450108
19168,0.279637669208731
19169,0.27867167286637795
19170,0.2709748609937709
19171,0.2689351119335705
19172,0.2626569095049509
19173,0.2675223343349429
19174,0.2706614093588222
19175,0.2796372399726024
19176,0.28422034605335905
19177,0.28650774532527506
19178,0.28732812087712967
19179,0.28490114128660904
19180,0.2826137962642621
19181,0.2793711387832183
19182,0.2776705683478888
19183,0.2774156848257717
19184,0.27951168014912664
19185,0.2810110862650826
19186,0.2839682432301589
19187,0.2842231879050082
19188,0.2860133112930921
19189,0.2857705592226179
19190,0.28577184867708494
19191,0.2857570215125668
19192,0.28351205699003135
19193,0.28375141630280043
19194,0.28013942600368774
19195,0.2807370012186279
19196,0.27670640747939945
19197,0.2779322931184505
19198,0.27446046282353936
19199,0.27716189092245536
19200,0.2755515340072877
19201,0.2797826599548865
19202,0.28007819311972915
19203,0.28398599041095
19204,0.28477360434237653
19205,0.2863749533307182
19206,0.28683155216441564
19207,0.2865994512327159
19208,0.28663886401186894
19209,0.28572668029931797
19210,0.28546670108148287
19211,0.28447981423304386
19212,0.28438448635651703
19213,0.28334069672678924
19214,0.283779573304308
19215,0.28254914059834385
19216,0.2836148254655022
19217,0.28240648172858274
19218,0.2838873571306964
19219,0.2827227253870536
19220,0.28412188025653035
19221,0.28278109044697447
19222,0.28391461674656926
19223,0.28219131523184215
19224,0.28322222037913913
19225,0.2808234646865728
19226,0.28179120709296357
19227,0.2784645778354003
19228,0.27947985473693443
19229,0.27586976056463813
19230,0.27774616762561793
19231,0.27554345361893384
19232,0.2788706793598642
19233,0.2787056812632123
19234,0.28195223383145407
19235,0.2827772538736011
19236,0.2846222531416435
19237,0.2855238739671552
19238,0.28630689904053297
19239,0.2866569879004493
19240,0.2868334819318106
19241,0.2865046797513278
19242,0.286327719706683
19243,0.285949791506415
19244,0.2853173643742887
19245,0.28538485985087936
19246,0.2837864422201361
19247,0.2843004934611974
19248,0.2813054587395958
19249,0.2818851633397564
19250,0.2772223822518131
19251,0.2773740019367898
19252,0.27181258743237213
19253,0.27302096106401
19254,0.2702861419273779
19255,0.2748274313096149
19256,0.27601689997831347
19257,0.2793695157928622
19258,0.28150766002558125
19259,0.2822177959600535
19260,0.2848406823024996
19261,0.28540624689729444
19262,0.2864527572204357
19263,0.2866015861798238
19264,0.28531960167378007
19265,0.2858184342662831
19266,0.2850607955477039
19267,0.28548388150398446
19268,0.28561088227231035
19269,0.2837895442319527
19270,0.28437864132372825
19271,0.28093761188242766
19272,0.2819523695232948
19273,0.2772179301814292
19274,0.277103022022539
19275,0.2704845002039712
19276,0.27096982229503996
19277,0.26792729645296515
19278,0.2736207970869932
19279,0.2763560652529104
19280,0.28174696348288664
19281,0.28444125414002863
19282,0.28574732090964416
19283,0.2870409220303084
19284,0.28627318360880927
19285,0.2860729101286553
19286,0.28466429059066867
19287,0.283454426671707
19288,0.28217639933129
19289,0.28174015960705096
19290,0.28084672476370093
19291,0.2819478718631729
19292,0.28060514470526055
19293,0.2827138825192603
19294,0.28089016408130757
19295,0.28346847333312514
19296,0.2817333301305877
19297,0.2840598656192482
19298,0.2820251948648024
19299,0.28337425514863324
19300,0.28095086349230936
19301,0.2819218668200541
19302,0.2791781288182945
19303,0.28049467225596325
19304,0.2774356683227571
19305,0.2795103962815377
19306,0.2772852655236827
19307,0.28063619470716883
19308,0.28003587928726287
19309,0.2830806956144593
19310,0.2831850049965672
19311,0.2841412761303918
19312,0.2846468811516601
19313,0.2846662995294214
19314,0.285557527973407
19315,0.2858252699821017
19316,0.2860203850043896
19317,0.28652503289176245
19318,0.28576875192778856
19319,0.2865227297072426
19320,0.2857255405587583
19321,0.28649360971103766
19322,0.2860954190537681
19323,0.28631455965132074
19324,0.2863002512963856
19325,0.2859728846537028
19326,0.2862889293887616
19327,0.2858493799200128
19328,0.2862909839470997
19329,0.28586521637843487
19330,0.2861932002922368
19331,0.2854992451114665
19332,0.2857578190532319
19333,0.2836187509303035
19334,0.28305974542960927
19335,0.27412992645798484
19336,0.2649617010643516
19337,0.24427321727624252
19338,0.23697936152763066
19339,0.2580001981091531
19340,0.2689819652818735
19341,0.2610640590973487
19342,0.2597504526066234
19343,0.2707912902193034
19344,0.2628559047736617
19345,0.2547456703708672
19346,0.26629775877529854
19347,0.27181946327283285
19348,0.2749172402704669
19349,0.28515777890061217
19350,0.285605708833057
19351,0.274691609000032
19352,0.2746943345800083
19353,0.28051059185469657
19354,0.27148666107956315
19355,0.2711688030305496
19356,0.27833561932037654
19357,0.2827476318820148
19358,0.27961275531446234
19359,0.2830984824747839
19360,0.2863506991809694
19361,0.2791741853917702
19362,0.28009116556798785
19363,0.2823006436684256
19364,0.280480542757732
19365,0.2742506892611771
19366,0.27737613614205586
19367,0.2730079904545241
19368,0.2708048171082084
19369,0.2729437753399543
19370,0.2799729426370723
19371,0.27883615376191245
19372,0.2827899217181334
19373,0.2849648958882738
19374,0.2843348034782225
19375,0.28425877677570943
19376,0.2849758217913448
19377,0.28584776351802893
19378,0.2832423223429698
19379,0.2834156526709546
19380,0.2832005304110171
19381,0.28398537305824995
19382,0.2827048577091413
19383,0.28569840616532477
19384,0.2859967276841883
19385,0.2856882169509068
19386,0.28635882863753964
19387,0.28657719050333164
19388,0.2859874812280197
19389,0.2852184190737166
19390,0.2854855890799841
19391,0.28456504911571373
19392,0.28502849401563485
19393,0.2834174023560086
19394,0.2845145925782914
19395,0.28228118628543875
19396,0.28228043973719386
19397,0.27969859941615244
19398,0.2803615180948714
19399,0.2760576962660694
19400,0.2766489761072871
19401,0.2728153544834713
19402,0.27515270428179134
19403,0.27397986727806284
19404,0.2793033262302064
19405,0.28093042945254615
19406,0.2851537054551492
19407,0.28582265574903964
19408,0.28733963788470357
19409,0.287318388047413
19410,0.2862484041753871
19411,0.28617157236323987
19412,0.2843163005901301
19413,0.2843683483146182
19414,0.28271393225314834
19415,0.28373998592634236
19416,0.28282482863116165
19417,0.2843584597600811
19418,0.2837855961643767
19419,0.2853877592633399
19420,0.28505500528921307
19421,0.2860172403900663
19422,0.2859022732707214
19423,0.28632431344625425
19424,0.28612452850084324
19425,0.2863545838272668
19426,0.28621065492878434
19427,0.2862290280446049
19428,0.2861859401734947
19429,0.28599934322464404
19430,0.28617587009914136
19431,0.28574077819200805
19432,0.28609958434943705
19433,0.2852845151595381
19434,0.2856039701787565
19435,0.2834723796889326
19436,0.2832801923318006
19437,0.27700411714327067
19438,0.2731743610619922
19439,0.2592602896572777
19440,0.2545123137122125
19441,0.2530807506924259
19442,0.2680648113217888
19443,0.27823310377061367
19444,0.2845952488592375
19445,0.2882047757857852
19446,0.28665784312142994
19447,0.2826581869748441
19448,0.27549659306921614
19449,0.2697819120084568
19450,0.2698516575907148
19451,0.27453054374039915
19452,0.2778099807805182
19453,0.28395191478780446
19454,0.28502644053703763
19455,0.2856228869497014
19456,0.28456431584819075
19457,0.2798538311012206
19458,0.27943560114485905
19459,0.27473412039248385
19460,0.2770442365714881
19461,0.27459919206511263
19462,0.27930011280094713
19463,0.27929591406212995
19464,0.2838089745882115
19465,0.2838742875239976
19466,0.2863979656675638
19467,0.28631200365169773
19468,0.2865854653946996
19469,0.2866068572966593
19470,0.2859477281496068
19471,0.28583197514263026
19472,0.28445610419362705
19473,0.2846020034845544
19474,0.2829904834582042
19475,0.28373404435529165
19476,0.2821771201510457
19477,0.2836549979686761
19478,0.2822637519887681
19479,0.28380155630291887
19480,0.282519579957538
19481,0.28393178892517135
19482,0.2824521037619705
19483,0.28397922074597376
19484,0.2822310593424294
19485,0.2837259553188203
19486,0.28161608964215235
19487,0.2830630717405797
19488,0.28077234615237906
19489,0.2823247440322298
19490,0.2803088061354855
19491,0.2822347074070794
19492,0.2804891813326863
19493,0.2826937313513662
19494,0.2813591369298283
19495,0.28359734190412267
19496,0.28277784770910835
19497,0.28479478599251196
19498,0.28427988071596966
19499,0.28575012262559346
19500,0.28527552354823515
19501,0.2862737602150246
19502,0.2856936967986792
19503,0.28646121804058106
19504,0.2859014784558786
19505,0.2864968113784027
19506,0.28594688888154535
19507,0.2863968238385092
19508,0.2857065994917611
19509,0.2861204693236841
19510,0.28507750932855064
19511,0.2855902310225772
19512,0.28354100171328755
19513,0.28384454932490016
19514,0.27922067387150584
19515,0.2778694290859282
19516,0.2685183033051319
19517,0.26550702513918506
19518,0.2588943337811422
19519,0.2657950959432508
19520,0.2709597787928452
19521,0.2788165143770492
19522,0.28329043146943617
19523,0.28445937774850183
19524,0.28759741492106683
19525,0.2869533241851588
19526,0.2849759271644892
19527,0.2833362347981377
19528,0.28116624576754334
19529,0.2811928602513171
19530,0.281519261183749
19531,0.2788924641019972
19532,0.28108205955806087
19533,0.280330027097129
19534,0.28398615893071044
19535,0.2846238240451859
19536,0.2860762903300389
19537,0.2868774237282852
19538,0.28658039590779605
19539,0.28665071808044135
19540,0.2852968766111241
19541,0.28503882760097327
19542,0.28288446438895454
19543,0.2830031137632355
19544,0.27718897802078996
19545,0.2753505785620541
19546,0.265653768418255
19547,0.2646695585120175
19548,0.2620722812372803
19549,0.2711791926889453
19550,0.2763843350508796
19551,0.28123229994758414
19552,0.28534387227150476
19553,0.28630672738229523
19554,0.2868164579348888
19555,0.2846922047852371
19556,0.28136486796983834
19557,0.279938753645221
19558,0.2787395269113668
19559,0.2772828071598144
19560,0.2789002692431394
19561,0.27851081569616853
19562,0.28273857129032787
19563,0.2839814614416181
19564,0.28616838664855576
19565,0.2868805323075805
19566,0.28632540731930006
19567,0.2861071111388486
19568,0.2833215764092323
19569,0.2830836301414367
19570,0.2783995249808569
19571,0.2782866407918803
19572,0.27151343912740483
19573,0.27199634225528513
19574,0.2676138371191741
19575,0.27325932477959486
19576,0.2750164616618956
19577,0.2812957180615002
19578,0.28434394048480627
19579,0.2860159083005464
19580,0.28716849005054484
19581,0.2859567576349418
19582,0.2844486372634563
19583,0.2824128072856561
19584,0.28098115180857186
19585,0.28002754135561025
19586,0.28063924965154796
19587,0.27994637717929427
19588,0.28240500751200587
19589,0.2825848628465934
19590,0.2852428921385973
19591,0.2857564313224523
19592,0.28678031701661727
19593,0.2869450747360965
19594,0.2862089626787786
19595,0.286254098746183
19596,0.2842789924836098
19597,0.28453485839564985
19598,0.28111863301024953
19599,0.28122740111381045
19600,0.2750173886189098
19601,0.27435957833213076
19602,0.2672663803723343
19603,0.2698792078404359
19604,0.26957152415074914
19605,0.2774999906950244
19606,0.28106233949390735
19607,0.28416182866321543
19608,0.2865235653972652
19609,0.28636717832677927
19610,0.28676602110307253
19611,0.2850999038301317
19612,0.28282540812919355
19613,0.2816281246247096
19614,0.2805763594695268
19615,0.2797792475382122
19616,0.28077622138732133
19617,0.2798767990769437
19618,0.2828770300811868
19619,0.2831848770108194
19620,0.2858446926726877
19621,0.28627743845226356
19622,0.2867438233884769
19623,0.2869402725378262
19624,0.28565255773142945
19625,0.28579209209372325
19626,0.2831606696822601
19627,0.28330454982014003
19628,0.27831685720150307
19629,0.27764452064326695
19630,0.2692849761223113
19631,0.2687712243901104
19632,0.2647345835366507
19633,0.27235444690295735
19634,0.2762831813995143
19635,0.281800144822464
19636,0.2847467821604519
19637,0.2848444111147944
19638,0.28700327260309305
19639,0.286326757810245
19640,0.2844110733412265
19641,0.2829231734206313
19642,0.28070477016421985
19643,0.28001304052676695
19644,0.27903566865009344
19645,0.2769078670275346
19646,0.27909744408367454
19647,0.27976333627214944
19648,0.28373521241304844
19649,0.2852231969554181
19650,0.28674779819465757
19651,0.28716661184035097
19652,0.28601866846682555
19653,0.28559740909930004
19654,0.28275829607263087
19655,0.2828448357400871
19656,0.27789395021718793
19657,0.27760551551277873
19658,0.26978242528769375
19659,0.2700316026218
19660,0.26651600674339426
19661,0.2738829110464069
19662,0.2771549903708968
19663,0.28233973719587546
19664,0.2853615466361145
19665,0.28571394990795174
19666,0.28672481950627937
19667,0.28510773677455786
19668,0.2826435192885321
19669,0.2807185301546783
19670,0.27919690852923323
19671,0.2787820395580946
19672,0.2795553479744913
19673,0.27913462918059306
19674,0.28239903475927475
19675,0.28314784948364463
19676,0.2860130929591329
19677,0.2866753363779573
19678,0.28651556186732374
19679,0.28656590006355437
19680,0.2842044797035275
19681,0.2842343259215107
19682,0.2805278708257261
19683,0.2811860941176784
19684,0.27631933996769764
19685,0.27740315237333923
19686,0.27245905110422214
19687,0.2755699721194715
19688,0.2741489923297578
19689,0.2800225785919666
19690,0.28155293339169457
19691,0.2847846792851163
19692,0.28621733827076046
19693,0.2863243261085988
19694,0.2867499598875079
19695,0.2855709154829661
19696,0.2847004893602027
19697,0.2833755856849813
19698,0.2827283941080166
19699,0.2821219313875176
19700,0.2827694532106315
19701,0.2821353534150978
19702,0.2839784927479552
19703,0.2835300521114339
19704,0.2856168706071735
19705,0.2855056022550921
19706,0.28661655941976977
19707,0.2865660158884275
19708,0.2866104032999864
19709,0.2867291276630692
19710,0.2860899751367347
19711,0.28636785147710647
19712,0.2850986675234834
19713,0.2854830026945707
19714,0.28278642434128654
19715,0.2828763819230524
19716,0.2762379069880704
19717,0.2737954796794578
19718,0.2625457858228901
19719,0.2617202177374525
19720,0.26224958597969855
19721,0.2737254564100873
19722,0.2793229658548299
19723,0.27983873816561994
19724,0.2829618835641349
19725,0.2845058143631003
19726,0.2866924393058227
19727,0.28595873855592624
19728,0.2832062634401795
19729,0.2851949976330576
19730,0.2856344841944872
19731,0.2836235417276302
19732,0.2815112752536142
19733,0.27889433014956483
19734,0.27982679460418364
19735,0.2793498579664523
19736,0.2800216239580036
19737,0.2827817857006526
19738,0.28503457192039555
19739,0.2850205836348328
19740,0.2857768933881677
19741,0.2840241524946046
19742,0.2861263714001903
19743,0.2862722213735741
19744,0.286148124684667
19745,0.2860478107535488
19746,0.28485570359941675
19747,0.2856496580294799
19748,0.28412990735383475
19749,0.28435679114965157
19750,0.28035158154923884
19751,0.2790067426899743
19752,0.265645664806357
19753,0.2560336600757345
19754,0.2456247141730021
19755,0.25877625882031713
19756,0.2717766702448631
19757,0.2768201094447482
19758,0.280521509079051
19759,0.2834105031949651
19760,0.28490461699442116
19761,0.28490453271222377
19762,0.27785094769528773
19763,0.2757144720598649
19764,0.2717495693671424
19765,0.255610616071648
19766,0.23872250141649345
19767,0.24251135163245924
19768,0.26513862569688434
19769,0.2781502902814486
19770,0.28304912507298013
19771,0.27066102978735107
19772,0.23014070172139628
19773,0.2505197995570492
19774,0.2592653105465493
19775,0.2741724610545702
19776,0.28270397959991145
19777,0.28464509159737955
19778,0.275355381779832
19779,0.26769367264495547
19780,0.27273963233727816
19781,0.2750588981734181
19782,0.2800403764292469
19783,0.28403532434066797
19784,0.28543306996975903
19785,0.2812394801866446
19786,0.2742154503353377
19787,0.2756775661994452
19788,0.27764489267502235
19789,0.28291585715523243
19790,0.28503213013823187
19791,0.2864119372756353
19792,0.2845683538033813
19793,0.27980852720742877
19794,0.28184315641463537
19795,0.28342408148680026
19796,0.28644902133038
19797,0.28752020915084614
19798,0.2870998095414854
19799,0.2856307897167219
19800,0.28233348835778044
19801,0.283692702580884
19802,0.28334585345662916
19803,0.28530187553896025
19804,0.28532933300412444
19805,0.28642922163702594
19806,0.28613178300156444
19807,0.28456441239538066
19808,0.28536078827203537
19809,0.28391615221503874
19810,0.28475413463487337
19811,0.2832116409484057
19812,0.28462909624968563
19813,0.28229132612464475
19814,0.2839105910183125
19815,0.2820888072180389
19816,0.284238158569353
19817,0.28208109967701644
19818,0.2842215241808776
19819,0.2824901268493975
19820,0.2845807814214331
19821,0.2838870339253712
19822,0.28622740280982034
19823,0.2857845515185041
19824,0.28677293533965037
19825,0.28667208505244846
19826,0.28633373109142585
19827,0.28646714201967194
19828,0.28578873549949474
19829,0.2863152260311357
19830,0.2852333893468505
19831,0.2860194930010164
19832,0.28508133551282805
19833,0.2859703654487427
19834,0.28523925684214846
19835,0.2863514418049312
19836,0.2857656165644779
19837,0.2863841344477255
19838,0.2859431699575814
19839,0.28632279496370017
19840,0.28592426246402747
19841,0.2864531855253888
19842,0.28612499781801887
19843,0.28647825613507105
19844,0.2859641477259734
19845,0.2863398403845716
19846,0.2855854266150291
19847,0.286175883178472
19848,0.28490799281059687
19849,0.28557688505283213
19850,0.28231539294656066
19851,0.28219356220032665
19852,0.2742812363730255
19853,0.2712930373955489
19854,0.26090635070008666
19855,0.26437678393644387
19856,0.2685966909906326
19857,0.28053511772203615
19858,0.2857835130892218
19859,0.2858952393842061
19860,0.2867915261715583
19861,0.283845579282455
19862,0.27902418671779844
19863,0.27461342099548575
19864,0.27289244587510536
19865,0.2754486722380549
19866,0.27915395460469955
19867,0.2806856259407424
19868,0.28463620962177844
19869,0.2849791869131864
19870,0.28402823901473173
19871,0.283329014627278
19872,0.27972987782403236
19873,0.28168756522838934
19874,0.28050873529049497
19875,0.28393087421352886
19876,0.2843973280263117
19877,0.28699024231826975
19878,0.28665348044408295
19879,0.28696222204266275
19880,0.28648599462010216
19881,0.28552746983498273
19882,0.28571236322210575
19883,0.2833574812034151
19884,0.2839794371391179
19885,0.27968559361260015
19886,0.27989925710687985
19887,0.2736654911362474
19888,0.27494780723151613
19889,0.2708603436062089
19890,0.2766748309172017
19891,0.2782173435455801
19892,0.2846190132908276
19893,0.2866541679367847
19894,0.28708178491362757
19895,0.2872466804157842
19896,0.28495449090444375
19897,0.2839963093796105
19898,0.2819707207581513
19899,0.28166806734289823
19900,0.28222051577193324
19901,0.28384891243390525
19902,0.2842697127101012
19903,0.2856841176804355
19904,0.28524461035455584
19905,0.28590677939821196
19906,0.28586693651775164
19907,0.28486898300475044
19908,0.285391876871698
19909,0.2838011511782866
19910,0.2848621077907064
19911,0.2834458915717308
19912,0.2847142000287908
19913,0.28363696092388707
19914,0.2851198851934431
19915,0.28373095136662824
19916,0.2852081784701291
19917,0.2831399668935725
19918,0.28463389092775404
19919,0.2820431487819426
19920,0.28333807060954974
19921,0.28001865238137746
19922,0.2814059956291809
19923,0.2777950727492758
19924,0.2801449994169423
19925,0.27772945096846796
19926,0.28156158633439476
19927,0.281212770072448
19928,0.2848305788604473
19929,0.2853646681822575
19930,0.2866441388799533
19931,0.28716171459008966
19932,0.28676146560401816
19933,0.28683738396007274
19934,0.28582858009378836
19935,0.28548875752172587
19936,0.28456967787801674
19937,0.2846780016411772
19938,0.28380144061627915
19939,0.2846471312173101
19940,0.28343031377574573
19941,0.2849102265478142
19942,0.2836784465601577
19943,0.2854342466540166
19944,0.2842881834259967
19945,0.2856700919668532
19946,0.28432138173291877
19947,0.28533425055668926
19948,0.283479721915044
19949,0.2844938991601616
19950,0.28136345683470276
19951,0.2822170512295473
19952,0.27700070621686534
19953,0.2776374378461841
19954,0.27206364624512835
19955,0.2750525459973981
19956,0.27372898115390637
19957,0.2788303871102744
19958,0.2804516031032543
19959,0.28179029652091847
19960,0.283941025162651
19961,0.2843785883171114
19962,0.28643053067889307
19963,0.28674302232985466
19964,0.28585315840367104
19965,0.2860490576981155
19966,0.28490699897293265
19967,0.28547723610963416
19968,0.2853916155364257
19969,0.28368957626733765
19970,0.28461590831460887
19971,0.28195936395728616
19972,0.28406568392370274
19973,0.28146966596373396
19974,0.28298678175882525
19975,0.27936762410837196
19976,0.280424583663629
19977,0.2766518162327964
19978,0.278805976778705
19979,0.2758583361396347
19980,0.27941940507948115
19981,0.27817427145550927
19982,0.2827342025465024
19983,0.2830068281014724
19984,0.28539236465154405
19985,0.2859193699231529
19986,0.2855908567518197
19987,0.28647384734400544
19988,0.2860625820950116
19989,0.2865333959596178
19990,0.28641893352579156
19991,0.2858328294260766
19992,0.2859173556178796
19993,0.2853325745446952
19994,0.2851633093627245
19995,0.2852445531962557
19996,0.2839042146035374
19997,0.2848115357520057
19998,0.2822405317260662
19999,0.2795941796263619
20000,2.919317049313737e-06
20001,6.192329252232298e-07
20002,3.304257714619887e-08
20003,3.7488366760299753e-10
20004,7.559693578709426e-13
20005,2.326920364262341e-16
20006,7.946598169052454e-21
20007,1.2592575009685545e-26
20008,1.5499428803307318e-34
20009,9.507891967597474e-46
20010,1.0522469954862667e-61
20011,6.359523384590184e-84
20012,1.0452901068573425e-113
20013,3.0618234751144054e-151
20014,5.0447654110271096e-195
20015,6.133980997812457e-242
20016,8.994764412720785e-288
20017,0.0
20018,0.0
20019,0.0
20020,0.0
20021,0.0
20022,0.0
20023,0.0
20024,0.0
20025,0.0
20026,0.0
20027,0.0
20028,0.0
20029,0.0
20030,0.0
20031,0.0
20032,0.0
20033,0.0
20034,0.0
20035,0.0
20036,0.0
20037,0.0
20038,0.0
20039,0.0
20040,0.0
20041,0.0
20042,0.0
20043,0.0
20044,0.0
20045,0.0
20046,0.0
20047,0.0
20048,0.0
20049,0.0
20050,0.0
20051,0.0
20052,0.0
20053,0.0
20054,0.0
20055,0.0
20056,0.0
20057,0.0
20058,0.0
20059,0.0
20060,0.0
20061,0.0
20062,0.0
20063,0.0
20064,0.0
20065,0.0
20066,0.0
20067,0.0
20068,0.0
20069,0.0
20070,0.0
20071,0.0
20072,0.0
20073,0.0
20074,0.0
20075,0.0
20076,0.0
20077,0.0
20078,0.0
20079,0.0
20080,0.0
20081,0.0
20082,0.0
20083,0.0
20084,0.0
20085,0.0
20086,0.0
20087,0.0
20088,0.0
20089,0.0
20090,0.0
20091,0.0
20092,0.0
20093,0.0
20094,0.0
20095,0.0
20096,0.0
20097,0.0
20098,0.0
20099,0.0
20100,0.0
20101,0.0
20102,0.0
20103,0.0
20104,0.0
20105,0.0
20106,0.0
20107,0.0
20108,0.0
20109,0.0
20110,0.0
20111,0.0
20112,0.0
20113,0.0
20114,0.0
20115,0.0
20116,0.0
20117,0.0
20118,0.0
20119,0.0
20120,0.0
20121,0.0
20122,0.0
20123,0.0
20124,0.0
20125,0.0
20126,0.0
20127,0.0
20128,0.0
20129,0.0
20130,0.0
20131,0.0
20132,0.0
20133,0.0
20134,0.0
20135,0.0
20136,0.0
20137,0.0
20138,0.0
20139,0.0
20140,0.0
20141,0.0
20142,0.0
20143,0.0
20144,0.0
20145,0.0
20146,0.0
20147,0.0
20148,0.0
20149,0.0
20150,0.0
20151,0.0
20152,0.0
20153,0.0
20154,0.0
20155,0.0
20156,0.0
20157,0.0
20158,0.0
20159,0.0
20160,0.0
20161,0.0
20162,0.0
20163,0.0
20164,0.0
20165,0.0
20166,0.0
20167,0.0
20168,0.0
20169,0.0
20170,0.0
20171,0.0
20172,0.0
20173,0.0
20174,0.0
20175,0.0
20176,0.0
20177,0.0
20178,0.0
20179,0.0
20180,0.0
20181,0.0
20182,0.0
20183,0.0
20184,0.0
20185,0.0
20186,0.0
20187,0.0
20188,0.0
20189,0.0
20190,0.0
20191,0.0
20192,0.0
20193,0.0
20194,0.0
20195,0.0
20196,0.0
20197,0.0
20198,0.0
20199,0.0
20200,0.0
20201,0.0
20202,0.0
20203,0.0
20204,0.0
20205,0.0
20206,0.0
20207,0.0
20208,0.0
20209,0.0
20210,0.0
20211,0.0
20212,0.0
20213,0.0
20214,0.0
20215,0.0
20216,0.0
20217,0.0
20218,0.0
20219,0.0
20220,0.0
20221,0.0
20222,0.0
20223,0.0
20224,0.0
20225,0.0
20226,0.0
20227,0.0
20228,0.0
20229,0.0
20230,0.0
20231,0.0
20232,0.0
20233,0.0
20234,0.0
20235,0.0
20236,0.0
20237,0.0
20238,0.0
20239,0.0
20240,0.0
20241,0.0
20242,0.0
20243,0.0
20244,0.0
20245,0.0
20246,0.0
20247,0.0
20248,0.0
20249,0.0
20250,0.0
20251,0.0
20252,0.0
20253,0.0
20254,0.0
20255,0.0
20256,0.0
20257,0.0
20258,0.0
20259,0.0
20260,0.0
20261,0.0
20262,0.0
20263,0.0
20264,0.0
20265,0.0
20266,0.0
20267,0.0
20268,0.0
20269,0.0
20270,0.0
20271,0.0
20272,0.0
20273,0.0
20274,0.0
20275,0.0
20276,0.0
20277,0.0
20278,0.0
20279,0.0
20280,0.0
20281,0.0
20282,0.0
20283,0.0
20284,0.0
20285,0.0
20286,0.0
20287,0.0
20288,0.0
20289,0.0
20290,0.0
20291,0.0
20292,0.0
20293,0.0
20294,0.0
20295,0.0
20296,0.0
20297,0.0
20298,0.0
20299,0.0
20300,0.0
20301,0.0
20302,0.0
20303,0.0
20304,0.0
20305,0.0
20306,0.0
20307,0.0
20308,0.0
20309,0.0
20310,0.0
20311,0.0
20312,0.0
20313,0.0
20314,0.0
20315,0.0
20316,0.0
20317,0.0
20318,0.0
20319,0.0
20320,0.0
20321,0.0
20322,0.0
20323,0.0
20324,0.0
20325,0.0
20326,0.0
20327,0.0
20328,0.0
20329,0.0
20330,0.0
20331,0.0
20332,0.0
20333,0.0
20334,0.0
20335,0.0
20336,0.0
20337,0.0
20338,0.0
20339,0.0
20340,0.0
20341,0.0
20342,0.0
20343,0.0
20344,0.0
20345,0.0
20346,0.0
20347,0.0
20348,0.0
20349,0.0
20350,0.0
20351,0.0
20352,0.0
20353,0.0
20354,0.0
20355,0.0
20356,0.0
20357,0.0
20358,0.0
20359,0.0
20360,0.0
20361,0.0
20362,0.0
20363,0.0
20364,0.0
20365,0.0
20366,0.0
20367,0.0
20368,0.0
20369,0.0
20370,0.0
20371,0.0
20372,0.0
20373,0.0
20374,0.0
20375,0.0
20376,0.0
20377,0.0
20378,0.0
20379,0.0
20380,0.0
20381,0.0
20382,0.0
20383,0.0
20384,0.0
20385,0.0
20386,0.0
20387,0.0
20388,0.0
20389,0.0
20390,0.0
20391,0.0
20392,0.0
20393,0.0
20394,0.0
20395,0.0
20396,0.0
20397,0.0
20398,0.0
20399,0.0
20400,0.0
20401,0.0
20402,0.0
20403,0.0
20404,0.0
20405,0.0
20406,0.0
20407,0.0
20408,0.0
20409,0.0
20410,0.0
20411,0.0
20412,0.0
20413,0.0
20414,0.0
20415,0.0
20416,0.0
20417,0.0
20418,0.0
20419,0.0
20420,0.0
20421,0.0
20422,0.0
20423,0.0
20424,0.0
20425,0.0
20426,0.0
20427,0.0
20428,0.0
20429,0.0
20430,0.0
20431,0.0
20432,0.0
20433,0.0
20434,0.0
20435,0.0
20436,0.0
20437,0.0
20438,0.0
20439,0.0
20440,0.0
20441,0.0
20442,0.0
20443,0.0
20444,0.0
20445,0.0
20446,0.0
20447,0.0
20448,0.0
20449,0.0
20450,0.0
20451,0.0
20452,0.0
20453,0.0
20454,0.0
20455,0.0
20456,0.0
20457,0.0
20458,0.0
20459,0.0
20460,0.0
20461,0.0
20462,0.0
20463,0.0
20464,0.0
20465,0.0
20466,0.0
20467,0.0
20468,0.0
20469,0.0
20470,0.0
20471,0.0
20472,0.0
20473,0.0
20474,0.0
20475,0.0
20476,0.0
20477,0.0
20478,0.0
20479,0.0
20480,0.0
20481,0.0
20482,0.0
20483,0.0
20484,0.0
20485,0.0
20486,0.0
20487,0.0
20488,0.0
20489,0.0
20490,0.0
20491,0.0
20492,0.0
20493,0.0
20494,0.0
20495,0.0
20496,0.0
20497,0.0
20498,0.0
20499,0.0
20500,0.0
20501,0.0
20502,0.0
20503,0.0
20504,0.0
20505,0.0
20506,0.0
20507,0.0
20508,0.0
20509,0.0
20510,0.0
20511,0.0
20512,0.0
20513,0.0
20514,0.0
20515,0.0
20516,0.0
20517,0.0
20518,0.0
20519,0.0
20520,0.0
20521,0.0
20522,0.0
20523,0.0
20524,0.0
20525,0.0
20526,0.0
20527,0.0
20528,0.0
20529,0.0
20530,0.0
20531,0.0
20532,0.0
20533,0.0
20534,0.0
20535,0.0
20536,0.0
20537,0.0
20538,0.0
20539,0.0
20540,0.0
20541,0.0
20542,0.0
20543,0.0
20544,0.0
20545,0.0
20546,0.0
20547,0.0
20548,0.0
20549,0.0
20550,0.0
20551,0.0
20552,0.0
20553,0.0
20554,0.0
20555,0.0
20556,0.0
20557,0.0
20558,0.0
20559,0.0
20560,0.0
20561,0.0
20562,0.0
20563,0.0
20564,0.0
20565,0.0
20566,0.0
20567,0.0
20568,0.0
20569,0.0
20570,0.0
20571,0.0
20572,0.0
20573,0.0
20574,0.0
20575,0.0
20576,0.0
20577,0.0
20578,0.0
20579,0.0
20580,0.0
20581,0.0
20582,0.0
20583,0.0
20584,0.0
20585,0.0
20586,0.0
20587,0.0
20588,0.0
20589,0.0
20590,0.0
20591,0.0
20592,0.0
20593,0.0
20594,0.0
20595,0.0
20596,0.0
20597,0.0
20598,0.0
20599,0.0
20600,0.0
20601,0.0
20602,0.0
20603,0.0
20604,0.0
20605,0.0
20606,0.0
20607,0.0
20608,0.0
20609,0.0
20610,0.0
20611,0.0
20612,0.0
20613,0.0
20614,0.0
20615,0.0
20616,0.0
20617,0.0
20618,0.0
20619,0.0
20620,0.0
20621,0.0
20622,0.0
20623,0.0
20624,0.0
20625,0.0
20626,0.0
20627,0.0
20628,0.0
20629,0.0
20630,0.0
20631,0.0
20632,0.0
20633,0.0
20634,0.0
20635,0.0
20636,0.0
20637,0.0
20638,0.0
20639,0.0
20640,0.0
20641,0.0
20642,0.0
20643,0.0
20644,0.0
20645,0.0
20646,0.0
20647,0.0
20648,0.0
20649,0.0
20650,0.0
20651,0.0
20652,0.0
20653,0.0
20654,0.0
20655,0.0
20656,0.0
20657,0.0
20658,0.0
20659,0.0
20660,0.0
20661,0.0
20662,0.0
20663,0.0
20664,0.0
20665,0.0
20666,0.0
20667,0.0
20668,0.0
20669,0.0
20670,0.0
20671,0.0
20672,0.0
20673,0.0
20674,0.0
20675,0.0
20676,0.0
20677,0.0
20678,0.0
20679,0.0
20680,0.0
20681,0.0
20682,0.0
20683,0.0
20684,0.0
20685,0.0
20686,0.0
20687,0.0
20688,0.0
20689,0.0
20690,0.0
20691,0.0
20692,0.0
20693,0.0
20694,0.0
20695,0.0
20696,0.0
20697,0.0
20698,0.0
20699,0.0
20700,0.0
20701,0.0
20702,0.0
20703,0.0
20704,0.0
20705,0.0
20706,0.0
20707,0.0
20708,0.0
20709,0.0
20710,0.0
20711,0.0
20712,0.0
20713,0.0
20714,0.0
20715,0.0
20716,0.0
20717,0.0
20718,0.0
20719,0.0
20720,0.0
20721,0.0
20722,0.0
20723,0.0
20724,0.0
20725,0.0
20726,0.0
20727,0.0
20728,0.0
20729,0.0
20730,0.0
20731,0.0
20732,0.0
20733,0.0
20734,0.0
20735,0.0
20736,0.0
20737,0.0
20738,0.0
20739,0.0
20740,0.0
20741,0.0
20742,0.0
20743,0.0
20744,0.0
20745,0.0
20746,0.0
20747,0.0
20748,0.0
20749,0.0
20750,0.0
20751,0.0
20752,0.0
20753,0.0
20754,0.0
20755,0.0
20756,0.0
20757,0.0
20758,0.0
20759,0.0
20760,0.0
20761,0.0
20762,0.0
20763,0.0
20764,0.0
20765,0.0
20766,0.0
20767,0.0
20768,0.0
20769,0.0
20770,0.0
20771,0.0
20772,0.0
20773,0.0
20774,0.0
20775,0.0
20776,0.0
20777,0.0
20778,0.0
20779,0.0
20780,0.0
20781,0.0
20782,0.0
20783,0.0
20784,0.0
20785,0.0
20786,0.0
20787,0.0
20788,0.0
20789,0.0
20790,0.0
20791,0.0
20792,0.0
20793,0.0
20794,0.0
20795,0.0
20796,0.0
20797,0.0
20798,0.0
20799,0.0
20800,0.0
20801,0.0
20802,0.0
20803,0.0
20804,0.0
20805,0.0
20806,0.0
20807,0.0
20808,0.0
20809,0.0
20810,0.0
20811,0.0
20812,0.0
20813,0.0
20814,0.0
20815,0.0
20816,0.0
20817,0.0
20818,0.0
20819,0.0
20820,0.0
20821,0.0
20822,0.0
20823,0.0
20824,0.0
20825,0.0
20826,0.0
20827,0.0
20828,0.0
20829,0.0
20830,0.0
20831,0.0
20832,0.0
20833,0.0
20834,0.0
20835,0.0
20836,0.0
20837,0.0
20838,0.0
20839,0.0
20840,0.0
20841,0.0
20842,0.0
20843,0.0
20844,0.0
20845,0.0
20846,0.0
20847,0.0
20848,0.0
20849,0.0
20850,0.0
20851,0.0
20852,0.0
20853,0.0
20854,0.0
20855,0.0
20856,0.0
20857,0.0
20858,0.0
20859,0.0
20860,0.0
20861,0.0
20862,0.0
20863,0.0
20864,0.0
20865,0.0
20866,0.0
20867,0.0
20868,0.0
20869,0.0
20870,0.0
20871,0.0
20872,0.0
20873,0.0
20874,0.0
20875,0.0
20876,0.0
20877,0.0
20878,0.0
20879,0.0
20880,0.0
20881,0.0
20882,0.0
20883,0.0
20884,0.0
20885,0.0
20886,0.0
20887,0.0
20888,0.0
20889,0.0
20890,0.0
20891,0.0
20892,0.0
20893,0.0
20894,0.0
20895,0.0
20896,0.0
20897,0.0
20898,0.0
20899,0.0
20900,0.0
20901,0.0
20902,0.0
20903,0.0
20904,0.0
20905,0.0
20906,0.0
20907,0.0
20908,0.0
20909,0.0
20910,0.0
20911,0.0
20912,0.0
20913,0.0
20914,0.0
20915,0.0
20916,0.0
20917,0.0
20918,0.0
20919,0.0
20920,0.0
20921,0.0
20922,0.0
20923,0.0
20924,0.0
20925,0.0
20926,0.0
20927,0.0
20928,0.0
20929,0.0
20930,0.0
20931,0.0
20932,0.0
20933,0.0
20934,0.0
20935,0.0
20936,0.0
20937,0.0
20938,0.0
20939,0.0
20940,0.0
20941,0.0
20942,0.0
20943,0.0
20944,0.0
20945,0.0
20946,0.0
20947,0.0
20948,0.0
20949,0.0
20950,0.0
20951,0.0
20952,0.0
20953,0.0
20954,0.0
20955,0.0
20956,0.0
20957,0.0
20958,0.0
20959,0.0
20960,0.0
20961,0.0
20962,0.0
20963,0.0
20964,0.0
20965,0.0
20966,0.0
20967,0.0
20968,0.0
20969,0.0
20970,0.0
20971,0.0
20972,0.0
20973,0.0
20974,0.0
20975,0.0
20976,0.0
20977,0.0
20978,0.0
20979,0.0
20980,0.0
20981,0.0
20982,0.0
20983,0.0
20984,0.0
20985,0.0
20986,0.0
20987,0.0
20988,0.0
20989,0.0
20990,0.0
20991,0.0
20992,0.0
20993,0.0
20994,0.0
20995,0.0
20996,0.0
20997,0.0
20998,0.0
20999,0.0
21000,0.0
21001,0.0
21002,0.0
21003,0.0
21004,0.0
21005,0.0
21006,0.0
21007,0.0
21008,0.0
21009,0.0
21010,0.0
21011,0.0
21012,0.0
21013,0.0
21014,0.0
21015,0.0
21016,0.0
21017,0.0
21018,0.0
21019,0.0
21020,0.0
21021,0.0
21022,0.0
21023,0.0
21024,0.0
21025,0.0
21026,0.0
21027,0.0
21028,0.0
21029,0.0
21030,0.0
21031,0.0
21032,0.0
21033,0.0
21034,0.0
21035,0.0
21036,0.0
21037,0.0
21038,0.0
21039,0.0
21040,0.0
21041,0.0
21042,0.0
21043,0.0
21044,0.0
21045,0.0
21046,0.0
21047,0.0
21048,0.0
21049,0.0
21050,0.0
21051,0.0
21052,0.0
21053,0.0
21054,0.0
21055,0.0
21056,0.0
21057,0.0
21058,0.0
21059,0.0
21060,0.0
21061,0.0
21062,0.0
21063,0.0
21064,0.0
21065,0.0
21066,0.0
21067,0.0
21068,0.0
21069,0.0
21070,0.0
21071,0.0
21072,0.0
21073,0.0
21074,0.0
21075,0.0
21076,0.0
21077,0.0
21078,0.0
21079,0.0
21080,0.0
21081,0.0
21082,0.0
21083,0.0
21084,0.0
21085,0.0
21086,0.0
21087,0.0
21088,0.0
21089,0.0
21090,0.0
21091,0.0
21092,0.0
21093,0.0
21094,0.0
21095,0.0
21096,0.0
21097,0.0
21098,0.0
21099,0.0
21100,0.0
21101,0.0
21102,0.0
21103,0.0
21104,0.0
21105,0.0
21106,0.0
21107,0.0
21108,0.0
21109,0.0
21110,0.0
21111,0.0
21112,0.0
21113,0.0
21114,0.0
21115,0.0
21116,0.0
21117,0.0
21118,0.0
21119,0.0
21120,0.0
21121,0.0
21122,0.0
21123,0.0
21124,0.0
21125,0.0
21126,0.0
21127,0.0
21128,0.0
21129,0.0
21130,0.0
21131,0.0
21132,0.0
21133,0.0
21134,0.0
21135,0.0
21136,0.0
21137,0.0
21138,0.0
21139,0.0
21140,0.0
21141,0.0
21142,0.0
21143,0.0
21144,0.0
21145,0.0
21146,0.0
21147,0.0
21148,0.0
21149,0.0
21150,0.0
21151,0.0
21152,0.0
21153,0.0
21154,0.0
21155,0.0
21156,0.0
21157,0.0
21158,0.0
21159,0.0
21160,0.0
21161,0.0
21162,0.0
21163,0.0
21164,0.0
21165,0.0
21166,0.0
21167,0.0
21168,0.0
21169,0.0
21170,0.0
21171,0.0
21172,0.0
21173,0.0
21174,0.0
21175,0.0
21176,0.0
21177,0.0
21178,0.0
21179,0.0
21180,0.0
21181,0.0
21182,0.0
21183,0.0
21184,0.0
21185,0.0
21186,0.0
21187,0.0
21188,0.0
21189,0.0
21190,0.0
21191,0.0
21192,0.0
21193,0.0
21194,0.0
21195,0.0
21196,0.0
21197,0.0
21198,0.0
21199,0.0
21200,0.0
21201,0.0
21202,0.0
21203,0.0
21204,0.0
21205,0.0
21206,0.0
21207,0.0
21208,0.0
21209,0.0
21210,0.0
21211,0.0
21212,0.0
21213,0.0
21214,0.0
21215,0.0
21216,0.0
21217,0.0
21218,0.0
21219,0.0
21220,0.0
21221,0.0
21222,0.0
21223,0.0
21224,0.0
21225,0.0
21226,0.0
21227,0.0
21228,0.0
21229,0.0
21230,0.0
21231,0.0
21232,0.0
21233,0.0
21234,0.0
21235,0.0
21236,0.0
21237,0.0
21238,0.0
21239,0.0
21240,0.0
21241,0.0
21242,0.0
21243,0.0
21244,0.0
21245,0.0
21246,0.0
21247,0.0
21248,0.0
21249,0.0
21250,0.0
21251,0.0
21252,0.0
21253,0.0
21254,0.0
21255,0.0
21256,0.0
21257,0.0
21258,0.0
21259,0.0
21260,0.0
21261,0.0
21262,0.0
21263,0.0
21264,0.0
21265,0.0
21266,0.0
21267,0.0
21268,0.0
21269,0.0
21270,0.0
21271,0.0
21272,0.0
21273,0.0
21274,0.0
21275,0.0
21276,0.0
21277,0.0
21278,0.0
21279,0.0
21280,0.0
21281,0.0
21282,0.0
21283,0.0
21284,0.0
21285,0.0
21286,0.0
21287,0.0
21288,0.0
21289,0.0
21290,0.0
21291,0.0
21292,0.0
21293,0.0
21294,0.0
21295,0.0
21296,0.0
21297,0.0
21298,0.0
21299,0.0
21300,0.0
21301,0.0
21302,0.0
21303,0.0
21304,0.0
21305,0.0
21306,0.0
21307,0.0
21308,0.0
21309,0.0
21310,0.0
21311,0.0
21312,0.0
21313,0.0
21314,0.0
21315,0.0
21316,0.0
21317,0.0
21318,0.0
21319,0.0
21320,0.0
21321,0.0
21322,0.0
21323,0.0
21324,0.0
21325,0.0
21326,0.0
21327,0.0
21328,0.0
21329,0.0
21330,0.0
21331,0.0
21332,0.0
21333,0.0
21334,0.0
21335,0.0
21336,0.0
21337,0.0
21338,0.0
21339,0.0
21340,0.0
21341,0.0
21342,0.0
21343,0.0
21344,0.0
21345,0.0
21346,0.0
21347,0.0
21348,0.0
21349,0.0
21350,0.0
21351,0.0
21352,0.0
21353,0.0
21354,0.0
21355,0.0
21356,0.0
21357,0.0
21358,0.0
21359,0.0
21360,0.0
21361,0.0
21362,0.0
21363,0.0
21364,0.0
21365,0.0
21366,0.0
21367,0.0
21368,0.0
21369,0.0
21370,0.0
21371,0.0
21372,0.0
21373,0.0
21374,0.0
21375,0.0
21376,0.0
21377,0.0
21378,0.0
21379,0.0
21380,0.0
21381,0.0
21382,0.0
21383,0.0
21384,0.0
21385,0.0
21386,0.0
21387,0.0
21388,0.0
21389,0.0
21390,0.0
21391,0.0
21392,0.0
21393,0.0
21394,0.0
21395,0.0
21396,0.0
21397,0.0
21398,0.0
21399,0.0
21400,0.0
21401,0.0
21402,0.0
21403,0.0
21404,0.0
21405,0.0
21406,0.0
21407,0.0
21408,0.0
21409,0.0
21410,0.0
21411,0.0
21412,0.0
21413,0.0
21414,0.0
21415,0.0
21416,0.0
21417,0.0
21418,0.0
21419,0.0
21420,0.0
21421,0.0
21422,0.0
21423,0.0
21424,0.0
21425,0.0
21426,0.0
21427,0.0
21428,0.0
21429,0.0
21430,0.0
21431,0.0
21432,0.0
21433,0.0
21434,0.0
21435,0.0
21436,0.0
21437,0.0
21438,0.0
21439,0.0
21440,0.0
21441,0.0
21442,0.0
21443,0.0
21444,0.0
21445,0.0
21446,0.0
21447,0.0
21448,0.0
21449,0.0
21450,0.0
21451,0.0
21452,0.0
21453,0.0
21454,0.0
21455,0.0
21456,0.0
21457,0.0
21458,0.0
21459,0.0
21460,0.0
21461,0.0
21462,0.0
21463,0.0
21464,0.0
21465,0.0
21466,0.0
21467,0.0
21468,0.0
21469,0.0
21470,0.0
21471,0.0
21472,0.0
21473,0.0
21474,0.0
21475,0.0
21476,0.0
21477,0.0
21478,0.0
21479,0.0
21480,0.0
21481,0.0
21482,0.0
21483,0.0
21484,0.0
21485,0.0
21486,0.0
21487,0.0
21488,0.0
21489,0.0
21490,0.0
21491,0.0
21492,0.0
21493,0.0
21494,0.0
21495,0.0
21496,0.0
21497,0.0
21498,0.0
21499,0.0
21500,0.0
21501,0.0
21502,0.0
21503,0.0
21504,0.0
21505,0.0
21506,0.0
21507,0.0
21508,0.0
21509,0.0
21510,0.0
21511,0.0
21512,0.0
21513,0.0
21514,0.0
21515,0.0
21516,0.0
21517,0.0
21518,0.0
21519,0.0
21520,0.0
21521,0.0
21522,0.0
21523,0.0
21524,0.0
21525,0.0
21526,0.0
21527,0.0
21528,0.0
21529,0.0
21530,0.0
21531,0.0
21532,0.0
21533,0.0
21534,0.0
21535,0.0
21536,0.0
21537,0.0
21538,0.0
21539,0.0
21540,0.0
21541,0.0
21542,0.0
21543,0.0
21544,0.0
21545,0.0
21546,0.0
21547,0.0
21548,0.0
21549,0.0
21550,0.0
21551,0.0
21552,0.0
21553,0.0
21554,0.0
21555,0.0
21556,0.0
21557,0.0
21558,0.0
21559,0.0
21560,0.0
21561,0.0
21562,0.0
21563,0.0
21564,0.0
21565,0.0
21566,0.0
21567,0.0
21568,0.0
21569,0.0
21570,0.0
21571,0.0
21572,0.0
21573,0.0
21574,0.0
21575,0.0
21576,0.0
21577,0.0
21578,0.0
21579,0.0
21580,0.0
21581,0.0
21582,0.0
21583,0.0
21584,0.0
21585,0.0
21586,0.0
21587,0.0
21588,0.0
21589,0.0
21590,0.0
21591,0.0
21592,0.0
21593,0.0
21594,0.0
21595,0.0
21596,0.0
21597,0.0
21598,0.0
21599,0.0
21600,0.0
21601,0.0
21602,0.0
21603,0.0
21604,0.0
21605,0.0
21606,0.0
21607,0.0
21608,0.0
21609,0.0
21610,0.0
21611,0.0
21612,0.0
21613,0.0
21614,0.0
21615,0.0
21616,0.0
21617,0.0
21618,0.0
21619,0.0
21620,0.0
21621,0.0
21622,0.0
21623,0.0
21624,0.0
21625,0.0
21626,0.0
21627,0.0
21628,0.0
21629,0.0
21630,0.0
21631,0.0
21632,0.0
21633,0.0
21634,0.0
21635,0.0
21636,0.0
21637,0.0
21638,0.0
21639,0.0
21640,0.0
21641,0.0
21642,0.0
21643,0.0
21644,0.0
21645,0.0
21646,0.0
21647,0.0
21648,0.0
21649,0.0
21650,0.0
21651,0.0
21652,0.0
21653,0.0
21654,0.0
21655,0.0
21656,0.0
21657,0.0
21658,0.0
21659,0.0
21660,0.0
21661,0.0
21662,0.0
21663,0.0
21664,0.0
21665,0.0
21666,0.0
21667,0.0
21668,0.0
21669,0.0
21670,0.0
21671,0.0
21672,0.0
21673,0.0
21674,0.0
21675,0.0
21676,0.0
21677,0.0
21678,0.0
21679,0.0
21680,0.0
21681,0.0
21682,0.0
21683,0.0
21684,0.0
21685,0.0
21686,0.0
21687,0.0
21688,0.0
21689,0.0
21690,0.0
21691,0.0
21692,0.0
21693,0.0
21694,0.0
21695,0.0
21696,0.0
21697,0.0
21698,0.0
21699,0.0
21700,0.0
21701,0.0
21702,0.0
21703,0.0
21704,0.0
21705,0.0
21706,0.0
21707,0.0
21708,0.0
21709,0.0
21710,0.0
21711,0.0
21712,0.0
21713,0.0
21714,0.0
21715,0.0
21716,0.0
21717,0.0
21718,0.0
21719,0.0
21720,0.0
21721,0.0
21722,0.0
21723,0.0
21724,0.0
21725,0.0
21726,0.0
21727,0.0
21728,0.0
21729,0.0
21730,0.0
21731,0.0
21732,0.0
21733,0.0
21734,0.0
21735,0.0
21736,0.0
21737,0.0
21738,0.0
21739,0.0
21740,0.0
21741,0.0
21742,0.0
21743,0.0
21744,0.0
21745,0.0
21746,0.0
21747,0.0
21748,0.0
21749,0.0
21750,0.0
21751,0.0
21752,0.0
21753,0.0
21754,0.0
21755,0.0
21756,0.0
21757,0.0
21758,0.0
21759,0.0
21760,0.0
21761,0.0
21762,0.0
21763,0.0
21764,0.0
21765,0.0
21766,0.0
21767,0.0
21768,0.0
21769,0.0
21770,0.0
21771,0.0
21772,0.0
21773,0.0
21774,0.0
21775,0.0
21776,0.0
21777,0.0
21778,0.0
21779,0.0
21780,0.0
21781,0.0
21782,0.0
21783,0.0
21784,0.0
21785,0.0
21786,0.0
21787,0.0
21788,0.0
21789,0.0
21790,0.0
21791,0.0
21792,0.0
21793,0.0
21794,0.0
21795,0.0
21796,0.0
21797,0.0
21798,0.0
21799,0.0
21800,0.0
21801,0.0
21802,0.0
21803,0.0
21804,0.0
21805,0.0
21806,0.0
21807,0.0
21808,0.0
21809,0.0
21810,0.0
21811,0.0
21812,0.0
21813,0.0
21814,0.0
21815,0.0
21816,0.0
21817,0.0
21818,0.0
21819,0.0
21820,0.0
21821,0.0
21822,0.0
21823,0.0
21824,0.0
21825,0.0
21826,0.0
21827,0.0
21828,0.0
21829,0.0
21830,0.0
21831,0.0
21832,0.0
21833,0.0
21834,0.0
21835,0.0
21836,0.0
21837,0.0
21838,0.0
21839,0.0
21840,0.0
21841,0.0
21842,0.0
21843,0.0
21844,0.0
21845,0.0
21846,0.0
21847,0.0
21848,0.0
21849,0.0
21850,0.0
21851,0.0
21852,0.0
21853,0.0
21854,0.0
21855,0.0
21856,0.0
21857,0.0
21858,0.0
21859,0.0
21860,0.0
21861,0.0
21862,0.0
21863,0.0
21864,0.0
21865,0.0
21866,0.0
21867,0.0
21868,0.0
21869,0.0
21870,0.0
21871,0.0
21872,0.0
21873,0.0
21874,0.0
21875,0.0
21876,0.0
21877,0.0
21878,0.0
21879,0.0
21880,0.0
21881,0.0
21882,0.0
21883,0.0
21884,0.0
21885,0.0
21886,0.0
21887,0.0
21888,0.0
21889,0.0
21890,0.0
21891,0.0
21892,0.0
21893,0.0
21894,0.0
21895,0.0
21896,0.0
21897,0.0
21898,0.0
21899,0.0
21900,0.0
21901,0.0
21902,0.0
21903,0.0
21904,0.0
21905,0.0
21906,0.0
21907,0.0
21908,0.0
21909,0.0
21910,0.0
21911,0.0
21912,0.0
21913,0.0
21914,0.0
21915,0.0
21916,0.0
21917,0.0
21918,0.0
21919,0.0
21920,0.0
21921,0.0
21922,0.0
21923,0.0
21924,0.0
21925,0.0
21926,0.0
21927,0.0
21928,0.0
21929,0.0
21930,0.0
21931,0.0
21932,0.0
21933,0.0
21934,0.0
21935,0.0
21936,0.0
21937,0.0
21938,0.0
21939,0.0
21940,0.0
21941,0.0
21942,0.0
21943,0.0
21944,0.0
21945,0.0
21946,0.0
21947,0.0
21948,0.0
21949,0.0
21950,0.0
21951,0.0
21952,0.0
21953,0.0
21954,0.0
21955,0.0
21956,0.0
21957,0.0
21958,0.0
21959,0.0
21960,0.0
21961,0.0
21962,0.0
21963,0.0
21964,0.0
21965,0.0
21966,0.0
21967,0.0
21968,0.0
21969,0.0
21970,0.0
21971,0.0
21972,0.0
21973,0.0
21974,0.0
21975,0.0
21976,0.0
21977,0.0
21978,0.0
21979,0.0
21980,0.0
21981,0.0
21982,0.0
21983,0.0
21984,0.0
21985,0.0
21986,0.0
21987,0.0
21988,0.0
21989,0.0
21990,0.0
21991,0.0
21992,0.0
21993,0.0
21994,0.0
21995,0.0
21996,0.0
21997,0.0
21998,0.0
21999,0.0
22000,0.0
22001,0.0
22002,0.0
22003,0.0
22004,0.0
22005,0.0
22006,0.0
22007,0.0
22008,0.0
22009,0.0
22010,0.0
22011,0.0
22012,0.0
22013,0.0
22014,0.0
22015,0.0
22016,0.0
22017,0.0
22018,0.0
22019,0.0
22020,0.0
22021,0.0
22022,0.0
22023,0.0
22024,0.0
22025,0.0
22026,0.0
22027,0.0
22028,0.0
22029,0.0
22030,0.0
22031,0.0
22032,0.0
22033,0.0
22034,0.0
22035,0.0
22036,0.0
22037,0.0
22038,0.0
22039,0.0
22040,0.0
22041,0.0
22042,0.0
22043,0.0
22044,0.0
22045,0.0
22046,0.0
22047,0.0
22048,0.0
22049,0.0
22050,0.0
22051,0.0
22052,0.0
22053,0.0
22054,0.0
22055,0.0
22056,0.0
22057,0.0
22058,0.0
22059,0.0
22060,0.0
22061,0.0
22062,0.0
22063,0.0
22064,0.0
22065,0.0
22066,0.0
22067,0.0
22068,0.0
22069,0.0
22070,0.0
22071,0.0
22072,0.0
22073,0.0
22074,0.0
22075,0.0
22076,0.0
22077,0.0
22078,0.0
22079,0.0
22080,0.0
22081,0.0
22082,0.0
22083,0.0
22084,0.0
22085,0.0
22086,0.0
22087,0.0
22088,0.0
22089,0.0
22090,0.0
22091,0.0
22092,0.0
22093,0.0
22094,0.0
22095,0.0
22096,0.0
22097,0.0
22098,0.0
22099,0.0
22100,0.0
22101,0.0
22102,0.0
22103,0.0
22104,0.0
22105,0.0
22106,0.0
22107,0.0
22108,0.0
22109,0.0
22110,0.0
22111,0.0
22112,0.0
22113,0.0
22114,0.0
22115,0.0
22116,0.0
22117,0.0
22118,0.0
22119,0.0
22120,0.0
22121,0.0
22122,0.0
22123,0.0
22124,0.0
22125,0.0
22126,0.0
22127,0.0
22128,0.0
22129,0.0
22130,0.0
22131,0.0
22132,0.0
22133,0.0
22134,0.0
22135,0.0
22136,0.0
22137,0.0
22138,0.0
22139,0.0
22140,0.0
22141,0.0
22142,0.0
22143,0.0
22144,0.0
22145,0.0
22146,0.0
22147,0.0
22148,0.0
22149,0.0
22150,0.0
22151,0.0
22152,0.0
22153,0.0
22154,0.0
22155,0.0
22156,0.0
22157,0.0
22158,0.0
22159,0.0
22160,0.0
22161,0.0
22162,0.0
22163,0.0
22164,0.0
22165,0.0
22166,0.0
22167,0.0
22168,0.0
22169,0.0
22170,0.0
22171,0.0
22172,0.0
22173,0.0
22174,0.0
22175,0.0
22176,0.0
22177,0.0
22178,0.0
22179,0.0
22180,0.0
22181,0.0
22182,0.0
22183,0.0
22184,0.0
22185,0.0
22186,0.0
22187,0.0
22188,0.0
22189,0.0
22190,0.0
22191,0.0
22192,0.0
22193,0.0
22194,0.0
22195,0.0
22196,0.0
22197,0.0
22198,0.0
22199,0.0
22200,0.0
22201,0.0
22202,0.0
22203,0.0
22204,0.0
22205,0.0
22206,0.0
22207,0.0
22208,0.0
22209,0.0
22210,0.0
22211,0.0
22212,0.0
22213,0.0
22214,0.0
22215,0.0
22216,0.0
22217,0.0
22218,0.0
22219,0.0
22220,0.0
22221,0.0
22222,0.0
22223,0.0
22224,0.0
22225,0.0
22226,0.0
22227,0.0
22228,0.0
22229,0.0
22230,0.0
22231,0.0
22232,0.0
22233,0.0
22234,0.0
22235,0.0
22236,0.0
22237,0.0
22238,0.0
22239,0.0
22240,0.0
22241,0.0
22242,0.0
22243,0.0
22244,0.0
22245,0.0
22246,0.0
22247,0.0
22248,0.0
22249,0.0
22250,0.0
22251,0.0
22252,0.0
22253,0.0
22254,0.0
22255,0.0
22256,0.0
22257,0.0
22258,0.0
22259,0.0
22260,0.0
22261,0.0
22262,0.0
22263,0.0
22264,0.0
22265,0.0
22266,0.0
22267,0.0
22268,0.0
22269,0.0
22270,0.0
22271,0.0
22272,0.0
22273,0.0
22274,0.0
22275,0.0
22276,0.0
22277,0.0
22278,0.0
22279,0.0
22280,0.0
22281,0.0
22282,0.0
22283,0.0
22284,0.0
22285,0.0
22286,0.0
22287,0.0
22288,0.0
22289,0.0
22290,0.0
22291,0.0
22292,0.0
22293,0.0
22294,0.0
22295,0.0
22296,0.0
22297,0.0
22298,0.0
22299,0.0
22300,0.0
22301,0.0
22302,0.0
22303,0.0
22304,0.0
22305,0.0
22306,0.0
22307,0.0
22308,0.0
22309,0.0
22310,0.0
22311,0.0
22312,0.0
22313,0.0
22314,0.0
22315,0.0
22316,0.0
22317,0.0
22318,0.0
22319,0.0
22320,0.0
22321,0.0
22322,0.0
22323,0.0
22324,0.0
22325,0.0
22326,0.0
22327,0.0
22328,0.0
22329,0.0
22330,0.0
22331,0.0
22332,0.0
22333,0.0
22334,0.0
22335,0.0
22336,0.0
22337,0.0
22338,0.0
22339,0.0
22340,0.0
22341,0.0
22342,0.0
22343,0.0
22344,0.0
22345,0.0
22346,0.0
22347,0.0
22348,0.0
22349,0.0
22350,0.0
22351,0.0
22352,0.0
22353,0.0
22354,0.0
22355,0.0
22356,0.0
22357,0.0
22358,0.0
22359,0.0
22360,0.0
22361,0.0
22362,0.0
22363,0.0
22364,0.0
22365,0.0
22366,0.0
22367,0.0
22368,0.0
22369,0.0
22370,0.0
22371,0.0
22372,0.0
22373,0.0
22374,0.0
22375,0.0
22376,0.0
22377,0.0
22378,0.0
22379,0.0
22380,0.0
22381,0.0
22382,0.0
22383,0.0
22384,0.0
22385,0.0
22386,0.0
22387,0.0
22388,0.0
22389,0.0
22390,0.0
22391,0.0
22392,0.0
22393,0.0
22394,0.0
22395,0.0
22396,0.0
22397,0.0
22398,0.0
22399,0.0
22400,0.0
22401,0.0
22402,0.0
22403,0.0
22404,0.0
22405,0.0
22406,0.0
22407,0.0
22408,0.0
22409,0.0
22410,0.0
22411,0.0
22412,0.0
22413,0.0
22414,0.0
22415,0.0
22416,0.0
22417,0.0
22418,0.0
22419,0.0
22420,0.0
22421,0.0
22422,0.0
22423,0.0
22424,0.0
22425,0.0
22426,0.0
22427,0.0
22428,0.0
22429,0.0
22430,0.0
22431,0.0
22432,0.0
22433,0.0
22434,0.0
22435,0.0
22436,0.0
22437,0.0
22438,0.0
22439,0.0
22440,0.0
22441,0.0
22442,0.0
22443,0.0
22444,0.0
22445,0.0
22446,0.0
22447,0.0
22448,0.0
22449,0.0
22450,0.0
22451,0.0
22452,0.0
22453,0.0
22454,0.0
22455,0.0
22456,0.0
22457,0.0
22458,0.0
22459,0.0
22460,0.0
22461,0.0
22462,0.0
22463,0.0
22464,0.0
22465,0.0
22466,0.0
22467,0.0
22468,0.0
22469,0.0
22470,0.0
22471,0.0
22472,0.0
22473,0.0
22474,0.0
22475,0.0
22476,0.0
22477,0.0
22478,0.0
22479,0.0
22480,0.0
22481,0.0
22482,0.0
22483,0.0
22484,0.0
22485,0.0
22486,0.0
22487,0.0
22488,0.0
22489,0.0
22490,0.0
22491,0.0
22492,0.0
22493,0.0
22494,0.0
22495,0.0
22496,0.0
22497,0.0
22498,0.0
22499,0.0
22500,0.0
22501,0.0
22502,0.0
22503,0.0
22504,0.0
22505,0.0
22506,0.0
22507,0.0
22508,0.0
22509,0.0
22510,0.0
22511,0.0
22512,0.0
22513,0.0
22514,0.0
22515,0.0
22516,0.0
22517,0.0
22518,0.0
22519,0.0
22520,0.0
22521,0.0
22522,0.0
22523,0.0
22524,0.0
22525,0.0
22526,0.0
22527,0.0
22528,0.0
22529,0.0
22530,0.0
22531,0.0
22532,0.0
22533,0.0
22534,0.0
22535,0.0
22536,0.0
22537,0.0
22538,0.0
22539,0.0
22540,0.0
22541,0.0
22542,0.0
22543,0.0
22544,0.0
22545,0.0
22546,0.0
22547,0.0
22548,0.0
22549,0.0
22550,0.0
22551,0.0
22552,0.0
22553,0.0
22554,0.0
22555,0.0
22556,0.0
22557,0.0
22558,0.0
22559,0.0
22560,0.0
22561,0.0
22562,0.0
22563,0.0
22564,0.0
22565,0.0
22566,0.0
22567,0.0
22568,0.0
22569,0.0
22570,0.0
22571,0.0
22572,0.0
22573,0.0
22574,0.0
22575,0.0
22576,0.0
22577,0.0
22578,0.0
22579,0.0
22580,0.0
22581,0.0
22582,0.0
22583,0.0
22584,0.0
22585,0.0
22586,0.0
22587,0.0
22588,0.0
22589,0.0
22590,0.0
22591,0.0
22592,0.0
22593,0.0
22594,0.0
22595,0.0
22596,0.0
22597,0.0
22598,0.0
22599,0.0
22600,0.0
22601,0.0
22602,0.0
22603,0.0
22604,0.0
22605,0.0
22606,0.0
22607,0.0
22608,0.0
22609,0.0
22610,0.0
22611,0.0
22612,0.0
22613,0.0
22614,0.0
22615,0.0
22616,0.0
22617,0.0
22618,0.0
22619,0.0
22620,0.0
22621,0.0
22622,0.0
22623,0.0
22624,0.0
22625,0.0
22626,0.0
22627,0.0
22628,0.0
22629,0.0
22630,0.0
22631,0.0
22632,0.0
22633,0.0
22634,0.0
22635,0.0
22636,0.0
22637,0.0
22638,0.0
22639,0.0
22640,0.0
22641,0.0
22642,0.0
22643,0.0
22644,0.0
22645,0.0
22646,0.0
22647,0.0
22648,0.0
22649,0.0
22650,0.0
22651,0.0
22652,0.0
22653,0.0
22654,0.0
22655,0.0
22656,0.0
22657,0.0
22658,0.0
22659,0.0
22660,0.0
22661,0.0
22662,0.0
22663,0.0
22664,0.0
22665,0.0
22666,0.0
22667,0.0
22668,0.0
22669,0.0
22670,0.0
22671,0.0
22672,0.0
22673,0.0
22674,0.0
22675,0.0
22676,0.0
22677,0.0
22678,0.0
22679,0.0
22680,0.0
22681,0.0
22682,0.0
22683,0.0
22684,0.0
22685,0.0
22686,0.0
22687,0.0
22688,0.0
22689,0.0
22690,0.0
22691,0.0
22692,0.0
22693,0.0
22694,0.0
22695,0.0
22696,0.0
22697,0.0
22698,0.0
22699,0.0
22700,0.0
22701,0.0
22702,0.0
22703,0.0
22704,0.0
22705,0.0
22706,0.0
22707,0.0
22708,0.0
22709,0.0
22710,0.0
22711,0.0
22712,0.0
22713,0.0
22714,0.0
22715,0.0
22716,0.0
22717,0.0
22718,0.0
22719,0.0
22720,0.0
22721,0.0
22722,0.0
22723,0.0
22724,0.0
22725,0.0
22726,0.0
22727,0.0
22728,0.0
22729,0.0
22730,0.0
22731,0.0
22732,0.0
22733,0.0
22734,0.0
22735,0.0
22736,0.0
22737,0.0
22738,0.0
22739,0.0
22740,0.0
22741,0.0
22742,0.0
22743,0.0
22744,0.0
22745,0.0
22746,0.0
22747,0.0
22748,0.0
22749,0.0
22750,0.0
22751,0.0
22752,0.0
22753,0.0
22754,0.0
22755,0.0
22756,0.0
22757,0.0
22758,0.0
22759,0.0
22760,0.0
22761,0.0
22762,0.0
22763,0.0
22764,0.0
22765,0.0
22766,0.0
22767,0.0
22768,0.0
22769,0.0
22770,0.0
22771,0.0
22772,0.0
22773,0.0
22774,0.0
22775,0.0
22776,0.0
22777,0.0
22778,0.0
22779,0.0
22780,0.0
22781,0.0
22782,0.0
22783,0.0
22784,0.0
22785,0.0
22786,0.0
22787,0.0
22788,0.0
22789,0.0
22790,0.0
22791,0.0
22792,0.0
22793,0.0
22794,0.0
22795,0.0
22796,0.0
22797,0.0
22798,0.0
22799,0.0
22800,0.0
22801,0.0
22802,0.0
22803,0.0
22804,0.0
22805,0.0
22806,0.0
22807,0.0
22808,0.0
22809,0.0
22810,0.0
22811,0.0
22812,0.0
22813,0.0
22814,0.0
22815,0.0
22816,0.0
22817,0.0
22818,0.0
22819,0.0
22820,0.0
22821,0.0
22822,0.0
22823,0.0
22824,0.0
22825,0.0
22826,0.0
22827,0.0
22828,0.0
22829,0.0
22830,0.0
22831,0.0
22832,0.0
22833,0.0
22834,0.0
22835,0.0
22836,0.0
22837,0.0
22838,0.0
22839,0.0
22840,0.0
22841,0.0
22842,0.0
22843,0.0
22844,0.0
22845,0.0
22846,0.0
22847,0.0
22848,0.0
22849,0.0
22850,0.0
22851,0.0
22852,0.0
22853,0.0
22854,0.0
22855,0.0
22856,0.0
22857,0.0
22858,0.0
22859,0.0
22860,0.0
22861,0.0
22862,0.0
22863,0.0
22864,0.0
22865,0.0
22866,0.0
22867,0.0
22868,0.0
22869,0.0
22870,0.0
22871,0.0
22872,0.0
22873,0.0
22874,0.0
22875,0.0
22876,0.0
22877,0.0
22878,0.0
22879,0.0
22880,0.0
22881,0.0
22882,0.0
22883,0.0
22884,0.0
22885,0.0
22886,0.0
22887,0.0
22888,0.0
22889,0.0
22890,0.0
22891,0.0
22892,0.0
22893,0.0
22894,0.0
22895,0.0
22896,0.0
22897,0.0
22898,0.0
22899,0.0
22900,0.0
22901,0.0
22902,0.0
22903,0.0
22904,0.0
22905,0.0
22906,0.0
22907,0.0
22908,0.0
22909,0.0
22910,0.0
22911,0.0
22912,0.0
22913,0.0
22914,0.0
22915,0.0
22916,0.0
22917,0.0
22918,0.0
22919,0.0
22920,0.0
22921,0.0
22922,0.0
22923,0.0
22924,0.0
22925,0.0
22926,0.0
22927,0.0
22928,0.0
22929,0.0
22930,0.0
22931,0.0
22932,0.0
22933,0.0
22934,0.0
22935,0.0
22936,0.0
22937,0.0
22938,0.0
22939,0.0
22940,0.0
22941,0.0
22942,0.0
22943,0.0
22944,0.0
22945,0.0
22946,0.0
22947,0.0
22948,0.0
22949,0.0
22950,0.0
22951,0.0
22952,0.0
22953,0.0
22954,0.0
22955,0.0
22956,0.0
22957,0.0
22958,0.0
22959,0.0
22960,0.0
22961,0.0
22962,0.0
22963,0.0
22964,0.0
22965,0.0
22966,0.0
22967,0.0
22968,0.0
22969,0.0
22970,0.0
22971,0.0
22972,0.0
22973,0.0
22974,0.0
22975,0.0
22976,0.0
22977,0.0
22978,0.0
22979,0.0
22980,0.0
22981,0.0
22982,0.0
22983,0.0
22984,0.0
22985,0.0
22986,0.0
22987,0.0
22988,0.0
22989,0.0
22990,0.0
22991,0.0
22992,0.0
22993,0.0
22994,0.0
22995,0.0
22996,0.0
22997,0.0
22998,0.0
22999,0.0
23000,0.0
23001,0.0
23002,0.0
23003,0.0
23004,0.0
23005,0.0
23006,0.0
23007,0.0
23008,0.0
23009,0.0
23010,0.0
23011,0.0
23012,0.0
23013,0.0
23014,0.0
23015,0.0
23016,0.0
23017,0.0
23018,0.0
23019,0.0
23020,0.0
23021,0.0
23022,0.0
23023,0.0
23024,0.0
23025,0.0
23026,0.0
23027,0.0
23028,0.0
23029,0.0
23030,0.0
23031,0.0
23032,0.0
23033,0.0
23034,0.0
23035,0.0
23036,0.0
23037,0.0
23038,0.0
23039,0.0
23040,0.0
23041,0.0
23042,0.0
23043,0.0
23044,0.0
23045,0.0
23046,0.0
23047,0.0
23048,0.0
23049,0.0
23050,0.0
23051,0.0
23052,0.0
23053,0.0
23054,0.0
23055,0.0
23056,0.0
23057,0.0
23058,0.0
23059,0.0
23060,0.0
23061,0.0
23062,0.0
23063,0.0
23064,0.0
23065,0.0
23066,0.0
23067,0.0
23068,0.0
23069,0.0
23070,0.0
23071,0.0
23072,0.0
23073,0.0
23074,0.0
23075,0.0
23076,0.0
23077,0.0
23078,0.0
23079,0.0
23080,0.0
23081,0.0
23082,0.0
23083,0.0
23084,0.0
23085,0.0
23086,0.0
23087,0.0
23088,0.0
23089,0.0
23090,0.0
23091,0.0
23092,0.0
23093,0.0
23094,0.0
23095,0.0
23096,0.0
23097,0.0
23098,0.0
23099,0.0
23100,0.0
23101,0.0
23102,0.0
23103,0.0
23104,0.0
23105,0.0
23106,0.0
23107,0.0
23108,0.0
23109,0.0
23110,0.0
23111,0.0
23112,0.0
23113,0.0
23114,0.0
23115,0.0
23116,0.0
23117,0.0
23118,0.0
23119,0.0
23120,0.0
23121,0.0
23122,0.0
23123,0.0
23124,0.0
23125,0.0
23126,0.0
23127,0.0
23128,0.0
23129,0.0
23130,0.0
23131,0.0
23132,0.0
23133,0.0
23134,0.0
23135,0.0
23136,0.0
23137,0.0
23138,0.0
23139,0.0
23140,0.0
23141,0.0
23142,0.0
23143,0.0
23144,0.0
23145,0.0
23146,0.0
23147,0.0
23148,0.0
23149,0.0
23150,0.0
23151,0.0
23152,0.0
23153,0.0
23154,0.0
23155,0.0
23156,0.0
23157,0.0
23158,0.0
23159,0.0
23160,0.0
23161,0.0
23162,0.0
23163,0.0
23164,0.0
23165,0.0
23166,0.0
23167,0.0
23168,0.0
23169,0.0
23170,0.0
23171,0.0
23172,0.0
23173,0.0
23174,0.0
23175,0.0
23176,0.0
23177,0.0
23178,0.0
23179,0.0
23180,0.0
23181,0.0
23182,0.0
23183,0.0
23184,0.0
23185,0.0
23186,0.0
23187,0.0
23188,0.0
23189,0.0
23190,0.0
23191,0.0
23192,0.0
23193,0.0
23194,0.0
23195,0.0
23196,0.0
23197,0.0
23198,0.0
23199,0.0
23200,0.0
23201,0.0
23202,0.0
23203,0.0
23204,0.0
23205,0.0
23206,0.0
23207,0.0
23208,0.0
23209,0.0
23210,0.0
23211,0.0
23212,0.0
23213,0.0
23214,0.0
23215,0.0
23216,0.0
23217,0.0
23218,0.0
23219,0.0
23220,0.0
23221,0.0
23222,0.0
23223,0.0
23224,0.0
23225,0.0
23226,0.0
23227,0.0
23228,0.0
23229,0.0
23230,0.0
23231,0.0
23232,0.0
23233,0.0
23234,0.0
23235,0.0
23236,0.0
23237,0.0
23238,0.0
23239,0.0
23240,0.0
23241,0.0
23242,0.0
23243,0.0
23244,0.0
23245,0.0
23246,0.0
23247,0.0
23248,0.0
23249,0.0
23250,0.0
23251,0.0
23252,0.0
23253,0.0
23254,0.0
23255,0.0
23256,0.0
23257,0.0
23258,0.0
23259,0.0
23260,0.0
23261,0.0
23262,0.0
23263,0.0
23264,0.0
23265,0.0
23266,0.0
23267,0.0
23268,0.0
23269,0.0
23270,0.0
23271,0.0
23272,0.0
23273,0.0
23274,0.0
23275,0.0
23276,0.0
23277,0.0
23278,0.0
23279,0.0
23280,0.0
23281,0.0
23282,0.0
23283,0.0
23284,0.0
23285,0.0
23286,0.0
23287,0.0
23288,0.0
23289,0.0
23290,0.0
23291,0.0
23292,0.0
23293,0.0
23294,0.0
23295,0.0
23296,0.0
23297,0.0
23298,0.0
23299,0.0
23300,0.0
23301,0.0
23302,0.0
23303,0.0
23304,0.0
23305,0.0
23306,0.0
23307,0.0
23308,0.0
23309,0.0
23310,0.0
23311,0.0
23312,0.0
23313,0.0
23314,0.0
23315,0.0
23316,0.0
23317,0.0
23318,0.0
23319,0.0
23320,0.0
23321,0.0
23322,0.0
23323,0.0
23324,0.0
23325,0.0
23326,0.0
23327,0.0
23328,0.0
23329,0.0
23330,0.0
23331,0.0
23332,0.0
23333,0.0
23334,0.0
23335,0.0
23336,0.0
23337,0.0
23338,0.0
23339,0.0
23340,0.0
23341,0.0
23342,0.0
23343,0.0
23344,0.0
23345,0.0
23346,0.0
23347,0.0
23348,0.0
23349,0.0
23350,0.0
23351,0.0
23352,0.0
23353,0.0
23354,0.0
23355,0.0
23356,0.0
23357,0.0
23358,0.0
23359,0.0
23360,0.0
23361,0.0
23362,0.0
23363,0.0
23364,0.0
23365,0.0
23366,0.0
23367,0.0
23368,0.0
23369,0.0
23370,0.0
23371,0.0
23372,0.0
23373,0.0
23374,0.0
23375,0.0
23376,0.0
23377,0.0
23378,0.0
23379,0.0
23380,0.0
23381,0.0
23382,0.0
23383,0.0
23384,0.0
23385,0.0
23386,0.0
23387,0.0
23388,0.0
23389,0.0
23390,0.0
23391,0.0
23392,0.0
23393,0.0
23394,0.0
23395,0.0
23396,0.0
23397,0.0
23398,0.0
23399,0.0
23400,0.0
23401,0.0
23402,0.0
23403,0.0
23404,0.0
23405,0.0
23406,0.0
23407,0.0
23408,0.0
23409,0.0
23410,0.0
23411,0.0
23412,0.0
23413,0.0
23414,0.0
23415,0.0
23416,0.0
23417,0.0
23418,0.0
23419,0.0
23420,0.0
23421,0.0
23422,0.0
23423,0.0
23424,0.0
23425,0.0
23426,0.0
23427,0.0
23428,0.0
23429,0.0
23430,0.0
23431,0.0
23432,0.0
23433,0.0
23434,0.0
23435,0.0
23436,0.0
23437,0.0
23438,0.0
23439,0.0
23440,0.0
23441,0.0
23442,0.0
23443,0.0
23444,0.0
23445,0.0
23446,0.0
23447,0.0
23448,0.0
23449,0.0
23450,0.0
23451,0.0
23452,0.0
23453,0.0
23454,0.0
23455,0.0
23456,0.0
23457,0.0
23458,0.0
23459,0.0
23460,0.0
23461,0.0
23462,0.0
23463,0.0
23464,0.0
23465,0.0
23466,0.0
23467,0.0
23468,0.0
23469,0.0
23470,0.0
23471,0.0
23472,0.0
23473,0.0
23474,0.0
23475,0.0
23476,0.0
23477,0.0
23478,0.0
23479,0.0
23480,0.0
23481,0.0
23482,0.0
23483,0.0
23484,0.0
23485,0.0
23486,0.0
23487,0.0
23488,0.0
23489,0.0
23490,0.0
23491,0.0
23492,0.0
23493,0.0
23494,0.0
23495,0.0
23496,0.0
23497,0.0
23498,0.0
23499,0.0
23500,0.0
23501,0.0
23502,0.0
23503,0.0
23504,0.0
23505,0.0
23506,0.0
23507,0.0
23508,0.0
23509,0.0
23510,0.0
23511,0.0
23512,0.0
23513,0.0
23514,0.0
23515,0.0
23516,0.0
23517,0.0
23518,0.0
23519,0.0
23520,0.0
23521,0.0
23522,0.0
23523,0.0
23524,0.0
23525,0.0
23526,0.0
23527,0.0
23528,0.0
23529,0.0
23530,0.0
23531,0.0
23532,0.0
23533,0.0
23534,0.0
23535,0.0
23536,0.0
23537,0.0
23538,0.0
23539,0.0
23540,0.0
23541,0.0
23542,0.0
23543,0.0
23544,0.0
23545,0.0
23546,0.0
23547,0.0
23548,0.0
23549,0.0
23550,0.0
23551,0.0
23552,0.0
23553,0.0
23554,0.0
23555,0.0
23556,0.0
23557,0.0
23558,0.0
23559,0.0
23560,0.0
23561,0.0
23562,0.0
23563,0.0
23564,0.0
23565,0.0
23566,0.0
23567,0.0
23568,0.0
23569,0.0
23570,0.0
23571,0.0
23572,0.0
23573,0.0
23574,0.0
23575,0.0
23576,0.0
23577,0.0
23578,0.0
23579,0.0
23580,0.0
23581,0.0
23582,0.0
23583,0.0
23584,0.0
23585,0.0
23586,0.0
23587,0.0
23588,0.0
23589,0.0
23590,0.0
23591,0.0
23592,0.0
23593,0.0
23594,0.0
23595,0.0
23596,0.0
23597,0.0
23598,0.0
23599,0.0
23600,0.0
23601,0.0
23602,0.0
23603,0.0
23604,0.0
23605,0.0
23606,0.0
23607,0.0
23608,0.0
23609,0.0
23610,0.0
23611,0.0
23612,0.0
23613,0.0
23614,0.0
23615,0.0
23616,0.0
23617,0.0
23618,0.0
23619,0.0
23620,0.0
23621,0.0
23622,0.0
23623,0.0
23624,0.0
23625,0.0
23626,0.0
23627,0.0
23628,0.0
23629,0.0
23630,0.0
23631,0.0
23632,0.0
23633,0.0
23634,0.0
23635,0.0
23636,0.0
23637,0.0
23638,0.0
23639,0.0
23640,0.0
23641,0.0
23642,0.0
23643,0.0
23644,0.0
23645,0.0
23646,0.0
23647,0.0
23648,0.0
23649,0.0
23650,0.0
23651,0.0
23652,0.0
23653,0.0
23654,0.0
23655,0.0
23656,0.0
23657,0.0
23658,0.0
23659,0.0
23660,0.0
23661,0.0
23662,0.0
23663,0.0
23664,0.0
23665,0.0
23666,0.0
23667,0.0
23668,0.0
23669,0.0
23670,0.0
23671,0.0
23672,0.0
23673,0.0
23674,0.0
23675,0.0
23676,0.0
23677,0.0
23678,0.0
23679,0.0
23680,0.0
23681,0.0
23682,0.0
23683,0.0
23684,0.0
23685,0.0
23686,0.0
23687,0.0
23688,0.0
23689,0.0
23690,0.0
23691,0.0
23692,0.0
23693,0.0
23694,0.0
23695,0.0
23696,0.0
23697,0.0
23698,0.0
23699,0.0
23700,0.0
23701,0.0
23702,0.0
23703,0.0
23704,0.0
23705,0.0
23706,0.0
23707,0.0
23708,0.0
23709,0.0
23710,0.0
23711,0.0
23712,0.0
23713,0.0
23714,0.0
23715,0.0
23716,0.0
23717,0.0
23718,0.0
23719,0.0
23720,0.0
23721,0.0
23722,0.0
23723,0.0
23724,0.0
23725,0.0
23726,0.0
23727,0.0
23728,0.0
23729,0.0
23730,0.0
23731,0.0
23732,0.0
23733,0.0
23734,0.0
23735,0.0
23736,0.0
23737,0.0
23738,0.0
23739,0.0
23740,0.0
23741,0.0
23742,0.0
23743,0.0
23744,0.0
23745,0.0
23746,0.0
23747,0.0
23748,0.0
23749,0.0
23750,0.0
23751,0.0
23752,0.0
23753,0.0
23754,0.0
23755,0.0
23756,0.0
23757,0.0
23758,0.0
23759,0.0
23760,0.0
23761,0.0
23762,0.0
23763,0.0
23764,0.0
23765,0.0
23766,0.0
23767,0.0
23768,0.0
23769,0.0
23770,0.0
23771,0.0
23772,0.0
23773,0.0
23774,0.0
23775,0.0
23776,0.0
23777,0.0
23778,0.0
23779,0.0
23780,0.0
23781,0.0
23782,0.0
23783,0.0
23784,0.0
23785,0.0
23786,0.0
23787,0.0
23788,0.0
23789,0.0
23790,0.0
23791,0.0
23792,0.0
23793,0.0
23794,0.0
23795,0.0
23796,0.0
23797,0.0
23798,0.0
23799,0.0
23800,0.0
23801,0.0
23802,0.0
23803,0.0
23804,0.0
23805,0.0
23806,0.0
23807,0.0
23808,0.0
23809,0.0
23810,0.0
23811,0.0
23812,0.0
23813,0.0
23814,0.0
23815,0.0
23816,0.0
23817,0.0
23818,0.0
23819,0.0
23820,0.0
23821,0.0
23822,0.0
23823,0.0
23824,0.0
23825,0.0
23826,0.0
23827,0.0
23828,0.0
23829,0.0
23830,0.0
23831,0.0
23832,0.0
23833,0.0
23834,0.0
23835,0.0
23836,0.0
23837,0.0
23838,0.0
23839,0.0
23840,0.0
23841,0.0
23842,0.0
23843,0.0
23844,0.0
23845,0.0
23846,0.0
23847,0.0
23848,0.0
23849,0.0
23850,0.0
23851,0.0
23852,0.0
23853,0.0
23854,0.0
23855,0.0
23856,0.0
23857,0.0
23858,0.0
23859,0.0
23860,0.0
23861,0.0
23862,0.0
23863,0.0
23864,0.0
23865,0.0
23866,0.0
23867,0.0
23868,0.0
23869,0.0
23870,0.0
23871,0.0
23872,0.0
23873,0.0
23874,0.0
23875,0.0
23876,0.0
23877,0.0
23878,0.0
23879,0.0
23880,0.0
23881,0.0
23882,0.0
23883,0.0
23884,0.0
23885,0.0
23886,0.0
23887,0.0
23888,0.0
23889,0.0
23890,0.0
23891,0.0
23892,0.0
23893,0.0
23894,0.0
23895,0.0
23896,0.0
23897,0.0
23898,0.0
23899,0.0
23900,0.0
23901,0.0
23902,0.0
23903,0.0
23904,0.0
23905,0.0
23906,0.0
23907,0.0
23908,0.0
23909,0.0
23910,0.0
23911,0.0
23912,0.0
23913,0.0
23914,0.0
23915,0.0
23916,0.0
23917,0.0
23918,0.0
23919,0.0
23920,0.0
23921,0.0
23922,0.0
23923,0.0
23924,0.0
23925,0.0
23926,0.0
23927,0.0
23928,0.0
23929,0.0
23930,0.0
23931,0.0
23932,0.0
23933,0.0
23934,0.0
23935,0.0
23936,0.0
23937,0.0
23938,0.0
23939,0.0
23940,0.0
23941,0.0
23942,0.0
23943,0.0
23944,0.0
23945,0.0
23946,0.0
23947,0.0
23948,0.0
23949,0.0
23950,0.0
23951,0.0
23952,0.0
23953,0.0
23954,0.0
23955,0.0
23956,0.0
23957,0.0
23958,0.0
23959,0.0
23960,0.0
23961,0.0
23962,0.0
23963,0.0
23964,0.0
23965,0.0
23966,0.0
23967,0.0
23968,0.0
23969,0.0
23970,0.0
23971,0.0
23972,0.0
23973,0.0
23974,0.0
23975,0.0
23976,0.0
23977,0.0
23978,0.0
23979,0.0
23980,0.0
23981,0.0
23982,0.0
23983,0.0
23984,0.0
23985,0.0
23986,0.0
23987,0.0
23988,0.0
23989,0.0
23990,0.0
23991,0.0
23992,0.0
23993,0.0
23994,0.0
23995,0.0
23996,0.0
23997,0.0
23998,0.0
23999,0.0
24000,0.0
24001,0.0
24002,0.0
24003,0.0
24004,0.0
24005,0.0
24006,0.0
24007,0.0
24008,0.0
24009,0.0
24010,0.0
24011,0.0
24012,0.0
24013,0.0
24014,0.0
24015,0.0
24016,0.0
24017,0.0
24018,0.0
24019,0.0
24020,0.0
24021,0.0
24022,0.0
24023,0.0
24024,0.0
24025,0.0
24026,0.0
24027,0.0
24028,0.0
24029,0.0
24030,0.0
24031,0.0
24032,0.0
24033,0.0
24034,0.0
24035,0.0
24036,0.0
24037,0.0
24038,0.0
24039,0.0
24040,0.0
24041,0.0
24042,0.0
24043,0.0
24044,0.0
24045,0.0
24046,0.0
24047,0.0
24048,0.0
24049,0.0
24050,0.0
24051,0.0
24052,0.0
24053,0.0
24054,0.0
24055,0.0
24056,0.0
24057,0.0
24058,0.0
24059,0.0
24060,0.0
24061,0.0
24062,0.0
24063,0.0
24064,0.0
24065,0.0
24066,0.0
24067,0.0
24068,0.0
24069,0.0
24070,0.0
24071,0.0
24072,0.0
24073,0.0
24074,0.0
24075,0.0
24076,0.0
24077,0.0
24078,0.0
24079,0.0
24080,0.0
24081,0.0
24082,0.0
24083,0.0
24084,0.0
24085,0.0
24086,0.0
24087,0.0
24088,0.0
24089,0.0
24090,0.0
24091,0.0
24092,0.0
24093,0.0
24094,0.0
24095,0.0
24096,0.0
24097,0.0
24098,0.0
24099,0.0
24100,0.0
24101,0.0
24102,0.0
24103,0.0
24104,0.0
24105,0.0
24106,0.0
24107,0.0
24108,0.0
24109,0.0
24110,0.0
24111,0.0
24112,0.0
24113,0.0
24114,0.0
24115,0.0
24116,0.0
24117,0.0
24118,0.0
24119,0.0
24120,0.0
24121,0.0
24122,0.0
24123,0.0
24124,0.0
24125,0.0
24126,0.0
24127,0.0
24128,0.0
24129,0.0
24130,0.0
24131,0.0
24132,0.0
24133,0.0
24134,0.0
24135,0.0
24136,0.0
24137,0.0
24138,0.0
24139,0.0
24140,0.0
24141,0.0
24142,0.0
24143,0.0
24144,0.0
24145,0.0
24146,0.0
24147,0.0
24148,0.0
24149,0.0
24150,0.0
24151,0.0
24152,0.0
24153,0.0
24154,0.0
24155,0.0
24156,0.0
24157,0.0
24158,0.0
24159,0.0
24160,0.0
24161,0.0
24162,0.0
24163,0.0
24164,0.0
24165,0.0
24166,0.0
24167,0.0
24168,0.0
24169,0.0
24170,0.0
24171,0.0
24172,0.0
24173,0.0
24174,0.0
24175,0.0
24176,0.0
24177,0.0
24178,0.0
24179,0.0
24180,0.0
24181,0.0
24182,0.0
24183,0.0
24184,0.0
24185,0.0
24186,0.0
24187,0.0
24188,0.0
24189,0.0
24190,0.0
24191,0.0
24192,0.0
24193,0.0
24194,0.0
24195,0.0
24196,0.0
24197,0.0
24198,0.0
24199,0.0
24200,0.0
24201,0.0
24202,0.0
24203,0.0
24204,0.0
24205,0.0
24206,0.0
24207,0.0
24208,0.0
24209,0.0
24210,0.0
24211,0.0
24212,0.0
24213,0.0
24214,0.0
24215,0.0
24216,0.0
24217,0.0
24218,0.0
24219,0.0
24220,0.0
24221,0.0
24222,0.0
24223,0.0
24224,0.0
24225,0.0
24226,0.0
24227,0.0
24228,0.0
24229,0.0
24230,0.0
24231,0.0
24232,0.0
24233,0.0
24234,0.0
24235,0.0
24236,0.0
24237,0.0
24238,0.0
24239,0.0
24240,0.0
24241,0.0
24242,0.0
24243,0.0
24244,0.0
24245,0.0
24246,0.0
24247,0.0
24248,0.0
24249,0.0
24250,0.0
24251,0.0
24252,0.0
24253,0.0
24254,0.0
24255,0.0
24256,0.0
24257,0.0
24258,0.0
24259,0.0
24260,0.0
24261,0.0
24262,0.0
24263,0.0
24264,0.0
24265,0.0
24266,0.0
24267,0.0
24268,0.0
24269,0.0
24270,0.0
24271,0.0
24272,0.0
24273,0.0
24274,0.0
24275,0.0
24276,0.0
24277,0.0
24278,0.0
24279,0.0
24280,0.0
24281,0.0
24282,0.0
24283,0.0
24284,0.0
24285,0.0
24286,0.0
24287,0.0
24288,0.0
24289,0.0
24290,0.0
24291,0.0
24292,0.0
24293,0.0
24294,0.0
24295,0.0
24296,0.0
24297,0.0
24298,0.0
24299,0.0
24300,0.0
24301,0.0
24302,0.0
24303,0.0
24304,0.0
24305,0.0
24306,0.0
24307,0.0
24308,0.0
24309,0.0
24310,0.0
24311,0.0
24312,0.0
24313,0.0
24314,0.0
24315,0.0
24316,0.0
24317,0.0
24318,0.0
24319,0.0
24320,0.0
24321,0.0
24322,0.0
24323,0.0
24324,0.0
24325,0.0
24326,0.0
24327,0.0
24328,0.0
24329,0.0
24330,0.0
24331,0.0
24332,0.0
24333,0.0
24334,0.0
24335,0.0
24336,0.0
24337,0.0
24338,0.0
24339,0.0
24340,0.0
24341,0.0
24342,0.0
24343,0.0
24344,0.0
24345,0.0
24346,0.0
24347,0.0
24348,0.0
24349,0.0
24350,0.0
24351,0.0
24352,0.0
24353,0.0
24354,0.0
24355,0.0
24356,0.0
24357,0.0
24358,0.0
24359,0.0
24360,0.0
24361,0.0
24362,0.0
24363,0.0
24364,0.0
24365,0.0
24366,0.0
24367,0.0
24368,0.0
24369,0.0
24370,0.0
24371,0.0
24372,0.0
24373,0.0
24374,0.0
24375,0.0
24376,0.0
24377,0.0
24378,0.0
24379,0.0
24380,0.0
24381,0.0
24382,0.0
24383,0.0
24384,0.0
24385,0.0
24386,0.0
24387,0.0
24388,0.0
24389,0.0
24390,0.0
24391,0.0
24392,0.0
24393,0.0
24394,0.0
24395,0.0
24396,0.0
24397,0.0
24398,0.0
24399,0.0
24400,0.0
24401,0.0
24402,0.0
24403,0.0
24404,0.0
24405,0.0
24406,0.0
24407,0.0
24408,0.0
24409,0.0
24410,0.0
24411,0.0
24412,0.0
24413,0.0
24414,0.0
24415,0.0
24416,0.0
24417,0.0
24418,0.0
24419,0.0
24420,0.0
24421,0.0
24422,0.0
24423,0.0
24424,0.0
24425,0.0
24426,0.0
24427,0.0
24428,0.0
24429,0.0
24430,0.0
24431,0.0
24432,0.0
24433,0.0
24434,0.0
24435,0.0
24436,0.0
24437,0.0
24438,0.0
24439,0.0
24440,0.0
24441,0.0
24442,0.0
24443,0.0
24444,0.0
24445,0.0
24446,0.0
24447,0.0
24448,0.0
24449,0.0
24450,0.0
24451,0.0
24452,0.0
24453,0.0
24454,0.0
24455,0.0
24456,0.0
24457,0.0
24458,0.0
24459,0.0
24460,0.0
24461,0.0
24462,0.0
24463,0.0
24464,0.0
24465,0.0
24466,0.0
24467,0.0
24468,0.0
24469,0.0
24470,0.0
24471,0.0
24472,0.0
24473,0.0
24474,0.0
24475,0.0
24476,0.0
24477,0.0
24478,0.0
24479,0.0
24480,0.0
24481,0.0
24482,0.0
24483,0.0
24484,0.0
24485,0.0
24486,0.0
24487,0.0
24488,0.0
24489,0.0
24490,0.0
24491,0.0
24492,0.0
24493,0.0
24494,0.0
24495,0.0
24496,0.0
24497,0.0
24498,0.0
24499,0.0
24500,0.0
24501,0.0
24502,0.0
24503,0.0
24504,0.0
24505,0.0
24506,0.0
24507,0.0
24508,0.0
24509,0.0
24510,0.0
24511,0.0
24512,0.0
24513,0.0
24514,0.0
24515,0.0
24516,0.0
24517,0.0
24518,0.0
24519,0.0
24520,0.0
24521,0.0
24522,0.0
24523,0.0
24524,0.0
24525,0.0
24526,0.0
24527,0.0
24528,0.0
24529,0.0
24530,0.0
24531,0.0
24532,0.0
24533,0.0
24534,0.0
24535,0.0
24536,0.0
24537,0.0
24538,0.0
24539,0.0
24540,0.0
24541,0.0
24542,0.0
24543,0.0
24544,0.0
24545,0.0
24546,0.0
24547,0.0
24548,0.0
24549,0.0
24550,0.0
24551,0.0
24552,0.0
24553,0.0
24554,0.0
24555,0.0
24556,0.0
24557,0.0
24558,0.0
24559,0.0
24560,0.0
24561,0.0
24562,0.0
24563,0.0
24564,0.0
24565,0.0
24566,0.0
24567,0.0
24568,0.0
24569,0.0
24570,0.0
24571,0.0
24572,0.0
24573,0.0
24574,0.0
24575,0.0
24576,0.0
24577,0.0
24578,0.0
24579,0.0
24580,0.0
24581,0.0
24582,0.0
24583,0.0
24584,0.0
24585,0.0
24586,0.0
24587,0.0
24588,0.0
24589,0.0
24590,0.0
24591,0.0
24592,0.0
24593,0.0
24594,0.0
24595,0.0
24596,0.0
24597,0.0
24598,0.0
24599,0.0
24600,0.0
24601,0.0
24602,0.0
24603,0.0
24604,0.0
24605,0.0
24606,0.0
24607,0.0
24608,0.0
24609,0.0
24610,0.0
24611,0.0
24612,0.0
24613,0.0
24614,0.0
24615,0.0
24616,0.0
24617,0.0
24618,0.0
24619,0.0
24620,0.0
24621,0.0
24622,0.0
24623,0.0
24624,0.0
24625,0.0
24626,0.0
24627,0.0
24628,0.0
24629,0.0
24630,0.0
24631,0.0
24632,0.0
24633,0.0
24634,0.0
24635,0.0
24636,0.0
24637,0.0
24638,0.0
24639,0.0
24640,0.0
24641,0.0
24642,0.0
24643,0.0
24644,0.0
24645,0.0
24646,0.0
24647,0.0
24648,0.0
24649,0.0
24650,0.0
24651,0.0
24652,0.0
24653,0.0
24654,0.0
24655,0.0
24656,0.0
24657,0.0
24658,0.0
24659,0.0
24660,0.0
24661,0.0
24662,0.0
24663,0.0
24664,0.0
24665,0.0
24666,0.0
24667,0.0
24668,0.0
24669,0.0
24670,0.0
24671,0.0
24672,0.0
24673,0.0
24674,0.0
24675,0.0
24676,0.0
24677,0.0
24678,0.0
24679,0.0
24680,0.0
24681,0.0
24682,0.0
24683,0.0
24684,0.0
24685,0.0
24686,0.0
24687,0.0
24688,0.0
24689,0.0
24690,0.0
24691,0.0
24692,0.0
24693,0.0
24694,0.0
24695,0.0
24696,0.0
24697,0.0
24698,0.0
24699,0.0
24700,0.0
24701,0.0
24702,0.0
24703,0.0
24704,0.0
24705,0.0
24706,0.0
24707,0.0
24708,0.0
24709,0.0
24710,0.0
24711,0.0
24712,0.0
24713,0.0
24714,0.0
24715,0.0
24716,0.0
24717,0.0
24718,0.0
24719,0.0
24720,0.0
24721,0.0
24722,0.0
24723,0.0
24724,0.0
24725,0.0
24726,0.0
24727,0.0
24728,0.0
24729,0.0
24730,0.0
24731,0.0
24732,0.0
24733,0.0
24734,0.0
24735,0.0
24736,0.0
24737,0.0
24738,0.0
24739,0.0
24740,0.0
24741,0.0
24742,0.0
24743,0.0
24744,0.0
24745,0.0
24746,0.0
24747,0.0
24748,0.0
24749,0.0
24750,0.0
24751,0.0
24752,0.0
24753,0.0
24754,0.0
24755,0.0
24756,0.0
24757,0.0
24758,0.0
24759,0.0
24760,0.0
24761,0.0
24762,0.0
24763,0.0
24764,0.0
24765,0.0
24766,0.0
24767,0.0
24768,0.0
24769,0.0
24770,0.0
24771,0.0
24772,0.0
24773,0.0
24774,0.0
24775,0.0
24776,0.0
24777,0.0
24778,0.0
24779,0.0
24780,0.0
24781,0.0
24782,0.0
24783,0.0
24784,0.0
24785,0.0
24786,0.0
24787,0.0
24788,0.0
24789,0.0
24790,0.0
24791,0.0
24792,0.0
24793,4.75105e-318
24794,7.577373680121052e-246
24795,2.398428079135243e-249
24796,7.46544559658756e-299
24797,0.0
24798,0.0
24799,0.0
24800,0.0
24801,0.0
24802,0.0
24803,0.0
24804,0.0
24805,0.0
24806,0.0
24807,0.0
24808,0.0
24809,0.0
24810,0.0
24811,0.0
24812,0.0
24813,5.016890231082476e-255
24814,4.167364416051164e-191
24815,3.567616247258688e-222
24816,2.342445978136321e-286
24817,0.0
24818,0.0
24819,0.0
24820,0.0
24821,0.0
24822,0.0
24823,0.0
24824,0.0
24825,0.0
24826,0.0
24827,0.0
24828,0.0
24829,0.0
24830,0.0
24831,0.0
24832,0.0
24833,0.0
24834,0.0
24835,0.0
24836,0.0
24837,0.0
24838,0.0
24839,0.0
24840,0.0
24841,0.0
24842,0.0
24843,0.0
24844,0.0
24845,0.0
24846,0.0
24847,0.0
24848,0.0
24849,0.0
24850,0.0
24851,0.0
24852,0.0
24853,0.0
24854,0.0
24855,0.0
24856,0.0
24857,0.0
24858,0.0
24859,0.0
24860,0.0
24861,3.3891937574e-314
24862,0.0
24863,0.0
24864,0.0
24865,0.0
24866,0.0
24867,0.0
24868,0.0
24869,3.2769680514149465e-306
24870,3.327447901612999e-210
24871,1.4389461920929441e-171
24872,7.571718238982633e-209
24873,2.86889398455034e-263
24874,7.920687532581231e-274
24875,7.764571710151909e-272
24876,0.0
24877,0.0
24878,0.0
24879,0.0
24880,0.0
24881,0.0
24882,0.0
24883,0.0
24884,0.0
24885,0.0
24886,0.0
24887,0.0
24888,0.0
24889,0.0
24890,0.0
24891,0.0
24892,0.0
24893,0.0
24894,0.0
24895,0.0
24896,0.0
24897,0.0
24898,0.0
24899,0.0
24900,0.0
24901,5.34382343331764e-274
24902,2.190065656748333e-177
24903,8.157155044121578e-143
24904,9.93978520983563e-133
24905,1.2024681231789054e-147
24906,4.319654771329627e-195
24907,1.4492461952996283e-245
24908,1.2285710980549726e-272
24909,4.5505720113694506e-259
24910,2.874431305842841e-250
24911,3.3728595325201783e-252
24912,7.57135710344737e-259
24913,2.202395051436657e-273
24914,1.0286214355616245e-281
24915,3.347601981120045e-272
24916,2.1784733015745904e-275
24917,0.0
24918,0.0
24919,0.0
24920,0.0
24921,0.0
24922,0.0
24923,0.0
24924,0.0
24925,0.0
24926,0.0
24927,0.0
24928,0.0
24929,0.0
24930,0.0
24931,0.0
24932,0.0
24933,0.0
24934,0.0
24935,0.0
24936,0.0
24937,0.0
24938,0.0
24939,0.0
24940,0.0
24941,0.0
24942,0.0
24943,0.0
24944,0.0
24945,0.0
24946,0.0
24947,0.0
24948,0.0
24949,0.0
24950,0.0
24951,0.0
24952,0.0
24953,0.0
24954,0.0
24955,0.0
24956,0.0
24957,0.0
24958,0.0
24959,0.0
24960,0.0
24961,0.0
24962,0.0
24963,0.0
24964,0.0
24965,0.0
24966,0.0
24967,0.0
24968,0.0
24969,0.0
24970,0.0
24971,0.0
24972,0.0
24973,0.0
24974,0.0
24975,0.0
24976,0.0
24977,0.0
24978,0.0
24979,0.0
24980,0.0
24981,2.364671648157786e-244
24982,1.2945455881198763e-287
24983,0.0
24984,0.0
24985,0.0
24986,0.0
24987,1e-323
24988,1.2501074210898958e-282
24989,6.290596533148986e-243
24990,2.897798263365524e-194
24991,5.688771318134359e-182
24992,4.664280115910094e-308
24993,0.0
24994,0.0
24995,0.0
24996,0.0
24997,0.0
24998,0.0
24999,0.0
25000,0.0
25001,0.0
25002,0.0
25003,0.0
25004,0.0
25005,0.0
25006,0.0
25007,0.0
25008,0.0
25009,0.0
25010,0.0
25011,4.70297409923e-313
25012,5.860988802371123e-241
25013,1.3036124358376006e-281
25014,0.0
25015,0.0
25016,0.0
25017,0.0
25018,0.0
25019,0.0
25020,1.3238832796958036e-308
25021,7.953883854259952e-205
25022,9.828125144478425e-135
25023,5.046207696631772e-168
25024,0.0
25025,0.0
25026,0.0
25027,0.0
25028,0.0
25029,0.0
25030,0.0
25031,0.0
25032,0.0
25033,0.0
25034,0.0
25035,0.0
25036,0.0
25037,0.0
25038,0.0
25039,0.0
25040,1.6037525046069725e-258
25041,5.087704467122588e-210
25042,7.226135522762607e-180
25043,1.1188027556214103e-168
25044,6.036065080816586e-201
25045,6.358024723425473e-232
25046,0.0
25047,0.0
25048,0.0
25049,0.0
25050,0.0
25051,0.0
25052,3.906915440011999e-244
25053,1.0059137720552585e-187
25054,7.769431331175159e-212
25055,0.0
25056,0.0
25057,0.0
25058,0.0
25059,0.0
25060,0.0
25061,0.0
25062,0.0
25063,0.0
25064,0.0
25065,0.0
25066,0.0
25067,0.0
25068,0.0
25069,0.0
25070,0.0
25071,0.0
25072,0.0
25073,0.0
25074,0.0
25075,0.0
25076,0.0
25077,0.0
25078,0.0
25079,0.0
25080,0.0
25081,0.0
25082,0.0
25083,0.0
25084,0.0
25085,0.0
25086,0.0
25087,0.0
25088,0.0
25089,0.0
25090,0.0
25091,0.0
25092,0.0
25093,0.0
25094,0.0
25095,0.0
25096,0.0
25097,0.0
25098,0.0
25099,0.0
25100,0.0
25101,0.0
25102,5e-324
25103,1.517298824796915e-292
25104,0.0
25105,0.0
25106,0.0
25107,0.0
25108,0.0
25109,4.797148186788293e-309
25110,1.7726677596276396e-223
25111,2.224911886846215e-218
25112,7.696676573976613e-242
25113,9.271562822271721e-234
25114,1.499469559387118e-229
25115,2.9794177250170706e-226
25116,4.765754547750342e-232
25117,0.0
25118,0.0
25119,0.0
25120,0.0
25121,0.0
25122,0.0
25123,0.0
25124,0.0
25125,0.0
25126,0.0
25127,0.0
25128,0.0
25129,0.0
25130,0.0
25131,0.0
25132,0.0
25133,0.0
25134,0.0
25135,0.0
25136,0.0
25137,0.0
25138,0.0
25139,0.0
25140,0.0
25141,0.0
25142,1.1780534404351118e-282
25143,6.4970321498661425e-211
25144,6.1480671625782136e-180
25145,3.220933051064253e-242
25146,0.0
25147,0.0
25148,0.0
25149,0.0
25150,0.0
25151,0.0
25152,0.0
25153,0.0
25154,1.55823e-319
25155,2.815652456139263e-163
25156,1.8906461212438708e-82
25157,1.5510641981955104e-72
25158,8.752654695011719e-76
25159,4.231130383464173e-80
25160,1.4428670075521106e-85
25161,3.4238533954964213e-93
25162,2.5531575507289347e-101
25163,6.370209152402343e-115
25164,3.139143642925488e-152
25165,3.289094143066133e-292
25166,0.0
25167,0.0
25168,1.111758748956556e-172
25169,3.396719560000935e-117
25170,4.202620731591469e-105
25171,1.5563146827705238e-79
25172,6.36624417402672e-70
25173,1.101805112605887e-71
25174,5.240475952887902e-84
25175,3.2905367374645956e-109
25176,1.2542141828771162e-148
25177,3.033317643934444e-268
25178,0.0
25179,9.753084969348753e-288
25180,0.0
25181,0.0
25182,2.797789067525929e-261
25183,8.501304226780778e-136
25184,6.501526117371088e-138
25185,1.3780278134899639e-114
25186,7.085357950092484e-104
25187,7.97307099692871e-142
25188,5.708535734778523e-202
25189,2.5545616214161517e-256
25190,3.0615676330426637e-267
25191,1.6724268194216914e-248
25192,0.0
25193,0.0
25194,8.611249224832039e-169
25195,7.741705009182435e-105
25196,1.388958008424522e-130
25197,4.636444713352184e-184
25198,1.5367187317984877e-181
25199,3.216084476634969e-147
25200,4.1109341575697997e-109
25201,3.0780585607449945e-85
25202,4.015546972321838e-77
25203,2.5790663744588295e-90
25204,2.6955074497097143e-129
25205,2.6415762858218296e-215
25206,3.693834782897913e-266
25207,6.290824250519168e-291
25208,3.2445300797091154e-287
25209,2.0889343735241626e-258
25210,2.2141537725720797e-219
25211,5.672909884310808e-217
25212,0.0
25213,0.0
25214,0.0
25215,0.0
25216,0.0
25217,0.0
25218,0.0
25219,0.0
25220,2.2697e-320
25221,3.353471786314914e-183
25222,2.439686402280589e-107
25223,1.458176387900127e-78
25224,1.093250845011503e-67
25225,4.0484908091842826e-54
25226,4.025635183959685e-49
25227,2.3100182662546823e-73
25228,2.2288353150075725e-148
25229,6.552018736396449e-255
25230,0.0
25231,6.394276320657279e-285
25232,4.351069851372443e-229
25233,1.904154203558076e-193
25234,1.0944133885775401e-291
25235,2.7694836040625063e-261
25236,1.181480343171319e-188
25237,3.3767927961558544e-124
25238,4.390334344094153e-172
25239,9.63661708671e-312
25240,0.0
25241,0.0
25242,0.0
25243,0.0
25244,1.0795763479774383e-296
25245,9.232044398762384e-217
25246,1.0922925351034492e-188
25247,1.8604612477375537e-149
25248,3.991459999299176e-117
25249,4.021355745471771e-175
25250,6.825944097091466e-269
25251,0.0
25252,0.0
25253,0.0
25254,0.0
25255,1.6619015913384e-311
25256,3.641696319181675e-228
25257,1.7653089645074513e-174
25258,3.621582193434509e-146
25259,8.364700594072953e-135
25260,8.565390759692111e-147
25261,1.1247918914881984e-193
25262,1.2639612337612223e-260
25263,0.0
25264,0.0
25265,0.0
25266,0.0
25267,1.4136593146250395e-209
25268,1.3916085048771353e-258
25269,0.0
25270,0.0
25271,0.0
25272,0.0
25273,0.0
25274,0.0
25275,0.0
25276,0.0
25277,0.0
25278,0.0
25279,0.0
25280,0.0
25281,0.0
25282,0.0
25283,0.0
25284,2.566016396867127e-233
25285,6.261639219819744e-159
25286,5.009716523468193e-148
25287,3.896645192012937e-169
25288,2.5524623396509946e-198
25289,6.356176378248982e-221
25290,6.615177186515541e-230
25291,1.7836686843241792e-228
25292,1.9792935861718894e-227
25293,5.732677874181507e-249
25294,0.0
25295,0.0
25296,0.0
25297,0.0
25298,0.0
25299,0.0
25300,0.0
25301,0.0
25302,0.0
25303,4.0958103520911155e-282
25304,1.8897522694958377e-234
25305,7.0357273058717084e-217
25306,1.556046434838833e-210
25307,6.579402933512003e-214
25308,3.9545353026855223e-227
25309,4.471427696738037e-247
25310,1.6186725321082934e-267
25311,2.5473366068207907e-283
25312,1.3968424274246e-291
25313,1.4470275535372345e-290
25314,8.175694506920372e-281
25315,1.7811461165646075e-268
25316,2.0114938711984e-257
25317,1.0034082471349783e-246
25318,9.079864219817822e-233
25319,5.123923954098894e-207
25320,1.1360437335329372e-154
25321,3.7866765046435475e-138
25322,2.964302284346075e-170
25323,1.5047878088828692e-222
25324,5.639622188297323e-272
25325,1.1053778471405387e-297
25326,1.165539591293966e-270
25327,5.420451929890742e-291
25328,0.0
25329,0.0
25330,0.0
25331,0.0
25332,1.9283587678107378e-244
25333,6.296117582769104e-230
25334,0.0
25335,0.0
25336,1.5762374549522293e-283
25337,6.647945185461666e-201
25338,5.6313327028245445e-173
25339,1.6150783622783355e-155
25340,2.2655440754631562e-126
25341,1.281699785169438e-84
25342,7.178492157514022e-95
25343,3.3782360440387364e-227
25344,0.0
25345,0.0
25346,0.0
25347,1.7430929893750951e-230
25348,3.569917101006406e-265
25349,0.0
25350,0.0
25351,0.0
25352,0.0
25353,0.0
25354,0.0
25355,0.0
25356,0.0
25357,0.0
25358,0.0
25359,0.0
25360,0.0
25361,0.0
25362,0.0
25363,0.0
25364,3.708392623950493e-299
25365,5.157052713610115e-190
25366,2.038808640864003e-149
25367,2.7971212425705998e-160
25368,6.049549377332991e-195
25369,8.396251329679365e-159
25370,1.542351677674012e-144
25371,3.3248815325238116e-249
25372,0.0
25373,0.0
25374,0.0
25375,0.0
25376,0.0
25377,0.0
25378,0.0
25379,0.0
25380,2.504011751125633e-218
25381,1.8601515363936635e-179
25382,3.810743001538204e-179
25383,1.4984640230079082e-187
25384,2.6742729740013174e-219
25385,2.2313107358455317e-287
25386,0.0
25387,6.62986623888745e-308
25388,1.7016996158939354e-109
25389,3.75878120320534e-114
25390,5.306414872040176e-171
25391,5.304978920693901e-201
25392,5.674255597120778e-166
25393,1.003138005287736e-101
25394,7.001978701132571e-58
25395,1.9077236445310197e-44
25396,7.535630772065875e-54
25397,6.514023990406079e-76
25398,1.5925961271411502e-105
25399,1.3338233240440811e-132
25400,1.0189066948449263e-163
25401,5.094e-321
25402,0.0
25403,0.0
25404,0.0
25405,0.0
25406,0.0
25407,4.1484448634171295e-248
25408,1.779960570844374e-172
25409,9.132314056013107e-186
25410,4.769708207172383e-224
25411,1.9277895654424015e-247
25412,2.4507941991013308e-244
25413,9.854915275904028e-220
25414,6.821788915971403e-176
25415,1.2656740633253293e-122
25416,5.039597819608205e-84
25417,5.807672792897748e-77
25418,2.630520674447399e-128
25419,1.3597395650541178e-250
25420,0.0
25421,1.867e-320
25422,6.939928263077346e-224
25423,2.940607448833929e-204
25424,1.0231082575005489e-221
25425,0.0
25426,0.0
25427,0.0
25428,0.0
25429,0.0
25430,1.284450837119293e-303
25431,4.1e-322
25432,0.0
25433,0.0
25434,0.0
25435,0.0
25436,0.0
25437,0.0
25438,3.1885164104247103e-192
25439,1.5832623032525869e-121
25440,3.348798383821568e-150
25441,2.1340474934833816e-219
25442,1.7224649850907977e-262
25443,1.7310642483809157e-255
25444,4.599068385979352e-218
25445,3.5411754685596804e-172
25446,3.151756249179407e-133
25447,2.4059862814810844e-107
25448,3.568276906889423e-88
25449,7.803868981651532e-92
25450,1.957985783548035e-153
25451,8.695334197443155e-205
25452,1.5911666357154908e-193
25453,4.6824873791461997e-110
25454,4.650619578646113e-93
25455,4.539570914857846e-81
25456,4.4528490872463214e-80
25457,1.637288312167422e-102
25458,1.5135381033552284e-140
25459,9.76035373184187e-187
25460,1.384921268492257e-231
25461,4.2287333347755355e-261
25462,3.1103107313846146e-254
25463,7.436591941675059e-226
25464,2.8544111818285715e-214
25465,1.5398110015943882e-216
25466,1.0122312647840343e-255
25467,9.412038709639398e-201
25468,1.1658848543590326e-177
25469,4.033658213426589e-132
25470,3.556792950076908e-96
25471,3.330232055916951e-172
25472,0.0
25473,0.0
25474,0.0
25475,0.0
25476,5.297301796655524e-250
25477,7.480643182571478e-135
25478,3.15841283217425e-84
25479,2.5296833227949486e-67
25480,7.857119020410539e-106
25481,4.042721251017966e-154
25482,1.6338061207327387e-185
25483,2.8737454472050015e-162
25484,3.857496102128399e-262
25485,2.2255498059872348e-303
25486,1.0798358645455999e-119
25487,1.0894395492028696e-69
25488,6.693297223854622e-43
25489,3.1692956720139115e-52
25490,5.490163233430283e-82
25491,3.4656053561263094e-96
25492,3.2654679326811707e-106
25493,2.1973340179153967e-176
25494,1.908272242064502e-238
25495,1.1703116423579642e-181
25496,7.159448704373803e-81
25497,1.7541731034438623e-294
25498,0.0
25499,0.0
25500,0.0
25501,0.0
25502,0.0
25503,0.0
25504,0.0
25505,0.0
25506,0.0
25507,0.0
25508,0.0
25509,1.3991203773395965e-271
25510,2.7235508931093833e-187
25511,5.4766653648010585e-170
25512,9.80849634776876e-205
25513,4.8426044342519794e-291
25514,3.5974880052981374e-282
25515,4.405240038299503e-137
25516,5.169314712675344e-100
25517,1.8518379409923252e-115
25518,6.715500007747864e-124
25519,1.5543051220296927e-117
25520,8.078175080013893e-144
25521,4.778143817051582e-264
25522,0.0
25523,0.0
25524,0.0
25525,0.0
25526,0.0
25527,0.0
25528,2.596243065208025e-283
25529,1.0860198090660287e-139
25530,3.174284978522765e-84
25531,1.9326887425908966e-68
25532,3.831704069790481e-76
25533,3.0032838884057785e-88
25534,1.613236572509286e-88
25535,1.8794604031240684e-83
25536,3.396417043510199e-79
25537,2.709638821778932e-81
25538,5.255981854316704e-86
25539,1.4257305787533398e-60
25540,3.6032607293654256e-89
25541,1.3812204972403297e-159
25542,5.864850722639564e-264
25543,0.0
25544,0.0
25545,0.0
25546,0.0
25547,0.0
25548,0.0
25549,0.0
25550,0.0
25551,0.0
25552,0.0
25553,0.0
25554,0.0
25555,0.0
25556,0.0
25557,9.719406e-317
25558,8.084795672618002e-163
25559,1.6458949332399122e-58
25560,1.410970339763195e-26
25561,1.8147022582256534e-37
25562,3.804257891272822e-64
25563,3.284059797960072e-91
25564,3.2313618298538174e-110
25565,3.660877943124871e-117
25566,1.4929422992010505e-111
25567,1.4638164023810701e-100
25568,1.731711075971956e-117
25569,2.1504021840243187e-150
25570,1.2802626553700527e-225
25571,0.0
25572,3.9027775798085093e-264
25573,9.108763140796822e-197
25574,7.44050465524914e-141
25575,1.6580912023649272e-218
25576,0.0
25577,0.0
25578,0.0
25579,0.0
25580,0.0
25581,0.0
25582,0.0
25583,0.0
25584,0.0
25585,0.0
25586,0.0
25587,0.0
25588,0.0
25589,0.0
25590,0.0
25591,2.0737609276051646e-229
25592,1.3212872531201301e-186
25593,4.13247562085718e-181
25594,2.6260477152579152e-182
25595,5.210586284832144e-181
25596,3.6322165805155174e-178
25597,2.490404080631182e-170
25598,1.3455490461541268e-167
25599,6.151295202503282e-179
25600,5.277639890492792e-230
25601,2.0852114032298693e-232
25602,1.741582455682723e-209
25603,9.960573435027225e-138
25604,1.3459938226627552e-85
25605,3.1198063922857567e-74
25606,5.521756005274002e-63
25607,3.4422233299402814e-230
25608,0.0
25609,3.359599711986709e-277
25610,1.3774852907357837e-250
25611,0.0
25612,0.0
25613,3.735586121422664e-309
25614,5.072772650100872e-216
25615,7.598095126478778e-152
25616,1.4858172934833158e-152
25617,1.2651076788568953e-173
25618,1.1635093774699733e-205
25619,1.937879051232059e-223
25620,1.6630474726101152e-136
25621,1.9657669832765923e-118
25622,1.7356742107686695e-164
25623,8.229703326543281e-263
25624,0.0
25625,0.0
25626,0.0
25627,0.0
25628,0.0
25629,9.534212587583617e-277
25630,7.447614369137234e-221
25631,1.9225988607740905e-158
25632,8.42917050458341e-96
25633,9.818360232929294e-59
25634,7.508956708189592e-56
25635,7.398497322044182e-120
25636,1.014423007825785e-226
25637,3.3330327087927756e-294
25638,4.983563077800569e-277
25639,5.4899111398431345e-164
25640,1.7965415512921797e-117
25641,4.288837420436836e-123
25642,4.4473492542575e-115
25643,2.8193963936005407e-87
25644,1.5374987364025172e-104
25645,4.313438986527969e-146
25646,1.7940624628051842e-296
25647,0.0
25648,0.0
25649,0.0
25650,0.0
25651,0.0
25652,0.0
25653,1.49903001325033e-299
25654,7.966457113396389e-159
25655,4.4024458342246524e-85
25656,2.0657753155788318e-66
25657,2.8183795972578585e-87
25658,1.842509025799742e-128
25659,1.4070440996347752e-197
25660,1.9200168423603673e-134
25661,2.949014690579402e-133
25662,2.5124609053799137e-106
25663,8.27547012121044e-52
25664,1.9620233506387357e-45
25665,7.41458226898e-49
25666,3.328160360882383e-46
25667,2.8884064529344724e-57
25668,1.5964738184976365e-70
25669,2.0601301686939342e-91
25670,1.5417995078863845e-122
25671,6.684803870535478e-102
25672,3.135797803681462e-97
25673,9.955027448857176e-113
25674,1.7927320717106238e-150
25675,9.728659276931779e-198
25676,3.48760903852689e-218
25677,1.0095574485885367e-214
25678,9.750140326937126e-193
25679,4.646138595783358e-158
25680,1.1146263668047906e-119
25681,9.333298505452716e-95
25682,1.323150562516495e-97
25683,6.09563407833825e-118
25684,1.5840366028932582e-144
25685,2.8535927256811625e-166
25686,2.490653601396181e-180
25687,1.893140663607347e-185
25688,5.155699703132555e-175
25689,5.938335211253954e-180
25690,1.1502005291712495e-71
25691,4.435882501824261e-47
25692,2.337441423384762e-41
25693,1.4144986306231595e-57
25694,1.282569723846484e-153
25695,1.0931153622705447e-187
25696,1.7922128845339528e-140
25697,0.0
25698,0.0
25699,0.0
25700,0.0
25701,0.0
25702,0.0
25703,0.0
25704,0.0
25705,0.0
25706,0.0
25707,0.0
25708,0.0
25709,0.0
25710,0.0
25711,0.0
25712,0.0
25713,0.0
25714,0.0
25715,0.0
25716,0.0
25717,0.0
25718,3.4978386707274824e-307
25719,6.351758030718355e-211
25720,1.6048094186922935e-163
25721,4.998129328906086e-155
25722,3.757324000874311e-156
25723,5.5654501767636734e-151
25724,1.6316476011709256e-146
25725,2.4641814376263853e-146
25726,3.3354560153891483e-171
25727,1.0503148130547308e-125
25728,1.1386400250223454e-201
25729,2.2963844580927063e-299
25730,0.0
25731,7.3e-322
25732,3.3811907469925486e-223
25733,5.9485425097494394e-179
25734,2.9216085355460465e-173
25735,8.301966141966744e-187
25736,9.003005583726549e-206
25737,2.3671778574556753e-230
25738,9.341061688686496e-244
25739,1.121421432081163e-222
25740,2.4065514386864494e-130
25741,8.885127575232918e-117
25742,8.168469016819455e-133
25743,3.236605086844155e-276
25744,0.0
25745,0.0
25746,0.0
25747,0.0
25748,0.0
25749,1.055109298720856e-210
25750,5.398071842362359e-128
25751,2.188026861464898e-104
25752,2.6933615850953366e-115
25753,1.783913821887742e-133
25754,1.5302702970518914e-144
25755,2.328965794706292e-148
25756,1.4439633891062991e-143
25757,4.487530847155218e-133
25758,7.724867492475394e-118
25759,8.850474477586567e-101
25760,1.4375214594768793e-81
25761,2.8748365033632245e-79
25762,4.4350378618696224e-107
25763,1.392327837635348e-153
25764,4.8400660766548846e-141
25765,3.75319401690427e-80
25766,2.793368351431078e-29
25767,2.3107108710973655e-36
25768,1.6127728916503247e-32
25769,2.1696781639514657e-44
25770,5.479568361725361e-68
25771,3.6471936475403655e-96
25772,2.196869160315383e-120
25773,2.733656974869457e-111
25774,2.7127682679445917e-139
25775,0.0
25776,0.0
25777,0.0
25778,0.0
25779,0.0
25780,0.0
25781,0.0
25782,0.0
25783,0.0
25784,0.0
25785,0.0
25786,0.0
25787,0.0
25788,0.0
25789,0.0
25790,0.0
25791,0.0
25792,0.0
25793,0.0
25794,0.0
25795,0.0
25796,0.0
25797,0.0
25798,0.0
25799,0.0
25800,1.3735363723498616e-258
25801,1.0429329792831714e-169
25802,3.2818754118882726e-150
25803,6.59611476748856e-163
25804,3.66712222472714e-151
25805,3.1976692761455374e-110
25806,3.07336111043135e-88
25807,7.000055749719097e-86
25808,4.207521559205467e-93
25809,4.875201289494585e-111
25810,3.0571209723657017e-79
25811,1.989563910389315e-63
25812,5.936771642012853e-125
25813,4.4491550852068063e-207
25814,1.746827604157426e-251
25815,1.710611286922302e-252
25816,6.810609766380931e-207
25817,8.403110215178957e-72
25818,5.391725245418051e-76
25819,8.31904111168839e-151
25820,1.0823560111249638e-248
25821,0.0
25822,0.0
25823,0.0
25824,0.0
25825,0.0
25826,0.0
25827,0.0
25828,6.385931123635865e-221
25829,1.0774275247944114e-122
25830,1.4996141861325553e-95
25831,2.6368606434273677e-151
25832,1.8307814326577522e-240
25833,3.0237e-320
25834,0.0
25835,0.0
25836,4.92460342016066e-223
25837,2.7610803729425693e-69
25838,4.955497120243832e-86
25839,8.58600637928269e-173
25840,4.93529122139847e-264
25841,2.520844e-315
25842,2.9173489327e-312
25843,9.649141056657536e-272
25844,2.2181338611992297e-212
25845,4.91141212038777e-145
25846,3.6211357286020057e-84
25847,1.083713169560569e-50
25848,1.0239175563176881e-50
25849,2.4721242756041398e-88
25850,3.7516427272975545e-145
25851,2.1037745826107313e-184
25852,4.25353138455262e-190
25853,1.3975905540510268e-154
25854,7.100249720630799e-72
25855,5.7633954941638514e-70
25856,1.1601514917059816e-79
25857,7.081872201954568e-121
25858,2.3218559860839017e-162
25859,1.7094292862260321e-181
25860,1.878216775957782e-132
25861,8.29090272632163e-124
25862,2.0390078168920147e-132
25863,1.572653512169811e-153
25864,7.446016827270634e-267
25865,0.0
25866,0.0
25867,1.141503725e-315
25868,2.833788599295945e-183
25869,3.6460247547250675e-96
25870,1.3048511366193626e-74
25871,8.271772495680189e-70
25872,2.149106103487575e-68
25873,6.379019392320637e-63
25874,2.1105719203025262e-67
25875,3.2795671482332846e-80
25876,8.830025319661548e-42
25877,4.517033500814624e-87
25878,3.104420315809531e-138
25879,6.236388515268761e-142
25880,5.754568177920319e-123
25881,1.853926376352365e-79
25882,3.2671776539477585e-44
25883,6.50010016427774e-28
25884,5.317999558270995e-34
25885,3.4570662760277036e-50
25886,1.2838950848784909e-108
25887,8.67731762748616e-194
25888,7.409041799023528e-267
25889,4.441915454412424e-281
25890,2.43046298942222e-224
25891,4.0620160226626294e-141
25892,1.5830579798228812e-80
25893,3.100243069555245e-50
25894,1.1880055553511965e-40
25895,2.0480249402610013e-41
25896,1.2758582919678035e-80
25897,5.2127906950376755e-101
25898,5.33665139044261e-79
25899,2.4825280236884405e-82
25900,3.104538910838483e-75
25901,1.4039481632653034e-56
25902,1.7347952639597677e-47
25903,6.311181010434977e-32
25904,1.6678259512307428e-17
25905,1.2037655042344506e-17
25906,3.6664424460638543e-47
25907,3.502227763476899e-49
25908,2.637095409161626e-31
25909,2.2145618091854597e-46
25910,9.705493297180198e-42
25911,5.907104360983668e-38
25912,1.5773727030011913e-73
25913,6.642939214210183e-166
25914,2.46214421726e-313
25915,0.0
25916,0.0
25917,0.0
25918,0.0
25919,0.0
25920,0.0
25921,0.0
25922,0.0
25923,0.0
25924,0.0
25925,0.0
25926,2.1608901408132908e-225
25927,1.6379396709050528e-83
25928,1.4722929966635784e-65
25929,9.264907245206012e-63
25930,7.908233511819865e-60
25931,5.729105206302111e-66
25932,4.175435918766939e-95
25933,1.548220829357775e-117
25934,4.901804903952715e-69
25935,8.895299651624198e-52
25936,3.404740115692992e-67
25937,2.0704625330277167e-88
25938,2.3754740402272043e-112
25939,1.1492907510845418e-132
25940,1.111507389209101e-135
25941,2.5981237400858718e-120
25942,1.5574494537523514e-92
25943,3.4490703431814787e-56
25944,1.4275345721174793e-26
25945,8.828092834869624e-33
25946,7.966175079394074e-41
25947,1.0283035397879902e-49
25948,2.6839847270390005e-91
25949,5.1652500531117026e-121
25950,5.098507925780983e-127
25951,3.606046512918773e-102
25952,1.9416525532376983e-55
25953,5.740152748136941e-52
25954,6.529603288663505e-225
25955,0.0
25956,0.0
25957,0.0
25958,0.0
25959,0.0
25960,0.0
25961,0.0
25962,0.0
25963,0.0
25964,0.0
25965,0.0
25966,0.0
25967,0.0
25968,0.0
25969,0.0
25970,0.0
25971,0.0
25972,0.0
25973,0.0
25974,0.0
25975,5.354348364637082e-252
25976,1.7866754621670646e-112
25977,2.7681541947543024e-34
25978,8.436426308108669e-54
25979,1.1889511544330419e-107
25980,5.495810841242037e-136
25981,5.802862856534488e-125
25982,3.125257187733259e-67
25983,2.975463947770198e-52
25984,4.206931086720422e-49
25985,5.3486185927582455e-64
25986,1.53459181836368e-85
25987,1.0990268490943589e-105
25988,2.185693799357694e-107
25989,7.94462016972938e-89
25990,1.9726373429072166e-85
25991,5.587719107080593e-104
25992,1.9099635581475735e-101
25993,8.891880950179763e-35
25994,7.035196152343094e-21
25995,1.265903837756679e-19
25996,6.564483861448415e-19
25997,1.896543813581214e-139
25998,0.0
25999,0.0
26000,0.0
26001,0.0
26002,8.990217812917928e-230
26003,2.7795641833563892e-104
26004,4.8035772413884207e-67
26005,3.9717973646540575e-102
26006,1.3077151486540557e-130
26007,9.624363407471794e-141
26008,1.7793108889362213e-138
26009,8.187495956070576e-126
26010,9.867007797432145e-76
26011,1.7310287990279478e-81
26012,2.554136560196871e-97
26013,6.685800148166602e-127
26014,1.1945593294948533e-35
26015,1.2472142064989225e-23
26016,3.759834748778765e-20
26017,5.540252106673359e-27
26018,2.6468648786256868e-30
26019,3.3321259426211083e-84
26020,9.725195456563008e-219
26021,0.0
26022,0.0
26023,0.0
26024,2.80648e-318
26025,1.7074036266042822e-205
26026,3.8559954982622956e-121
26027,1.9297183363782673e-80
26028,5.024816326857241e-72
26029,8.790505466575603e-65
26030,8.184994361295966e-64
26031,1.731506250065688e-129
26032,1.6386732865646727e-177
26033,3.604930284423835e-137
26034,1.903298724658532e-148
26035,4.9305324481490465e-204
26036,8.705381641710529e-296
26037,0.0
26038,0.0
26039,0.0
26040,0.0
26041,2.134614102488279e-276
26042,3.6940905856314026e-211
26043,1.7320295579525895e-156
26044,3.7196278980390496e-111
26045,1.1254601064762671e-73
26046,1.3900138946139343e-60
26047,1.7278866170457233e-105
26048,2.9283491906009044e-161
26049,3.027857589899325e-187
26050,3.659350175692234e-157
26051,4.90302991677717e-78
26052,4.506826486860101e-50
26053,1.5254727199904441e-52
26054,5.0690284444291665e-42
26055,2.399795252677288e-25
26056,2.9695736778459802e-25
26057,1.1739755759847763e-48
26058,2.147919124806739e-46
26059,6.821485280156553e-57
26060,2.1412360098049165e-85
26061,2.1543786890970422e-51
26062,7.25582182833068e-36
26063,1.198403545418142e-43
26064,2.221374662011153e-97
26065,1.6334587854416528e-180
26066,3.287256366680965e-288
26067,0.0
26068,0.0
26069,0.0
26070,0.0
26071,0.0
26072,0.0
26073,0.0
26074,4.7e-322
26075,2.3281264583475646e-243
26076,3.7648790163449715e-220
26077,1.9882430284705324e-251
26078,0.0
26079,0.0
26080,0.0
26081,0.0
26082,0.0
26083,0.0
26084,2.5768397766499636e-303
26085,6.112718793887023e-251
26086,1.526484638111322e-218
26087,2.7851861853785742e-195
26088,3.2667841065846387e-177
26089,1.1074976102701965e-168
26090,1.5208881441255134e-166
26091,2.182957586719309e-158
26092,1.2156457433975053e-128
26093,5.2733940091837405e-80
26094,1.7917365632875824e-29
26095,3.7657928057389214e-54
26096,7.719341501778037e-74
26097,2.183372091245372e-90
26098,6.967357392619248e-99
26099,2.534125184951901e-105
26100,7.836565804515584e-98
26101,3.5835587371957384e-68
26102,2.267732575582567e-44
26103,2.0141330746300045e-56
26104,3.563542081895251e-63
26105,4.961996677768682e-38
26106,1.2282602546312706e-51
26107,5.052542743646509e-72
26108,2.9755398132477274e-77
26109,2.4038607562705595e-67
26110,3.033572054704851e-50
26111,5.816442826884091e-62
26112,5.448246095164735e-103
26113,4.3279917144309854e-108
26114,6.497976589458466e-55
26115,4.782547852604052e-40
26116,1.64473572851591e-29
26117,9.855333419456874e-23
26118,1.3755913128992747e-32
26119,4.298364786799243e-54
26120,1.6080578028887773e-61
26121,1.7222298302722797e-56
26122,1.2387397395606983e-52
26123,5.869067356481309e-44
26124,1.7950260571136504e-19
26125,7.388467707478818e-46
26126,9.387233001381156e-53
26127,1.580203852785778e-44
26128,3.5995252759294224e-33
26129,2.6552399878616587e-159
26130,0.0
26131,0.0
26132,0.0
26133,0.0
26134,0.0
26135,0.0
26136,0.0
26137,0.0
26138,0.0
26139,0.0
26140,0.0
26141,0.0
26142,0.0
26143,0.0
26144,0.0
26145,0.0
26146,0.0
26147,2.787e-321
26148,3.489969965276804e-211
26149,6.802664651783146e-195
26150,2.405428373076406e-142
26151,8.336834300052123e-58
26152,2.9255435962062686e-36
26153,5.078470768528812e-31
26154,6.594532051049166e-26
26155,2.738532975164682e-19
26156,4.0399942709845477e-16
26157,1.0895181397129636e-17
26158,1.4449433958282012e-23
26159,1.2787563950379362e-44
26160,1.9631660239404e-86
26161,1.6225512385363096e-68
26162,5.071195630225761e-138
26163,1.1797799359148709e-264
26164,0.0
26165,0.0
26166,0.0
26167,0.0
26168,0.0
26169,0.0
26170,0.0
26171,0.0
26172,4.049832892671269e-264
26173,6.766691668081799e-224
26174,2.080395225639202e-199
26175,1.2244199698112913e-178
26176,3.2541175024948375e-154
26177,8.78154663224394e-125
26178,5.068544738145758e-92
26179,4.290433359737723e-60
26180,4.019603590674744e-50
26181,4.081242825197903e-48
26182,7.642283751722473e-32
26183,8.993346498328213e-101
26184,8.233029688950441e-245
26185,0.0
26186,0.0
26187,0.0
26188,0.0
26189,0.0
26190,0.0
26191,0.0
26192,0.0
26193,7.505568368737424e-237
26194,5.677091975574339e-129
26195,9.064142319202005e-108
26196,2.1513802649202614e-130
26197,3.5808365005153984e-171
26198,5.244765617357548e-158
26199,2.0672967531645266e-136
26200,1.016943757088249e-118
26201,4.6329714735379664e-55
26202,5.795184564296386e-30
26203,2.4004184736557676e-26
26204,6.902641575283884e-23
26205,4.868548143736082e-43
26206,1.1716648310189355e-60
26207,1.8377502955242745e-66
26208,3.848885591795463e-60
26209,8.480759857899668e-106
26210,2.0848477523184654e-53
26211,2.3290216291228728e-155
26212,1.2983204276903441e-294
26213,0.0
26214,0.0
26215,3.4618141029501864e-296
26216,1.4294485203062576e-232
26217,1.5385630068037917e-183
26218,2.3889372844189045e-167
26219,1.1682034003241411e-166
26220,1.0484801158571932e-136
26221,1.5938120444717066e-86
26222,3.1553592116068746e-56
26223,1.1516754970237819e-41
26224,2.0970838629102453e-45
26225,3.5340039754115435e-44
26226,7.691488631145474e-73
26227,1.8188926194118962e-181
26228,1.4196955985797836e-257
26229,6.66600188499834e-249
26230,8.428793051463898e-227
26231,1.5675388326139244e-225
26232,2.8946188520067504e-231
26233,6.168951173686947e-146
26234,2.3452529707828623e-113
26235,2.635962127164114e-128
26236,7.197565027384987e-135
26237,8.03888565778121e-139
26238,9.781157066114056e-71
26239,9.362563119646303e-63
26240,8.1441353267345e-104
26241,2.1610121092952217e-197
26242,0.0
26243,0.0
26244,0.0
26245,0.0
26246,0.0
26247,0.0
26248,0.0
26249,0.0
26250,9.643136630947816e-167
26251,1.0549884256354357e-48
26252,8.15142897480628e-54
26253,1.4355136711833568e-128
26254,3.144852341475706e-203
26255,3.0250648418052113e-245
26256,1.0517932042222842e-239
26257,7.954317788908559e-185
26258,7.08110998253597e-90
26259,2.3553718382882813e-47
26260,1.3379911550997023e-47
26261,6.104199209030819e-54
26262,3.5420915299306223e-38
26263,4.719541221675316e-54
26264,2.262867596477475e-82
26265,3.1334656038724846e-99
26266,2.6389718039297722e-90
26267,1.3146928541234308e-75
26268,8.997999240176636e-68
26269,3.8864280779737502e-78
26270,2.2531383745503666e-100
26271,3.867016153073671e-118
26272,8.180746870835943e-125
26273,2.3871517604668216e-116
26274,3.2668862045665976e-100
26275,2.6075531834828334e-85
26276,1.6449768828707876e-101
26277,2.7036690669229363e-35
26278,8.07301636096363e-38
26279,1.1583279433552276e-43
26280,1.0076903384589575e-43
26281,6.077678139361074e-34
26282,9.080687668012892e-26
26283,2.119549067402009e-34
26284,2.980655044594084e-44
26285,4.055753033344027e-42
26286,2.5095567995970955e-34
26287,1.3800542234238002e-27
26288,2.465640290296965e-24
26289,5.184413913336135e-25
26290,1.2064465498652752e-29
26291,3.3655594872022805e-38
26292,9.408606673401447e-47
26293,2.5542562447856205e-35
26294,4.196187196018729e-32
26295,2.0436334889939057e-33
26296,9.638681413464006e-38
26297,2.434439242825518e-44
26298,3.224107976583788e-48
26299,8.870119415245054e-48
26300,3.80827230743552e-45
26301,8.440575273347712e-41
26302,2.407805897150078e-38
26303,1.9944665382448164e-43
26304,6.616429950311474e-44
26305,3.5609440191026507e-40
26306,1.222068266753416e-27
26307,2.8107905452426644e-23
26308,7.552716927286014e-21
26309,4.181122254447524e-55
26310,1.447580879984487e-183
26311,0.0
26312,0.0
26313,0.0
26314,0.0
26315,0.0
26316,0.0
26317,0.0
26318,0.0
26319,0.0
26320,0.0
26321,0.0
26322,0.0
26323,0.0
26324,0.0
26325,0.0
26326,0.0
26327,0.0
26328,0.0
26329,0.0
26330,0.0
26331,0.0
26332,0.0
26333,0.0
26334,4.1679007840981366e-281
26335,2.3364350158021334e-170
26336,5.568979009678386e-116
26337,1.7678116941839014e-79
26338,1.6396802206430846e-55
26339,1.1920481800658121e-37
26340,2.0423353820395263e-30
26341,4.278595023925702e-51
26342,2.2228111184648865e-59
26343,2.1726207284477195e-91
26344,5.290740471995917e-67
26345,2.9374494468905937e-55
26346,1.852026340608292e-55
26347,1.5362451737450314e-103
26348,6.785709954598268e-124
26349,1.4702871535675553e-122
26350,3.9859455503271804e-113
26351,5.402191369652827e-100
26352,2.465461778974819e-121
26353,8.30871066673019e-193
26354,1.6148238137348238e-302
26355,0.0
26356,0.0
26357,0.0
26358,5.555031400847559e-302
26359,1.4547296313905197e-179
26360,1.179162830872081e-116
26361,7.679411644569959e-94
26362,7.096033257133812e-121
26363,1.4834719906415761e-170
26364,1.93277777643149e-116
26365,1.631552164645377e-48
26366,1.214078803935434e-68
26367,5.282642734176989e-79
26368,1.1571319279552193e-59
26369,1.5859432874510096e-50
26370,1.319475078295128e-34
26371,6.271073487076439e-25
26372,5.8958171403499315e-18
26373,7.218585778133987e-16
26374,1.7642025688479972e-36
26375,1.1512722072476571e-52
26376,1.2118489352843542e-57
26377,7.018497367355364e-51
26378,3.509479175196736e-95
26379,1.8722096400219338e-200
26380,1.0497536723e-314
26381,0.0
26382,0.0
26383,0.0
26384,0.0
26385,5.061676539106906e-285
26386,4.3083431459669555e-217
26387,1.2883239541643815e-203
26388,1.6053006857913656e-229
26389,6.680080834762461e-259
26390,7.43201372480913e-259
26391,5.415369280618914e-246
26392,4.856573887326612e-227
26393,3.0863014487005437e-204
26394,3.9117211736871663e-166
26395,7.455299101105486e-100
26396,9.704349532703349e-80
26397,8.842602488478123e-82
26398,4.799937765745658e-67
26399,3.832468206326153e-40
26400,3.3512984519278695e-25
26401,5.935450179136242e-29
26402,1.1201514185216998e-34
26403,2.4359891721476665e-44
26404,1.054131396499813e-53
26405,1.8499763622838736e-42
26406,6.080573880298612e-39
26407,4.8199839955823665e-74
26408,1.536096702554711e-131
26409,9.309943018548547e-155
26410,9.197586159710671e-132
26411,2.221996855005207e-99
26412,3.24849702031867e-72
26413,2.006212049461671e-70
26414,3.3295851934641776e-88
26415,7.581275814705978e-115
26416,3.879947948329625e-124
26417,1.9699965260107757e-109
26418,1.0089975587815948e-90
26419,1.4761063232817912e-61
26420,1.7412552448274296e-35
26421,4.1073006043139154e-26
26422,1.1367594651936684e-52
26423,7.67304576048486e-27
26424,9.518792772362853e-97
26425,1.0428284299472625e-273
26426,0.0
26427,0.0
26428,0.0
26429,0.0
26430,0.0
26431,0.0
26432,0.0
26433,0.0
26434,0.0
26435,0.0
26436,0.0
26437,0.0
26438,0.0
26439,0.0
26440,0.0
26441,3.4512711918285433e-283
26442,2.704220022444985e-178
26443,3.453600760048393e-136
26444,3.6757740505675e-96
26445,6.983125210733651e-60
26446,6.719596857179779e-54
26447,6.902725300352565e-81
26448,3.0000483252107647e-86
26449,2.7116203371673694e-65
26450,1.3236182616914187e-70
26451,1.6548630980135655e-87
26452,5.811571342751228e-55
26453,1.024147424809266e-25
26454,2.4926420998588864e-34
26455,2.3099383294106244e-34
26456,3.5702907015208963e-26
26457,3.8993659456473136e-17
26458,3.524090470266783e-55
26459,7.311357752377185e-118
26460,1.0131651272714809e-140
26461,2.4841780674526032e-112
26462,9.10303648393939e-74
26463,1.6125084723056596e-43
26464,2.1551312008169446e-18
26465,1.2556931030798896e-24
26466,3.41732346326951e-27
26467,2.7224292354414986e-21
26468,6.088446288203976e-15
26469,8.610609195599684e-21
26470,4.378602721276462e-26
26471,2.850724233806572e-36
26472,2.5975557353321958e-39
26473,1.2164563507246755e-39
26474,4.793402747828521e-49
26475,1.303592978734082e-81
26476,4.8443694878371755e-108
26477,3.6497081515248894e-122
26478,1.082221098842774e-112
26479,5.079796699224153e-78
26480,1.564417872426529e-40
26481,1.8504541913426804e-56
26482,4.001960419522577e-101
26483,8.168174665938289e-145
26484,2.835913735996354e-153
26485,2.3919722537696288e-110
26486,9.552424034186207e-53
26487,1.0667321974099289e-25
26488,2.7073265925423374e-31
26489,2.659844476269547e-63
26490,1.410084674349209e-85
26491,5.480611933127214e-114
26492,3.872737820534488e-140
26493,8.376758858223973e-166
26494,5.573282921357051e-191
26495,5.013411536486083e-211
26496,3.728343430879395e-218
26497,6.969849368205501e-197
26498,2.288271825806076e-149
26499,6.707094768459386e-103
26500,1.3484417196913604e-64
26501,1.9363320094696595e-38
26502,7.930803333967063e-33
26503,1.3365368004533293e-62
26504,8.87143497066244e-92
26505,2.60610176835581e-95
26506,6.214899526889695e-86
26507,2.553890825636331e-72
26508,4.560600152430819e-59
26509,2.957342875170194e-45
26510,5.872077425551779e-26
26511,1.365733959063466e-32
26512,3.6436211703894186e-54
26513,5.1857144739451765e-42
26514,1.8142915813866808e-35
26515,7.778155325794379e-34
26516,8.226675514740179e-41
26517,1.0670954417838416e-57
26518,3.3017051585844967e-72
26519,8.139361222396799e-84
26520,1.2458735060912906e-83
26521,3.9172871260096713e-59
26522,4.4528244882999245e-28
26523,3.767134904328143e-20
26524,7.550386759864871e-28
26525,3.5640367495777007e-26
26526,3.4074305753600717e-31
26527,2.5974758773628628e-34
26528,9.80071145816339e-19
26529,4.5300992602334116e-17
26530,3.223013629367325e-66
26531,6.319049892727317e-74
26532,1.6192640048792789e-24
26533,4.2493844230136136e-32
26534,1.788510939003465e-67
26535,2.684700685106812e-59
26536,4.2006279614733336e-37
26537,6.874436978761273e-46
26538,4.075341511302801e-63
26539,1.6252880041488324e-76
26540,2.7376168987846894e-65
26541,1.5785116165795243e-37
26542,5.54421491857967e-18
26543,1.8323177434961718e-17
26544,5.99030961244448e-24
26545,1.6947061669203526e-30
26546,3.7330698280281734e-36
26547,2.482264729247343e-52
26548,1.2220368055411064e-86
26549,6.412386755127652e-154
26550,3.157896464509699e-200
26551,1.0562969264866361e-162
26552,1.5885285675698829e-83
26553,3.971398584320937e-41
26554,1.3585701923559665e-24
26555,1.4904693314019105e-109
26556,5.943138713103036e-277
26557,0.0
26558,0.0
26559,0.0
26560,0.0
26561,0.0
26562,0.0
26563,0.0
26564,1.0675660940613513e-276
26565,6.239378759649954e-254
26566,2.582964843017152e-287
26567,0.0
26568,0.0
26569,1.3703528590561422e-278
26570,5.1809752640572173e-228
26571,1.2695132291405648e-159
26572,2.623788203677807e-119
26573,2.583101280850013e-127
26574,2.8186315074627416e-88
26575,8.005020312879997e-36
26576,4.596186823107479e-53
26577,1.3233843319714378e-65
26578,1.3956744100093028e-56
26579,2.2367547747269637e-42
26580,1.1419310933629993e-39
26581,3.0003602849998226e-30
26582,2.1859973503744845e-21
26583,9.014520347804799e-41
26584,9.57677377307573e-40
26585,1.729675088674485e-26
26586,3.012083446432275e-16
26587,1.7172955128712308e-13
26588,6.1102133841867416e-18
26589,4.646397751564917e-25
26590,1.522931376509512e-24
26591,8.293922022940503e-21
26592,1.1500596113156373e-24
26593,1.6281816437219465e-23
26594,3.021700643136601e-27
26595,2.3510956908258005e-28
26596,1.5022582346817557e-34
26597,4.0284324845254775e-77
26598,1.2268208846887935e-116
26599,9.366466149623488e-144
26600,2.6634511307902734e-151
26601,6.928386358930912e-150
26602,1.6916788488785635e-143
26603,1.9595144191212827e-120
26604,1.317060073662287e-90
26605,1.0311356187647363e-51
26606,1.7356791981175876e-40
26607,2.865958096072882e-148
26608,6.391262060187716e-278
26609,0.0
26610,0.0
26611,5.56746504321337e-309
26612,7.889684518145277e-248
26613,4.1076243783264326e-200
26614,1.5112759057680319e-170
26615,1.8952024419001087e-141
26616,1.0020907809785485e-82
26617,6.724008297487155e-55
26618,2.512475628752055e-42
26619,3.3713819140232664e-37
26620,3.5541251630165977e-36
26621,1.1216052173504982e-38
26622,3.077123375426994e-42
26623,1.4248426540717803e-43
26624,4.972796687422856e-41
26625,1.409177012890154e-46
26626,1.2152987405310951e-23
26627,1.7257943447328303e-27
26628,6.3984036376450635e-52
26629,3.2095750045693383e-49
26630,5.365009468341598e-50
26631,4.59206759182818e-45
26632,2.34202550328277e-68
26633,3.644318068995803e-145
26634,2.7871831982628445e-277
26635,0.0
26636,0.0
26637,0.0
26638,0.0
26639,0.0
26640,0.0
26641,0.0
26642,5.07277035217486e-309
26643,4.380848585131442e-230
26644,1.548191155761026e-156
26645,1.2751799240799011e-95
26646,8.201396506108985e-55
26647,3.6657024942214884e-33
26648,5.667843317631973e-28
26649,3.4777127142366514e-27
26650,2.051263709378007e-27
26651,4.941910343333641e-30
26652,5.776326895123107e-91
26653,7.58902148034997e-180
26654,1.2350121675798472e-254
26655,3.2418038825270967e-262
26656,1.9718769257579535e-238
26657,1.381864184551623e-221
26658,2.9920354695062883e-230
26659,3.8918959900882857e-258
26660,1.0495728785119972e-303
26661,0.0
26662,0.0
26663,0.0
26664,6.944002657481454e-296
26665,1.1408124117872196e-148
26666,4.652901771472559e-102
26667,2.7090107214844427e-89
26668,8.413622666349796e-103
26669,1.3476835878869027e-153
26670,2.5184054192902942e-172
26671,7.930781751949618e-164
26672,2.9253593655599375e-137
26673,1.1540193815573602e-98
26674,5.3237308232980395e-58
26675,6.233667541436551e-43
26676,1.0406488260062057e-42
26677,2.211473989299733e-52
26678,6.052099988933082e-82
26679,1.0687566106911423e-145
26680,8.552816204875572e-202
26681,6.776508804894624e-245
26682,1.4959209776907186e-269
26683,3.1896918898127697e-260
26684,7.418322998175664e-208
26685,1.932041968533887e-140
26686,7.575127166042465e-79
26687,3.9989121617502656e-50
26688,1.6644934855042473e-44
26689,3.5486480517794823e-56
26690,2.7168300365990526e-55
26691,3.258507669665945e-57
26692,7.83392470503247e-59
26693,4.017476272908039e-58
26694,1.0136033114818832e-51
26695,5.450843474990908e-38
26696,2.832406758766156e-28
26697,1.568617527874149e-25
26698,1.1154745509001635e-22
26699,7.440892981994952e-19
26700,1.4145900879575133e-25
26701,3.368369191403969e-20
26702,2.5357485264363072e-36
26703,3.1277642346609736e-53
26704,4.5312793988419337e-51
26705,2.6893244603564355e-35
26706,7.770187056139058e-21
26707,6.227447432596748e-62
26708,3.5968016335462105e-211
26709,0.0
26710,0.0
26711,0.0
26712,0.0
26713,0.0
26714,0.0
26715,0.0
26716,0.0
26717,0.0
26718,0.0
26719,0.0
26720,0.0
26721,0.0
26722,0.0
26723,0.0
26724,0.0
26725,0.0
26726,0.0
26727,1.918641187546246e-282
26728,5.255228313426178e-263
26729,4.0976551960434954e-280
26730,1.023237088819988e-265
26731,9.11514565699542e-189
26732,1.1932765927297357e-128
26733,5.214397849612893e-70
26734,1.2001351691149622e-75
26735,1.653880218392981e-135
26736,1.18647517876589e-192
26737,1.2468308221749035e-215
26738,4.9743866155330275e-195
26739,1.5689396796420276e-147
26740,1.583858555389668e-97
26741,6.145843435610611e-56
26742,6.117547563904925e-22
26743,1.547791880385396e-47
26744,5.043087844060922e-82
26745,6.386632262228407e-105
26746,1.5885926559775783e-111
26747,2.575569271838478e-108
26748,1.1687605870019988e-102
26749,4.365121779593429e-100
26750,8.498540067696266e-103
26751,3.832576968790669e-108
26752,1.7422379830174676e-111
26753,6.164876118756329e-110
26754,1.4003252122757666e-102
26755,4.7907146972619266e-89
26756,1.610731112228118e-67
26757,2.0928905150413888e-41
26758,2.090139444028987e-46
26759,1.823341035153663e-64
26760,6.268493038500375e-62
26761,1.584183607868622e-63
26762,4.841603064199134e-75
26763,2.6603583487523044e-97
26764,2.2687977959345117e-125
26765,4.188734531916417e-147
26766,5.018235195046466e-145
26767,2.958888162648693e-133
26768,1.144914453190317e-103
26769,2.7670433213479774e-41
26770,2.2618400761907186e-34
26771,7.3175391107769315e-16
26772,1.955323283819958e-15
26773,2.9183760668523547e-13
26774,3.6606896367464674e-14
26775,1.59544969156968e-17
26776,2.0392257659575815e-29
26777,1.7256494177454664e-40
26778,2.090348429019762e-28
26779,5.101999392604471e-28
26780,2.2914508266598812e-25
26781,1.3436627696041673e-21
26782,6.4515791857949504e-24
26783,3.304970004849811e-23
26784,1.0968607285862408e-25
26785,1.7875824687861772e-37
26786,1.9041842734221304e-55
26787,7.655258919366332e-38
26788,2.2412729645278755e-40
26789,6.235136780209158e-61
26790,7.728335327343991e-82
26791,4.5551711944425055e-96
26792,7.327291953346199e-96
26793,5.745306692988845e-75
26794,1.4273043709743851e-52
26795,1.1633123460398722e-28
26796,7.682227870978651e-86
26797,3.030231975752688e-272
26798,0.0
26799,0.0
26800,0.0
26801,0.0
26802,0.0
26803,0.0
26804,0.0
26805,0.0
26806,0.0
26807,0.0
26808,0.0
26809,0.0
26810,0.0
26811,0.0
26812,0.0
26813,0.0
26814,0.0
26815,0.0
26816,0.0
26817,0.0
26818,0.0
26819,0.0
26820,0.0
26821,0.0
26822,0.0
26823,0.0
26824,0.0
26825,7.4e-323
26826,2.7806800148671435e-270
26827,2.1073938325855488e-267
26828,1.48165e-319
26829,0.0
26830,4.9864066361796646e-253
26831,7.620083195704496e-229
26832,5.737243339772052e-296
26833,0.0
26834,2.2755797e-316
26835,4.0746827336089236e-185
26836,1.80727920409214e-107
26837,1.571461739532719e-66
26838,6.819067360690431e-59
26839,3.4212620874714044e-62
26840,5.634567314384766e-67
26841,1.889982023206054e-84
26842,1.8809377890235253e-110
26843,8.669672780312851e-121
26844,2.631747705677487e-91
26845,1.52873528071096e-30
26846,2.5385362157053536e-84
26847,9.5341324853836e-203
26848,0.0
26849,0.0
26850,0.0
26851,0.0
26852,0.0
26853,0.0
26854,0.0
26855,0.0
26856,0.0
26857,0.0
26858,0.0
26859,3.6540488219153574e-244
26860,1.4122641609902578e-144
26861,1.4827503317124741e-68
26862,2.335164146621383e-27
26863,1.5291430820553165e-16
26864,3.536121231657668e-18
26865,8.055766062628259e-21
26866,1.3272389097529968e-19
26867,1.903622345860996e-14
26868,1.1344774356653154e-14
26869,3.963691290042986e-18
26870,7.197229312584289e-29
26871,7.485055393168241e-60
26872,2.5698740984272137e-35
26873,2.463537463579315e-21
26874,1.3676635167565638e-32
26875,7.854333120897396e-46
26876,7.496571916550828e-55
26877,1.1099612384706952e-43
26878,3.7849172820533235e-25
26879,2.3553204179623775e-24
26880,2.0868394276544707e-40
26881,4.125848169510959e-60
26882,2.894563471654579e-79
26883,6.72757045677568e-91
26884,7.626111199128002e-82
26885,6.397267691055673e-61
26886,6.164242240267162e-48
26887,3.157155963811046e-39
26888,7.198881997975745e-29
26889,1.3037625309193664e-35
26890,5.34456647124136e-79
26891,9.915480296651802e-122
26892,2.022676899823947e-142
26893,2.6089227341709605e-125
26894,9.588048283317808e-83
26895,2.3070136595381865e-47
26896,4.421432054111705e-29
26897,8.511915373895572e-20
26898,8.893905087682819e-19
26899,3.6012573729951165e-26
26900,4.851695858644405e-40
26901,2.329154131162058e-55
26902,1.0185490989270217e-66
26903,2.436389397489655e-73
26904,4.755914123250321e-75
26905,1.6213979660000727e-69
26906,1.8293476909897751e-53
26907,6.33068801125381e-29
26908,6.757034238212458e-16
26909,4.40843022092438e-13
26910,3.645588822500373e-13
26911,2.0141995547966232e-13
26912,1.3754120591445535e-15
26913,2.5274497598573868e-18
26914,8.880194869419622e-38
26915,2.7017278939254627e-17
26916,8.646957163366663e-20
26917,1.4196651797536541e-39
26918,3.6121227182490505e-61
26919,1.5828531637271253e-69
26920,4.094824786281251e-73
26921,1.399964028670708e-164
26922,0.0
26923,0.0
26924,0.0
26925,0.0
26926,0.0
26927,0.0
26928,0.0
26929,0.0
26930,0.0
26931,0.0
26932,0.0
26933,0.0
26934,0.0
26935,0.0
26936,0.0
26937,0.0
26938,0.0
26939,0.0
26940,0.0
26941,0.0
26942,0.0
26943,1.028474615223136e-296
26944,9.420238044515188e-150
26945,6.547672713677008e-52
26946,3.9571503692831944e-35
26947,3.097381882032044e-28
26948,5.642612860884413e-18
26949,5.565200631004288e-16
26950,5.396225901147606e-28
26951,4.4672243889978455e-32
26952,7.146701766228335e-25
26953,9.178398140239274e-24
26954,2.0171744795581063e-19
26955,3.220026386808264e-25
26956,2.719175092023269e-67
26957,1.2474996460292727e-138
26958,1.0227112789246393e-207
26959,2.928263059764001e-235
26960,4.596150530286309e-229
26961,6.288158818152711e-194
26962,2.4552968391461664e-124
26963,1.9267700129102422e-33
26964,8.556554238153308e-25
26965,1.8784802664718922e-70
26966,8.873196245297059e-116
26967,1.9464979433915585e-89
26968,3.7357350303279335e-69
26969,2.6333825225137464e-67
26970,1.0802057463620118e-70
26971,1.4781509585799856e-40
26972,2.5696552389852473e-24
26973,1.3800348789459682e-18
26974,2.1250361143923688e-23
26975,9.583996166194543e-57
26976,6.82579470956347e-77
26977,8.869801650920552e-102
26978,1.9792375081589286e-96
26979,2.0338350909101843e-59
26980,2.9162269106163946e-26
26981,3.3111967823597803e-28
26982,1.3295467560292671e-79
26983,5.808339704591666e-125
26984,1.6951258519558905e-128
26985,2.3025798897228104e-107
26986,6.012222593534294e-80
26987,2.371690184892465e-47
26988,5.432247948085258e-21
26989,1.813809415371475e-46
26990,1.0240156663337058e-119
26991,1.4825556490299832e-162
26992,2.4751651689030498e-158
26993,1.8406697849553558e-103
26994,1.0759148043837415e-51
26995,1.7350776056317248e-16
26996,1.4489379307904052e-17
26997,5.261141851700804e-21
26998,1.3901135388958764e-50
26999,8.22461201439389e-87
27000,6.191436042036149e-90
27001,3.116119250433896e-49
27002,4.745666627772736e-38
27003,3.5364219209307175e-83
27004,0.0
27005,0.0
27006,0.0
27007,0.0
27008,0.0
27009,0.0
27010,0.0
27011,0.0
27012,0.0
27013,0.0
27014,0.0
27015,0.0
27016,0.0
27017,0.0
27018,0.0
27019,0.0
27020,0.0
27021,0.0
27022,3.049219017439387e-286
27023,6.369916308942628e-251
27024,4.090754850445053e-225
27025,2.5187867476773127e-219
27026,4.287931387520096e-248
27027,4.6886531517987325e-228
27028,1.8826358761093077e-284
27029,8.073483120764527e-166
27030,5.012798676366709e-133
27031,1.2302488807219105e-218
27032,2.482945041466e-312
27033,0.0
27034,0.0
27035,0.0
27036,0.0
27037,0.0
27038,0.0
27039,2.34688066366936e-251
27040,1.500514934022356e-186
27041,1.8901089927761092e-140
27042,7.25980190267713e-111
27043,1.566677344872148e-169
27044,4.935911440278132e-243
27045,2.984e-321
27046,0.0
27047,0.0
27048,0.0
27049,0.0
27050,0.0
27051,0.0
27052,0.0
27053,1.2774587515355323e-300
27054,9.645549249950764e-205
27055,2.4476633279928572e-126
27056,4.5171987532429375e-83
27057,2.7417984249836476e-72
27058,5.0093499724118665e-40
27059,4.2771559063703624e-41
27060,4.959994621926111e-52
27061,2.823421624144397e-65
27062,3.119672438718807e-72
27063,1.746650086921003e-64
27064,3.887299005658289e-53
27065,2.8544848782817424e-45
27066,1.0014480220560603e-45
27067,1.1119331374779319e-56
27068,2.015755717162576e-74
27069,2.0631642479217567e-85
27070,4.232326090192737e-79
27071,3.777063148872153e-58
27072,6.649987733870346e-48
27073,1.0134932982405137e-78
27074,5.961578425954792e-74
27075,1.3355856326715492e-47
27076,1.2408616349993595e-43
27077,3.084205942609364e-64
27078,5.48466139957113e-79
27079,1.3717524294289392e-57
27080,2.906721763855773e-55
27081,3.644961672792289e-67
27082,3.855029928203827e-33
27083,2.4668727623548166e-22
27084,1.9667026684523667e-29
27085,7.818713008849167e-31
27086,1.1957831761259796e-16
27087,3.8207732377014964e-21
27088,1.6092933517850403e-17
27089,1.6435015386035022e-20
27090,2.267693386086025e-64
27091,3.278515629388375e-147
27092,1.5997137587233547e-188
27093,8.124812510476852e-145
27094,2.8339577630555387e-81
27095,2.411738933284349e-46
27096,9.244772960262261e-47
27097,1.545925643968313e-75
27098,1.3021413308129245e-67
27099,8.114259000957878e-43
27100,4.971841967671954e-38
27101,9.451316691512025e-27
27102,3.4397352366623163e-37
27103,1.688543443671343e-44
27104,2.079438373084567e-28
27105,1.6141531420665777e-17
27106,6.036493199434139e-17
27107,5.5213460307636075e-17
27108,2.8959679919474843e-43
27109,7.690602714122642e-85
27110,2.4144014344919326e-124
27111,5.244474754344953e-159
27112,4.47200797407933e-196
27113,1.0961364200554658e-266
27114,0.0
27115,0.0
27116,0.0
27117,0.0
27118,0.0
27119,0.0
27120,0.0
27121,0.0
27122,0.0
27123,0.0
27124,0.0
27125,0.0
27126,0.0
27127,1.0121012597828167e-279
27128,3.2737129827547814e-245
27129,8.145267615620156e-205
27130,5.522065508128053e-156
27131,6.669558917352982e-111
27132,4.681538675344058e-83
27133,5.39016946985566e-66
27134,4.1155647519801393e-50
27135,3.8325702299649544e-41
27136,5.372027465505665e-37
27137,2.0843710877927147e-13
27138,2.2438985215736402e-20
27139,5.780521407632897e-17
27140,8.199584166972183e-20
27141,6.942899558265294e-21
27142,8.153293601351013e-19
27143,3.4910081569937915e-24
27144,7.380390525131489e-29
27145,5.886462235326153e-31
27146,7.688363895421776e-36
27147,5.834518370189809e-41
27148,1.5392207479748588e-47
27149,9.819496816271326e-57
27150,6.276340420423317e-61
27151,1.4533641905030344e-57
27152,9.723997694858906e-41
27153,2.553110448612363e-26
27154,6.098105102916565e-15
27155,5.563073413378663e-32
27156,5.820505408824744e-97
27157,3.101788377514738e-183
27158,6.739092830986399e-238
27159,4.649129336363471e-249
27160,6.2078715069878835e-233
27161,2.6195766339848754e-215
27162,4.92083670944466e-211
27163,1.3050983796875613e-176
27164,1.338489655128271e-131
27165,2.9180904197799346e-101
27166,3.2239139015589846e-95
27167,6.70612988306883e-94
27168,2.889031511782631e-98
27169,1.0980888737336327e-120
27170,1.1808864484140011e-138
27171,1.1156948402151798e-114
27172,6.23838822977484e-75
27173,2.600278825021109e-38
27174,1.032584045574693e-29
27175,1.2649906144029357e-38
27176,3.2781603402410174e-37
27177,2.0647404783299932e-60
27178,5.287178101197185e-146
27179,2.1433258696916933e-263
27180,0.0
27181,0.0
27182,0.0
27183,5.704493110025686e-273
27184,2.4952157775808237e-176
27185,1.781616083936361e-112
27186,2.372914215423709e-71
27187,1.3636927836145179e-48
27188,8.937117497884897e-40
27189,2.956717696210145e-35
27190,2.335581290105798e-25
27191,1.447119323764153e-14
27192,4.120779352306471e-33
27193,2.873555837471796e-90
27194,1.0321920327775103e-96
27195,2.0874269092414356e-46
27196,5.503148779359441e-37
27197,3.9647754890188384e-45
27198,2.2547907716464523e-52
27199,6.534705141356873e-38
27200,5.986721835703637e-19
27201,2.3631873537474098e-21
27202,2.899532433868188e-35
27203,4.2153815591980007e-54
27204,5.2925544240905005e-59
27205,7.966386847374e-57
27206,5.007604628263783e-47
27207,1.9345267262351396e-52
27208,6.730193946671704e-54
27209,4.093525765163894e-51
27210,2.8283606381879574e-43
27211,3.0965291900301794e-48
27212,1.0197871214657762e-70
27213,1.4692758545186515e-86
27214,2.7443190762804447e-81
27215,8.530805211565235e-62
27216,3.307771926248085e-36
27217,1.2330709504119203e-18
27218,1.1014341901776653e-26
27219,9.476480122380018e-47
27220,7.520005078487858e-63
27221,4.560860819661973e-67
27222,6.16756608433961e-54
27223,8.385717702852819e-45
27224,1.3226443000054207e-41
27225,2.2424738906429325e-39
27226,1.2642872016000118e-29
27227,3.7290472181190615e-33
27228,9.650177827233969e-49
27229,3.9099290622797394e-60
27230,3.63946814467019e-63
27231,4.274106542683439e-58
27232,1.2976576517533247e-45
27233,7.630814008925199e-30
27234,2.2080531911014154e-23
27235,4.135917844368495e-37
27236,8.735639101987527e-66
27237,1.744873512659674e-98
27238,4.7493703858650354e-122
27239,4.268671074772295e-125
27240,3.944680742108349e-106
27241,2.1079733773019814e-76
27242,6.271960171094862e-50
27243,2.1574349822058213e-32
27244,3.27619392124422e-25
27245,1.6792243315494803e-24
27246,1.668653211192648e-26
27247,5.200206588661139e-31
27248,3.732780994748675e-41
27249,2.754453109174949e-65
27250,4.612836976954075e-109
27251,4.461810361227961e-169
27252,1.0831965437347889e-218
27253,4.127909610458819e-173
27254,9.448800844644651e-131
27255,8.819920753905739e-101
27256,2.0868284163523363e-87
27257,1.7755600996351118e-95
27258,1.0066976995032418e-110
27259,4.0405395240978697e-116
27260,2.832870638256468e-115
27261,1.0265809259202095e-107
27262,4.7850265253144016e-92
27263,3.5052235967972025e-69
27264,9.121163358983968e-45
27265,5.9266846231545076e-27
27266,7.564759479889076e-18
27267,9.639322911765845e-15
27268,3.8646879049451905e-13
27269,1.5284716117103996e-35
27270,3.129797816359225e-87
27271,1.4047788778849153e-146
27272,1.5169468328775689e-199
27273,1.620202686564157e-235
27274,3.7471003904343306e-209
27275,1.4548371643070676e-152
27276,4.947006307657517e-96
27277,1.3864662208151939e-43
27278,6.86995853793667e-24
27279,7.588036201155833e-25
27280,1.8008103468716527e-50
27281,3.5538155441395437e-56
27282,2.956611029463106e-48
27283,1.9691832891288867e-31
27284,9.577754879287642e-16
27285,2.473410350372496e-24
27286,3.3880975591353408e-47
27287,1.8452014957479912e-66
27288,1.4433609535307385e-64
27289,1.759911152335067e-51
27290,4.476212304331379e-47
27291,2.1991782825011507e-46
27292,1.7829298881209202e-34
27293,1.912787187997758e-32
27294,1.922822233407699e-57
27295,9.822502604558102e-89
27296,8.22736777025127e-120
27297,5.768862630917226e-149
27298,1.9543347506299305e-176
27299,8.490248582924568e-186
27300,1.1861557864743093e-143
27301,1.7025131359874247e-90
27302,6.949006688309701e-52
27303,1.4450659294431748e-33
27304,1.489411718989765e-31
27305,1.4432629668458655e-34
27306,2.8075461308427953e-30
27307,1.1264604361930022e-26
27308,4.2182365577019285e-21
27309,1.3339352656830182e-20
27310,5.249043781060569e-37
27311,1.9358351332476754e-54
27312,2.702322390730427e-34
27313,2.1239049099384402e-36
27314,2.812577561585018e-23
27315,1.569752126566891e-37
27316,3.24643854863264e-69
27317,1.5243055450254374e-105
27318,9.487450066776084e-127
27319,1.4342854986134154e-124
27320,1.5616497373895522e-104
27321,6.718401344191276e-70
27322,9.754841999109968e-32
27323,4.516672889193374e-15
27324,4.445074739674355e-33
27325,4.280388023628747e-46
27326,1.534549808215051e-41
27327,1.7640533191081087e-19
27328,9.405720725922566e-39
27329,1.7954501092230528e-94
27330,7.061428159599449e-105
27331,3.839485757494948e-64
27332,3.2994921774153796e-22
27333,2.625196098568169e-50
27334,8.233026535200308e-177
27335,1.9956219030795234e-253
27336,1.2843771656362755e-220
27337,8.620284682040194e-97
27338,2.751396298062784e-31
27339,2.2640643940312015e-16
27340,1.3089094970642667e-20
27341,1.8907104899878362e-16
27342,1.2107469607831608e-74
27343,7.217839779492418e-119
27344,5.7857315047889347e-98
27345,1.2442082571137964e-77
27346,2.3036250263633132e-61
27347,4.447727305961233e-33
27348,1.3089525136603086e-19
27349,2.247642718553113e-94
27350,2.6492171924190677e-298
27351,0.0
27352,0.0
27353,0.0
27354,0.0
27355,0.0
27356,0.0
27357,0.0
27358,0.0
27359,0.0
27360,0.0
27361,0.0
27362,0.0
27363,1.774930242838633e-250
27364,4.795226437789551e-163
27365,2.96966015277876e-131
27366,1.927335760502524e-130
27367,8.78317847906563e-151
27368,1.2534046991251923e-204
27369,3.2183399853067104e-213
27370,6.145383815584527e-119
27371,1.6595662148494067e-60
27372,6.252815143914845e-33
27373,1.1539931468981674e-20
27374,3.3725548176951243e-54
27375,4.640146926774792e-80
27376,5.721742026660024e-76
27377,1.3330336399845743e-49
27378,3.6682549356683615e-46
27379,5.262515645553768e-41
27380,1.0215548681930996e-180
27381,0.0
27382,0.0
27383,0.0
27384,0.0
27385,0.0
27386,0.0
27387,0.0
27388,0.0
27389,0.0
27390,0.0
27391,0.0
27392,0.0
27393,0.0
27394,0.0
27395,0.0
27396,0.0
27397,0.0
27398,8.773669640171102e-306
27399,1.4850952346865503e-220
27400,1.1326935763092205e-157
27401,1.872388534562772e-122
27402,1.8206922053939024e-95
27403,2.8324641858590806e-66
27404,8.251989552845333e-38
27405,5.8118293089775046e-33
27406,2.7963481649772076e-38
27407,7.541244107905502e-34
27408,2.7428209668488755e-24
27409,3.066821324840277e-26
27410,3.302681731419333e-22
27411,1.2445999868046315e-37
27412,4.0214987293502614e-50
27413,2.150115832456651e-33
27414,3.1435544945975274e-27
27415,1.4732817769446605e-24
27416,1.0549309699922432e-20
27417,1.0563713080889939e-27
27418,1.0650734496583064e-40
27419,9.779767133174144e-37
27420,1.902214626881145e-40
27421,3.6850788722709055e-57
27422,1.0438786194037455e-52
27423,1.9451582405872476e-22
27424,1.920309697609962e-20
27425,1.7306801416851994e-22
27426,2.8525647129421523e-21
27427,1.278919985797021e-47
27428,1.4358726278423814e-99
27429,4.343040935055055e-168
27430,1.3269348691482409e-250
27431,0.0
27432,0.0
27433,0.0
27434,0.0
27435,1.02746e-319
27436,5.083980411323462e-300
27437,2.854884287243587e-305
27438,1.717275521454675e-309
27439,1.1330724064569209e-297
27440,1.334471547259894e-246
27441,6.08891222599094e-185
27442,2.612923468072519e-85
27443,6.0695298851518545e-46
27444,6.605136825325855e-49
27445,1.4391203834909507e-50
27446,6.4846592666099e-36
27447,8.700913601778714e-27
27448,6.50933486757556e-42
27449,7.275066405077278e-46
27450,1.5428243908927824e-28
27451,6.753033122708376e-24
27452,1.5385813919621352e-97
27453,2.295797309365791e-224
27454,0.0
27455,0.0
27456,0.0
27457,0.0
27458,0.0
27459,0.0
27460,0.0
27461,0.0
27462,9.075160249135795e-303
27463,4.2784107873382e-301
27464,1.34454817e-316
27465,0.0
27466,0.0
27467,0.0
27468,0.0
27469,1.3555764173569903e-273
27470,2.177454656912299e-207
27471,1.9784026812301384e-153
27472,1.7186209473670718e-119
27473,4.6316126696263866e-114
27474,9.837723120402914e-71
27475,2.1166788767128922e-42
27476,4.9746304073822165e-26
27477,1.7293678963372997e-21
27478,6.392696098968176e-29
27479,8.922833505621277e-52
27480,3.3593077802501937e-103
27481,9.626993512940935e-115
27482,1.2153009928089916e-108
27483,3.7516522679480803e-81
27484,8.328725999986202e-53
27485,1.2032568291825952e-40
27486,6.584102987728378e-27
27487,4.1195446349031735e-32
27488,9.47372332864358e-52
27489,2.50955840205343e-80
27490,6.6770778118130025e-105
27491,5.207654625871039e-110
27492,6.530331633778144e-94
27493,1.727545850575441e-62
27494,2.4525017282514815e-30
27495,2.60923974806297e-50
27496,7.238506104663135e-124
27497,6.438391031597286e-197
27498,1.826681506992014e-209
27499,1.2113655307488088e-156
27500,4.260473665051289e-87
27501,1.2100877753133361e-40
27502,6.533184886083852e-26
27503,7.854516558074047e-33
27504,9.10064843837096e-47
27505,3.8659356225521386e-57
27506,1.2748398814495306e-59
27507,1.2741211222449126e-52
27508,3.2798058010820856e-35
27509,4.437699305218722e-22
27510,1.0295929360926245e-70
27511,7.779147012109339e-210
27512,0.0
27513,0.0
27514,0.0
27515,0.0
27516,0.0
27517,1.5051267714366798e-186
27518,7.877416801056065e-35
27519,1.7973772722552227e-30
27520,2.068349257391976e-66
27521,4.729936607685285e-105
27522,2.787258233131747e-133
27523,2.9219052448115867e-148
27524,1.5563502752100365e-152
27525,6.295307060006089e-150
27526,7.493450615936209e-143
27527,3.071491755409828e-131
27528,3.644622604410464e-111
27529,4.5183267176355686e-89
27530,1.6090094067023352e-70
27531,2.213944044155988e-55
27532,2.4170860856503985e-44
27533,2.3570449200115893e-40
27534,5.117494306878253e-39
27535,1.3475354389628492e-35
27536,5.049384825304718e-38
27537,6.061000386733361e-23
27538,3.155254436408114e-67
27539,1.0853742929687609e-271
27540,0.0
27541,0.0
27542,0.0
27543,0.0
27544,0.0
27545,0.0
27546,0.0
27547,0.0
27548,0.0
27549,0.0
27550,2.1101716875842346e-285
27551,5.60233339495786e-212
27552,9.88684955752691e-130
27553,1.5940223027937125e-71
27554,1.6451380568690254e-43
27555,4.816385557355854e-38
27556,7.661310561203438e-30
27557,2.412342461641006e-36
27558,1.360583759854891e-39
27559,8.651829076509706e-48
27560,5.829230559026273e-66
27561,3.226131501789328e-76
27562,3.598807440635831e-88
27563,1.2381755832478242e-108
27564,1.4445562611055243e-124
27565,3.88869236693551e-109
27566,3.9235435626329975e-80
27567,8.950353958702925e-46
27568,7.309293256894683e-24
27569,9.021204541565999e-20
27570,7.448197291871826e-19
27571,1.5308743636755287e-26
27572,5.765348697178272e-42
27573,1.8219674297982413e-45
27574,7.117323624999493e-59
27575,4.0823006809495484e-86
27576,9.4652528796366e-143
27577,7.686381238517737e-180
27578,2.9101328499474466e-189
27579,1.9224319243222535e-160
27580,1.3371939326950234e-90
27581,5.6511267692106505e-56
27582,3.606795906258737e-43
27583,5.2214751240505846e-45
27584,1.2900350587184423e-48
27585,1.2402259687376168e-44
27586,1.6138910550628737e-37
27587,2.090461400856505e-29
27588,1.1656069919616047e-23
27589,4.765436870466355e-25
27590,2.399457675549069e-26
27591,2.4385413431141945e-28
27592,4.971789803404427e-31
27593,1.1101417255542379e-21
27594,1.9852830163064074e-19
27595,3.0705534891925753e-24
27596,4.661165979334161e-34
27597,3.8052726279703293e-122
27598,8.666232053645005e-282
27599,0.0
27600,0.0
27601,0.0
27602,0.0
27603,1.5107896876770054e-249
27604,2.885629506557639e-171
27605,8.416893863600539e-125
27606,2.0372116556539825e-90
27607,3.892052150163058e-63
27608,4.602748811743981e-41
27609,1.0478213429429274e-33
27610,1.2420348161556899e-42
27611,3.2030747982034723e-56
27612,5.778373959523726e-120
27613,7.738743943097678e-180
27614,7.737772312218267e-191
27615,4.2424271179532755e-167
27616,4.879058198511699e-105
27617,7.081105293287444e-57
27618,1.4960425518527532e-36
27619,2.3418370493066412e-54
27620,1.4685679316627379e-64
27621,8.993115262885923e-59
27622,9.224449155520837e-42
27623,6.32214031261688e-61
27624,3.8336632547475055e-110
27625,1.9861946892588366e-169
27626,4.6201538272334814e-231
27627,7.406645932462943e-282
27628,6.845354363865e-309
27629,7.391308405879555e-309
27630,1.1769598039753492e-249
27631,3.6792552409487506e-201
27632,9.439535782937747e-173
27633,1.165263578068159e-179
27634,1.9559699219548378e-232
27635,3.46805e-318
27636,0.0
27637,0.0
27638,0.0
27639,0.0
27640,0.0
27641,0.0
27642,8.788302856159876e-283
27643,1.4014764225687485e-247
27644,1.5163861597316807e-227
27645,1.1569235320559728e-227
27646,7.145327664918798e-249
27647,1.5913259582182359e-280
27648,4.234508103202743e-282
27649,7.450952617808338e-225
27650,5.297273980225029e-151
27651,5.188413614496054e-114
27652,1.3352202046321891e-92
27653,5.836680524095982e-80
27654,2.1660341134537467e-74
27655,1.7975169064117104e-72
27656,5.831753763738077e-60
27657,1.557976980673219e-61
27658,3.915580707064788e-76
27659,8.477281355880025e-92
27660,1.1322660613753493e-108
27661,2.8400275186252294e-122
27662,3.6570418091060496e-124
27663,3.828337297149354e-75
27664,1.6004422486542378e-37
27665,5.042863680771988e-18
27666,3.8504865296688196e-14
27667,6.80983984094424e-14
27668,3.1106837880045285e-12
27669,8.952514952254704e-13
27670,9.134489155058571e-15
27671,1.204401251608985e-30
27672,5.960882605901918e-80
27673,3.3641837304455187e-118
27674,6.498180584621783e-101
27675,7.901041186042966e-75
27676,3.742298370590304e-40
27677,5.192151164584719e-21
27678,3.112075976283716e-17
27679,8.368047114372642e-35
27680,2.364696106749734e-116
27681,9.462067149479608e-256
27682,0.0
27683,0.0
27684,0.0
27685,0.0
27686,0.0
27687,0.0
27688,0.0
27689,0.0
27690,0.0
27691,0.0
27692,0.0
27693,0.0
27694,0.0
27695,0.0
27696,0.0
27697,6.096084793871462e-296
27698,9.247573700297752e-269
27699,1.0798927258027344e-256
27700,2.150513930850473e-237
27701,1.8807562098743698e-201
27702,9.84200514520701e-181
27703,5.916499196578206e-182
27704,1.8614264630171576e-205
27705,1.97597477877478e-203
27706,1.8177409477710568e-186
27707,4.3725195569937895e-155
27708,6.062730418756418e-126
27709,1.745874698505602e-101
27710,4.0371464648944724e-67
27711,2.3672901136097172e-36
27712,1.753526555547725e-34
27713,1.4688506852041906e-37
27714,3.682384796557087e-36
27715,8.431210460551067e-36
27716,1.5482351107902516e-36
27717,1.3879256999631424e-39
27718,2.063236554514316e-49
27719,6.761596828038822e-35
27720,1.4990310459622134e-29
27721,1.453815055983244e-27
27722,2.5630533713013835e-23
27723,4.864000060805423e-15
27724,6.487060383975437e-14
27725,3.682731204013534e-23
27726,4.778455208686728e-41
27727,5.200582792345369e-54
27728,4.918323664500048e-64
27729,3.159496069574719e-65
27730,1.4340853768896485e-30
27731,5.724181273502187e-23
27732,3.841643771912663e-24
27733,9.075174468221105e-26
27734,3.984494814821325e-23
27735,2.4130480905808758e-22
27736,2.8464821837064173e-25
27737,3.0624326472247985e-29
27738,3.192220161164548e-27
27739,2.0474833978390657e-16
27740,4.807096415171212e-16
27741,9.995935679628137e-24
27742,1.8145124948420433e-36
27743,1.0119132982889366e-49
27744,1.944262768958233e-60
27745,3.3256120274595944e-68
27746,9.625718488711488e-66
27747,9.532596905420468e-53
27748,1.3082853935020022e-46
27749,3.5456580554763386e-45
27750,8.225525400359681e-50
27751,3.3751460976863834e-52
27752,1.9951442504547456e-50
27753,5.0949693800091336e-36
27754,3.031603496865998e-21
27755,3.899842616157605e-63
27756,1.0883284430223844e-130
27757,1.9642932883444284e-197
27758,2.5334556792679626e-227
27759,7.695519607761896e-216
27760,8.437496763788094e-166
27761,1.113586171199729e-95
27762,4.137821945687712e-56
27763,3.006463033396308e-54
27764,1.6384024417851702e-89
27765,1.6383077720596557e-116
27766,5.954465568602156e-110
27767,6.250134582033616e-73
27768,2.226046429329394e-33
27769,7.90806544241757e-20
27770,9.332089221967205e-16
27771,6.043060748517471e-16
27772,2.826647443714994e-19
27773,1.0131777086963928e-15
27774,3.4077628576312875e-26
27775,2.538259249161308e-48
27776,1.8823708347542873e-89
27777,3.3984980786514483e-101
27778,1.7052024641573973e-66
27779,6.393333254783368e-46
27780,2.473343653718628e-193
27781,0.0
27782,0.0
27783,0.0
27784,0.0
27785,0.0
27786,0.0
27787,0.0
27788,0.0
27789,0.0
27790,0.0
27791,0.0
27792,0.0
27793,0.0
27794,0.0
27795,1.4448133074482536e-292
27796,3.2272032097473005e-239
27797,2.9545357624740016e-145
27798,4.523882393179658e-63
27799,1.8996899988774665e-34
27800,6.632158828046302e-29
27801,4.1890791635834195e-19
27802,1.6098318927331876e-17
27803,1.5522754489790048e-17
27804,1.6968882053217928e-14
27805,2.448547052307107e-18
27806,1.7183050647749657e-25
27807,2.9091852252585238e-37
27808,4.3713024834427966e-24
27809,1.3885890314163903e-28
27810,1.5409905864557465e-49
27811,3.10298487163333e-57
27812,1.3987484749882828e-38
27813,2.0456505300843675e-23
27814,2.1557541697185584e-62
27815,8.269948193550469e-130
27816,1.2015176309058054e-200
27817,1.0415546989194917e-252
27818,1.8423342677201347e-272
27819,3.019180958624027e-259
27820,1.5755728240433914e-219
27821,1.6774712804305373e-159
27822,4.946546502673471e-91
27823,3.8743192477430084e-41
27824,2.521878766796459e-19
27825,1.885514541846792e-16
27826,3.1757630188937955e-24
27827,2.8481377492573798e-42
27828,1.4266679992528228e-67
27829,8.464538869531714e-100
27830,1.646282671674239e-133
27831,3.6203849361500684e-151
27832,2.9097700144222024e-159
27833,3.20129949280561e-177
27834,8.448763436751974e-208
27835,4.614708411487304e-254
27836,9.70707916540025e-265
27837,4.001016755867693e-246
27838,1.671077611644665e-201
27839,2.746452781274407e-128
27840,5.0738463906491e-91
27841,1.288206887702697e-72
27842,3.181911650610052e-68
27843,1.1333514365998502e-71
27844,5.299588459279848e-83
27845,8.332250901002782e-89
27846,1.4006392526351986e-79
27847,1.8716163611908577e-49
27848,3.7360883424242606e-27
27849,1.9927467348962865e-21
27850,5.203951071105344e-17
27851,3.7767217064469276e-24
27852,5.1522010355664156e-31
27853,4.095923561496481e-31
27854,1.405919764745181e-52
27855,6.834468777206983e-92
27856,1.9555095514050383e-135
27857,4.923458134961625e-139
27858,4.241438187592614e-101
27859,2.450955609274124e-51
27860,4.684025360104781e-17
27861,1.0406753920018589e-47
27862,2.313721074793616e-89
27863,1.808735869462757e-119
27864,1.4701185650564558e-130
27865,4.338755802337652e-131
27866,5.935282487886391e-126
27867,7.000232461697186e-114
27868,5.387478398765889e-81
27869,3.0800171773153026e-45
27870,4.810987214186137e-21
27871,3.5100950304808364e-16
27872,4.795277745036859e-24
27873,5.900533453729538e-34
27874,2.2156751955043248e-46
27875,3.479558853911292e-66
27876,2.0064592903034398e-76
27877,3.263850494446796e-83
27878,4.105899291769858e-83
27879,5.007991345308554e-78
27880,1.29471776030023e-73
27881,2.3331648980354638e-77
27882,3.1555306620360617e-96
27883,3.6439683084884026e-134
27884,2.6205538421570555e-188
27885,1.3589683467837751e-244
27886,7.209341231747285e-283
27887,1.7870859778543358e-294
27888,1.1164265733782711e-283
27889,8.21321857956331e-258
27890,5.419402696003935e-223
27891,1.203776618163682e-185
27892,1.80704511312295e-151
27893,6.18937102879589e-121
27894,5.404380126413536e-89
27895,1.6018208392624195e-64
27896,2.011704785759428e-58
27897,4.525471634384932e-62
27898,1.0791114366155204e-73
27899,4.588681213461632e-94
27900,5.350489796299149e-125
27901,6.416850655611419e-168
27902,6.492819826378755e-195
27903,7.460367031340479e-156
27904,5.021179838075605e-84
27905,4.7039199268634517e-26
27906,6.7649919019153155e-21
27907,2.998360692809858e-17
27908,2.4510556989226458e-18
27909,1.8401024896439555e-15
27910,4.470583396053355e-14
27911,3.7914898246922773e-53
27912,6.304292046370686e-72
27913,6.015574511381184e-52
27914,4.875967004745068e-35
27915,2.763493000063278e-17
27916,1.9910100222900444e-29
27917,1.5610659809082904e-55
27918,1.4861826604757935e-86
27919,1.4726930831796266e-102
27920,4.6915694112152e-96
27921,1.6138938722576195e-74
27922,3.865657599098929e-43
27923,8.445985606683864e-17
27924,1.7410410138913437e-31
27925,1.7493214661638352e-50
27926,9.707428906687276e-61
27927,6.9999377160350325e-59
27928,2.82228806408215e-50
27929,6.862221291337385e-34
27930,1.2333615934917865e-24
27931,2.01036696618145e-17
27932,2.8449217176659275e-29
27933,1.6480335078378505e-33
27934,1.9750830300172242e-27
27935,1.7602997028323386e-22
27936,4.435947201322003e-24
27937,4.5832879235794766e-49
27938,2.2472443103916443e-85
27939,8.503626051042234e-107
27940,3.372121962414667e-84
27941,6.466809211051611e-86
27942,2.169616347755543e-109
27943,4.700681440715403e-158
27944,3.853776823003681e-229
27945,3.692798820470195e-299
27946,0.0
27947,0.0
27948,0.0
27949,0.0
27950,4.683135307343874e-302
27951,3.9478953054462837e-243
27952,3.921895010779887e-194
27953,1.0499669394542187e-149
27954,2.478856202172199e-102
27955,3.7985506694911175e-60
27956,1.2252622749296564e-30
27957,1.6283997774959225e-20
27958,1.1499313663643277e-15
27959,2.970605026119856e-21
27960,2.2156665741074797e-71
27961,1.7984492540160124e-158
27962,1.3355804677446395e-243
27963,6.653457885602998e-250
27964,1.6694339163186302e-196
27965,2.2330471837220307e-126
27966,3.307926090639049e-33
27967,1.2591295094607568e-44
27968,1.0545858956941444e-49
27969,1.8248973012390555e-34
27970,2.0735659480475523e-16
27971,6.095760463281682e-20
27972,2.2195576346156122e-30
27973,2.0812440940202074e-98
27974,1.8928993875032097e-99
27975,4.679893738517338e-99
27976,3.2442373692235255e-102
27977,5.24664323836303e-119
27978,3.346876030307065e-153
27979,1.5098275347623005e-213
27980,9.08205054568853e-290
27981,0.0
27982,0.0
27983,0.0
27984,0.0
27985,1.3736834823187852e-244
27986,1.3641544429911793e-173
27987,2.534461958538267e-123
27988,3.841644405801412e-93
27989,1.0520841285286885e-84
27990,1.0318997455420583e-94
27991,4.740492049533983e-106
27992,4.942466371241883e-128
27993,1.7917356847212344e-159
27994,1.5143511061815332e-193
27995,4.598135328554084e-212
27996,7.805932788511006e-195
27997,1.1822202294726676e-162
27998,7.434870390156185e-130
27999,1.7189164727969527e-99
28000,1.0488358033542346e-73
28001,1.6947408390230962e-53
28002,1.2310592893827754e-39
28003,4.3487989566513217e-35
28004,6.509560340853048e-39
28005,1.5604242116922835e-51
28006,2.948595473489517e-72
28007,6.804327360157437e-100
28008,9.887516537564712e-131
28009,1.5335540712787876e-156
28010,1.1292710016190184e-166
28011,1.9965983455979353e-156
28012,1.7769438766846543e-130
28013,2.2956010763392915e-97
28014,4.769948330778174e-65
28015,6.384059942297917e-40
28016,2.986289857864465e-29
28017,6.879169820103794e-27
28018,8.181016802666731e-27
28019,4.82632904047076e-25
28020,1.5951001653645742e-44
28021,5.030567394006646e-81
28022,2.1268642007048088e-73
28023,1.4237149668526858e-81
28024,5.962089571946725e-100
28025,2.234343252525248e-68
28026,1.0831169549835095e-21
28027,1.1212263181800818e-16
28028,4.962880021247909e-21
28029,1.1089429957663665e-41
28030,4.434789113018956e-61
28031,4.884512982336935e-53
28032,4.130224033825838e-37
28033,6.233900512624292e-20
28034,3.9992990597060276e-16
28035,1.2297941294713801e-18
28036,1.657156686654041e-35
28037,4.5612715134871656e-23
28038,1.1131056054197639e-23
28039,6.926253482921478e-34
28040,4.622282324804276e-36
28041,1.5630951414937107e-36
28042,7.459350587248527e-88
28043,1.1474063131578124e-184
28044,7.35277184669873e-299
28045,0.0
28046,0.0
28047,0.0
28048,0.0
28049,3.14316360970693e-267
28050,4.089078357423876e-135
28051,1.1646419374511076e-66
28052,4.9966388995495206e-48
28053,1.0037158605011798e-56
28054,4.602187130152673e-195
28055,0.0
28056,0.0
28057,0.0
28058,0.0
28059,0.0
28060,0.0
28061,1.408144193617926e-238
28062,2.2258921892004215e-122
28063,6.333587562244866e-70
28064,2.074478516905103e-57
28065,3.878939258905689e-57
28066,3.397185409428189e-61
28067,1.3031539972812753e-76
28068,3.9381652218473436e-58
28069,8.356801332670667e-37
28070,1.4517565021511457e-28
28071,1.8214744878656419e-34
28072,1.9118764306167027e-57
28073,8.956592947001674e-83
28074,2.5497495440796384e-98
28075,5.69178226162058e-98
28076,1.8267209500523419e-87
28077,1.2699506746478226e-70
28078,5.904688522208447e-55
28079,5.622346693655406e-47
28080,2.3001147532240037e-58
28081,3.521759715578359e-79
28082,7.201526783710498e-106
28083,4.64251645049729e-137
28084,2.40683271441943e-171
28085,2.935733998914357e-205
28086,4.9997013812618394e-234
28087,1.379784380201704e-255
28088,1.8033220106252047e-267
28089,9.446032421768593e-265
28090,1.0274365777848295e-239
28091,1.4005514529104757e-192
28092,1.0427942961312316e-141
28093,2.1852269330223866e-111
28094,7.784158927801076e-125
28095,1.9500029262570828e-171
28096,5.957077312692438e-243
28097,0.0
28098,0.0
28099,0.0
28100,0.0
28101,0.0
28102,0.0
28103,0.0
28104,3.0975698721161736e-227
28105,2.255163077063595e-142
28106,1.3789918709029665e-100
28107,1.2311634793942503e-80
28108,6.705490524555116e-69
28109,6.825862927245323e-112
28110,5.887750884328734e-187
28111,8.193354909720766e-280
28112,0.0
28113,0.0
28114,0.0
28115,0.0
28116,0.0
28117,2.257916291157049e-263
28118,4.201848572874567e-163
28119,9.4235463352993e-91
28120,4.7069912666104355e-43
28121,4.668563436322688e-14
28122,2.6139453078179495e-15
28123,3.085147858999556e-69
28124,1.0123399817172234e-174
28125,8.776031801981953e-292
28126,0.0
28127,0.0
28128,2.191088026671987e-265
28129,1.123312142317149e-174
28130,1.9855566263678613e-65
28131,5.131830920617035e-24
28132,8.504666238509364e-89
28133,1.1027899010899961e-154
28134,1.554274392555786e-202
28135,8.652395425597795e-227
28136,1.1060692559487469e-222
28137,3.544024460228461e-188
28138,1.4107870167129541e-133
28139,6.261490706756565e-86
28140,3.205455516885183e-61
28141,8.51691697449986e-51
28142,2.7326917967918755e-49
28143,3.2710710034410506e-63
28144,4.93419122124866e-109
28145,1.639499776898275e-144
28146,8.730129253227748e-109
28147,9.850128225248827e-33
28148,8.103085412543432e-31
28149,1.4628633080270136e-54
28150,7.35536859370633e-87
28151,9.8963791682595e-114
28152,1.0993766998996977e-109
28153,4.028142797936541e-86
28154,1.620678840890307e-59
28155,1.8883325845438793e-36
28156,6.48747083950291e-23
28157,7.154349198726037e-20
28158,4.124865685399576e-45
28159,9.247150744373753e-48
28160,4.97101773733892e-28
28161,2.348870752291536e-84
28162,1.1768399618797768e-206
28163,0.0
28164,0.0
28165,0.0
28166,0.0
28167,6.61955135462213e-310
28168,2.844262362317957e-192
28169,8.744458007132523e-98
28170,3.763842924387115e-32
28171,2.077872654451627e-12
28172,2.5934589302339608e-23
28173,1.6828958487938925e-28
28174,1.922328726925305e-20
28175,7.251553483798664e-20
28176,4.32362420775521e-52
28177,2.8366737463807655e-68
28178,1.0269169390874212e-29
28179,1.1330649052333058e-31
28180,1.6914943497528998e-43
28181,1.2495247301493872e-48
28182,1.1834486818166773e-51
28183,1.5388964880862186e-59
28184,2.831265326299032e-74
28185,2.918504993354397e-95
28186,1.3375334113404296e-112
28187,3.9469024380697103e-116
28188,3.217022424382823e-95
28189,6.3811181378247774e-65
28190,4.4794618190687806e-41
28191,5.942438489822167e-24
28192,3.8714734507160024e-18
28193,1.6365040399393508e-18
28194,4.426960353228018e-24
28195,3.3837013227094376e-36
28196,1.4717102881192925e-46
28197,4.1301904158674525e-52
28198,1.9656224700065904e-54
28199,3.307380783413026e-52
28200,4.2405244819895903e-44
28201,3.931646596633774e-44
28202,1.9771649379720824e-53
28203,1.9243191684447003e-56
28204,9.000716384888582e-43
28205,8.995020828849595e-17
28206,4.035146269147269e-20
28207,6.085621661610421e-33
28208,2.163586376099847e-43
28209,8.449534383877261e-44
28210,2.0201911255038404e-31
28211,4.465340543676082e-14
28212,9.691442686763351e-30
28213,2.2843769185062594e-83
28214,1.7717470881220567e-170
28215,2.157541844657878e-278
28216,0.0
28217,0.0
28218,0.0
28219,2.9099410415723326e-247
28220,1.1084316960868652e-160
28221,1.613468967637887e-93
28222,9.300362744242175e-52
28223,4.728933672512311e-21
28224,1.6712142606960932e-14
28225,1.2586893306067184e-18
28226,3.073929273625521e-34
28227,2.05975248370486e-63
28228,1.8407280517933282e-95
28229,5.061006359247362e-115
28230,3.8361943070036755e-70
28231,2.1244698432056664e-57
28232,3.145665503039932e-44
28233,4.668421389125726e-25
28234,5.688272401422758e-17
28235,2.4756708920576985e-17
28236,6.482616617553663e-19
28237,4.893156155083747e-17
28238,4.3435033577214984e-45
28239,9.644473409658204e-94
28240,8.032874051349534e-145
28241,1.4232174711132802e-191
28242,9.983078877736632e-230
28243,6.096646345050168e-245
28244,8.664157976701131e-207
28245,5.574746813572672e-137
28246,6.082437393112864e-77
28247,2.686138283318894e-37
28248,8.699156092791191e-20
28249,1.5123716053976583e-14
28250,1.8446715990781014e-15
28251,5.63753708874565e-26
28252,3.2870303116772485e-41
28253,6.173526042276081e-62
28254,1.6467137898602272e-98
28255,2.639513036137754e-147
28256,4.2705295155295843e-209
28257,4.213968992868092e-236
28258,2.153329268530538e-225
28259,1.2839177097099546e-193
28260,3.148088840245535e-152
28261,6.63254357158027e-107
28262,1.617286920907442e-58
28263,3.554922725363433e-42
28264,1.948796325887786e-68
28265,7.241527105617254e-116
28266,1.3814339260770673e-175
28267,3.5901393892858744e-242
28268,7.001346466e-315
28269,0.0
28270,0.0
28271,0.0
28272,0.0
28273,0.0
28274,0.0
28275,0.0
28276,0.0
28277,3.103e-321
28278,3.815677273865689e-188
28279,2.0934320423938477e-99
28280,3.151005626143611e-51
28281,8.021310403094954e-40
28282,1.7387701349248265e-37
28283,7.541236771739078e-36
28284,1.2495628549654123e-30
28285,6.035477324948684e-23
28286,3.7366187067631604e-52
28287,1.4287877653438322e-111
28288,5.610099844126312e-159
28289,7.020397604231402e-182
28290,1.7333140336927743e-164
28291,1.0279745382518939e-114
28292,1.9138309918322142e-67
28293,1.6972462204349716e-23
28294,1.6887784598626172e-15
28295,4.587756591016391e-12
28296,1.090362446631607e-14
28297,6.301378128863057e-71
28298,4.9516386730364684e-73
28299,1.0229256060071901e-72
28300,8.853621104437291e-56
28301,4.850540603708352e-41
28302,7.155930280894991e-83
28303,2.8279830328934715e-123
28304,7.896276305661494e-152
28305,9.49214876698729e-164
28306,3.454336201297081e-195
28307,5.201156200940173e-226
28308,1.378181750922318e-221
28309,7.061599880311647e-160
28310,4.1716985706631134e-123
28311,5.611906641921461e-140
28312,1.7662142455386838e-187
28313,2.177467215635809e-253
28314,0.0
28315,0.0
28316,0.0
28317,0.0
28318,0.0
28319,0.0
28320,0.0
28321,0.0
28322,0.0
28323,0.0
28324,5.75320772930899e-309
28325,2.1418752284688385e-208
28326,1.0279917002304693e-139
28327,2.2158167609379543e-95
28328,2.2133407129097204e-67
28329,4.5246821049980334e-51
28330,1.1191388829577064e-48
28331,7.511596602552986e-94
28332,1.3636366049425282e-142
28333,2.59088429411373e-168
28334,6.308302126528003e-110
28335,1.5077786200047643e-74
28336,4.1150781260358606e-55
28337,6.198800935670436e-45
28338,5.094601966243276e-36
28339,1.8253656895858473e-29
28340,1.5126901656349336e-26
28341,1.529253668316052e-27
28342,8.228253868269806e-34
28343,1.1250271477136519e-46
28344,5.234171302468045e-55
28345,3.5757851268106626e-57
28346,4.628235394584683e-54
28347,5.924214631235112e-45
28348,2.7512705936149696e-28
28349,1.279390790181455e-25
28350,1.623977260690383e-31
28351,1.1540915570449078e-39
28352,3.585761785142593e-43
28353,2.6907628203011948e-39
28354,4.601555577440296e-47
28355,2.4661258985653037e-53
28356,5.678908473985878e-62
28357,7.588027282694417e-79
28358,4.307970183804261e-96
28359,1.2253421458890121e-116
28360,1.0898591869215036e-129
28361,1.93904560003414e-127
28362,2.3333325296614221e-150
28363,2.402423808335287e-188
28364,1.6455841489280906e-241
28365,1.5382863005377e-311
28366,0.0
28367,0.0
28368,0.0
28369,0.0
28370,0.0
28371,0.0
28372,3.069493711351221e-304
28373,4.71829608479808e-229
28374,3.5251095041833252e-158
28375,7.856553972796633e-97
28376,2.5929272108972962e-55
28377,5.100645082259227e-33
28378,2.1064657514230286e-24
28379,1.355818702009902e-23
28380,5.223048688453759e-25
28381,5.996110894205921e-42
28382,2.6955351072421647e-87
28383,1.63156641280209e-141
28384,2.9871909843345327e-179
28385,8.6076268501388e-115
28386,1.2426246900799283e-63
28387,4.7036392555381615e-46
28388,6.8091987274202195e-25
28389,2.107639663281436e-31
28390,5.269915347186414e-23
28391,2.5245023014966163e-26
28392,9.943275757700801e-24
28393,5.010349911055985e-21
28394,1.779808460637684e-268
28395,0.0
28396,0.0
28397,0.0
28398,0.0
28399,0.0
28400,0.0
28401,0.0
28402,0.0
28403,0.0
28404,0.0
28405,0.0
28406,0.0
28407,0.0
28408,0.0
28409,0.0
28410,0.0
28411,0.0
28412,0.0
28413,0.0
28414,0.0
28415,0.0
28416,0.0
28417,0.0
28418,0.0
28419,0.0
28420,0.0
28421,0.0
28422,0.0
28423,0.0
28424,0.0
28425,0.0
28426,0.0
28427,0.0
28428,0.0
28429,0.0
28430,0.0
28431,0.0
28432,9.17459344625e-313
28433,9.762484090181986e-207
28434,3.275083106121421e-143
28435,1.2108734896948966e-104
28436,2.0553888682524156e-76
28437,3.594922221833176e-54
28438,5.005438398287289e-40
28439,4.164587471426565e-33
28440,2.197300794121757e-19
28441,3.448711439057361e-21
28442,2.8243695223429776e-29
28443,5.057803683974757e-21
28444,4.475527639146541e-24
28445,5.0751248145142866e-18
28446,1.648785531323968e-26
28447,2.599395566603434e-46
28448,8.310385415041962e-62
28449,8.314269488077114e-64
28450,1.691422174886469e-59
28451,7.292874749958124e-58
28452,5.566922744637014e-65
28453,4.323653600905477e-74
28454,9.859666952898212e-81
28455,4.7683097977601546e-76
28456,2.9810381585272576e-57
28457,1.6760676030165544e-38
28458,6.238478875358195e-59
28459,6.573165433543385e-131
28460,1.1270216541718216e-232
28461,8.981742302035049e-307
28462,9.278450524413363e-232
28463,6.032368975626712e-154
28464,6.635502791173251e-91
28465,1.152418045811609e-48
28466,2.1263311151009457e-43
28467,4.359164466462611e-72
28468,1.1894508649124693e-127
28469,4.717063021524145e-199
28470,1.5291912120423625e-267
28471,2.4867203e-317
28472,0.0
28473,0.0
28474,1.621894e-318
28475,3.1896173345558544e-261
28476,7.17987188952973e-188
28477,4.4524822902130105e-108
28478,1.908681813945982e-51
28479,1.533647858228232e-64
28480,7.76842260017051e-128
28481,6.502360460785773e-204
28482,1.0275640139907668e-233
28483,7.184755390349097e-207
28484,5.384171122288608e-147
28485,5.284242896656571e-75
28486,9.680242947614753e-46
28487,4.170913468716846e-34
28488,4.639285436673088e-31
28489,2.3742813601733507e-25
28490,4.9083544500249585e-36
28491,6.034317834686631e-84
28492,4.617822622540307e-173
28493,2.646940043635007e-306
28494,0.0
28495,0.0
28496,0.0
28497,0.0
28498,0.0
28499,1.0206921735326407e-303
28500,1.0251634057806514e-233
28501,3.137246898671821e-116
28502,5.652169854112644e-51
28503,1.047163712151544e-28
28504,1.188709963566504e-26
28505,3.4438104025272115e-26
28506,1.1503388597300301e-22
28507,7.661658579672382e-21
28508,1.0436798607561362e-72
28509,8.462366362053369e-170
28510,9.619336323050256e-271
28511,0.0
28512,0.0
28513,2.606166597982574e-300
28514,7.986856328560135e-217
28515,5.289828251013648e-107
28516,9.033186704954073e-38
28517,3.891590749637046e-34
28518,1.927033243011029e-40
28519,7.599567043909117e-39
28520,3.4101685981499324e-31
28521,2.6541452372399498e-34
28522,3.4770298436575206e-64
28523,3.334113401243162e-90
28524,9.214417228217238e-118
28525,4.676064966462826e-118
28526,5.364127343705813e-80
28527,4.465889393628762e-41
28528,1.026999714455906e-20
28529,7.12178838757134e-37
28530,2.9918154235967965e-84
28531,7.824714159376554e-72
28532,2.098729417193521e-58
28533,6.998306363534728e-51
28534,1.2349099092375294e-68
28535,2.087469079913443e-91
28536,5.327279861835382e-86
28537,2.3442340646368367e-84
28538,1.8143065780743885e-79
28539,1.404277228113068e-89
28540,4.1700876699538916e-110
28541,6.821214420853108e-150
28542,2.3003031142656602e-217
28543,5.719654272683885e-286
28544,0.0
28545,0.0
28546,0.0
28547,3.7264687317831444e-286
28548,9.383972774108216e-204
28549,4.681341329668811e-156
28550,1.710789194842974e-136
28551,3.4853950768622197e-143
28552,4.531065494169006e-175
28553,1.823821942794619e-219
28554,1.46674995787627e-259
28555,9.469320675652038e-292
28556,2.44753559e-314
28557,5.444e-320
28558,5.132627412790565e-292
28559,1.8068084670489753e-227
28560,8.449384304956551e-164
28561,1.2723278098547793e-120
28562,2.0184985999880614e-94
28563,7.079448815885716e-84
28564,4.622834550981431e-83
28565,3.2987588085603935e-83
28566,1.4251825928434694e-82
28567,4.2672605027055685e-80
28568,6.011406548343422e-73
28569,4.442946655961862e-60
28570,1.4445657560459534e-44
28571,5.033693945491038e-30
28572,2.7748433794519063e-25
28573,4.31037867738017e-62
28574,3.7678688069080447e-131
28575,2.1990765213847846e-173
28576,1.8242534450859256e-176
28577,7.029350337097007e-141
28578,2.5186082366730138e-82
28579,8.672826788740946e-39
28580,4.8009258216990455e-23
28581,4.721668343413247e-32
28582,6.4591524905464225e-25
28583,4.863972357240746e-22
28584,9.939236972889173e-28
28585,4.825323120027653e-69
28586,9.456214335579272e-152
28587,8.191011200050534e-278
28588,0.0
28589,0.0
28590,0.0
28591,0.0
28592,2.127492987195691e-286
28593,6.648090252032764e-181
28594,7.357239342706323e-98
28595,2.6212943492108308e-70
28596,7.860320738818117e-74
28597,1.2880080186732377e-89
28598,2.2130617200275145e-98
28599,4.4608884100871937e-103
28600,2.8704521661336723e-105
28601,2.3181361739610665e-93
28602,1.0447078304290225e-90
28603,3.7547505318332197e-78
28604,1.0155347902152271e-45
28605,2.876959177735886e-26
28606,1.6611152219265577e-19
28607,4.4107245165116396e-30
28608,3.542351331260184e-37
28609,9.786073067739168e-33
28610,2.0010146360601285e-21
28611,6.533182950298643e-19
28612,3.306740487159208e-36
28613,2.65218772118112e-57
28614,9.022787641286495e-71
28615,9.010695431399725e-78
28616,1.451083172726696e-86
28617,1.2282254402412961e-95
28618,2.0790515409407608e-107
28619,1.5294751724214734e-131
28620,2.1478339105743705e-174
28621,1.623687499755152e-220
28622,4.894573288258209e-271
28623,0.0
28624,0.0
28625,0.0
28626,5.4e-323
28627,4.1325539229472114e-277
28628,2.4644595446924056e-227
28629,1.1406441984928148e-178
28630,7.633458728235329e-140
28631,7.704016699777267e-120
28632,2.2693797782507304e-121
28633,3.062584157939275e-139
28634,1.4832697604618595e-168
28635,1.034939140319283e-207
28636,4.2563968906593837e-255
28637,2.8171656451131588e-304
28638,0.0
28639,0.0
28640,1.7031510372431723e-268
28641,8.393222257298115e-183
28642,7.647999765094622e-116
28643,5.088870907732665e-70
28644,1.9950718712599624e-43
28645,1.7815708486686536e-31
28646,6.293437918714641e-25
28647,6.600371198492618e-15
28648,2.270210193859507e-31
28649,1.971051049062226e-76
28650,1.667145407883857e-140
28651,2.1704459505461178e-214
28652,4.27220769279602e-285
28653,0.0
28654,0.0
28655,0.0
28656,0.0
28657,0.0
28658,0.0
28659,0.0
28660,0.0
28661,4.104586819474e-312
28662,6.5593374893337715e-239
28663,3.58482943638525e-144
28664,2.4835018907468477e-82
28665,4.630729589364262e-49
28666,1.1365499463483406e-37
28667,1.238932310395015e-35
28668,4.079747475350368e-37
28669,1.46015110877939e-46
28670,4.460817954174002e-64
28671,4.883011287786299e-90
28672,9.050543250257564e-119
28673,7.844861740442581e-108
28674,9.836724390777651e-107
28675,2.647129310340464e-101
28676,1.8769563055957354e-89
28677,9.331811465399554e-76
28678,9.121346922950992e-67
28679,2.989507512485008e-62
28680,2.747187051281626e-54
28681,1.0466152659453941e-36
28682,1.4450270560644624e-23
28683,7.048467414136362e-25
28684,8.712680855679285e-36
28685,7.159059258931625e-52
28686,1.3713221117554957e-66
28687,4.272988581699964e-82
28688,1.0270123585969658e-112
28689,1.9579847855157693e-147
28690,1.2603814287111252e-175
28691,6.101844875916143e-189
28692,2.123613528098137e-184
28693,1.6912322995773692e-163
28694,8.257042618590456e-131
28695,3.694504257676296e-93
28696,4.6903680361720164e-57
28697,9.884991225370359e-34
28698,7.359114341210893e-34
28699,7.063463682313624e-50
28700,3.07379351464912e-79
28701,1.0354118151828975e-121
28702,2.7609455061662227e-179
28703,1.0196641420631386e-255
28704,0.0
28705,0.0
28706,0.0
28707,0.0
28708,0.0
28709,0.0
28710,0.0
28711,0.0
28712,2.727e-321
28713,5.860108570124426e-211
28714,8.10619477757854e-108
28715,3.9741355011423774e-41
28716,1.4278470123003205e-54
28717,1.0007536017218052e-96
28718,2.6963834955711677e-147
28719,4.091386491260716e-197
28720,2.8124855819572803e-241
28721,4.219809979461905e-276
28722,1.5839508312930205e-297
28723,1.73878778883698e-300
28724,5.362786359253724e-281
28725,2.7943958859295515e-241
28726,2.73011537369888e-189
28727,1.793813865845736e-133
28728,2.795088614088855e-83
28729,3.031386208578863e-51
28730,1.2052031974083054e-36
28731,4.950500251363245e-31
28732,1.27790649507241e-29
28733,2.2885700505031353e-31
28734,2.996641417000968e-40
28735,3.6396909539508396e-63
28736,1.9653003197126666e-51
28737,1.0938860373261554e-33
28738,4.356415266859798e-59
28739,8.043089910333994e-94
28740,1.5614100671824112e-122
28741,2.3762859815204994e-139
28742,3.4078627532049675e-126
28743,3.436629675235164e-66
28744,1.6469741087263342e-33
28745,3.5510700633853965e-17
28746,2.87055188002889e-20
28747,7.882104251878836e-35
28748,4.797130696012371e-46
28749,6.287340681844827e-50
28750,1.8796957581676719e-65
28751,1.6394974201161379e-90
28752,1.2065391240975188e-98
28753,2.4671734349925035e-93
28754,3.7108335441670943e-84
28755,1.8173241830948242e-74
28756,5.5545967064081e-64
28757,7.854806585711939e-50
28758,9.565892478033745e-29
28759,1.2222925156090777e-14
28760,2.12594038885412e-30
28761,2.912338952715028e-50
28762,2.91825428534202e-73
28763,2.8907426225442186e-86
28764,1.0104734390586328e-85
28765,4.644940824023481e-57
28766,6.375990151673005e-31
28767,5.33227470808936e-17
28768,7.875826554990364e-14
28769,5.364036986924813e-16
28770,3.973958023348789e-20
28771,1.9535797693811724e-32
28772,4.193222583106062e-60
28773,4.1779098127575337e-82
28774,1.1318698164221802e-92
28775,2.0741414466636456e-86
28776,1.163991101639197e-152
28777,6.822804957806856e-284
28778,0.0
28779,0.0
28780,0.0
28781,0.0
28782,0.0
28783,0.0
28784,0.0
28785,0.0
28786,8.157025719552455e-307
28787,9.455459107846431e-195
28788,2.383925147843638e-130
28789,1.0868303012276808e-97
28790,2.8155639786931134e-87
28791,2.297451716640902e-94
28792,6.242924505020937e-106
28793,7.01195946220875e-113
28794,4.302375332610422e-106
28795,4.956039031473338e-75
28796,2.5957883449529497e-59
28797,4.9072948339578004e-55
28798,3.9775266401701774e-29
28799,4.391520388947564e-14
28800,2.2621819220910358e-14
28801,5.600849858252859e-16
28802,9.994278067693026e-16
28803,1.106903249298053e-16
28804,2.383028921329686e-45
28805,5.784452609583997e-77
28806,4.7067837594494193e-95
28807,6.901926260048507e-138
28808,9.681835932151097e-161
28809,6.08614293482089e-142
28810,1.3076688961869774e-97
28811,2.0127075004621096e-60
28812,2.9082539304370315e-45
28813,3.539258900574556e-39
28814,3.1873267220077896e-37
28815,2.105374243799245e-39
28816,4.713390706423319e-64
28817,1.2153154597867758e-93
28818,1.5966822905700211e-105
28819,2.8820493918434984e-94
28820,1.6197954888443364e-40
28821,4.4572857545753444e-35
28822,3.732493785255241e-43
28823,1.0413956132653604e-48
28824,8.260467632598983e-37
28825,5.743131667344862e-21
28826,2.040301387098894e-21
28827,4.97507826973268e-23
28828,7.022872437433891e-23
28829,9.846858063406288e-25
28830,1.0422610750608271e-38
28831,2.7839738541505797e-56
28832,3.378208397358338e-63
28833,1.4817145211626676e-56
28834,2.1890795044340945e-38
28835,5.324653128865855e-20
28836,1.8017467322659274e-18
28837,3.579674385040349e-31
28838,3.1089520329071103e-55
28839,2.8080351204132073e-89
28840,4.500430475070824e-128
28841,5.93273482760227e-161
28842,1.6113224402939986e-199
28843,5.020170481622518e-234
28844,2.329100170219513e-257
28845,6.949206399017348e-271
28846,6.070206148998074e-267
28847,7.085836349383318e-194
28848,3.1475078317371454e-120
28849,2.0603111848204764e-71
28850,3.1372234501207737e-45
28851,2.081350083000854e-43
28852,4.241456501555765e-45
28853,2.565603147274069e-107
28854,2.714478560393783e-273
28855,0.0
28856,0.0
28857,0.0
28858,0.0
28859,0.0
28860,0.0
28861,0.0
28862,0.0
28863,0.0
28864,2.663393477088818e-255
28865,4.0663506229559935e-158
28866,4.4276190906759343e-98
28867,1.239723779090943e-65
28868,1.4471749269985732e-50
28869,4.836783155543784e-49
28870,2.4432404866232685e-62
28871,1.2565200476477729e-58
28872,7.87094576847383e-27
28873,1.792722459648905e-18
28874,8.72384107429185e-34
28875,9.066046859081059e-45
28876,3.648538585068098e-38
28877,4.377355780586566e-39
28878,6.546280164364102e-33
28879,6.846515017803329e-31
28880,2.684296073201541e-35
28881,1.5430350367077342e-65
28882,4.147883262633251e-77
28883,8.646512833850178e-46
28884,1.0591602819734342e-42
28885,4.111506045384976e-48
28886,2.596945516327561e-47
28887,7.788021968016377e-107
28888,2.3647911300481168e-216
28889,0.0
28890,0.0
28891,0.0
28892,0.0
28893,0.0
28894,0.0
28895,0.0
28896,0.0
28897,0.0
28898,0.0
28899,0.0
28900,1.0637e-320
28901,1.4786491944e-314
28902,1.42386540896e-313
28903,8.947682527616305e-304
28904,1.7552150043855774e-287
28905,1.7922594305008174e-268
28906,1.0200397817051021e-244
28907,6.417713722152643e-202
28908,6.967346947920492e-153
28909,1.5736302097283357e-121
28910,7.590704100833894e-117
28911,5.868073021957341e-127
28912,7.109856837311776e-123
28913,1.8555092225542208e-107
28914,6.168639911649541e-89
28915,2.1880841708507025e-66
28916,6.793854397147871e-41
28917,3.421487457988284e-23
28918,2.4925400708004695e-28
28919,1.8123537880277112e-35
28920,1.0561438488831703e-27
28921,1.1119620468313807e-16
28922,9.020958521880721e-27
28923,1.8699171748608077e-31
28924,7.265525115831053e-28
28925,3.0158903363985513e-19
28926,9.34600791022723e-14
28927,1.714986315097588e-24
28928,4.036694316159079e-43
28929,5.378693898102851e-56
28930,1.282163638461493e-47
28931,8.699805282942837e-41
28932,1.281486466563987e-34
28933,5.881643380480308e-27
28934,5.0711824596896304e-18
28935,1.0055138464658493e-36
28936,2.2423210883374543e-54
28937,9.338061631668445e-52
28938,4.822996327696898e-35
28939,3.874941982188505e-59
28940,1.4889401609175412e-207
28941,0.0
28942,0.0
28943,0.0
28944,0.0
28945,0.0
28946,0.0
28947,0.0
28948,0.0
28949,0.0
28950,0.0
28951,0.0
28952,0.0
28953,0.0
28954,0.0
28955,0.0
28956,0.0
28957,0.0
28958,0.0
28959,0.0
28960,0.0
28961,0.0
28962,0.0
28963,0.0
28964,0.0
28965,0.0
28966,0.0
28967,1.3257045322073468e-298
28968,5.043103301691323e-246
28969,8.057564479667116e-198
28970,2.9482016735851744e-179
28971,2.2288260559948277e-176
28972,4.248677186959815e-148
28973,8.173278281652972e-122
28974,9.053622775368989e-119
28975,4.706166373442126e-90
28976,7.200273953610394e-84
28977,1.2972686168783642e-58
28978,1.4106789635787822e-68
28979,3.1149242230867712e-43
28980,1.2457353588640737e-32
28981,6.109925349944615e-36
28982,5.384446511513218e-32
28983,1.0321032432561855e-19
28984,6.4467558463839734e-15
28985,5.396643829279365e-11
28986,9.33964478175192e-15
28987,4.0036944000465314e-28
28988,3.866192416842235e-48
28989,4.018792362809011e-42
28990,5.237943976824056e-29
28991,9.361662189650698e-21
28992,6.462346006350428e-18
28993,1.3532923917154663e-10
28994,2.2239086912712383e-36
28995,5.7558673160005596e-55
28996,6.716628521284809e-78
28997,2.6030957161677397e-90
28998,7.112225488901647e-100
28999,5.619521239148566e-59
29000,1.4604167197287723e-40
29001,1.247557618384466e-34
29002,1.0946343395058968e-37
29003,6.004939161295543e-73
29004,4.284699071796629e-109
29005,3.246234978642609e-128
29006,1.638568437354405e-120
29007,4.6734843822706985e-94
29008,1.6859588943709815e-58
29009,3.0202132503786625e-43
29010,2.9640571970042555e-36
29011,3.4928492319935744e-30
29012,3.500259293817435e-27
29013,1.6739470631666104e-24
29014,1.522098123114598e-28
29015,3.9005454518986164e-36
29016,9.286221892291981e-43
29017,1.0996399534205903e-48
29018,1.2462653467294886e-49
29019,4.524567777126884e-47
29020,6.093068787173418e-45
29021,5.698820693620718e-48
29022,2.7860120452834694e-57
29023,1.8517648130098527e-68
29024,2.69518535978129e-75
29025,1.3241971889144197e-72
29026,1.0867798250070258e-58
29027,1.230803280407375e-38
29028,9.848555363050405e-23
29029,1.794223373581151e-21
29030,8.034879323072127e-33
29031,4.236154181198586e-52
29032,1.8827996979378332e-63
29033,3.176166298657481e-54
29034,1.179781198850158e-32
29035,5.1396318127485574e-21
29036,5.161435993051595e-24
29037,3.512387378552511e-20
29038,1.663993189200774e-18
29039,2.076078604766412e-24
29040,1.8646913497682504e-45
29041,6.02716265068671e-81
29042,1.7532161004683868e-126
29043,2.2878004938493728e-214
29044,2.2283e-319
29045,0.0
29046,0.0
29047,0.0
29048,0.0
29049,0.0
29050,0.0
29051,0.0
29052,0.0
29053,0.0
29054,0.0
29055,0.0
29056,0.0
29057,2.8204749236287937e-288
29058,9.95699186280342e-227
29059,9.28702402201006e-183
29060,2.332581611719484e-147
29061,1.5943493111319773e-116
29062,9.384515547588618e-91
29063,6.197323737636065e-73
29064,2.449137267303558e-78
29065,2.219400087600598e-89
29066,3.281914827436541e-105
29067,1.887189677281057e-108
29068,1.2301595424196047e-102
29069,1.1843729066113626e-92
29070,3.0550014361919016e-63
29071,5.766624941427699e-41
29072,1.150661487755781e-30
29073,9.004493924564675e-28
29074,1.0498278331349294e-29
29075,3.7865424245638274e-31
29076,2.204575218692161e-23
29077,4.857564487351163e-24
29078,7.745112824446675e-24
29079,1.0168648638419267e-43
29080,3.1384063040293047e-100
29081,3.769540862156678e-92
29082,2.498831189342853e-87
29083,1.049071065605013e-78
29084,6.601049084538093e-65
29085,2.0745703006109448e-66
29086,3.67353748970414e-106
29087,1.5029722237610573e-163
29088,2.0553249837754836e-223
29089,1.846130859024728e-272
29090,4.28439130426385e-281
29091,1.3228402271835618e-269
29092,1.4513171707737608e-247
29093,5.757507338493874e-215
29094,8.521412075913236e-150
29095,2.754009462819745e-118
29096,3.393515265679643e-126
29097,6.361622036126242e-155
29098,3.196353127918491e-194
29099,8.040179281700421e-239
29100,1.363772241168927e-290
29101,0.0
29102,0.0
29103,0.0
29104,0.0
29105,0.0
29106,0.0
29107,0.0
29108,6.18936072219244e-269
29109,4.3709323520820356e-162
29110,7.612246714902563e-81
29111,8.555853079892886e-37
29112,2.6285098371851606e-31
29113,2.724472497205519e-32
29114,2.1026003797923545e-34
29115,2.5217592256479394e-39
29116,4.062571703584085e-46
29117,2.3168414247621523e-63
29118,2.0974902926795378e-86
29119,4.4176390475627134e-82
29120,4.975037285534444e-35
29121,8.465718307232409e-19
29122,5.58106996765663e-17
29123,2.7248480698589083e-16
29124,2.0086046466553047e-14
29125,1.549150729365141e-15
29126,5.8223033517879464e-21
29127,1.213898130370228e-24
29128,9.681919530878307e-43
29129,3.312755088169082e-99
29130,3.619707740883469e-182
29131,1.201707278585831e-290
29132,0.0
29133,0.0
29134,0.0
29135,0.0
29136,0.0
29137,0.0
29138,0.0
29139,0.0
29140,0.0
29141,0.0
29142,0.0
29143,0.0
29144,0.0
29145,0.0
29146,6.361646347744809e-273
29147,1.5994036123418304e-200
29148,1.4030791829706154e-143
29149,6.129833761017096e-108
29150,1.6660061113304887e-87
29151,5.555901039120378e-76
29152,8.719439568486545e-80
29153,2.045688074351464e-58
29154,7.301661716424171e-47
29155,1.221205193828261e-24
29156,3.2637120787936727e-25
29157,6.480709045132139e-26
29158,3.1122858977078564e-113
29159,4.4930596477118295e-210
29160,7.396897355376948e-255
29161,6.256635191732893e-222
29162,5.064844668558296e-140
29163,2.2376138541962954e-55
29164,1.5631703789436888e-30
29165,3.683798200036156e-53
29166,1.240469214349413e-59
29167,7.460147392962898e-68
29168,5.205044059451386e-98
29169,3.786761890035913e-128
29170,4.204382625225619e-162
29171,2.1470541615172845e-156
29172,3.238664819575684e-91
29173,1.0038814110869496e-21
29174,9.389713170881789e-21
29175,2.5647797983873475e-31
29176,3.614201572380371e-36
29177,6.153177001634826e-33
29178,3.400726724372574e-32
29179,2.5226985174403915e-36
29180,4.405690812578379e-39
29181,6.973196938176602e-32
29182,1.5423174095503512e-77
29183,1.4391346176878328e-155
29184,1.5027424522978357e-249
29185,0.0
29186,0.0
29187,0.0
29188,0.0
29189,3.0794904806576557e-286
29190,2.1024247783865265e-226
29191,1.346799973228501e-171
29192,2.803445330546665e-125
29193,7.11558373893355e-93
29194,5.084857909523849e-70
29195,1.2722777980731225e-54
29196,3.9972745805162103e-56
29197,1.2385712584773739e-59
29198,1.348045083447829e-60
29199,9.985990484489544e-60
29200,4.4672798169365864e-54
29201,5.075794230292376e-53
29202,2.0908287200902207e-47
29203,1.272859100676705e-22
29204,7.209560697837362e-21
29205,9.424859780941208e-24
29206,3.6232598597107496e-29
29207,3.88754860655738e-27
29208,9.105319258936817e-25
29209,1.6274451955114396e-24
29210,5.994028731224113e-21
29211,2.6977305603693507e-49
29212,1.7273662296939917e-220
29213,0.0
29214,0.0
29215,0.0
29216,0.0
29217,0.0
29218,0.0
29219,0.0
29220,0.0
29221,0.0
29222,0.0
29223,0.0
29224,0.0
29225,0.0
29226,0.0
29227,0.0
29228,0.0
29229,0.0
29230,0.0
29231,0.0
29232,0.0
29233,0.0
29234,0.0
29235,0.0
29236,0.0
29237,0.0
29238,0.0
29239,0.0
29240,1.4000995494062386e-261
29241,9.882178556978057e-150
29242,2.9445476391808858e-80
29243,2.886928266218665e-44
29244,3.110212295289762e-29
29245,6.266900852648414e-26
29246,3.084708050846238e-27
29247,5.288773642351692e-18
29248,8.926684391479624e-15
29249,8.519281376337916e-17
29250,8.620745215373033e-17
29251,3.400349500013526e-25
29252,1.674173376135731e-36
29253,2.1253790279525763e-47
29254,2.275123762329502e-49
29255,1.0125926783275744e-41
29256,9.06593440667482e-58
29257,1.0931978625515464e-87
29258,2.642078539748934e-126
29259,1.6595731577113092e-163
29260,1.7750406943086518e-190
29261,2.168686485952422e-205
29262,1.720050538609272e-206
29263,4.833213402147569e-192
29264,4.534677643154352e-164
29265,2.7969367081784904e-131
29266,2.4606341257874544e-99
29267,2.6525786181247406e-70
29268,7.346012123781424e-46
29269,2.5351121819208827e-30
29270,7.945949924787381e-25
29271,2.475371975886857e-31
29272,7.46194959730009e-61
29273,2.365508194211531e-97
29274,1.1188974720661869e-124
29275,7.166605949064676e-99
29276,5.558182496950609e-41
29277,6.741447467586104e-17
29278,2.8398530740360325e-25
29279,6.786767815032133e-27
29280,1.1478309369510056e-18
29281,3.292246299740399e-16
29282,7.610378538593238e-14
29283,5.673410139523571e-45
29284,4.243608829449364e-49
29285,1.8262686226824124e-37
29286,1.4743626855783e-59
29287,2.995542875914041e-122
29288,2.7223021042631797e-214
29289,2.2875e-320
29290,0.0
29291,0.0
29292,0.0
29293,0.0
29294,2.4145587542533e-310
29295,1.5700965723633715e-247
29296,2.8338783809575904e-197
29297,1.6268400997802986e-161
29298,8.220602085763626e-125
29299,6.529781336805517e-85
29300,1.8564192647696946e-52
29301,3.892283359557986e-30
29302,9.242549212561586e-29
29303,1.793712037389852e-49
29304,1.340986190569367e-81
29305,4.7912528095403285e-93
29306,4.419515947049009e-48
29307,9.582149880292158e-28
29308,1.8744035057242096e-20
29309,1.286653996397012e-38
29310,3.388608912373159e-35
29311,2.2951156878872883e-22
29312,1.9991661463187218e-20
29313,2.9356075852228865e-17
29314,2.2282372170831867e-20
29315,3.171802555523979e-48
29316,2.4313017528714044e-87
29317,8.174810186947603e-123
29318,4.5904531268635485e-145
29319,5.072719464958555e-147
29320,1.1075157823267048e-131
29321,1.1765685511039564e-119
29322,6.987804460779444e-117
29323,2.421940142640294e-130
29324,8.291047704823409e-173
29325,6.721316580544503e-252
29326,0.0
29327,0.0
29328,0.0
29329,5.720395435500041e-301
29330,2.8282241673055357e-204
29331,8.157347565641078e-103
29332,7.633241318957387e-48
29333,3.373424577667241e-95
29334,8.011096046393008e-161
29335,1.257202144785465e-223
29336,1.6666064570101515e-279
29337,0.0
29338,0.0
29339,0.0
29340,5.242015783229185e-272
29341,5.803456884381299e-178
29342,1.0879942474095437e-106
29343,1.4835903259512604e-73
29344,2.0218992743627877e-67
29345,2.677872869192483e-84
29346,1.0891888442037829e-122
29347,4.737003840968208e-158
29348,1.800641371002528e-159
29349,1.2880837121546296e-139
29350,4.968035926957566e-112
29351,7.355140338818994e-80
29352,3.091020335345199e-42
29353,4.91158143417369e-21
29354,1.9118100725108356e-17
29355,3.8632849936278033e-25
29356,2.449017868222837e-37
29357,3.863636527733286e-22
29358,5.3360658249147115e-19
29359,2.1702012167581208e-41
29360,4.2793633145127644e-60
29361,2.128700800205022e-63
29362,1.768894503136816e-44
29363,7.361300539683667e-19
29364,9.35068453710209e-39
29365,5.816119987924003e-76
29366,7.654658112218914e-107
29367,3.765070581144086e-116
29368,1.243057675983183e-103
29369,1.2890582091939781e-83
29370,8.045323870308592e-61
29371,1.0534527391549149e-38
29372,3.3603427427023916e-20
29373,2.1114681888187043e-17
29374,1.5644679332564192e-32
29375,1.2974944340477694e-50
29376,3.2698406509790562e-68
29377,2.4440306487257265e-84
29378,5.688245778776706e-99
29379,1.259108781218956e-113
29380,3.3221755130641325e-133
29381,5.202915068144955e-134
29382,6.351658632342613e-138
29383,2.897169781739999e-136
29384,2.9819199645010757e-129
29385,3.886986636767783e-120
29386,2.8570711426348845e-112
29387,2.6166028537188407e-107
29388,5.535957991320278e-106
29389,1.0158478105867845e-107
29390,3.838378218099712e-108
29391,2.2277969495159582e-103
29392,5.155440814293291e-94
29393,6.597358486478119e-81
29394,1.465967225957957e-64
29395,7.189076670476498e-46
29396,3.804853848846599e-27
29397,2.9313592090060564e-14
29398,2.392580814169304e-69
29399,4.1116281404959236e-180
29400,4.365606505987694e-292
29401,0.0
29402,0.0
29403,0.0
29404,0.0
29405,2.46399400431444e-283
29406,8.9076417677592e-191
29407,4.3588996493443096e-98
29408,2.243552715208953e-30
29409,8.985183403410192e-16
29410,4.0062455314303896e-20
29411,3.1832737753010125e-22
29412,3.8571416645766744e-19
29413,1.6339173258083286e-14
29414,2.019475560045672e-17
29415,2.6695768945815577e-42
29416,2.349420055856171e-66
29417,7.351433526946943e-57
29418,2.123383179508257e-48
29419,1.3640098230848366e-37
29420,2.7192898523310716e-32
29421,4.535211944017274e-26
29422,5.930176043828517e-24
29423,1.3048387966968153e-27
29424,6.1578605275377365e-24
29425,3.0454135644534567e-22
29426,1.8761694749151813e-20
29427,3.1738596961422624e-21
29428,2.5143059336582265e-28
29429,5.29616119095692e-43
29430,1.1468880515404554e-63
29431,1.6966909012198998e-62
29432,1.9894266924316027e-60
29433,3.1753424552802778e-59
29434,6.98114731182557e-56
29435,9.73379619089565e-44
29436,6.035165186517474e-29
29437,3.9521365116721715e-25
29438,1.9647242681373633e-22
29439,1.6291268225146447e-16
29440,6.486931984998649e-19
29441,1.193060743310183e-71
29442,8.624531492283593e-154
29443,6.97930172005723e-231
29444,1.6379053881905971e-276
29445,1.4567109897606333e-274
29446,6.304964757764473e-222
29447,1.5828743407647982e-137
29448,1.025547987406029e-117
29449,1.8662787097202305e-129
29450,1.3859415250943152e-153
29451,1.9323875209052382e-181
29452,1.3449143876030658e-208
29453,6.753273431581636e-232
29454,1.5580550712762891e-252
29455,6.447476032225329e-260
29456,4.1325181441301226e-286
29457,2.18579123674941e-308
29458,2.8921623e-316
29459,4.718402424218363e-306
29460,4.1065232605562115e-277
29461,1.0997932908131704e-230
29462,1.9329200266698036e-177
29463,5.110333574337833e-131
29464,2.0789428296216373e-96
29465,4.1741405047653715e-73
29466,9.864170086441863e-58
29467,2.0220397474703022e-46
29468,1.5978863475047508e-37
29469,1.8216140285820386e-32
29470,1.7287532809799575e-36
29471,6.442231055316123e-62
29472,1.9526227362030672e-78
29473,1.651369242123837e-41
29474,1.85096390501028e-31
29475,6.230249605313611e-30
29476,1.5225572655730682e-30
29477,2.5916837909655173e-26
29478,1.879302569694313e-20
29479,3.932041975798347e-22
29480,1.0695132615387594e-24
29481,1.1355243813511635e-16
29482,4.6015651580761436e-24
29483,5.817600122732334e-45
29484,3.1762465742050554e-69
29485,2.34650770040991e-94
29486,1.5253543087456123e-110
29487,2.245970989082948e-99
29488,1.7636897886600102e-47
29489,7.833192571920828e-25
29490,3.1007822175228114e-18
29491,2.6237954745345417e-17
29492,2.690016422662244e-15
29493,1.2704589368950936e-19
29494,4.1083434502322066e-26
29495,7.502483740530964e-34
29496,8.070527286113658e-42
29497,7.266990543162545e-47
29498,3.526392781582586e-48
29499,3.0507319528462956e-48
29500,5.347091268390388e-47
29501,5.511391094876224e-42
29502,3.1654920691417714e-30
29503,6.56107270730518e-15
29504,6.2615313117054374e-30
29505,1.546556809833444e-70
29506,2.0398169801929157e-132
29507,8.436301155555394e-208
29508,5.684807616245325e-282
29509,0.0
29510,0.0
29511,1.5468112314085272e-290
29512,1.1216693106702293e-236
29513,6.129646897448579e-186
29514,1.8759652187510477e-144
29515,5.516672369973992e-118
29516,1.6382182327634869e-109
29517,2.682213686182167e-115
29518,1.6688324480599078e-119
29519,2.713388235401681e-130
29520,9.157386803105258e-152
29521,9.997153934465455e-183
29522,3.4162755729938513e-212
29523,2.94350370007024e-212
29524,4.275134074203653e-169
29525,4.1470829728266143e-131
29526,9.72928321211641e-102
29527,6.940313751487504e-86
29528,1.3659147168552171e-76
29529,1.4191050177019582e-56
29530,5.2478200605129286e-43
29531,2.628396193201919e-34
29532,3.6657674301170564e-29
29533,5.252455083192339e-28
29534,2.1388180191119843e-31
29535,3.158749105649632e-35
29536,2.3588459845645205e-39
29537,2.099855200561386e-41
29538,2.604378079066198e-38
29539,6.35708219522948e-29
29540,5.296989376903255e-18
29541,1.3511396233818156e-17
29542,2.533240720041434e-29
29543,6.990081374070047e-51
29544,7.40951269671109e-76
29545,2.238340931644409e-93
29546,7.98736297969814e-95
29547,3.466148833206115e-80
29548,8.715701461524119e-57
29549,5.409575336195532e-35
29550,1.410688272043157e-19
29551,2.6579502297742233e-16
29552,1.9989389544213896e-18
29553,3.353866458036542e-19
29554,4.557141032073618e-15
29555,2.23975752667694e-17
29556,1.7645748989189128e-35
29557,8.964048521338476e-69
29558,1.8234705035984967e-97
29559,3.685593931748261e-100
29560,2.389303215219795e-101
29561,1.2775371317089018e-102
29562,8.940181306107602e-55
29563,8.452956318728792e-54
29564,8.981587083183438e-95
29565,4.892670569750056e-150
29566,2.752294267283336e-186
29567,8.167217945094553e-196
29568,2.981820402735497e-178
29569,4.998059862934857e-137
29570,4.33787699894684e-88
29571,1.070658660634325e-44
29572,4.359788872604438e-35
29573,5.939889871003025e-90
29574,5.497353415953229e-161
29575,1.4378604166053478e-189
29576,6.123232171765842e-172
29577,6.489778263408491e-123
29578,5.785285486202127e-62
29579,3.066501811820021e-19
29580,8.548594617138257e-17
29581,2.257230534629459e-19
29582,2.190588104853976e-17
29583,6.452431641175741e-14
29584,6.082442175117071e-54
29585,1.4043149350534467e-159
29586,5.67078230416e-312
29587,0.0
29588,0.0
29589,3.349969420089786e-287
29590,7.08194756171466e-174
29591,1.0142417222047059e-73
29592,2.375116178278064e-32
29593,1.8853817199346243e-34
29594,5.244438244641107e-31
29595,1.2165752608353682e-26
29596,1.2563848713479922e-75
29597,1.5527295307716631e-58
29598,4.7179314647632894e-52
29599,4.434559147043237e-62
29600,6.569869168562733e-19
29601,7.430022340652991e-23
29602,5.839119168616711e-21
29603,4.763162735873363e-16
29604,6.094895921690439e-29
29605,2.9017525591645063e-81
29606,1.4774939587003686e-89
29607,3.574264931839768e-75
29608,3.0256841383501984e-41
29609,5.168565746675533e-31
29610,8.681703939290393e-29
29611,1.2233757310387743e-29
29612,3.4113431515611237e-41
29613,1.5311336745934066e-68
29614,1.006023501999319e-110
29615,5.602360770277482e-152
29616,1.7485950052149618e-167
29617,2.128652100713838e-172
29618,7.283372170336113e-164
29619,1.2486770856958663e-121
29620,2.536239466824744e-81
29621,3.970340721111812e-69
29622,1.5315568236732922e-53
29623,4.14206200908718e-31
29624,3.9125822418617962e-25
29625,2.0167898190969221e-28
29626,1.172198751301597e-34
29627,2.1358877984066901e-38
29628,1.4893875295419277e-35
29629,5.454589100562498e-26
29630,4.602066472426245e-21
29631,4.5798715657806655e-25
29632,2.5669842854465846e-35
29633,8.65750783612766e-51
29634,1.8002322317020497e-65
29635,2.9799853750287145e-61
29636,9.56271666752705e-49
29637,6.805603117046538e-40
29638,1.5194864934536597e-24
29639,1.1995337864218738e-16
29640,1.584884562411374e-20
29641,1.1222380135274047e-25
29642,1.905586598868794e-92
29643,6.475810570324793e-162
29644,8.559496666618022e-196
29645,9.491836541323904e-170
29646,4.608265157886042e-72
29647,1.3864221432089631e-32
29648,7.023682305978538e-21
29649,5.807334698267759e-20
29650,5.87344101355864e-20
29651,2.5870672335049255e-18
29652,1.3616245553320483e-59
29653,8.355269227339613e-142
29654,1.329729605718689e-254
29655,0.0
29656,0.0
29657,0.0
29658,0.0
29659,1.5864008868205665e-255
29660,1.4700895602159182e-120
29661,8.732846938201349e-44
29662,5.368986730282385e-31
29663,7.79805701681985e-35
29664,2.020271137699187e-32
29665,2.2299396773074735e-22
29666,6.828322741592625e-19
29667,3.256942352986253e-57
29668,1.4894498710949296e-138
29669,4.56470964344674e-204
29670,3.0467313861084545e-140
29671,3.981002356632792e-89
29672,5.242912127179426e-52
29673,4.516354403349602e-22
29674,1.1256737639687697e-18
29675,6.667736085998407e-32
29676,1.9305350313671926e-47
29677,7.449366113729894e-52
29678,3.104343753299889e-47
29679,4.644187912613525e-33
29680,1.5970487674695513e-16
29681,6.382589348561821e-22
29682,6.9534172009710476e-46
29683,1.3829069904155499e-68
29684,9.368140022284938e-94
29685,1.2623187468393412e-122
29686,2.575734526348137e-156
29687,5.691760695029645e-167
29688,1.0642460287493632e-152
29689,2.089604225394492e-125
29690,1.8773688012325363e-89
29691,7.995925354065515e-54
29692,4.2505505867713645e-24
29693,4.426879898656133e-32
29694,2.3395289070524533e-55
29695,1.966436058401303e-80
29696,3.3539846040687823e-97
29697,1.0535062951987612e-97
29698,3.164927285813309e-90
29699,6.385300576689434e-81
29700,8.477725153393862e-71
29701,1.5610717352278042e-53
29702,1.742361497477048e-34
29703,7.8194134187167955e-25
29704,1.2848586616095537e-53
29705,3.217049670511727e-115
29706,1.1799378264182985e-181
29707,3.717018484107362e-237
29708,1.9859786211523193e-271
29709,4.487002607027154e-277
29710,6.6121169412912895e-254
29711,2.4122792811648986e-228
29712,2.615230579456534e-211
29713,2.3582056129317364e-195
29714,9.061861043827608e-185
29715,8.124847210201987e-169
29716,2.076519758879723e-125
29717,2.0122855829247807e-91
29718,6.123323286507641e-71
29719,5.38382592342999e-59
29720,2.974234478240915e-73
29721,5.361609669876799e-69
29722,2.763558327058401e-39
29723,6.115578654977192e-35
29724,5.407806019596108e-32
29725,8.935843468629516e-51
29726,2.194506202712383e-100
29727,4.035761518818986e-143
29728,5.8800618662657504e-164
29729,3.847602827558663e-159
29730,5.762909739739583e-137
29731,4.860989344657835e-106
29732,1.8970484179152441e-75
29733,1.1979494572973557e-48
29734,8.65238743960995e-28
29735,2.087757614105129e-17
29736,9.107353967807752e-19
29737,9.271976283788594e-22
29738,9.420884845739304e-25
29739,4.974153194044002e-31
29740,8.473177338161064e-48
29741,9.26660077374418e-75
29742,1.2642154103611534e-102
29743,1.5967161199537372e-129
29744,9.424927131039179e-113
29745,9.523046450115567e-87
29746,2.157311356956706e-64
29747,4.245013684094994e-56
29748,2.795619442698864e-68
29749,3.405702935393076e-93
29750,4.2210021540332316e-111
29751,2.598500711420547e-116
29752,1.9632074612623906e-106
29753,1.521905140731668e-83
29754,4.4345721666255597e-54
29755,4.321890822041785e-30
29756,2.0337058784097644e-27
29757,8.579850434479018e-52
29758,9.824243476444759e-92
29759,7.25157054076049e-120
29760,6.409838285532483e-117
29761,9.307847370221504e-80
29762,3.189555335530761e-41
29763,3.059612821292124e-21
29764,5.431569494512657e-21
29765,2.6646223864421727e-14
29766,2.5864487337395657e-20
29767,3.165356243464236e-103
29768,1.0421388489545119e-219
29769,0.0
29770,0.0
29771,0.0
29772,0.0
29773,6.5617723090021285e-285
29774,2.0504090866662286e-225
29775,2.839310072307218e-159
29776,2.2107156153701085e-121
29777,3.398204948294289e-115
29778,2.4520289451421523e-123
29779,1.359642886079754e-140
29780,6.146662470310535e-163
29781,8.82019989293779e-177
29782,8.284331498870559e-183
29783,3.637583511519949e-183
29784,7.114609648372006e-176
29785,5.902820608366388e-153
29786,8.256402214626396e-108
29787,4.477410456446619e-74
29788,6.433460825409428e-58
29789,8.702349438562572e-51
29790,4.4398914684626275e-45
29791,1.851356520973536e-41
29792,6.050797311973349e-38
29793,1.7929534599918461e-34
29794,1.4638374647979411e-37
29795,1.3743820931114265e-54
29796,2.2112457573311045e-94
29797,2.6088701737328087e-132
29798,7.44809499979221e-147
29799,2.0648946952600327e-114
29800,4.1594900602985397e-54
29801,7.731229372264273e-30
29802,3.7192044384681575e-22
29803,1.4791934764213945e-20
29804,5.073880578690054e-28
29805,3.7029592077785788e-31
29806,8.384676692421127e-32
29807,8.752420824619554e-49
29808,6.79155334523418e-61
29809,1.7211263057181117e-59
29810,1.814753613021537e-45
29811,1.573277381455719e-42
29812,2.89587609051799e-57
29813,9.585835896421585e-87
29814,2.8788911581499846e-130
29815,1.7031889075954511e-186
29816,3.504662103060845e-246
29817,1.8444897598771767e-274
29818,2.145730245547794e-256
29819,1.3721111488981102e-220
29820,2.8176293546850033e-176
29821,1.2863878125587306e-130
29822,1.7616769604612326e-90
29823,2.933780795677419e-51
29824,6.636189751420235e-52
29825,5.9341801121897116e-55
29826,2.9935781499417967e-68
29827,2.8213235808655443e-81
29828,1.1551235533724337e-76
29829,4.804266364376848e-46
29830,5.239487724044031e-39
29831,1.183117898374884e-16
29832,8.994946775705945e-15
29833,5.978041185106229e-17
29834,3.9309440828474454e-33
29835,2.3761885990003278e-36
29836,2.212553501711256e-32
29837,3.253191283870919e-21
29838,3.835641022355756e-20
29839,1.456062830515598e-20
29840,3.8312918200560665e-17
29841,1.1442892049376143e-40
29842,3.751071718923224e-75
29843,3.2843697226543736e-105
29844,2.5251982620182964e-120
29845,5.370549914856857e-113
29846,1.42207203518688e-78
29847,2.805391579860916e-38
29848,2.2694516840494543e-25
29849,1.9866581996324526e-49
29850,1.0392808652055475e-98
29851,3.6736760572073884e-126
29852,1.5740612446594275e-112
29853,1.2774900946810862e-69
29854,9.861125261948456e-26
29855,8.94224973469402e-14
29856,1.5642422311901675e-16
29857,2.0393624626984344e-15
29858,4.2853899931101725e-13
29859,4.575406932902344e-28
29860,7.274834299128404e-53
29861,6.889313349326529e-121
29862,2.446496712168043e-221
29863,0.0
29864,0.0
29865,0.0
29866,0.0
29867,0.0
29868,2.827340769373424e-204
29869,5.197591936429645e-108
29870,5.138308957414281e-39
29871,5.862773671196551e-30
29872,5.810625957358756e-26
29873,1.460891500141397e-30
29874,5.431578825927431e-94
29875,2.000954384750618e-98
29876,7.988690505829218e-94
29877,1.478383008088658e-63
29878,8.534304425066246e-40
29879,2.5284470205421385e-33
29880,1.4427040280312793e-31
29881,2.2963860487326039e-29
29882,2.4071341886758456e-40
29883,3.413215875338346e-63
29884,3.613188272676651e-92
29885,2.8461849093961156e-128
29886,1.0648031935876116e-167
29887,1.5530836636515706e-202
29888,1.3173717410248216e-235
29889,1.4686527847396822e-262
29890,2.3889475911352097e-274
29891,1.0887146968864564e-262
29892,7.833213590460695e-234
29893,1.264238626412119e-201
29894,1.3669397645312783e-172
29895,1.0749324956468962e-148
29896,5.146771780340613e-129
29897,3.587140620166097e-107
29898,3.689839606728898e-86
29899,3.390728015052694e-85
29900,4.993933678798538e-99
29901,5.205973285893027e-118
29902,4.1873917753275045e-134
29903,1.2722469347522694e-147
29904,2.3161642946631663e-166
29905,7.469439324327037e-177
29906,5.124444881672438e-177
29907,2.2591524507579318e-172
29908,1.6219513365507062e-167
29909,8.572127983352271e-164
29910,5.681332960059766e-160
29911,1.5991883748091833e-156
29912,1.8211805934633935e-152
29913,1.0547357385351132e-141
29914,6.979310983501171e-125
29915,8.521354615428249e-105
29916,1.2593541942350053e-82
29917,2.2308817239282495e-60
29918,2.87136491949762e-44
29919,2.4834741164048656e-50
29920,2.262769327090305e-83
29921,2.7204508818164244e-127
29922,5.841342293341794e-165
29923,5.139657164614294e-187
29924,7.0034520889757296e-183
29925,4.1634787456590635e-128
29926,8.626629226597334e-69
29927,6.931826264034693e-35
29928,2.295458063675631e-21
29929,1.6475459185924584e-48
29930,3.3022419242410693e-99
29931,7.6270758191025235e-177
29932,3.589823695697205e-240
29933,8.975940151429867e-273
29934,2.768028108646956e-248
29935,3.2748478010601713e-236
29936,4.269117242336916e-237
29937,5.652210407593064e-241
29938,9.931807917976575e-206
29939,2.5768728209472156e-170
29940,5.894310088448957e-124
29941,1.568201175483571e-83
29942,1.3295830517797178e-58
29943,1.411480926467515e-47
29944,3.5554409890658225e-82
29945,6.0381388535008e-102
29946,5.401887492285307e-109
29947,6.1676313907604205e-102
29948,3.96781478942224e-80
29949,1.5738496028056739e-81
29950,4.71464550244032e-73
29951,2.258165249385043e-45
29952,3.773823536488891e-27
29953,6.371575126537314e-16
29954,1.112846672119956e-24
29955,4.10193624861489e-52
29956,4.9329173811372285e-92
29957,4.575661140054107e-143
29958,1.4184314454514691e-193
29959,5.180191930096241e-230
29960,6.572705561477292e-249
29961,9.092815280267061e-242
29962,1.7096942976309474e-202
29963,6.747089965164674e-145
29964,1.3938602627647059e-89
29965,1.0540936298237154e-45
29966,1.2020032419738816e-32
29967,9.045214091062062e-21
29968,2.4197255441607115e-22
29969,5.525724481767073e-47
29970,8.927669243339611e-101
29971,4.971031438923283e-195
29972,1.7510890957269885e-230
29973,4.565800305473424e-211
29974,8.234842855879209e-146
29975,1.143492097712365e-99
29976,9.76993756452258e-64
29977,1.965914419060757e-39
29978,1.6690541610420924e-23
29979,1.0497391975448915e-17
29980,5.1343150852274565e-23
29981,6.500044301720416e-37
29982,2.9252635462280318e-123
29983,9.288907674104052e-235
29984,0.0
29985,0.0
29986,1.183426e-318
29987,1.0776289893018741e-240
29988,9.366425057214722e-154
29989,6.857493940326761e-98
29990,7.430093296266862e-35
29991,3.1779067147362977e-44
29992,3.6670301583040296e-69
29993,3.258749818147918e-128
29994,1.6827904124805318e-108
29995,2.460580713100292e-102
29996,8.834347046896133e-94
29997,6.441812529348027e-84
29998,1.4749826317688331e-67
29999,5.554116101886998e-32
30000,2.7935055527e-313
30001,5.181357068937172e-287
30002,0.0
30003,0.0
30004,0.0
30005,0.0
30006,0.0
30007,0.0
30008,0.0
30009,0.0
30010,0.0
30011,0.0
30012,0.0
30013,0.0
30014,0.0
30015,0.0
30016,0.0
30017,0.0
30018,0.0
30019,0.0
30020,0.0
30021,0.0
30022,0.0
30023,0.0
30024,0.0
30025,0.0
30026,0.0
30027,0.0
30028,0.0
30029,0.0
30030,0.0
30031,0.0
30032,0.0
30033,0.0
30034,0.0
30035,0.0
30036,0.0
30037,0.0
30038,0.0
30039,0.0
30040,0.0
30041,0.0
30042,0.0
30043,0.0
30044,0.0
30045,0.0
30046,0.0
30047,0.0
30048,0.0
30049,0.0
30050,0.0
30051,0.0
30052,0.0
30053,0.0
30054,0.0
30055,0.0
30056,0.0
30057,0.0
30058,0.0
30059,0.0
30060,0.0
30061,0.0
30062,0.0
30063,0.0
30064,0.0
30065,0.0
30066,0.0
30067,0.0
30068,0.0
30069,0.0
30070,0.0
30071,0.0
30072,0.0
30073,0.0
30074,0.0
30075,0.0
30076,0.0
30077,0.0
30078,0.0
30079,0.0
30080,0.0
30081,0.0
30082,0.0
30083,0.0
30084,0.0
30085,0.0
30086,0.0
30087,0.0
30088,0.0
30089,0.0
30090,0.0
30091,0.0
30092,0.0
30093,0.0
30094,0.0
30095,0.0
30096,0.0
30097,0.0
30098,0.0
30099,0.0
30100,0.0
30101,0.0
30102,0.0
30103,0.0
30104,0.0
30105,0.0
30106,0.0
30107,0.0
30108,0.0
30109,0.0
30110,0.0
30111,0.0
30112,0.0
30113,0.0
30114,0.0
30115,0.0
30116,0.0
30117,0.0
30118,0.0
30119,0.0
30120,0.0
30121,0.0
30122,0.0
30123,0.0
30124,0.0
30125,0.0
30126,0.0
30127,0.0
30128,0.0
30129,0.0
30130,0.0
30131,0.0
30132,0.0
30133,0.0
30134,0.0
30135,0.0
30136,0.0
30137,0.0
30138,0.0
30139,0.0
30140,0.0
30141,0.0
30142,0.0
30143,0.0
30144,0.0
30145,0.0
30146,0.0
30147,0.0
30148,0.0
30149,0.0
30150,0.0
30151,0.0
30152,0.0
30153,0.0
30154,0.0
30155,0.0
30156,0.0
30157,0.0
30158,0.0
30159,0.0
30160,0.0
30161,0.0
30162,0.0
30163,0.0
30164,0.0
30165,0.0
30166,0.0
30167,0.0
30168,0.0
30169,0.0
30170,0.0
30171,0.0
30172,0.0
30173,0.0
30174,0.0
30175,0.0
30176,0.0
30177,0.0
30178,0.0
30179,0.0
30180,0.0
30181,0.0
30182,0.0
30183,0.0
30184,0.0
30185,0.0
30186,0.0
30187,0.0
30188,0.0
30189,0.0
30190,0.0
30191,0.0
30192,0.0
30193,0.0
30194,0.0
30195,0.0
30196,0.0
30197,0.0
30198,0.0
30199,0.0
30200,0.0
30201,0.0
30202,0.0
30203,0.0
30204,0.0
30205,0.0
30206,0.0
30207,0.0
30208,0.0
30209,0.0
30210,0.0
30211,0.0
30212,0.0
30213,0.0
30214,0.0
30215,0.0
30216,0.0
30217,0.0
30218,0.0
30219,0.0
30220,0.0
30221,0.0
30222,0.0
30223,0.0
30224,0.0
30225,0.0
30226,0.0
30227,0.0
30228,0.0
30229,0.0
30230,0.0
30231,0.0
30232,0.0
30233,0.0
30234,0.0
30235,0.0
30236,0.0
30237,0.0
30238,0.0
30239,0.0
30240,0.0
30241,0.0
30242,0.0
30243,0.0
30244,0.0
30245,0.0
30246,0.0
30247,0.0
30248,0.0
30249,0.0
30250,0.0
30251,0.0
30252,0.0
30253,0.0
30254,0.0
30255,0.0
30256,0.0
30257,0.0
30258,0.0
30259,0.0
30260,0.0
30261,0.0
30262,0.0
30263,0.0
30264,0.0
30265,0.0
30266,0.0
30267,0.0
30268,0.0
30269,0.0
30270,0.0
30271,0.0
30272,0.0
30273,0.0
30274,0.0
30275,0.0
30276,0.0
30277,0.0
30278,0.0
30279,0.0
30280,0.0
30281,0.0
30282,0.0
30283,0.0
30284,0.0
30285,0.0
30286,0.0
30287,0.0
30288,0.0
30289,0.0
30290,0.0
30291,0.0
30292,0.0
30293,0.0
30294,0.0
30295,0.0
30296,0.0
30297,0.0
30298,0.0
30299,0.0
30300,0.0
30301,0.0
30302,0.0
30303,0.0
30304,0.0
30305,0.0
30306,0.0
30307,0.0
30308,0.0
30309,0.0
30310,0.0
30311,0.0
30312,0.0
30313,0.0
30314,0.0
30315,0.0
30316,0.0
30317,0.0
30318,0.0
30319,0.0
30320,0.0
30321,0.0
30322,0.0
30323,0.0
30324,0.0
30325,0.0
30326,0.0
30327,0.0
30328,0.0
30329,0.0
30330,0.0
30331,0.0
30332,0.0
30333,0.0
30334,0.0
30335,0.0
30336,0.0
30337,0.0
30338,0.0
30339,0.0
30340,0.0
30341,0.0
30342,0.0
30343,0.0
30344,0.0
30345,0.0
30346,0.0
30347,0.0
30348,0.0
30349,0.0
30350,0.0
30351,0.0
30352,0.0
30353,0.0
30354,0.0
30355,0.0
30356,0.0
30357,0.0
30358,0.0
30359,0.0
30360,0.0
30361,0.0
30362,0.0
30363,0.0
30364,0.0
30365,0.0
30366,0.0
30367,0.0
30368,0.0
30369,0.0
30370,0.0
30371,0.0
30372,0.0
30373,0.0
30374,0.0
30375,0.0
30376,0.0
30377,0.0
30378,0.0
30379,0.0
30380,0.0
30381,0.0
30382,0.0
30383,0.0
30384,0.0
30385,0.0
30386,0.0
30387,0.0
30388,0.0
30389,0.0
30390,0.0
30391,0.0
30392,0.0
30393,0.0
30394,0.0
30395,0.0
30396,0.0
30397,0.0
30398,0.0
30399,0.0
30400,0.0
30401,0.0
30402,0.0
30403,0.0
30404,0.0
30405,0.0
30406,0.0
30407,0.0
30408,0.0
30409,0.0
30410,0.0
30411,0.0
30412,0.0
30413,0.0
30414,0.0
30415,0.0
30416,0.0
30417,0.0
30418,0.0
30419,0.0
30420,0.0
30421,0.0
30422,0.0
30423,0.0
30424,0.0
30425,0.0
30426,0.0
30427,0.0
30428,0.0
30429,0.0
30430,0.0
30431,0.0
30432,0.0
30433,0.0
30434,0.0
30435,0.0
30436,0.0
30437,0.0
30438,0.0
30439,0.0
30440,0.0
30441,0.0
30442,0.0
30443,0.0
30444,0.0
30445,0.0
30446,0.0
30447,0.0
30448,0.0
30449,0.0
30450,0.0
30451,0.0
30452,0.0
30453,0.0
30454,0.0
30455,0.0
30456,0.0
30457,0.0
30458,0.0
30459,0.0
30460,0.0
30461,0.0
30462,0.0
30463,0.0
30464,0.0
30465,0.0
30466,0.0
30467,0.0
30468,0.0
30469,0.0
30470,0.0
30471,0.0
30472,0.0
30473,0.0
30474,0.0
30475,0.0
30476,0.0
30477,0.0
30478,0.0
30479,0.0
30480,0.0
30481,0.0
30482,0.0
30483,0.0
30484,0.0
30485,0.0
30486,0.0
30487,0.0
30488,0.0
30489,0.0
30490,0.0
30491,0.0
30492,0.0
30493,0.0
30494,0.0
30495,0.0
30496,0.0
30497,0.0
30498,0.0
30499,0.0
30500,0.0
30501,0.0
30502,0.0
30503,0.0
30504,0.0
30505,0.0
30506,0.0
30507,0.0
30508,0.0
30509,0.0
30510,0.0
30511,0.0
30512,0.0
30513,0.0
30514,0.0
30515,0.0
30516,0.0
30517,0.0
30518,0.0
30519,0.0
30520,0.0
30521,0.0
30522,0.0
30523,0.0
30524,0.0
30525,0.0
30526,0.0
30527,0.0
30528,0.0
30529,0.0
30530,0.0
30531,0.0
30532,0.0
30533,0.0
30534,0.0
30535,0.0
30536,0.0
30537,0.0
30538,0.0
30539,0.0
30540,0.0
30541,0.0
30542,0.0
30543,0.0
30544,0.0
30545,0.0
30546,0.0
30547,0.0
30548,0.0
30549,0.0
30550,0.0
30551,0.0
30552,0.0
30553,0.0
30554,0.0
30555,0.0
30556,0.0
30557,0.0
30558,0.0
30559,0.0
30560,0.0
30561,0.0
30562,0.0
30563,0.0
30564,0.0
30565,0.0
30566,0.0
30567,0.0
30568,0.0
30569,0.0
30570,0.0
30571,0.0
30572,0.0
30573,0.0
30574,0.0
30575,0.0
30576,0.0
30577,0.0
30578,0.0
30579,0.0
30580,0.0
30581,0.0
30582,0.0
30583,0.0
30584,0.0
30585,0.0
30586,0.0
30587,0.0
30588,0.0
30589,0.0
30590,0.0
30591,0.0
30592,0.0
30593,0.0
30594,0.0
30595,0.0
30596,0.0
30597,0.0
30598,0.0
30599,0.0
30600,0.0
30601,0.0
30602,0.0
30603,0.0
30604,0.0
30605,0.0
30606,0.0
30607,0.0
30608,0.0
30609,0.0
30610,0.0
30611,0.0
30612,0.0
30613,0.0
30614,0.0
30615,0.0
30616,0.0
30617,0.0
30618,0.0
30619,0.0
30620,0.0
30621,0.0
30622,0.0
30623,0.0
30624,0.0
30625,0.0
30626,0.0
30627,0.0
30628,0.0
30629,0.0
30630,0.0
30631,0.0
30632,0.0
30633,0.0
30634,0.0
30635,0.0
30636,0.0
30637,0.0
30638,0.0
30639,0.0
30640,0.0
30641,0.0
30642,0.0
30643,0.0
30644,0.0
30645,0.0
30646,0.0
30647,0.0
30648,0.0
30649,0.0
30650,0.0
30651,0.0
30652,0.0
30653,0.0
30654,0.0
30655,0.0
30656,0.0
30657,0.0
30658,0.0
30659,0.0
30660,0.0
30661,0.0
30662,0.0
30663,0.0
30664,0.0
30665,0.0
30666,0.0
30667,0.0
30668,0.0
30669,0.0
30670,0.0
30671,0.0
30672,0.0
30673,0.0
30674,0.0
30675,0.0
30676,0.0
30677,0.0
30678,0.0
30679,0.0
30680,0.0
30681,0.0
30682,0.0
30683,0.0
30684,0.0
30685,0.0
30686,0.0
30687,0.0
30688,0.0
30689,0.0
30690,0.0
30691,0.0
30692,0.0
30693,0.0
30694,0.0
30695,0.0
30696,0.0
30697,0.0
30698,0.0
30699,0.0
30700,0.0
30701,0.0
30702,0.0
30703,0.0
30704,0.0
30705,0.0
30706,0.0
30707,0.0
30708,0.0
30709,0.0
30710,0.0
30711,0.0
30712,0.0
30713,0.0
30714,0.0
30715,0.0
30716,0.0
30717,0.0
30718,0.0
30719,0.0
30720,0.0
30721,0.0
30722,0.0
30723,0.0
30724,0.0
30725,0.0
30726,0.0
30727,0.0
30728,0.0
30729,0.0
30730,0.0
30731,0.0
30732,0.0
30733,0.0
30734,0.0
30735,0.0
30736,0.0
30737,0.0
30738,0.0
30739,0.0
30740,0.0
30741,0.0
30742,0.0
30743,0.0
30744,0.0
30745,0.0
30746,0.0
30747,0.0
30748,0.0
30749,0.0
30750,0.0
30751,0.0
30752,0.0
30753,0.0
30754,0.0
30755,0.0
30756,0.0
30757,0.0
30758,0.0
30759,0.0
30760,0.0
30761,0.0
30762,0.0
30763,0.0
30764,0.0
30765,0.0
30766,0.0
30767,0.0
30768,0.0
30769,0.0
30770,0.0
30771,0.0
30772,0.0
30773,0.0
30774,0.0
30775,0.0
30776,0.0
30777,0.0
30778,0.0
30779,0.0
30780,0.0
30781,0.0
30782,0.0
30783,0.0
30784,0.0
30785,0.0
30786,0.0
30787,0.0
30788,0.0
30789,0.0
30790,0.0
30791,0.0
30792,0.0
30793,0.0
30794,0.0
30795,0.0
30796,0.0
30797,0.0
30798,0.0
30799,0.0
30800,0.0
30801,0.0
30802,0.0
30803,0.0
30804,0.0
30805,0.0
30806,0.0
30807,0.0
30808,0.0
30809,0.0
30810,0.0
30811,0.0
30812,0.0
30813,0.0
30814,0.0
30815,0.0
30816,0.0
30817,0.0
30818,0.0
30819,0.0
30820,0.0
30821,0.0
30822,0.0
30823,0.0
30824,0.0
30825,0.0
30826,0.0
30827,0.0
30828,0.0
30829,0.0
30830,0.0
30831,0.0
30832,0.0
30833,0.0
30834,0.0
30835,0.0
30836,0.0
30837,0.0
30838,0.0
30839,0.0
30840,0.0
30841,0.0
30842,0.0
30843,0.0
30844,0.0
30845,0.0
30846,0.0
30847,0.0
30848,0.0
30849,0.0
30850,0.0
30851,0.0
30852,0.0
30853,0.0
30854,0.0
30855,0.0
30856,0.0
30857,0.0
30858,0.0
30859,0.0
30860,0.0
30861,0.0
30862,0.0
30863,0.0
30864,0.0
30865,0.0
30866,0.0
30867,0.0
30868,0.0
30869,0.0
30870,0.0
30871,0.0
30872,0.0
30873,0.0
30874,0.0
30875,0.0
30876,0.0
30877,0.0
30878,0.0
30879,0.0
30880,0.0
30881,0.0
30882,0.0
30883,0.0
30884,0.0
30885,0.0
30886,0.0
30887,0.0
30888,0.0
30889,0.0
30890,0.0
30891,0.0
30892,0.0
30893,0.0
30894,0.0
30895,0.0
30896,0.0
30897,0.0
30898,0.0
30899,0.0
30900,0.0
30901,0.0
30902,0.0
30903,0.0
30904,0.0
30905,0.0
30906,0.0
30907,0.0
30908,0.0
30909,0.0
30910,0.0
30911,0.0
30912,0.0
30913,0.0
30914,0.0
30915,0.0
30916,0.0
30917,0.0
30918,0.0
30919,0.0
30920,0.0
30921,0.0
30922,0.0
30923,0.0
30924,0.0
30925,0.0
30926,0.0
30927,0.0
30928,0.0
30929,0.0
30930,0.0
30931,0.0
30932,0.0
30933,0.0
30934,0.0
30935,0.0
30936,0.0
30937,0.0
30938,0.0
30939,0.0
30940,0.0
30941,0.0
30942,0.0
30943,0.0
30944,0.0
30945,0.0
30946,0.0
30947,0.0
30948,0.0
30949,0.0
30950,0.0
30951,0.0
30952,0.0
30953,0.0
30954,0.0
30955,0.0
30956,0.0
30957,0.0
30958,0.0
30959,0.0
30960,0.0
30961,0.0
30962,0.0
30963,0.0
30964,0.0
30965,0.0
30966,0.0
30967,0.0
30968,0.0
30969,0.0
30970,0.0
30971,0.0
30972,0.0
30973,0.0
30974,0.0
30975,0.0
30976,0.0
30977,0.0
30978,0.0
30979,0.0
30980,0.0
30981,0.0
30982,0.0
30983,0.0
30984,0.0
30985,0.0
30986,0.0
30987,0.0
30988,0.0
30989,0.0
30990,0.0
30991,0.0
30992,0.0
30993,0.0
30994,0.0
30995,0.0
30996,0.0
30997,0.0
30998,0.0
30999,0.0
31000,0.0
31001,0.0
31002,0.0
31003,0.0
31004,0.0
31005,0.0
31006,0.0
31007,0.0
31008,0.0
31009,0.0
31010,0.0
31011,0.0
31012,0.0
31013,0.0
31014,0.0
31015,0.0
31016,0.0
31017,0.0
31018,0.0
31019,0.0
31020,0.0
31021,0.0
31022,0.0
31023,0.0
31024,0.0
31025,0.0
31026,0.0
31027,0.0
31028,0.0
31029,0.0
31030,0.0
31031,0.0
31032,0.0
31033,0.0
31034,0.0
31035,0.0
31036,0.0
31037,0.0
31038,0.0
31039,0.0
31040,0.0
31041,0.0
31042,0.0
31043,0.0
31044,0.0
31045,0.0
31046,0.0
31047,0.0
31048,0.0
31049,0.0
31050,0.0
31051,0.0
31052,0.0
31053,0.0
31054,0.0
31055,0.0
31056,0.0
31057,0.0
31058,0.0
31059,0.0
31060,0.0
31061,0.0
31062,0.0
31063,0.0
31064,0.0
31065,0.0
31066,0.0
31067,0.0
31068,0.0
31069,0.0
31070,0.0
31071,0.0
31072,0.0
31073,0.0
31074,0.0
31075,0.0
31076,0.0
31077,0.0
31078,0.0
31079,0.0
31080,0.0
31081,0.0
31082,0.0
31083,0.0
31084,0.0
31085,0.0
31086,0.0
31087,0.0
31088,0.0
31089,0.0
31090,0.0
31091,0.0
31092,0.0
31093,0.0
31094,0.0
31095,0.0
31096,0.0
31097,0.0
31098,0.0
31099,0.0
31100,0.0
31101,0.0
31102,0.0
31103,0.0
31104,0.0
31105,0.0
31106,0.0
31107,0.0
31108,0.0
31109,0.0
31110,0.0
31111,0.0
31112,0.0
31113,0.0
31114,0.0
31115,0.0
31116,0.0
31117,0.0
31118,0.0
31119,0.0
31120,0.0
31121,0.0
31122,0.0
31123,0.0
31124,0.0
31125,0.0
31126,0.0
31127,0.0
31128,0.0
31129,0.0
31130,0.0
31131,0.0
31132,0.0
31133,0.0
31134,0.0
31135,0.0
31136,0.0
31137,0.0
31138,0.0
31139,0.0
31140,0.0
31141,0.0
31142,0.0
31143,0.0
31144,0.0
31145,0.0
31146,0.0
31147,0.0
31148,0.0
31149,0.0
31150,0.0
31151,0.0
31152,0.0
31153,0.0
31154,0.0
31155,0.0
31156,0.0
31157,0.0
31158,0.0
31159,0.0
31160,0.0
31161,0.0
31162,0.0
31163,0.0
31164,0.0
31165,0.0
31166,0.0
31167,0.0
31168,0.0
31169,0.0
31170,0.0
31171,0.0
31172,0.0
31173,0.0
31174,0.0
31175,0.0
31176,0.0
31177,0.0
31178,0.0
31179,0.0
31180,0.0
31181,0.0
31182,0.0
31183,0.0
31184,0.0
31185,0.0
31186,0.0
31187,0.0
31188,0.0
31189,0.0
31190,0.0
31191,0.0
31192,0.0
31193,0.0
31194,0.0
31195,0.0
31196,0.0
31197,0.0
31198,0.0
31199,0.0
31200,0.0
31201,0.0
31202,0.0
31203,0.0
31204,0.0
31205,0.0
31206,0.0
31207,0.0
31208,0.0
31209,0.0
31210,0.0
31211,0.0
31212,0.0
31213,0.0
31214,0.0
31215,0.0
31216,0.0
31217,0.0
31218,0.0
31219,0.0
31220,0.0
31221,0.0
31222,0.0
31223,0.0
31224,0.0
31225,0.0
31226,0.0
31227,0.0
31228,0.0
31229,0.0
31230,0.0
31231,0.0
31232,0.0
31233,0.0
31234,0.0
31235,0.0
31236,0.0
31237,0.0
31238,0.0
31239,0.0
31240,0.0
31241,0.0
31242,0.0
31243,0.0
31244,0.0
31245,0.0
31246,0.0
31247,0.0
31248,0.0
31249,0.0
31250,0.0
31251,0.0
31252,0.0
31253,0.0
31254,0.0
31255,0.0
31256,0.0
31257,0.0
31258,0.0
31259,0.0
31260,0.0
31261,0.0
31262,0.0
31263,0.0
31264,0.0
31265,0.0
31266,0.0
31267,0.0
31268,0.0
31269,0.0
31270,0.0
31271,0.0
31272,0.0
31273,0.0
31274,0.0
31275,0.0
31276,0.0
31277,0.0
31278,0.0
31279,0.0
31280,0.0
31281,0.0
31282,0.0
31283,0.0
31284,0.0
31285,0.0
31286,0.0
31287,0.0
31288,0.0
31289,0.0
31290,0.0
31291,0.0
31292,0.0
31293,0.0
31294,0.0
31295,0.0
31296,0.0
31297,0.0
31298,0.0
31299,0.0
31300,0.0
31301,0.0
31302,0.0
31303,0.0
31304,0.0
31305,0.0
31306,0.0
31307,0.0
31308,0.0
31309,0.0
31310,0.0
31311,0.0
31312,0.0
31313,0.0
31314,0.0
31315,0.0
31316,0.0
31317,0.0
31318,0.0
31319,0.0
31320,0.0
31321,0.0
31322,0.0
31323,0.0
31324,0.0
31325,0.0
31326,0.0
31327,0.0
31328,0.0
31329,0.0
31330,0.0
31331,0.0
31332,0.0
31333,0.0
31334,0.0
31335,0.0
31336,0.0
31337,0.0
31338,0.0
31339,0.0
31340,0.0
31341,0.0
31342,0.0
31343,0.0
31344,0.0
31345,0.0
31346,0.0
31347,0.0
31348,0.0
31349,0.0
31350,0.0
31351,0.0
31352,0.0
31353,0.0
31354,0.0
31355,0.0
31356,0.0
31357,0.0
31358,0.0
31359,0.0
31360,0.0
31361,0.0
31362,0.0
31363,0.0
31364,0.0
31365,0.0
31366,0.0
31367,0.0
31368,0.0
31369,0.0
31370,0.0
31371,0.0
31372,0.0
31373,0.0
31374,0.0
31375,0.0
31376,0.0
31377,0.0
31378,0.0
31379,0.0
31380,0.0
31381,0.0
31382,0.0
31383,0.0
31384,0.0
31385,0.0
31386,0.0
31387,0.0
31388,0.0
31389,0.0
31390,0.0
31391,0.0
31392,0.0
31393,0.0
31394,0.0
31395,0.0
31396,0.0
31397,0.0
31398,0.0
31399,0.0
31400,0.0
31401,0.0
31402,0.0
31403,0.0
31404,0.0
31405,0.0
31406,0.0
31407,0.0
31408,0.0
31409,0.0
31410,0.0
31411,0.0
31412,0.0
31413,0.0
31414,0.0
31415,0.0
31416,0.0
31417,0.0
31418,0.0
31419,0.0
31420,0.0
31421,0.0
31422,0.0
31423,0.0
31424,0.0
31425,0.0
31426,0.0
31427,0.0
31428,0.0
31429,0.0
31430,0.0
31431,0.0
31432,0.0
31433,0.0
31434,0.0
31435,0.0
31436,0.0
31437,0.0
31438,0.0
31439,0.0
31440,0.0
31441,0.0
31442,0.0
31443,0.0
31444,0.0
31445,0.0
31446,0.0
31447,0.0
31448,0.0
31449,0.0
31450,0.0
31451,0.0
31452,0.0
31453,0.0
31454,0.0
31455,0.0
31456,0.0
31457,0.0
31458,0.0
31459,0.0
31460,0.0
31461,0.0
31462,0.0
31463,0.0
31464,0.0
31465,0.0
31466,0.0
31467,0.0
31468,0.0
31469,0.0
31470,0.0
31471,0.0
31472,0.0
31473,0.0
31474,0.0
31475,0.0
31476,0.0
31477,0.0
31478,0.0
31479,0.0
31480,0.0
31481,0.0
31482,0.0
31483,0.0
31484,0.0
31485,0.0
31486,0.0
31487,0.0
31488,0.0
31489,0.0
31490,0.0
31491,0.0
31492,0.0
31493,0.0
31494,0.0
31495,0.0
31496,0.0
31497,0.0
31498,0.0
31499,0.0
31500,0.0
31501,0.0
31502,0.0
31503,0.0
31504,0.0
31505,0.0
31506,0.0
31507,0.0
31508,0.0
31509,0.0
31510,0.0
31511,0.0
31512,0.0
31513,0.0
31514,0.0
31515,0.0
31516,0.0
31517,0.0
31518,0.0
31519,0.0
31520,0.0
31521,0.0
31522,0.0
31523,0.0
31524,0.0
31525,0.0
31526,0.0
31527,0.0
31528,0.0
31529,0.0
31530,0.0
31531,0.0
31532,0.0
31533,0.0
31534,0.0
31535,0.0
31536,0.0
31537,0.0
31538,0.0
31539,0.0
31540,0.0
31541,0.0
31542,0.0
31543,0.0
31544,0.0
31545,0.0
31546,0.0
31547,0.0
31548,0.0
31549,0.0
31550,0.0
31551,0.0
31552,0.0
31553,0.0
31554,0.0
31555,0.0
31556,0.0
31557,0.0
31558,0.0
31559,0.0
31560,0.0
31561,0.0
31562,0.0
31563,0.0
31564,0.0
31565,0.0
31566,0.0
31567,0.0
31568,0.0
31569,0.0
31570,0.0
31571,0.0
31572,0.0
31573,0.0
31574,0.0
31575,0.0
31576,0.0
31577,0.0
31578,0.0
31579,0.0
31580,0.0
31581,0.0
31582,0.0
31583,0.0
31584,0.0
31585,0.0
31586,0.0
31587,0.0
31588,0.0
31589,0.0
31590,0.0
31591,0.0
31592,0.0
31593,0.0
31594,0.0
31595,0.0
31596,0.0
31597,0.0
31598,0.0
31599,0.0
31600,0.0
31601,0.0
31602,0.0
31603,0.0
31604,0.0
31605,0.0
31606,0.0
31607,0.0
31608,0.0
31609,0.0
31610,0.0
31611,0.0
31612,0.0
31613,0.0
31614,0.0
31615,0.0
31616,0.0
31617,0.0
31618,0.0
31619,0.0
31620,0.0
31621,0.0
31622,0.0
31623,0.0
31624,0.0
31625,0.0
31626,0.0
31627,0.0
31628,0.0
31629,0.0
31630,0.0
31631,0.0
31632,0.0
31633,0.0
31634,0.0
31635,0.0
31636,0.0
31637,0.0
31638,0.0
31639,0.0
31640,0.0
31641,0.0
31642,0.0
31643,0.0
31644,0.0
31645,0.0
31646,0.0
31647,0.0
31648,0.0
31649,0.0
31650,0.0
31651,0.0
31652,0.0
31653,0.0
31654,0.0
31655,0.0
31656,0.0
31657,0.0
31658,0.0
31659,0.0
31660,0.0
31661,0.0
31662,0.0
31663,0.0
31664,0.0
31665,0.0
31666,0.0
31667,0.0
31668,0.0
31669,0.0
31670,0.0
31671,0.0
31672,0.0
31673,0.0
31674,0.0
31675,0.0
31676,0.0
31677,0.0
31678,0.0
31679,0.0
31680,0.0
31681,0.0
31682,0.0
31683,0.0
31684,0.0
31685,0.0
31686,0.0
31687,0.0
31688,0.0
31689,0.0
31690,0.0
31691,0.0
31692,0.0
31693,0.0
31694,0.0
31695,0.0
31696,0.0
31697,0.0
31698,0.0
31699,0.0
31700,0.0
31701,0.0
31702,0.0
31703,0.0
31704,0.0
31705,0.0
31706,0.0
31707,0.0
31708,0.0
31709,0.0
31710,0.0
31711,0.0
31712,0.0
31713,0.0
31714,0.0
31715,0.0
31716,0.0
31717,0.0
31718,0.0
31719,0.0
31720,0.0
31721,0.0
31722,0.0
31723,0.0
31724,0.0
31725,0.0
31726,0.0
31727,0.0
31728,0.0
31729,0.0
31730,0.0
31731,0.0
31732,0.0
31733,0.0
31734,0.0
31735,0.0
31736,0.0
31737,0.0
31738,0.0
31739,0.0
31740,0.0
31741,0.0
31742,0.0
31743,0.0
31744,0.0
31745,0.0
31746,0.0
31747,0.0
31748,0.0
31749,0.0
31750,0.0
31751,0.0
31752,0.0
31753,0.0
31754,0.0
31755,0.0
31756,0.0
31757,0.0
31758,0.0
31759,0.0
31760,0.0
31761,0.0
31762,0.0
31763,0.0
31764,0.0
31765,0.0
31766,0.0
31767,0.0
31768,0.0
31769,0.0
31770,0.0
31771,0.0
31772,0.0
31773,0.0
31774,0.0
31775,0.0
31776,0.0
31777,0.0
31778,0.0
31779,0.0
31780,0.0
31781,0.0
31782,0.0
31783,0.0
31784,0.0
31785,0.0
31786,0.0
31787,0.0
31788,0.0
31789,0.0
31790,0.0
31791,0.0
31792,0.0
31793,0.0
31794,0.0
31795,0.0
31796,0.0
31797,0.0
31798,0.0
31799,0.0
31800,0.0
31801,0.0
31802,0.0
31803,0.0
31804,0.0
31805,0.0
31806,0.0
31807,0.0
31808,0.0
31809,0.0
31810,0.0
31811,0.0
31812,0.0
31813,0.0
31814,0.0
31815,0.0
31816,0.0
31817,0.0
31818,0.0
31819,0.0
31820,0.0
31821,0.0
31822,0.0
31823,0.0
31824,0.0
31825,0.0
31826,0.0
31827,0.0
31828,0.0
31829,0.0
31830,0.0
31831,0.0
31832,0.0
31833,0.0
31834,0.0
31835,0.0
31836,0.0
31837,0.0
31838,0.0
31839,0.0
31840,0.0
31841,0.0
31842,0.0
31843,0.0
31844,0.0
31845,0.0
31846,0.0
31847,0.0
31848,0.0
31849,0.0
31850,0.0
31851,0.0
31852,0.0
31853,0.0
31854,0.0
31855,0.0
31856,0.0
31857,0.0
31858,0.0
31859,0.0
31860,0.0
31861,0.0
31862,0.0
31863,0.0
31864,0.0
31865,0.0
31866,0.0
31867,0.0
31868,0.0
31869,0.0
31870,0.0
31871,0.0
31872,0.0
31873,0.0
31874,0.0
31875,0.0
31876,0.0
31877,0.0
31878,0.0
31879,0.0
31880,0.0
31881,0.0
31882,0.0
31883,0.0
31884,0.0
31885,0.0
31886,0.0
31887,0.0
31888,0.0
31889,0.0
31890,0.0
31891,0.0
31892,0.0
31893,0.0
31894,0.0
31895,0.0
31896,0.0
31897,0.0
31898,0.0
31899,0.0
31900,0.0
31901,0.0
31902,0.0
31903,0.0
31904,0.0
31905,0.0
31906,0.0
31907,0.0
31908,0.0
31909,0.0
31910,0.0
31911,0.0
31912,0.0
31913,0.0
31914,0.0
31915,0.0
31916,0.0
31917,0.0
31918,0.0
31919,0.0
31920,0.0
31921,0.0
31922,0.0
31923,0.0
31924,0.0
31925,0.0
31926,0.0
31927,0.0
31928,0.0
31929,0.0
31930,0.0
31931,0.0
31932,0.0
31933,0.0
31934,0.0
31935,0.0
31936,0.0
31937,0.0
31938,0.0
31939,0.0
31940,0.0
31941,0.0
31942,0.0
31943,0.0
31944,0.0
31945,0.0
31946,0.0
31947,0.0
31948,0.0
31949,0.0
31950,0.0
31951,0.0
31952,0.0
31953,0.0
31954,0.0
31955,0.0
31956,0.0
31957,0.0
31958,0.0
31959,0.0
31960,0.0
31961,0.0
31962,0.0
31963,0.0
31964,0.0
31965,0.0
31966,0.0
31967,0.0
31968,0.0
31969,0.0
31970,0.0
31971,0.0
31972,0.0
31973,0.0
31974,0.0
31975,0.0
31976,0.0
31977,0.0
31978,0.0
31979,0.0
31980,0.0
31981,0.0
31982,0.0
31983,0.0
31984,0.0
31985,0.0
31986,0.0
31987,0.0
31988,0.0
31989,0.0
31990,0.0
31991,0.0
31992,0.0
31993,0.0
31994,0.0
31995,0.0
31996,0.0
31997,0.0
31998,0.0
31999,0.0
32000,0.0
32001,0.0
32002,0.0
32003,0.0
32004,0.0
32005,0.0
32006,0.0
32007,0.0
32008,0.0
32009,0.0
32010,0.0
32011,0.0
32012,0.0
32013,0.0
32014,0.0
32015,0.0
32016,0.0
32017,0.0
32018,0.0
32019,0.0
32020,0.0
32021,0.0
32022,0.0
32023,0.0
32024,0.0
32025,0.0
32026,0.0
32027,0.0
32028,0.0
32029,0.0
32030,0.0
32031,0.0
32032,0.0
32033,0.0
32034,0.0
32035,0.0
32036,0.0
32037,0.0
32038,0.0
32039,0.0
32040,0.0
32041,0.0
32042,0.0
32043,0.0
32044,0.0
32045,0.0
32046,0.0
32047,0.0
32048,0.0
32049,0.0
32050,0.0
32051,0.0
32052,0.0
32053,0.0
32054,0.0
32055,0.0
32056,0.0
32057,0.0
32058,0.0
32059,0.0
32060,0.0
32061,0.0
32062,0.0
32063,0.0
32064,0.0
32065,0.0
32066,0.0
32067,0.0
32068,0.0
32069,0.0
32070,0.0
32071,0.0
32072,0.0
32073,0.0
32074,0.0
32075,0.0
32076,0.0
32077,0.0
32078,0.0
32079,0.0
32080,0.0
32081,0.0
32082,0.0
32083,0.0
32084,0.0
32085,0.0
32086,0.0
32087,0.0
32088,0.0
32089,0.0
32090,0.0
32091,0.0
32092,0.0
32093,0.0
32094,0.0
32095,0.0
32096,0.0
32097,0.0
32098,0.0
32099,0.0
32100,0.0
32101,0.0
32102,0.0
32103,0.0
32104,0.0
32105,0.0
32106,0.0
32107,0.0
32108,0.0
32109,0.0
32110,0.0
32111,0.0
32112,0.0
32113,0.0
32114,0.0
32115,0.0
32116,0.0
32117,0.0
32118,0.0
32119,0.0
32120,0.0
32121,0.0
32122,0.0
32123,0.0
32124,0.0
32125,0.0
32126,0.0
32127,0.0
32128,0.0
32129,0.0
32130,0.0
32131,0.0
32132,0.0
32133,0.0
32134,0.0
32135,0.0
32136,0.0
32137,0.0
32138,0.0
32139,0.0
32140,0.0
32141,0.0
32142,0.0
32143,0.0
32144,0.0
32145,0.0
32146,0.0
32147,0.0
32148,0.0
32149,0.0
32150,0.0
32151,0.0
32152,0.0
32153,0.0
32154,0.0
32155,0.0
32156,0.0
32157,0.0
32158,0.0
32159,0.0
32160,0.0
32161,0.0
32162,0.0
32163,0.0
32164,0.0
32165,0.0
32166,0.0
32167,0.0
32168,0.0
32169,0.0
32170,0.0
32171,0.0
32172,0.0
32173,0.0
32174,0.0
32175,0.0
32176,0.0
32177,0.0
32178,0.0
32179,0.0
32180,0.0
32181,0.0
32182,0.0
32183,0.0
32184,0.0
32185,0.0
32186,0.0
32187,0.0
32188,0.0
32189,0.0
32190,0.0
32191,0.0
32192,0.0
32193,0.0
32194,0.0
32195,0.0
32196,0.0
32197,0.0
32198,0.0
32199,0.0
32200,0.0
32201,0.0
32202,0.0
32203,0.0
32204,0.0
32205,0.0
32206,0.0
32207,0.0
32208,0.0
32209,0.0
32210,0.0
32211,0.0
32212,0.0
32213,0.0
32214,0.0
32215,0.0
32216,0.0
32217,0.0
32218,0.0
32219,0.0
32220,0.0
32221,0.0
32222,0.0
32223,0.0
32224,0.0
32225,0.0
32226,0.0
32227,0.0
32228,0.0
32229,0.0
32230,0.0
32231,0.0
32232,0.0
32233,0.0
32234,0.0
32235,0.0
32236,0.0
32237,0.0
32238,0.0
32239,0.0
32240,0.0
32241,0.0
32242,0.0
32243,0.0
32244,0.0
32245,0.0
32246,0.0
32247,0.0
32248,0.0
32249,0.0
32250,0.0
32251,0.0
32252,0.0
32253,0.0
32254,0.0
32255,0.0
32256,0.0
32257,0.0
32258,0.0
32259,0.0
32260,0.0
32261,0.0
32262,0.0
32263,0.0
32264,0.0
32265,0.0
32266,0.0
32267,0.0
32268,0.0
32269,0.0
32270,0.0
32271,0.0
32272,0.0
32273,0.0
32274,0.0
32275,0.0
32276,0.0
32277,0.0
32278,0.0
32279,0.0
32280,0.0
32281,0.0
32282,0.0
32283,0.0
32284,0.0
32285,0.0
32286,0.0
32287,0.0
32288,0.0
32289,0.0
32290,0.0
32291,0.0
32292,0.0
32293,0.0
32294,0.0
32295,0.0
32296,0.0
32297,0.0
32298,0.0
32299,0.0
32300,0.0
32301,0.0
32302,0.0
32303,0.0
32304,0.0
32305,0.0
32306,0.0
32307,0.0
32308,0.0
32309,0.0
32310,0.0
32311,0.0
32312,0.0
32313,0.0
32314,0.0
32315,0.0
32316,0.0
32317,0.0
32318,0.0
32319,0.0
32320,0.0
32321,0.0
32322,0.0
32323,0.0
32324,0.0
32325,0.0
32326,0.0
32327,0.0
32328,0.0
32329,0.0
32330,0.0
32331,0.0
32332,0.0
32333,0.0
32334,0.0
32335,0.0
32336,0.0
32337,0.0
32338,0.0
32339,0.0
32340,0.0
32341,0.0
32342,0.0
32343,0.0
32344,0.0
32345,0.0
32346,0.0
32347,0.0
32348,0.0
32349,0.0
32350,0.0
32351,0.0
32352,0.0
32353,0.0
32354,0.0
32355,0.0
32356,0.0
32357,0.0
32358,0.0
32359,0.0
32360,0.0
32361,0.0
32362,0.0
32363,0.0
32364,0.0
32365,0.0
32366,0.0
32367,0.0
32368,0.0
32369,0.0
32370,0.0
32371,0.0
32372,0.0
32373,0.0
32374,0.0
32375,0.0
32376,0.0
32377,0.0
32378,0.0
32379,0.0
32380,0.0
32381,0.0
32382,0.0
32383,0.0
32384,0.0
32385,0.0
32386,0.0
32387,0.0
32388,0.0
32389,0.0
32390,0.0
32391,0.0
32392,0.0
32393,0.0
32394,0.0
32395,0.0
32396,0.0
32397,0.0
32398,0.0
32399,0.0
32400,0.0
32401,0.0
32402,0.0
32403,0.0
32404,0.0
32405,0.0
32406,0.0
32407,0.0
32408,0.0
32409,0.0
32410,0.0
32411,0.0
32412,0.0
32413,0.0
32414,0.0
32415,0.0
32416,0.0
32417,0.0
32418,0.0
32419,0.0
32420,0.0
32421,0.0
32422,0.0
32423,0.0
32424,0.0
32425,0.0
32426,0.0
32427,0.0
32428,0.0
32429,0.0
32430,0.0
32431,0.0
32432,0.0
32433,0.0
32434,0.0
32435,0.0
32436,0.0
32437,0.0
32438,0.0
32439,0.0
32440,0.0
32441,0.0
32442,0.0
32443,0.0
32444,0.0
32445,0.0
32446,0.0
32447,0.0
32448,0.0
32449,0.0
32450,0.0
32451,0.0
32452,0.0
32453,0.0
32454,0.0
32455,0.0
32456,0.0
32457,0.0
32458,0.0
32459,0.0
32460,0.0
32461,0.0
32462,0.0
32463,0.0
32464,0.0
32465,0.0
32466,0.0
32467,0.0
32468,0.0
32469,0.0
32470,0.0
32471,0.0
32472,0.0
32473,0.0
32474,0.0
32475,0.0
32476,0.0
32477,0.0
32478,0.0
32479,0.0
32480,0.0
32481,0.0
32482,0.0
32483,0.0
32484,0.0
32485,0.0
32486,0.0
32487,0.0
32488,0.0
32489,0.0
32490,0.0
32491,0.0
32492,0.0
32493,0.0
32494,0.0
32495,0.0
32496,0.0
32497,0.0
32498,0.0
32499,0.0
32500,0.0
32501,0.0
32502,0.0
32503,0.0
32504,0.0
32505,0.0
32506,0.0
32507,0.0
32508,0.0
32509,0.0
32510,0.0
32511,0.0
32512,0.0
32513,0.0
32514,0.0
32515,0.0
32516,0.0
32517,0.0
32518,0.0
32519,0.0
32520,0.0
32521,0.0
32522,0.0
32523,0.0
32524,0.0
32525,0.0
32526,0.0
32527,0.0
32528,0.0
32529,0.0
32530,0.0
32531,0.0
32532,0.0
32533,0.0
32534,0.0
32535,0.0
32536,0.0
32537,0.0
32538,0.0
32539,0.0
32540,0.0
32541,0.0
32542,0.0
32543,0.0
32544,0.0
32545,0.0
32546,0.0
32547,0.0
32548,0.0
32549,0.0
32550,0.0
32551,0.0
32552,0.0
32553,0.0
32554,0.0
32555,0.0
32556,0.0
32557,0.0
32558,0.0
32559,0.0
32560,0.0
32561,0.0
32562,0.0
32563,0.0
32564,0.0
32565,0.0
32566,0.0
32567,0.0
32568,0.0
32569,0.0
32570,0.0
32571,0.0
32572,0.0
32573,0.0
32574,0.0
32575,0.0
32576,0.0
32577,0.0
32578,0.0
32579,0.0
32580,0.0
32581,0.0
32582,0.0
32583,0.0
32584,0.0
32585,0.0
32586,0.0
32587,0.0
32588,0.0
32589,0.0
32590,0.0
32591,0.0
32592,0.0
32593,0.0
32594,0.0
32595,0.0
32596,0.0
32597,0.0
32598,0.0
32599,0.0
32600,0.0
32601,0.0
32602,0.0
32603,0.0
32604,0.0
32605,0.0
32606,0.0
32607,0.0
32608,0.0
32609,0.0
32610,0.0
32611,0.0
32612,0.0
32613,0.0
32614,0.0
32615,0.0
32616,0.0
32617,0.0
32618,0.0
32619,0.0
32620,0.0
32621,0.0
32622,0.0
32623,0.0
32624,0.0
32625,0.0
32626,0.0
32627,0.0
32628,0.0
32629,0.0
32630,0.0
32631,0.0
32632,0.0
32633,0.0
32634,0.0
32635,0.0
32636,0.0
32637,0.0
32638,0.0
32639,0.0
32640,0.0
32641,0.0
32642,0.0
32643,0.0
32644,0.0
32645,0.0
32646,0.0
32647,0.0
32648,0.0
32649,0.0
32650,0.0
32651,0.0
32652,0.0
32653,0.0
32654,0.0
32655,0.0
32656,0.0
32657,0.0
32658,0.0
32659,0.0
32660,0.0
32661,0.0
32662,0.0
32663,0.0
32664,0.0
32665,0.0
32666,0.0
32667,0.0
32668,0.0
32669,0.0
32670,0.0
32671,0.0
32672,0.0
32673,0.0
32674,0.0
32675,0.0
32676,0.0
32677,0.0
32678,0.0
32679,0.0
32680,0.0
32681,0.0
32682,0.0
32683,0.0
32684,0.0
32685,0.0
32686,0.0
32687,0.0
32688,0.0
32689,0.0
32690,0.0
32691,0.0
32692,0.0
32693,0.0
32694,0.0
32695,0.0
32696,0.0
32697,0.0
32698,0.0
32699,0.0
32700,0.0
32701,0.0
32702,0.0
32703,0.0
32704,0.0
32705,0.0
32706,0.0
32707,0.0
32708,0.0
32709,0.0
32710,0.0
32711,0.0
32712,0.0
32713,0.0
32714,0.0
32715,0.0
32716,0.0
32717,0.0
32718,0.0
32719,0.0
32720,0.0
32721,0.0
32722,0.0
32723,0.0
32724,0.0
32725,0.0
32726,0.0
32727,0.0
32728,0.0
32729,0.0
32730,0.0
32731,0.0
32732,0.0
32733,0.0
32734,0.0
32735,0.0
32736,0.0
32737,0.0
32738,0.0
32739,0.0
32740,0.0
32741,0.0
32742,0.0
32743,0.0
32744,0.0
32745,0.0
32746,0.0
32747,0.0
32748,0.0
32749,0.0
32750,0.0
32751,0.0
32752,0.0
32753,0.0
32754,0.0
32755,0.0
32756,0.0
32757,0.0
32758,0.0
32759,0.0
32760,0.0
32761,0.0
32762,0.0
32763,0.0
32764,0.0
32765,0.0
32766,0.0
32767,0.0
32768,0.0
32769,0.0
32770,0.0
32771,0.0
32772,0.0
32773,0.0
32774,0.0
32775,0.0
32776,0.0
32777,0.0
32778,0.0
32779,0.0
32780,0.0
32781,0.0
32782,0.0
32783,0.0
32784,0.0
32785,0.0
32786,0.0
32787,0.0
32788,0.0
32789,0.0
32790,0.0
32791,0.0
32792,0.0
32793,0.0
32794,0.0
32795,0.0
32796,0.0
32797,0.0
32798,0.0
32799,0.0
32800,0.0
32801,0.0
32802,0.0
32803,0.0
32804,0.0
32805,0.0
32806,0.0
32807,0.0
32808,0.0
32809,0.0
32810,0.0
32811,0.0
32812,0.0
32813,0.0
32814,0.0
32815,0.0
32816,0.0
32817,0.0
32818,0.0
32819,0.0
32820,0.0
32821,0.0
32822,0.0
32823,0.0
32824,0.0
32825,0.0
32826,0.0
32827,0.0
32828,0.0
32829,0.0
32830,0.0
32831,0.0
32832,0.0
32833,0.0
32834,0.0
32835,0.0
32836,0.0
32837,0.0
32838,0.0
32839,0.0
32840,0.0
32841,0.0
32842,0.0
32843,0.0
32844,0.0
32845,0.0
32846,0.0
32847,0.0
32848,0.0
32849,0.0
32850,0.0
32851,0.0
32852,0.0
32853,0.0
32854,0.0
32855,0.0
32856,0.0
32857,0.0
32858,0.0
32859,0.0
32860,0.0
32861,0.0
32862,0.0
32863,0.0
32864,0.0
32865,0.0
32866,0.0
32867,0.0
32868,0.0
32869,0.0
32870,0.0
32871,0.0
32872,0.0
32873,0.0
32874,0.0
32875,0.0
32876,0.0
32877,0.0
32878,0.0
32879,0.0
32880,0.0
32881,0.0
32882,0.0
32883,0.0
32884,0.0
32885,0.0
32886,0.0
32887,0.0
32888,0.0
32889,0.0
32890,0.0
32891,0.0
32892,0.0
32893,0.0
32894,0.0
32895,0.0
32896,0.0
32897,0.0
32898,0.0
32899,0.0
32900,0.0
32901,0.0
32902,0.0
32903,0.0
32904,0.0
32905,0.0
32906,0.0
32907,0.0
32908,0.0
32909,0.0
32910,0.0
32911,0.0
32912,0.0
32913,0.0
32914,0.0
32915,0.0
32916,0.0
32917,0.0
32918,0.0
32919,0.0
32920,0.0
32921,0.0
32922,0.0
32923,0.0
32924,0.0
32925,0.0
32926,0.0
32927,0.0
32928,0.0
32929,0.0
32930,0.0
32931,0.0
32932,0.0
32933,0.0
32934,0.0
32935,0.0
32936,0.0
32937,0.0
32938,0.0
32939,0.0
32940,0.0
32941,0.0
32942,0.0
32943,0.0
32944,0.0
32945,0.0
32946,0.0
32947,0.0
32948,0.0
32949,0.0
32950,0.0
32951,0.0
32952,0.0
32953,0.0
32954,0.0
32955,0.0
32956,0.0
32957,0.0
32958,0.0
32959,0.0
32960,0.0
32961,0.0
32962,0.0
32963,0.0
32964,0.0
32965,0.0
32966,0.0
32967,0.0
32968,0.0
32969,0.0
32970,0.0
32971,0.0
32972,0.0
32973,0.0
32974,0.0
32975,0.0
32976,0.0
32977,0.0
32978,0.0
32979,0.0
32980,0.0
32981,0.0
32982,0.0
32983,0.0
32984,0.0
32985,0.0
32986,0.0
32987,0.0
32988,0.0
32989,0.0
32990,0.0
32991,0.0
32992,0.0
32993,0.0
32994,0.0
32995,0.0
32996,0.0
32997,0.0
32998,0.0
32999,0.0
33000,0.0
33001,0.0
33002,0.0
33003,0.0
33004,0.0
33005,0.0
33006,0.0
33007,0.0
33008,0.0
33009,0.0
33010,0.0
33011,0.0
33012,0.0
33013,0.0
33014,0.0
33015,0.0
33016,0.0
33017,0.0
33018,0.0
33019,0.0
33020,0.0
33021,0.0
33022,0.0
33023,0.0
33024,0.0
33025,0.0
33026,0.0
33027,0.0
33028,0.0
33029,0.0
33030,0.0
33031,0.0
33032,0.0
33033,0.0
33034,0.0
33035,0.0
33036,0.0
33037,0.0
33038,0.0
33039,0.0
33040,0.0
33041,0.0
33042,0.0
33043,0.0
33044,0.0
33045,0.0
33046,0.0
33047,0.0
33048,0.0
33049,0.0
33050,0.0
33051,0.0
33052,0.0
33053,0.0
33054,0.0
33055,0.0
33056,0.0
33057,0.0
33058,0.0
33059,0.0
33060,0.0
33061,0.0
33062,0.0
33063,0.0
33064,0.0
33065,0.0
33066,0.0
33067,0.0
33068,0.0
33069,0.0
33070,1.22786678736e-312
33071,6.605075133627092e-301
33072,6.00539017e-314
33073,0.0
33074,0.0
33075,0.0
33076,0.0
33077,0.0
33078,0.0
33079,0.0
33080,0.0
33081,0.0
33082,0.0
33083,0.0
33084,0.0
33085,0.0
33086,0.0
33087,0.0
33088,0.0
33089,0.0
33090,0.0
33091,0.0
33092,0.0
33093,0.0
33094,0.0
33095,0.0
33096,0.0
33097,0.0
33098,0.0
33099,0.0
33100,0.0
33101,0.0
33102,0.0
33103,0.0
33104,0.0
33105,0.0
33106,0.0
33107,0.0
33108,0.0
33109,0.0
33110,0.0
33111,0.0
33112,0.0
33113,0.0
33114,0.0
33115,0.0
33116,0.0
33117,0.0
33118,0.0
33119,0.0
33120,0.0
33121,0.0
33122,0.0
33123,0.0
33124,0.0
33125,0.0
33126,0.0
33127,0.0
33128,0.0
33129,0.0
33130,0.0
33131,0.0
33132,0.0
33133,0.0
33134,0.0
33135,0.0
33136,0.0
33137,0.0
33138,0.0
33139,0.0
33140,0.0
33141,0.0
33142,0.0
33143,0.0
33144,0.0
33145,0.0
33146,0.0
33147,0.0
33148,0.0
33149,0.0
33150,0.0
33151,0.0
33152,0.0
33153,0.0
33154,0.0
33155,0.0
33156,0.0
33157,0.0
33158,0.0
33159,0.0
33160,0.0
33161,0.0
33162,0.0
33163,0.0
33164,0.0
33165,0.0
33166,0.0
33167,0.0
33168,0.0
33169,0.0
33170,0.0
33171,0.0
33172,0.0
33173,0.0
33174,0.0
33175,0.0
33176,0.0
33177,0.0
33178,0.0
33179,0.0
33180,0.0
33181,0.0
33182,0.0
33183,0.0
33184,0.0
33185,0.0
33186,0.0
33187,0.0
33188,0.0
33189,0.0
33190,0.0
33191,0.0
33192,0.0
33193,0.0
33194,0.0
33195,0.0
33196,0.0
33197,0.0
33198,0.0
33199,0.0
33200,0.0
33201,0.0
33202,0.0
33203,0.0
33204,0.0
33205,0.0
33206,0.0
33207,0.0
33208,0.0
33209,0.0
33210,0.0
33211,0.0
33212,0.0
33213,0.0
33214,0.0
33215,0.0
33216,0.0
33217,0.0
33218,0.0
33219,0.0
33220,0.0
33221,0.0
33222,0.0
33223,0.0
33224,0.0
33225,0.0
33226,0.0
33227,0.0
33228,0.0
33229,0.0
33230,0.0
33231,0.0
33232,0.0
33233,0.0
33234,0.0
33235,0.0
33236,0.0
33237,0.0
33238,0.0
33239,0.0
33240,0.0
33241,0.0
33242,0.0
33243,0.0
33244,0.0
33245,0.0
33246,0.0
33247,0.0
33248,0.0
33249,0.0
33250,0.0
33251,0.0
33252,0.0
33253,0.0
33254,0.0
33255,0.0
33256,0.0
33257,0.0
33258,0.0
33259,0.0
33260,0.0
33261,0.0
33262,0.0
33263,0.0
33264,0.0
33265,0.0
33266,0.0
33267,0.0
33268,0.0
33269,0.0
33270,0.0
33271,0.0
33272,0.0
33273,0.0
33274,0.0
33275,0.0
33276,0.0
33277,0.0
33278,0.0
33279,0.0
33280,0.0
33281,0.0
33282,0.0
33283,0.0
33284,0.0
33285,0.0
33286,0.0
33287,0.0
33288,0.0
33289,0.0
33290,0.0
33291,0.0
33292,0.0
33293,0.0
33294,0.0
33295,0.0
33296,0.0
33297,0.0
33298,0.0
33299,0.0
33300,0.0
33301,0.0
33302,0.0
33303,0.0
33304,0.0
33305,0.0
33306,0.0
33307,0.0
33308,0.0
33309,0.0
33310,0.0
33311,0.0
33312,0.0
33313,0.0
33314,0.0
33315,0.0
33316,0.0
33317,0.0
33318,0.0
33319,0.0
33320,0.0
33321,0.0
33322,0.0
33323,0.0
33324,0.0
33325,0.0
33326,0.0
33327,0.0
33328,0.0
33329,0.0
33330,0.0
33331,0.0
33332,0.0
33333,0.0
33334,0.0
33335,0.0
33336,0.0
33337,0.0
33338,0.0
33339,0.0
33340,0.0
33341,0.0
33342,0.0
33343,0.0
33344,0.0
33345,0.0
33346,0.0
33347,0.0
33348,0.0
33349,0.0
33350,0.0
33351,0.0
33352,0.0
33353,0.0
33354,0.0
33355,0.0
33356,0.0
33357,0.0
33358,0.0
33359,0.0
33360,0.0
33361,0.0
33362,0.0
33363,0.0
33364,0.0
33365,0.0
33366,0.0
33367,0.0
33368,0.0
33369,0.0
33370,0.0
33371,0.0
33372,0.0
33373,0.0
33374,0.0
33375,0.0
33376,0.0
33377,0.0
33378,0.0
33379,0.0
33380,0.0
33381,0.0
33382,0.0
33383,0.0
33384,0.0
33385,0.0
33386,0.0
33387,0.0
33388,0.0
33389,0.0
33390,0.0
33391,0.0
33392,0.0
33393,0.0
33394,0.0
33395,0.0
33396,0.0
33397,0.0
33398,0.0
33399,0.0
33400,0.0
33401,0.0
33402,0.0
33403,0.0
33404,0.0
33405,0.0
33406,0.0
33407,0.0
33408,0.0
33409,0.0
33410,0.0
33411,0.0
33412,0.0
33413,0.0
33414,0.0
33415,0.0
33416,0.0
33417,0.0
33418,0.0
33419,0.0
33420,0.0
33421,0.0
33422,0.0
33423,0.0
33424,0.0
33425,0.0
33426,0.0
33427,0.0
33428,0.0
33429,0.0
33430,0.0
33431,0.0
33432,0.0
33433,0.0
33434,0.0
33435,0.0
33436,0.0
33437,0.0
33438,0.0
33439,0.0
33440,0.0
33441,0.0
33442,0.0
33443,0.0
33444,0.0
33445,0.0
33446,0.0
33447,0.0
33448,0.0
33449,0.0
33450,0.0
33451,0.0
33452,0.0
33453,0.0
33454,0.0
33455,0.0
33456,0.0
33457,0.0
33458,0.0
33459,0.0
33460,0.0
33461,0.0
33462,0.0
33463,0.0
33464,0.0
33465,0.0
33466,0.0
33467,0.0
33468,0.0
33469,0.0
33470,0.0
33471,0.0
33472,0.0
33473,0.0
33474,0.0
33475,0.0
33476,0.0
33477,0.0
33478,0.0
33479,0.0
33480,0.0
33481,0.0
33482,0.0
33483,0.0
33484,0.0
33485,0.0
33486,0.0
33487,0.0
33488,0.0
33489,0.0
33490,0.0
33491,0.0
33492,0.0
33493,0.0
33494,0.0
33495,0.0
33496,0.0
33497,0.0
33498,0.0
33499,0.0
33500,0.0
33501,0.0
33502,0.0
33503,0.0
33504,0.0
33505,0.0
33506,0.0
33507,0.0
33508,0.0
33509,0.0
33510,0.0
33511,0.0
33512,0.0
33513,0.0
33514,0.0
33515,0.0
33516,0.0
33517,0.0
33518,0.0
33519,0.0
33520,0.0
33521,0.0
33522,0.0
33523,0.0
33524,0.0
33525,0.0
33526,0.0
33527,0.0
33528,0.0
33529,0.0
33530,0.0
33531,0.0
33532,0.0
33533,0.0
33534,0.0
33535,0.0
33536,0.0
33537,0.0
33538,0.0
33539,0.0
33540,0.0
33541,0.0
33542,0.0
33543,0.0
33544,0.0
33545,0.0
33546,0.0
33547,0.0
33548,0.0
33549,0.0
33550,0.0
33551,0.0
33552,0.0
33553,0.0
33554,0.0
33555,0.0
33556,0.0
33557,0.0
33558,0.0
33559,0.0
33560,0.0
33561,0.0
33562,0.0
33563,0.0
33564,0.0
33565,0.0
33566,0.0
33567,0.0
33568,0.0
33569,0.0
33570,0.0
33571,0.0
33572,0.0
33573,0.0
33574,0.0
33575,0.0
33576,0.0
33577,0.0
33578,0.0
33579,0.0
33580,0.0
33581,0.0
33582,0.0
33583,0.0
33584,0.0
33585,0.0
33586,0.0
33587,0.0
33588,0.0
33589,0.0
33590,0.0
33591,0.0
33592,0.0
33593,0.0
33594,0.0
33595,0.0
33596,0.0
33597,0.0
33598,0.0
33599,0.0
33600,0.0
33601,0.0
33602,0.0
33603,0.0
33604,0.0
33605,0.0
33606,0.0
33607,0.0
33608,0.0
33609,0.0
33610,0.0
33611,0.0
33612,0.0
33613,0.0
33614,0.0
33615,0.0
33616,0.0
33617,0.0
33618,0.0
33619,0.0
33620,0.0
33621,0.0
33622,0.0
33623,0.0
33624,0.0
33625,0.0
33626,0.0
33627,0.0
33628,0.0
33629,0.0
33630,0.0
33631,0.0
33632,0.0
33633,0.0
33634,0.0
33635,0.0
33636,0.0
33637,0.0
33638,0.0
33639,0.0
33640,0.0
33641,0.0
33642,0.0
33643,0.0
33644,0.0
33645,0.0
33646,0.0
33647,0.0
33648,0.0
33649,0.0
33650,0.0
33651,0.0
33652,0.0
33653,0.0
33654,0.0
33655,0.0
33656,0.0
33657,0.0
33658,0.0
33659,0.0
33660,0.0
33661,0.0
33662,0.0
33663,0.0
33664,0.0
33665,0.0
33666,0.0
33667,0.0
33668,0.0
33669,0.0
33670,0.0
33671,0.0
33672,0.0
33673,0.0
33674,0.0
33675,0.0
33676,0.0
33677,0.0
33678,0.0
33679,0.0
33680,0.0
33681,0.0
33682,0.0
33683,0.0
33684,0.0
33685,0.0
33686,0.0
33687,0.0
33688,0.0
33689,0.0
33690,0.0
33691,0.0
33692,0.0
33693,0.0
33694,0.0
33695,0.0
33696,0.0
33697,0.0
33698,0.0
33699,0.0
33700,0.0
33701,0.0
33702,0.0
33703,0.0
33704,0.0
33705,0.0
33706,0.0
33707,0.0
33708,0.0
33709,0.0
33710,0.0
33711,0.0
33712,0.0
33713,0.0
33714,0.0
33715,0.0
33716,0.0
33717,0.0
33718,0.0
33719,0.0
33720,0.0
33721,0.0
33722,0.0
33723,0.0
33724,0.0
33725,0.0
33726,0.0
33727,0.0
33728,0.0
33729,0.0
33730,0.0
33731,0.0
33732,0.0
33733,0.0
33734,0.0
33735,0.0
33736,0.0
33737,0.0
33738,0.0
33739,0.0
33740,0.0
33741,0.0
33742,0.0
33743,0.0
33744,0.0
33745,0.0
33746,0.0
33747,0.0
33748,0.0
33749,0.0
33750,0.0
33751,0.0
33752,0.0
33753,0.0
33754,0.0
33755,0.0
33756,0.0
33757,0.0
33758,0.0
33759,0.0
33760,0.0
33761,0.0
33762,0.0
33763,0.0
33764,0.0
33765,0.0
33766,0.0
33767,0.0
33768,0.0
33769,0.0
33770,0.0
33771,0.0
33772,0.0
33773,0.0
33774,0.0
33775,0.0
33776,0.0
33777,0.0
33778,0.0
33779,0.0
33780,0.0
33781,0.0
33782,0.0
33783,0.0
33784,0.0
33785,0.0
33786,0.0
33787,0.0
33788,0.0
33789,0.0
33790,0.0
33791,0.0
33792,0.0
33793,0.0
33794,0.0
33795,0.0
33796,0.0
33797,0.0
33798,0.0
33799,0.0
33800,0.0
33801,0.0
33802,0.0
33803,0.0
33804,0.0
33805,0.0
33806,0.0
33807,0.0
33808,0.0
33809,0.0
33810,0.0
33811,0.0
33812,0.0
33813,0.0
33814,3.056340897646297e-307
33815,0.0
33816,0.0
33817,0.0
33818,0.0
33819,0.0
33820,0.0
33821,0.0
33822,0.0
33823,0.0
33824,0.0
33825,0.0
33826,0.0
33827,0.0
33828,0.0
33829,0.0
33830,0.0
33831,0.0
33832,0.0
33833,0.0
33834,0.0
33835,0.0
33836,0.0
33837,0.0
33838,0.0
33839,0.0
33840,0.0
33841,0.0
33842,0.0
33843,0.0
33844,0.0
33845,0.0
33846,0.0
33847,0.0
33848,0.0
33849,0.0
33850,0.0
33851,0.0
33852,0.0
33853,0.0
33854,0.0
33855,0.0
33856,0.0
33857,0.0
33858,0.0
33859,0.0
33860,0.0
33861,0.0
33862,0.0
33863,0.0
33864,0.0
33865,0.0
33866,0.0
33867,0.0
33868,0.0
33869,0.0
33870,0.0
33871,0.0
33872,0.0
33873,0.0
33874,0.0
33875,0.0
33876,0.0
33877,0.0
33878,0.0
33879,0.0
33880,0.0
33881,0.0
33882,0.0
33883,0.0
33884,0.0
33885,0.0
33886,0.0
33887,0.0
33888,0.0
33889,0.0
33890,0.0
33891,0.0
33892,0.0
33893,0.0
33894,0.0
33895,0.0
33896,0.0
33897,0.0
33898,0.0
33899,0.0
33900,0.0
33901,0.0
33902,0.0
33903,0.0
33904,0.0
33905,0.0
33906,0.0
33907,0.0
33908,0.0
33909,0.0
33910,0.0
33911,0.0
33912,0.0
33913,0.0
33914,0.0
33915,0.0
33916,0.0
33917,0.0
33918,0.0
33919,0.0
33920,0.0
33921,0.0
33922,0.0
33923,0.0
33924,0.0
33925,0.0
33926,0.0
33927,0.0
33928,0.0
33929,0.0
33930,0.0
33931,0.0
33932,0.0
33933,0.0
33934,0.0
33935,0.0
33936,0.0
33937,0.0
33938,0.0
33939,0.0
33940,0.0
33941,0.0
33942,0.0
33943,0.0
33944,0.0
33945,0.0
33946,0.0
33947,0.0
33948,0.0
33949,0.0
33950,0.0
33951,0.0
33952,0.0
33953,0.0
33954,0.0
33955,0.0
33956,0.0
33957,0.0
33958,0.0
33959,0.0
33960,0.0
33961,0.0
33962,0.0
33963,0.0
33964,0.0
33965,0.0
33966,0.0
33967,0.0
33968,0.0
33969,0.0
33970,0.0
33971,0.0
33972,0.0
33973,0.0
33974,0.0
33975,0.0
33976,0.0
33977,0.0
33978,0.0
33979,0.0
33980,0.0
33981,0.0
33982,0.0
33983,0.0
33984,0.0
33985,0.0
33986,0.0
33987,0.0
33988,0.0
33989,0.0
33990,0.0
33991,0.0
33992,0.0
33993,0.0
33994,0.0
33995,0.0
33996,0.0
33997,0.0
33998,0.0
33999,0.0
34000,0.0
34001,0.0
34002,0.0
34003,0.0
34004,0.0
34005,0.0
34006,0.0
34007,0.0
34008,0.0
34009,0.0
34010,0.0
34011,0.0
34012,0.0
34013,0.0
34014,0.0
34015,0.0
34016,0.0
34017,0.0
34018,0.0
34019,0.0
34020,0.0
34021,0.0
34022,0.0
34023,0.0
34024,0.0
34025,0.0
34026,0.0
34027,0.0
34028,0.0
34029,0.0
34030,0.0
34031,0.0
34032,0.0
34033,0.0
34034,0.0
34035,0.0
34036,0.0
34037,0.0
34038,0.0
34039,0.0
34040,0.0
34041,0.0
34042,0.0
34043,0.0
34044,0.0
34045,0.0
34046,0.0
34047,0.0
34048,0.0
34049,0.0
34050,0.0
34051,0.0
34052,0.0
34053,0.0
34054,0.0
34055,0.0
34056,0.0
34057,0.0
34058,0.0
34059,0.0
34060,0.0
34061,0.0
34062,0.0
34063,0.0
34064,0.0
34065,0.0
34066,0.0
34067,0.0
34068,0.0
34069,0.0
34070,0.0
34071,0.0
34072,0.0
34073,0.0
34074,0.0
34075,0.0
34076,0.0
34077,0.0
34078,0.0
34079,0.0
34080,0.0
34081,0.0
34082,0.0
34083,0.0
34084,0.0
34085,0.0
34086,0.0
34087,0.0
34088,0.0
34089,0.0
34090,0.0
34091,0.0
34092,0.0
34093,0.0
34094,0.0
34095,0.0
34096,0.0
34097,0.0
34098,0.0
34099,0.0
34100,0.0
34101,0.0
34102,0.0
34103,0.0
34104,0.0
34105,0.0
34106,0.0
34107,0.0
34108,0.0
34109,0.0
34110,0.0
34111,0.0
34112,0.0
34113,0.0
34114,0.0
34115,0.0
34116,0.0
34117,0.0
34118,0.0
34119,0.0
34120,0.0
34121,0.0
34122,0.0
34123,0.0
34124,0.0
34125,0.0
34126,0.0
34127,0.0
34128,0.0
34129,0.0
34130,0.0
34131,0.0
34132,0.0
34133,0.0
34134,0.0
34135,0.0
34136,0.0
34137,0.0
34138,0.0
34139,0.0
34140,0.0
34141,0.0
34142,0.0
34143,0.0
34144,0.0
34145,0.0
34146,0.0
34147,0.0
34148,0.0
34149,0.0
34150,0.0
34151,0.0
34152,0.0
34153,0.0
34154,0.0
34155,0.0
34156,0.0
34157,0.0
34158,0.0
34159,0.0
34160,0.0
34161,0.0
34162,0.0
34163,0.0
34164,0.0
34165,0.0
34166,0.0
34167,0.0
34168,0.0
34169,0.0
34170,0.0
34171,0.0
34172,0.0
34173,0.0
34174,0.0
34175,0.0
34176,0.0
34177,0.0
34178,0.0
34179,0.0
34180,0.0
34181,0.0
34182,0.0
34183,0.0
34184,0.0
34185,0.0
34186,0.0
34187,0.0
34188,0.0
34189,0.0
34190,0.0
34191,0.0
34192,0.0
34193,0.0
34194,0.0
34195,0.0
34196,0.0
34197,0.0
34198,0.0
34199,0.0
34200,0.0
34201,0.0
34202,0.0
34203,0.0
34204,0.0
34205,0.0
34206,0.0
34207,0.0
34208,0.0
34209,0.0
34210,0.0
34211,0.0
34212,0.0
34213,0.0
34214,0.0
34215,0.0
34216,0.0
34217,0.0
34218,0.0
34219,0.0
34220,0.0
34221,0.0
34222,0.0
34223,0.0
34224,0.0
34225,0.0
34226,0.0
34227,0.0
34228,0.0
34229,0.0
34230,0.0
34231,0.0
34232,0.0
34233,0.0
34234,0.0
34235,0.0
34236,0.0
34237,0.0
34238,0.0
34239,0.0
34240,0.0
34241,0.0
34242,0.0
34243,0.0
34244,0.0
34245,0.0
34246,0.0
34247,0.0
34248,0.0
34249,0.0
34250,0.0
34251,0.0
34252,0.0
34253,0.0
34254,0.0
34255,0.0
34256,0.0
34257,0.0
34258,0.0
34259,0.0
34260,0.0
34261,0.0
34262,0.0
34263,0.0
34264,0.0
34265,0.0
34266,0.0
34267,0.0
34268,0.0
34269,0.0
34270,0.0
34271,0.0
34272,0.0
34273,0.0
34274,0.0
34275,0.0
34276,0.0
34277,0.0
34278,0.0
34279,0.0
34280,0.0
34281,0.0
34282,0.0
34283,0.0
34284,0.0
34285,0.0
34286,0.0
34287,0.0
34288,0.0
34289,0.0
34290,0.0
34291,0.0
34292,0.0
34293,0.0
34294,0.0
34295,0.0
34296,0.0
34297,0.0
34298,0.0
34299,0.0
34300,0.0
34301,0.0
34302,0.0
34303,0.0
34304,0.0
34305,0.0
34306,0.0
34307,0.0
34308,0.0
34309,0.0
34310,0.0
34311,0.0
34312,0.0
34313,0.0
34314,0.0
34315,0.0
34316,0.0
34317,0.0
34318,0.0
34319,0.0
34320,0.0
34321,0.0
34322,0.0
34323,0.0
34324,0.0
34325,0.0
34326,0.0
34327,0.0
34328,0.0
34329,0.0
34330,0.0
34331,0.0
34332,0.0
34333,0.0
34334,0.0
34335,0.0
34336,0.0
34337,0.0
34338,0.0
34339,0.0
34340,0.0
34341,0.0
34342,0.0
34343,0.0
34344,0.0
34345,0.0
34346,0.0
34347,0.0
34348,0.0
34349,0.0
34350,0.0
34351,0.0
34352,0.0
34353,0.0
34354,0.0
34355,0.0
34356,0.0
34357,0.0
34358,0.0
34359,0.0
34360,0.0
34361,0.0
34362,0.0
34363,0.0
34364,0.0
34365,0.0
34366,0.0
34367,0.0
34368,0.0
34369,0.0
34370,0.0
34371,0.0
34372,0.0
34373,0.0
34374,0.0
34375,0.0
34376,0.0
34377,0.0
34378,0.0
34379,0.0
34380,0.0
34381,0.0
34382,0.0
34383,0.0
34384,0.0
34385,0.0
34386,0.0
34387,0.0
34388,0.0
34389,0.0
34390,0.0
34391,0.0
34392,0.0
34393,0.0
34394,0.0
34395,4.1813e-319
34396,0.0
34397,0.0
34398,0.0
34399,0.0
34400,0.0
34401,0.0
34402,0.0
34403,0.0
34404,0.0
34405,0.0
34406,0.0
34407,0.0
34408,0.0
34409,0.0
34410,0.0
34411,0.0
34412,0.0
34413,0.0
34414,0.0
34415,0.0
34416,0.0
34417,0.0
34418,0.0
34419,0.0
34420,0.0
34421,0.0
34422,0.0
34423,0.0
34424,0.0
34425,0.0
34426,0.0
34427,0.0
34428,0.0
34429,0.0
34430,0.0
34431,0.0
34432,0.0
34433,0.0
34434,0.0
34435,0.0
34436,0.0
34437,0.0
34438,0.0
34439,0.0
34440,0.0
34441,0.0
34442,0.0
34443,0.0
34444,0.0
34445,0.0
34446,0.0
34447,0.0
34448,0.0
34449,0.0
34450,0.0
34451,0.0
34452,0.0
34453,0.0
34454,0.0
34455,0.0
34456,0.0
34457,0.0
34458,0.0
34459,0.0
34460,0.0
34461,0.0
34462,0.0
34463,0.0
34464,0.0
34465,0.0
34466,0.0
34467,0.0
34468,0.0
34469,0.0
34470,0.0
34471,0.0
34472,0.0
34473,0.0
34474,0.0
34475,0.0
34476,0.0
34477,0.0
34478,0.0
34479,0.0
34480,0.0
34481,0.0
34482,0.0
34483,0.0
34484,0.0
34485,0.0
34486,0.0
34487,0.0
34488,0.0
34489,0.0
34490,0.0
34491,0.0
34492,0.0
34493,0.0
34494,0.0
34495,0.0
34496,0.0
34497,0.0
34498,0.0
34499,0.0
34500,0.0
34501,0.0
34502,0.0
34503,0.0
34504,0.0
34505,0.0
34506,0.0
34507,0.0
34508,0.0
34509,0.0
34510,0.0
34511,0.0
34512,0.0
34513,0.0
34514,0.0
34515,0.0
34516,0.0
34517,0.0
34518,0.0
34519,0.0
34520,0.0
34521,0.0
34522,0.0
34523,0.0
34524,0.0
34525,0.0
34526,0.0
34527,0.0
34528,0.0
34529,0.0
34530,0.0
34531,0.0
34532,0.0
34533,0.0
34534,0.0
34535,0.0
34536,0.0
34537,0.0
34538,0.0
34539,0.0
34540,0.0
34541,0.0
34542,0.0
34543,0.0
34544,0.0
34545,0.0
34546,0.0
34547,0.0
34548,0.0
34549,0.0
34550,0.0
34551,0.0
34552,0.0
34553,0.0
34554,0.0
34555,0.0
34556,0.0
34557,0.0
34558,0.0
34559,0.0
34560,0.0
34561,0.0
34562,0.0
34563,0.0
34564,0.0
34565,0.0
34566,0.0
34567,0.0
34568,0.0
34569,0.0
34570,0.0
34571,0.0
34572,0.0
34573,0.0
34574,0.0
34575,0.0
34576,0.0
34577,0.0
34578,0.0
34579,0.0
34580,0.0
34581,0.0
34582,0.0
34583,0.0
34584,0.0
34585,0.0
34586,0.0
34587,0.0
34588,0.0
34589,0.0
34590,0.0
34591,0.0
34592,0.0
34593,0.0
34594,0.0
34595,0.0
34596,0.0
34597,0.0
34598,0.0
34599,0.0
34600,0.0
34601,0.0
34602,0.0
34603,0.0
34604,0.0
34605,0.0
34606,0.0
34607,0.0
34608,0.0
34609,0.0
34610,0.0
34611,0.0
34612,0.0
34613,0.0
34614,0.0
34615,0.0
34616,0.0
34617,0.0
34618,0.0
34619,0.0
34620,0.0
34621,0.0
34622,0.0
34623,0.0
34624,0.0
34625,0.0
34626,0.0
34627,0.0
34628,0.0
34629,0.0
34630,0.0
34631,0.0
34632,0.0
34633,0.0
34634,0.0
34635,0.0
34636,0.0
34637,0.0
34638,0.0
34639,0.0
34640,0.0
34641,0.0
34642,0.0
34643,0.0
34644,0.0
34645,0.0
34646,0.0
34647,0.0
34648,0.0
34649,0.0
34650,0.0
34651,0.0
34652,0.0
34653,0.0
34654,0.0
34655,0.0
34656,0.0
34657,0.0
34658,0.0
34659,3.642612692878822e-231
34660,3.945482331014933e-179
34661,1.2511394557176779e-194
34662,2.4365786904222226e-286
34663,0.0
34664,0.0
34665,0.0
34666,0.0
34667,0.0
34668,0.0
34669,0.0
34670,0.0
34671,0.0
34672,0.0
34673,0.0
34674,0.0
34675,0.0
34676,0.0
34677,0.0
34678,0.0
34679,0.0
34680,0.0
34681,0.0
34682,0.0
34683,0.0
34684,0.0
34685,0.0
34686,0.0
34687,0.0
34688,0.0
34689,0.0
34690,0.0
34691,0.0
34692,0.0
34693,0.0
34694,0.0
34695,0.0
34696,0.0
34697,0.0
34698,0.0
34699,0.0
34700,0.0
34701,0.0
34702,0.0
34703,0.0
34704,0.0
34705,0.0
34706,0.0
34707,0.0
34708,0.0
34709,0.0
34710,0.0
34711,0.0
34712,0.0
34713,0.0
34714,0.0
34715,0.0
34716,0.0
34717,0.0
34718,0.0
34719,0.0
34720,0.0
34721,0.0
34722,0.0
34723,0.0
34724,0.0
34725,0.0
34726,0.0
34727,0.0
34728,0.0
34729,0.0
34730,0.0
34731,0.0
34732,0.0
34733,0.0
34734,0.0
34735,0.0
34736,0.0
34737,0.0
34738,0.0
34739,0.0
34740,0.0
34741,0.0
34742,0.0
34743,0.0
34744,0.0
34745,0.0
34746,0.0
34747,0.0
34748,0.0
34749,0.0
34750,0.0
34751,0.0
34752,0.0
34753,0.0
34754,0.0
34755,0.0
34756,0.0
34757,0.0
34758,0.0
34759,0.0
34760,0.0
34761,0.0
34762,0.0
34763,0.0
34764,0.0
34765,0.0
34766,0.0
34767,0.0
34768,0.0
34769,0.0
34770,0.0
34771,0.0
34772,0.0
34773,0.0
34774,0.0
34775,0.0
34776,0.0
34777,0.0
34778,0.0
34779,0.0
34780,0.0
34781,0.0
34782,0.0
34783,0.0
34784,0.0
34785,0.0
34786,0.0
34787,0.0
34788,0.0
34789,0.0
34790,0.0
34791,0.0
34792,0.0
34793,0.0
34794,0.0
34795,0.0
34796,0.0
34797,2.6163496375339324e-308
34798,0.0
34799,0.0
34800,0.0
34801,0.0
34802,0.0
34803,0.0
34804,0.0
34805,0.0
34806,0.0
34807,0.0
34808,0.0
34809,0.0
34810,0.0
34811,0.0
34812,0.0
34813,0.0
34814,0.0
34815,0.0
34816,0.0
34817,0.0
34818,0.0
34819,0.0
34820,0.0
34821,0.0
34822,0.0
34823,0.0
34824,0.0
34825,0.0
34826,0.0
34827,0.0
34828,0.0
34829,0.0
34830,0.0
34831,0.0
34832,0.0
34833,0.0
34834,0.0
34835,0.0
34836,0.0
34837,0.0
34838,0.0
34839,0.0
34840,0.0
34841,0.0
34842,0.0
34843,0.0
34844,0.0
34845,0.0
34846,0.0
34847,0.0
34848,0.0
34849,0.0
34850,0.0
34851,0.0
34852,0.0
34853,0.0
34854,0.0
34855,0.0
34856,0.0
34857,0.0
34858,0.0
34859,0.0
34860,0.0
34861,0.0
34862,0.0
34863,0.0
34864,0.0
34865,0.0
34866,0.0
34867,0.0
34868,0.0
34869,0.0
34870,0.0
34871,0.0
34872,0.0
34873,0.0
34874,0.0
34875,0.0
34876,0.0
34877,0.0
34878,0.0
34879,0.0
34880,0.0
34881,0.0
34882,0.0
34883,1.6828560269860295e-308
34884,3.300721550005024e-304
34885,0.0
34886,0.0
34887,0.0
34888,0.0
34889,0.0
34890,0.0
34891,6.208386983009136e-292
34892,1.341140178255068e-244
34893,2.670871472259744e-275
34894,0.0
34895,0.0
34896,0.0
34897,0.0
34898,0.0
34899,0.0
34900,0.0
34901,0.0
34902,0.0
34903,0.0
34904,0.0
34905,0.0
34906,0.0
34907,0.0
34908,0.0
34909,0.0
34910,0.0
34911,0.0
34912,0.0
34913,0.0
34914,0.0
34915,0.0
34916,0.0
34917,0.0
34918,0.0
34919,0.0
34920,0.0
34921,0.0
34922,0.0
34923,0.0
34924,0.0
34925,0.0
34926,0.0
34927,0.0
34928,0.0
34929,0.0
34930,0.0
34931,0.0
34932,0.0
34933,0.0
34934,0.0
34935,0.0
34936,0.0
34937,0.0
34938,0.0
34939,0.0
34940,0.0
34941,0.0
34942,0.0
34943,0.0
34944,0.0
34945,0.0
34946,0.0
34947,0.0
34948,0.0
34949,0.0
34950,0.0
34951,0.0
34952,0.0
34953,0.0
34954,0.0
34955,0.0
34956,9.307005197583665e-259
34957,7.120480636266276e-221
34958,2.2609248304392362e-232
34959,2.0162177402354445e-284
34960,0.0
34961,0.0
34962,0.0
34963,0.0
34964,0.0
34965,0.0
34966,0.0
34967,2.275076558104088e-308
34968,1.593442136043868e-215
34969,2.221700531977106e-189
34970,3.2427232684282956e-198
34971,8.314519093675031e-234
34972,1.4512133843537712e-307
34973,0.0
34974,0.0
34975,0.0
34976,0.0
34977,0.0
34978,0.0
34979,1.5445733377861783e-265
34980,2.6998469709411474e-243
34981,9.676874998017742e-295
34982,0.0
34983,0.0
34984,0.0
34985,0.0
34986,0.0
34987,0.0
34988,0.0
34989,0.0
34990,0.0
34991,0.0
34992,0.0
34993,0.0
34994,0.0
34995,0.0
34996,0.0
34997,0.0
34998,0.0
34999,0.0
35000,0.0
35001,0.0
35002,0.0
35003,0.0
35004,0.0
35005,0.0
35006,0.0
35007,0.0
35008,0.0
35009,0.0
35010,0.0
35011,0.0
35012,0.0
35013,0.0
35014,0.0
35015,0.0
35016,0.0
35017,0.0
35018,0.0
35019,0.0
35020,0.0
35021,0.0
35022,0.0
35023,0.0
35024,0.0
35025,0.0
35026,0.0
35027,0.0
35028,0.0
35029,0.0
35030,0.0
35031,0.0
35032,0.0
35033,0.0
35034,0.0
35035,0.0
35036,0.0
35037,0.0
35038,0.0
35039,0.0
35040,0.0
35041,0.0
35042,0.0
35043,0.0
35044,0.0
35045,0.0
35046,0.0
35047,0.0
35048,0.0
35049,0.0
35050,0.0
35051,0.0
35052,0.0
35053,0.0
35054,0.0
35055,0.0
35056,0.0
35057,0.0
35058,0.0
35059,0.0
35060,0.0
35061,0.0
35062,0.0
35063,0.0
35064,0.0
35065,0.0
35066,0.0
35067,0.0
35068,0.0
35069,0.0
35070,2.6794421435866e-310
35071,1.4895130671141607e-266
35072,3.280367e-316
35073,0.0
35074,0.0
35075,0.0
35076,0.0
35077,0.0
35078,0.0
35079,0.0
35080,0.0
35081,0.0
35082,0.0
35083,0.0
35084,0.0
35085,0.0
35086,0.0
35087,0.0
35088,0.0
35089,0.0
35090,0.0
35091,0.0
35092,0.0
35093,0.0
35094,0.0
35095,0.0
35096,0.0
35097,0.0
35098,0.0
35099,0.0
35100,0.0
35101,0.0
35102,0.0
35103,0.0
35104,0.0
35105,0.0
35106,0.0
35107,0.0
35108,0.0
35109,0.0
35110,0.0
35111,0.0
35112,0.0
35113,0.0
35114,0.0
35115,0.0
35116,0.0
35117,0.0
35118,0.0
35119,0.0
35120,0.0
35121,0.0
35122,0.0
35123,0.0
35124,0.0
35125,0.0
35126,0.0
35127,0.0
35128,0.0
35129,0.0
35130,0.0
35131,0.0
35132,0.0
35133,0.0
35134,0.0
35135,0.0
35136,0.0
35137,0.0
35138,0.0
35139,0.0
35140,0.0
35141,0.0
35142,0.0
35143,0.0
35144,0.0
35145,0.0
35146,0.0
35147,0.0
35148,0.0
35149,0.0
35150,0.0
35151,0.0
35152,0.0
35153,0.0
35154,0.0
35155,0.0
35156,0.0
35157,0.0
35158,0.0
35159,0.0
35160,0.0
35161,0.0
35162,0.0
35163,0.0
35164,0.0
35165,0.0
35166,0.0
35167,0.0
35168,0.0
35169,0.0
35170,0.0
35171,0.0
35172,0.0
35173,0.0
35174,0.0
35175,0.0
35176,0.0
35177,0.0
35178,0.0
35179,0.0
35180,0.0
35181,0.0
35182,0.0
35183,0.0
35184,0.0
35185,0.0
35186,0.0
35187,0.0
35188,0.0
35189,0.0
35190,0.0
35191,0.0
35192,0.0
35193,0.0
35194,0.0
35195,0.0
35196,2.6070593083999925e-269
35197,7.439412664759332e-284
35198,0.0
35199,0.0
35200,0.0
35201,0.0
35202,0.0
35203,0.0
35204,0.0
35205,0.0
35206,0.0
35207,0.0
35208,0.0
35209,0.0
35210,0.0
35211,0.0
35212,0.0
35213,0.0
35214,0.0
35215,0.0
35216,0.0
35217,0.0
35218,0.0
35219,0.0
35220,0.0
35221,0.0
35222,0.0
35223,0.0
35224,0.0
35225,0.0
35226,0.0
35227,0.0
35228,0.0
35229,0.0
35230,0.0
35231,0.0
35232,0.0
35233,0.0
35234,0.0
35235,0.0
35236,0.0
35237,0.0
35238,0.0
35239,0.0
35240,0.0
35241,0.0
35242,0.0
35243,0.0
35244,0.0
35245,0.0
35246,0.0
35247,0.0
35248,0.0
35249,0.0
35250,0.0
35251,0.0
35252,0.0
35253,0.0
35254,0.0
35255,0.0
35256,0.0
35257,0.0
35258,0.0
35259,0.0
35260,0.0
35261,0.0
35262,0.0
35263,0.0
35264,0.0
35265,0.0
35266,0.0
35267,0.0
35268,0.0
35269,0.0
35270,0.0
35271,0.0
35272,0.0
35273,0.0
35274,0.0
35275,0.0
35276,0.0
35277,0.0
35278,0.0
35279,0.0
35280,0.0
35281,0.0
35282,0.0
35283,0.0
35284,0.0
35285,0.0
35286,0.0
35287,0.0
35288,0.0
35289,0.0
35290,7.036222371319474e-309
35291,2.933521873797467e-227
35292,1.0943085491901431e-196
35293,8.336260445293036e-212
35294,2.7226970904156384e-265
35295,0.0
35296,0.0
35297,0.0
35298,0.0
35299,0.0
35300,0.0
35301,0.0
35302,0.0
35303,0.0
35304,0.0
35305,0.0
35306,0.0
35307,0.0
35308,0.0
35309,0.0
35310,0.0
35311,0.0
35312,0.0
35313,0.0
35314,0.0
35315,0.0
35316,0.0
35317,0.0
35318,0.0
35319,0.0
35320,0.0
35321,0.0
35322,0.0
35323,0.0
35324,0.0
35325,0.0
35326,0.0
35327,0.0
35328,0.0
35329,0.0
35330,3.8774878060458494e-290
35331,3.990123153048104e-292
35332,0.0
35333,0.0
35334,0.0
35335,0.0
35336,0.0
35337,0.0
35338,0.0
35339,0.0
35340,0.0
35341,0.0
35342,0.0
35343,0.0
35344,0.0
35345,0.0
35346,0.0
35347,0.0
35348,0.0
35349,0.0
35350,0.0
35351,0.0
35352,0.0
35353,0.0
35354,0.0
35355,0.0
35356,0.0
35357,0.0
35358,0.0
35359,0.0
35360,0.0
35361,0.0
35362,0.0
35363,0.0
35364,0.0
35365,0.0
35366,0.0
35367,0.0
35368,0.0
35369,0.0
35370,0.0
35371,0.0
35372,0.0
35373,0.0
35374,0.0
35375,0.0
35376,0.0
35377,0.0
35378,0.0
35379,0.0
35380,0.0
35381,0.0
35382,0.0
35383,0.0
35384,0.0
35385,0.0
35386,0.0
35387,0.0
35388,0.0
35389,0.0
35390,0.0
35391,0.0
35392,0.0
35393,0.0
35394,0.0
35395,0.0
35396,0.0
35397,0.0
35398,0.0
35399,0.0
35400,0.0
35401,0.0
35402,0.0
35403,0.0
35404,0.0
35405,0.0
35406,0.0
35407,0.0
35408,0.0
35409,0.0
35410,0.0
35411,0.0
35412,0.0
35413,0.0
35414,0.0
35415,0.0
35416,0.0
35417,0.0
35418,0.0
35419,0.0
35420,0.0
35421,0.0
35422,0.0
35423,0.0
35424,0.0
35425,0.0
35426,0.0
35427,0.0
35428,0.0
35429,0.0
35430,0.0
35431,0.0
35432,0.0
35433,0.0
35434,0.0
35435,1.2852869350451682e-304
35436,0.0
35437,0.0
35438,0.0
35439,0.0
35440,0.0
35441,0.0
35442,0.0
35443,0.0
35444,0.0
35445,0.0
35446,0.0
35447,0.0
35448,0.0
35449,0.0
35450,0.0
35451,0.0
35452,0.0
35453,0.0
35454,0.0
35455,0.0
35456,0.0
35457,0.0
35458,0.0
35459,0.0
35460,0.0
35461,0.0
35462,0.0
35463,0.0
35464,0.0
35465,0.0
35466,0.0
35467,0.0
35468,0.0
35469,0.0
35470,0.0
35471,0.0
35472,0.0
35473,0.0
35474,0.0
35475,0.0
35476,0.0
35477,0.0
35478,0.0
35479,0.0
35480,0.0
35481,0.0
35482,0.0
35483,0.0
35484,0.0
35485,0.0
35486,0.0
35487,0.0
35488,0.0
35489,0.0
35490,0.0
35491,0.0
35492,0.0
35493,0.0
35494,0.0
35495,0.0
35496,0.0
35497,0.0
35498,0.0
35499,0.0
35500,0.0
35501,0.0
35502,0.0
35503,0.0
35504,0.0
35505,0.0
35506,0.0
35507,0.0
35508,0.0
35509,0.0
35510,0.0
35511,0.0
35512,0.0
35513,0.0
35514,0.0
35515,0.0
35516,0.0
35517,0.0
35518,0.0
35519,0.0
35520,0.0
35521,0.0
35522,0.0
35523,0.0
35524,0.0
35525,0.0
35526,0.0
35527,0.0
35528,0.0
35529,0.0
35530,0.0
35531,0.0
35532,0.0
35533,0.0
35534,0.0
35535,0.0
35536,0.0
35537,0.0
35538,0.0
35539,0.0
35540,0.0
35541,0.0
35542,0.0
35543,0.0
35544,0.0
35545,0.0
35546,0.0
35547,0.0
35548,0.0
35549,0.0
35550,0.0
35551,0.0
35552,0.0
35553,0.0
35554,0.0
35555,0.0
35556,0.0
35557,0.0
35558,0.0
35559,0.0
35560,0.0
35561,0.0
35562,0.0
35563,0.0
35564,0.0
35565,0.0
35566,0.0
35567,0.0
35568,0.0
35569,0.0
35570,0.0
35571,0.0
35572,0.0
35573,0.0
35574,0.0
35575,0.0
35576,0.0
35577,0.0
35578,0.0
35579,0.0
35580,0.0
35581,0.0
35582,0.0
35583,0.0
35584,0.0
35585,0.0
35586,0.0
35587,0.0
35588,0.0
35589,0.0
35590,0.0
35591,0.0
35592,0.0
35593,0.0
35594,0.0
35595,0.0
35596,0.0
35597,0.0
35598,0.0
35599,0.0
35600,0.0
35601,0.0
35602,0.0
35603,0.0
35604,0.0
35605,0.0
35606,0.0
35607,0.0
35608,0.0
35609,0.0
35610,0.0
35611,0.0
35612,0.0
35613,0.0
35614,0.0
35615,0.0
35616,0.0
35617,0.0
35618,0.0
35619,0.0
35620,0.0
35621,0.0
35622,0.0
35623,0.0
35624,0.0
35625,0.0
35626,0.0
35627,0.0
35628,0.0
35629,0.0
35630,0.0
35631,0.0
35632,0.0
35633,0.0
35634,0.0
35635,0.0
35636,0.0
35637,0.0
35638,0.0
35639,0.0
35640,0.0
35641,0.0
35642,0.0
35643,0.0
35644,0.0
35645,0.0
35646,0.0
35647,0.0
35648,0.0
35649,0.0
35650,0.0
35651,0.0
35652,0.0
35653,0.0
35654,0.0
35655,0.0
35656,0.0
35657,0.0
35658,0.0
35659,0.0
35660,0.0
35661,0.0
35662,0.0
35663,0.0
35664,0.0
35665,0.0
35666,0.0
35667,0.0
35668,0.0
35669,0.0
35670,0.0
35671,0.0
35672,0.0
35673,0.0
35674,0.0
35675,0.0
35676,0.0
35677,0.0
35678,0.0
35679,0.0
35680,0.0
35681,0.0
35682,0.0
35683,0.0
35684,0.0
35685,0.0
35686,0.0
35687,0.0
35688,0.0
35689,0.0
35690,0.0
35691,0.0
35692,0.0
35693,0.0
35694,0.0
35695,0.0
35696,0.0
35697,0.0
35698,0.0
35699,0.0
35700,0.0
35701,0.0
35702,0.0
35703,0.0
35704,0.0
35705,0.0
35706,0.0
35707,0.0
35708,0.0
35709,0.0
35710,0.0
35711,0.0
35712,0.0
35713,0.0
35714,0.0
35715,0.0
35716,0.0
35717,0.0
35718,0.0
35719,1.174643398239e-311
35720,1.9935562113592177e-295
35721,1.1672331029143467e-295
35722,2.5563365238682725e-301
35723,6.68792451196287e-310
35724,0.0
35725,0.0
35726,0.0
35727,0.0
35728,0.0
35729,0.0
35730,0.0
35731,0.0
35732,0.0
35733,0.0
35734,0.0
35735,0.0
35736,0.0
35737,0.0
35738,0.0
35739,0.0
35740,0.0
35741,0.0
35742,0.0
35743,0.0
35744,0.0
35745,0.0
35746,0.0
35747,0.0
35748,0.0
35749,0.0
35750,0.0
35751,0.0
35752,0.0
35753,0.0
35754,0.0
35755,0.0
35756,0.0
35757,0.0
35758,0.0
35759,0.0
35760,0.0
35761,0.0
35762,0.0
35763,0.0
35764,0.0
35765,0.0
35766,0.0
35767,0.0
35768,0.0
35769,0.0
35770,0.0
35771,0.0
35772,0.0
35773,0.0
35774,0.0
35775,0.0
35776,0.0
35777,0.0
35778,0.0
35779,0.0
35780,0.0
35781,0.0
35782,0.0
35783,0.0
35784,0.0
35785,0.0
35786,0.0
35787,0.0
35788,0.0
35789,0.0
35790,0.0
35791,0.0
35792,0.0
35793,0.0
35794,0.0
35795,0.0
35796,0.0
35797,0.0
35798,0.0
35799,0.0
35800,0.0
35801,0.0
35802,0.0
35803,0.0
35804,0.0
35805,0.0
35806,0.0
35807,0.0
35808,0.0
35809,0.0
35810,0.0
35811,0.0
35812,0.0
35813,0.0
35814,0.0
35815,0.0
35816,0.0
35817,0.0
35818,0.0
35819,0.0
35820,0.0
35821,0.0
35822,0.0
35823,0.0
35824,0.0
35825,0.0
35826,0.0
35827,0.0
35828,0.0
35829,0.0
35830,0.0
35831,0.0
35832,0.0
35833,0.0
35834,0.0
35835,0.0
35836,0.0
35837,0.0
35838,0.0
35839,0.0
35840,0.0
35841,0.0
35842,0.0
35843,0.0
35844,0.0
35845,0.0
35846,0.0
35847,0.0
35848,0.0
35849,0.0
35850,0.0
35851,0.0
35852,0.0
35853,0.0
35854,0.0
35855,0.0
35856,0.0
35857,0.0
35858,0.0
35859,0.0
35860,0.0
35861,0.0
35862,0.0
35863,0.0
35864,0.0
35865,0.0
35866,0.0
35867,0.0
35868,0.0
35869,0.0
35870,0.0
35871,0.0
35872,0.0
35873,0.0
35874,0.0
35875,0.0
35876,0.0
35877,0.0
35878,0.0
35879,0.0
35880,0.0
35881,0.0
35882,0.0
35883,0.0
35884,0.0
35885,0.0
35886,0.0
35887,0.0
35888,0.0
35889,0.0
35890,0.0
35891,0.0
35892,0.0
35893,0.0
35894,0.0
35895,0.0
35896,0.0
35897,0.0
35898,0.0
35899,0.0
35900,0.0
35901,0.0
35902,0.0
35903,0.0
35904,0.0
35905,0.0
35906,0.0
35907,0.0
35908,0.0
35909,0.0
35910,0.0
35911,0.0
35912,0.0
35913,0.0
35914,0.0
35915,0.0
35916,0.0
35917,0.0
35918,0.0
35919,0.0
35920,0.0
35921,0.0
35922,0.0
35923,0.0
35924,0.0
35925,0.0
35926,0.0
35927,0.0
35928,0.0
35929,0.0
35930,0.0
35931,0.0
35932,0.0
35933,0.0
35934,0.0
35935,0.0
35936,0.0
35937,0.0
35938,0.0
35939,0.0
35940,0.0
35941,0.0
35942,0.0
35943,0.0
35944,0.0
35945,0.0
35946,0.0
35947,0.0
35948,0.0
35949,0.0
35950,0.0
35951,0.0
35952,0.0
35953,0.0
35954,0.0
35955,0.0
35956,0.0
35957,0.0
35958,0.0
35959,0.0
35960,0.0
35961,0.0
35962,0.0
35963,0.0
35964,0.0
35965,0.0
35966,0.0
35967,0.0
35968,0.0
35969,0.0
35970,0.0
35971,0.0
35972,0.0
35973,0.0
35974,0.0
35975,0.0
35976,0.0
35977,0.0
35978,0.0
35979,0.0
35980,0.0
35981,0.0
35982,0.0
35983,0.0
35984,0.0
35985,0.0
35986,0.0
35987,0.0
35988,0.0
35989,0.0
35990,1.91195757e-316
35991,8.835691846947327e-286
35992,0.0
35993,0.0
35994,0.0
35995,0.0
35996,0.0
35997,0.0
35998,0.0
35999,0.0
36000,0.0
36001,0.0
36002,0.0
36003,0.0
36004,0.0
36005,0.0
36006,0.0
36007,0.0
36008,4.421781062898594e-294
36009,0.0
36010,0.0
36011,0.0
36012,0.0
36013,0.0
36014,0.0
36015,0.0
36016,0.0
36017,0.0
36018,0.0
36019,0.0
36020,0.0
36021,0.0
36022,0.0
36023,0.0
36024,0.0
36025,0.0
36026,0.0
36027,0.0
36028,0.0
36029,0.0
36030,0.0
36031,0.0
36032,0.0
36033,0.0
36034,0.0
36035,0.0
36036,0.0
36037,0.0
36038,0.0
36039,0.0
36040,0.0
36041,0.0
36042,0.0
36043,0.0
36044,0.0
36045,0.0
36046,0.0
36047,0.0
36048,0.0
36049,0.0
36050,0.0
36051,0.0
36052,0.0
36053,0.0
36054,0.0
36055,0.0
36056,0.0
36057,0.0
36058,2.486870777857431e-280
36059,2.1716343482984745e-237
36060,8.110766242236331e-262
36061,0.0
36062,0.0
36063,0.0
36064,0.0
36065,0.0
36066,0.0
36067,0.0
36068,0.0
36069,0.0
36070,0.0
36071,0.0
36072,0.0
36073,0.0
36074,0.0
36075,0.0
36076,0.0
36077,0.0
36078,0.0
36079,0.0
36080,0.0
36081,0.0
36082,0.0
36083,0.0
36084,0.0
36085,0.0
36086,0.0
36087,0.0
36088,0.0
36089,0.0
36090,0.0
36091,0.0
36092,0.0
36093,0.0
36094,0.0
36095,0.0
36096,0.0
36097,0.0
36098,0.0
36099,0.0
36100,0.0
36101,0.0
36102,0.0
36103,0.0
36104,0.0
36105,0.0
36106,0.0
36107,0.0
36108,0.0
36109,0.0
36110,0.0
36111,0.0
36112,0.0
36113,0.0
36114,0.0
36115,0.0
36116,0.0
36117,0.0
36118,0.0
36119,0.0
36120,0.0
36121,0.0
36122,0.0
36123,0.0
36124,0.0
36125,0.0
36126,0.0
36127,0.0
36128,0.0
36129,0.0
36130,0.0
36131,0.0
36132,0.0
36133,0.0
36134,0.0
36135,0.0
36136,0.0
36137,0.0
36138,0.0
36139,0.0
36140,0.0
36141,0.0
36142,0.0
36143,0.0
36144,0.0
36145,0.0
36146,0.0
36147,0.0
36148,0.0
36149,0.0
36150,0.0
36151,0.0
36152,0.0
36153,0.0
36154,0.0
36155,0.0
36156,0.0
36157,0.0
36158,0.0
36159,0.0
36160,0.0
36161,0.0
36162,0.0
36163,0.0
36164,0.0
36165,0.0
36166,0.0
36167,0.0
36168,0.0
36169,1.0259584834456177e-242
36170,2.8292995623478007e-205
36171,8.806425996502231e-235
36172,0.0
36173,0.0
36174,0.0
36175,0.0
36176,0.0
36177,0.0
36178,2.4526537488672965e-293
36179,2.565799901761424e-245
36180,2.9570530100334313e-279
36181,0.0
36182,0.0
36183,0.0
36184,0.0
36185,0.0
36186,0.0
36187,0.0
36188,0.0
36189,0.0
36190,0.0
36191,0.0
36192,0.0
36193,0.0
36194,0.0
36195,0.0
36196,0.0
36197,0.0
36198,0.0
36199,0.0
36200,0.0
36201,0.0
36202,0.0
36203,0.0
36204,0.0
36205,0.0
36206,0.0
36207,0.0
36208,0.0
36209,0.0
36210,0.0
36211,0.0
36212,0.0
36213,0.0
36214,0.0
36215,0.0
36216,0.0
36217,0.0
36218,0.0
36219,0.0
36220,0.0
36221,0.0
36222,0.0
36223,0.0
36224,0.0
36225,0.0
36226,0.0
36227,0.0
36228,0.0
36229,0.0
36230,0.0
36231,0.0
36232,0.0
36233,0.0
36234,0.0
36235,0.0
36236,0.0
36237,0.0
36238,0.0
36239,0.0
36240,0.0
36241,0.0
36242,0.0
36243,0.0
36244,0.0
36245,0.0
36246,0.0
36247,0.0
36248,0.0
36249,0.0
36250,0.0
36251,0.0
36252,0.0
36253,0.0
36254,0.0
36255,0.0
36256,0.0
36257,0.0
36258,0.0
36259,0.0
36260,0.0
36261,0.0
36262,0.0
36263,0.0
36264,0.0
36265,0.0
36266,0.0
36267,0.0
36268,0.0
36269,0.0
36270,0.0
36271,0.0
36272,0.0
36273,0.0
36274,0.0
36275,0.0
36276,0.0
36277,0.0
36278,0.0
36279,0.0
36280,0.0
36281,0.0
36282,0.0
36283,0.0
36284,0.0
36285,0.0
36286,0.0
36287,0.0
36288,0.0
36289,0.0
36290,0.0
36291,0.0
36292,0.0
36293,0.0
36294,0.0
36295,8.5690574e-316
36296,3.6301975754364714e-292
36297,2.018806996106949e-270
36298,2.1867356543843929e-249
36299,4.831565387507559e-234
36300,1.0262000396027435e-234
36301,2.37718811868788e-308
36302,0.0
36303,0.0
36304,0.0
36305,0.0
36306,0.0
36307,0.0
36308,0.0
36309,0.0
36310,0.0
36311,0.0
36312,0.0
36313,0.0
36314,1.6682020242745836e-248
36315,1.2908125169298134e-190
36316,1.2019912738150137e-164
36317,5.831421445416836e-159
36318,2.935540483869602e-168
36319,7.708984572974845e-203
36320,4.887226310932449e-300
36321,0.0
36322,0.0
36323,0.0
36324,0.0
36325,0.0
36326,0.0
36327,0.0
36328,0.0
36329,0.0
36330,0.0
36331,0.0
36332,0.0
36333,0.0
36334,0.0
36335,0.0
36336,0.0
36337,0.0
36338,0.0
36339,0.0
36340,0.0
36341,0.0
36342,0.0
36343,0.0
36344,0.0
36345,0.0
36346,0.0
36347,0.0
36348,0.0
36349,0.0
36350,0.0
36351,0.0
36352,0.0
36353,0.0
36354,0.0
36355,0.0
36356,0.0
36357,0.0
36358,0.0
36359,0.0
36360,0.0
36361,0.0
36362,0.0
36363,0.0
36364,0.0
36365,0.0
36366,0.0
36367,0.0
36368,0.0
36369,0.0
36370,0.0
36371,0.0
36372,0.0
36373,0.0
36374,0.0
36375,0.0
36376,0.0
36377,0.0
36378,0.0
36379,0.0
36380,0.0
36381,0.0
36382,0.0
36383,0.0
36384,0.0
36385,0.0
36386,0.0
36387,0.0
36388,0.0
36389,0.0
36390,0.0
36391,0.0
36392,0.0
36393,0.0
36394,0.0
36395,0.0
36396,0.0
36397,0.0
36398,0.0
36399,0.0
36400,0.0
36401,0.0
36402,0.0
36403,0.0
36404,0.0
36405,1.5353593515238868e-279
36406,1.1937123244478854e-255
36407,0.0
36408,0.0
36409,0.0
36410,0.0
36411,0.0
36412,0.0
36413,0.0
36414,0.0
36415,0.0
36416,0.0
36417,0.0
36418,0.0
36419,0.0
36420,0.0
36421,0.0
36422,0.0
36423,0.0
36424,0.0
36425,0.0
36426,0.0
36427,0.0
36428,0.0
36429,0.0
36430,0.0
36431,0.0
36432,0.0
36433,0.0
36434,0.0
36435,0.0
36436,0.0
36437,0.0
36438,0.0
36439,0.0
36440,0.0
36441,0.0
36442,0.0
36443,0.0
36444,0.0
36445,0.0
36446,0.0
36447,0.0
36448,0.0
36449,0.0
36450,0.0
36451,0.0
36452,0.0
36453,0.0
36454,0.0
36455,0.0
36456,0.0
36457,0.0
36458,0.0
36459,0.0
36460,0.0
36461,0.0
36462,0.0
36463,0.0
36464,0.0
36465,0.0
36466,0.0
36467,5e-324
36468,0.0
36469,0.0
36470,0.0
36471,0.0
36472,8.564625992252718e-281
36473,1.6661439136920773e-235
36474,5.1494100682143175e-232
36475,1.6234115183428358e-279
36476,0.0
36477,0.0
36478,0.0
36479,2.69676e-319
36480,0.0
36481,0.0
36482,0.0
36483,0.0
36484,0.0
36485,0.0
36486,0.0
36487,0.0
36488,0.0
36489,0.0
36490,0.0
36491,0.0
36492,0.0
36493,0.0
36494,0.0
36495,0.0
36496,0.0
36497,0.0
36498,0.0
36499,0.0
36500,0.0
36501,0.0
36502,0.0
36503,0.0
36504,0.0
36505,0.0
36506,0.0
36507,0.0
36508,0.0
36509,0.0
36510,0.0
36511,0.0
36512,0.0
36513,0.0
36514,0.0
36515,0.0
36516,0.0
36517,0.0
36518,0.0
36519,0.0
36520,0.0
36521,0.0
36522,0.0
36523,0.0
36524,0.0
36525,0.0
36526,0.0
36527,0.0
36528,0.0
36529,0.0
36530,0.0
36531,0.0
36532,0.0
36533,0.0
36534,0.0
36535,0.0
36536,0.0
36537,0.0
36538,0.0
36539,0.0
36540,0.0
36541,0.0
36542,0.0
36543,0.0
36544,0.0
36545,0.0
36546,0.0
36547,0.0
36548,0.0
36549,0.0
36550,0.0
36551,0.0
36552,0.0
36553,0.0
36554,0.0
36555,0.0
36556,0.0
36557,0.0
36558,0.0
36559,0.0
36560,0.0
36561,0.0
36562,0.0
36563,0.0
36564,0.0
36565,0.0
36566,0.0
36567,0.0
36568,0.0
36569,0.0
36570,0.0
36571,0.0
36572,0.0
36573,0.0
36574,0.0
36575,0.0
36576,0.0
36577,0.0
36578,0.0
36579,0.0
36580,0.0
36581,0.0
36582,0.0
36583,0.0
36584,0.0
36585,0.0
36586,0.0
36587,0.0
36588,0.0
36589,0.0
36590,0.0
36591,0.0
36592,0.0
36593,0.0
36594,0.0
36595,0.0
36596,0.0
36597,0.0
36598,0.0
36599,0.0
36600,0.0
36601,0.0
36602,0.0
36603,0.0
36604,0.0
36605,0.0
36606,0.0
36607,0.0
36608,0.0
36609,0.0
36610,0.0
36611,0.0
36612,0.0
36613,0.0
36614,0.0
36615,0.0
36616,0.0
36617,0.0
36618,0.0
36619,0.0
36620,0.0
36621,0.0
36622,0.0
36623,0.0
36624,0.0
36625,0.0
36626,0.0
36627,0.0
36628,0.0
36629,0.0
36630,0.0
36631,0.0
36632,0.0
36633,0.0
36634,0.0
36635,0.0
36636,0.0
36637,0.0
36638,0.0
36639,0.0
36640,0.0
36641,0.0
36642,0.0
36643,0.0
36644,0.0
36645,0.0
36646,0.0
36647,0.0
36648,0.0
36649,0.0
36650,0.0
36651,0.0
36652,0.0
36653,0.0
36654,0.0
36655,0.0
36656,0.0
36657,0.0
36658,0.0
36659,0.0
36660,0.0
36661,0.0
36662,0.0
36663,0.0
36664,0.0
36665,0.0
36666,3.368406856227365e-283
36667,4.896149508166304e-242
36668,1.5474520325050205e-235
36669,2.8158231378081655e-267
36670,0.0
36671,0.0
36672,0.0
36673,0.0
36674,0.0
36675,0.0
36676,0.0
36677,0.0
36678,0.0
36679,0.0
36680,0.0
36681,0.0
36682,0.0
36683,0.0
36684,0.0
36685,0.0
36686,0.0
36687,0.0
36688,0.0
36689,0.0
36690,0.0
36691,0.0
36692,0.0
36693,0.0
36694,0.0
36695,0.0
36696,0.0
36697,0.0
36698,0.0
36699,0.0
36700,0.0
36701,0.0
36702,0.0
36703,0.0
36704,0.0
36705,0.0
36706,0.0
36707,0.0
36708,0.0
36709,0.0
36710,0.0
36711,0.0
36712,0.0
36713,0.0
36714,0.0
36715,0.0
36716,0.0
36717,0.0
36718,0.0
36719,0.0
36720,0.0
36721,0.0
36722,0.0
36723,0.0
36724,0.0
36725,0.0
36726,0.0
36727,7.242629407226237e-230
36728,8.475886583470823e-248
36729,0.0
36730,0.0
36731,0.0
36732,0.0
36733,0.0
36734,0.0
36735,0.0
36736,0.0
36737,0.0
36738,0.0
36739,0.0
36740,0.0
36741,0.0
36742,0.0
36743,0.0
36744,0.0
36745,0.0
36746,0.0
36747,0.0
36748,0.0
36749,0.0
36750,0.0
36751,0.0
36752,0.0
36753,0.0
36754,0.0
36755,0.0
36756,0.0
36757,0.0
36758,0.0
36759,0.0
36760,0.0
36761,0.0
36762,0.0
36763,0.0
36764,0.0
36765,0.0
36766,0.0
36767,0.0
36768,0.0
36769,0.0
36770,0.0
36771,0.0
36772,0.0
36773,0.0
36774,0.0
36775,0.0
36776,0.0
36777,0.0
36778,0.0
36779,0.0
36780,0.0
36781,0.0
36782,0.0
36783,0.0
36784,2.4965e-320
36785,3.67576248258508e-303
36786,0.0
36787,0.0
36788,0.0
36789,0.0
36790,0.0
36791,0.0
36792,0.0
36793,0.0
36794,0.0
36795,0.0
36796,0.0
36797,0.0
36798,0.0
36799,0.0
36800,0.0
36801,0.0
36802,0.0
36803,0.0
36804,0.0
36805,0.0
36806,0.0
36807,0.0
36808,0.0
36809,0.0
36810,0.0
36811,0.0
36812,0.0
36813,0.0
36814,0.0
36815,0.0
36816,0.0
36817,0.0
36818,0.0
36819,0.0
36820,0.0
36821,0.0
36822,0.0
36823,0.0
36824,0.0
36825,0.0
36826,0.0
36827,0.0
36828,0.0
36829,0.0
36830,0.0
36831,0.0
36832,0.0
36833,0.0
36834,0.0
36835,0.0
36836,0.0
36837,6.3275368599275e-311
36838,1.744495601327061e-287
36839,8.166941418655694e-271
36840,1.7163942187634443e-271
36841,2.865454373827489e-297
36842,0.0
36843,0.0
36844,5.7317e-320
36845,6.868509822317181e-307
36846,0.0
36847,0.0
36848,0.0
36849,0.0
36850,0.0
36851,0.0
36852,0.0
36853,0.0
36854,0.0
36855,9.757093870731292e-257
36856,8.111264428674802e-291
36857,0.0
36858,0.0
36859,0.0
36860,0.0
36861,0.0
36862,0.0
36863,0.0
36864,0.0
36865,0.0
36866,0.0
36867,0.0
36868,0.0
36869,0.0
36870,0.0
36871,0.0
36872,0.0
36873,0.0
36874,0.0
36875,0.0
36876,0.0
36877,0.0
36878,0.0
36879,0.0
36880,0.0
36881,0.0
36882,0.0
36883,0.0
36884,0.0
36885,0.0
36886,0.0
36887,0.0
36888,0.0
36889,0.0
36890,0.0
36891,0.0
36892,0.0
36893,0.0
36894,0.0
36895,0.0
36896,0.0
36897,0.0
36898,0.0
36899,0.0
36900,0.0
36901,0.0
36902,0.0
36903,0.0
36904,0.0
36905,0.0
36906,0.0
36907,0.0
36908,0.0
36909,9.249555383417318e-283
36910,6.392831718965143e-264
36911,1.11533805624834e-310
36912,0.0
36913,0.0
36914,0.0
36915,0.0
36916,0.0
36917,5.601749074671848e-299
36918,1.9925400727407858e-255
36919,4.136946259216842e-233
36920,8.956978867139801e-228
36921,6.583138559567224e-274
36922,0.0
36923,0.0
36924,0.0
36925,0.0
36926,3.962217929505265e-298
36927,0.0
36928,0.0
36929,0.0
36930,0.0
36931,0.0
36932,0.0
36933,0.0
36934,0.0
36935,0.0
36936,0.0
36937,0.0
36938,0.0
36939,0.0
36940,0.0
36941,0.0
36942,0.0
36943,0.0
36944,0.0
36945,0.0
36946,0.0
36947,0.0
36948,0.0
36949,0.0
36950,0.0
36951,0.0
36952,0.0
36953,0.0
36954,0.0
36955,0.0
36956,0.0
36957,0.0
36958,0.0
36959,0.0
36960,0.0
36961,0.0
36962,0.0
36963,0.0
36964,0.0
36965,0.0
36966,0.0
36967,0.0
36968,0.0
36969,0.0
36970,0.0
36971,0.0
36972,0.0
36973,0.0
36974,0.0
36975,0.0
36976,0.0
36977,0.0
36978,0.0
36979,0.0
36980,0.0
36981,0.0
36982,0.0
36983,0.0
36984,0.0
36985,0.0
36986,0.0
36987,0.0
36988,0.0
36989,0.0
36990,0.0
36991,0.0
36992,0.0
36993,0.0
36994,0.0
36995,0.0
36996,0.0
36997,0.0
36998,0.0
36999,0.0
37000,0.0
37001,0.0
37002,0.0
37003,0.0
37004,0.0
37005,0.0
37006,0.0
37007,0.0
37008,0.0
37009,0.0
37010,0.0
37011,0.0
37012,0.0
37013,0.0
37014,0.0
37015,0.0
37016,0.0
37017,0.0
37018,0.0
37019,0.0
37020,0.0
37021,0.0
37022,0.0
37023,0.0
37024,0.0
37025,0.0
37026,0.0
37027,0.0
37028,0.0
37029,0.0
37030,0.0
37031,0.0
37032,0.0
37033,0.0
37034,0.0
37035,0.0
37036,0.0
37037,0.0
37038,0.0
37039,0.0
37040,0.0
37041,0.0
37042,0.0
37043,0.0
37044,0.0
37045,0.0
37046,0.0
37047,0.0
37048,0.0
37049,0.0
37050,0.0
37051,0.0
37052,0.0
37053,0.0
37054,0.0
37055,0.0
37056,0.0
37057,0.0
37058,0.0
37059,0.0
37060,0.0
37061,0.0
37062,0.0
37063,0.0
37064,0.0
37065,0.0
37066,0.0
37067,0.0
37068,0.0
37069,0.0
37070,0.0
37071,0.0
37072,0.0
37073,0.0
37074,0.0
37075,0.0
37076,0.0
37077,0.0
37078,0.0
37079,0.0
37080,0.0
37081,0.0
37082,0.0
37083,0.0
37084,0.0
37085,0.0
37086,0.0
37087,0.0
37088,0.0
37089,0.0
37090,0.0
37091,0.0
37092,0.0
37093,0.0
37094,0.0
37095,0.0
37096,0.0
37097,0.0
37098,0.0
37099,0.0
37100,0.0
37101,0.0
37102,0.0
37103,0.0
37104,0.0
37105,0.0
37106,0.0
37107,0.0
37108,0.0
37109,0.0
37110,0.0
37111,0.0
37112,0.0
37113,0.0
37114,0.0
37115,0.0
37116,0.0
37117,0.0
37118,0.0
37119,0.0
37120,0.0
37121,0.0
37122,0.0
37123,0.0
37124,0.0
37125,0.0
37126,0.0
37127,0.0
37128,0.0
37129,0.0
37130,0.0
37131,0.0
37132,0.0
37133,0.0
37134,0.0
37135,0.0
37136,0.0
37137,0.0
37138,0.0
37139,0.0
37140,0.0
37141,0.0
37142,0.0
37143,0.0
37144,0.0
37145,0.0
37146,0.0
37147,0.0
37148,0.0
37149,0.0
37150,0.0
37151,0.0
37152,0.0
37153,0.0
37154,0.0
37155,0.0
37156,0.0
37157,0.0
37158,0.0
37159,0.0
37160,0.0
37161,0.0
37162,0.0
37163,0.0
37164,0.0
37165,0.0
37166,0.0
37167,0.0
37168,0.0
37169,0.0
37170,0.0
37171,0.0
37172,0.0
37173,0.0
37174,0.0
37175,0.0
37176,0.0
37177,0.0
37178,0.0
37179,0.0
37180,0.0
37181,0.0
37182,0.0
37183,0.0
37184,0.0
37185,0.0
37186,0.0
37187,0.0
37188,0.0
37189,0.0
37190,0.0
37191,0.0
37192,0.0
37193,0.0
37194,0.0
37195,0.0
37196,0.0
37197,0.0
37198,0.0
37199,0.0
37200,0.0
37201,0.0
37202,0.0
37203,0.0
37204,0.0
37205,0.0
37206,0.0
37207,0.0
37208,0.0
37209,0.0
37210,0.0
37211,0.0
37212,0.0
37213,0.0
37214,0.0
37215,0.0
37216,0.0
37217,0.0
37218,0.0
37219,0.0
37220,0.0
37221,0.0
37222,0.0
37223,0.0
37224,0.0
37225,0.0
37226,0.0
37227,0.0
37228,0.0
37229,0.0
37230,0.0
37231,0.0
37232,0.0
37233,0.0
37234,0.0
37235,0.0
37236,0.0
37237,0.0
37238,0.0
37239,0.0
37240,0.0
37241,0.0
37242,0.0
37243,0.0
37244,0.0
37245,0.0
37246,0.0
37247,0.0
37248,0.0
37249,0.0
37250,0.0
37251,3.152426975991116e-282
37252,1.9716495799537033e-292
37253,0.0
37254,0.0
37255,0.0
37256,0.0
37257,1.296900735567e-311
37258,4.84882709929975e-309
37259,0.0
37260,0.0
37261,0.0
37262,0.0
37263,0.0
37264,0.0
37265,0.0
37266,0.0
37267,1.3424749716200605e-279
37268,9.99826504533666e-295
37269,0.0
37270,0.0
37271,0.0
37272,0.0
37273,0.0
37274,0.0
37275,0.0
37276,0.0
37277,0.0
37278,0.0
37279,0.0
37280,0.0
37281,0.0
37282,2.8432816534799564e-289
37283,0.0
37284,0.0
37285,0.0
37286,0.0
37287,0.0
37288,0.0
37289,0.0
37290,0.0
37291,0.0
37292,1.6842848533407925e-274
37293,1.33e-322
37294,0.0
37295,0.0
37296,0.0
37297,0.0
37298,0.0
37299,1.1917105817217472e-293
37300,3.1350881969270285e-262
37301,1.2263882619506534e-305
37302,0.0
37303,0.0
37304,0.0
37305,0.0
37306,0.0
37307,4.382405916390353e-271
37308,1.6352625530207618e-248
37309,2.6648733285871278e-300
37310,0.0
37311,0.0
37312,0.0
37313,0.0
37314,0.0
37315,0.0
37316,0.0
37317,0.0
37318,0.0
37319,0.0
37320,0.0
37321,0.0
37322,0.0
37323,0.0
37324,0.0
37325,0.0
37326,0.0
37327,0.0
37328,0.0
37329,0.0
37330,1.8106214250794692e-271
37331,6.341390715376339e-259
37332,5.516354862099297e-290
37333,1.2424527275555838e-288
37334,5.671445817417757e-228
37335,2.9545210385631126e-193
37336,3.0128314570116185e-273
37337,0.0
37338,0.0
37339,0.0
37340,0.0
37341,0.0
37342,0.0
37343,0.0
37344,0.0
37345,0.0
37346,0.0
37347,0.0
37348,0.0
37349,0.0
37350,0.0
37351,0.0
37352,0.0
37353,0.0
37354,0.0
37355,0.0
37356,0.0
37357,0.0
37358,5.603e-321
37359,1.6403751820962745e-279
37360,5.507435855109243e-265
37361,1.5381945301408602e-263
37362,1.8075140100000088e-270
37363,1.1536725947949065e-286
37364,1.09016772527e-312
37365,0.0
37366,0.0
37367,0.0
37368,0.0
37369,0.0
37370,0.0
37371,0.0
37372,0.0
37373,0.0
37374,4.205237874413564e-293
37375,1.6748394408280223e-244
37376,1.734989344636396e-253
37377,0.0
37378,0.0
37379,0.0
37380,0.0
37381,0.0
37382,0.0
37383,0.0
37384,0.0
37385,0.0
37386,0.0
37387,0.0
37388,0.0
37389,0.0
37390,0.0
37391,0.0
37392,0.0
37393,0.0
37394,0.0
37395,0.0
37396,0.0
37397,0.0
37398,0.0
37399,0.0
37400,0.0
37401,0.0
37402,0.0
37403,0.0
37404,0.0
37405,0.0
37406,0.0
37407,0.0
37408,0.0
37409,0.0
37410,0.0
37411,0.0
37412,0.0
37413,0.0
37414,0.0
37415,0.0
37416,0.0
37417,0.0
37418,0.0
37419,0.0
37420,0.0
37421,0.0
37422,0.0
37423,0.0
37424,0.0
37425,0.0
37426,0.0
37427,0.0
37428,0.0
37429,0.0
37430,0.0
37431,0.0
37432,2.51999834e-315
37433,6.244252816088212e-286
37434,1.165998022603686e-304
37435,0.0
37436,0.0
37437,0.0
37438,0.0
37439,0.0
37440,0.0
37441,0.0
37442,0.0
37443,0.0
37444,0.0
37445,0.0
37446,0.0
37447,0.0
37448,0.0
37449,0.0
37450,0.0
37451,0.0
37452,0.0
37453,0.0
37454,0.0
37455,0.0
37456,0.0
37457,0.0
37458,0.0
37459,0.0
37460,0.0
37461,0.0
37462,0.0
37463,0.0
37464,0.0
37465,0.0
37466,0.0
37467,0.0
37468,0.0
37469,0.0
37470,0.0
37471,0.0
37472,0.0
37473,0.0
37474,0.0
37475,0.0
37476,0.0
37477,0.0
37478,2.658406444859853e-228
37479,5.006159021686344e-299
37480,0.0
37481,0.0
37482,0.0
37483,0.0
37484,0.0
37485,0.0
37486,0.0
37487,0.0
37488,0.0
37489,0.0
37490,0.0
37491,0.0
37492,0.0
37493,0.0
37494,0.0
37495,0.0
37496,0.0
37497,0.0
37498,0.0
37499,0.0
37500,0.0
37501,0.0
37502,0.0
37503,0.0
37504,0.0
37505,0.0
37506,0.0
37507,0.0
37508,0.0
37509,0.0
37510,0.0
37511,0.0
37512,0.0
37513,0.0
37514,0.0
37515,0.0
37516,0.0
37517,8.4242502619219e-296
37518,1.342049549231372e-246
37519,1.5117167611300895e-296
37520,0.0
37521,0.0
37522,0.0
37523,0.0
37524,0.0
37525,0.0
37526,0.0
37527,0.0
37528,0.0
37529,0.0
37530,0.0
37531,0.0
37532,0.0
37533,0.0
37534,0.0
37535,0.0
37536,0.0
37537,0.0
37538,0.0
37539,0.0
37540,0.0
37541,0.0
37542,0.0
37543,0.0
37544,8.717098349542502e-252
37545,6.418964355775465e-224
37546,4.904010301313418e-218
37547,4.163525942348009e-254
37548,9.723864520320052e-272
37549,4.21898129377e-312
37550,0.0
37551,1.7398390739927664e-290
37552,6.993260304566e-198
37553,9.594459358756745e-211
37554,0.0
37555,0.0
37556,0.0
37557,4.875413966005023e-301
37558,1.9361208133507669e-286
37559,0.0
37560,0.0
37561,0.0
37562,0.0
37563,0.0
37564,0.0
37565,0.0
37566,0.0
37567,2.095321121276348e-254
37568,1.393364558774058e-197
37569,1.4279044203331282e-195
37570,1.8507100441924008e-259
37571,0.0
37572,0.0
37573,0.0
37574,0.0
37575,0.0
37576,0.0
37577,0.0
37578,0.0
37579,0.0
37580,0.0
37581,0.0
37582,0.0
37583,0.0
37584,0.0
37585,0.0
37586,0.0
37587,0.0
37588,0.0
37589,0.0
37590,0.0
37591,0.0
37592,0.0
37593,0.0
37594,0.0
37595,0.0
37596,0.0
37597,0.0
37598,0.0
37599,0.0
37600,0.0
37601,0.0
37602,0.0
37603,0.0
37604,0.0
37605,0.0
37606,0.0
37607,0.0
37608,0.0
37609,0.0
37610,0.0
37611,0.0
37612,0.0
37613,0.0
37614,0.0
37615,0.0
37616,0.0
37617,0.0
37618,0.0
37619,0.0
37620,0.0
37621,0.0
37622,0.0
37623,0.0
37624,0.0
37625,0.0
37626,5.010904652192823e-301
37627,3.9419945173248425e-298
37628,1.9639309e-315
37629,0.0
37630,0.0
37631,0.0
37632,0.0
37633,0.0
37634,7.740552564748427e-243
37635,4.314544750187372e-199
37636,2.262969953602319e-174
37637,1.5072494904525054e-170
37638,9.83e-322
37639,0.0
37640,0.0
37641,0.0
37642,0.0
37643,0.0
37644,0.0
37645,2.8776273111921657e-252
37646,0.0
37647,0.0
37648,0.0
37649,0.0
37650,0.0
37651,0.0
37652,0.0
37653,0.0
37654,0.0
37655,0.0
37656,0.0
37657,3.335047998361079e-298
37658,1.664839061255368e-288
37659,2.51e-321
37660,0.0
37661,0.0
37662,0.0
37663,0.0
37664,0.0
37665,0.0
37666,0.0
37667,0.0
37668,0.0
37669,0.0
37670,0.0
37671,1.7678128974871304e-295
37672,3.6702677050181805e-227
37673,1.4999923175433506e-291
37674,0.0
37675,0.0
37676,0.0
37677,0.0
37678,0.0
37679,0.0
37680,0.0
37681,0.0
37682,2.59025849668393e-271
37683,1.651730253125103e-225
37684,4.304023386171558e-247
37685,1.084922116653016e-300
37686,0.0
37687,0.0
37688,0.0
37689,0.0
37690,0.0
37691,1.8174297658538436e-243
37692,2.0790675711564107e-228
37693,1.0278450801507762e-259
37694,4.37205534040843e-304
37695,0.0
37696,1.6969484149925668e-301
37697,3.262113078139869e-230
37698,3.801057252918377e-210
37699,2.0854833213923364e-253
37700,0.0
37701,0.0
37702,0.0
37703,0.0
37704,0.0
37705,0.0
37706,0.0
37707,0.0
37708,0.0
37709,0.0
37710,0.0
37711,0.0
37712,0.0
37713,0.0
37714,0.0
37715,0.0
37716,0.0
37717,0.0
37718,0.0
37719,0.0
37720,0.0
37721,0.0
37722,0.0
37723,0.0
37724,0.0
37725,1.2643461835974908e-293
37726,6.715886075200432e-290
37727,0.0
37728,0.0
37729,0.0
37730,0.0
37731,0.0
37732,0.0
37733,0.0
37734,0.0
37735,0.0
37736,0.0
37737,0.0
37738,0.0
37739,0.0
37740,0.0
37741,0.0
37742,0.0
37743,0.0
37744,0.0
37745,0.0
37746,0.0
37747,0.0
37748,0.0
37749,0.0
37750,0.0
37751,0.0
37752,0.0
37753,0.0
37754,0.0
37755,0.0
37756,0.0
37757,0.0
37758,0.0
37759,0.0
37760,0.0
37761,0.0
37762,0.0
37763,0.0
37764,0.0
37765,0.0
37766,0.0
37767,0.0
37768,0.0
37769,0.0
37770,0.0
37771,0.0
37772,0.0
37773,0.0
37774,0.0
37775,0.0
37776,0.0
37777,0.0
37778,0.0
37779,0.0
37780,0.0
37781,0.0
37782,0.0
37783,0.0
37784,1e-323
37785,3.0422467633659207e-290
37786,0.0
37787,0.0
37788,0.0
37789,0.0
37790,0.0
37791,1.871255645769242e-286
37792,1.8752228845235385e-221
37793,2.881841892307219e-191
37794,4.502606821139171e-203
37795,4.337215378612544e-274
37796,0.0
37797,2.987749709658455e-278
37798,9.058297178488312e-197
37799,3.87754684950163e-152
37800,6.368367596991062e-145
37801,7.940531396683306e-166
37802,1.586820596713955e-255
37803,0.0
37804,0.0
37805,0.0
37806,0.0
37807,0.0
37808,9.47914667210397e-308
37809,6.358001128439398e-247
37810,7.59210142329946e-244
37811,0.0
37812,0.0
37813,0.0
37814,0.0
37815,0.0
37816,0.0
37817,0.0
37818,0.0
37819,0.0
37820,0.0
37821,0.0
37822,0.0
37823,0.0
37824,0.0
37825,0.0
37826,0.0
37827,0.0
37828,0.0
37829,0.0
37830,0.0
37831,0.0
37832,0.0
37833,0.0
37834,0.0
37835,0.0
37836,0.0
37837,0.0
37838,0.0
37839,0.0
37840,0.0
37841,0.0
37842,0.0
37843,0.0
37844,0.0
37845,0.0
37846,0.0
37847,0.0
37848,0.0
37849,0.0
37850,3.68e-321
37851,2.4187757727308773e-254
37852,2.95357075968145e-206
37853,1.8387480148924432e-204
37854,1.0564095025302236e-213
37855,0.0
37856,0.0
37857,0.0
37858,0.0
37859,0.0
37860,0.0
37861,0.0
37862,0.0
37863,0.0
37864,0.0
37865,0.0
37866,0.0
37867,0.0
37868,0.0
37869,0.0
37870,0.0
37871,0.0
37872,9.95372e-317
37873,3.850616756227636e-307
37874,3.465105098517883e-300
37875,1.2936081310611152e-294
37876,0.0
37877,0.0
37878,0.0
37879,0.0
37880,0.0
37881,0.0
37882,0.0
37883,0.0
37884,0.0
37885,2.24122123384e-313
37886,0.0
37887,0.0
37888,0.0
37889,0.0
37890,0.0
37891,0.0
37892,0.0
37893,0.0
37894,0.0
37895,0.0
37896,0.0
37897,0.0
37898,0.0
37899,0.0
37900,0.0
37901,0.0
37902,0.0
37903,0.0
37904,0.0
37905,0.0
37906,0.0
37907,0.0
37908,0.0
37909,0.0
37910,0.0
37911,0.0
37912,0.0
37913,0.0
37914,0.0
37915,0.0
37916,0.0
37917,0.0
37918,0.0
37919,1.4771497643621537e-241
37920,7.924794712890183e-188
37921,5.408012449089244e-184
37922,5.472430618356433e-295
37923,0.0
37924,0.0
37925,0.0
37926,0.0
37927,0.0
37928,0.0
37929,0.0
37930,0.0
37931,1.6019526348436894e-291
37932,2.998075008811032e-244
37933,3.6899738202820044e-275
37934,0.0
37935,0.0
37936,0.0
37937,0.0
37938,0.0
37939,0.0
37940,0.0
37941,0.0
37942,0.0
37943,0.0
37944,0.0
37945,0.0
37946,0.0
37947,0.0
37948,0.0
37949,0.0
37950,0.0
37951,0.0
37952,0.0
37953,0.0
37954,0.0
37955,0.0
37956,0.0
37957,0.0
37958,0.0
37959,0.0
37960,0.0
37961,0.0
37962,0.0
37963,0.0
37964,0.0
37965,0.0
37966,0.0
37967,0.0
37968,0.0
37969,0.0
37970,0.0
37971,0.0
37972,0.0
37973,0.0
37974,0.0
37975,0.0
37976,0.0
37977,0.0
37978,0.0
37979,0.0
37980,0.0
37981,0.0
37982,0.0
37983,0.0
37984,0.0
37985,0.0
37986,3.055315472418276e-252
37987,2.962838000437368e-209
37988,4.577936682167632e-204
37989,2.7967455430962465e-292
37990,0.0
37991,0.0
37992,0.0
37993,0.0
37994,0.0
37995,0.0
37996,0.0
37997,0.0
37998,0.0
37999,0.0
38000,0.0
38001,2.5590200174426524e-274
38002,5.500409726757255e-206
38003,5.505753371706381e-195
38004,0.0
38005,0.0
38006,0.0
38007,0.0
38008,0.0
38009,0.0
38010,1.2563235208168212e-193
38011,6.648993344933215e-144
38012,1.090429357001647e-136
38013,1.2454645921408425e-139
38014,1.8181643261246066e-201
38015,0.0
38016,0.0
38017,0.0
38018,0.0
38019,0.0
38020,0.0
38021,0.0
38022,0.0
38023,1.8659581230021687e-288
38024,7.143110116868749e-291
38025,0.0
38026,0.0
38027,0.0
38028,0.0
38029,0.0
38030,0.0
38031,0.0
38032,0.0
38033,0.0
38034,0.0
38035,0.0
38036,0.0
38037,0.0
38038,0.0
38039,0.0
38040,0.0
38041,0.0
38042,0.0
38043,0.0
38044,0.0
38045,0.0
38046,0.0
38047,0.0
38048,0.0
38049,0.0
38050,3.9843925399759883e-234
38051,1.237147954748223e-170
38052,1.1600289669466958e-180
38053,3.74166e-319
38054,0.0
38055,0.0
38056,0.0
38057,0.0
38058,3.4333597908432872e-276
38059,1.9314335891162734e-251
38060,0.0
38061,0.0
38062,0.0
38063,0.0
38064,0.0
38065,0.0
38066,0.0
38067,0.0
38068,0.0
38069,0.0
38070,0.0
38071,0.0
38072,0.0
38073,0.0
38074,0.0
38075,0.0
38076,0.0
38077,0.0
38078,0.0
38079,0.0
38080,0.0
38081,0.0
38082,0.0
38083,0.0
38084,0.0
38085,0.0
38086,0.0
38087,0.0
38088,0.0
38089,0.0
38090,0.0
38091,0.0
38092,0.0
38093,0.0
38094,0.0
38095,0.0
38096,0.0
38097,0.0
38098,0.0
38099,0.0
38100,0.0
38101,0.0
38102,0.0
38103,0.0
38104,0.0
38105,0.0
38106,0.0
38107,0.0
38108,0.0
38109,0.0
38110,0.0
38111,0.0
38112,0.0
38113,0.0
38114,1.9027160874784688e-233
38115,4.543897657059185e-220
38116,7.462871323098924e-248
38117,7.27128434492904e-310
38118,0.0
38119,0.0
38120,0.0
38121,0.0
38122,0.0
38123,0.0
38124,0.0
38125,0.0
38126,0.0
38127,0.0
38128,0.0
38129,0.0
38130,0.0
38131,0.0
38132,0.0
38133,0.0
38134,0.0
38135,0.0
38136,0.0
38137,0.0
38138,0.0
38139,0.0
38140,0.0
38141,0.0
38142,0.0
38143,0.0
38144,0.0
38145,0.0
38146,0.0
38147,0.0
38148,0.0
38149,0.0
38150,0.0
38151,3.231197973754342e-299
38152,4.719083415160778e-296
38153,0.0
38154,0.0
38155,0.0
38156,0.0
38157,1.1411426183201362e-304
38158,7.938230950167269e-217
38159,2.2857822312422113e-209
38160,1.2817374633939797e-247
38161,0.0
38162,0.0
38163,0.0
38164,0.0
38165,4.321063145147089e-252
38166,4.261876067467779e-193
38167,4.593617143957476e-224
38168,3.953719241714334e-279
38169,2.298780555807191e-302
38170,0.0
38171,0.0
38172,0.0
38173,0.0
38174,0.0
38175,0.0
38176,0.0
38177,0.0
38178,0.0
38179,0.0
38180,0.0
38181,0.0
38182,0.0
38183,0.0
38184,0.0
38185,0.0
38186,0.0
38187,0.0
38188,0.0
38189,0.0
38190,0.0
38191,0.0
38192,0.0
38193,0.0
38194,0.0
38195,0.0
38196,0.0
38197,0.0
38198,0.0
38199,0.0
38200,0.0
38201,0.0
38202,0.0
38203,0.0
38204,0.0
38205,0.0
38206,1.2213015502089086e-282
38207,2.3422387488826462e-241
38208,7.56035954105408e-265
38209,1.899218908098204e-308
38210,0.0
38211,0.0
38212,0.0
38213,0.0
38214,0.0
38215,0.0
38216,0.0
38217,1.4432097658264478e-272
38218,3.0282494624118304e-187
38219,1.0484698646676722e-160
38220,1.3925496918936374e-174
38221,1.809416536633176e-260
38222,0.0
38223,0.0
38224,0.0
38225,0.0
38226,0.0
38227,1.2999122816e-314
38228,4.4252126493918665e-279
38229,1.3132770787068121e-286
38230,4.8507415082929507e-296
38231,1.1091719360585735e-292
38232,3.857845500368752e-269
38233,5.004628525417138e-253
38234,8.856918e-317
38235,0.0
38236,0.0
38237,0.0
38238,0.0
38239,0.0
38240,0.0
38241,0.0
38242,0.0
38243,0.0
38244,0.0
38245,0.0
38246,0.0
38247,0.0
38248,0.0
38249,0.0
38250,0.0
38251,0.0
38252,0.0
38253,0.0
38254,0.0
38255,0.0
38256,0.0
38257,0.0
38258,0.0
38259,0.0
38260,0.0
38261,0.0
38262,0.0
38263,0.0
38264,0.0
38265,0.0
38266,0.0
38267,0.0
38268,0.0
38269,0.0
38270,0.0
38271,0.0
38272,2.711233304e-315
38273,5.2958751249455075e-291
38274,0.0
38275,0.0
38276,0.0
38277,0.0
38278,0.0
38279,6.464545873626429e-262
38280,9.847831227176385e-198
38281,1.943522280211412e-193
38282,2.2151096975571594e-249
38283,0.0
38284,0.0
38285,0.0
38286,0.0
38287,0.0
38288,0.0
38289,0.0
38290,0.0
38291,0.0
38292,0.0
38293,0.0
38294,0.0
38295,2.121791017165098e-178
38296,2.0501765640445718e-178
38297,1.1111440187796853e-272
38298,0.0
38299,0.0
38300,0.0
38301,0.0
38302,0.0
38303,0.0
38304,0.0
38305,0.0
38306,0.0
38307,0.0
38308,0.0
38309,0.0
38310,0.0
38311,0.0
38312,0.0
38313,0.0
38314,0.0
38315,0.0
38316,0.0
38317,0.0
38318,0.0
38319,0.0
38320,0.0
38321,0.0
38322,0.0
38323,0.0
38324,0.0
38325,0.0
38326,0.0
38327,0.0
38328,0.0
38329,0.0
38330,0.0
38331,0.0
38332,0.0
38333,0.0
38334,0.0
38335,0.0
38336,0.0
38337,0.0
38338,0.0
38339,0.0
38340,0.0
38341,0.0
38342,0.0
38343,0.0
38344,0.0
38345,0.0
38346,0.0
38347,0.0
38348,0.0
38349,0.0
38350,0.0
38351,0.0
38352,0.0
38353,0.0
38354,1.0586310316121385e-295
38355,8.658123227464691e-257
38356,0.0
38357,0.0
38358,0.0
38359,0.0
38360,0.0
38361,0.0
38362,0.0
38363,0.0
38364,0.0
38365,0.0
38366,0.0
38367,0.0
38368,0.0
38369,0.0
38370,0.0
38371,0.0
38372,0.0
38373,0.0
38374,0.0
38375,0.0
38376,0.0
38377,0.0
38378,0.0
38379,0.0
38380,0.0
38381,0.0
38382,0.0
38383,0.0
38384,0.0
38385,0.0
38386,0.0
38387,0.0
38388,0.0
38389,0.0
38390,0.0
38391,0.0
38392,0.0
38393,0.0
38394,0.0
38395,0.0
38396,0.0
38397,0.0
38398,0.0
38399,1.2180922907428182e-267
38400,8.813283204665161e-184
38401,1.782250741157195e-240
38402,0.0
38403,0.0
38404,0.0
38405,0.0
38406,0.0
38407,0.0
38408,0.0
38409,1.7928410777315056e-236
38410,7.212356901280005e-243
38411,0.0
38412,0.0
38413,0.0
38414,0.0
38415,0.0
38416,0.0
38417,0.0
38418,0.0
38419,0.0
38420,0.0
38421,0.0
38422,0.0
38423,0.0
38424,0.0
38425,0.0
38426,0.0
38427,0.0
38428,0.0
38429,0.0
38430,0.0
38431,0.0
38432,0.0
38433,0.0
38434,0.0
38435,0.0
38436,0.0
38437,1.65e-321
38438,1.5773238683473774e-253
38439,4.219745472610998e-248
38440,0.0
38441,0.0
38442,0.0
38443,0.0
38444,0.0
38445,0.0
38446,0.0
38447,0.0
38448,0.0
38449,0.0
38450,0.0
38451,0.0
38452,0.0
38453,0.0
38454,0.0
38455,0.0
38456,0.0
38457,0.0
38458,0.0
38459,0.0
38460,0.0
38461,0.0
38462,0.0
38463,0.0
38464,0.0
38465,0.0
38466,0.0
38467,0.0
38468,0.0
38469,0.0
38470,0.0
38471,0.0
38472,0.0
38473,0.0
38474,0.0
38475,0.0
38476,5.124367065689544e-225
38477,1.887352613020507e-220
38478,6.007316889360083e-299
38479,0.0
38480,0.0
38481,0.0
38482,0.0
38483,0.0
38484,7.64374504314709e-235
38485,3.437196443576117e-283
38486,0.0
38487,0.0
38488,0.0
38489,0.0
38490,0.0
38491,0.0
38492,0.0
38493,0.0
38494,0.0
38495,0.0
38496,0.0
38497,0.0
38498,0.0
38499,0.0
38500,0.0
38501,0.0
38502,0.0
38503,0.0
38504,0.0
38505,0.0
38506,0.0
38507,0.0
38508,0.0
38509,0.0
38510,0.0
38511,0.0
38512,0.0
38513,0.0
38514,0.0
38515,0.0
38516,0.0
38517,0.0
38518,0.0
38519,0.0
38520,0.0
38521,0.0
38522,0.0
38523,0.0
38524,0.0
38525,0.0
38526,0.0
38527,0.0
38528,0.0
38529,0.0
38530,0.0
38531,0.0
38532,0.0
38533,0.0
38534,0.0
38535,0.0
38536,0.0
38537,0.0
38538,0.0
38539,0.0
38540,0.0
38541,0.0
38542,0.0
38543,0.0
38544,0.0
38545,0.0
38546,0.0
38547,0.0
38548,0.0
38549,0.0
38550,0.0
38551,0.0
38552,0.0
38553,0.0
38554,0.0
38555,0.0
38556,0.0
38557,0.0
38558,1.5760017522985287e-265
38559,1.6831421434922506e-201
38560,1.8212036053806986e-187
38561,6.8445086259520425e-183
38562,1.310551267976209e-177
38563,1.3803350387846627e-173
38564,8.64311074888229e-199
38565,0.0
38566,0.0
38567,0.0
38568,0.0
38569,0.0
38570,0.0
38571,0.0
38572,0.0
38573,0.0
38574,0.0
38575,0.0
38576,0.0
38577,0.0
38578,0.0
38579,0.0
38580,0.0
38581,0.0
38582,0.0
38583,0.0
38584,0.0
38585,0.0
38586,0.0
38587,0.0
38588,0.0
38589,0.0
38590,0.0
38591,0.0
38592,0.0
38593,0.0
38594,0.0
38595,0.0
38596,0.0
38597,0.0
38598,0.0
38599,0.0
38600,0.0
38601,2.4221983431993704e-273
38602,1.8070875396976993e-237
38603,3.117814365004549e-217
38604,3.5487719176919485e-204
38605,3.504404398261273e-202
38606,7.070946264981783e-243
38607,0.0
38608,0.0
38609,0.0
38610,0.0
38611,0.0
38612,0.0
38613,0.0
38614,0.0
38615,0.0
38616,1.0239835742690804e-294
38617,7.525907887852904e-288
38618,1.7507037830074388e-300
38619,2.3527e-320
38620,0.0
38621,0.0
38622,0.0
38623,0.0
38624,0.0
38625,0.0
38626,0.0
38627,0.0
38628,0.0
38629,0.0
38630,0.0
38631,0.0
38632,0.0
38633,0.0
38634,0.0
38635,0.0
38636,0.0
38637,0.0
38638,0.0
38639,0.0
38640,0.0
38641,0.0
38642,0.0
38643,0.0
38644,0.0
38645,0.0
38646,0.0
38647,0.0
38648,0.0
38649,0.0
38650,0.0
38651,0.0
38652,0.0
38653,0.0
38654,0.0
38655,7e-323
38656,3.124005865346215e-282
38657,0.0
38658,0.0
38659,0.0
38660,0.0
38661,0.0
38662,0.0
38663,0.0
38664,1.5507160212352163e-234
38665,8.656511168672253e-294
38666,0.0
38667,0.0
38668,0.0
38669,0.0
38670,0.0
38671,0.0
38672,0.0
38673,0.0
38674,0.0
38675,2.2070622928810423e-279
38676,2.092278513519037e-239
38677,2.0756131366169738e-206
38678,1.1440788068074685e-169
38679,2.1157793152389296e-221
38680,0.0
38681,0.0
38682,0.0
38683,0.0
38684,0.0
38685,0.0
38686,0.0
38687,0.0
38688,0.0
38689,0.0
38690,0.0
38691,0.0
38692,0.0
38693,0.0
38694,0.0
38695,0.0
38696,0.0
38697,0.0
38698,0.0
38699,0.0
38700,0.0
38701,0.0
38702,0.0
38703,0.0
38704,0.0
38705,0.0
38706,0.0
38707,0.0
38708,0.0
38709,0.0
38710,1.382933070672139e-267
38711,1.0868218732727782e-278
38712,0.0
38713,0.0
38714,0.0
38715,0.0
38716,0.0
38717,0.0
38718,0.0
38719,1.4117547968218524e-303
38720,2.395257066421163e-255
38721,3.682899508e-314
38722,0.0
38723,0.0
38724,0.0
38725,3.49704033759354e-310
38726,0.0
38727,0.0
38728,0.0
38729,0.0
38730,0.0
38731,0.0
38732,0.0
38733,0.0
38734,0.0
38735,0.0
38736,0.0
38737,0.0
38738,0.0
38739,0.0
38740,0.0
38741,0.0
38742,0.0
38743,0.0
38744,4.558373172634661e-196
38745,7.652887988531455e-148
38746,2.7021829690234765e-160
38747,7.479634167808941e-247
38748,0.0
38749,0.0
38750,1.0056445228655268e-189
38751,9.771837921313022e-147
38752,1.3688168198124113e-183
38753,5.4730942924715347e-272
38754,0.0
38755,0.0
38756,0.0
38757,0.0
38758,0.0
38759,3.315713105882466e-189
38760,2.137179769135635e-160
38761,2.722685043901974e-139
38762,2.8895246490710926e-153
38763,6.326352594542934e-292
38764,0.0
38765,0.0
38766,0.0
38767,0.0
38768,0.0
38769,0.0
38770,0.0
38771,0.0
38772,0.0
38773,0.0
38774,0.0
38775,0.0
38776,0.0
38777,0.0
38778,0.0
38779,0.0
38780,0.0
38781,0.0
38782,0.0
38783,0.0
38784,0.0
38785,0.0
38786,0.0
38787,0.0
38788,0.0
38789,0.0
38790,0.0
38791,0.0
38792,0.0
38793,0.0
38794,0.0
38795,0.0
38796,0.0
38797,0.0
38798,0.0
38799,0.0
38800,0.0
38801,0.0
38802,0.0
38803,0.0
38804,0.0
38805,0.0
38806,0.0
38807,0.0
38808,2.2715601159625252e-297
38809,5.85089593401251e-233
38810,2.0660380464844835e-214
38811,5.4970480964167666e-245
38812,3.68658743555e-313
38813,0.0
38814,0.0
38815,0.0
38816,0.0
38817,0.0
38818,0.0
38819,0.0
38820,0.0
38821,0.0
38822,0.0
38823,0.0
38824,0.0
38825,0.0
38826,0.0
38827,0.0
38828,0.0
38829,0.0
38830,0.0
38831,0.0
38832,0.0
38833,0.0
38834,0.0
38835,0.0
38836,0.0
38837,0.0
38838,0.0
38839,0.0
38840,0.0
38841,0.0
38842,0.0
38843,0.0
38844,0.0
38845,0.0
38846,0.0
38847,6.868636369249486e-251
38848,6.03023042393569e-151
38849,6.78442673252297e-143
38850,6.16940414364649e-141
38851,3.2163802778882516e-132
38852,1.0508454291458305e-129
38853,1.3231831083428475e-173
38854,2.784252792156312e-217
38855,5.642600925567514e-259
38856,4.099559510348759e-298
38857,8.174181246300255e-294
38858,1.5163254058902067e-267
38859,4.233171311365595e-239
38860,5.628589337000779e-215
38861,6.52042903865476e-201
38862,2.864001663734736e-183
38863,7.577958216836096e-181
38864,2.5475964625141223e-183
38865,1.614226124567366e-227
38866,4.4302865990088555e-285
38867,0.0
38868,0.0
38869,0.0
38870,0.0
38871,0.0
38872,1.556e-321
38873,0.0
38874,0.0
38875,0.0
38876,0.0
38877,0.0
38878,0.0
38879,0.0
38880,0.0
38881,8.033629251944046e-225
38882,2.4965164197590363e-272
38883,0.0
38884,0.0
38885,0.0
38886,0.0
38887,0.0
38888,0.0
38889,0.0
38890,0.0
38891,0.0
38892,0.0
38893,0.0
38894,0.0
38895,0.0
38896,0.0
38897,0.0
38898,0.0
38899,3.3159056207999665e-217
38900,6.909545254355538e-172
38901,1.5167745574011077e-202
38902,5.3388e-319
38903,0.0
38904,0.0
38905,0.0
38906,0.0
38907,0.0
38908,0.0
38909,0.0
38910,0.0
38911,0.0
38912,0.0
38913,0.0
38914,0.0
38915,0.0
38916,0.0
38917,0.0
38918,0.0
38919,0.0
38920,0.0
38921,0.0
38922,0.0
38923,0.0
38924,1.8838593235024238e-291
38925,1.6871169936850348e-200
38926,8.676786067497706e-176
38927,7.25752523806342e-248
38928,0.0
38929,0.0
38930,0.0
38931,0.0
38932,0.0
38933,0.0
38934,7.05617870675811e-303
38935,5.622182728916067e-256
38936,4.4e-323
38937,0.0
38938,0.0
38939,0.0
38940,0.0
38941,0.0
38942,0.0
38943,0.0
38944,0.0
38945,0.0
38946,0.0
38947,0.0
38948,0.0
38949,0.0
38950,0.0
38951,0.0
38952,0.0
38953,0.0
38954,0.0
38955,0.0
38956,0.0
38957,0.0
38958,0.0
38959,0.0
38960,0.0
38961,0.0
38962,8.632702456673522e-294
38963,2.5984007621281175e-273
38964,2.242623351923628e-263
38965,4.06835064006754e-233
38966,7.515765137097503e-223
38967,2.434081175960078e-254
38968,0.0
38969,0.0
38970,0.0
38971,0.0
38972,0.0
38973,0.0
38974,0.0
38975,0.0
38976,0.0
38977,0.0
38978,0.0
38979,0.0
38980,0.0
38981,0.0
38982,0.0
38983,0.0
38984,0.0
38985,0.0
38986,0.0
38987,0.0
38988,0.0
38989,0.0
38990,9.755436115805073e-308
38991,0.0
38992,0.0
38993,0.0
38994,0.0
38995,0.0
38996,0.0
38997,0.0
38998,0.0
38999,0.0
39000,0.0
39001,0.0
39002,0.0
39003,0.0
39004,0.0
39005,0.0
39006,0.0
39007,0.0
39008,0.0
39009,0.0
39010,0.0
39011,0.0
39012,0.0
39013,0.0
39014,0.0
39015,0.0
39016,0.0
39017,0.0
39018,0.0
39019,0.0
39020,0.0
39021,0.0
39022,0.0
39023,0.0
39024,0.0
39025,0.0
39026,0.0
39027,0.0
39028,0.0
39029,0.0
39030,0.0
39031,0.0
39032,0.0
39033,0.0
39034,0.0
39035,0.0
39036,0.0
39037,0.0
39038,0.0
39039,0.0
39040,0.0
39041,0.0
39042,0.0
39043,0.0
39044,0.0
39045,6.617254025e-314
39046,0.0
39047,0.0
39048,0.0
39049,1.0748112410694795e-298
39050,9.03131446673402e-255
39051,2.24447974964134e-297
39052,0.0
39053,0.0
39054,0.0
39055,0.0
39056,0.0
39057,0.0
39058,0.0
39059,0.0
39060,0.0
39061,0.0
39062,0.0
39063,0.0
39064,0.0
39065,0.0
39066,0.0
39067,0.0
39068,0.0
39069,0.0
39070,0.0
39071,0.0
39072,0.0
39073,0.0
39074,0.0
39075,0.0
39076,0.0
39077,0.0
39078,0.0
39079,0.0
39080,0.0
39081,0.0
39082,0.0
39083,0.0
39084,0.0
39085,0.0
39086,1.5108528e-316
39087,4.3095439655650384e-299
39088,1.8854624207235683e-289
39089,2.0656958843880085e-273
39090,1.5306231606794574e-285
39091,0.0
39092,0.0
39093,0.0
39094,0.0
39095,0.0
39096,0.0
39097,0.0
39098,0.0
39099,0.0
39100,0.0
39101,0.0
39102,0.0
39103,0.0
39104,0.0
39105,0.0
39106,0.0
39107,0.0
39108,0.0
39109,0.0
39110,0.0
39111,0.0
39112,0.0
39113,0.0
39114,0.0
39115,0.0
39116,0.0
39117,0.0
39118,0.0
39119,0.0
39120,0.0
39121,0.0
39122,0.0
39123,0.0
39124,0.0
39125,0.0
39126,0.0
39127,0.0
39128,0.0
39129,0.0
39130,0.0
39131,0.0
39132,0.0
39133,0.0
39134,0.0
39135,0.0
39136,0.0
39137,0.0
39138,3.263491494e-314
39139,4.2614035855343735e-250
39140,5.716911481379769e-306
39141,0.0
39142,0.0
39143,0.0
39144,0.0
39145,0.0
39146,0.0
39147,0.0
39148,0.0
39149,0.0
39150,0.0
39151,0.0
39152,0.0
39153,0.0
39154,0.0
39155,0.0
39156,0.0
39157,0.0
39158,0.0
39159,0.0
39160,0.0
39161,0.0
39162,0.0
39163,0.0
39164,0.0
39165,0.0
39166,0.0
39167,0.0
39168,0.0
39169,0.0
39170,0.0
39171,0.0
39172,0.0
39173,0.0
39174,0.0
39175,0.0
39176,0.0
39177,0.0
39178,0.0
39179,0.0
39180,0.0
39181,0.0
39182,0.0
39183,0.0
39184,0.0
39185,0.0
39186,0.0
39187,0.0
39188,0.0
39189,0.0
39190,0.0
39191,0.0
39192,0.0
39193,0.0
39194,0.0
39195,0.0
39196,0.0
39197,0.0
39198,0.0
39199,0.0
39200,0.0
39201,0.0
39202,0.0
39203,0.0
39204,0.0
39205,0.0
39206,0.0
39207,0.0
39208,0.0
39209,0.0
39210,0.0
39211,0.0
39212,0.0
39213,0.0
39214,0.0
39215,0.0
39216,0.0
39217,0.0
39218,0.0
39219,0.0
39220,0.0
39221,0.0
39222,0.0
39223,0.0
39224,0.0
39225,0.0
39226,0.0
39227,0.0
39228,0.0
39229,3.4027083166173814e-220
39230,9.023328656580211e-167
39231,4.40890596700424e-154
39232,1.919867218286653e-164
39233,6.1731628707620555e-168
39234,8.713044973485889e-167
39235,8.042866537398483e-185
39236,2.798147915403909e-245
39237,0.0
39238,0.0
39239,0.0
39240,0.0
39241,0.0
39242,0.0
39243,0.0
39244,0.0
39245,0.0
39246,0.0
39247,0.0
39248,0.0
39249,0.0
39250,0.0
39251,0.0
39252,0.0
39253,0.0
39254,0.0
39255,0.0
39256,0.0
39257,0.0
39258,0.0
39259,0.0
39260,0.0
39261,0.0
39262,1.466768765799307e-298
39263,5.443081259449202e-218
39264,0.0
39265,0.0
39266,0.0
39267,0.0
39268,0.0
39269,0.0
39270,0.0
39271,0.0
39272,0.0
39273,0.0
39274,0.0
39275,0.0
39276,0.0
39277,0.0
39278,0.0
39279,0.0
39280,0.0
39281,0.0
39282,0.0
39283,0.0
39284,0.0
39285,0.0
39286,0.0
39287,0.0
39288,0.0
39289,0.0
39290,0.0
39291,0.0
39292,0.0
39293,0.0
39294,0.0
39295,0.0
39296,0.0
39297,0.0
39298,0.0
39299,0.0
39300,0.0
39301,0.0
39302,0.0
39303,0.0
39304,0.0
39305,2.1428887299930982e-288
39306,0.0
39307,0.0
39308,0.0
39309,0.0
39310,0.0
39311,0.0
39312,0.0
39313,0.0
39314,0.0
39315,0.0
39316,0.0
39317,0.0
39318,0.0
39319,0.0
39320,0.0
39321,0.0
39322,0.0
39323,0.0
39324,0.0
39325,0.0
39326,0.0
39327,0.0
39328,0.0
39329,0.0
39330,0.0
39331,0.0
39332,0.0
39333,0.0
39334,0.0
39335,0.0
39336,0.0
39337,0.0
39338,0.0
39339,0.0
39340,0.0
39341,0.0
39342,0.0
39343,0.0
39344,0.0
39345,0.0
39346,0.0
39347,0.0
39348,0.0
39349,0.0
39350,0.0
39351,0.0
39352,0.0
39353,0.0
39354,0.0
39355,0.0
39356,0.0
39357,0.0
39358,0.0
39359,0.0
39360,0.0
39361,0.0
39362,0.0
39363,0.0
39364,0.0
39365,0.0
39366,0.0
39367,0.0
39368,0.0
39369,0.0
39370,0.0
39371,0.0
39372,0.0
39373,0.0
39374,0.0
39375,0.0
39376,0.0
39377,0.0
39378,0.0
39379,0.0
39380,0.0
39381,0.0
39382,3.9469446427418513e-308
39383,8.472728362607165e-285
39384,1.8803e-319
39385,0.0
39386,0.0
39387,0.0
39388,0.0
39389,0.0
39390,0.0
39391,0.0
39392,0.0
39393,0.0
39394,0.0
39395,0.0
39396,0.0
39397,0.0
39398,0.0
39399,0.0
39400,0.0
39401,0.0
39402,0.0
39403,0.0
39404,0.0
39405,0.0
39406,0.0
39407,0.0
39408,0.0
39409,0.0
39410,0.0
39411,0.0
39412,0.0
39413,0.0
39414,0.0
39415,0.0
39416,0.0
39417,0.0
39418,0.0
39419,1.49e-321
39420,0.0
39421,0.0
39422,0.0
39423,0.0
39424,0.0
39425,0.0
39426,0.0
39427,0.0
39428,2.2183124696223592e-284
39429,8.045712959947527e-245
39430,6.324250029648022e-245
39431,4.198466e-317
39432,0.0
39433,0.0
39434,0.0
39435,0.0
39436,0.0
39437,0.0
39438,0.0
39439,0.0
39440,0.0
39441,0.0
39442,0.0
39443,1.2358894547602465e-278
39444,4.408658659255148e-228
39445,6.01399897043577e-219
39446,2.3878205420657807e-243
39447,4.252201010066285e-277
39448,5.201271746787223e-302
39449,2.284754164315527e-306
39450,1.6435850624280587e-285
39451,6.32398000179536e-253
39452,7.118453021178081e-235
39453,1.5842276131282917e-222
39454,2.1675419173381773e-219
39455,2.0522023842090326e-228
39456,9.360078922040651e-263
39457,1.4264881628e-313
39458,0.0
39459,0.0
39460,5.388176836318505e-296
39461,4.897877537660915e-266
39462,0.0
39463,0.0
39464,0.0
39465,0.0
39466,0.0
39467,0.0
39468,0.0
39469,0.0
39470,0.0
39471,0.0
39472,0.0
39473,0.0
39474,0.0
39475,0.0
39476,0.0
39477,1.0284130947321435e-280
39478,1.44894113048148e-271
39479,0.0
39480,0.0
39481,0.0
39482,0.0
39483,0.0
39484,0.0
39485,0.0
39486,6.561033278799391e-231
39487,7.246497351634005e-190
39488,4.993768699374553e-261
39489,0.0
39490,0.0
39491,0.0
39492,0.0
39493,0.0
39494,0.0
39495,0.0
39496,0.0
39497,0.0
39498,0.0
39499,0.0
39500,0.0
39501,0.0
39502,0.0
39503,0.0
39504,0.0
39505,0.0
39506,0.0
39507,0.0
39508,0.0
39509,0.0
39510,0.0
39511,0.0
39512,0.0
39513,0.0
39514,0.0
39515,0.0
39516,0.0
39517,0.0
39518,0.0
39519,0.0
39520,0.0
39521,0.0
39522,0.0
39523,0.0
39524,6.10616e-319
39525,8.660058695058153e-255
39526,2.772431988697438e-254
39527,2.1221030668037575e-293
39528,0.0
39529,0.0
39530,0.0
39531,0.0
39532,0.0
39533,0.0
39534,0.0
39535,0.0
39536,0.0
39537,0.0
39538,0.0
39539,0.0
39540,0.0
39541,0.0
39542,0.0
39543,0.0
39544,0.0
39545,0.0
39546,0.0
39547,0.0
39548,3.3851257112130897e-308
39549,2.3216852821795135e-207
39550,5.211823270689535e-240
39551,0.0
39552,0.0
39553,0.0
39554,0.0
39555,0.0
39556,0.0
39557,0.0
39558,0.0
39559,0.0
39560,0.0
39561,0.0
39562,0.0
39563,0.0
39564,0.0
39565,9.228e-320
39566,2.14735347167316e-238
39567,2.2227213473586662e-209
39568,1.9436840100471833e-238
39569,0.0
39570,0.0
39571,0.0
39572,0.0
39573,0.0
39574,0.0
39575,0.0
39576,0.0
39577,0.0
39578,0.0
39579,0.0
39580,0.0
39581,0.0
39582,0.0
39583,0.0
39584,0.0
39585,0.0
39586,0.0
39587,0.0
39588,0.0
39589,0.0
39590,0.0
39591,0.0
39592,0.0
39593,0.0
39594,0.0
39595,0.0
39596,0.0
39597,0.0
39598,0.0
39599,0.0
39600,0.0
39601,0.0
39602,0.0
39603,0.0
39604,0.0
39605,0.0
39606,0.0
39607,0.0
39608,0.0
39609,0.0
39610,0.0
39611,0.0
39612,0.0
39613,0.0
39614,0.0
39615,0.0
39616,0.0
39617,0.0
39618,0.0
39619,0.0
39620,0.0
39621,0.0
39622,0.0
39623,0.0
39624,0.0
39625,0.0
39626,0.0
39627,0.0
39628,0.0
39629,0.0
39630,0.0
39631,0.0
39632,0.0
39633,0.0
39634,0.0
39635,0.0
39636,0.0
39637,5.660910677226725e-277
39638,5.495960980641753e-249
39639,1.1708742903693075e-259
39640,1.106701993097322e-286
39641,3.577052841738795e-301
39642,0.0
39643,0.0
39644,0.0
39645,0.0
39646,0.0
39647,1.0965098569067368e-289
39648,5.939152981131585e-223
39649,1.764e-321
39650,0.0
39651,0.0
39652,0.0
39653,0.0
39654,0.0
39655,0.0
39656,0.0
39657,0.0
39658,0.0
39659,0.0
39660,0.0
39661,0.0
39662,0.0
39663,0.0
39664,0.0
39665,0.0
39666,0.0
39667,0.0
39668,0.0
39669,0.0
39670,0.0
39671,0.0
39672,0.0
39673,0.0
39674,0.0
39675,0.0
39676,0.0
39677,2.9423341666598945e-268
39678,1.2845325233460908e-268
39679,0.0
39680,0.0
39681,0.0
39682,0.0
39683,0.0
39684,0.0
39685,0.0
39686,0.0
39687,0.0
39688,0.0
39689,0.0
39690,0.0
39691,0.0
39692,0.0
39693,9.45683913e-316
39694,1.2032653905739523e-247
39695,1.9721341580131143e-291
39696,0.0
39697,0.0
39698,0.0
39699,0.0
39700,0.0
39701,0.0
39702,0.0
39703,0.0
39704,0.0
39705,0.0
39706,0.0
39707,5.371602738650161e-260
39708,1.301534669933604e-163
39709,9.218917329767328e-165
39710,4.120930817434458e-217
39711,4.362445367063943e-279
39712,1.34920344e-315
39713,1.60737094e-316
39714,1.2723448161095238e-280
39715,3.551407009482292e-228
39716,6.51651618503775e-223
39717,7.359491019574074e-239
39718,7.530116504341249e-277
39719,0.0
39720,0.0
39721,0.0
39722,0.0
39723,0.0
39724,0.0
39725,0.0
39726,0.0
39727,0.0
39728,0.0
39729,0.0
39730,0.0
39731,0.0
39732,0.0
39733,0.0
39734,0.0
39735,0.0
39736,0.0
39737,0.0
39738,0.0
39739,0.0
39740,0.0
39741,1.6709738540850106e-308
39742,2.7818631767191463e-190
39743,1.4607877047164263e-206
39744,4.101701382478398e-303
39745,0.0
39746,0.0
39747,0.0
39748,0.0
39749,7.174510255003233e-295
39750,2.233e-321
39751,0.0
39752,0.0
39753,0.0
39754,0.0
39755,0.0
39756,0.0
39757,0.0
39758,0.0
39759,0.0
39760,0.0
39761,0.0
39762,0.0
39763,0.0
39764,0.0
39765,0.0
39766,0.0
39767,0.0
39768,0.0
39769,0.0
39770,0.0
39771,0.0
39772,0.0
39773,0.0
39774,0.0
39775,0.0
39776,0.0
39777,0.0
39778,0.0
39779,0.0
39780,0.0
39781,0.0
39782,0.0
39783,6.46485886e-316
39784,5.449528511565121e-292
39785,4.322848068319614e-300
39786,0.0
39787,0.0
39788,0.0
39789,0.0
39790,0.0
39791,0.0
39792,0.0
39793,3.7905556290882376e-236
39794,3.925616686034691e-170
39795,1.7389714932015443e-163
39796,4.350806716633879e-173
39797,3.176627930794847e-197
39798,1.5257957169680612e-242
39799,1.142870607170092e-302
39800,1.98462e-318
39801,0.0
39802,1.443e-319
39803,0.0
39804,0.0
39805,0.0
39806,8.115302447749924e-300
39807,2.181226992688226e-272
39808,0.0
39809,0.0
39810,0.0
39811,0.0
39812,0.0
39813,0.0
39814,0.0
39815,0.0
39816,0.0
39817,0.0
39818,0.0
39819,0.0
39820,0.0
39821,0.0
39822,0.0
39823,0.0
39824,0.0
39825,0.0
39826,0.0
39827,1.2286460082572322e-286
39828,1.888780095248269e-237
39829,0.0
39830,0.0
39831,0.0
39832,0.0
39833,0.0
39834,0.0
39835,0.0
39836,0.0
39837,0.0
39838,0.0
39839,0.0
39840,0.0
39841,0.0
39842,0.0
39843,1.5807249709680484e-278
39844,4.2132974499590524e-254
39845,1.0735108575004979e-293
39846,0.0
39847,0.0
39848,0.0
39849,0.0
39850,1.8993536087746334e-288
39851,0.0
39852,0.0
39853,0.0
39854,0.0
39855,0.0
39856,0.0
39857,0.0
39858,0.0
39859,0.0
39860,0.0
39861,0.0
39862,0.0
39863,0.0
39864,0.0
39865,0.0
39866,0.0
39867,0.0
39868,0.0
39869,0.0
39870,0.0
39871,0.0
39872,0.0
39873,0.0
39874,0.0
39875,0.0
39876,0.0
39877,0.0
39878,0.0
39879,0.0
39880,0.0
39881,0.0
39882,0.0
39883,0.0
39884,0.0
39885,1.2681724951921946e-273
39886,2.483591145458457e-269
39887,4.560317896e-315
39888,0.0
39889,0.0
39890,0.0
39891,0.0
39892,0.0
39893,1.8922669081800846e-287
39894,4.023191351661566e-281
39895,0.0
39896,0.0
39897,0.0
39898,0.0
39899,0.0
39900,0.0
39901,0.0
39902,0.0
39903,0.0
39904,3.4204162683444377e-264
39905,1.0186573367291691e-221
39906,2.8952184527154525e-206
39907,1.2803897965339866e-220
39908,2.940980539472465e-273
39909,0.0
39910,0.0
39911,5.270435452180334e-257
39912,3.985023071803442e-185
39913,1.0344699723424013e-182
39914,7.579280134138582e-244
39915,7.764558288588937e-305
39916,1e-323
39917,6.404712001351095e-292
39918,5.060494506858425e-240
39919,1.969166931719296e-232
39920,1.4555487015304064e-296
39921,0.0
39922,0.0
39923,0.0
39924,0.0
39925,0.0
39926,7.904785842724509e-297
39927,6.895053990201824e-238
39928,1.845187169135676e-279
39929,0.0
39930,0.0
39931,0.0
39932,7.728355871158675e-293
39933,0.0
39934,0.0
39935,0.0
39936,0.0
39937,0.0
39938,0.0
39939,0.0
39940,0.0
39941,0.0
39942,0.0
39943,0.0
39944,0.0
39945,0.0
39946,0.0
39947,0.0
39948,0.0
39949,3.698541035391026e-281
39950,2.096426886189266e-215
39951,4.8905997309643545e-228
39952,9.364327848610723e-235
39953,1.0109849978274676e-215
39954,2.2002396379563707e-215
39955,7.135085120978817e-244
39956,5.831622671537661e-286
39957,3.252598804e-314
39958,0.0
39959,0.0
39960,0.0
39961,0.0
39962,0.0
39963,0.0
39964,0.0
39965,0.0
39966,0.0
39967,0.0
39968,0.0
39969,0.0
39970,0.0
39971,2.107725704862315e-306
39972,8.348875599919833e-229
39973,1.2430620704885418e-252
39974,3.371655389223163e-302
39975,6.331914570738051e-302
39976,0.0
39977,0.0
39978,0.0
39979,0.0
39980,0.0
39981,0.0
39982,0.0
39983,0.0
39984,0.0
39985,0.0
39986,0.0
39987,0.0
39988,0.0
39989,0.0
39990,0.0
39991,0.0
39992,0.0
39993,0.0
39994,0.0
39995,0.0
39996,0.0
39997,0.0
39998,0.0
39999,0.0
