epoch,loss,residual_loss,ic_loss,grad_norm,update_norm,lr,layer_1_grad_norm,layer_2_grad_norm,layer_3_grad_norm,layer_4_grad_norm,layer_5_grad_norm
0,0.33599110483082617,0.33599110483082617,0.0,2.457833694399368,0.10621073402242467,0.001,0.42058146714414735,0.5955596952986464,0.6664255617077989,0.730576195935988,0.5876692014276741
10,0.06846588801856966,0.06846588801856966,0.0,0.6801951140287403,0.035619458697711326,0.001,0.21359733473411036,0.2507924282131422,0.27599063355553455,0.30149502235537284,0.27758407606556407
20,0.029066561457217237,0.029066561457217237,0.0,0.3411532024543682,0.028116693349843618,0.001,0.024976978813064685,0.03288323065997196,0.04335872110166498,0.05394993735352588,0.051480781880357956
30,0.017463294305390772,0.017463294305390772,0.0,0.22081984285889003,0.019339112024840885,0.001,0.0052201518674897685,0.011075221216393653,0.020253859695453322,0.032122925366509535,0.03471513016829411
40,0.011220489945910038,0.011220489945910038,0.0,0.11041608067033236,0.016596425519079798,0.001,0.04409890653872973,0.054959895821560946,0.05271916614336286,0.049783204280105416,0.04152004165411685
50,0.005342549714325274,0.005342549714325274,0.0,0.13141094332801673,0.01523708018194925,0.001,0.005945348443858671,0.011162341899928808,0.017447333907757514,0.025519177081916436,0.027768798247853804
60,0.0016618647386890861,0.0016618647386890861,0.0,0.03844225401119126,0.014406847946370895,0.001,0.015727458884390803,0.019673755148349483,0.016663096810748398,0.013771378992598176,0.009761086129089772
70,0.00017446729263669348,0.00017446729263669348,0.0,0.034831182790219115,0.010752047499332413,0.001,0.0028966826578596884,0.0046674262878212535,0.005891693114332324,0.007558574305659469,0.008289698445082712
80,4.852488098001292e-05,4.852488098001292e-05,0.0,0.021986490740052007,0.0037914336508347328,0.001,0.0029046595191139835,0.004018021092198626,0.004402259120226304,0.005016792728680432,0.005290845701827251
90,8.306404063479696e-05,8.306404063479696e-05,0.0,0.011477479075512335,0.00163201575540838,0.001,0.0048891980153820385,0.005848555682730003,0.004784819763227416,0.003945569588230909,0.0028169620960908958
100,1.9189427759087438e-05,1.9189427759087438e-05,0.0,0.01134137332675186,0.0026730794600721562,0.001,0.0009290537519579419,0.001451954165870115,0.0018638833074596435,0.0024750118746149114,0.002737570903495496
110,1.1670590743099122e-06,1.1670590743099122e-06,0.0,0.003368035049232815,0.0014654600677443063,0.001,0.0006351296472893442,0.0008492791885613864,0.0008585402175260699,0.0008520157711605729,0.0008269098626301024
120,3.1538101711997506e-06,3.1538101711997506e-06,0.0,0.0018200565447811655,0.0003052066350112635,0.001,0.0004985079562454931,0.0006078596688843402,0.0004772052474746553,0.0004839259745673278,0.00042993438492622076
130,1.3558282912046413e-06,1.3558282912046413e-06,0.0,0.0010078088448678476,0.0005144101179491864,0.001,0.000413223949946272,0.0004956152853626819,0.0003895315562574013,0.00033159979425524563,0.00024175922974653733
140,4.516892518663465e-07,4.516892518663465e-07,0.0,0.0009930853782993121,0.00031704545919983523,0.001,0.00022828016750564716,0.00029689046835154457,0.0002756658977008701,0.0002595291438506061,0.00024389951481807896
150,5.223262225089505e-07,5.223262225089505e-07,0.0,0.0007550707043800679,5.775405672403446e-05,0.001,5.284864885235741e-05,9.066824991750708e-05,0.00012156065798028024,0.00016527214943143757,0.00018093427498422964
160,4.317500430759156e-07,4.317500430759156e-07,0.0,0.00022989380288974327,0.00012705363650249808,0.001,5.934377484321847e-05,7.112855978298273e-05,5.1788976662235345e-05,5.8313549089393056e-05,5.3762720166073556e-05
170,3.9419383658026876e-07,3.9419383658026876e-07,0.0,0.00019003626928267597,6.829429078870856e-05,0.001,3.911462809527637e-05,5.058240851424919e-05,4.812555894143982e-05,4.870159850800563e-05,4.711166981120775e-05
180,3.983847249997145e-07,3.983847249997145e-07,0.0,9.703510842186592e-05,1.8148255210805735e-05,0.001,4.387232199863587e-05,5.1844174014102634e-05,4.0738295387694456e-05,3.336198881496184e-05,2.3629584905268215e-05
190,3.9240007055219553e-07,3.9240007055219553e-07,0.0,4.066128160586147e-05,3.118234748101202e-05,0.001,1.127388036753775e-05,1.232282867032731e-05,9.017467358272249e-06,9.823943860008733e-06,9.23948747024291e-06
200,3.9100158916879264e-07,3.9100158916879264e-07,0.0,3.727766709593456e-05,1.6642066615114183e-05,0.001,1.1534396020656926e-05,1.5447040257106377e-05,1.3940900034161764e-05,1.1794625408466335e-05,9.381192276012922e-06
210,3.9060727294830344e-07,3.9060727294830344e-07,0.0,3.368060725544821e-05,1.3080445331497188e-05,0.001,3.514906998264158e-06,4.8897113786185165e-06,5.1729218095823e-06,6.983395419631657e-06,7.754979733062381e-06
220,3.898371115409619e-07,3.898371115409619e-07,0.0,1.7110607173310304e-05,1.3854523821236691e-05,0.001,4.236082705554691e-06,4.952085502780285e-06,4.147279600145555e-06,3.725003270467097e-06,3.762275718231943e-06
230,3.893479986687705e-07,3.893479986687705e-07,0.0,1.4002398828776317e-05,1.2845183967190963e-05,0.001,3.055761522149437e-06,4.073201262604542e-06,3.892884431470594e-06,3.4766609388570822e-06,3.233458788070113e-06
240,3.888286107435517e-07,3.888286107435517e-07,0.0,9.989047998406538e-06,1.3328254568416e-05,0.001,3.353336020027179e-06,4.0609088644546105e-06,3.2589527005594877e-06,2.4262081994289345e-06,1.9902346735283003e-06
250,3.883033827132765e-07,3.883033827132765e-07,0.0,8.892681554748132e-06,1.3471391332682908e-05,0.001,3.6273144719582794e-06,4.255826770889305e-06,3.1187181825424043e-06,2.044065043036359e-06,1.447506364725852e-06
260,3.8777720293905896e-07,3.8777720293905896e-07,0.0,8.58252923010038e-06,1.3643848351126276e-05,0.001,3.391639777680793e-06,4.152051666123114e-06,3.1394869323176693e-06,2.0909210715531537e-06,1.4045311163455095e-06
270,3.8723769629976244e-07,3.8723769629976244e-07,0.0,8.431468005628998e-06,1.3914331915833073e-05,0.001,3.294363776420728e-06,4.089940264345452e-06,3.189228470659575e-06,2.1378255166451066e-06,1.4346393181141166e-06
280,3.8668889230785945e-07,3.8668889230785945e-07,0.0,8.377425918887132e-06,1.4213074483540676e-05,0.001,3.3476108862465148e-06,4.066540743666014e-06,3.1341213529790656e-06,2.063304503138602e-06,1.397949778983639e-06
290,3.8612938459571866e-07,3.8612938459571866e-07,0.0,8.337372001145115e-06,1.4507967497744883e-05,0.001,3.3916717432334717e-06,4.084929636895487e-06,3.1130503608269322e-06,2.028204411166139e-06,1.3638881869917832e-06
300,3.855594592624455e-07,3.855594592624455e-07,0.0,8.333691678302615e-06,1.4775321242681592e-05,0.001,3.370647465505922e-06,4.085649376225417e-06,3.1223774647119574e-06,2.0462714208935116e-06,1.3711601878262592e-06
310,3.8497926380609386e-07,3.8497926380609386e-07,0.0,8.328748632226132e-06,1.5041483709926616e-05,0.001,3.3492749699682484e-06,4.07831285478455e-06,3.131740471980749e-06,2.061850176320122e-06,1.3815022808083183e-06
320,3.8438888804178446e-07,3.8438888804178446e-07,0.0,8.322780558370688e-06,1.531287813904707e-05,0.001,3.347456496399733e-06,4.071757984873831e-06,3.1284428710775206e-06,2.058001825357221e-06,1.381739029621825e-06
330,3.8378848774197316e-07,3.8378848774197316e-07,0.0,8.315425189693974e-06,1.5581862738781517e-05,0.001,3.351641360726341e-06,4.069626090323947e-06,3.122393200154679e-06,2.0502542164171184e-06,1.3774182182752543e-06
340,3.8317818414389877e-07,3.8317818414389877e-07,0.0,8.308814825280081e-06,1.5845955973223842e-05,0.001,3.3509013662163335e-06,4.0681712247466215e-06,3.1195967208719566e-06,2.047590832521354e-06,1.3749813065053031e-06
350,3.825581060820548e-07,3.825581060820548e-07,0.0,8.30324298063667e-06,1.6106832319236246e-05,0.001,3.3467946576061498e-06,4.065060794631231e-06,3.1183264617096485e-06,2.0471936365266955e-06,1.374594382101579e-06
360,3.819283738697259e-07,3.819283738697259e-07,0.0,8.297648421967087e-06,1.6365559747886358e-05,0.001,3.3430245872703953e-06,4.061204137502548e-06,3.116625874915685e-06,2.0461290355425815e-06,1.3744528470339492e-06
370,3.81289104693006e-07,3.81289104693006e-07,0.0,8.29147074355567e-06,1.6622291590970487e-05,0.001,3.340258348564367e-06,4.057787150221305e-06,3.114479602650035e-06,2.0444735080700065e-06,1.3737953570190318e-06
380,3.80640411317284e-07,3.80640411317284e-07,0.0,8.285101620891013e-06,1.6876758018730673e-05,0.001,3.3377055293263807e-06,4.054651986269591e-06,3.1122169683079636e-06,2.042668085710192e-06,1.3728102039724695e-06
390,3.799824027726751e-07,3.799824027726751e-07,0.0,8.278780260910869e-06,1.712886580831169e-05,0.001,3.334975314481944e-06,4.0513488856293555e-06,3.1099144334276917e-06,2.040794168694645e-06,1.3718109405068546e-06
400,3.793151845499473e-07,3.793151845499473e-07,0.0,8.27232246727287e-06,1.7378880883737435e-05,0.001,3.332171912821294e-06,4.047939147508134e-06,3.107609277982093e-06,2.0389528463916216e-06,1.370890017256343e-06
410,3.7863885884349176e-07,3.7863885884349176e-07,0.0,8.265734579563615e-06,1.7626970270068724e-05,0.001,3.3293056470196904e-06,4.044491645612708e-06,3.1053121277330196e-06,2.0371649541914103e-06,1.3700178084330672e-06
420,3.7795352479524016e-07,3.7795352479524016e-07,0.0,8.259094591758058e-06,1.787315307467164e-05,0.001,3.326321376454388e-06,4.04096180230782e-06,3.1030027620630737e-06,2.035377253884579e-06,1.3691491396827636e-06
430,3.772592786976777e-07,3.772592786976777e-07,0.0,8.252355629022914e-06,1.8117482135022864e-05,0.001,3.3232892799392263e-06,4.037388032282842e-06,3.100661556323408e-06,2.0335672784733415e-06,1.3682589774256847e-06
440,3.7655621419104347e-07,3.7655621419104347e-07,0.0,8.245502132306334e-06,1.8360041721919685e-05,0.001,3.3202495818963724e-06,4.033775504056808e-06,3.098272536386618e-06,2.031714880792435e-06,1.367345686789427e-06
450,3.758444224408632e-07,3.758444224408632e-07,0.0,8.238552651524942e-06,1.8600906251569226e-05,0.001,3.3171779215036653e-06,4.030104431305315e-06,3.095839006419866e-06,2.0298210106269003e-06,1.3664154015263857e-06
460,3.7512399230312526e-07,3.7512399230312526e-07,0.0,8.231505541972658e-06,1.8840133375586806e-05,0.001,3.3140625436680912e-06,4.026385329528304e-06,3.093372847258331e-06,2.027905302060934e-06,1.3654720579327216e-06
470,3.7439501047629157e-07,3.7439501047629157e-07,0.0,8.224363389664198e-06,1.9077777214811844e-05,0.001,3.3108995864899005e-06,4.022614390042971e-06,3.0908744014266794e-06,2.0259678090414955e-06,1.3645172330994471e-06
480,3.7365756164220235e-07,3.7365756164220235e-07,0.0,8.217126251081327e-06,1.9313893587913e-05,0.001,3.307692895363326e-06,4.018790160394963e-06,3.088341417669771e-06,2.0240051083976484e-06,1.3635509595410828e-06
490,3.729117285966645e-07,3.729117285966645e-07,0.0,8.209792743691167e-06,1.9548535139866227e-05,0.001,3.304444537506993e-06,4.0149150806146714e-06,3.0857741435769024e-06,2.022017976494393e-06,1.3625727947546986e-06
500,3.7215759237077503e-07,3.7215759237077503e-07,0.0,8.20236452961581e-06,1.9781750405465054e-05,0.001,3.3011524956771664e-06,4.010987923053017e-06,3.0831727597320096e-06,2.0200062839234664e-06,1.361582547846845e-06
510,3.7139523234374187e-07,3.7139523234374187e-07,0.0,8.194841273850558e-06,2.001358406700778e-05,0.001,3.297817986549757e-06,4.00700995118779e-06,3.0805373309320175e-06,2.017970362140826e-06,1.3605801378209719e-06
520,3.706247263480454e-07,3.706247263480454e-07,0.0,8.187223182070887e-06,2.0244079494344993e-05,0.001,3.294441366090628e-06,4.002980710658568e-06,3.0778676005766765e-06,2.015909759535114e-06,1.3595655824237868e-06
530,3.698461507675809e-07,3.698461507675809e-07,0.0,8.17951043536556e-06,2.0473277693556845e-05,0.001,3.2910228572726753e-06,3.9989004803821525e-06,3.0751636375519643e-06,2.013824657341359e-06,1.3585389551141734e-06
540,3.6905958062932373e-07,3.6905958062932373e-07,0.0,8.171703334848704e-06,2.0701216978049095e-05,0.001,3.287562298265111e-06,3.994769343304979e-06,3.0724256054199107e-06,2.0117153219145073e-06,1.3575003219800897e-06
550,3.68265089689195e-07,3.68265089689195e-07,0.0,8.163802117168626e-06,2.0927933778301767e-05,0.001,3.2840597391194183e-06,3.990587326366561e-06,3.069653539426369e-06,2.009581839892464e-06,1.3564497353623081e-06
560,3.67462750512471e-07,3.67462750512471e-07,0.0,8.155806944597896e-06,2.1153462540776374e-05,0.001,3.2805153492645604e-06,3.986354527435091e-06,3.0668474418154827e-06,2.0074242760358397e-06,1.3553872394199079e-06
570,3.6665263454925395e-07,3.6665263454925395e-07,0.0,8.147718018245797e-06,2.1377835940664806e-05,0.001,3.276929150032228e-06,3.982070971516922e-06,3.0640073487493194e-06,2.005242726452987e-06,1.3543128763976597e-06
580,3.6583481220542235e-07,3.6583481220542235e-07,0.0,8.139535509077479e-06,2.160108486329091e-05,0.001,3.273301194731466e-06,3.9777367353627664e-06,3.061133299546793e-06,2.003037307269324e-06,1.3532266890551145e-06
590,3.650093529093223e-07,3.650093529093223e-07,0.0,8.131259573843969e-06,2.1823238578142815e-05,0.001,3.2696315405204154e-06,3.9733518527962925e-06,3.0582253100494984e-06,2.0008080983297515e-06,1.3521287176416383e-06
600,3.6417632517459957e-07,3.6417632517459957e-07,0.0,8.122890348372487e-06,2.204432483585497e-05,0.001,3.2659202516498295e-06,3.968916368013845e-06,3.0552833938136916e-06,1.998555182903071e-06,1.351018999104447e-06
610,3.633357966594771e-07,3.633357966594771e-07,0.0,8.114427968838296e-06,2.226436993959684e-05,0.001,3.2621673709588924e-06,3.964430312427064e-06,3.052307562360191e-06,1.996278642744867e-06,1.3498975681492502e-06
620,3.62487834222677e-07,3.62487834222677e-07,0.0,8.105872556332885e-06,2.2483398818876596e-05,0.001,3.2583729392934565e-06,3.959893714469949e-06,3.0492978232266296e-06,1.993978557876009e-06,1.3487644572139207e-06
630,3.616325039762657e-07,3.616325039762657e-07,0.0,8.097224221279985e-06,2.2701435116980856e-05,0.001,3.2545369960235487e-06,3.955306595267673e-06,3.0462541782320285e-06,1.991655002939062e-06,1.347619697669675e-06
640,3.607698713356788e-07,3.607698713356788e-07,0.0,8.088483064337008e-06,2.291850125265875e-05,0.001,3.250659574880925e-06,3.950668970734787e-06,3.043176626319339e-06,1.989308051386748e-06,1.3464633200245926e-06
650,3.5990000106705175e-07,3.5990000106705175e-07,0.0,8.079649176457251e-06,2.3134618485057178e-05,0.001,3.2467407039240957e-06,3.9459808519880064e-06,3.0400651637283533e-06,1.9869377756901424e-06,1.3452953535226782e-06
660,3.5902295733210793e-07,3.5902295733210793e-07,0.0,8.070722639881964e-06,2.3349806972291798e-05,0.001,3.2427804075034153e-06,3.941242244693448e-06,3.0369197827643825e-06,1.9845442453447065e-06,1.3441158260127351e-06
670,3.5813880373072807e-07,3.5813880373072807e-07,0.0,8.061703527945552e-06,2.3564085827511012e-05,0.001,3.238778706322685e-06,3.936453149932428e-06,3.0337404724197363e-06,1.982127527809389e-06,1.3429247640837473e-06
680,3.5724760334137883e-07,3.5724760334137883e-07,0.0,8.052591905803832e-06,2.3777473170103305e-05,0.001,3.234735616782054e-06,3.931613564054581e-06,3.0305272187957136e-06,1.9796876889077446e-06,1.3417221932941897e-06
690,3.5634941875955635e-07,3.5634941875955635e-07,0.0,8.043387830722384e-06,2.398998617312305e-05,0.001,3.230651151634453e-06,3.9267234791882854e-06,3.0272800050949715e-06,1.9772247928050722e-06,1.3405081381182096e-06
700,3.5544431213430627e-07,3.5544431213430627e-07,0.0,8.034091352439913e-06,2.420164110847102e-05,0.001,3.2265253201428325e-06,3.921782883158308e-06,3.023998811633095e-06,1.974738901895209e-06,1.3392826219616215e-06
710,3.54532345203047e-07,3.54532345203047e-07,0.0,8.024702513511695e-06,2.4412453388468712e-05,0.001,3.222358128137374e-06,3.916791759774908e-06,3.020683616065375e-06,1.972230077069159e-06,1.3380456672645291e-06
720,3.536135793246851e-07,3.536135793246851e-07,0.0,8.015221349648412e-06,2.4622437605134528e-05,0.001,3.2181495783007215e-06,3.9117500891911585e-06,3.017334393479064e-06,1.969698377796379e-06,1.3367972954522143e-06
730,3.526880755112573e-07,3.526880755112573e-07,0.0,8.00564789009633e-06,2.4831607566764365e-05,0.001,3.2138996701000106e-06,3.906657847762605e-06,3.013951116516612e-06,1.9671438621769014e-06,1.3355375270794773e-06
740,3.5175589445805393e-07,3.5175589445805393e-07,0.0,7.995982157920384e-06,2.503997633213372e-05,0.001,3.2096084000174532e-06,3.901515008341261e-06,3.0105337554771586e-06,1.9645665870389553e-06,1.3342663818194633e-06
750,3.5081709657243023e-07,3.5081709657243023e-07,0.0,7.986224170215977e-06,2.5247556242922346e-05,0.001,3.205275761854832e-06,3.89632154064789e-06,3.0070822784206284e-06,1.9619666080598776e-06,1.3329838784639142e-06
760,3.4987174200128565e-07,3.4987174200128565e-07,0.0,7.976373938556509e-06,2.54543589537707e-05,0.001,3.2009017465425385e-06,3.891077411003817e-06,3.003596651284559e-06,1.9593439797797624e-06,1.3316900350549822e-06
770,3.489198906573887e-07,3.489198906573887e-07,0.0,7.966431469154497e-06,2.5660395460811882e-05,0.001,3.1964863425445e-06,3.885782582873973e-06,3.000076837952675e-06,1.956698755722668e-06,1.330384868798019e-06
780,3.4796160224450817e-07,3.4796160224450817e-07,0.0,7.956396763234724e-06,2.5865676128250017e-05,0.001,3.1920295357441424e-06,3.880437016734211e-06,2.996522800399453e-06,1.9540309884831036e-06,1.3290683962110256e-06
790,3.4699693628149295e-07,3.4699693628149295e-07,0.0,7.946269817161537e-06,2.6070210713657714e-05,0.001,3.187531309764137e-06,3.875040670433412e-06,2.9929344987874325e-06,1.9513407298436432e-06,1.3277406331175183e-06
800,3.4602595212532537e-07,3.4602595212532537e-07,0.0,7.936050622851698e-06,2.62740083915205e-05,0.001,3.182991645974738e-06,3.869593499148385e-06,2.989311891448586e-06,1.9486280306560763e-06,1.326401594583042e-06
810,3.450487089932092e-07,3.450487089932092e-07,0.0,7.925739167869961e-06,2.6477077775601274e-05,0.001,3.178410523627726e-06,3.864095455654817e-06,2.985654935138884e-06,1.945892941176194e-06,1.325051295110883e-06
820,3.440652659837499e-07,3.440652659837499e-07,0.0,7.915335435848287e-06,2.667942694010105e-05,0.001,3.17378791993921e-06,3.858546490393621e-06,2.9819635849852857e-06,1.943135510920674e-06,1.323689748506457e-06
830,3.4307568209724153e-07,3.4307568209724153e-07,0.0,7.904839406537359e-06,2.6881063439324685e-05,0.001,3.169123810191803e-06,3.852946551539968e-06,2.978237794698398e-06,1.940355788894985e-06,1.3223169680942317e-06
840,3.4208001625516895e-07,3.4208001625516895e-07,0.0,7.894251056225475e-06,2.7081994326736765e-05,0.001,3.1644181678686603e-06,3.847295585200509e-06,2.9744775164837763e-06,1.9375538234382203e-06,1.3209329664960126e-06
850,3.4107832731888196e-07,3.4107832731888196e-07,0.0,7.88357035778892e-06,2.7282226172358186e-05,0.001,3.159670964737456e-06,3.841593535616394e-06,2.9706827013355403e-06,1.934729662605091e-06,1.3195377559087983e-06
860,3.4007067410756933e-07,3.4007067410756933e-07,0.0,7.87279728105474e-06,2.74817650799255e-05,0.001,3.154882170939417e-06,3.835840345096194e-06,2.9668532989277545e-06,1.931883353910129e-06,1.318131347937086e-06
870,3.3905711541547764e-07,3.3905711541547764e-07,0.0,7.861931792895404e-06,2.7680616702544953e-05,0.001,3.1500517550781974e-06,3.830035954227335e-06,2.962989257839146e-06,1.9290149446248508e-06,1.3167137537885712e-06
880,3.380377100284933e-07,3.380377100284933e-07,0.0,7.850973857524959e-06,2.7878786257805204e-05,0.001,3.1451796843923338e-06,3.824180302059485e-06,2.9590905255134057e-06,1.926124481679788e-06,1.3152849841225454e-06
890,3.370125167400385e-07,3.370125167400385e-07,0.0,7.839923436777719e-06,2.8076278542217815e-05,0.001,3.140265924638095e-06,3.818273326039198e-06,2.955157048385511e-06,1.9232120117712694e-06,1.3138450491635441e-06
900,3.359815943663807e-07,3.359815943663807e-07,0.0,7.828780490030257e-06,2.827309794439857e-05,0.001,3.1353104404912923e-06,3.8123149623941754e-06,2.951188772050682e-06,1.920277581585422e-06,1.3123939588252348e-06
910,3.349450017613429e-07,3.349450017613429e-07,0.0,7.81754497480261e-06,2.8469248458364723e-05,0.001,3.130313195340541e-06,3.806305145885688e-06,2.9471856410991522e-06,1.9173212374587595e-06,1.3109317224648977e-06
920,3.339027978304051e-07,3.339027978304051e-07,0.0,7.806216846605936e-06,2.8664733695429293e-05,0.001,3.1252741515667145e-06,3.8002438102519647e-06,2.943147599447562e-06,1.9143430258657568e-06,1.3094583491846626e-06
930,3.3285504154436075e-07,3.3285504154436075e-07,0.0,7.79479605937307e-06,2.8859556895974782e-05,0.001,3.120193270521645e-06,3.794130888081656e-06,2.939074590248837e-06,1.9113429931901557e-06,1.3079738476850941e-06
940,3.318017919523184e-07,3.318017919523184e-07,0.0,7.783282565497943e-06,2.9053720940428115e-05,0.001,3.115070512685083e-06,3.7879663110483036e-06,2.9349665560450428e-06,1.9083211859247204e-06,1.306478226373416e-06
950,3.3074310819432117e-07,3.3074310819432117e-07,0.0,7.771676316223313e-06,2.924722835977034e-05,0.001,3.1099058376356656e-06,3.7817500099435966e-06,2.9308234387553243e-06,1.9052776506008134e-06,1.3049714932661266e-06
960,3.296790495133974e-07,3.296790495133974e-07,0.0,7.759977261461543e-06,2.9440081345641997e-05,0.001,3.1046992043580635e-06,3.7754819148986494e-06,2.926645179917737e-06,1.9022124340838844e-06,1.3034536562501535e-06
970,3.2860967526720455e-07,3.2860967526720455e-07,0.0,7.74818535043534e-06,2.9632281759724896e-05,0.001,3.0994505711249192e-06,3.7691619553324355e-06,2.922431720486613e-06,1.8991255832303454e-06,1.3019247227537755e-06
980,3.27535044939183e-07,3.27535044939183e-07,0.0,7.736300531597413e-06,2.9823831143082837e-05,0.001,3.0941598955792797e-06,3.7627900601141277e-06,2.918183001143893e-06,1.8960171452904169e-06,1.300384700054812e-06
990,3.26455218149295e-07,3.26455218149295e-07,0.0,7.724322752793893e-06,3.0014730724677413e-05,0.001,3.0888271349586545e-06,3.7563661576927536e-06,2.9138989622861176e-06,1.89288716783607e-06,1.2988335952251953e-06
1000,3.25370254664336e-07,3.25370254664336e-07,0.0,7.712251961672141e-06,2.7184483286683435e-05,0.0009000000000000001,3.083452245951893e-06,3.7498901760965552e-06,2.909579544059653e-06,1.8897356987634414e-06,1.2972714150841587e-06
1010,3.2438911635562364e-07,3.2438911635562364e-07,0.0,7.701299622053638e-06,2.735697668400022e-05,0.0009000000000000001,3.0785755374788355e-06,3.7440144224388292e-06,2.905665382254029e-06,1.8868867006844989e-06,1.295860712314242e-06
1020,3.234032001922283e-07,3.234032001922283e-07,0.0,7.69027139559892e-06,2.7530658284472172e-05,0.0009000000000000001,3.0736630274422386e-06,3.7380932817443555e-06,2.9017136749118178e-06,1.8840102769833081e-06,1.2944339081366288e-06
1030,3.224125145675965e-07,3.224125145675965e-07,0.0,7.67915795190511e-06,2.7704447355526905e-05,0.0009000000000000001,3.0687118119097207e-06,3.7321247571501922e-06,2.897730964222357e-06,1.8811153030947565e-06,1.292997245511641e-06
1040,3.214170934533754e-07,3.214170934533754e-07,0.0,7.667959002951086e-06,2.7877966006382143e-05,0.0009000000000000001,3.063723373415288e-06,3.726109845994105e-06,2.8937174011593263e-06,1.878202453121623e-06,1.2915522695043308e-06
1050,3.2041697990929554e-07,3.2041697990929554e-07,0.0,7.65667735252221e-06,2.8051079016090054e-05,0.0009000000000000001,3.058696541406441e-06,3.7200474461729166e-06,2.889670498728971e-06,1.875268204914011e-06,1.2900954741165566e-06
1060,3.1941222029226875e-07,3.1941222029226875e-07,0.0,7.64531053130135e-06,2.822374145068761e-05,0.0009000000000000001,3.053631443926614e-06,3.7139378935802136e-06,2.8855922700185437e-06,1.8723155699699394e-06,1.2886295189026764e-06
1070,3.184028622259368e-07,3.184028622259368e-07,0.0,7.633859596254018e-06,2.8395935204298048e-05,0.0009000000000000001,3.0485281203732337e-06,3.707781076913546e-06,2.8814817047890916e-06,1.8693432634882317e-06,1.28715331067615e-06
1080,3.173889538917189e-07,3.173889538917189e-07,0.0,7.622324216019259e-06,2.8567655414315962e-05,0.0009000000000000001,3.0433863650246494e-06,3.7015768056233784e-06,2.8773389147547422e-06,1.8663515300652982e-06,1.2856669428394905e-06
1090,3.16370543784163e-07,3.16370543784163e-07,0.0,7.61070418411696e-06,2.8738899025714312e-05,0.0009000000000000001,3.038206311181282e-06,3.6953251597266957e-06,2.8731639700135604e-06,1.8633406186528165e-06,1.2841706881494688e-06
1100,3.153476806293077e-07,3.153476806293077e-07,0.0,7.598999633336461e-06,2.890966505424585e-05,0.0009000000000000001,3.0329877944179836e-06,3.6890259366942335e-06,2.868956614457259e-06,1.86031026359471e-06,1.2826642296065126e-06
1110,3.143204133601229e-07,3.143204133601229e-07,0.0,7.587210349094222e-06,2.9079952361270006e-05,0.0009000000000000001,3.027730844961441e-06,3.682679144504562e-06,2.8647169240548745e-06,1.857260709204034e-06,1.2811477874129992e-06
1120,3.1328879111193665e-07,3.1328879111193665e-07,0.0,7.5753363393338215e-06,2.9249759899839197e-05,0.0009000000000000001,3.0224353583771497e-06,3.676284662334286e-06,2.86044477713528e-06,1.8541918960375392e-06,1.279621253442036e-06
1130,3.122528632246395e-07,3.122528632246395e-07,0.0,7.563377513368056e-06,2.9419086481847055e-05,0.0009000000000000001,3.0171013114438665e-06,3.669842438833104e-06,2.8561401370916954e-06,1.8511038991454362e-06,1.2780846739909196e-06
1140,3.112126792471972e-07,3.112126792471972e-07,0.0,7.551333803647487e-06,2.9587930709487706e-05,0.0009000000000000001,3.0117286453149386e-06,3.6633523910722758e-06,2.8518029442201795e-06,1.8479967538370461e-06,1.276538041536537e-06
1150,3.1016828894279406e-07,3.1016828894279406e-07,0.0,7.539205154623892e-06,2.975629104473047e-05,0.0009000000000000001,3.006317317797749e-06,3.656814449586887e-06,2.8474331318351733e-06,1.844870489162647e-06,1.2749813510071046e-06
1160,3.091197422940451e-07,3.091197422940451e-07,0.0,7.526991492300931e-06,2.992416573269604e-05,0.0009000000000000001,3.0008672805028185e-06,3.6502285412133438e-06,2.8430306493520356e-06,1.8417251558470621e-06,1.2734146121940758e-06
1170,3.0806708950810516e-07,3.0806708950810516e-07,0.0,7.514692761987292e-06,3.0091552861643412e-05,0.0009000000000000001,2.9953784858527376e-06,3.6435945934037704e-06,2.838595432883356e-06,1.8385607864802619e-06,1.2718378193589695e-06
1180,3.070103810216271e-07,3.070103810216271e-07,0.0,7.50230889776247e-06,3.02584503262343e-05,0.0009000000000000001,2.9898508869212397e-06,3.6369125353114677e-06,2.83412742939664e-06,1.83537742906777e-06,1.2702509792519678e-06
1190,3.05949667505476e-07,3.05949667505476e-07,0.0,7.489839843075125e-06,3.0424855855647714e-05,0.0009000000000000001,2.98428443730882e-06,3.6301822958606814e-06,2.8296265793175407e-06,1.8321751224598194e-06,1.268654089941293e-06
1200,3.048849998692583e-07,3.048849998692583e-07,0.0,7.47728553849238e-06,3.0590767001920056e-05,0.0009000000000000001,2.9786790918087077e-06,3.6234038056850583e-06,2.825092827672193e-06,1.828953912150094e-06,1.2670471547629665e-06
1210,3.0381642926566097e-07,3.0381642926566097e-07,0.0,7.4646459290947065e-06,3.075618115157899e-05,0.0009000000000000001,2.9730348050882766e-06,3.6165769956135016e-06,2.820526117869646e-06,1.8257138413350404e-06,1.2654301740649555e-06
1220,3.0274400709457107e-07,3.0274400709457107e-07,0.0,7.45192096045774e-06,3.092109552370201e-05,0.0009000000000000001,2.967351533026932e-06,3.609701797955045e-06,2.8159263953368236e-06,1.822454956123465e-06,1.2638031501505e-06
1230,3.016677850069788e-07,3.016677850069788e-07,0.0,7.4391105811645605e-06,3.108550717584598e-05,0.0009000000000000001,2.9616292319132527e-06,3.602778145705993e-06,2.81129360542554e-06,1.8191773024384852e-06,1.2621660842689285e-06
1240,3.005878149087225e-07,3.005878149087225e-07,0.0,7.426214741664018e-06,3.1249413005121725e-05,0.0009000000000000001,2.9558678590671616e-06,3.5958059732321018e-06,2.806627694701328e-06,1.815880927872254e-06,1.2605189783913968e-06
1250,2.995041489639839e-07,2.995041489639839e-07,0.0,7.413233395074611e-06,3.1412809751940797e-05,0.0009000000000000001,2.9500673724823532e-06,3.5887852158988922e-06,2.8019286103619694e-06,1.8125658807665078e-06,1.2588618342962478e-06
1260,2.984168395986606e-07,2.984168395986606e-07,0.0,7.400166496872225e-06,3.1575694002210275e-05,0.0009000000000000001,2.944227731399652e-06,3.5817158106053617e-06,2.797196300595895e-06,1.8092322107323942e-06,1.2571946540418727e-06
1270,2.9732593950344326e-07,2.9732593950344326e-07,0.0,7.3870140054585985e-06,3.173806219025214e-05,0.0009000000000000001,2.9383488957951817e-06,3.5745976954200253e-06,2.7924307144788133e-06,1.8058799684113905e-06,1.2555174397232843e-06
1280,2.9623150163679116e-07,2.9623150163679116e-07,0.0,7.373775881936408e-06,3.189991060124314e-05,0.0009000000000000001,2.9324308269404855e-06,3.5674308100051755e-06,2.7876318021207066e-06,1.802509205677526e-06,1.2538301936411295e-06
1290,2.9513357922767995e-07,2.9513357922767995e-07,0.0,7.360452090512487e-06,3.2061235373742364e-05,0.0009000000000000001,2.926473487151754e-06,3.560215095519568e-06,2.782799514698832e-06,1.7991199756210676e-06,1.2521329182517653e-06
2550,0.0029999759567145502,0.0029999759567145502,0.0,0.2715542266956452,0.10620388190726048,0.001,0.0772082527290477,0.11052966680400236,0.10535221197415508,0.08346727619380977,0.07116761592060918
2560,0.0017320380013048958,0.0017320380013048958,0.0,0.1846815096538699,0.017089260057099955,0.001,0.05042817848515603,0.075338297984166,0.07340921891793291,0.06103498451313896,0.05277345359964321
2570,8.788199555933605e-05,8.788199555933605e-05,0.0,0.05561631015669331,0.012257301211975682,0.001,0.017742849781485746,0.02410576191696847,0.018706804856647438,0.015449396572356163,0.013539456019320615
2580,0.0002217128728241429,0.0002217128728241429,0.0,0.05760071646349052,0.005964705916855603,0.001,0.013763704064317175,0.021151323938784397,0.023539532448092364,0.019837096369599565,0.017116684974963162
2590,5.728262459021817e-05,5.728262459021817e-05,0.0,0.032581377029028295,0.0031476194630984814,0.001,0.009563606940444516,0.012950701094202646,0.012434154027418107,0.010288962064062674,0.008646180967023995
2600,7.394188307874421e-06,7.394188307874421e-06,0.0,0.013374158581073053,0.0030637875245370753,0.001,0.004131545887739269,0.005809222821822119,0.005127726510869714,0.0038550814837682986,0.003211664427806578
2610,6.694312356061256e-06,6.694312356061256e-06,0.0,0.010838850008100412,0.0018690844685277472,0.001,0.002912034223346289,0.004173213635027216,0.0040158109820577275,0.0035214481834268244,0.0031486235547712716
2620,4.0601286565270655e-06,4.0601286565270655e-06,0.0,0.007704384941729997,0.0008338831597221487,0.001,0.0019477555278045768,0.002836233129177928,0.0030843936421389075,0.0025921419987496017,0.002216250046755501
2630,1.7881512902397093e-06,1.7881512902397093e-06,0.0,0.005124261640144364,0.00042473189096340534,0.001,0.0012312285760375525,0.0018538257178705815,0.0021345129573948304,0.0016858005498897515,0.0014530568370195065
2640,6.672328866756157e-07,6.672328866756157e-07,0.0,0.00302170657108166,0.00036265816692743994,0.001,0.0007802843649128167,0.0011184132736906185,0.0011483923931916433,0.0010074989135289102,0.0009043677487394607
2650,3.0236028237386714e-07,3.0236028237386714e-07,0.0,0.001852647463741159,0.00018386657544453307,0.001,0.0004745070186203846,0.0006929505271762895,0.0006891743502213128,0.0006027051746435917,0.0005384690323371272
2660,1.4428908393007316e-07,1.4428908393007316e-07,0.0,0.00077873902589066,0.00016415922734973215,0.001,0.00017582191696311722,0.00025766749829223993,0.00031761509353310237,0.0002628873500690767,0.00023431459835408994
2670,1.0651520556729742e-07,1.0651520556729742e-07,0.0,0.0004004435251598446,9.973921826164876e-05,0.001,0.00013187442186316206,0.00016522055060354173,0.0001335281650939132,0.0001135756511439388,9.638769844928511e-05
2680,1.0353657298974464e-07,1.0353657298974464e-07,0.0,0.0002845319264206507,5.1653120555378385e-05,0.001,8.253664064647817e-05,0.0001170981449521924,0.00010105804667404732,8.49544259100672e-05,7.455733116325347e-05
2690,1.0320402097842141e-07,1.0320402097842141e-07,0.0,0.0002477329599189353,2.8027290683867864e-05,0.001,6.992780865480421e-05,9.438756299433369e-05,9.014745143555639e-05,8.02701646614243e-05,7.270523130956802e-05
2700,1.0028777988004605e-07,1.0028777988004605e-07,0.0,0.00012389783432719656,2.659728204938627e-05,0.001,3.5003195870513314e-05,4.98604644722959e-05,4.637152957601633e-05,4.04829981833587e-05,3.57630126017207e-05
2710,9.923487138124519e-08,9.923487138124519e-08,0.0,3.747933145906093e-05,1.9678662389080025e-05,0.001,9.759897621763955e-06,1.4865561014202734e-05,1.3666318152517038e-05,1.0383664527026661e-05,9.225050012500018e-06
2720,9.907187232100419e-08,9.907187232100419e-08,0.0,4.88520070068874e-05,1.619106114303965e-05,0.001,1.0774243965561141e-05,1.6893822331727532e-05,1.9031518433339696e-05,1.6129343246688865e-05,1.4184263104013467e-05
2730,9.866998759221817e-08,9.866998759221817e-08,0.0,1.9344100765618014e-05,1.707062585600369e-05,0.001,7.729592526109551e-06,8.318118778280137e-06,6.085508198622423e-06,5.557565444686997e-06,4.792993331924015e-06
2740,9.840510594980082e-08,9.840510594980082e-08,0.0,1.8438047070048284e-05,1.6863372828951916e-05,0.001,6.745184314924229e-06,7.545734151561996e-06,7.408357113541193e-06,6.1163624548011585e-06,4.9550822036889395e-06
2750,9.81110936741388e-08,9.81110936741388e-08,0.0,6.943356604022655e-06,1.7174154891832913e-05,0.001,2.8131801590918384e-06,2.7391399229145943e-06,2.3994736120352832e-06,1.9324670943067818e-06,1.6236465242500657e-06
2760,9.782872677001126e-08,9.782872677001126e-08,0.0,8.527505586138005e-06,1.754526205761629e-05,0.001,2.2437816306139304e-06,2.746737688800224e-06,2.962249591834417e-06,2.2823209374712622e-06,2.1299901002768633e-06
2770,9.753625290145366e-08,9.753625290145366e-08,0.0,5.2753243252567765e-06,1.7988202932450088e-05,0.001,3.2240037777073297e-06,2.3994330424491503e-06,1.83420092192211e-06,1.519929501856447e-06,9.783923026490496e-07
2780,9.723967917185546e-08,9.723967917185546e-08,0.0,4.898730689497178e-06,1.8406442745715537e-05,0.001,2.960553349776687e-06,2.228684308267525e-06,1.7871933528906768e-06,1.4365682912716388e-06,9.383645723458316e-07
2790,9.693678666644802e-08,9.693678666644802e-08,0.0,5.034685756982899e-06,1.8816712090951493e-05,0.001,2.549043335753198e-06,1.9008684589579507e-06,1.6512474179953625e-06,1.2476957489029803e-06,9.724013582756167e-07
2800,9.662785940367506e-08,9.662785940367506e-08,0.0,4.791578846961847e-06,1.9198738653340805e-05,0.001,2.778727386384009e-06,1.9794281395977416e-06,1.6454288945214849e-06,1.2804854790406815e-06,8.694555305569181e-07
2810,9.631311858582474e-08,9.631311858582474e-08,0.0,4.735265096019688e-06,1.959333844283482e-05,0.001,2.689737800629429e-06,1.9631807859605144e-06,1.6208505715703972e-06,1.2467321011791233e-06,8.648445354253978e-07
2820,9.599264386829429e-08,9.599264386829429e-08,0.0,4.774560245981943e-06,1.997848270535791e-05,0.001,2.703033671649431e-06,1.9342441038984233e-06,1.6088206308389178e-06,1.2434259799360978e-06,8.7083682082821e-07
2830,9.566658489747022e-08,9.566658489747022e-08,0.0,4.714848909833195e-06,2.035421390039978e-05,0.001,2.701415083706147e-06,1.9561973282887947e-06,1.6077219996423916e-06,1.2412378914835478e-06,8.549294646554011e-07
2840,9.533509112557922e-08,9.533509112557922e-08,0.0,4.724133148175586e-06,2.0721618343048165e-05,0.001,2.7013493960191513e-06,1.942481812764422e-06,1.6018910953652883e-06,1.2385019389099932e-06,8.56665300793233e-07
2850,9.49983017308054e-08,9.49983017308054e-08,0.0,4.7072015370916155e-06,2.1085123080556603e-05,0.001,2.6880890542601497e-06,1.9399310410906284e-06,1.5983387087254058e-06,1.23380894108055e-06,8.540143916917112e-07
2860,9.465635190269416e-08,9.465635190269416e-08,0.0,4.697904882478174e-06,2.144082618667617e-05,0.001,2.6877642904648108e-06,1.9372892537231755e-06,1.5964436087647605e-06,1.2333387626130356e-06,8.520822644068909e-07
2870,9.43093730773189e-08,9.43093730773189e-08,0.0,4.690298642607395e-06,2.1791581591204777e-05,0.001,2.6797576355350744e-06,1.931478262876002e-06,1.5930074520336708e-06,1.2301969412313945e-06,8.513007495811573e-07
2880,9.395749284101434e-08,9.395749284101434e-08,0.0,4.678709509400177e-06,2.213566776709101e-05,0.001,2.6733888092396524e-06,1.9283033892762523e-06,1.5902833789779208e-06,1.2277922708330938e-06,8.493927136058825e-07
2890,9.36008351042118e-08,9.36008351042118e-08,0.0,4.670187314225929e-06,2.2474343204842366e-05,0.001,2.6672620754188646e-06,1.9233010067274305e-06,1.5871111172740903e-06,1.2252620052742346e-06,8.482067223078677e-07
2900,9.323952035008664e-08,9.323952035008664e-08,0.0,4.659377870855637e-06,2.2807709664614834e-05,0.001,2.6620231847171e-06,1.9197743419391514e-06,1.5843190378868248e-06,1.2231298208548982e-06,8.463798191534798e-07
2910,9.287366586986506e-08,9.287366586986506e-08,0.0,4.649611522332023e-06,2.3135828786236937e-05,0.001,2.6550149686651293e-06,1.9150750761363925e-06,1.5810196287794522e-06,1.2203146037851321e-06,8.449696446962832e-07
2920,9.250338599160974e-08,9.250338599160974e-08,0.0,4.639031961066579e-06,2.345873854637496e-05,0.001,2.6488706182363845e-06,1.9109771049137922e-06,1.5779167629728535e-06,1.2178153486324937e-06,8.432811854505338e-07
2930,9.212879227537575e-08,9.212879227537575e-08,0.0,4.628656457392226e-06,2.377678546988807e-05,0.001,2.642497357670419e-06,1.9065759384379826e-06,1.5747001457159215e-06,1.2152139437072834e-06,8.41668815147854e-07
2940,9.174999369180958e-08,9.174999369180958e-08,0.0,4.61804128493302e-06,2.4090029812998683e-05,0.001,2.636122930252578e-06,1.9022067875015036e-06,1.5714804953488346e-06,1.2126181143408938e-06,8.40002084567118e-07
2950,9.136709678373917e-08,9.136709678373917e-08,0.0,4.6073087068617315e-06,2.439860966303846e-05,0.001,2.6295919706169857e-06,1.8977448147036616e-06,1.568214087019606e-06,1.2099689834995064e-06,8.383271997730972e-07
2960,9.098020581249036e-08,9.098020581249036e-08,0.0,4.596478092241502e-06,2.470265441485039e-05,0.001,2.622922368346771e-06,1.8931876372291204e-06,1.5648947352163611e-06,1.207267383960133e-06,8.366459705316263e-07
2970,9.058942289090936e-08,9.058942289090936e-08,0.0,4.585468302395393e-06,2.5002280941151272e-05,0.001,2.616226784044484e-06,1.8886259272577449e-06,1.5615482156430622e-06,1.2045521628018774e-06,8.349254546074766e-07
2980,9.019484810458329e-08,9.019484810458329e-08,0.0,4.574370376317983e-06,2.5297592252164722e-05,0.001,2.6094262558124317e-06,1.883986346604408e-06,1.5581496676025702e-06,1.2017919848628507e-06,8.331955493619251e-07
2990,8.979657962232945e-08,8.979657962232945e-08,0.0,4.563128034983696e-06,2.5588689810400562e-05,0.001,2.602570201402169e-06,1.8793130880353496e-06,1.5547191616525695e-06,1.199009090973252e-06,8.314385813399188e-07
3000,8.939471379724833e-08,8.939471379724833e-08,0.0,4.551770107294879e-06,2.5875671656896857e-05,0.001,2.5956335566478425e-06,1.8745837023726212e-06,1.5512498289045344e-06,1.1961940490876476e-06,8.296640948869996e-07
3010,8.898934525920856e-08,8.898934525920856e-08,0.0,4.540294870861513e-06,2.6158626387034014e-05,0.001,2.5886227675246084e-06,1.8698042549434643e-06,1.5477419226043223e-06,1.19334817898862e-06,8.278705118651578e-07
3020,8.858056699970336e-08,8.858056699970336e-08,0.0,4.528697177357965e-06,2.6437638354435793e-05,0.001,2.581545841917396e-06,1.864981691144651e-06,1.5441980538814661e-06,1.1904745776099568e-06,8.260556653442873e-07
3030,8.816847044972202e-08,8.816847044972202e-08,0.0,4.516985642172863e-06,2.6712787554100816e-05,0.001,2.5743967194376623e-06,1.8601101520646468e-06,1.54061738626937e-06,1.187571411136055e-06,8.242223850378776e-07
3040,8.775314555142617e-08,8.775314555142617e-08,0.0,4.505159961719062e-06,2.698414933662967e-05,0.001,2.5671788703422474e-06,1.8551925937208722e-06,1.5370008129643746e-06,1.1846398146300382e-06,8.2237009098538e-07
3050,8.733468082416271e-08,8.733468082416271e-08,0.0,4.493220983106994e-06,2.7251794900677884e-05,0.001,2.55989422600998e-06,1.8502307637837107e-06,1.5333489952415598e-06,1.1816804589916241e-06,8.20498670771753e-07
3060,8.691316342533372e-08,8.691316342533372e-08,0.0,4.481171642408142e-06,2.75157916913918e-05,0.001,2.552542102939924e-06,1.8452240401499592e-06,1.529662188278291e-06,1.1786932505483902e-06,8.186088892790628e-07
3070,8.648867920664182e-08,8.648867920664182e-08,0.0,4.46901338856942e-06,2.7776203682451998e-05,0.001,2.545124124177983e-06,1.8401735993860882e-06,1.5259408927305866e-06,1.1756787222382432e-06,8.167008283814754e-07
3080,8.606131276603404e-08,8.606131276603404e-08,0.0,4.456747779730352e-06,2.8033091468065117e-05,0.001,2.5376418373683053e-06,1.835080415750199e-06,1.5221857369643806e-06,1.172637476410851e-06,8.147746397533672e-07
3090,8.563114749586672e-08,8.563114749586672e-08,0.0,4.444376625749927e-06,2.8286512613748978e-05,0.001,2.530096066532636e-06,1.8299450700089562e-06,1.5183971525740452e-06,1.1695698410826844e-06,8.128306090035213e-07
3100,8.51982656274758e-08,8.51982656274758e-08,0.0,4.431901602287958e-06,2.8536521874042017e-05,0.001,2.522487751224488e-06,1.8247682573911116e-06,1.5145755672642045e-06,1.166476166084317e-06,8.108689698133296e-07
3110,8.476274827255035e-08,8.476274827255035e-08,0.0,4.419324335675476e-06,2.878317130974547e-05,0.001,2.5148180420742213e-06,1.8195507183676551e-06,1.5107214837482751e-06,1.1633568974382453e-06,8.088899320910989e-07
3120,8.43246754615552e-08,8.43246754615552e-08,0.0,4.406646404159426e-06,2.9026510504316096e-05,0.001,2.507087945426414e-06,1.8142931746954335e-06,1.506835346586339e-06,1.1602124130007494e-06,8.068937024580235e-07
3130,8.38841261794481e-08,8.38841261794481e-08,0.0,4.3938694125828315e-06,2.9266586724594413e-05,0.001,2.4992984475740257e-06,1.8089962907355865e-06,1.5029176040967658e-06,1.1570430924013695e-06,8.048805019664023e-07
3140,8.344117839889185e-08,8.344117839889185e-08,0.0,4.3809949252412665e-06,2.950344505511493e-05,0.001,2.4914505452642762e-06,1.8036607475719346e-06,1.498968692145279e-06,1.153849310568056e-06,8.028505383070165e-07
3150,8.299590911121918e-08,8.299590911121918e-08,0.0,4.368024479052891e-06,2.9737128542322836e-05,0.001,2.4835452097025304e-06,1.7982872084853524e-06,1.4949890447198551e-06,1.1506314372889499e-06,8.00804017686513e-07
3160,8.254839435525928e-08,8.254839435525928e-08,0.0,4.3549595879192195e-06,2.9967678317723164e-05,0.001,2.475583409040151e-06,1.7928763331034221e-06,1.490979087278203e-06,1.1473898377465614e-06,7.987411408347029e-07
3170,8.209870924425458e-08,8.209870924425458e-08,0.0,4.341801748147517e-06,3.0195133716036434e-05,0.001,2.4675660952302695e-06,1.7874287668709836e-06,1.4869392390291166e-06,1.1441248712346534e-06,7.96662106989352e-07
3180,8.164692799097917e-08,8.164692799097917e-08,0.0,4.3285524351673854e-06,3.0419532382074922e-05,0.001,2.4594942034265113e-06,1.7819451448341929e-06,1.4828699118063409e-06,1.1408368900632953e-06,7.945671126617819e-07
3190,8.119312393120776e-08,8.119312393120776e-08,0.0,4.315213105130119e-06,3.0640910370196895e-05,0.001,2.4513686638891782e-06,1.776426094874624e-06,1.4787715120758625e-06,1.1375262434689504e-06,7.924563507838809e-07
3200,8.073736954567585e-08,8.073736954567585e-08,0.0,4.30178519463002e-06,3.0859302238334e-05,0.001,2.44319039172364e-06,1.7708722345805432e-06,1.4746444402403239e-06,1.1341932748191927e-06,7.903300119001193e-07
3210,8.027973648061298e-08,8.027973648061298e-08,0.0,4.28827012189823e-06,3.1074741133372894e-05,0.001,2.434960292027905e-06,1.7652841734893065e-06,1.47048909074946e-06,1.1308383227587017e-06,7.881882836752627e-07
3220,7.982029556698516e-08,7.982029556698516e-08,0.0,4.274669287636694e-06,3.1287258871417264e-05,0.001,2.4266792602379973e-06,1.759662512627293e-06,1.4663058528067477e-06,1.127461721718523e-06,7.860313512152817e-07
3230,7.935911683852516e-08,7.935911683852516e-08,0.0,4.260984075415317e-06,3.149688601274098e-05,0.001,2.418348181223583e-06,1.7540078446713415e-06,1.4620951101617172e-06,1.1240638015201695e-06,7.83859397189934e-07
3240,7.889626954862543e-08,7.889626954862543e-08,0.0,4.24721585225646e-06,3.170365193115424e-05,0.001,2.4099679304667483e-06,1.7483207545311472e-06,1.4578572412997455e-06,1.1206448877079637e-06,7.816726018075031e-07
3250,7.843182218623146e-08,7.843182218623146e-08,0.0,4.233365969053705e-06,3.190758487899632e-05,0.001,2.401539373429583e-06,1.7426018190824322e-06,1.453592619695318e-06,1.11720530153619e-06,7.794711430461821e-07
3260,7.796584249072395e-08,7.796584249072395e-08,0.0,4.219435761271728e-06,3.210871204765407e-05,0.001,2.393063367020355e-06,1.7368516076937921e-06,1.4493016140866828e-06,1.1137453604311595e-06,7.772551966449047e-07
3270,7.749839746592938e-08,7.749839746592938e-08,0.0,4.205426548947369e-06,3.2307059624333134e-05,0.001,2.384540758966159e-06,1.731070682575586e-06,1.44498458829279e-06,1.1102653776742747e-06,7.750249360986962e-07
3280,7.702955339328658e-08,7.702955339328658e-08,0.0,4.191339637649725e-06,3.250265284501783e-05,0.001,2.3759723882506248e-06,1.7252595985049682e-06,1.4406419015858949e-06,1.1067656627274352e-06,7.727805329178131e-07
3290,7.655937584426343e-08,7.655937584426343e-08,0.0,4.177176318687155e-06,3.269551604393101e-05,0.001,2.3673590858193025e-06,1.7194189032988147e-06,1.436273908872861e-06,1.1032465214615647e-06,7.705221565820695e-07
3300,7.608792969198308e-08,7.608792969198308e-08,0.0,4.162937869359522e-06,3.288567270015007e-05,0.001,2.3587016740658567e-06,1.7135491379200813e-06,1.4318809606281801e-06,1.099708255957392e-06,7.682499746244466e-07
3310,7.561527912224999e-08,7.561527912224999e-08,0.0,4.148625553486484e-06,3.307314548120601e-05,0.001,2.3500009671827518e-06,1.7076508365010722e-06,1.4274634030913593e-06,1.0961511646890595e-06,7.659641527455121e-07
3320,7.514148764391943e-08,7.514148764391943e-08,0.0,4.134240622058003e-06,3.32579562835853e-05,0.001,2.341257773845896e-06,1.7017245272168107e-06,1.4230215786604482e-06,1.0925755433399872e-06,7.636648546475469e-07
3330,7.466661809865846e-08,7.466661809865846e-08,0.0,4.119784312747467e-06,3.3440126271717425e-05,0.001,2.332472892029225e-06,1.6957707310719404e-06,1.418555825353463e-06,1.0889816832671337e-06,7.613522425101227e-07
3340,7.419073267019788e-08,7.419073267019788e-08,0.0,4.105257851221353e-06,3.361967591343565e-05,0.001,2.3236471154215217e-06,1.6897899635345117e-06,1.4140664777205574e-06,1.0853698734993995e-06,7.590264765886653e-07
3350,7.371389289304354e-08,7.371389289304354e-08,0.0,4.090662450368463e-06,3.3796625014474806e-05,0.001,2.3147812266425356e-06,1.6837827330553513e-06,1.409553865979887e-06,1.0817403986303189e-06,7.56687715766493e-07
3360,7.323615966073644e-08,7.323615966073644e-08,0.0,4.075999312026437e-06,3.3970992749716175e-05,0.001,2.3058760060376208e-06,1.6777495431016025e-06,1.4050183173419251e-06,1.0780935416254215e-06,7.543361170244127e-07
3370,7.27575932336338e-08,7.27575932336338e-08,0.0,4.061269625677442e-06,3.414279769389416e-05,0.001,2.296932222932335e-06,1.6716908904086614e-06,1.4004601548213243e-06,1.0744295810574548e-06,7.519718360544735e-07
3380,7.227825324632196e-08,7.227825324632196e-08,0.0,4.046474568700302e-06,3.431205785001028e-05,0.001,2.2879506357592855e-06,1.665607265109414e-06,1.395879697323291e-06,1.0707487911673473e-06,7.495950273079243e-07
3390,7.17981987145766e-08,7.17981987145766e-08,0.0,4.031615290980984e-06,3.44787906853492e-05,0.001,2.2789319039182232e-06,1.6594991321375232e-06,1.3912772473209934e-06,1.0670514140422348e-06,7.4720584979563e-07
3400,7.131748804202702e-08,7.131748804202702e-08,0.0,4.016692560468372e-06,3.464301337098646e-05,0.001,2.269874615585703e-06,1.6533665177951671e-06,1.3866528130952567e-06,1.063337036109378e-06,7.448045942448566e-07
3410,7.083617902643375e-08,7.083617902643375e-08,0.0,4.001694375992083e-06,3.4804750478691006e-05,0.001,2.2607062751830165e-06,1.647194570588028e-06,1.3819964276068446e-06,1.0595828000242944e-06,7.423961538717574e-07
3420,7.035432889125005e-08,7.035432889125005e-08,0.0,3.986071602100849e-06,3.496443932233794e-05,0.001,2.2477428500791924e-06,1.6402658203215611e-06,1.376826573572964e-06,1.054651639864576e-06,7.40255925405739e-07
3430,6.987212626238948e-08,6.987212626238948e-08,0.0,4.5053231789479195e-06,3.515718421283482e-05,0.001,2.079939658726203e-06,1.8612183972213845e-06,1.5205389747237283e-06,1.1308779210657718e-06,9.197929390643509e-07
3440,7.078012402961223e-08,7.078012402961223e-08,0.0,0.00022785266814568295,6.505421219181326e-05,0.001,7.664688997595414e-05,0.00010177878784357234,7.51159606467684e-05,6.14388497131967e-05,5.3840021999518234e-05
3450,2.8163623544842094e-05,2.8163623544842094e-05,0.0,0.03238031896303267,0.007540547808651949,0.001,0.01100226839840714,0.014473081922183688,0.010679161843360737,0.008743817660273073,0.007622334534761174
3460,2.9835627920539005e-05,2.9835627920539005e-05,0.0,0.019425013114114643,0.01794162907893482,0.001,0.007327500739420851,0.009479093715560532,0.006980171908598245,0.005827514719105754,0.004860511286378532
3470,1.4012544035481384e-05,1.4012544035481384e-05,0.0,0.015202413640317852,0.01016275296887135,0.001,0.005276188079377937,0.006149817522934915,0.005507330492547546,0.004479744632321639,0.003603059914056805
3480,2.1322151663751087e-05,2.1322151663751087e-05,0.0,0.024154830441121735,0.009178041001835056,0.001,0.008574587398693247,0.010361797290377334,0.007519079114930771,0.00670597588245382,0.005899670530164667
3490,1.5760173653517664e-05,1.5760173653517664e-05,0.0,0.01981685760310463,0.00199545839398881,0.001,0.006871095246361227,0.008125833041440584,0.006037958979309589,0.00541423094453758,0.004786437414812416
3500,1.7035521815964022e-06,1.7035521815964022e-06,0.0,0.00606325080791326,0.002461957658615135,0.001,0.0021154123498088647,0.0024571753986335444,0.0018734002813385118,0.0016492574440209618,0.0014398016234124238
3510,2.2329046276079814e-06,2.2329046276079814e-06,0.0,0.007708863819766114,0.0009998314776983566,0.001,0.0026572550729969456,0.0032468149384739546,0.002390199621257723,0.002147912305149178,0.001923160997647584
3520,1.9856592691537533e-07,1.9856592691537533e-07,0.0,0.0017770719140427496,0.0008033438405896948,0.001,0.0005560509038731174,0.0007198311263137252,0.000569491185027441,0.0005049138481964696,0.0004591085493238851
3530,3.9361516002789657e-07,3.9361516002789657e-07,0.0,0.00272496922182308,0.0004607131740595044,0.001,0.0009782830849675997,0.0011415022688882619,0.000857830615799995,0.0007523531953200593,0.0006502063844468332
3540,9.187551348475655e-08,9.187551348475655e-08,0.0,0.0006084035120469364,0.00021133853998584512,0.001,0.00017789412930905037,0.00023944736552623002,0.00020787109656688333,0.00017775504815682478,0.00015877371939802788
3550,1.0571677858510456e-07,1.0571677858510456e-07,0.0,0.000935054973511729,0.00017415440976944078,0.0009000000000000001,0.0003121026815139336,0.000388595122169777,0.00029165733505118484,0.0002620989172477925,0.00023629009105056512
3560,7.58125047395139e-08,7.58125047395139e-08,0.0,0.00021651967908681521,9.833912960746237e-05,0.0009000000000000001,6.56539272208818e-05,8.772509280719882e-05,7.323828881327978e-05,6.304149424507219e-05,5.632144875190577e-05
3570,7.525397728209841e-08,7.525397728209841e-08,0.0,0.0002044595722257625,3.53530319929243e-05,0.0009000000000000001,7.188263785314941e-05,8.449299416825899e-05,6.405322681391623e-05,5.619106849868966e-05,4.883962105962672e-05
3580,7.461277463715661e-08,7.461277463715661e-08,0.0,0.00019732688977036576,4.167731224026768e-05,0.0009000000000000001,6.992622285216209e-05,8.247334237930326e-05,6.029128186857808e-05,5.4296461791414634e-05,4.806373977935861e-05
3590,7.285097729761919e-08,7.285097729761919e-08,0.0,4.823871021611302e-05,3.5297390890781614e-05,0.0009000000000000001,1.5452712463022634e-05,1.9687347804296783e-05,1.4744568684008238e-05,1.3254946083524496e-05,1.2085515725276865e-05
3600,7.250181063457237e-08,7.250181063457237e-08,0.0,4.777665270583141e-05,2.87775774482836e-05,0.0009000000000000001,1.645510161391368e-05,1.987920633551059e-05,1.5224996122492692e-05,1.3232354249717857e-05,1.1513936671487776e-05
3610,7.210193309972838e-08,7.210193309972838e-08,0.0,3.659494840128177e-05,2.9999507718105695e-05,0.0009000000000000001,1.397971215799592e-05,1.5557768354074373e-05,1.137341507822791e-05,1.0086209195752888e-05,8.616764837155711e-06
3620,7.169004932818462e-08,7.169004932818462e-08,0.0,9.681174098034067e-06,2.8837227983090894e-05,0.0009000000000000001,3.78097733212385e-06,3.972815745472187e-06,3.304785628318401e-06,2.8689025724887556e-06,2.433440846864002e-06
3630,7.133546700067327e-08,7.133546700067327e-08,0.0,1.578459776437011e-05,2.896755636705326e-05,0.0009000000000000001,4.875494862743532e-06,6.6023610580564154e-06,5.041984781417899e-06,4.378060784441964e-06,3.985525188864693e-06
3640,7.096623136672235e-08,7.096623136672235e-08,0.0,4.1351564394605774e-06,2.8911880796059276e-05,0.0009000000000000001,1.9376134156074174e-06,1.6646880329977154e-06,1.5455871261162203e-06,1.2091097686086716e-06,9.288008052776187e-07
3650,7.060531345797493e-08,7.060531345797493e-08,0.0,6.300172841723979e-06,2.89818289678688e-05,0.0009000000000000001,3.1459280521466616e-06,2.861250731439385e-06,1.929773477682228e-06,1.7086236630830467e-06,1.3439044197744407e-06
3660,7.024174159821579e-08,7.024174159821579e-08,0.0,3.7249996213321696e-06,2.921377219882776e-05,0.0009000000000000001,2.0179169232905326e-06,1.6623719678306719e-06,1.2966316055136168e-06,1.0292358666410175e-06,7.590638579520162e-07
3670,6.987844578116592e-08,6.987844578116592e-08,0.0,3.913265650206545e-06,2.9341725281297408e-05,0.0009000000000000001,1.7475483562667426e-06,1.6807306507663732e-06,1.3666812867358189e-06,1.0366683223629992e-06,8.498261855810994e-07
3680,6.951418668153086e-08,6.951418668153086e-08,0.0,3.6079792356063665e-06,2.946641784829961e-05,0.0009000000000000001,1.8099904482819342e-06,1.5902396994192846e-06,1.2735257537081324e-06,9.660820094910168e-07,7.443871360853251e-07
3690,6.914921947085108e-08,6.914921947085108e-08,0.0,3.5850589971106013e-06,2.95974230340169e-05,0.0009000000000000001,1.944171077977575e-06,1.6230546406225211e-06,1.2421790904194864e-06,9.664725734317072e-07,7.12477442444187e-07
3700,6.878351844365009e-08,6.878351844365009e-08,0.0,3.5835673734693283e-06,2.973902768211549e-05,0.0009000000000000001,1.9561214801817633e-06,1.6349126217642583e-06,1.2346107786870775e-06,9.621186786899954e-07,7.069723310017402e-07
3710,6.84170833500339e-08,6.84170833500339e-08,0.0,3.549188623608172e-06,2.988130601438411e-05,0.0009000000000000001,1.9069250425321983e-06,1.5999386827614007e-06,1.2359585727198594e-06,9.566668494692406e-07,7.08845781953509e-07
3720,6.804995113528307e-08,6.804995113528307e-08,0.0,3.5295164889250103e-06,3.001737445641881e-05,0.0009000000000000001,1.8775293610343365e-06,1.590445113766203e-06,1.230826718575092e-06,9.466114070184753e-07,7.060756764654081e-07
3730,6.768214398827123e-08,6.768214398827123e-08,0.0,3.518145588541738e-06,3.015432509535811e-05,0.0009000000000000001,1.8662628183613877e-06,1.5809359814782887e-06,1.2298236405887362e-06,9.455185026279071e-07,7.060300330766385e-07
3740,6.731368652955993e-08,6.731368652955993e-08,0.0,3.50913501625924e-06,3.0287856937924612e-05,0.0009000000000000001,1.8646912734942873e-06,1.5781067275667605e-06,1.225983132481045e-06,9.432308258465157e-07,7.036421225965079e-07
3750,6.694460450178344e-08,6.694460450178344e-08,0.0,3.499501031967809e-06,3.0421595164464403e-05,0.0009000000000000001,1.8633206757645245e-06,1.5757563864150447e-06,1.221897184200623e-06,9.407297610040605e-07,7.009652012621861e-07
3760,6.657492338067122e-08,6.657492338067122e-08,0.0,3.4900286913995874e-06,3.055465887212971e-05,0.0009000000000000001,1.8596611287493336e-06,1.5711850618635245e-06,1.2188919114813623e-06,9.389902977658278e-07,6.99256716539296e-07
3770,6.620466857989099e-08,6.620466857989099e-08,0.0,3.479981511966022e-06,3.068641814872647e-05,0.0009000000000000001,1.8547347130755797e-06,1.5669730078393336e-06,1.2154662602024653e-06,9.364609031268723e-07,6.972654146450969e-07
3780,6.583386550672229e-08,6.583386550672229e-08,0.0,3.4696858157314383e-06,3.081765896325368e-05,0.0009000000000000001,1.8490343706005675e-06,1.562308610537556e-06,1.2121709418017442e-06,9.33927085089727e-07,6.9539740772151e-07
3790,6.546253954619407e-08,6.546253954619407e-08,0.0,3.4593924117449582e-06,3.0947713746702e-05,0.0009000000000000001,1.8430517493686984e-06,1.5572981535420618e-06,1.209023846111975e-06,9.315160834717258e-07,6.936629411703354e-07
3800,6.509071605296598e-08,6.509071605296598e-08,0.0,3.4489704911751407e-06,3.107686196521936e-05,0.0009000000000000001,1.8370668548822204e-06,1.5524287579086368e-06,1.2057606327047849e-06,9.289801345306628e-07,6.918343979150468e-07
3810,6.471842034796839e-08,6.471842034796839e-08,0.0,3.4385545780766118e-06,3.120505811864886e-05,0.0009000000000000001,1.8311051038969345e-06,1.5475665788203242e-06,1.2024748082163278e-06,9.264320077566037e-07,6.899955630305555e-07
3820,6.434567771849716e-08,6.434567771849716e-08,0.0,3.428095579028035e-06,3.1332244885163245e-05,0.0009000000000000001,1.8251396227857233e-06,1.5426397978298908e-06,1.1992027628877726e-06,9.239133326563317e-07,6.881673209283978e-07
3830,6.397251341785331e-08,6.397251341785331e-08,0.0,3.4175988878122804e-06,3.145848947140213e-05,0.0009000000000000001,1.8191817261017376e-06,1.5377161956471362e-06,1.195905747320027e-06,9.213785037141611e-07,6.863219895952509e-07
3840,6.359895266467547e-08,6.359895266467547e-08,0.0,3.4070681181015086e-06,3.158374432466073e-05,0.0009000000000000001,1.8132226693542284e-06,1.5327965129429914e-06,1.1925825324568434e-06,9.188234067170792e-07,6.844596088818975e-07
5100,0.0026080009867068274,0.0026080009867068274,0.0,0.26762123379353264,0.10619006915592322,0.001,0.09354457332770306,0.12484013302485822,0.10844461447562723,0.08400660900516183,0.06704412037968414
5110,0.001762240857679043,0.001762240857679043,0.0,0.17555817843161922,0.01686852001612163,0.001,0.04787782485882206,0.07168659725312107,0.07909360102273853,0.06162081046382404,0.05134978200334761
5120,0.00016836309853611814,0.00016836309853611814,0.0,0.049584548629907084,0.010676210156234826,0.001,0.015823746392099405,0.020264490173078496,0.02202447905120077,0.016837058338535698,0.014032075372766371
5130,0.00014501803774261173,0.00014501803774261173,0.0,0.051144617830203014,0.007170716528508286,0.001,0.017018223490813965,0.022395556676114824,0.020944359225583794,0.01709862152879921,0.013551561129524907
5140,0.00011314425748865613,0.00011314425748865613,0.0,0.04410048361741344,0.002744480133702049,0.001,0.014193518349547489,0.018684836264966247,0.018320420397900435,0.01499742634683031,0.01185465588624859
5150,1.794936271465642e-05,1.794936271465642e-05,0.0,0.017701982832229884,0.0028803914536677097,0.001,0.0060078941173039475,0.007778582225659329,0.007238435012331485,0.005906366214751907,0.004638951674480882
5160,1.833885227483988e-06,1.833885227483988e-06,0.0,0.0063965459525128845,0.0019099009699275417,0.001,0.002563560204863121,0.0029469756351213766,0.0021897996264888015,0.0018812527406167733,0.0015815206625134678
5170,7.753547182874045e-07,7.753547182874045e-07,0.0,0.003853756761434507,0.0012307132588454106,0.001,0.0015089260865582682,0.001765027097350306,0.001456478073251555,0.0011807796315929102,0.0009040717669958127
5180,7.037780772356442e-07,7.037780772356442e-07,0.0,0.0037074577680468747,0.0006885576030089676,0.001,0.0014529156260223808,0.0016512705881680013,0.0013097488222085245,0.0010979869826583967,0.0009283623937574723
5190,1.6856579427595282e-07,1.6856579427595282e-07,0.0,0.0015508193609575674,0.0004500364893358543,0.001,0.0006394155508940443,0.0007518113782321404,0.0005694373709040766,0.0004694398994423941,0.0003627129586635392
5200,5.8147933289220056e-08,5.8147933289220056e-08,0.0,0.00046128580578926216,0.0002592394719053562,0.001,0.00016104935540867484,0.00019386854492669554,0.000179251641020747,0.00014461326741137105,0.00011227134408611582
5210,6.92913483120186e-08,6.92913483120186e-08,0.0,0.0005969686602313336,0.0001250985443758849,0.001,0.0001513486310882295,0.00021332557611056615,0.00025596269133194865,0.00021269441300527612,0.00018057141982927017
5220,6.75218873524838e-08,6.75218873524838e-08,0.0,0.0005778567025614122,5.934013164691705e-05,0.001,0.00014753532433060015,0.00021246676765997895,0.00025248207703138393,0.00020698704186543164,0.00017143518353927086
5230,5.0602105772651175e-08,5.0602105772651175e-08,0.0,0.0003167284176259631,5.853859348768001e-05,0.001,8.531759449528018e-05,0.0001154391301568794,0.0001358059722288406,0.00011202950918160054,9.558076731017508e-05
5240,4.3960580078635684e-08,4.3960580078635684e-08,0.0,0.00012203647356127248,3.869620023191577e-05,0.001,5.066603282735112e-05,5.731167694927465e-05,4.5758313596305185e-05,3.652896983326935e-05,2.790220044176371e-05
5250,4.439305037546951e-08,4.439305037546951e-08,0.0,0.00015381054239579976,1.7734718927278488e-05,0.001,5.141591242353725e-05,6.607325745097958e-05,6.182912162476208e-05,5.043685200022281e-05,3.993091138010207e-05
5260,4.326878543602816e-08,4.326878543602816e-08,0.0,6.211186917056396e-05,2.2644126356273777e-05,0.001,1.896026439035527e-05,2.362076972331532e-05,2.608590909204116e-05,2.1485900071997045e-05,1.833501350374461e-05
5270,4.291268619086692e-08,4.291268619086692e-08,0.0,3.205526204381627e-05,1.7974137482568967e-05,0.001,1.0417557382973972e-05,1.3504148136905469e-05,1.3005744200793534e-05,1.0563689035502442e-05,8.481148636128312e-06
5280,4.276231836721722e-08,4.276231836721722e-08,0.0,2.9734001257476382e-05,1.7783241261298512e-05,0.001,9.392925921408741e-06,1.1485523469002575e-05,1.1530637290941522e-05,9.510333710905493e-06,8.375142369499472e-06
5290,4.256619599132931e-08,4.256619599132931e-08,0.0,1.004993728754438e-05,1.7585088929051025e-05,0.001,2.7932321376573266e-06,3.747513158377507e-06,4.636629970081721e-06,3.6887070262441973e-06,2.9708525830491307e-06
5300,4.240869463170014e-08,4.240869463170014e-08,0.0,9.375796013288393e-06,1.8057184451419464e-05,0.001,4.0069584461523255e-06,4.255250244406633e-06,4.017534233830262e-06,3.3268042967218813e-06,2.6383003846536874e-06
5310,4.224743976388678e-08,4.224743976388678e-08,0.0,6.33669765428515e-06,1.845543743716472e-05,0.001,2.370526120280381e-06,2.5960924442454677e-06,2.4838452569818587e-06,2.083191243834739e-06,1.7274410998349016e-06
5320,4.20835332598127e-08,4.20835332598127e-08,0.0,3.4873931599791096e-06,1.891932353122863e-05,0.001,1.6032629247873867e-06,1.38480935166313e-06,1.0837774151061324e-06,9.101040893495688e-07,8.371290373996685e-07
5330,4.19181298203439e-08,4.19181298203439e-08,0.0,3.6735904270059872e-06,1.9324643754821866e-05,0.001,1.6077679536163687e-06,1.4484208234672414e-06,1.3677386149146261e-06,1.1242262552981783e-06,9.47427300576901e-07
5340,4.1749127190513906e-08,4.1749127190513906e-08,0.0,3.212262678358961e-06,1.9738327074382016e-05,0.001,1.6085679161818832e-06,1.3076580779527506e-06,9.933630337234802e-07,8.672987611947155e-07,7.924963206093396e-07
5350,4.157697861676711e-08,4.157697861676711e-08,0.0,2.84439386146771e-06,2.0142593029004224e-05,0.001,1.6019997420975204e-06,1.2391884228282073e-06,1.0289747685641294e-06,8.771789857880904e-07,7.168756345282389e-07
5360,4.1401783602200485e-08,4.1401783602200485e-08,0.0,2.8305464710199387e-06,2.054112187934775e-05,0.001,1.6209258079565924e-06,1.2562996605470958e-06,1.0080595092337446e-06,8.648643945867583e-07,7.048135561525009e-07
5370,4.12235658086029e-08,4.12235658086029e-08,0.0,2.847788971257298e-06,2.0938117617264383e-05,0.001,1.613537604315239e-06,1.255347048818774e-06,9.838261361487743e-07,8.49800657647275e-07,7.044205169315096e-07
5380,4.104240739098059e-08,4.104240739098059e-08,0.0,2.8154537655024255e-06,2.1323788932875435e-05,0.001,1.599283491359826e-06,1.237243674796745e-06,1.0001023269388942e-06,8.568924659336139e-07,7.029447959684848e-07
5390,4.0858401874984015e-08,4.0858401874984015e-08,0.0,2.8283862356815914e-06,2.1700729811975832e-05,0.001,1.59405116876472e-06,1.236023684107891e-06,9.743236714150554e-07,8.401218686781846e-07,6.999423112835784e-07
5400,4.067163727578272e-08,4.067163727578272e-08,0.0,2.81221088131283e-06,2.206964835155042e-05,0.001,1.583442659586612e-06,1.2251852020246076e-06,9.80159272003547e-07,8.423153177507933e-07,6.993932473919045e-07
5410,4.04821979513843e-08,4.04821979513843e-08,0.0,2.8115834311240997e-06,2.2432114288702205e-05,0.001,1.5793462062582813e-06,1.222987018129453e-06,9.700338070964414e-07,8.353130857764445e-07,6.971752472856781e-07
5420,4.02901660492727e-08,4.02901660492727e-08,0.0,2.8019163085897836e-06,2.2787875420977764e-05,0.001,1.5735457139621197e-06,1.2178304250393783e-06,9.69764666250339e-07,8.342195029301112e-07,6.956354064594896e-07
5430,4.0095621528528586e-08,4.0095621528528586e-08,0.0,2.796920012451718e-06,2.313689808730308e-05,0.001,1.569017106411877e-06,1.2146583072695175e-06,9.647883384395274e-07,8.304818674400506e-07,6.93870198946452e-07
5440,3.989864227734024e-08,3.989864227734024e-08,0.0,2.7889043453976744e-06,2.347945221087838e-05,0.001,1.564094365132037e-06,1.2106548895044946e-06,9.629877295083208e-07,8.28677971040747e-07,6.922712402616854e-07
5450,3.969930423117918e-08,3.969930423117918e-08,0.0,2.782180635366587e-06,2.381570531929844e-05,0.001,1.5599102420719213e-06,1.2075708701295597e-06,9.595712392464204e-07,8.259676842572193e-07,6.904580925074191e-07
5460,3.9497681490085734e-08,3.9497681490085734e-08,0.0,2.7740224445070883e-06,2.41458874025087e-05,0.001,1.555643210972457e-06,1.2042183594254615e-06,9.574466987909282e-07,8.240387395032468e-07,6.886470682709974e-07
5470,3.929384643827843e-08,3.929384643827843e-08,0.0,2.7664200775176885e-06,2.4470213273114966e-05,0.001,1.5515495288686625e-06,1.2011419402197141e-06,9.545579086473372e-07,8.216589120705113e-07,6.867494319322431e-07
5480,3.9087869850140976e-08,3.9087869850140976e-08,0.0,2.75837366291176e-06,2.4788806930841235e-05,0.001,1.5471999806456537e-06,1.1977803774053803e-06,9.520334086867898e-07,8.194690960494052e-07,6.848733795969768e-07
5490,3.887982098858361e-08,3.887982098858361e-08,0.0,2.750547603702921e-06,2.510180880499602e-05,0.001,1.5427479844156463e-06,1.1943804423912514e-06,9.491585306604939e-07,8.170473249146357e-07,6.829730180729422e-07
5500,3.866976769366938e-08,3.866976769366938e-08,0.0,2.742545471884515e-06,2.5409351460302115e-05,0.001,1.538205197754399e-06,1.1908933908193859e-06,9.463327858420051e-07,8.146428778622514e-07,6.810568666732266e-07
5510,3.845777646220377e-08,3.845777646220377e-08,0.0,2.7344131675823843e-06,2.571157492140985e-05,0.001,1.5336531614673613e-06,1.187403087108864e-06,9.435002317206478e-07,8.12233264321954e-07,6.791110413218087e-07
5520,3.824391252000416e-08,3.824391252000416e-08,0.0,2.7262020785469253e-06,2.600859288177159e-05,0.001,1.5290694590100386e-06,1.1838954731915434e-06,9.406167001708052e-07,8.097879491204873e-07,6.771389051591056e-07
5530,3.8028239887484145e-08,3.8028239887484145e-08,0.0,2.7178879737327993e-06,2.630051628266406e-05,0.001,1.5244064928270538e-06,1.1803213523150203e-06,9.3771685043567e-07,8.073213421631159e-07,6.75149489705017e-07
5540,3.781082143926846e-08,3.781082143926846e-08,0.0,2.7095005581128597e-06,2.6587450096102402e-05,0.001,1.51969151125302e-06,1.1767103156125553e-06,9.347681322229833e-07,8.048170509790421e-07,6.731378626716927e-07
5550,3.759171895841132e-08,3.759171895841132e-08,0.0,2.701015678229729e-06,2.68694909475787e-05,0.001,1.514935617848445e-06,1.1730687269691811e-06,9.317956852926858e-07,8.022921687645498e-07,6.71103208200669e-07
5560,3.7370993185829895e-08,3.7370993185829895e-08,0.0,2.692440932935246e-06,2.7146731548649956e-05,0.001,1.51012693165395e-06,1.1693863143970063e-06,9.287954090595499e-07,7.997424188081566e-07,6.690477942266856e-07
5570,3.7148703865406434e-08,3.7148703865406434e-08,0.0,2.6837848098908596e-06,2.7419258778970488e-05,0.001,1.5052680179346449e-06,1.1656664736025184e-06,9.257609411706741e-07,7.971643902398452e-07,6.669717607908944e-07
5580,3.692490978519545e-08,3.692490978519545e-08,0.0,2.675042573075671e-06,2.76871537730387e-05,0.001,1.50036350432151e-06,1.1619123801483308e-06,9.226988676495546e-07,7.945628035806476e-07,6.64874980048957e-07
5590,3.669966881512969e-08,3.669966881512969e-08,0.0,2.6662175448412563e-06,2.7950493554119705e-05,0.001,1.4954107662073918e-06,1.158121704168246e-06,9.196081152319554e-07,7.919365456583364e-07,6.62758230320742e-07
5600,3.6473037941538366e-08,3.6473037941538366e-08,0.0,2.657311301361385e-06,2.8209350970733918e-05,0.001,1.4904121132944822e-06,1.1542965505759522e-06,9.164889441339169e-07,7.892861727248171e-07,6.606216823122863e-07
5610,3.6245073298787734e-08,3.6245073298787734e-08,0.0,2.64832527346452e-06,2.846379478561107e-05,0.001,1.4853683041482352e-06,1.150437467953753e-06,9.133418953155919e-07,7.866120936176294e-07,6.584656426507085e-07
5620,3.6015830198300685e-08,3.6015830198300685e-08,0.0,2.6392608247391824e-06,2.871389015161308e-05,0.001,1.480279675343237e-06,1.146544653047532e-06,9.101676470759725e-07,7.839147970145099e-07,6.562905500369717e-07
5630,3.578536315521798e-08,3.578536315521798e-08,0.0,2.6301191910750288e-06,2.8959698838672672e-05,0.001,1.4751474088750696e-06,1.1426190544426388e-06,9.069668213700269e-07,7.81194829974975e-07,6.540966624444773e-07
5640,3.555372591288177e-08,3.555372591288177e-08,0.0,2.620902057803088e-06,2.9201279476531195e-05,0.001,1.4699720231610423e-06,1.138661088294648e-06,9.037396455943096e-07,7.784524119806617e-07,6.518843449609765e-07
5650,3.532097146534558e-08,3.532097146534558e-08,0.0,2.611610637752719e-06,2.9438687767354843e-05,0.001,1.464754449304165e-06,1.1346714793615282e-06,9.004867510333728e-07,7.756880651422959e-07,6.496538908216931e-07
5660,3.50871520781029e-08,3.50871520781029e-08,0.0,2.602246341376907e-06,2.967197669719335e-05,0.001,1.4594953280481815e-06,1.1306507203058104e-06,8.972085857069842e-07,7.729021611961607e-07,6.474056369060127e-07
5670,3.485231930714145e-08,3.485231930714145e-08,0.0,2.5928104749729805e-06,2.990119671138492e-05,0.001,1.454195452344401e-06,1.126599431764098e-06,8.939056558380989e-07,7.700951277404889e-07,6.451398886913463e-07
5680,3.461652401652172e-08,3.461652401652172e-08,0.0,2.5833043869627427e-06,3.012639589551246e-05,0.001,1.4488555386602995e-06,1.1225181728645188e-06,8.905784083558287e-07,7.672673439305775e-07,6.42856956740877e-07
5690,3.437981639455674e-08,3.437981639455674e-08,0.0,2.5737293845529095e-06,3.034762012887652e-05,0.001,1.4434763145048736e-06,1.1184075107838653e-06,8.87227310566842e-07,7.644192040099751e-07,6.405571465500192e-07
5700,3.4142245968737014e-08,3.4142245968737014e-08,0.0,2.5640867574982378e-06,3.0564913230344754e-05,0.001,1.4380584989386826e-06,1.1142680051634839e-06,8.838528274531035e-07,7.615510993482317e-07,6.382407600640539e-07
5710,3.3903861619482756e-08,3.3903861619482756e-08,0.0,2.55437778913786e-06,3.077831709407915e-05,0.001,1.4326027950527605e-06,1.1101002026532952e-06,8.80455411368295e-07,7.586634108560286e-07,6.359080967066019e-07
5720,3.366471159285053e-08,3.366471159285053e-08,0.0,2.5446037424648246e-06,3.098787181423676e-05,0.001,1.4271099079573993e-06,1.1059046516705404e-06,8.770355154384736e-07,7.557565202405068e-07,6.335594513856582e-07
5730,3.34248435122415e-08,3.34248435122415e-08,0.0,2.534765871881769e-06,3.1193615800709136e-05,0.001,1.4215805305705554e-06,1.1016818906760627e-06,8.735935841507867e-07,7.528308019948197e-07,6.311951166357519e-07
5740,3.318430438921912e-08,3.318430438921912e-08,0.0,2.52486541849396e-06,3.13955858865337e-05,0.001,1.416015349768083e-06,1.0974324530881676e-06,8.701300582140154e-07,7.498866273409726e-07,6.288153819446826e-07
5750,3.294314063349427e-08,3.294314063349427e-08,0.0,2.5149036102320176e-06,3.1593817427739145e-05,0.001,1.4104150467976478e-06,1.0931568675926146e-06,8.666453749944962e-07,7.46924364566888e-07,6.264205338545944e-07
5760,3.2701398062140664e-08,3.2701398062140664e-08,0.0,2.5048816636209425e-06,3.178834439628493e-05,0.001,1.4047802965547771e-06,1.0888556575101873e-06,8.631399672806205e-07,7.439443780247198e-07,6.240108560395184e-07
5770,3.2459121908124115e-08,3.2459121908124115e-08,0.0,2.4948007842460564e-06,3.1979199466633084e-05,0.001,1.3991117674326442e-06,1.084529340737141e-06,8.596142636528828e-07,7.409470284866175e-07,6.21586629664405e-07
5780,3.221635682816041e-08,3.221635682816041e-08,0.0,2.484662166657359e-06,3.216641409637912e-05,0.001,1.3934101219869863e-06,1.080178430254766e-06,8.560686890639683e-07,7.379326736023468e-07,6.191481334199924e-07
5790,3.1973146910001705e-08,3.1973146910001705e-08,0.0,2.474466994674155e-06,3.2350018601582616e-05,0.001,1.387676017796342e-06,1.0758034347930552e-06,8.525036648264287e-07,7.349016679130208e-07,6.166956433776739e-07
5800,3.172953567914519e-08,3.172953567914519e-08,0.0,2.464216442115276e-06,3.253004222711456e-05,0.001,1.3819101069632523e-06,1.0714048583826305e-06,8.489196084198831e-07,7.318543626488653e-07,6.142294331675359e-07
5810,3.1485566105059596e-08,3.1485566105059596e-08,0.0,2.4539116731240817e-06,3.270651321246311e-05,0.001,1.3761130358304453e-06,1.0669832002513646e-06,8.45316933931219e-07,7.287911061938515e-07,6.117497744328632e-07
5820,3.1241280606923775e-08,3.1241280606923775e-08,0.0,2.443553842124941e-06,3.287945885334014e-05,0.001,1.3702854464708895e-06,1.0625389558144312e-06,8.41696051941916e-07,7.257122438630167e-07,6.092569362268803e-07
5830,3.099672105894765e-08,3.099672105894765e-08,0.0,2.4331440942049135e-06,3.304890555933491e-05,0.001,1.3644279759779027e-06,1.0580726162411938e-06,8.38057369953625e-07,7.22618118348909e-07,6.067511855872894e-07
5840,3.075192879528803e-08,3.075192879528803e-08,0.0,2.4226835656478427e-06,3.321487890805183e-05,0.001,1.3585412570911147e-06,1.0535846688605112e-06,8.344012919022604e-07,7.195090692892169e-07,6.042327872379485e-07
5850,3.050694461460514e-08,3.050694461460514e-08,0.0,2.4121733812543228e-06,3.337740369566685e-05,0.001,1.3526259280064046e-06,1.049075604232939e-06,8.30728217810889e-07,7.163854326058419e-07,6.017019997184663e-07
5860,3.026180878426953e-08,3.026180878426953e-08,0.0,2.4016146063854278e-06,3.3536503979173903e-05,0.001,1.346682823647594e-06,1.0445460532933294e-06,8.270385220349682e-07,7.132475152581126e-07,5.991589941477219e-07
5870,3.001656104427491e-08,3.001656104427491e-08,0.0,2.39100659689515e-06,3.3692202934890696e-05,0.001,1.3407194633644007e-06,1.0400014433749123e-06,8.233318318001024e-07,7.100947554635805e-07,5.966011024659581e-07
5880,2.9771240611823336e-08,2.9771240611823336e-08,0.0,2.3802677967607427e-06,3.384451309997688e-05,0.001,1.3350831497875673e-06,1.0356931030091475e-06,8.195725511380234e-07,7.068845999101656e-07,5.938833828626269e-07
5890,2.9525891334735394e-08,2.9525891334735394e-08,0.0,2.3922324299611185e-06,3.399288192581876e-05,0.001,1.3616107650161292e-06,1.0646111261315947e-06,8.260934402457865e-07,7.092763896715231e-07,5.870923938644497e-07
5900,2.9338622852181003e-08,2.9338622852181003e-08,0.0,3.974328423608077e-05,3.6438620482419045e-05,0.001,1.4292333873902768e-05,1.8845573945719293e-05,1.5622122011441454e-05,1.1937297528146542e-05,9.60880991974133e-06
5910,1.3414435690135794e-06,1.3414435690135794e-06,0.0,0.005970092674790079,0.0019887752278120617,0.001,0.002099369303845827,0.0028118882340330237,0.002347398441438475,0.0017945562521871163,0.0014529802080000805
5920,0.00012397569387064022,0.00012397569387064022,0.0,0.05767044544260388,0.020463728506720843,0.001,0.02023043430049086,0.02678949243558098,0.022263024606860804,0.017504273772567778,0.014296527254309861
5930,8.209944192769514e-05,8.209944192769514e-05,0.0,0.04835502364089862,0.007097640529723333,0.001,0.0182060687232347,0.022657197249740354,0.017309500791182673,0.014722082536405336,0.012314643752265785
5940,3.216893241625575e-05,3.216893241625575e-05,0.0,0.030933859901518642,0.004681435197397784,0.001,0.012149893813611767,0.014572784593136087,0.010617480979632204,0.00921244564345422,0.0077174115547249305
5950,1.1625104644683015e-05,1.1625104644683015e-05,0.0,0.018746532915574373,0.002796234673136995,0.001,0.00756982241691202,0.008861853985228594,0.006284962194717403,0.0054527039635858515,0.004548616806522642
5960,3.992319919292035e-06,3.992319919292035e-06,0.0,0.01091252567511696,0.0016700335841812284,0.001,0.00435119388449454,0.005137090283777982,0.0036861761346798625,0.003207525449484641,0.002680602582311511
5970,1.401465677088984e-06,1.401465677088984e-06,0.0,0.0063523523848441526,0.0010287906482532372,0.001,0.0025009521975739484,0.0029827446879029554,0.0021742496762945226,0.0018918319465983803,0.001580790503310933
5980,4.548460241434072e-07,4.548460241434072e-07,0.0,0.00359192758736794,0.0006625639141682673,0.001,0.0014410791345321194,0.0016947611702873438,0.0012114943661014422,0.0010535684996654038,0.0008779729797604801
5990,1.325502824200455e-07,1.325502824200455e-07,0.0,0.0018084160480655528,0.0003947890311530443,0.001,0.0007335088616024446,0.0008535291081900125,0.0006041563944272091,0.0005235854072876629,0.0004352241575277374
6000,3.591133818210612e-08,3.591133818210612e-08,0.0,0.0006200456373977096,0.00021176816501141538,0.001,0.0002479666979755269,0.00029218182116532695,0.00020943058619453202,0.00018226938353926267,0.0001520179525875678
6010,2.3243971828554917e-08,2.3243971828554917e-08,0.0,8.589129243776835e-05,7.805538610568574e-05,0.001,3.4048263529076724e-05,3.870433606996826e-05,3.2397514382706414e-05,2.4804460683190826e-05,1.9072892402331895e-05
6020,2.6015080774903536e-08,2.6015080774903536e-08,0.0,0.0003193636446346626,3.694975470532622e-05,0.001,0.00012862915789959399,0.00015067051128480222,0.00010708752508531572,9.299034634132753e-05,7.745517669568968e-05
6030,2.5148950360231575e-08,2.5148950360231575e-08,0.0,0.0002840188262500551,5.211112642447637e-05,0.001,0.00011232989359321218,0.00013344670773801444,9.64956389174026e-05,8.397649138609209e-05,7.017238499971057e-05
6040,2.2664502211989965e-08,2.2664502211989965e-08,0.0,0.000112394105144474,4.355546131487898e-05,0.001,4.333142032815043e-05,5.2163850775452585e-05,3.839597081529773e-05,3.342832135839417e-05,2.8118972631780055e-05
6050,2.2077422203890097e-08,2.2077422203890097e-08,0.0,3.12914352783127e-05,3.183613860386933e-05,0.001,1.3348752805016312e-05,1.5200867542431255e-05,1.070591165105505e-05,9.225258483424803e-06,7.469753385363559e-06
6060,2.1973292558935563e-08,2.1973292558935563e-08,0.0,5.958923147345277e-05,3.2380999327127835e-05,0.001,2.410626147408113e-05,2.8202353060400043e-05,2.0257955215369672e-05,1.763072510483798e-05,1.4622200976387876e-05
6070,2.1671839820350697e-08,2.1671839820350697e-08,0.0,1.3483661524553372e-05,3.2007578534870774e-05,0.001,5.602699114803818e-06,6.406500080289061e-06,4.748581478213387e-06,4.112591185259379e-06,3.358604038157433e-06
6080,2.1488487607310163e-08,2.1488487607310163e-08,0.0,1.863403582830357e-05,3.176011291542836e-05,0.001,7.173080758521614e-06,8.542556649979697e-06,6.089871017083841e-06,5.28930971337932e-06,4.516796015565174e-06
6090,2.1290660751450457e-08,2.1290660751450457e-08,0.0,7.168747954177384e-06,3.1846155137962874e-05,0.001,2.6349305691685327e-06,3.1218249729523677e-06,2.2549653801470345e-06,1.9634099129312065e-06,1.7469134468915003e-06
6100,2.110296629796076e-08,2.110296629796076e-08,0.0,6.961534468621314e-06,2.868200809728122e-05,0.0009000000000000001,3.2536297200089344e-06,3.447639799462383e-06,2.462860934183792e-06,2.1370038627580257e-06,1.6802567884011946e-06
6110,2.0933424117052114e-08,2.0933424117052114e-08,0.0,4.634413508331246e-06,2.874729528754126e-05,0.0009000000000000001,2.390255517391031e-06,2.357422284441822e-06,1.672307409031441e-06,1.446882777481637e-06,1.0950064922951168e-06
6120,2.0764629664676182e-08,2.0764629664676182e-08,0.0,3.1786025589982297e-06,2.883890564424802e-05,0.0009000000000000001,1.8043408704045737e-06,1.624059900022971e-06,1.1674778759668006e-06,1.0118218626009234e-06,7.481035844029262e-07
6130,2.0596281112559722e-08,2.0596281112559722e-08,0.0,2.3482150107385008e-06,2.8927556982208245e-05,0.0009000000000000001,1.4350615652705237e-06,1.1486160606431251e-06,8.50144393799766e-07,7.403267086335049e-07,5.536574742884173e-07
6140,2.042826970644927e-08,2.042826970644927e-08,0.0,2.0132007281318036e-06,2.9011065414713062e-05,0.0009000000000000001,1.2426651895729051e-06,9.053495173975664e-07,6.97598358162583e-07,6.120503443000607e-07,4.81701836130734e-07
6150,2.02605480778735e-08,2.02605480778735e-08,0.0,1.9700279240427407e-06,2.909968849303357e-05,0.0009000000000000001,1.1622711844305758e-06,8.263357056072494e-07,6.570371084900643e-07,5.798794986337418e-07,4.80963050541726e-07
6160,2.0093096618708663e-08,2.0093096618708663e-08,0.0,1.9833345748512224e-06,2.9182053849931766e-05,0.0009000000000000001,1.1372386749297112e-06,8.10922769202949e-07,6.50661515247183e-07,5.753477229523578e-07,4.87464131052973e-07
6170,1.9925921175501528e-08,1.9925921175501528e-08,0.0,1.9663243962654704e-06,2.926147550986897e-05,0.0009000000000000001,1.1374765887089438e-06,8.09502607261167e-07,6.470655348806852e-07,5.718320252661215e-07,4.818879493224897e-07
6180,1.97590417709251e-08,1.97590417709251e-08,0.0,1.943560405960033e-06,2.934004605462152e-05,0.0009000000000000001,1.1480389211064306e-06,8.160817006935456e-07,6.473298114318409e-07,5.712528313671544e-07,4.7376825195106383e-07
6190,1.959247701617526e-08,1.959247701617526e-08,0.0,1.9310760369147625e-06,2.941561719777559e-05,0.0009000000000000001,1.1538817274507284e-06,8.214885364137075e-07,6.484289120955003e-07,5.717282157488376e-07,4.693225197885677e-07
6200,1.9426242904394603e-08,1.9426242904394603e-08,0.0,1.9219372517149618e-06,2.948955981014386e-05,0.0009000000000000001,1.1479020405987742e-06,8.171659305668872e-07,6.452090293133426e-07,5.689591556174304e-07,4.6732491738813376e-07
6210,1.926035631313903e-08,1.926035631313903e-08,0.0,1.914015505472232e-06,2.9561908592852594e-05,0.0009000000000000001,1.1373598674711402e-06,8.090225966980916e-07,6.401960231635885e-07,5.648158153945477e-07,4.661829153356271e-07
6220,1.9094834012893248e-08,1.9094834012893248e-08,0.0,1.9054134037339956e-06,2.9632107192015965e-05,0.0009000000000000001,1.1305532934965613e-06,8.04070260193748e-07,6.366236267149228e-07,5.617661410744309e-07,4.6436418896008745e-07
6230,1.8929692405879103e-08,1.8929692405879103e-08,0.0,1.8956626588348013e-06,2.970032213629083e-05,0.0009000000000000001,1.126975634313625e-06,8.017351790315722e-07,6.341941236615012e-07,5.595708686562392e-07,4.6182125061835213e-07
6240,1.8764947765259833e-08,1.8764947765259833e-08,0.0,1.8863551123165208e-06,2.9766554802753644e-05,0.0009000000000000001,1.122195675341458e-06,7.984307674724361e-07,6.313198408405291e-07,5.570379779715908e-07,4.5953508518175824e-07
6250,1.8600616116803358e-08,1.8600616116803358e-08,0.0,1.8774642350841406e-06,2.9830862253088144e-05,0.0009000000000000001,1.1159991798565312e-06,7.939592068084111e-07,6.279123767051297e-07,5.540997770785271e-07,4.575337234600256e-07
6260,1.8436713279530414e-08,1.8436713279530414e-08,0.0,1.8683141460112006e-06,2.9893239328952716e-05,0.0009000000000000001,1.1105538206141647e-06,7.901103981292404e-07,6.247867240397445e-07,5.513752504219688e-07,4.5537090561728567e-07
6270,1.8273254850767975e-08,1.8273254850767975e-08,0.0,1.8590442979378567e-06,2.995364296881596e-05,0.0009000000000000001,1.105406634576087e-06,7.865096888052411e-07,6.217723529015905e-07,5.487348362581455e-07,4.53139112423974e-07
6280,1.8110256209755616e-08,1.8110256209755616e-08,0.0,1.8498966693062424e-06,3.0012119319223935e-05,0.0009000000000000001,1.0998038538242236e-06,7.825359350407685e-07,6.185878331608209e-07,5.459647100700927e-07,4.5099615186441937e-07
6290,1.794773251640649e-08,1.794773251640649e-08,0.0,1.8406808370390114e-06,3.0068664649618743e-05,0.0009000000000000001,1.0943474049010845e-06,7.786852411694455e-07,6.154569507369527e-07,5.432347854323622e-07,4.488160779760117e-07
6300,1.7785698710850233e-08,1.7785698710850233e-08,0.0,1.8314337677158275e-06,3.0123274158782183e-05,0.0009000000000000001,1.088926015044645e-06,7.74865654938741e-07,6.123380001429127e-07,5.405133998255651e-07,4.4662237324354356e-07
6310,1.76241695131784e-08,1.76241695131784e-08,0.0,1.8222000245179598e-06,3.0175963066758278e-05,0.0009000000000000001,1.0834028272949727e-06,7.709642192353353e-07,6.091800530919142e-07,5.377617588983306e-07,4.4444392260720257e-07
6320,1.7463159423069538e-08,1.7463159423069538e-08,0.0,1.8129285489161155e-06,3.0226730339637052e-05,0.0009000000000000001,1.0779376027730015e-06,7.671126824676488e-07,6.060424108558976e-07,5.350249824916403e-07,4.422471711042382e-07
6330,1.7302682719433162e-08,1.7302682719433162e-08,0.0,1.8036545213583933e-06,3.0275582965913838e-05,0.0009000000000000001,1.0724255545092085e-06,7.632245909430697e-07,6.028862430205081e-07,5.322735672163249e-07,4.4005454675774276e-07
6340,1.7142753460094378e-08,1.7142753460094378e-08,0.0,1.7943604343894833e-06,3.032252543523763e-05,0.0009000000000000001,1.0669220319659457e-06,7.593455311644842e-07,5.997321434251304e-07,5.295231985515678e-07,4.378545120885388e-07
6350,1.698338548148838e-08,1.698338548148838e-08,0.0,1.7850554838635182e-06,3.0367562348540115e-05,0.0009000000000000001,1.0614011068835616e-06,7.554540797064681e-07,5.965705838292213e-07,5.267666332826742e-07,4.35652767378761e-07
6360,1.682459239836593e-08,1.682459239836593e-08,0.0,1.7757359533276659e-06,3.0410698856299215e-05,0.0009000000000000001,1.0558762429224732e-06,7.515613024504766e-07,5.934065975199984e-07,5.240077293842548e-07,4.3344665703412294e-07
6370,1.6666387603519537e-08,1.6666387603519537e-08,0.0,1.7664050886672781e-06,3.0451939846183935e-05,0.0009000000000000001,1.0503399980503332e-06,7.476610176941144e-07,5.902374886332878e-07,5.212444493996665e-07,4.3123797708803384e-07
6380,1.6508784267536266e-08,1.6508784267536266e-08,0.0,1.7570616524913116e-06,3.0491290178994338e-05,0.0009000000000000001,1.0447981894220107e-06,7.437579784484403e-07,5.870654572939679e-07,5.184784871377701e-07,4.2902568240881514e-07
6390,1.6351795338557796e-08,1.6351795338557796e-08,0.0,1.7477075927942696e-06,3.0528755004374066e-05,0.0009000000000000001,1.0392470933838694e-06,7.398490683775853e-07,5.838891931300138e-07,5.157088601796431e-07,4.268107738292763e-07
7660,0.0020353772077724708,0.0020353772077724708,0.0,0.2455123790452188,0.024225645639471348,0.001,0.10117572287261618,0.12120088897746613,0.09358365688026896,0.07880156398558649,0.05900529647629084
7670,0.0005401220130699775,0.0005401220130699775,0.0,0.11359348312837851,0.014139821476304201,0.001,0.04702871009310468,0.05291503436813727,0.04150764444850957,0.03690812956015422,0.02915181026162666
7680,0.0004077433940004255,0.0004077433940004255,0.0,0.08075722123138425,0.004696520753001522,0.001,0.027317903354108303,0.03232651871926657,0.03375166125370112,0.028475383526254727,0.023078084736632525
7690,7.283483942123983e-05,7.283483942123983e-05,0.0,0.03134531423271681,0.004037482283875317,0.001,0.011576201996970585,0.013137972576043865,0.012088652550314502,0.010429134971692903,0.008622274477702353
7700,3.064386460620745e-05,3.064386460620745e-05,0.0,0.018448791845913488,0.0037844241647735422,0.001,0.006692734176270319,0.008318504787961617,0.007247031571887053,0.005978354384980529,0.004569715534559341
7710,2.58456750366024e-05,2.58456750366024e-05,0.0,0.01749430211000362,0.0024490016914144284,0.001,0.005656761713556089,0.007488766143069175,0.007479875974755721,0.005980797945458308,0.004556931493034442
7720,1.218684593161512e-05,1.218684593161512e-05,0.0,0.011413815799555315,0.001835636232303154,0.001,0.003629903395354898,0.00483564139221612,0.004906961284928943,0.003918604000757089,0.002993395351894599
7730,4.218439326945389e-06,4.218439326945389e-06,0.0,0.005008867501364551,0.0014492803951168334,0.001,0.0012260634639362827,0.0018285312348755632,0.0023648546356179324,0.001874583495931563,0.0014648982411120462
7740,1.8941902214376945e-06,1.8941902214376945e-06,0.0,0.00366419798851676,0.0010382622410095,0.001,0.0012940435364853615,0.0015355908208408082,0.001577909047208183,0.0013253365771727478,0.0010766925913247571
7750,6.842213781903417e-07,6.842213781903417e-07,0.0,0.0017872362082663035,0.0007233998584069918,0.001,0.00044449642324812585,0.0006341595396156007,0.0008462295863888046,0.0006844095720966853,0.0005451432123364561
7760,3.662014971235883e-07,3.662014971235883e-07,0.0,0.0015271851471694835,0.00043281959678122684,0.001,0.00051665335375286,0.0006644101972551172,0.0006373620342489631,0.0005137818540431512,0.0003916746615841973
7770,2.2686111896366477e-07,2.2686111896366477e-07,0.0,0.000610643207044218,0.0002410106060907121,0.001,0.00021569235100521667,0.0002551989305650627,0.0002567210899372057,0.00021605404939408816,0.00017728052977100377
7780,1.9808245311058962e-07,1.9808245311058962e-07,0.0,7.032019384932473e-05,0.00012192883631077291,0.001,2.5230635268736203e-05,3.184941967778538e-05,2.830083605666072e-05,2.2760600911008197e-05,1.7624046998383117e-05
7790,1.9978158495466324e-07,1.9978158495466324e-07,0.0,0.00016446951412754315,4.811766319367628e-05,0.001,4.739149959408536e-05,6.162939331311308e-05,7.530616502852634e-05,6.111964257171156e-05,4.956577496943272e-05
7800,1.9884332924539204e-07,1.9884332924539204e-07,0.0,0.0001667145674900895,4.392684298233059e-05,0.001,4.965640183492794e-05,6.766948314174084e-05,7.324038690391897e-05,5.8607763751278146e-05,4.503561539103587e-05
7810,1.9640032103283212e-07,1.9640032103283212e-07,0.0,5.804576509608615e-05,4.674632017343669e-05,0.001,2.5145091795225772e-05,2.8534646978437033e-05,2.175439476787691e-05,1.87862475850095e-05,1.5158810444117054e-05
7820,1.9549036220208295e-07,1.9549036220208295e-07,0.0,4.9332349000619536e-05,4.060423302413296e-05,0.001,1.637644734600335e-05,1.955545239637421e-05,2.1626960351745107e-05,1.795791143941826e-05,1.4616459911727056e-05
7830,1.9464348932964905e-07,1.9464348932964905e-07,0.0,2.6553128439391404e-05,3.889659860124649e-05,0.001,9.31206184307188e-06,1.2153609470468289e-05,1.240588538201552e-05,9.898765674837241e-06,7.265197644341202e-06
7840,1.9395907418605124e-07,1.9395907418605124e-07,0.0,1.3809846184055247e-05,3.8321113880365696e-05,0.001,3.1184317014332203e-06,4.537385503560572e-06,5.470866694686032e-06,4.455466761293341e-06,3.8559202264536955e-06
7850,1.93309589585708e-07,1.93309589585708e-07,0.0,1.0251761024065872e-05,3.910307993386425e-05,0.001,2.495143194239857e-06,3.3758936954724363e-06,3.887032114499481e-06,3.2716422575157482e-06,2.891336861930771e-06
7860,1.9265013803562636e-07,1.9265013803562636e-07,0.0,8.608200971919019e-06,3.995943254272787e-05,0.001,3.3527287533996027e-06,3.944760890821197e-06,3.7860117020075955e-06,3.197059176737094e-06,2.4476835690589292e-06
7870,1.9197460051306075e-07,1.9197460051306075e-07,0.0,5.680845555795673e-06,4.092259364422953e-05,0.001,2.433763905525619e-06,2.5295229328890245e-06,2.545282953328887e-06,2.330420846068858e-06,1.8650447722935902e-06
7880,1.912866527134593e-07,1.912866527134593e-07,0.0,5.720390652408796e-06,4.189535380838588e-05,0.001,1.7079340155514174e-06,1.769406099591032e-06,1.8276485206679786e-06,1.7964236895264061e-06,1.750432894218891e-06
7890,1.9058496048384726e-07,1.9058496048384726e-07,0.0,4.949135193055731e-06,4.280321828566032e-05,0.001,1.9193229309050216e-06,1.9274834282745185e-06,1.951729143347796e-06,1.8661476456843477e-06,1.6171816935802268e-06
7900,1.89870239224163e-07,1.89870239224163e-07,0.0,4.828027969101008e-06,4.368270034892133e-05,0.001,1.863974316602691e-06,1.8384807258343202e-06,1.9455451795797347e-06,1.8675907510722516e-06,1.6133363994287942e-06
7910,1.8914251472027455e-07,1.8914251472027455e-07,0.0,4.934683271245812e-06,4.45546679792396e-05,0.001,1.7744992700968961e-06,1.7468273631216883e-06,1.8066299295110038e-06,1.77202311389568e-06,1.6028067044704661e-06
7920,1.88402126301094e-07,1.88402126301094e-07,0.0,4.837024262191695e-06,4.539415980387861e-05,0.001,1.8329025728477242e-06,1.810808916794101e-06,1.8671283426884207e-06,1.8087204095693173e-06,1.5919367940222403e-06
7930,1.8764946241586125e-07,1.8764946241586125e-07,0.0,4.848290502142011e-06,4.62183943865436e-05,0.001,1.793481608793313e-06,1.765628135362418e-06,1.8273534367328626e-06,1.7829888296177118e-06,1.5891772403986357e-06
7940,1.8688490555488056e-07,1.8688490555488056e-07,0.0,4.8221195849237215e-06,4.703021891278433e-05,0.001,1.792838456018594e-06,1.7652845098157883e-06,1.836323309529908e-06,1.788196908704823e-06,1.5864288087624799e-06
7950,1.86108811578877e-07,1.86108811578877e-07,0.0,4.8065649206527165e-06,4.782457736541307e-05,0.001,1.7914403800741758e-06,1.7652529182573353e-06,1.8348944912529363e-06,1.7857949248429891e-06,1.582339567638119e-06
7960,1.8532153041173714e-07,1.8532153041173714e-07,0.0,4.806846264746037e-06,4.860459816720932e-05,0.001,1.781286486705781e-06,1.7559127640268953e-06,1.8202948506340934e-06,1.7748504299378148e-06,1.5786647424726347e-06
7970,1.8452340157692247e-07,1.8452340157692247e-07,0.0,4.788213287493655e-06,4.936814638156716e-05,0.001,1.780353253277913e-06,1.7559323761043527e-06,1.8214737682423266e-06,1.7743115560464624e-06,1.5747731516616912e-06
7980,1.8371475501693387e-07,1.8371475501693387e-07,0.0,4.7804173267377e-06,5.011714710068303e-05,0.001,1.7724727998136256e-06,1.7483916424210957e-06,1.8134724781944834e-06,1.7678917212661354e-06,1.571332706243216e-06
7990,1.828959115717271e-07,1.828959115717271e-07,0.0,4.76510652065999e-06,5.0851451729329085e-05,0.001,1.7690043853168084e-06,1.7455625729904975e-06,1.8117838409391677e-06,1.7655245834943932e-06,1.5676278994371439e-06
8000,1.820671835003003e-07,1.820671835003003e-07,0.0,4.754592946158174e-06,5.1571885223242166e-05,0.001,1.762730833243832e-06,1.7398329810651764e-06,1.805770645303788e-06,1.7603318544678797e-06,1.5639599331973792e-06
8010,1.8122887509520898e-07,1.8122887509520898e-07,0.0,4.741332353481307e-06,5.2278689148857714e-05,0.001,1.7579999845029892e-06,1.7357829479879725e-06,1.8019011656369003e-06,1.7564917113886589e-06,1.560145138372184e-06
8020,1.803812832027735e-07,1.803812832027735e-07,0.0,4.729575129756219e-06,5.297241030551754e-05,0.001,1.7522592029836326e-06,1.7306805873611871e-06,1.7965610238575913e-06,1.7516790848208586e-06,1.556322819118841e-06
8030,1.7952469767045837e-07,1.7952469767045837e-07,0.0,4.716691497346494e-06,5.365335312959688e-05,0.001,1.746996795475475e-06,1.726095256067693e-06,1.791958885890968e-06,1.747326904141242e-06,1.552420610954161e-06
8040,1.7865940175832963e-07,1.7865940175832963e-07,0.0,4.704167641263047e-06,5.432187834582758e-05,0.001,1.741372780473538e-06,1.7211295713719499e-06,1.7868693721562615e-06,1.742643472752492e-06,1.548488219769112e-06
8050,1.777856725095452e-07,1.777856725095452e-07,0.0,4.691230712216906e-06,5.4978244872280935e-05,0.001,1.7358459115402755e-06,1.7162702592673964e-06,1.7819557347817472e-06,1.7380570338335444e-06,1.5445038467625312e-06
8060,1.7690378108725155e-07,1.7690378108725155e-07,0.0,4.678238652429572e-06,5.5622765253283075e-05,0.001,1.7302062471052348e-06,1.7112954093639226e-06,1.7769078646413187e-06,1.7333683341881568e-06,1.5404767231203804e-06
8070,1.7601399307880382e-07,1.7601399307880382e-07,0.0,4.665096151415048e-06,5.625569949828991e-05,0.001,1.724514533190558e-06,1.7062701405240256e-06,1.7718114375584463e-06,1.7286325505921624e-06,1.536404600860387e-06
8080,1.7511656877241203e-07,1.7511656877241203e-07,0.0,4.6517827678769e-06,5.6877311167664e-05,0.001,1.7187868657805301e-06,1.7012118223255766e-06,1.7666881690294047e-06,1.7238637321714633e-06,1.532287525300264e-06
8090,1.7421176340867679e-07,1.7421176340867679e-07,0.0,4.638366730875361e-06,5.748783997515947e-05,0.001,1.712986689932617e-06,1.696081363686763e-06,1.7614832395132629e-06,1.7190267892966661e-06,1.5281281481302009e-06
8100,1.7329982740988856e-07,1.7329982740988856e-07,0.0,4.6247953537767704e-06,5.808751254238368e-05,0.001,1.7071482765156899e-06,1.6909147870712301e-06,1.7562453147845648e-06,1.714153325140139e-06,1.5239256674922246e-06
8110,1.7238100658941636e-07,1.7238100658941636e-07,0.0,4.611100143181207e-06,5.867654477530256e-05,0.001,1.7012565313801688e-06,1.6856955267078191e-06,1.7509511653528505e-06,1.7092286647492969e-06,1.5196817801553865e-06
8120,1.7145554234313596e-07,1.7145554234313596e-07,0.0,4.5972788566391376e-06,5.92551381521279e-05,0.001,1.6953156216619934e-06,1.68042760788425e-06,1.7456058708233168e-06,1.7042563995615253e-06,1.5153971110583266e-06
8130,1.7052367182475002e-07,1.7052367182475002e-07,0.0,4.58332830212257e-06,5.982348446830571e-05,0.001,1.6893302333359038e-06,1.6751156594025516e-06,1.7402152851253282e-06,1.6992405920684664e-06,1.5110722370234228e-06
8140,1.695856281066189e-07,1.695856281066189e-07,0.0,4.5692572032814024e-06,6.0381765703976024e-05,0.001,1.6832985201941831e-06,1.6697573339290908e-06,1.7347756200711003e-06,1.6941790298923758e-06,1.5067081582698309e-06
8150,1.686416403274371e-07,1.686416403274371e-07,0.0,4.555066433013599e-06,6.0930154650461986e-05,0.001,1.6772226986481676e-06,1.6643546810087693e-06,1.7292890917976467e-06,1.6890734135397701e-06,1.502305526483978e-06
8160,1.676919338280889e-07,1.676919338280889e-07,0.0,4.540757777818677e-06,6.146881576344296e-05,0.001,1.6711046569051662e-06,1.65890937412216e-06,1.723757458523845e-06,1.6839251168176315e-06,1.4978650697959498e-06
8170,1.6673673027673392e-07,1.6673673027673392e-07,0.0,4.526335252821894e-06,6.19979053400756e-05,0.001,1.6649459278470994e-06,1.6534225978257458e-06,1.7181819265046728e-06,1.6787350375902306e-06,1.4933877923186533e-06
8180,1.6577624778418338e-07,1.6577624778418338e-07,0.0,4.511814803031656e-06,6.251756296818276e-05,0.001,1.6587720095143289e-06,1.6479182856799704e-06,1.7125950805635288e-06,1.6735205169318642e-06,1.4888811208532309e-06
8190,1.648107010272975e-07,1.648107010272975e-07,0.0,4.497921399359504e-06,6.302742972245122e-05,0.001,1.6538030058685126e-06,1.6435612753110824e-06,1.7085917777560863e-06,1.6691101738492776e-06,1.4846870703502185e-06
8200,1.6384041230195213e-07,1.6384041230195213e-07,0.0,4.792047894592595e-06,6.348882468956158e-05,0.001,1.8283789901746118e-06,1.8721589711003831e-06,1.955915196109835e-06,1.798022121989886e-06,1.550740712754337e-06
8210,1.6473677794260324e-07,1.6473677794260324e-07,0.0,0.00019896866264844748,0.00011160741943138133,0.001,7.05105405534631e-05,9.256290572866789e-05,8.945224940777058e-05,6.307785804147223e-05,4.694177926670374e-05
8220,5.421397578553633e-05,5.421397578553633e-05,0.0,0.03376462181863869,0.01359251684493681,0.001,0.011907777401184687,0.015680734884682978,0.015141930974469548,0.010672437811908124,0.007957107891658124
8230,1.8020616182153946e-05,1.8020616182153946e-05,0.0,0.01915601796511084,0.00327535259390755,0.001,0.006672242661026749,0.008812303193912357,0.008571085822904915,0.006142124389453596,0.00458969967135792
8240,6.407162308044168e-07,6.407162308044168e-07,0.0,0.0030979525587931525,0.0031973812468292107,0.001,0.0010725088091563138,0.0014146678233259184,0.0013890020490449151,0.0010024551346762603,0.0007474205209851766
8250,4.102198134444634e-06,4.102198134444634e-06,0.0,0.008837352628117476,0.00202703677542186,0.001,0.0030372792261448827,0.004011212944864914,0.003945556760425464,0.002876076432696532,0.0021503283946112464
8260,2.444118874819427e-07,2.444118874819427e-07,0.0,0.0013130404608477845,0.0011020216697578565,0.001,0.0004507464944619788,0.0005950863324240438,0.0005874059230517871,0.0004278747132371451,0.0003193837225908342
8270,6.14686076996514e-07,6.14686076996514e-07,0.0,0.0030016549477229933,0.0006251442271135676,0.001,0.0010283249887045023,0.0013584150293972665,0.001340388895823353,0.0009802852331711456,0.0007329336439547
8280,1.614406449426095e-07,1.614406449426095e-07,0.0,0.00037039576456589235,0.0003647997908288459,0.001,0.00012722373977325045,0.00016794126790483228,0.00016591929784751677,0.00012124322820035861,9.049622065956226e-05
8290,2.162633360863381e-07,2.162633360863381e-07,0.0,0.0011090373787463227,0.00029286928916211896,0.001,0.0003793989562695305,0.0005013706489181102,0.0004948345945187362,0.000362114208277091,0.00027081664820094437
8300,1.5686593895117388e-07,1.5686593895117388e-07,0.0,0.0002923392053843756,6.524885985117184e-05,0.001,0.00010026691029815778,0.00013225505659697744,0.00013070252877976076,9.556277799511715e-05,7.139953024869619e-05
8310,1.5353376502445805e-07,1.5353376502445805e-07,0.0,0.00019731280119076965,0.00011697192879534264,0.001,6.77528660264609e-05,8.939144120194233e-05,8.827475372066481e-05,6.465828457134293e-05,4.831998821672056e-05
8320,1.532577651140227e-07,1.532577651140227e-07,0.0,0.00022861764266052326,9.351713273010855e-05,0.001,7.796115172256852e-05,0.00010321308408701371,0.00010177503655088952,7.445809637424592e-05,5.576497765625609e-05
8330,1.505149872083161e-07,1.505149872083161e-07,0.0,0.00013150551308023782,7.026352762468861e-05,0.001,4.5220078948036114e-05,5.9578916737346745e-05,5.889972615810003e-05,4.3116613296319374e-05,3.220017560738631e-05
8340,1.488485921535125e-07,1.488485921535125e-07,0.0,5.8973143831524415e-05,6.601756205800599e-05,0.001,1.9955200949105566e-05,2.6504645029607918e-05,2.60842275840758e-05,1.9100618882646594e-05,1.4358296220912512e-05
8350,1.477413893941656e-07,1.477413893941656e-07,0.0,2.5921295404357305e-05,6.586807921235084e-05,0.001,9.114970556935375e-06,1.1814381447840254e-05,1.1766109835004468e-05,8.665437672891657e-06,6.463074300618541e-06
8360,1.4675161383525653e-07,1.4675161383525653e-07,0.0,1.4625843035618629e-05,6.62246121902101e-05,0.001,4.801964728256126e-06,6.372119099565867e-06,6.222849690241753e-06,4.667332697356715e-06,3.626155076349602e-06
8370,1.4577863054959972e-07,1.4577863054959972e-07,0.0,1.1364532035437194e-05,6.661548793548456e-05,0.001,4.123707403144673e-06,5.144956077727617e-06,5.1854878189783944e-06,3.933606483700797e-06,2.9873794655882677e-06
8380,1.4480605331410715e-07,1.4480605331410715e-07,0.0,9.784807177636986e-06,6.704509647554434e-05,0.001,3.1723834694521406e-06,4.147206416297947e-06,4.03710663260426e-06,3.1269022306927496e-06,2.5060326264822372e-06
8390,1.43831204224005e-07,1.43831204224005e-07,0.0,7.625531043359518e-06,6.737406300945057e-05,0.001,2.8306193404819667e-06,3.3807679528746616e-06,3.446856194702873e-06,2.7265954057956613e-06,2.1320045418782693e-06
8400,1.4285470499943996e-07,1.4285470499943996e-07,0.0,5.085811915024035e-06,6.775351534083922e-05,0.001,1.6717341713878708e-06,1.9151342506402684e-06,1.8896450450912495e-06,1.7230074580944664e-06,1.517733887326061e-06
8410,1.4187762769683595e-07,1.4187762769683595e-07,0.0,4.118299163534319e-06,6.809028788604631e-05,0.001,1.47601989022151e-06,1.4846422055831638e-06,1.5385079928037756e-06,1.5242058436448312e-06,1.3643555341392654e-06
8420,1.4089944948539918e-07,1.4089944948539918e-07,0.0,4.301546781389271e-06,6.844150304708553e-05,0.001,1.6040458133830995e-06,1.6443761190756597e-06,1.7220779204718714e-06,1.6239941418449438e-06,1.4123650360403245e-06
8430,1.3991961551016123e-07,1.3991961551016123e-07,0.0,4.105948331819665e-06,6.8790458413817e-05,0.001,1.45674631313782e-06,1.472988464842071e-06,1.5197178726743022e-06,1.5091313581716192e-06,1.354664341161083e-06
8440,1.3893850400766006e-07,1.3893850400766006e-07,0.0,4.091616623383443e-06,6.912815044719514e-05,0.001,1.4506063917725613e-06,1.4676267179764083e-06,1.5138082343974338e-06,1.5035069391065904e-06,1.3497843225721225e-06
8450,1.3795616390549921e-07,1.3795616390549921e-07,0.0,4.053710988318421e-06,6.946014265567513e-05,0.001,1.4627651147581115e-06,1.469711511576189e-06,1.528411155197904e-06,1.509026581464864e-06,1.3468427021930198e-06
8460,1.3697275086742745e-07,1.3697275086742745e-07,0.0,4.040982044021104e-06,6.978732012804948e-05,0.001,1.4625466191492466e-06,1.469549391087507e-06,1.5304667303350295e-06,1.5076996798182156e-06,1.343581676590387e-06
8470,1.359883853958725e-07,1.359883853958725e-07,0.0,4.022296425869091e-06,7.010878669940352e-05,0.001,1.4512212597652908e-06,1.4586340653366284e-06,1.5175358066985887e-06,1.4982022266369704e-06,1.3370087212194921e-06
8480,1.3500320259364585e-07,1.3500320259364585e-07,0.0,4.0053813611697186e-06,7.042437862412127e-05,0.001,1.441536768466968e-06,1.4496006780561157e-06,1.50692125007022e-06,1.4899710290021502e-06,1.331006597536235e-06
8490,1.3401733232922933e-07,1.3401733232922933e-07,0.0,3.989281503144348e-06,7.073399419370523e-05,0.001,1.4342461822962663e-06,1.442750490950828e-06,1.4994704820671584e-06,1.4834468215841613e-06,1.3256534737695823e-06
8500,1.3303090301969319e-07,1.3303090301969319e-07,0.0,3.973225037734272e-06,7.103768844340098e-05,0.001,1.4279534593657028e-06,1.4367202605011415e-06,1.4932931034398405e-06,1.4775970709003446e-06,1.3205305855829156e-06
8510,1.3204404180673668e-07,1.3204404180673668e-07,0.0,3.9571060323802895e-06,7.133561327765944e-05,0.001,1.4219161686639704e-06,1.4308866947354895e-06,1.487451151295763e-06,1.4719192099521662e-06,1.3154550268087181e-06
8520,1.3105687430189202e-07,1.3105687430189202e-07,0.0,3.940936162155907e-06,7.162782724016246e-05,0.001,1.415856852667892e-06,1.4250282838845994e-06,1.4815811247128314e-06,1.4662165514518817e-06,1.3103598067906316e-06
8530,1.3006952456545198e-07,1.3006952456545198e-07,0.0,3.9247137422847885e-06,7.191434261672926e-05,0.001,1.4096525573123377e-06,1.4190450945767725e-06,1.4755163204202656e-06,1.4603992392422734e-06,1.305213610918357e-06
8540,1.2908211511985668e-07,1.2908211511985668e-07,0.0,3.90842897540154e-06,7.219520189305983e-05,0.001,1.4032711503114162e-06,1.4129098510403458e-06,1.4692144027911866e-06,1.4544460625371815e-06,1.3000080543586232e-06
8550,1.2809476695999716e-07,1.2809476695999716e-07,0.0,3.892091909832162e-06,7.247044248495962e-05,0.001,1.3968496727057837e-06,1.4067351627609732e-06,1.4628553571413276e-06,1.4484539228231705e-06,1.2947777859918562e-06
8560,1.2710759955550885e-07,1.2710759955550885e-07,0.0,3.875713129101013e-06,7.274007754123969e-05,0.001,1.390589078953479e-06,1.4006837629012428e-06,1.4567051460740226e-06,1.442564191669462e-06,1.289573348309983e-06
8570,1.2612073086170834e-07,1.2612073086170834e-07,0.0,3.859289941545934e-06,7.300414020846065e-05,0.001,1.384380894311743e-06,1.3946676916415402e-06,1.4506210256933493e-06,1.4367006383177989e-06,1.2843680806124037e-06
8580,1.2513427732655657e-07,1.2513427732655657e-07,0.0,3.842814046957886e-06,7.326268011221588e-05,0.001,1.3780388577037762e-06,1.3885358756634387e-06,1.444353847187015e-06,1.4307315349083441e-06,1.2791151938814019e-06
8590,1.241483538975448e-07,1.241483538975448e-07,0.0,3.826296153110726e-06,7.351571629137916e-05,0.001,1.3717566690531286e-06,1.3824455364402124e-06,1.4381626790094665e-06,1.4247942979452118e-06,1.2738639129926023e-06
8600,1.2316307402821952e-07,1.2316307402821952e-07,0.0,3.8097322151867506e-06,7.376328546355972e-05,0.001,1.365428489273735e-06,1.3763108777601217e-06,1.4319050845990817e-06,1.4188138481322146e-06,1.2685876567156127e-06
8610,1.2217854968466836e-07,1.2217854968466836e-07,0.0,3.7931271295617165e-06,7.400541427197489e-05,0.001,1.3591193721726202e-06,1.370184739339441e-06,1.4256686317288786e-06,1.412836515621553e-06,1.2633032700852088e-06
8620,1.2119489135164464e-07,1.2119489135164464e-07,0.0,3.7764797146978947e-06,7.42421360301569e-05,0.001,1.3527865423482253e-06,1.3640324700291456e-06,1.419395107266424e-06,1.4068318741542454e-06,1.258000061391659e-06
8630,1.2021220803849482e-07,1.2021220803849482e-07,0.0,3.7597923119169938e-06,7.447347897620828e-05,0.001,1.3464477577549203e-06,1.3578685558602989e-06,1.4131083960114854e-06,1.400812677383976e-06,1.2526828470576419e-06
8640,1.1923060728490778e-07,1.1923060728490778e-07,0.0,3.7430670642360005e-06,7.469947136116224e-05,0.001,1.3401151215834678e-06,1.3517029030101567e-06,1.4068250042676398e-06,1.3947877164519561e-06,1.247355046366315e-06
8650,1.1825019516716196e-07,1.1825019516716196e-07,0.0,3.7263168592337994e-06,7.492013090879518e-05,0.001,1.3339155446237168e-06,1.3456392427010838e-06,1.4007210729091177e-06,1.388848725469943e-06,1.2420504420518907e-06
8660,1.1735898384968354e-07,1.1735898384968354e-07,0.0,3.7110125985407817e-06,6.763378130831428e-05,0.0009000000000000001,1.327913584676994e-06,1.3398212402426832e-06,1.3946622285352708e-06,1.3831759427859919e-06,1.2371182239858931e-06
8670,1.164781822049633e-07,1.164781822049633e-07,0.0,3.69585542434365e-06,6.784932573687121e-05,0.0009000000000000001,1.3221303785875502e-06,1.3341856761696865e-06,1.3888777217095257e-06,1.3776666904104133e-06,1.2322694605768305e-06
8680,1.1559796637399098e-07,1.1559796637399098e-07,0.0,3.68066466715709e-06,6.806556961050578e-05,0.0009000000000000001,1.3164611985872804e-06,1.3286369182961561e-06,1.3832489671058965e-06,1.372230306040803e-06,1.2274384389302713e-06
8690,1.1471838425957561e-07,1.1471838425957561e-07,0.0,3.6654333735477046e-06,6.82792913755244e-05,0.0009000000000000001,1.3107692426480643e-06,1.323064284871035e-06,1.3775856463057427e-06,1.3667683469977412e-06,1.2225896921010873e-06
8700,1.138395086022581e-07,1.138395086022581e-07,0.0,3.650156537397151e-06,6.848936293366478e-05,0.0009000000000000001,1.3049731401307158e-06,1.3174011231368e-06,1.371772144400764e-06,1.3612218256976164e-06,1.2177019492543472e-06
8710,1.1296142021734616e-07,1.1296142021734616e-07,0.0,3.6348480663851853e-06,6.86953836091116e-05,0.0009000000000000001,1.2992076682532204e-06,1.3117569525334207e-06,1.3659983805854922e-06,1.3556888802957825e-06,1.2128115775786457e-06
8720,1.1208420210354903e-07,1.1208420210354903e-07,0.0,3.6195062038159494e-06,6.889722732584782e-05,0.0009000000000000001,1.2934481353797126e-06,1.306111823097261e-06,1.3602295542769001e-06,1.3501516033562132e-06,1.207912098921002e-06
8730,1.1120793737402722e-07,1.1120793737402722e-07,0.0,3.6041279278971334e-06,6.909486532484371e-05,0.0009000000000000001,1.2876608222123092e-06,1.300438461737298e-06,1.3544172177782458e-06,1.3445852871914397e-06,1.2029944408833117e-06
8740,1.1033270853037534e-07,1.1033270853037534e-07,0.0,3.588717448269568e-06,6.92882951331e-05,0.0009000000000000001,1.2818786059905857e-06,1.2947636587245217e-06,1.3486082185638504e-06,1.3390140563858375e-06,1.198067705802812e-06
8750,1.0945859720866144e-07,1.0945859720866144e-07,0.0,3.5732748263913874e-06,6.947752902695633e-05,0.0009000000000000001,1.276091010150996e-06,1.2890789377692906e-06,1.3427874030601254e-06,1.3334303266636833e-06,1.1931292807793757e-06
8760,1.0858568409133136e-07,1.0858568409133136e-07,0.0,3.557800636803753e-06,6.966258169572818e-05,0.0009000000000000001,1.2702938129289471e-06,1.2833809175030437e-06,1.3369484458827715e-06,1.3278310556392936e-06,1.1881782144413934e-06
8770,1.0771404887737443e-07,1.0771404887737443e-07,0.0,3.542296639119882e-06,6.984346847863272e-05,0.0009000000000000001,1.2644942426369694e-06,1.2776755386307296e-06,1.3311016624043697e-06,1.3222216356698816e-06,1.183216692204043e-06
8780,1.0684377027289971e-07,1.0684377027289971e-07,0.0,3.526765725899558e-06,7.002020452976031e-05,0.0009000000000000001,1.2587075216273975e-06,1.271975258355368e-06,1.3252693557420629e-06,1.3166134554082263e-06,1.178249180346644e-06
8790,1.0597492599086725e-07,1.0597492599086725e-07,0.0,3.511241018508333e-06,7.019278746762761e-05,0.0009000000000000001,1.253136735658023e-06,1.2664469429144029e-06,1.3197528820372561e-06,1.3111583469357287e-06,1.1733337153486073e-06
8800,1.0510759340229116e-07,1.0510759340229116e-07,0.0,3.498094147042411e-06,7.036086352984053e-05,0.0009000000000000001,1.252343634037158e-06,1.265352397164243e-06,1.3214244829886935e-06,1.309342479173218e-06,1.1699221558662854e-06
8810,1.0424233968149995e-07,1.0424233968149995e-07,0.0,4.676459138445285e-06,7.052510999607729e-05,0.0009000000000000001,1.7264633600103098e-06,1.9515851358254057e-06,2.0323458019731566e-06,1.7197716960202617e-06,1.417071134813647e-06
8820,1.041540213931357e-07,1.041540213931357e-07,0.0,0.00012317867811524505,8.784519980907363e-05,0.0009000000000000001,4.2206266292603835e-05,5.583541728777866e-05,5.517485751037714e-05,4.019767469844141e-05,3.0027312612093346e-05
8830,2.4967646541631172e-06,2.4967646541631172e-06,0.0,0.006836807510807291,0.002985714873696152,0.0009000000000000001,0.0023344394213901127,0.0030950637938933208,0.00305375955817471,0.0022242496959826844,0.0016632302771590528
8840,4.21756418000689e-05,4.21756418000689e-05,0.0,0.028313992137282654,0.012589383643137303,0.0009000000000000001,0.009548952916957941,0.012679213647299641,0.012569172380604045,0.0093385526173815,0.007010915174367068
8850,7.863458554757582e-06,7.863458554757582e-06,0.0,0.011870486112419667,0.006677977515924302,0.0009000000000000001,0.00392808109192464,0.0052149035476157825,0.005231865837116732,0.00399689231891153,0.0030147287614128984
8860,7.859007120298079e-06,7.859007120298079e-06,0.0,0.011867951994974363,0.0029655712972970864,0.0009000000000000001,0.003910099634973394,0.005190101848320608,0.005145961402385122,0.004039345294681514,0.0030772362133949594
8870,5.999455014023626e-07,5.999455014023626e-07,0.0,0.0029810628059791736,0.0019032032467382013,0.0009000000000000001,0.0009758610644494772,0.0012944676544713824,0.0012959147588795562,0.0010191908960736002,0.0007747588511346608
8880,6.57135727599991e-07,6.57135727599991e-07,0.0,0.0032097876370531637,0.0004695585000219183,0.0009000000000000001,0.00106368600878274,0.001406299544043759,0.0013683665340301356,0.0010963566638164928,0.0008424757473154972
8890,3.423392168105942e-07,3.423392168105942e-07,0.0,0.002120853309590019,0.0007664525091444586,0.0009000000000000001,0.0007018682562160423,0.0009279752254521995,0.000904375059095616,0.0007248376682401618,0.0005569060864127597
8900,1.126226312821355e-07,1.126226312821355e-07,0.0,0.0005358780495303963,0.00011097229719207937,0.0009000000000000001,0.00017584904208525583,0.000233042164582838,0.00023048221977521529,0.00018352302487302887,0.00014034938629219054
8910,1.360356338362454e-07,1.360356338362454e-07,0.0,0.0008545278317935943,0.0002673713268037175,0.0009000000000000001,0.00028128183477405547,0.0003724667917145008,0.00036583324250394914,0.0002922942572313725,0.00022411158662539622
8920,9.597369863885263e-08,9.597369863885263e-08,0.0,0.00013661931249493668,8.181072157195101e-05,0.0009000000000000001,4.554356084354241e-05,6.0028600814883185e-05,5.808736798402089e-05,4.6754994653690303e-05,3.5975833164344035e-05
8930,9.881073018587395e-08,9.881073018587395e-08,0.0,0.0002921002178314107,0.00011822600027674024,0.0009000000000000001,9.658263802663077e-05,0.00012768757953604518,0.00012483021410422627,9.995396050179145e-05,7.671440387114386e-05
8940,9.390913637333605e-08,9.390913637333605e-08,0.0,0.00010462243656598147,7.114360132092993e-05,0.0009000000000000001,3.444840522733477e-05,4.563597563983689e-05,4.445931018642475e-05,3.5681473185291994e-05,2.7465016312445388e-05
8950,9.272833402773925e-08,9.272833402773925e-08,0.0,6.627318607901066e-05,7.723115147439196e-05,0.0009000000000000001,2.1798613778393375e-05,2.8890157190358348e-05,2.805319994389425e-05,2.255546119259636e-05,1.739894496873175e-05
10210,0.0016877241939821821,0.0016877241939821821,0.0,0.2238145692078568,0.02879892369724426,0.001,0.10053458398171679,0.11276498768374124,0.08044988419633914,0.07308206981959059,0.054352556338817706
10220,0.0006552505657768607,0.0006552505657768607,0.0,0.11375770317528691,0.014827878577327109,0.001,0.04479209455927446,0.050756045373130346,0.04412365433881803,0.03985308303216544,0.03131438310351023
10230,0.0003091964596460337,0.0003091964596460337,0.0,0.06827920577595455,0.0045726680350977504,0.001,0.02342246057045921,0.02726110097069626,0.028681822747920048,0.02490033700464897,0.02023786868362171
10240,3.54068933106548e-05,3.54068933106548e-05,0.0,0.021570955426629432,0.004820714058269661,0.001,0.008725147604134106,0.010097583550813877,0.007678948545496298,0.00711433223286545,0.005742675388894126
10250,3.924535757224903e-05,3.924535757224903e-05,0.0,0.020281158939888255,0.003112870430445914,0.001,0.005924199567167501,0.00825095822162039,0.009351762894171394,0.0073599630090091465,0.005680159730980747
10260,2.6049443703991267e-05,2.6049443703991267e-05,0.0,0.01584503034043528,0.0016894809295352564,0.001,0.004517236485417258,0.006333340518702578,0.007360434966720253,0.005797190101714271,0.0044939888862342995
10270,1.133813777708595e-05,1.133813777708595e-05,0.0,0.008672629436955947,0.0015245893425361381,0.001,0.0024545094841994454,0.0034370016175178063,0.004021161289082673,0.003175547113454171,0.0024707267272692087
10280,5.0653181982335776e-06,5.0653181982335776e-06,0.0,0.0036841402035374107,0.001342469229585329,0.001,0.0008932063684845045,0.0012523251347457375,0.0017909565530166108,0.001478213920267243,0.0011996111262611412
10290,2.922653688856593e-06,2.922653688856593e-06,0.0,0.003079590002686748,0.0011022615515110118,0.001,0.0011277000709691372,0.0013320154251209209,0.0012969592885464895,0.0011626728638483486,0.0009632066981111389
10300,1.533819751038693e-06,1.533819751038693e-06,0.0,0.0015554135563723146,0.0008850048612375343,0.001,0.0003595319460830335,0.0005389267639138699,0.0007597135065755847,0.000610029529565599,0.0004871204789771273
10310,9.239384929683556e-07,9.239384929683556e-07,0.0,0.0012089324576636637,0.0006733372681608983,0.001,0.00034376121923804443,0.00047485934416912885,0.000552969942329628,0.00044248983213994225,0.00034728705829823993
10320,6.119287016932946e-07,6.119287016932946e-07,0.0,0.0006366838982517009,0.000490758105372798,0.001,0.00023632883124396177,0.00028203237460335933,0.0002705808054762194,0.0002450791142344419,0.00020252060910880764
10330,4.844972078199979e-07,4.844972078199979e-07,0.0,0.0002702052640949672,0.0003288949342850198,0.001,0.00010487028766450256,0.00012327167102570114,8.885898064359386e-05,7.964327351571744e-05,6.773018119219465e-05
10340,4.459391263250628e-07,4.459391263250628e-07,0.0,0.00020416052017263866,0.00020413535624173824,0.001,6.020656920666763e-05,8.423583635458763e-05,9.450695396521615e-05,7.468419273202631e-05,5.8668824762984486e-05
10350,4.318993812006397e-07,4.318993812006397e-07,0.0,0.00013068740686861217,0.00012559789818731922,0.001,3.3750301155634576e-05,4.373531948223996e-05,5.599988482517105e-05,4.7563467073543035e-05,4.0948273020403995e-05
10360,4.269859087356047e-07,4.269859087356047e-07,0.0,4.030887104827297e-05,8.042426601891182e-05,0.001,1.719450661307622e-05,2.044855735848004e-05,1.538487829763447e-05,1.4385491748042155e-05,1.1649551875866566e-05
10370,4.2563051946650574e-07,4.2563051946650574e-07,0.0,5.5646101916289876e-05,6.209192762266225e-05,0.001,1.8102590056241735e-05,2.420694372739605e-05,2.6366695737685184e-05,2.1103015474187477e-05,1.6098844864085404e-05
10380,4.243450772043149e-07,4.243450772043149e-07,0.0,2.393743207689896e-05,5.9273644158640646e-05,0.001,9.520499683278516e-06,1.1287980302424296e-05,8.479578415968095e-06,7.785316980964743e-06,6.480715593271496e-06
10390,4.2321000003649896e-07,4.2321000003649896e-07,0.0,2.1353265622506866e-05,6.037398484954633e-05,0.001,6.2136351949401546e-06,7.500731513683681e-06,8.132446522458763e-06,7.136841040707221e-06,6.4568517482541385e-06
10400,4.219888963596455e-07,4.219888963596455e-07,0.0,6.850769897013544e-06,6.212141071107105e-05,0.001,2.0585494102450146e-06,2.3517370275521465e-06,2.6031769177588864e-06,2.840976518967999e-06,2.446171703038121e-06
10410,4.2076309201636823e-07,4.2076309201636823e-07,0.0,7.702182582507497e-06,6.367167165745504e-05,0.001,2.5647889564117306e-06,3.0509102061590184e-06,3.5344117952247772e-06,3.520651113648247e-06,2.8551591746673757e-06
10420,4.195122530849264e-07,4.195122530849264e-07,0.0,8.067524367434506e-06,6.509033736672485e-05,0.001,2.1739491921837327e-06,2.356734564947498e-06,2.2649296589485896e-06,2.4771483814671328e-06,2.4711955477739444e-06
10430,4.1823891856610305e-07,4.1823891856610305e-07,0.0,6.469214460390374e-06,6.649285936686384e-05,0.001,1.7252791048243105e-06,1.867283524799428e-06,2.025008620459161e-06,2.3740291946369195e-06,2.2005278289816596e-06
10440,4.169419223645129e-07,4.169419223645129e-07,0.0,6.3727269980723916e-06,6.790117412699705e-05,0.001,1.807013588336267e-06,2.0038307559630007e-06,2.2084286190427545e-06,2.5163992237657415e-06,2.2437021804643817e-06
10450,4.156192864719027e-07,4.156192864719027e-07,0.0,6.660950686375321e-06,6.929481883511971e-05,0.001,1.671936981508798e-06,1.7961484914357225e-06,1.950723062698527e-06,2.306680968830905e-06,2.2033173830712386e-06
10460,4.1427145712543405e-07,4.1427145712543405e-07,0.0,6.3752352658731655e-06,7.0672837330705e-05,0.001,1.8103374951369367e-06,1.9497434633496433e-06,2.04732110550241e-06,2.3828042560501677e-06,2.182811841333679e-06
10470,4.128990399770364e-07,4.128990399770364e-07,0.0,6.435738755305656e-06,7.20283352845242e-05,0.001,1.7229669052498681e-06,1.857992757749503e-06,1.999629815082405e-06,2.348121733944142e-06,2.182830428511764e-06
10480,4.115027091798457e-07,4.115027091798457e-07,0.0,6.425061023857739e-06,7.335750835746399e-05,0.001,1.706684822979479e-06,1.844667926739645e-06,1.9990158959708294e-06,2.3466191658409886e-06,2.1809447156089013e-06
10490,4.1008310097035443e-07,4.1008310097035443e-07,0.0,6.384872000072079e-06,7.466215937849537e-05,0.001,1.7199470815769227e-06,1.8586399550272409e-06,2.0054104283993125e-06,2.3499133047463763e-06,2.1749168758671593e-06
10500,4.0864083280233024e-07,4.0864083280233024e-07,0.0,6.39598994496424e-06,7.594054262644929e-05,0.001,1.7096528854544846e-06,1.8445592769668281e-06,1.987940965785423e-06,2.3343994288569996e-06,2.1699181380069297e-06
10510,4.071764984371929e-07,4.071764984371929e-07,0.0,6.3642412397387815e-06,7.719452673767006e-05,0.001,1.7168225425938667e-06,1.8525387682123722e-06,1.9921056875599188e-06,2.335936121669987e-06,2.1647147633319455e-06
10520,4.056906733412569e-07,4.056906733412569e-07,0.0,6.3629469920816225e-06,7.842430007678653e-05,0.001,1.7064608293686226e-06,1.8410444224090079e-06,1.982095746732407e-06,2.32670137322947e-06,2.160556103123608e-06
10530,4.0418391589628873e-07,4.0418391589628873e-07,0.0,6.342527567237375e-06,7.96311908136365e-05,0.001,1.7050244615408584e-06,1.8401089488320399e-06,1.9812581689552023e-06,2.3245341546130744e-06,2.155990557864843e-06
10540,4.026567683030187e-07,4.026567683030187e-07,0.0,6.333345916008923e-06,8.081586041603511e-05,0.001,1.69807500247361e-06,1.8326898168804598e-06,1.974853717183606e-06,2.31804122499676e-06,2.151595578403359e-06
10550,4.011097573354193e-07,4.011097573354193e-07,0.0,6.3172890718223795e-06,8.197925494616505e-05,0.001,1.6946289701514845e-06,1.8292398271594363e-06,1.971507295646266e-06,2.3138659675941613e-06,2.1469329775146833e-06
10560,3.99543395515032e-07,3.99543395515032e-07,0.0,6.304668747883594e-06,8.312200227844326e-05,0.001,1.6895021215441664e-06,1.8237677295743639e-06,1.966362883472167e-06,2.3082604062164844e-06,2.1422703332106246e-06
10570,3.9795818201933344e-07,3.9795818201933344e-07,0.0,6.290045613910672e-06,8.42448112290465e-05,0.001,1.6852578821501492e-06,1.8193058580962805e-06,1.961974651195627e-06,2.3032218924147764e-06,2.1374845197500465e-06
10580,3.963546035924703e-07,3.963546035924703e-07,0.0,6.2759135643117284e-06,8.534822949028232e-05,0.001,1.6806695214514829e-06,1.8144243778084002e-06,1.9572165553667188e-06,2.2978688243983118e-06,2.13265096760573e-06
10590,3.9473313530506106e-07,3.9473313530506106e-07,0.0,6.261538518056464e-06,8.643282234280526e-05,0.001,1.6760740907603512e-06,1.8095273956970958e-06,1.9524316075509425e-06,2.2924730736831813e-06,2.1277546060600695e-06
10600,3.9309424126694075e-07,3.9309424126694075e-07,0.0,6.246785845229953e-06,8.749908347986943e-05,0.001,1.671531395730928e-06,1.8046881394719197e-06,1.9476834086943116e-06,2.2870864168638046e-06,2.1227937053466188e-06
10610,3.914383752650076e-07,3.914383752650076e-07,0.0,6.232104091347125e-06,8.854749101382264e-05,0.001,1.666827127053703e-06,1.7996565094918597e-06,1.9427701503829023e-06,2.281551514983158e-06,2.1177822452909225e-06
10620,3.8976598134299075e-07,3.8976598134299075e-07,0.0,6.2170885993321724e-06,8.95784941652922e-05,0.001,1.6621600790818042e-06,1.794663471583051e-06,1.9378792432161127e-06,2.2760150393230185e-06,2.1127097044353323e-06
10630,3.8807749433261775e-07,3.8807749433261775e-07,0.0,6.2019717533798185e-06,9.059251348274653e-05,0.001,1.6574226995149159e-06,1.7895825414558059e-06,1.932907229305741e-06,2.2703962063119626e-06,2.1075834984749043e-06
10640,3.8637334033463125e-07,3.8637334033463125e-07,0.0,6.186697210497264e-06,9.158995008861139e-05,0.001,1.6526459118876766e-06,1.7844489944785205e-06,1.92788161869507e-06,2.2647168752390454e-06,2.1024026835003878e-06
10650,3.8465393716034305e-07,3.8465393716034305e-07,0.0,6.171236106417499e-06,9.257118078815e-05,0.001,1.6478465278729393e-06,1.7792819372277742e-06,1.9228172526248926e-06,2.2589891013945632e-06,2.097167132572896e-06
10660,3.829196947353208e-07,3.829196947353208e-07,0.0,6.155634517088687e-06,9.353656230354801e-05,0.001,1.6430054355468338e-06,1.7740584855664534e-06,1.9176964797643603e-06,2.2531991221042633e-06,2.0918793001156565e-06
10670,3.811710154693472e-07,3.811710154693472e-07,0.0,6.139877816717127e-06,9.448643295852121e-05,0.001,1.6381305633855224e-06,1.768788257532058e-06,1.9125279574173653e-06,2.2473543293587016e-06,2.0865397708344925e-06
10680,3.794082945966072e-07,3.794082945966072e-07,0.0,6.1239649161196124e-06,9.542111322267385e-05,0.001,1.6332242263413044e-06,1.7634738180870977e-06,1.9073148414873903e-06,2.2414574893763227e-06,2.0811495714776866e-06
10690,3.7763192048852e-07,3.7763192048852e-07,0.0,6.107906012273476e-06,9.634090756918428e-05,0.001,1.628283334092466e-06,1.7581116236407312e-06,1.902054310206903e-06,2.2355069339647795e-06,2.0757098532479684e-06
10700,3.7584227494198836e-07,3.7584227494198836e-07,0.0,6.091699773753567e-06,9.724610538793548e-05,0.001,1.6233002431681474e-06,1.7526989809187363e-06,1.8967390780617598e-06,2.2295015949508555e-06,2.070220197714638e-06
10710,3.7403973345061784e-07,3.7403973345061784e-07,0.0,6.075265988977519e-06,9.813696377477152e-05,0.001,1.6178616793628376e-06,1.7470342898482012e-06,1.8910082470468413e-06,2.2233367116492425e-06,2.064633360700258e-06
10720,3.722246887187981e-07,3.722246887187981e-07,0.0,6.089819614158769e-06,9.901291678520253e-05,0.001,1.6007567256391948e-06,1.7544808998224037e-06,1.8839041713208684e-06,2.220303581091551e-06,2.0620236435039382e-06
10730,3.707055007928715e-07,3.707055007928715e-07,0.0,7.794262446412831e-05,0.00010796639671214919,0.001,2.8059992668548378e-05,3.605378036546146e-05,3.534342910783242e-05,2.5428572869554448e-05,1.9034929466165578e-05
10740,1.0048010088415962e-05,1.0048010088415962e-05,0.0,0.013783497460439378,0.007133335440768795,0.001,0.0050038378670619445,0.006397618969115675,0.0062830466663706475,0.00450427563426586,0.003360254170762769
10750,1.4772919014628768e-05,1.4772919014628768e-05,0.0,0.01652062782823877,0.0085426538062318,0.001,0.0059069992766048445,0.007557868291952952,0.007532911884662375,0.00546814329905334,0.0040648741292479435
10760,1.3393870763354171e-05,1.3393870763354171e-05,0.0,0.01540883023077125,0.0043787424153975026,0.001,0.005436897625836664,0.006968223572669221,0.00705236822810203,0.005177277734436976,0.003831814012789355
10770,9.247601057112042e-07,9.247601057112042e-07,0.0,0.0031594716165104335,0.0023774897199846977,0.001,0.0011115719323197882,0.001421324604630502,0.001445583841903636,0.001066413001739714,0.0007866300373625698
10780,9.798250090863945e-07,9.798250090863945e-07,0.0,0.003304114262752081,0.00045764177365349387,0.001,0.0011587589839963995,0.0014813513940114343,0.001510965241278594,0.0011185216860641212,0.0008242015491379792
10790,8.797587084205215e-07,8.797587084205215e-07,0.0,0.0030259068893290146,0.0009170368774440537,0.001,0.0010609332594579554,0.001355090221589865,0.001383063104919642,0.0010243786424490346,0.0007542408427159048
10800,3.7141937093978524e-07,3.7141937093978524e-07,0.0,0.00041539415016642804,0.0004204496939356012,0.001,0.00014475291578016348,0.0001851558934658836,0.00018924806004409395,0.0001404696949721455,0.00010369113578994021
10810,4.1183674917728217e-07,4.1183674917728217e-07,0.0,0.0009588436697390701,0.00020208202175544434,0.001,0.0003358916877916916,0.00042907954373882585,0.0004387741452451905,0.00032516662722579804,0.00023939528204035043
10820,3.653041677791204e-07,3.653041677791204e-07,0.0,0.00036200015510599306,0.00021109538783936518,0.001,0.0001266705298966336,0.00016178530213147135,0.00016562032018718054,0.00012278797351427474,9.048507934031519e-05
10830,3.62391498757354e-07,3.62391498757354e-07,0.0,0.0003362386490644044,0.00011736577877010277,0.001,0.0001174486909196317,0.0001502556442125594,0.00015359491699433448,0.00011395927886110109,8.397717602548752e-05
10840,3.5427665389608913e-07,3.5427665389608913e-07,0.0,6.061250883943179e-05,0.00011374651511558317,0.001,2.108390157552547e-05,2.7033413681550387e-05,2.7521557812527346e-05,2.0459350115787472e-05,1.5113300400879535e-05
10850,3.531809680942987e-07,3.531809680942987e-07,0.0,0.00013602124691221117,0.00010972006822304048,0.001,4.7794813594291686e-05,6.0865285649602083e-05,6.229048438020145e-05,4.6174602067303404e-05,3.400393214642691e-05
10860,3.5038782796517086e-07,3.5038782796517086e-07,0.0,5.824438445539284e-05,0.00010237324772348633,0.001,2.0155018898223924e-05,2.5855801589401534e-05,2.634804156094699e-05,1.9639896940329368e-05,1.4547639401958632e-05
10870,3.4824934599577004e-07,3.4824934599577004e-07,0.0,5.850314570463513e-06,0.00010312772084129646,0.001,1.6032653324058848e-06,1.7185761069423124e-06,1.8729642838399696e-06,2.166755215336904e-06,1.9985577718209795e-06
10880,3.4630704835183855e-07,3.4630704835183855e-07,0.0,1.7010140940175995e-05,0.00010396560629146138,0.001,5.970546514707577e-06,7.400438591642378e-06,7.668595327364501e-06,5.8826834206443515e-06,4.482062277719387e-06
10890,3.443401437650906e-07,3.443401437650906e-07,0.0,1.550493064911644e-05,0.00010449738345933179,0.001,5.106617936784254e-06,6.576982534996817e-06,6.666820297029645e-06,5.2477648674339304e-06,4.0656813230071955e-06
10900,3.423618934669679e-07,3.423618934669679e-07,0.0,1.1284395579175093e-05,0.00010507070056267591,0.001,3.883910094256997e-06,4.707593622637192e-06,4.9270741863971e-06,3.974253166792711e-06,3.147479518330505e-06
10910,3.403796640261615e-07,3.403796640261615e-07,0.0,8.126349304729548e-06,0.00010571040387199423,0.001,2.395088533584518e-06,2.995675814706401e-06,3.051319669293811e-06,2.8219600534205587e-06,2.409586598549828e-06
10920,3.3839261212061304e-07,3.3839261212061304e-07,0.0,6.566788218670171e-06,0.00010637670445771718,0.001,1.996362842150332e-06,2.2249408435804184e-06,2.406091281031331e-06,2.405040231048077e-06,2.1277431474501437e-06
10930,3.3639985554372556e-07,3.3639985554372556e-07,0.0,5.849401942100308e-06,0.00010703795749879232,0.001,1.5451024698068035e-06,1.713557766946036e-06,1.8307180812336553e-06,2.1312356892721714e-06,1.9711751845586755e-06
10940,3.3440116160518387e-07,3.3440116160518387e-07,0.0,5.703713790811031e-06,0.00010769096911239765,0.001,1.530321044352786e-06,1.6423279741032097e-06,1.7880297009716997e-06,2.0993519435713907e-06,1.947081488973801e-06
10950,3.3239653534327425e-07,3.3239653534327425e-07,0.0,5.71829463896108e-06,0.00010833677375494362,0.001,1.5598086551794067e-06,1.6680024309325175e-06,1.824680689182295e-06,2.109322083460714e-06,1.949303117048219e-06
10960,3.3038610675259623e-07,3.3038610675259623e-07,0.0,5.6799449919746155e-06,0.00010897593384677105,0.001,1.507883636842075e-06,1.6315900958613098e-06,1.767361682569039e-06,2.0844340813979913e-06,1.934706880167313e-06
10970,3.283701539154813e-07,3.283701539154813e-07,0.0,5.646577022135055e-06,0.00010960740705116347,0.001,1.5146401940295494e-06,1.6238317696376373e-06,1.7706587097729774e-06,2.0788047976444746e-06,1.9278773365584663e-06
10980,3.2634895526392e-07,3.2634895526392e-07,0.0,5.6312543890576484e-06,0.00011023009228007347,0.001,1.5156896506844425e-06,1.6221722836763002e-06,1.7719410319517567e-06,2.0744635387489947e-06,1.9226731346639802e-06
10990,3.243227493266791e-07,3.243227493266791e-07,0.0,5.607797636657155e-06,0.0001108443180754337,0.001,1.5016761123434104e-06,1.6099187826459875e-06,1.756103290124045e-06,2.0639658236626536e-06,1.9145496444384883e-06
11000,3.222917937124687e-07,3.222917937124687e-07,0.0,5.588369162794968e-06,0.0001114506856074551,0.001,1.494469731538268e-06,1.6026912995800725e-06,1.748066035778072e-06,2.056290799061093e-06,1.907762279481531e-06
11010,3.202563364634968e-07,3.202563364634968e-07,0.0,5.569099844089841e-06,0.00011204918157642177,0.001,1.4903302654719337e-06,1.5968970820008715e-06,1.7431946985596064e-06,2.049587004112952e-06,1.9013561999062193e-06
11020,3.182166257027628e-07,3.182166257027628e-07,0.0,5.549874947711893e-06,0.00011263970681945659,0.001,1.4859065967426893e-06,1.5910242325086504e-06,1.7380054239766898e-06,2.0427718305203847e-06,1.8948965982935905e-06
11030,3.161729064134849e-07,3.161729064134849e-07,0.0,5.530435760336465e-06,0.00011322231258333555,0.001,1.480716295560433e-06,1.5847325145084572e-06,1.7319984373882495e-06,2.035673015524485e-06,1.8883016013384477e-06
11040,3.141254211290992e-07,3.141254211290992e-07,0.0,5.510828890531005e-06,0.00011379710842130443,0.001,1.4752047010937616e-06,1.5782415475901315e-06,1.725637352552309e-06,2.028438441925069e-06,1.8816321475084048e-06
11050,3.1207440995565727e-07,3.1207440995565727e-07,0.0,5.491127543755898e-06,0.00011436416114339751,0.001,1.4696392851986686e-06,1.5717048710195446e-06,1.7191958040209882e-06,2.0211579176801094e-06,1.8749277027156037e-06
11060,3.1002011055271827e-07,3.1002011055271827e-07,0.0,5.471352884592864e-06,0.00011492351095574104,0.001,1.4640834294824242e-06,1.5651584717542065e-06,1.7127430198368567e-06,2.013854969941349e-06,1.868199191183969e-06
11070,3.0796275815997256e-07,3.0796275815997256e-07,0.0,5.451507154344145e-06,0.00011547520768708301,0.001,1.458546102322836e-06,1.5586067502977134e-06,1.7062917962454403e-06,2.0065344890253744e-06,1.8614490112331372e-06
11080,3.0590258562333426e-07,3.0590258562333426e-07,0.0,5.431593988786845e-06,0.00011601930956832387,0.001,1.4530424128514905e-06,1.552057904477513e-06,1.6998581554169365e-06,1.9992020631266634e-06,1.8546797971438386e-06
11090,3.038398234189739e-07,3.038398234189739e-07,0.0,5.411617798147129e-06,0.00011655587015608491,0.001,1.4475832165112685e-06,1.5455179147149759e-06,1.6934529460719736e-06,1.991861561827713e-06,1.847893593108086e-06
11100,3.017746996764704e-07,3.017746996764704e-07,0.0,5.391571901446786e-06,0.00011708493678350905,0.001,1.442136141670624e-06,1.5389695446044248e-06,1.6870411873955702e-06,1.984501918973674e-06,1.8410857277865216e-06
11110,2.997074402002355e-07,2.997074402002355e-07,0.0,5.371443725238667e-06,0.00011760655534709234,0.001,1.4366517013666882e-06,1.5323865167707205e-06,1.680569494356869e-06,1.9771060387834053e-06,1.834248619652881e-06
11120,2.976382684905123e-07,2.976382684905123e-07,0.0,5.351243725313453e-06,0.00011812077360899364,0.001,1.4311641551959863e-06,1.5257876216797934e-06,1.6740747932834642e-06,1.969686439202527e-06,1.8273881688204051e-06
11130,2.955674057634692e-07,2.955674057634692e-07,0.0,5.330980231150317e-06,0.00011862763827143335,0.001,1.4256982102057026e-06,1.5191862799726478e-06,1.6675837995298995e-06,1.962252243006725e-06,1.8205088259830428e-06
11140,2.934950709704825e-07,2.934950709704825e-07,0.0,5.3106442284170565e-06,0.00011912719253596382,0.001,1.420217442305759e-06,1.512563425538962e-06,1.6610570328719356e-06,1.9547908929553133e-06,1.8136050367117524e-06
11150,2.914214808164469e-07,2.914214808164469e-07,0.0,5.290244699480146e-06,0.00011961948012748106,0.001,1.414748873781699e-06,1.5059336869820418e-06,1.6545237168815778e-06,1.94731232247826e-06,1.80668162790737e-06
11160,2.8934684977761456e-07,2.8934684977761456e-07,0.0,5.269779087624674e-06,0.00012010454277673943,0.001,1.4092794911909175e-06,1.4992904998621825e-06,1.6479696914577542e-06,1.9398122694087933e-06,1.7997368387854957e-06
11170,2.872713901186166e-07,2.872713901186166e-07,0.0,5.249249524166428e-06,0.00012058242157760912,0.001,1.403812504845447e-06,1.492635875973267e-06,1.6413984036528137e-06,1.93229222757608e-06,1.7927715809119322e-06
11180,2.8519531190888353e-07,2.8519531190888353e-07,0.0,5.228658104572066e-06,0.00012105315650501025,0.001,1.3983508724306918e-06,1.4859716672609275e-06,1.6348130529958909e-06,1.924753600171594e-06,1.7857867318118425e-06
11190,2.8311882303852155e-07,2.8311882303852155e-07,0.0,5.20800988293361e-06,0.00012151678691412637,0.001,1.3929070789536724e-06,1.479304623973342e-06,1.628227276686708e-06,1.917201179050529e-06,1.7787847919317773e-06
11200,2.8104212923604296e-07,2.8104212923604296e-07,0.0,5.187377377432483e-06,0.00012197335925356181,0.001,1.387698428099943e-06,1.472748669156185e-06,1.6218796706630648e-06,1.909713287524561e-06,1.771803675432546e-06
11210,2.791312768357931e-07,2.791312768357931e-07,0.0,5.168014183511574e-06,0.000110193721275824,0.0009000000000000001,1.382126451847826e-06,1.4663290491296836e-06,1.6151599795626152e-06,1.9025444355834483e-06,1.765221026256497e-06
11220,2.772610115082801e-07,2.772610115082801e-07,0.0,5.149375153341237e-06,0.00011062648622731291,0.0009000000000000001,1.3773814981528047e-06,1.4603609162729874e-06,1.6093582284727446e-06,1.8957505861495395e-06,1.7589021752987605e-06
11230,2.753897272193128e-07,2.753897272193128e-07,0.0,5.130669598474459e-06,0.0001110610601156486,0.0009000000000000001,1.3727347184976026e-06,1.4544413803636892e-06,1.6036434763655207e-06,1.8889731028140574e-06,1.7525752063973097e-06
11240,2.735175132430153e-07,2.735175132430153e-07,0.0,5.111760472698838e-06,0.00011149259515118092,0.0009000000000000001,1.3677378790252567e-06,1.4483383915512965e-06,1.5975228119326472e-06,1.882049928053035e-06,1.7461631826732207e-06
11250,2.7164450948716995e-07,2.7164450948716995e-07,0.0,5.092799291107694e-06,0.00011191940645612516,0.0009000000000000001,1.3627812508877323e-06,1.4422466246427748e-06,1.5914284382339799e-06,1.875121550800975e-06,1.739737941669158e-06
11260,2.6977087271147824e-07,2.6977087271147824e-07,0.0,5.073832619429318e-06,0.00011234091447810183,0.0009000000000000001,1.3579590293489796e-06,1.4362099502695477e-06,1.5854665735429296e-06,1.8682226565713582e-06,1.7333188778093982e-06
11270,2.678967646642581e-07,2.678967646642581e-07,0.0,5.054775928455e-06,0.00011275691643652298,0.0009000000000000001,1.353008378023187e-06,1.4300968856957763e-06,1.579347462596383e-06,1.8612600884315312e-06,1.7268604283876685e-06
11280,2.660223479157465e-07,2.660223479157465e-07,0.0,5.035692594158251e-06,0.00011316736712879721,0.0009000000000000001,1.3481363428545952e-06,1.4240123485105385e-06,1.5732989524116758e-06,1.8543079030205674e-06,1.720398343989142e-06
11290,2.641477843992419e-07,2.641477843992419e-07,0.0,5.016546467917075e-06,0.0001135722575586014,0.0009000000000000001,1.3432447331945006e-06,1.4179085076753123e-06,1.5672119139040814e-06,1.8473312486001154e-06,1.7139148945534984e-06
11300,2.622732349020235e-07,2.622732349020235e-07,0.0,4.9973422140448364e-06,0.00011397160012229972,0.0009000000000000001,1.3383462270683319e-06,1.4117920073131384e-06,1.5611002649523959e-06,1.8403348194992408e-06,1.7074125024833096e-06
11310,2.603988588909327e-07,2.603988588909327e-07,0.0,4.978087769366031e-06,0.00011436541248231699,0.0009000000000000001,1.3334564531041727e-06,1.4056704510469538e-06,1.5549815980987336e-06,1.8333244190668896e-06,1.7008944959184833e-06
11320,2.58524814455233e-07,2.58524814455233e-07,0.0,4.9587836011210766e-06,0.00011475371288437536,0.0009000000000000001,1.328571194009527e-06,1.399541821151081e-06,1.548851413657402e-06,1.8262988376074424e-06,1.6943605702674133e-06
11330,2.5665125829054667e-07,2.5665125829054667e-07,0.0,4.939430581285463e-06,0.00011513651989007601,0.0009000000000000001,1.32369103560756e-06,1.3934067305791972e-06,1.5427103799281968e-06,1.8192586140513367e-06,1.6878110937939901e-06
11340,2.54778345697133e-07,2.54778345697133e-07,0.0,4.920040821578376e-06,0.00011551385351920338,0.0009000000000000001,1.3188480974202027e-06,1.3872810247159656e-06,1.5365944324818317e-06,1.8122155385929875e-06,1.6812521813316805e-06
11350,2.5290623063236604e-07,2.5290623063236604e-07,0.0,4.901057872516161e-06,0.00011588578512177435,0.0009000000000000001,1.3150522994915662e-06,1.381692616438884e-06,1.5316487845058934e-06,1.8055440988539778e-06,1.6748786871261905e-06
11360,2.5103515534726917e-07,2.5103515534726917e-07,0.0,5.057889905316038e-06,0.00011625627602568891,0.0009000000000000001,1.4250986300083867e-06,1.5066291865286435e-06,1.676429379916292e-06,1.8631159849518475e-06,1.705326181382952e-06
11370,2.4948502648488724e-07,2.4948502648488724e-07,0.0,7.557934201584123e-05,0.00012247249118252522,0.0009000000000000001,2.6777034303519736e-05,3.384402954204156e-05,3.457102772152686e-05,2.5442168936572066e-05,1.8771467827608447e-05
11380,2.394464323095852e-06,2.394464323095852e-06,0.0,0.006173285958093094,0.0030799523370955845,0.0009000000000000001,0.002180110797931338,0.0027660927148814084,0.0028187830847002486,0.002073202780310481,0.0015283046655514172
11390,9.075053886894865e-05,9.075053886894865e-05,0.0,0.03910589980656199,0.01616485845364276,0.0009000000000000001,0.013667866333424438,0.017247224406303736,0.01780267253372821,0.013311369721923628,0.009704528785700927
11400,1.6205513983591255e-05,1.6205513983591255e-05,0.0,0.015924543360308914,0.005073356466953181,0.0009000000000000001,0.005648905265502421,0.007018791004803866,0.0071736860690014255,0.005483899016240277,0.003933470546988172
11410,8.111227705656201e-06,8.111227705656201e-06,0.0,0.011145140268988545,0.0033825627744763645,0.0009000000000000001,0.003994378697695867,0.004919905215991112,0.004947967021869143,0.0038300576061860085,0.002736749932376468
11420,2.0511044092440047e-06,2.0511044092440047e-06,0.0,0.005236492845719505,0.0015323588541853628,0.0009000000000000001,0.0018227405522665283,0.0022612733121878553,0.002331506308146197,0.0018204302975163673,0.001306535394372373
11430,4.6421969576074127e-07,4.6421969576074127e-07,0.0,0.0017590813295909706,0.0005375083768810872,0.0009000000000000001,0.0005381769502160842,0.0007074366304152589,0.0007859212528276852,0.0006444083706275185,0.00048468937624072397
11440,3.141470171828275e-07,3.141470171828275e-07,0.0,0.0012742094142813593,0.00030092782641342043,0.0009000000000000001,0.0005413586610552245,0.0006430156165186314,0.0004517145205530866,0.0003994862066679145,0.0003176583157174778
11450,2.9890054825457177e-07,2.9890054825457177e-07,0.0,0.001124889251221861,0.0003489894742899422,0.0009000000000000001,0.0004952239624858792,0.0005788596216743147,0.00040577052003417643,0.00033960876702883046,0.0002588722306150345
11460,2.580997034054396e-07,2.580997034054396e-07,0.0,0.0004978302167431247,0.00027212827395604796,0.0009000000000000001,0.00021372404166485192,0.0002503112030614331,0.00019171874719181757,0.00015323748125015466,0.00011191916741975801
11470,2.464253485378e-07,2.464253485378e-07,0.0,0.0001787306281379453,0.0001778646643162453,0.0009000000000000001,6.22104867369829e-05,7.88406049948506e-05,7.201250376111879e-05,6.30676492138445e-05,4.9795369410215904e-05
11480,2.453647155371631e-07,2.453647155371631e-07,0.0,0.0002616765938985022,0.00014526174520289014,0.0009000000000000001,0.00011030482694636878,0.00013135391658671784,9.29046482925564e-05,8.23987108609887e-05,6.567085161031952e-05
11490,2.411137960460699e-07,2.411137960460699e-07,0.0,9.869619222293826e-05,0.0001317678829839089,0.0009000000000000001,4.013816983972516e-05,4.835515922382612e-05,3.557572681606687e-05,3.181292989027802e-05,2.5510906216858225e-05
11500,2.388776467803767e-07,2.388776467803767e-07,0.0,5.6277681038029035e-05,0.00012597716154277145,0.0009000000000000001,2.458340960134859e-05,2.868482415304382e-05,2.1051545868992944e-05,1.7056878032220404e-05,1.2643479836186984e-05
12760,0.0010462572785073332,0.0010462572785073332,0.0,0.16268860420835174,0.02933080195364181,0.001,0.06928255123828633,0.0807597277273083,0.0601033224011804,0.05655020676369158,0.042868987285582125
12770,0.0002313410246978346,0.0002313410246978346,0.0,0.06592450207503625,0.014679290486630173,0.001,0.026741258544930754,0.030223897006103218,0.024931184199105966,0.02302170779215939,0.018554046240718484
12780,0.00022145986590176733,0.00022145986590176733,0.0,0.05452325062581905,0.0071530199856011025,0.001,0.018579436903118116,0.021537234376199442,0.023222677571187622,0.02002812431905034,0.016571043458003667
12790,8.731072541875788e-05,8.731072541875788e-05,0.0,0.031533882771956664,0.0032630767075691154,0.001,0.010255805998330722,0.01202896009978521,0.013548085434706977,0.011660531362821044,0.009763035166449106
12800,2.0833258406003757e-05,2.0833258406003757e-05,0.0,0.011196767393842977,0.00313008136477865,0.001,0.0035835834921944852,0.004205446269632279,0.004754035632738778,0.004106538250025099,0.003477380711690049
12810,8.705007571187394e-06,8.705007571187394e-06,0.0,0.0031546916763020086,0.002573026725518072,0.001,0.001052093541601998,0.0014162884934549173,0.0014620446879403538,0.0011991733482845082,0.0009228082139003011
12820,6.141554539626505e-06,6.141554539626505e-06,0.0,0.004596755061189693,0.0020146547382806127,0.001,0.0018764458020164587,0.0022814757624795893,0.0018144185294236414,0.0016185711358425994,0.0012761118355290092
12830,3.1662261080488964e-06,3.1662261080488964e-06,0.0,0.0008841267541614479,0.0016070754766541163,0.001,0.0002516438431222287,0.0002903683205192274,0.0003498793414419707,0.00030489915235683144,0.0002687196802931702
12840,2.1288829783977607e-06,2.1288829783977607e-06,0.0,0.0019208914822316152,0.0012329474284092624,0.001,0.0006933552607478145,0.000798957989410742,0.0007207637874311678,0.0006494274584658722,0.0005643490678434455
12850,1.4431119029939053e-06,1.4431119029939053e-06,0.0,0.0015980630998576977,0.0009161960292340908,0.001,0.0005053844436452709,0.0006811658534449371,0.0007357248971071379,0.0005827080442845555,0.00046079506686210093
12860,1.0134790621844223e-06,1.0134790621844223e-06,0.0,0.0009819302397462654,0.0006746744764109159,0.001,0.0003187043784300454,0.00037833024434339796,0.00039976376146407845,0.00034674178703656707,0.00030182385034477756
12870,8.16508047152655e-07,8.16508047152655e-07,0.0,0.0003625171150273314,0.0004660690266822593,0.001,0.00014646404780308578,0.0001820136234882995,0.00014741175520569455,0.0001258525481773454,9.873840040469667e-05
12880,7.627671897679247e-07,7.627671897679247e-07,0.0,0.0003246553836664261,0.000294095017992749,0.001,0.00010905917968016765,0.0001411661869926958,0.00014458910559957095,0.00011524271743452615,9.142519939415241e-05
12890,7.394425209799896e-07,7.394425209799896e-07,0.0,0.00018657149095111945,0.0001868804769767055,0.001,6.851474624653206e-05,8.160247579711611e-05,7.82223259774162e-05,7.012402691524669e-05,5.9093022754436564e-05
12900,7.31367380135685e-07,7.31367380135685e-07,0.0,8.105848427031242e-05,0.00011223928320350509,0.001,2.5873098899478777e-05,3.082333021030415e-05,3.189796495552359e-05,2.7709377483576734e-05,2.459424474957126e-05
12910,7.287279550670187e-07,7.287279550670187e-07,0.0,5.223100544021098e-05,7.583926151601323e-05,0.001,1.3424466250196674e-05,1.7029036320445687e-05,2.2058756974203895e-05,1.8217708066118503e-05,1.6162292984958162e-05
12920,7.270665257031179e-07,7.270665257031179e-07,0.0,4.227451106545213e-05,6.308693110756668e-05,0.001,1.4993844853816884e-05,1.793804570129204e-05,1.7534711413782344e-05,1.589795903519823e-05,1.3446074846227768e-05
12930,7.254530538804103e-07,7.254530538804103e-07,0.0,9.246418182541556e-06,6.262157197771508e-05,0.001,3.841592864451833e-06,4.597976810971197e-06,4.06466116391462e-06,4.10751615965628e-06,3.181697575832865e-06
12940,7.239198620303803e-07,7.239198620303803e-07,0.0,1.876642913277517e-05,6.336794699225933e-05,0.001,5.739948658680334e-06,6.612794134450417e-06,6.823561092827998e-06,6.1523589062251875e-06,5.649618847944753e-06
12950,7.223134928950288e-07,7.223134928950288e-07,0.0,8.594610526667829e-06,6.510055325911502e-05,0.001,2.756647907943001e-06,3.286722428943061e-06,3.668036604925536e-06,3.8657432094469476e-06,3.1859982855303905e-06
12960,7.206828973079261e-07,7.206828973079261e-07,0.0,9.08150274022859e-06,6.681824627958418e-05,0.001,1.9035017376480492e-06,2.1794554083887946e-06,2.4495877349998097e-06,2.948829405278948e-06,2.822349820988911e-06
12970,7.190196902495887e-07,7.190196902495887e-07,0.0,8.3848423888805e-06,6.83259466901444e-05,0.001,1.5830116092525725e-06,1.5862411098470904e-06,2.0771118897668463e-06,2.671906119341822e-06,2.632725933476424e-06
12980,7.17320864887061e-07,7.17320864887061e-07,0.0,7.259881898032549e-06,6.996499738389422e-05,0.001,2.109132242374229e-06,2.2005300166626893e-06,2.1217272770352854e-06,2.807318969190255e-06,2.5130762206784097e-06
12990,7.155853444160318e-07,7.155853444160318e-07,0.0,7.919332621602734e-06,7.150232577994352e-05,0.001,1.8912497969048557e-06,1.8499843661776053e-06,1.930814648884151e-06,2.6293839594929348e-06,2.538853735216659e-06
13000,7.138133714749692e-07,7.138133714749692e-07,0.0,7.4272766336673445e-06,7.305704294206827e-05,0.001,1.9792227522818553e-06,2.005082374376132e-06,1.96467107090372e-06,2.7005855797846425e-06,2.4930472703818516e-06
13010,7.120056290339541e-07,7.120056290339541e-07,0.0,7.683312585572272e-06,7.457900143393838e-05,0.001,1.8399723263177135e-06,1.8178189526073433e-06,1.9036833564114156e-06,2.638396511974387e-06,2.508651226913636e-06
13020,7.101628863207791e-07,7.101628863207791e-07,0.0,7.539766041329596e-06,7.607851416790458e-05,0.001,1.8639826944114191e-06,1.864513858913186e-06,1.9217506104144203e-06,2.662674881289481e-06,2.4971399710085703e-06
13030,7.082859145300989e-07,7.082859145300989e-07,0.0,7.613554868437345e-06,7.755479097472616e-05,0.001,1.8227262883271978e-06,1.8091905419405806e-06,1.905486451101805e-06,2.6418605059499346e-06,2.4997503821888803e-06
13040,7.063754535075884e-07,7.063754535075884e-07,0.0,7.552950778956589e-06,7.900719510571931e-05,0.001,1.8345041500712084e-06,1.8286219811745662e-06,1.9107269971143488e-06,2.6478795323318645e-06,2.492677368711446e-06
13050,7.044322123803215e-07,7.044322123803215e-07,0.0,7.57327861238634e-06,8.043714549771766e-05,0.001,1.8186874062472e-06,1.8068231018135231e-06,1.9028161996894874e-06,2.637101792107981e-06,2.49091837037833e-06
13060,7.024568732059067e-07,7.024568732059067e-07,0.0,7.541006204592008e-06,8.184649959902482e-05,0.001,1.822201070123695e-06,1.8129939856103776e-06,1.9031165882945503e-06,2.6370534213305195e-06,2.485526091295248e-06
13070,7.004500942719787e-07,7.004500942719787e-07,0.0,7.541104138867244e-06,8.323464439194918e-05,0.001,1.8139414194999075e-06,1.8021190035127462e-06,1.8983230886853788e-06,2.6304777178051802e-06,2.482363565356199e-06
13080,6.984125111196596e-07,6.984125111196596e-07,0.0,7.524035301581035e-06,8.460417531177452e-05,0.001,1.8117870264590212e-06,1.800157836361677e-06,1.8961959350441344e-06,2.627384891937792e-06,2.478003279110628e-06
13090,6.963447381900972e-07,6.963447381900972e-07,0.0,7.5134303208215125e-06,8.595454572280697e-05,0.001,1.8072671084145207e-06,1.7947374548398127e-06,1.8929640855652803e-06,2.6228790663830876e-06,2.4740329187721757e-06
13100,6.942473701666568e-07,6.942473701666568e-07,0.0,7.5019840734223125e-06,8.728747712050548e-05,0.001,1.8031796351728043e-06,1.7897933273306118e-06,1.8897061042003328e-06,2.61836414612857e-06,2.4699082708161145e-06
13110,6.921209834746547e-07,6.921209834746547e-07,0.0,7.487865283215906e-06,8.860336191466298e-05,0.001,1.800233940110964e-06,1.7863105796237643e-06,1.886686087075501e-06,2.6141870412182772e-06,2.4654899207339056e-06
13120,6.899661375742112e-07,6.899661375742112e-07,0.0,7.4754093921366135e-06,8.990292002903941e-05,0.001,1.7967259497339802e-06,1.78192112843232e-06,1.8832841947663387e-06,2.6095193608581508e-06,2.4611085520979997e-06
13130,6.877833761094866e-07,6.877833761094866e-07,0.0,7.46193993378707e-06,9.118689515768688e-05,0.001,1.7934454046805819e-06,1.777885595927129e-06,1.8799770130237503e-06,2.604965937196238e-06,2.456614994180186e-06
13140,6.855732279752267e-07,6.855732279752267e-07,0.0,7.4482846964256034e-06,9.245578111906244e-05,0.001,1.7900249824468315e-06,1.7737215202738813e-06,1.8766652881025372e-06,2.6003887531566205e-06,2.4520832594948343e-06
13150,6.833362082686105e-07,6.833362082686105e-07,0.0,7.434836239137701e-06,9.371015684167606e-05,0.001,1.7864019775584713e-06,1.7692895283437237e-06,1.8732629607742292e-06,2.5956878702366913e-06,2.4475276527881064e-06
13160,6.810728191586242e-07,6.810728191586242e-07,0.0,7.421028615292024e-06,9.495056829552916e-05,0.001,1.7828564721776323e-06,1.764944265843602e-06,1.8698325352206784e-06,2.590955991890797e-06,2.442894956965767e-06
13170,6.787835506795419e-07,6.787835506795419e-07,0.0,7.406963537964893e-06,9.61774963271547e-05,0.001,1.7793148876534503e-06,1.7606041352722904e-06,1.8663648614286873e-06,2.586182236590464e-06,2.438199012896296e-06
13180,6.764688814542522e-07,6.764688814542522e-07,0.0,7.392477106967477e-06,9.739142806786493e-05,0.001,1.7756034286703475e-06,1.756162222375865e-06,1.862736217136863e-06,2.5813621387600758e-06,2.4334322986700153e-06
13190,6.741292863755705e-07,6.741292863755705e-07,0.0,7.366020927641612e-06,9.859448728220715e-05,0.001,1.7703094375186747e-06,1.7579754725325623e-06,1.8588214945108796e-06,2.580348766295664e-06,2.4288390064096054e-06
13200,6.718415891445528e-07,6.718415891445528e-07,0.0,3.638258423221699e-05,0.00010316548785537111,0.001,1.175508369805647e-05,1.5629935041596792e-05,1.6486467285027673e-05,1.315763592872968e-05,1.0176813293874852e-05
13210,2.9982043959664666e-06,2.9982043959664666e-06,0.0,0.006297211080745126,0.004428297000427759,0.001,0.0020443529213682236,0.0027118725899002087,0.002874354560211225,0.002249360130568911,0.00173275559863156
13220,2.274648075170538e-06,2.274648075170538e-06,0.0,0.005191141483363558,0.002182427008774997,0.001,0.0016713955576018542,0.0022181873154038982,0.00236551830501732,0.0018682038800416122,0.0014350395345736871
13230,1.3826366567578839e-06,1.3826366567578839e-06,0.0,0.003426176202956182,0.0012618870030738623,0.001,0.0010963317754683864,0.0014516564156862107,0.0015576887950989537,0.001236779671647502,0.0009454289699734389
13240,8.079363711328761e-07,8.079363711328761e-07,0.0,0.0015179438353953752,0.0017134662887059776,0.001,0.00048232393200830993,0.0006391001594740943,0.0006892201653329226,0.0005511295554361493,0.00042095509672520243
13250,1.1937341835795856e-06,1.1937341835795856e-06,0.0,0.002934030081207266,0.0013974318881513658,0.001,0.0009340081448515167,0.001236074684569392,0.0013331055307748013,0.0010646840184219291,0.0008118410803156268
13260,9.464444076709874e-07,9.464444076709874e-07,0.0,0.0021488797548489848,0.0007661663993798355,0.001,0.0006839351845497115,0.0009050939839549845,0.0009769395579857783,0.0007810041821319988,0.0005948887753507279
13270,7.428245786992196e-07,7.428245786992196e-07,0.0,0.001169466284689559,0.0003299894850986403,0.001,0.00037145047695361577,0.000491636510357188,0.0005311320473593994,0.00042503055587617995,0.00032401719205989935
13280,6.78800118039863e-07,6.78800118039863e-07,0.0,0.0006090088271230202,0.00017213549890679567,0.001,0.000193609812796334,0.00025630356071770435,0.0002767033571523133,0.00022145651988769258,0.00016872604874561815
13290,6.614956486557528e-07,6.614956486557528e-07,0.0,0.0003650508762565353,0.0001346360014892763,0.001,0.00011594977434863899,0.00015337947192986702,0.00016577960678527615,0.0001324878190029448,0.00010102447508642737
13300,6.54618189036902e-07,6.54618189036902e-07,0.0,0.00025150201577776984,0.000131300621935973,0.001,7.998482824821637e-05,0.00010596153133303758,0.00011435830846209353,9.164641443873201e-05,6.979840837195921e-05
13310,6.497837734334502e-07,6.497837734334502e-07,0.0,0.00016582042282112098,0.00012611499371097118,0.001,5.260514432173088e-05,6.951529221340799e-05,7.516143793036624e-05,6.00503792525886e-05,4.585257127898005e-05
13320,6.457807453674442e-07,6.457807453674442e-07,0.0,6.987795380308084e-05,0.00011790012792567574,0.001,2.2232271014995317e-05,2.94805579525849e-05,3.1754061324835056e-05,2.556650964834201e-05,1.9479906090471006e-05
13330,6.428495185206781e-07,6.428495185206781e-07,0.0,1.3620748937791975e-05,0.00011252894753914779,0.001,4.160932572038552e-06,5.359649151645718e-06,5.678272139805664e-06,5.044009008895185e-06,4.033632083453477e-06
13340,6.402627158233303e-07,6.402627158233303e-07,0.0,3.6807535678989795e-05,0.00011410882397354174,0.001,1.151977632173133e-05,1.5083143931279294e-05,1.6371986385957657e-05,1.3169187258579235e-05,1.0194222177340884e-05
13350,6.375101224640741e-07,6.375101224640741e-07,0.0,7.922380290311214e-06,0.00011472125764264901,0.001,2.079344186832822e-06,2.351173313920874e-06,2.4595120798472597e-06,2.87150395430124e-06,2.5619933122471063e-06
13360,6.348262873528138e-07,6.348262873528138e-07,0.0,1.4422841573439576e-05,0.0001157793362954194,0.001,4.426820294860013e-06,5.737858282864091e-06,6.09571433039112e-06,5.352864281032108e-06,4.252266224655258e-06
13370,6.321054504627471e-07,6.321054504627471e-07,0.0,7.945824434767607e-06,0.00011664533159017183,0.001,2.1012116470688654e-06,2.387182557356411e-06,2.4971787816729884e-06,2.88822264473645e-06,2.56727319810052e-06
13380,6.293755152888647e-07,6.293755152888647e-07,0.0,7.2732485739274104e-06,0.00011764707630317974,0.001,1.7670693465222119e-06,1.749513600588156e-06,1.8931167149370336e-06,2.5129319403070426e-06,2.361646698228066e-06
13390,6.266293097962253e-07,6.266293097962253e-07,0.0,7.4581872777690326e-06,0.00011865841018680985,0.001,1.8359241006986845e-06,1.8569710243181514e-06,2.024695858267586e-06,2.5652539154684004e-06,2.3973575875268724e-06
13400,6.238658571470967e-07,6.238658571470967e-07,0.0,7.28682468532383e-06,0.0001196639093656203,0.001,1.7753669313382067e-06,1.7649990647336153e-06,1.9167381916883506e-06,2.5147557834827227e-06,2.3599820843617344e-06
13410,6.210857614188867e-07,6.210857614188867e-07,0.0,7.135667376747227e-06,0.00012066226284928261,0.001,1.7260502592928004e-06,1.6929061392377512e-06,1.8257892934209923e-06,2.4754368601287375e-06,2.3286574781516942e-06
13420,6.182893679232324e-07,6.182893679232324e-07,0.0,7.047834595832911e-06,0.0001216543877967923,0.001,1.7022608969188031e-06,1.6639702987343281e-06,1.7823994253899598e-06,2.4582672107210606e-06,2.3115856059608426e-06
13430,6.154769717805408e-07,6.154769717805408e-07,0.0,7.007690732165635e-06,0.00012264084163779877,0.001,1.695169458824947e-06,1.6613675985397155e-06,1.7720637274470896e-06,2.454275600555176e-06,2.3040370593537694e-06
13440,6.126488519385341e-07,6.126488519385341e-07,0.0,6.990067500183376e-06,0.0001236200940773135,0.001,1.6909530855894218e-06,1.6559254003996063e-06,1.7677487168194713e-06,2.448301758320867e-06,2.2981895882935408e-06
13450,6.098053175804418e-07,6.098053175804418e-07,0.0,6.987814489811987e-06,0.00012459171481310022,0.001,1.6883769890405835e-06,1.6475717218459374e-06,1.76685425002255e-06,2.44041838873146e-06,2.2933182823672216e-06
13460,6.069466807131047e-07,6.069466807131047e-07,0.0,6.969010868409762e-06,0.00012555855524459654,0.001,1.6841213975587848e-06,1.6423434724024229e-06,1.762225731408331e-06,2.4344813228225088e-06,2.287329568288669e-06
13470,6.040732414606407e-07,6.040732414606407e-07,0.0,6.94375149677366e-06,0.00012652050255546838,0.001,1.6788893227208491e-06,1.637332013926268e-06,1.755541907304812e-06,2.4287661954418037e-06,2.2807109628836165e-06
13480,6.011852995648947e-07,6.011852995648947e-07,0.0,6.93111958204157e-06,0.00012747605459571197,0.001,1.675523695881662e-06,1.6317894535310163e-06,1.7529096902303531e-06,2.422524081154111e-06,2.2752627551323008e-06
13490,5.982831520835149e-07,5.982831520835149e-07,0.0,6.909860530547748e-06,0.00012842688174255707,0.001,1.670880792315991e-06,1.6265261617474773e-06,1.7475093007957045e-06,2.416559570095577e-06,2.26896728807255e-06
13500,5.953670930669734e-07,5.953670930669734e-07,0.0,6.890270682198253e-06,0.00012937232878574016,0.001,1.6665350394346115e-06,1.62128390277946e-06,1.7427227712915402e-06,2.4105482523833563e-06,2.262824301874925e-06
13510,5.924374135810611e-07,5.924374135810611e-07,0.0,6.870806913288083e-06,0.00013031267042707225,0.001,1.6622294181944901e-06,1.616036736493253e-06,1.7380016478620285e-06,2.404505269720178e-06,2.256672656386297e-06
13520,5.894944043556845e-07,5.894944043556845e-07,0.0,6.8440021034281164e-06,0.00013124884091187926,0.001,1.6576728400033695e-06,1.6132326761843282e-06,1.7323085194645173e-06,2.3998246869995114e-06,2.2501579961101754e-06
13530,5.865387178806155e-07,5.865387178806155e-07,0.0,7.109497070392348e-06,0.00013219782025209205,0.001,1.8091322494010197e-06,1.915633116076998e-06,2.014879430953753e-06,2.5583867026569886e-06,2.330386609807687e-06
13540,5.837537363368838e-07,5.837537363368838e-07,0.0,5.4556595204416784e-05,0.0001367224974889462,0.001,1.7390908990012988e-05,2.306097917885897e-05,2.4781072721314212e-05,1.9955413048526068e-05,1.5232995705188364e-05
13550,8.263155151039272e-07,8.263155151039272e-07,0.0,0.001992994737081693,0.0011324453928026172,0.001,0.0006340312924151736,0.0008398752376255152,0.0009056826797869797,0.0007229749163820615,0.0005521173999621053
13560,7.089607425819694e-05,7.089607425819694e-05,0.0,0.03351395320923436,0.012076640165617847,0.001,0.010667444623266017,0.014067524176799578,0.015202257777431137,0.012188733945269531,0.009241612714946366
13570,9.17309081390082e-06,9.17309081390082e-06,0.0,0.011396995075512489,0.007050714009402751,0.001,0.003527669971342014,0.004665948855681236,0.00515268862873395,0.004227283093247432,0.0031852870034216997
13580,6.336501295549128e-06,6.336501295549128e-06,0.0,0.00921112658685859,0.004073560555789342,0.001,0.0028254431754502784,0.003719964599809762,0.004139269861086842,0.0034385988668280396,0.0025747414152596654
13590,1.556099835507226e-06,1.556099835507226e-06,0.0,0.00381581426206401,0.0008412065863628719,0.001,0.0012037699226582568,0.0015658583862297381,0.0017065979839999172,0.0014131063960758632,0.001048041098815171
13600,7.373700948884728e-07,7.373700948884728e-07,0.0,0.0015554852492691447,0.001161281382291609,0.001,0.0004899474944005042,0.0006365809629208773,0.0006941668754482755,0.0005762055648001061,0.00042714142107561114
13610,8.225514759823203e-07,8.225514759823203e-07,0.0,0.0019133286092704407,0.000648285797351356,0.001,0.0005906242803299129,0.000773000392802859,0.0008566667224356599,0.000715682138674019,0.0005326483241251902
13620,5.764299270458546e-07,5.764299270458546e-07,0.0,0.0003535363772900127,0.00017592851619721057,0.001,0.00010933103951964987,0.00014297015353950947,0.00015818001033929643,0.0001322054622826135,9.831018908208883e-05
13630,5.773547706425354e-07,5.773547706425354e-07,0.0,0.00042883186592237966,0.00029309873565423815,0.001,0.00013175257310864863,0.0001725749243636067,0.00019183555802233565,0.00016032782191363084,0.00011952408859936747
13640,5.730390418457082e-07,5.730390418457082e-07,0.0,0.0004084346001206646,0.00020880660513822424,0.001,0.0001278479733341218,0.00016663960723808767,0.00018275406845171089,0.0001524992941177111,0.00011304300599255443
13650,5.611076792638063e-07,5.611076792638063e-07,0.0,0.00019495768451410655,0.0001482114850901602,0.001,5.971353007487875e-05,7.822191781024096e-05,8.705000935243342e-05,7.27716211111462e-05,5.433818634166413e-05
13660,5.555877324529718e-07,5.555877324529718e-07,0.0,5.47867794744061e-05,0.00014289370335860728,0.001,1.716922450499589e-05,2.2386391414856722e-05,2.452358472246967e-05,2.0621206563692903e-05,1.5307220733945636e-05
13670,5.522441301086093e-07,5.522441301086093e-07,0.0,7.147902012244797e-06,0.0001449751112504027,0.001,1.593358308253903e-06,1.6624596126764454e-06,1.87464137162401e-06,2.446363979466349e-06,2.2861858789290825e-06
13680,5.491064115017358e-07,5.491064115017358e-07,0.0,1.3657241010460886e-05,0.00014506128056111545,0.001,3.883417166782035e-06,4.840753651873489e-06,5.410796821700804e-06,4.773256754304552e-06,3.8475506328315245e-06
13690,5.459475822664552e-07,5.459475822664552e-07,0.0,1.0385219305420171e-05,0.00014602300775756305,0.001,3.244656423638425e-06,3.969678841674787e-06,4.138899182680009e-06,3.978276584959058e-06,3.1537549834250577e-06
13700,5.427794365733109e-07,5.427794365733109e-07,0.0,7.544101994328931e-06,0.0001464080092011167,0.001,1.9390158959461156e-06,2.05431326959913e-06,2.294990702834764e-06,2.6165172334577154e-06,2.366240587034936e-06
13710,5.39606417534313e-07,5.39606417534313e-07,0.0,6.66874392939725e-06,0.00014729137252636153,0.001,1.6269455768852852e-06,1.5833092412516839e-06,1.7384391337788353e-06,2.3279449766841653e-06,2.169945580537275e-06
13720,5.364265887169681e-07,5.364265887169681e-07,0.0,7.018440395173397e-06,0.00014810637464635326,0.001,1.9074220691977263e-06,2.0659869244198202e-06,2.1489980401840155e-06,2.609348698218897e-06,2.2968473356217205e-06
13730,5.332383091055796e-07,5.332383091055796e-07,0.0,7.617386987436144e-06,0.00014893642977671867,0.001,1.9223548258592564e-06,2.0578217759936445e-06,2.333191267193005e-06,2.624266208350324e-06,2.3700610293893124e-06
13740,5.300416951649953e-07,5.300416951649953e-07,0.0,6.6493675276080924e-06,0.0001498152360942506,0.001,1.7732140971665892e-06,1.8345445600463488e-06,1.8890312192672555e-06,2.441700271789433e-06,2.1940233808556144e-06
13750,5.268378275898122e-07,5.268378275898122e-07,0.0,6.4897359890767944e-06,0.00015062061139903626,0.001,1.6034616294995104e-06,1.5434435614519406e-06,1.667755986790047e-06,2.282436376082722e-06,2.1256928880157627e-06
13760,5.238836871240086e-07,5.238836871240086e-07,0.0,6.39676061575386e-06,0.00013633003832065965,0.0009000000000000001,1.6186421898794147e-06,1.5707751798684105e-06,1.6531812287275462e-06,2.285858094508389e-06,2.1132029077905367e-06
13770,5.209861788380541e-07,5.209861788380541e-07,0.0,6.459448380676081e-06,0.00013709194175484603,0.0009000000000000001,1.601455102206635e-06,1.5395802260291465e-06,1.6642758249686458e-06,2.2716678139758783e-06,2.1144670176224535e-06
13780,5.180810865741499e-07,5.180810865741499e-07,0.0,6.366895239896777e-06,0.00013786939323037745,0.0009000000000000001,1.6000795182419958e-06,1.5403428501222981e-06,1.6349643221757106e-06,2.263849834973076e-06,2.0989564184669953e-06
13790,5.151685395460152e-07,5.151685395460152e-07,0.0,6.368775181946226e-06,0.00013864082659769913,0.0009000000000000001,1.590722822114304e-06,1.5255249551938192e-06,1.6332386247371137e-06,2.2546732813341695e-06,2.0944939598771376e-06
13800,5.122487007578391e-07,5.122487007578391e-07,0.0,6.344104824320558e-06,0.00013941080446205537,0.0009000000000000001,1.5870098096723702e-06,1.5210769321877685e-06,1.6272254896141373e-06,2.2486589266209116e-06,2.0877099008119923e-06
13810,5.093217562278298e-07,5.093217562278298e-07,0.0,6.323384667584883e-06,0.000140179863956645,0.0009000000000000001,1.583225027533744e-06,1.5161379784117098e-06,1.6223016217792504e-06,2.242455562747989e-06,2.0813128681458154e-06
13820,5.063879006009908e-07,5.063879006009908e-07,0.0,6.305935421667472e-06,0.0001409452844689033,0.0009000000000000001,1.5791499209211948e-06,1.510455626172642e-06,1.6181784405693554e-06,2.2360104094247983e-06,2.075221559719621e-06
13830,5.034473305696977e-07,5.034473305696977e-07,0.0,6.284812572964177e-06,0.00014170901844500633,0.0009000000000000001,1.575465722459056e-06,1.5056233108340214e-06,1.6131829143209485e-06,2.2297900726009985e-06,2.0687491269598737e-06
13840,5.00500242961235e-07,5.00500242961235e-07,0.0,6.265732029701627e-06,0.00014246985166170814,0.0009000000000000001,1.5713615715516232e-06,1.500109480424858e-06,1.6086308874694458e-06,2.223413166082809e-06,2.0624830703694943e-06
13850,4.975468341885545e-07,4.975468341885545e-07,0.0,6.246146364797404e-06,0.00014322850418185373,0.0009000000000000001,1.5673727999529658e-06,1.4947502627880198e-06,1.6039888199650403e-06,2.2170430208003588e-06,2.0561465741674515e-06
13860,4.945873000881341e-07,4.945873000881341e-07,0.0,6.2257722667364635e-06,0.000143984716462275,0.0009000000000000001,1.5635396962910098e-06,1.4896211169361627e-06,1.5991739443890522e-06,2.2106912957104524e-06,2.049707007092756e-06
13870,4.91621835877521e-07,4.91621835877521e-07,0.0,6.206399406512401e-06,0.00014473849575786648,0.0009000000000000001,1.5595078876506613e-06,1.4841533703750608e-06,1.5945778231867802e-06,2.204246463871014e-06,2.0433602887652173e-06
13880,4.886506361559504e-07,4.886506361559504e-07,0.0,6.186083829951485e-06,0.0001454899733444946,0.0009000000000000001,1.5556142418080612e-06,1.4789226811723358e-06,1.5897756263908169e-06,2.1978399993043604e-06,2.0369007131404214e-06
13890,4.8567389492201e-07,4.8567389492201e-07,0.0,6.1660828929764e-06,0.0001462390579727038,0.0009000000000000001,1.551672746892163e-06,1.4735861323018354e-06,1.5850442132502125e-06,2.1913830781162618e-06,2.0304578400386474e-06
13900,4.826918055945471e-07,4.826918055945471e-07,0.0,6.1460214109878535e-06,0.00014698581344821095,0.0009000000000000001,1.547724080097377e-06,1.4682326411075646e-06,1.58029976106714e-06,2.1849040546274872e-06,2.0239949467381453e-06
13910,4.797045610379955e-07,4.797045610379955e-07,0.0,6.125750024279362e-06,0.00014773024877015828,0.0009000000000000001,1.5438030084956155e-06,1.462914433940571e-06,1.5755108017093337e-06,2.1784123429358755e-06,2.0174951764081606e-06
13920,4.7671235358691146e-07,4.7671235358691146e-07,0.0,6.105453302288186e-06,0.00014847235794495097,0.0009000000000000001,1.539878544450049e-06,1.4575780456078695e-06,1.5707175214951566e-06,2.1718953541788745e-06,2.010978185115831e-06
13930,4.7371537507005337e-07,4.7371537507005337e-07,0.0,6.085114759858205e-06,0.0001492121540991781,0.0009000000000000001,1.5359500577398494e-06,1.452225387171481e-06,1.5659151040302192e-06,2.165354421246236e-06,2.00444262753478e-06
13940,4.7071381683485636e-07,4.7071381683485636e-07,0.0,6.064689456883915e-06,0.00014994964573545824,0.0009000000000000001,1.5320289234674028e-06,1.446873172958073e-06,1.5610948402934943e-06,2.1587928130123765e-06,1.9978835409963165e-06
13950,4.677078697713905e-07,4.677078697713905e-07,0.0,6.04418555770944e-06,0.00015068483543381723,0.0009000000000000001,1.5281119261195033e-06,1.4415175177749886e-06,1.5562579354392054e-06,2.152210174545827e-06,1.9913020600332284e-06
13960,4.6469772433612277e-07,4.6469772433612277e-07,0.0,6.023612221429366e-06,0.00015141772445516715,0.0009000000000000001,1.524198889270223e-06,1.436157158259997e-06,1.5514065283879884e-06,2.145605870948273e-06,1.984699113301013e-06
13970,4.6168357057531253e-07,4.6168357057531253e-07,0.0,6.002972240064048e-06,0.00015214831327204,0.0009000000000000001,1.5202887282329195e-06,1.4307908956174597e-06,1.5465409660417154e-06,2.1389798522233473e-06,1.978075152495233e-06
13980,4.586655981481926e-07,4.586655981481926e-07,0.0,5.9822647155873965e-06,0.00015287660059431794,0.0009000000000000001,1.5163822065199559e-06,1.425419728806117e-06,1.5416610624737997e-06,2.132332258888143e-06,1.9714301125678914e-06
13990,4.5564399634983447e-07,4.5564399634983447e-07,0.0,5.961489768342271e-06,0.00015360258325698776,0.0009000000000000001,1.5124792985137261e-06,1.420043798738744e-06,1.5367667489558196e-06,2.1256632058713895e-06,1.9647640999857224e-06
14000,4.526189541337448e-07,4.526189541337448e-07,0.0,5.940647923989795e-06,0.0001543262562608678,0.0009000000000000001,1.5085801357846217e-06,1.4146633367697733e-06,1.531858062213422e-06,2.118972740564449e-06,1.958077231810851e-06
14010,4.495906601341867e-07,4.495906601341867e-07,0.0,5.919739914031234e-06,0.0001550476128081239,0.0009000000000000001,1.5046847590412203e-06,1.409278465168672e-06,1.5269350892194343e-06,2.112260900846379e-06,1.9513696524896398e-06
14020,4.465593026882163e-07,4.465593026882163e-07,0.0,5.8987665506707884e-06,0.00015576664428306434,0.0009000000000000001,1.5007931281308877e-06,1.4038892256242745e-06,1.5219979106479866e-06,2.1055277129693176e-06,1.944641516915923e-06
14030,4.435250698574441e-07,4.435250698574441e-07,0.0,5.877728562272123e-06,0.00015648334024737537,0.0009000000000000001,1.4969052621008654e-06,1.3984957295671206e-06,1.5170465993125016e-06,2.098773200948171e-06,1.9378929632423655e-06
14040,4.4048814944946496e-07,4.4048814944946496e-07,0.0,5.856626663894231e-06,0.00015719768844141564,0.0009000000000000001,1.4930211473123719e-06,1.3930980640788283e-06,1.5120812203738553e-06,2.0919973875003254e-06,1.9311241289321075e-06
14050,4.37448729039103e-07,4.37448729039103e-07,0.0,5.835461570914051e-06,0.00015790967476829186,0.0009000000000000001,1.489140753563361e-06,1.3876963050976406e-06,1.5071018341833037e-06,2.085200289836373e-06,1.924335149643316e-06
15310,0.0008006794616605263,0.0008006794616605263,0.0,0.12935495376603193,0.028403755797217795,0.001,0.05324308716905099,0.06350295646021012,0.04960371738486087,0.04538699187096227,0.03472147525125524
15320,0.0003044617257012009,0.0003044617257012009,0.0,0.06264044612955026,0.01412937715830115,0.001,0.022720109613568306,0.026302300697892623,0.027090056143794554,0.02232622815451573,0.018209062208299022
15330,0.00021933692416803988,0.00021933692416803988,0.0,0.047503701651815104,0.0060347009536925265,0.001,0.015138210605437267,0.017744071464298315,0.02187956371334198,0.01730908078450485,0.014517672020602215
15340,6.193792279636977e-05,6.193792279636977e-05,0.0,0.02032610343932397,0.004495067668147296,0.001,0.005901987609781788,0.007150264273256563,0.00967850150198642,0.0074947095336794275,0.006371990366705569
15350,2.1116578581431377e-05,2.1116578581431377e-05,0.0,0.008475528911800189,0.004088708458511429,0.001,0.0029476698930634465,0.003920203091637081,0.0037471968799814154,0.0030426142668978874,0.0024380331835220565
15360,9.936843393212513e-06,9.936843393212513e-06,0.0,0.002999165204040144,0.003541499752198205,0.001,0.001231774305642393,0.0015332169205590253,0.00119662923605836,0.0010984856306348741,0.0008711908679385782
15370,5.6879807752354614e-06,5.6879807752354614e-06,0.0,0.003616740907309731,0.0026948904455054005,0.001,0.001476853292374351,0.0017782705048994929,0.0013218702076158583,0.0011108663949886376,0.0009019385658679854
15380,2.8955928493077034e-06,2.8955928493077034e-06,0.0,0.0022353650472366794,0.0019674037531282568,0.001,0.0009454479344714292,0.0011727462645781852,0.0008780185558868955,0.0007471375818574951,0.0005954264428498155
15390,1.6892099210716115e-06,1.6892099210716115e-06,0.0,0.0016035274799610201,0.0013355203040572746,0.001,0.000599173988618061,0.0006893511926693758,0.0006322874077764103,0.0005390979326452114,0.0004600675721766517
15400,1.2361120729971825e-06,1.2361120729971825e-06,0.0,0.001164445017241092,0.0008330476365856471,0.001,0.0003299665176278158,0.0004010003811671708,0.0005490146127122923,0.0004238947570637964,0.0003662447965675401
15410,1.0490332330737833e-06,1.0490332330737833e-06,0.0,0.0008291092543024418,0.0004905971516365234,0.001,0.0002821968621511639,0.0003586461535418132,0.00037705573643637813,0.00027899881826052274,0.00023323756416334252
15420,9.746627191976735e-07,9.746627191976735e-07,0.0,0.00013590187248019067,0.0002500952731220335,0.001,5.8139075590771144e-05,6.97625115870939e-05,4.939512606367718e-05,4.0899339199011004e-05,3.340039401776124e-05
15430,9.762517082221564e-07,9.762517082221564e-07,0.0,0.0002541541592601007,0.00011178811699350578,0.001,7.592934297645154e-05,9.69634035606767e-05,0.00012450043430595583,9.370433441104436e-05,7.915333798935022e-05
15440,9.690101868211525e-07,9.690101868211525e-07,0.0,0.0001226329093343096,8.736216919581968e-05,0.001,4.728555125949998e-05,6.005014432275053e-05,5.549124698167744e-05,4.2460037254295145e-05,3.421518256810865e-05
15450,9.662501621070053e-07,9.662501621070053e-07,0.0,0.00010613050053886952,6.950617222448417e-05,0.001,3.8342701800065395e-05,4.500069935624148e-05,4.4266868671337186e-05,3.7412531634953115e-05,3.196665057317134e-05
15460,9.634850811272088e-07,9.634850811272088e-07,0.0,4.6886197960376097e-05,6.54539002200719e-05,0.001,1.959522355966819e-05,2.3284433205242853e-05,1.810011879633648e-05,1.6088483904074017e-05,1.3281901678562062e-05
15470,9.61750164884188e-07,9.61750164884188e-07,0.0,3.844227735163726e-05,6.075165254212955e-05,0.001,1.3979437317942829e-05,1.7755810996048825e-05,1.87127916330183e-05,1.4345255605107054e-05,1.1585272948476345e-05
15480,9.600065616032612e-07,9.600065616032612e-07,0.0,1.3503354059716081e-05,6.068422670228173e-05,0.001,5.55469954116104e-06,6.502442545397663e-06,4.796510315244727e-06,4.7638624326330855e-06,3.9572329441410454e-06
15490,9.583637651317451e-07,9.583637651317451e-07,0.0,1.1777849877394626e-05,6.175926349967537e-05,0.001,2.7875951476981386e-06,3.045323869365571e-06,4.007113319038339e-06,3.713846919821555e-06,3.4740543041399724e-06
15500,9.56676578840167e-07,9.56676578840167e-07,0.0,1.0678313940953727e-05,6.364310502203753e-05,0.001,3.3753265831151208e-06,3.6388893783916717e-06,4.122151174179311e-06,4.126476652669888e-06,3.5152227917163714e-06
15510,9.549420319080747e-07,9.549420319080747e-07,0.0,9.576137130799167e-06,6.519750469693517e-05,0.001,1.987955335901746e-06,1.908124464340784e-06,2.369799754850466e-06,2.789530347867157e-06,2.7005504653013877e-06
15520,9.531691857270938e-07,9.531691857270938e-07,0.0,7.493037184736473e-06,6.666888988201606e-05,0.001,1.9965376084908415e-06,1.979744977799776e-06,1.751312170641143e-06,2.7207527007641773e-06,2.3974575081167507e-06
15530,9.513564797755295e-07,9.513564797755295e-07,0.0,7.429398285112171e-06,6.824332359351362e-05,0.001,2.112333147308759e-06,2.194443962563838e-06,1.8084038956046214e-06,2.767445850313203e-06,2.399341778630796e-06
15540,9.495026172170395e-07,9.495026172170395e-07,0.0,7.827965975685532e-06,6.971992899807461e-05,0.001,1.8322105280258727e-06,1.7453012266421296e-06,1.6832789521116067e-06,2.659211883243053e-06,2.411739669938565e-06
15550,9.476083809320106e-07,9.476083809320106e-07,0.0,7.6235711741877796e-06,7.127014167349669e-05,0.001,1.8936686270264602e-06,1.8342877458977104e-06,1.725904415462847e-06,2.70424159501092e-06,2.4063240048569415e-06
15560,9.456746010762166e-07,9.456746010762166e-07,0.0,7.640295257520318e-06,7.280050348537968e-05,0.001,1.9052454911448845e-06,1.8697587673757948e-06,1.6886062541034852e-06,2.6751738894496634e-06,2.3912051612010925e-06
15570,9.437020867675778e-07,9.437020867675778e-07,0.0,7.599525461863158e-06,7.432747238793829e-05,0.001,1.8919196763133324e-06,1.8344279358927875e-06,1.6993062135150898e-06,2.681727525081347e-06,2.3911681947240557e-06
15580,9.416915836388702e-07,9.416915836388702e-07,0.0,7.613763055036318e-06,7.582324458141058e-05,0.001,1.8876348304974259e-06,1.8323765697861531e-06,1.683900000812698e-06,2.66739678163923e-06,2.3851773680015544e-06
15590,9.39643798526376e-07,9.39643798526376e-07,0.0,7.579735808658074e-06,7.730316160082677e-05,0.001,1.8926531531846541e-06,1.8389529233155987e-06,1.688906118441926e-06,2.6707952225189146e-06,2.3820961876713328e-06
15600,9.375594137450561e-07,9.375594137450561e-07,0.0,7.585659227640179e-06,7.875378595651791e-05,0.001,1.8848586186052412e-06,1.8281047836695414e-06,1.682515047242989e-06,2.6638673600549006e-06,2.3791714601153954e-06
15610,9.354390847640271e-07,9.354390847640271e-07,0.0,7.571338651096089e-06,8.018763868254606e-05,0.001,1.8843134711390563e-06,1.8283157932962724e-06,1.6817028279881024e-06,2.6621789534628517e-06,2.3760009661074695e-06
15620,9.332834405954017e-07,9.332834405954017e-07,0.0,7.561835805958302e-06,8.16008986791241e-05,0.001,1.8820574250522613e-06,1.8259083792579124e-06,1.6794813403200805e-06,2.6590824633432903e-06,2.3728054692796016e-06
15630,9.3109308572283e-07,9.3109308572283e-07,0.0,7.55606602608917e-06,8.299851408895165e-05,0.001,1.8779648999514949e-06,1.8202721648313196e-06,1.6764172606413624e-06,2.6550232765024957e-06,2.3697224949565717e-06
15640,9.288686022132584e-07,9.288686022132584e-07,0.0,7.542641682419919e-06,8.438040028571289e-05,0.001,1.8772832988945233e-06,1.820188988226117e-06,1.6748940765347617e-06,2.652466004868305e-06,2.366240595905624e-06
15650,9.26610551415164e-07,9.26610551415164e-07,0.0,7.535162321832608e-06,8.574711146150641e-05,0.001,1.8737899521285984e-06,1.8154169674310498e-06,1.6720479722393385e-06,2.6485250963082587e-06,2.362973889705151e-06
15660,9.243194754287239e-07,9.243194754287239e-07,0.0,7.524700250202306e-06,8.709967954911364e-05,0.001,1.8715619639486117e-06,1.8127704511538206e-06,1.6697661556426983e-06,2.645147316264949e-06,2.359532027766998e-06
15670,9.219958985113693e-07,9.219958985113693e-07,0.0,7.514138908235803e-06,8.843821690493451e-05,0.001,1.8692921406407124e-06,1.8100929844692878e-06,1.6674381092984141e-06,2.6417168283032476e-06,2.3560428349962684e-06
15680,9.196403283253057e-07,9.196403283253057e-07,0.0,7.504364377104282e-06,8.976338857398323e-05,0.001,1.8665581283863955e-06,1.8066733146099192e-06,1.6648856327915926e-06,2.6380490119540873e-06,2.352552635462521e-06
15690,9.172532570687226e-07,9.172532570687226e-07,0.0,7.494020942766988e-06,9.10758087545298e-05,0.001,1.8639656939162563e-06,1.8034891185589485e-06,1.6624080294374717e-06,2.6344392457312047e-06,2.349005322983279e-06
15700,9.148351624999287e-07,9.148351624999287e-07,0.0,7.483443621117247e-06,9.23759638894421e-05,0.001,1.8614034135503777e-06,1.8003756706860338e-06,1.6599104303794582e-06,2.6307970166018873e-06,2.34540314596822e-06
15710,9.123865088657616e-07,9.123865088657616e-07,0.0,7.4728476681351614e-06,9.366436876559491e-05,0.001,1.8587690870619116e-06,1.7971593189092627e-06,1.657351128915955e-06,2.627078259663508e-06,2.3417580272026938e-06
15720,9.099077477493057e-07,9.099077477493057e-07,0.0,7.46210392981788e-06,9.494150188156763e-05,0.001,1.856105413877055e-06,1.7938985750024154e-06,1.654769461800616e-06,2.6233193216983677e-06,2.338070350294902e-06
15730,9.073993188447319e-07,9.073993188447319e-07,0.0,7.451204238783571e-06,9.620779174154648e-05,0.001,1.853421033495739e-06,1.7906110649164396e-06,1.6521657963213838e-06,2.619522033593352e-06,2.334339235873933e-06
15740,9.04861650666158e-07,9.04861650666158e-07,0.0,7.440182764186231e-06,9.746364280591424e-05,0.001,1.8507071976937815e-06,1.7872868883463273e-06,1.6495302982609633e-06,2.6156781479917462e-06,2.3305651269333474e-06
15750,9.022951611979998e-07,9.022951611979998e-07,0.0,7.42903552782696e-06,9.870943985536229e-05,0.001,1.847966418384324e-06,1.7839296998310067e-06,1.6468650389172946e-06,2.6117898647838987e-06,2.3267486222744057e-06
15760,8.997002584926767e-07,8.997002584926767e-07,0.0,7.417754052793442e-06,9.994554622999756e-05,0.001,1.845202506736538e-06,1.7805443218236177e-06,1.6441734889242534e-06,2.607860470751732e-06,2.322890297580102e-06
15770,8.970773412209745e-07,8.970773412209745e-07,0.0,7.4063408328851575e-06,0.00010117230583291192,0.001,1.8424155994988603e-06,1.7771304611141326e-06,1.6414559190231788e-06,2.6038902748247702e-06,2.3189907797340865e-06
15780,8.944267991796332e-07,8.944267991796332e-07,0.0,7.394800541356405e-06,0.00010239004515993937,0.001,1.8396051231539938e-06,1.7736870185950385e-06,1.6387119094953262e-06,2.599878988463266e-06,2.3150506855976976e-06
15790,8.917490137603522e-07,8.917490137603522e-07,0.0,7.3831353500629805e-06,0.00010359907419184835,0.001,1.8367713579634524e-06,1.7702142191653038e-06,1.635941707619444e-06,2.595826974713978e-06,2.311070587840802e-06
15800,8.890443583840112e-07,8.890443583840112e-07,0.0,7.371346156792178e-06,0.00010479968723292145,0.001,1.8339150192921737e-06,1.7667129370589528e-06,1.6331458972433918e-06,2.5917349154105783e-06,2.3070510282902106e-06
15810,8.863131989032109e-07,8.863131989032109e-07,0.0,7.359433881722224e-06,0.00010599216403366302,0.001,1.8310368111684028e-06,1.763184059380274e-06,1.6303250181942587e-06,2.587603453977619e-06,2.3029925296430904e-06
15820,8.835558939760819e-07,8.835558939760819e-07,0.0,7.347399714067687e-06,0.0001071767709349257,0.001,1.8281373417049889e-06,1.7596283318744787e-06,1.62747951124752e-06,2.5834331304132384e-06,2.2988956003819634e-06
15830,8.807727954139501e-07,8.807727954139501e-07,0.0,7.335244979162864e-06,0.00010835376185135597,0.001,1.8252171354753584e-06,1.7560463619020024e-06,1.6246097692487874e-06,2.5792244294686386e-06,2.2947607434793754e-06
15840,8.779642485052076e-07,8.779642485052076e-07,0.0,7.3229710960583176e-06,0.00010952337910452986,0.001,1.8222766383253874e-06,1.7524386045375618e-06,1.6217161658837304e-06,2.574977802762695e-06,2.2905884614985205e-06
15850,8.751305923173369e-07,8.751305923173369e-07,0.0,7.3105799751611716e-06,0.00011068585417935907,0.001,1.8193162079769232e-06,1.748805149688892e-06,1.6187990479625313e-06,2.57069357070285e-06,2.286379248658661e-06
15860,8.722721599791952e-07,8.722721599791952e-07,0.0,7.298102150370401e-06,0.00011184140858704403,0.001,1.8163311849266948e-06,1.7451265418134958e-06,1.615857253288333e-06,2.5663654867948354e-06,2.282133832621415e-06
15870,8.693892789876679e-07,8.693892789876679e-07,0.0,7.288045427566874e-06,0.00011299026855293855,0.001,1.8128984939946534e-06,1.7397502793106769e-06,1.6128009596609538e-06,2.5614515877249617e-06,2.277890107823355e-06
15880,8.664830042505357e-07,8.664830042505357e-07,0.0,8.37087246940728e-06,0.00011415686872543996,0.001,2.0458038130125654e-06,2.0807944634926606e-06,2.205951072879417e-06,2.797002509165505e-06,2.506872501514484e-06
15890,8.943710698158569e-07,8.943710698158569e-07,0.0,0.0007190237477122636,0.0004917987079889895,0.001,0.00021807731281514613,0.0002983670674199049,0.0003132852470972086,0.0002653352387147119,0.00021506528028790816
15900,7.673557180963158e-05,7.673557180963158e-05,0.0,0.03589951515669567,0.011514093781153135,0.001,0.011108453724067663,0.015118409192610186,0.015610828034139884,0.013249822259872002,0.010532528911338506
15910,5.864079682525794e-06,5.864079682525794e-06,0.0,0.009319470732111127,0.007664329521915047,0.001,0.003518580503622698,0.0044561280704500635,0.003755759759148065,0.0032262477704968102,0.0024646355863743668
15920,5.461147801392183e-06,5.461147801392183e-06,0.0,0.008878081092500871,0.004508413965081024,0.001,0.003232942241368216,0.004132770544959658,0.0036138982528559067,0.0031409284575990752,0.0023918807056368067
15930,4.1203938118519416e-06,4.1203938118519416e-06,0.0,0.006829881086234619,0.002474696769569611,0.001,0.0019157902539444068,0.0025529301384573135,0.002947288247879867,0.0026678899017187198,0.002124112642622641
15940,1.7584098865213418e-06,1.7584098865213418e-06,0.0,0.004039180572038467,0.000758852599611513,0.001,0.0015443819469219584,0.001943790601885694,0.0015991919518129128,0.0013784987346307385,0.0010497563962905314
15950,1.0004444433329694e-06,1.0004444433329694e-06,0.0,0.0012232150719177258,0.00032601323378026164,0.001,0.00035286365981350605,0.00045218599054254563,0.0005169648857385814,0.00047235721395729894,0.0003860847488738047
15960,8.996129192220584e-07,8.996129192220584e-07,0.0,0.0003838697239658138,0.00031737350513560226,0.001,0.0001667516019057055,0.00019680079307445353,0.00013543696904626699,0.00011690841195787814,9.809873753517255e-05
15970,8.959353952000785e-07,8.959353952000785e-07,0.0,0.00038784748273489386,0.0002747528461416899,0.001,0.00016137427108868158,0.000198936703280007,0.0001478389987756599,0.00012614057920827567,9.670670167280325e-05
15980,8.908277004769341e-07,8.908277004769341e-07,0.0,0.0002890269696748455,0.000214269602449562,0.001,8.386669958878481e-05,0.00010731953861322102,0.00012228851724365588,0.00011240902569641547,9.18996471677349e-05
15990,8.846467188077385e-07,8.846467188077385e-07,0.0,0.00023533624923416857,0.00016145898714114819,0.001,9.665261055497455e-05,0.00011967261445867675,9.09049861278994e-05,7.789586255429765e-05,5.931036062737033e-05
16000,8.79389346118396e-07,8.79389346118396e-07,0.0,0.00010715308374388743,0.00014362969523636665,0.001,3.1766609985752746e-05,4.035204040984566e-05,4.522207934254999e-05,4.172023333978405e-05,3.4208250693047e-05
16010,8.754208087414384e-07,8.754208087414384e-07,0.0,3.6860504046387646e-05,0.00013043389477156785,0.001,1.3397360499693915e-05,1.740964787021475e-05,1.572724056552461e-05,1.4250466853810243e-05,1.068374575495578e-05
16020,8.72108786052645e-07,8.72108786052645e-07,0.0,2.5597735671015984e-05,0.00012760300060061293,0.001,1.1642882676765758e-05,1.3828550447575497e-05,9.482419052270528e-06,8.581834868332236e-06,6.982074824766885e-06
16030,8.688149668822e-07,8.688149668822e-07,0.0,2.4998605362002344e-05,0.00012736598122397718,0.001,8.423361028583638e-06,1.0284808608115692e-05,8.777104953852962e-06,7.635518412541596e-06,6.281300222203796e-06
16040,8.655155760169433e-07,8.655155760169433e-07,0.0,2.5769913966437577e-05,0.00012837614822679594,0.001,8.319438624305513e-06,1.0297818474277058e-05,9.326939696630926e-06,8.152260605896066e-06,6.644583018162681e-06
16050,8.621734408131281e-07,8.621734408131281e-07,0.0,1.5023707605194103e-05,0.00012964118758974238,0.001,3.579486408392304e-06,4.3566004876681986e-06,5.31609822245715e-06,5.044652694145299e-06,4.292831526296409e-06
16060,8.588232839543951e-07,8.588232839543951e-07,0.0,8.027708805406773e-06,0.0001306864487396388,0.001,2.4337138860806903e-06,2.604921467185702e-06,2.21034218022887e-06,2.8811162585421377e-06,2.500827375552417e-06
16070,8.554629024693398e-07,8.554629024693398e-07,0.0,7.596052659360332e-06,0.00013168522233593887,0.001,2.8471310962541594e-06,3.3433054807577517e-06,2.4125605392671073e-06,3.097504460158973e-06,2.4687578427028008e-06
16080,8.5208316484733e-07,8.5208316484733e-07,0.0,7.138207946342089e-06,0.0001326605284142404,0.001,2.331615134820337e-06,2.624309703085174e-06,1.9904054145375288e-06,2.8297965018774295e-06,2.3379308483642553e-06
16090,8.486852343120696e-07,8.486852343120696e-07,0.0,7.238715724405042e-06,0.0001336259328934266,0.001,1.8250044184994958e-06,1.7743771357588e-06,1.6296109563658307e-06,2.5555936460417847e-06,2.262837699928291e-06
16100,8.452695617177714e-07,8.452695617177714e-07,0.0,7.332456425702802e-06,0.00013461916555100798,0.001,1.774164965056015e-06,1.6817734371129667e-06,1.6371737136680737e-06,2.543638947764703e-06,2.2704266014793564e-06
16110,8.41835916500945e-07,8.41835916500945e-07,0.0,7.070595338693476e-06,0.0001356249966864036,0.001,1.8379131333272108e-06,1.8238441213941237e-06,1.5987423895681596e-06,2.553477047343401e-06,2.2384664513737133e-06
16120,8.383846658362432e-07,8.383846658362432e-07,0.0,7.087918403992809e-06,0.00013661825616114923,0.001,1.7998107113171636e-06,1.7627626822529366e-06,1.5834597881645635e-06,2.539815172315204e-06,2.235782895930093e-06
16130,8.349160070671978e-07,8.349160070671978e-07,0.0,7.1800822361628815e-06,0.00013759909015356007,0.001,1.7409011153094928e-06,1.6511522775852773e-06,1.5694493536696763e-06,2.514606201713779e-06,2.2375146138507905e-06
16140,8.314301733434397e-07,8.314301733434397e-07,0.0,7.10935348260292e-06,0.0001385828158006473,0.001,1.7605137280609505e-06,1.6937725819800336e-06,1.5672941681286927e-06,2.5176074974239877e-06,2.228239443972169e-06
16150,8.279274059707413e-07,8.279274059707413e-07,0.0,7.082490245418088e-06,0.000139564771516895,0.001,1.7656961480960481e-06,1.703988258801009e-06,1.5659507891063691e-06,2.51377849856062e-06,2.2216326989494323e-06
16160,8.244079371029911e-07,8.244079371029911e-07,0.0,7.090989614808311e-06,0.00014054095048998005,0.001,1.7484290948131755e-06,1.67401170250516e-06,1.559651498798191e-06,2.5042278253768646e-06,2.218228737519204e-06
16170,8.208719994478239e-07,8.208719994478239e-07,0.0,7.056444564804962e-06,0.00014151613631384848,0.001,1.7550045274882877e-06,1.6888313524402702e-06,1.557864364284733e-06,2.5019856232703987e-06,2.2114500207014575e-06
16180,8.173198238154451e-07,8.173198238154451e-07,0.0,7.053047925410953e-06,0.00014248650317992982,0.001,1.7447280968064216e-06,1.6717544314810264e-06,1.5529507003273618e-06,2.494347031299003e-06,2.2070087563424035e-06
16190,8.137516389317526e-07,8.137516389317526e-07,0.0,7.032558165474742e-06,0.0001434545023660468,0.001,1.7432392133138837e-06,1.6715895935741088e-06,1.5496093764163843e-06,2.4897137255534066e-06,2.201347638921732e-06
16200,8.101676716283874e-07,8.101676716283874e-07,0.0,7.019820178933994e-06,0.00014441928914304036,0.001,1.7381814205663564e-06,1.6642034384471896e-06,1.5457407603261648e-06,2.483598670531745e-06,2.196136318686113e-06
16210,8.06568147120185e-07,8.06568147120185e-07,0.0,7.01223386755434e-06,0.0001453806221054955,0.001,1.7287480069686694e-06,1.6497735276756283e-06,1.5407089635148058e-06,2.4770271275403363e-06,2.1917345810703597e-06
16220,8.029533348012192e-07,8.029533348012192e-07,0.0,7.2049905422065586e-06,0.00014632907858873489,0.001,1.6772281830888549e-06,1.5455233786252388e-06,1.552583859563805e-06,2.469148904010142e-06,2.216302827912486e-06
16230,7.993501900523763e-07,7.993501900523763e-07,0.0,2.570709005575922e-05,0.00014738106494524886,0.001,1.0061926202418093e-05,1.1730615097983433e-05,8.498026601882752e-06,7.519271698327007e-06,6.612040028638198e-06
16240,8.374449839216725e-07,8.374449839216725e-07,0.0,0.0009353274485663711,0.0004522836592326175,0.001,0.0004082579372807227,0.00048234909300951434,0.0003341655887050253,0.0002871012032082169,0.00024056990403758445
16250,0.00010827913029025596,0.00010827913029025596,0.0,0.04716091019233475,0.020139458110786743,0.001,0.020552560488377867,0.024334011930281826,0.01689731431761873,0.014521755692657892,0.012173771143052065
16260,4.591753659261573e-06,4.591753659261573e-06,0.0,0.0021120313763616986,0.007785378802209792,0.001,0.0008398169477030427,0.0010095702046442753,0.0007673071363638271,0.0006582826236454625,0.0005247299265887163
16270,7.300408032482578e-06,7.300408032482578e-06,0.0,0.008579377569511942,0.003534559629413761,0.001,0.0035389425892194157,0.004307109405159738,0.0031984337805575453,0.0028372209268033,0.0023161696011858063
16280,5.8370220690817985e-06,5.8370220690817985e-06,0.0,0.009608999445862574,0.003931533116346643,0.001,0.004046472186972991,0.004861336101081606,0.0034806148035610275,0.003071214201358073,0.0025532993883813017
16290,2.1984794088000913e-06,2.1984794088000913e-06,0.0,0.005068961724980727,0.0013382191925188976,0.001,0.0021657774347485876,0.002595499634960948,0.0018262552333082138,0.0015992218504814455,0.0013301484143663337
16300,1.0350395892764357e-06,1.0350395892764357e-06,0.0,0.0015717402362040544,0.0006350331789350059,0.001,0.0006691809883110934,0.0007963559131636012,0.0005571939685938245,0.0004843911901401912,0.0004045277136062476
16310,1.0864714574385625e-06,1.0864714574385625e-06,0.0,0.0020151156475674455,0.000763201823975268,0.0009000000000000001,0.0007900491596575613,0.0009481148711245061,0.0007330853037409319,0.0006779144362502719,0.0005838638874746782
16320,8.815044728995113e-07,8.815044728995113e-07,0.0,0.0008730560730795246,0.0004101530565078739,0.0009000000000000001,0.0003714654805040337,0.0004475770573425164,0.00031870559939175863,0.0002751503794699828,0.00022319294555400197
16330,8.415181287662147e-07,8.415181287662147e-07,0.0,0.0001167622025279173,0.00020259331960248723,0.0009000000000000001,4.881658446305513e-05,5.73389727431739e-05,4.12360029460373e-05,3.731700027900724e-05,3.1780903538178335e-05
16340,8.431394227077318e-07,8.431394227077318e-07,0.0,0.0004140885560290533,0.00019923813541414514,0.0009000000000000001,0.00017770810525141612,0.0002128477402405993,0.00014980152487419806,0.00013030166648625666,0.00010679992958197043
16350,8.329115246496271e-07,8.329115246496271e-07,0.0,0.00018577175827327798,0.00017170300366265586,0.0009000000000000001,6.855103404012859e-05,8.33076193372682e-05,6.972389853863588e-05,6.55272799657562e-05,5.631345839179896e-05
16360,8.273772249189695e-07,8.273772249189695e-07,0.0,7.498224992171687e-05,0.00014569316888578875,0.0009000000000000001,2.462701438541062e-05,3.058144594057372e-05,2.8645231368183863e-05,2.7422512141763883e-05,2.357581909210023e-05
16370,8.236828748359914e-07,8.236828748359914e-07,0.0,9.234407919415539e-05,0.00014614080204906508,0.0009000000000000001,3.811486379355584e-05,4.569905314848937e-05,3.275317429318057e-05,2.8362186542329297e-05,2.3672150877422484e-05
16380,8.195923376671242e-07,8.195923376671242e-07,0.0,1.9477069657751416e-05,0.00014686333669589575,0.0009000000000000001,8.917843776018148e-06,1.0788509052234458e-05,7.745661770066402e-06,7.030055044589686e-06,5.199425606792335e-06
16390,8.159168142804971e-07,8.159168142804971e-07,0.0,2.9559484665195373e-05,0.00014822165696538216,0.0009000000000000001,1.2105178886748146e-05,1.4353280241156987e-05,1.091644310689366e-05,1.0300305581727616e-05,8.700314197370161e-06
16400,8.121612996310795e-07,8.121612996310795e-07,0.0,1.2148665550713162e-05,0.00014797267910110086,0.0009000000000000001,3.392146338396003e-06,4.119952344822875e-06,4.009852846049278e-06,4.37253097132406e-06,3.853729761436703e-06
16410,8.084361730401476e-07,8.084361730401476e-07,0.0,1.218107482844064e-05,0.00014825278553293373,0.0009000000000000001,3.4441539448787986e-06,3.940908784138414e-06,3.4538724254644166e-06,3.5425493206295244e-06,3.275606424996392e-06
16420,8.047019366404839e-07,8.047019366404839e-07,0.0,8.885816936436825e-06,0.00014914082650921092,0.0009000000000000001,3.972861188429245e-06,4.55368612838237e-06,3.0200124358114036e-06,3.433044342487588e-06,2.7070913657309253e-06
16430,8.009564945307178e-07,8.009564945307178e-07,0.0,7.276304953192018e-06,0.0001499875452443822,0.0009000000000000001,1.7099883589263695e-06,1.558090341029732e-06,1.5956807494781437e-06,2.496221533240699e-06,2.265591070956666e-06
16440,7.972028052986533e-07,7.972028052986533e-07,0.0,7.3284129880108845e-06,0.00015082980126144538,0.0009000000000000001,1.7009561021652812e-06,1.5450729920611015e-06,1.61043056012299e-06,2.4969374475005793e-06,2.2726557140037942e-06
16450,7.934388022112133e-07,7.934388022112133e-07,0.0,6.838176067085561e-06,0.00015163845118984314,0.0009000000000000001,2.1425546764113136e-06,2.1830040392579787e-06,1.6836936023443904e-06,2.5716700943458156e-06,2.203430421586263e-06
16460,7.896646083322597e-07,7.896646083322597e-07,0.0,7.066927932934082e-06,0.00015236646722737801,0.0009000000000000001,1.7315698889708525e-06,1.6084731277736034e-06,1.5599322852465003e-06,2.4844457024944185e-06,2.2270264141868617e-06
16470,7.85880507623999e-07,7.85880507623999e-07,0.0,6.901686378579023e-06,0.00015314000309166545,0.0009000000000000001,1.8518963571534684e-06,1.7645798369215131e-06,1.562432941644558e-06,2.4839076825640996e-06,2.192650213896581e-06
16480,7.820866495622395e-07,7.820866495622395e-07,0.0,6.905720203439686e-06,0.0001539240300916621,0.0009000000000000001,1.7940403677876308e-06,1.6916616210270318e-06,1.5442845517889387e-06,2.47114587948643e-06,2.191226262033325e-06
16490,7.782831962326527e-07,7.782831962326527e-07,0.0,6.854572702952109e-06,0.0001547068819644656,0.0009000000000000001,1.8192911726083874e-06,1.7295768880883959e-06,1.5450320080042325e-06,2.4697923381272243e-06,2.1806021381930878e-06
16500,7.744703144492458e-07,7.744703144492458e-07,0.0,6.849187464121072e-06,0.00015548252779974843,0.0009000000000000001,1.8036986938929201e-06,1.7081521439701284e-06,1.5389417023944944e-06,2.4618724258504985e-06,2.1762520506246073e-06
16510,7.706481772501843e-07,7.706481772501843e-07,0.0,6.832053626793414e-06,0.00015625236270782006,0.0009000000000000001,1.8017845251047165e-06,1.7052315285240385e-06,1.5353947630636769e-06,2.4556480953938567e-06,2.169947730732378e-06
16520,7.668169566008894e-07,7.668169566008894e-07,0.0,6.8206633175856365e-06,0.0001570214675422511,0.0009000000000000001,1.7915914187656576e-06,1.691579527898358e-06,1.5303679423256157e-06,2.4485733852132444e-06,2.164807044220107e-06
16530,7.629768235518372e-07,7.629768235518372e-07,0.0,6.7988116064269325e-06,0.00015779013177048495,0.0009000000000000001,1.7921585040675382e-06,1.692923471448724e-06,1.5271878926900823e-06,2.4429348668953325e-06,2.1580374503185823e-06
16540,7.591279483364341e-07,7.591279483364341e-07,0.0,6.784615314535173e-06,0.00015855711409122706,0.0009000000000000001,1.7837479429973282e-06,1.682181261305582e-06,1.5224388642819838e-06,2.436246601170473e-06,2.1525819682487437e-06
16550,7.55270500323652e-07,7.55270500323652e-07,0.0,6.764205065670214e-06,0.0001593223809203755,0.0009000000000000001,1.7823507076880496e-06,1.6810098844138022e-06,1.5189023316820894e-06,2.4304255031422845e-06,2.1460776503860638e-06
16560,7.514046481135998e-07,7.514046481135998e-07,0.0,6.747246345062678e-06,0.000160085352730303,0.0009000000000000001,1.777019012829919e-06,1.674477243205558e-06,1.5146760173453726e-06,2.424106786599868e-06,2.1401480938373233e-06
16570,7.475305595272172e-07,7.475305595272172e-07,0.0,6.7294733788497565e-06,0.000160846652013806,0.0009000000000000001,1.7726237186119676e-06,1.6691674972341019e-06,1.5106129088156966e-06,2.4178643269131864e-06,2.134064948269467e-06
16580,7.436484016368928e-07,7.436484016368928e-07,0.0,6.711278024191824e-06,0.00016160630567405024,0.0009000000000000001,1.7687492727838484e-06,1.6645135176571732e-06,1.5066304489722907e-06,2.4116400722896993e-06,2.1278876779878887e-06
16590,7.397583407959248e-07,7.397583407959248e-07,0.0,6.693684221060344e-06,0.00016236425911491243,0.0009000000000000001,1.7641522220966444e-06,1.6588649839496512e-06,1.5025180017156772e-06,2.4053083030127633e-06,2.1218056678800275e-06
16600,7.358605426668227e-07,7.358605426668227e-07,0.0,6.675794095589473e-06,0.00016312054576385078,0.0009000000000000001,1.7597533941347803e-06,1.6535178337187218e-06,1.4984316094190225e-06,2.398999667471823e-06,2.115679039545146e-06
17860,0.0008167987230941602,0.0008167987230941602,0.0,0.11603533467791746,0.02629849530912118,0.001,0.043103378775901445,0.050155268035172895,0.04587921376443083,0.04527336718628962,0.03508930905385719
17870,0.00029770765002484534,0.00029770765002484534,0.0,0.055120562472045206,0.013074129624013303,0.001,0.018154473459681304,0.02107829715169142,0.022854972675552743,0.022087132207718383,0.01702174791843202
17880,0.0002100533735195977,0.0002100533735195977,0.0,0.03972043059582611,0.007241935839113043,0.001,0.012120715652410274,0.01397035700386864,0.017751992295576474,0.015432619490681455,0.012600043307588057
17890,0.0001245720158865616,0.0001245720158865616,0.0,0.02695482085720824,0.004871815238121745,0.001,0.00788303680721446,0.009314941964491272,0.012246419735427491,0.010334214272856725,0.008575112432521213
17900,6.424655858273632e-05,6.424655858273632e-05,0.0,0.015583842924939783,0.004480002731631493,0.001,0.004501507158560082,0.005372144259794965,0.00717219619477972,0.005840177952322133,0.004959819683212916
17910,3.378239314840464e-05,3.378239314840464e-05,0.0,0.009144654897381888,0.00402586582139167,0.001,0.0030462153051195747,0.003721399233339956,0.004338093312837161,0.0031559093353189615,0.002787608835681402
17920,1.618329807540296e-05,1.618329807540296e-05,0.0,0.004245161673023606,0.0036165174272544936,0.001,0.0011713966552027004,0.0014887328804781203,0.00206070060207176,0.0015368937016720999,0.001347510356936311
17930,7.277938599071846e-06,7.277938599071846e-06,0.0,0.0008994013656431934,0.0029137599420359078,0.001,0.0003221117960397749,0.00036406647575127374,0.00040541630224302414,0.0003623937547473317,0.00031585265767063934
17940,3.72728808720066e-06,3.72728808720066e-06,0.0,0.0020270463696171015,0.002134039208875837,0.001,0.0008890507208209016,0.0009745644028797404,0.0008191282431164393,0.0005790315507607204,0.0005117899334753514
17950,1.957470664760901e-06,1.957470664760901e-06,0.0,0.0009668264718541776,0.0015025470786135266,0.001,0.0002873794413093784,0.00035114107357122254,0.0004652342497695875,0.0003544121723954175,0.00031226249558804803
17960,1.3615168638960578e-06,1.3615168638960578e-06,0.0,0.0005132275030940097,0.0009039194699184284,0.001,0.00022807645263846823,0.0002589044203163771,0.00021191664103732883,0.0001547693722151452,0.0001362743314061285
17970,1.2462729256858843e-06,1.2462729256858843e-06,0.0,0.00041746583036873824,0.00046786739638066734,0.001,0.00017298385213543183,0.00019870005450536247,0.00018044311649495395,0.0001254211702724117,0.00011142179214217506
17980,1.230957812513726e-06,1.230957812513726e-06,0.0,0.00024777023339778647,0.00018144156998129782,0.001,7.794077864876762e-05,9.227418187017626e-05,0.00011041112069086748,8.848733736626079e-05,7.996801885255595e-05
17990,1.2275346988335247e-06,1.2275346988335247e-06,0.0,3.980065959270656e-05,7.19572850074907e-05,0.001,1.3041744505242937e-05,1.626783028197043e-05,1.5863091429580846e-05,1.5774433087077297e-05,1.3587770255068092e-05
18000,1.2254195210391896e-06,1.2254195210391896e-06,0.0,7.36156821508719e-05,7.318298631433095e-05,0.001,2.6683349769431936e-05,3.134814254433223e-05,3.158249797250858e-05,2.7285120581126746e-05,2.384404364865528e-05
18010,1.2219188922085893e-06,1.2219188922085893e-06,0.0,6.300128399470628e-05,7.524806350517177e-05,0.001,2.426130506152152e-05,2.9324054096488366e-05,2.8561223647980862e-05,2.0701762788841453e-05,1.7928125284129488e-05
18020,1.21918507849505e-06,1.21918507849505e-06,0.0,3.150094822642272e-05,6.548056596073885e-05,0.001,8.899809326507303e-06,1.1351636855769542e-05,1.4590230066554821e-05,1.0836054518832648e-05,9.54609311132739e-06
18030,1.2173540285547076e-06,1.2173540285547076e-06,0.0,2.1988100679986765e-05,5.7637344346579805e-05,0.001,7.235207290282636e-06,7.928519802989944e-06,8.633927944460072e-06,7.39937407804924e-06,6.695609388248035e-06
18040,1.215775196390244e-06,1.215775196390244e-06,0.0,1.2451913314625478e-05,5.594523887425586e-05,0.001,4.674792828456421e-06,5.1451558822105946e-06,4.666829271370705e-06,4.498051656144624e-06,3.944040716934649e-06
18050,1.214196205971329e-06,1.214196205971329e-06,0.0,8.373088327888673e-06,5.731890553454594e-05,0.001,3.4822833257794737e-06,3.299126236779642e-06,2.757326709438488e-06,3.043920365506833e-06,2.6179281885217377e-06
18060,1.212569738174707e-06,1.212569738174707e-06,0.0,8.619304138207772e-06,5.8974471197246485e-05,0.001,2.534298991213644e-06,2.1552033763277413e-06,2.356598090421042e-06,2.7672273583185783e-06,2.5627792041520126e-06
18070,1.210901865463114e-06,1.210901865463114e-06,0.0,7.515940193728706e-06,6.047670917251842e-05,0.001,3.2404447766284046e-06,3.0657108403530866e-06,1.997841845637743e-06,2.705422059908182e-06,2.2761294250279627e-06
18080,1.2091973526322145e-06,1.2091973526322145e-06,0.0,7.738232897591931e-06,6.177453570953292e-05,0.001,2.46249356528396e-06,2.0527537599793396e-06,1.7804249873095412e-06,2.5800294869787096e-06,2.3147396535412034e-06
18090,1.207455612350341e-06,1.207455612350341e-06,0.0,7.369954466083689e-06,6.313542698905223e-05,0.001,2.718585660454436e-06,2.417770803279475e-06,1.6610181157858442e-06,2.5775935522609056e-06,2.2265203331085652e-06
18100,1.2056760513075058e-06,1.2056760513075058e-06,0.0,7.424934449433121e-06,6.447849271078207e-05,0.001,2.5475610838821877e-06,2.177356162421887e-06,1.6048452162797252e-06,2.544161537910708e-06,2.232855485980589e-06
18110,1.2038590740457114e-06,1.2038590740457114e-06,0.0,7.384046039082133e-06,6.585648042218537e-05,0.001,2.5798430653184426e-06,2.2279469929949305e-06,1.600897426153705e-06,2.545588416721869e-06,2.224289636653102e-06
18120,1.2020054000110377e-06,1.2020054000110377e-06,0.0,7.35903279018786e-06,6.721969811465596e-05,0.001,2.606245687605457e-06,2.26053481721059e-06,1.6037011323706649e-06,2.5460170062863093e-06,2.218609324278663e-06
18130,1.2001157315766056e-06,1.2001157315766056e-06,0.0,7.3840940500480526e-06,6.857038210224979e-05,0.001,2.5588908695969147e-06,2.1924424892687384e-06,1.6010115426418286e-06,2.538173177526665e-06,2.2233854462307632e-06
18140,1.1981907199108642e-06,1.1981907199108642e-06,0.0,7.36095127970561e-06,6.990679976405344e-05,0.001,2.5740576891558496e-06,2.2138384120559045e-06,1.5985683783478179e-06,2.5368528251912614e-06,2.2180039160158022e-06
18150,1.1962309805055192e-06,1.1962309805055192e-06,0.0,7.344642956145479e-06,7.122062676100089e-05,0.001,2.5829990932466624e-06,2.226492244831123e-06,1.5967235098368566e-06,2.535254078278714e-06,2.213682632264118e-06
18160,1.1942371076732215e-06,1.1942371076732215e-06,0.0,7.342334999689193e-06,7.25139480684504e-05,0.001,2.573651971122347e-06,2.2146947715843913e-06,1.5947697568116563e-06,2.5321805999844146e-06,2.2122462533983585e-06
18170,1.1922096739494014e-06,1.1922096739494014e-06,0.0,7.338265702293825e-06,7.378990482855382e-05,0.001,2.5668324750468023e-06,2.2061295376969106e-06,1.5929188155997925e-06,2.52931623312894e-06,2.210356453569126e-06
18180,1.1901492278728662e-06,1.1901492278728662e-06,0.0,7.330959481060752e-06,7.505000545385649e-05,0.001,2.5639504452489524e-06,2.202839898048962e-06,1.5910284416261888e-06,2.526735226981709e-06,2.2077738805260676e-06
18190,1.1880562967894497e-06,1.1880562967894497e-06,0.0,7.32339680492591e-06,7.62954785930378e-05,0.001,2.561086794389349e-06,2.1998158440271732e-06,1.5891828748549136e-06,2.524164364067746e-06,2.205196869616163e-06
18200,1.185931388306165e-06,1.185931388306165e-06,0.0,7.316087742489761e-06,7.752727800163884e-05,0.001,2.557634685058804e-06,2.1960532890636743e-06,1.5873377622637656e-06,2.5215084213965604e-06,2.20269555147261e-06
18210,1.1837749917967044e-06,1.1837749917967044e-06,0.0,7.30867062640395e-06,7.874594950728652e-05,0.001,2.554133874063929e-06,2.1921314534737966e-06,1.5854562730257384e-06,2.518783706630491e-06,2.2001528861109432e-06
18220,1.1815875796364957e-06,1.1815875796364957e-06,0.0,7.301058538343336e-06,7.995186572800788e-05,0.001,2.550710065456606e-06,2.1882565018000675e-06,1.5835281523721094e-06,2.5160113228407483e-06,2.197542954217487e-06
18230,1.1793696083850177e-06,1.1793696083850177e-06,0.0,7.293362567619336e-06,8.114542883080552e-05,0.001,2.5472284333106325e-06,2.1843153579652793e-06,1.5815692556518158e-06,2.513201170007196e-06,2.194896367911118e-06
18240,1.1771215198460097e-06,1.1771215198460097e-06,0.0,7.285644851255731e-06,8.232710771757866e-05,0.001,2.5436160658538196e-06,2.1802329002667017e-06,1.5795931794937885e-06,2.5103565256906964e-06,2.1922319480761523e-06
18250,1.1748437420231916e-06,1.1748437420231916e-06,0.0,7.277838824338207e-06,8.349739759644401e-05,0.001,2.5399446110864268e-06,2.1760990309656666e-06,1.5775931615012462e-06,2.5074785006741743e-06,2.189537080504562e-06
18260,1.1725366899860817e-06,1.1725366899860817e-06,0.0,7.269904358726989e-06,8.465677186998528e-05,0.001,2.5362599113577792e-06,2.1719639219107993e-06,1.5755643047178885e-06,2.504566289876807e-06,2.1868032213974246e-06
18270,1.170200766657975e-06,1.170200766657975e-06,0.0,7.2618942518703275e-06,8.580565751008877e-05,0.001,2.532510504660703e-06,2.16775062566869e-06,1.5735149915792588e-06,2.5016176733061354e-06,2.1840416709943514e-06
18280,1.1678363635355535e-06,1.1678363635355535e-06,0.0,7.253794071506494e-06,8.69444447519141e-05,0.001,2.5287129687831388e-06,2.163480487818528e-06,1.5714417888108143e-06,2.498632815269342e-06,2.1812490465211847e-06
18290,1.165443861347999e-06,1.165443861347999e-06,0.0,7.245595496865198e-06,8.807349695733009e-05,0.001,2.5248806910306153e-06,2.1591766852878693e-06,1.5693454852885211e-06,2.49561462481004e-06,2.1784240225247245e-06
18300,1.1630236306610733e-06,1.1630236306610733e-06,0.0,7.237294752681505e-06,8.919315672550306e-05,0.001,2.5210212106099033e-06,2.1548526298118454e-06,1.567226886427209e-06,2.492565108983848e-06,2.17556618944822e-06
18310,1.1605760324319468e-06,1.1605760324319468e-06,0.0,7.228902315612626e-06,9.030374871463663e-05,0.001,2.517123757164646e-06,2.1504910920440528e-06,1.5650859835276354e-06,2.4894831675875386e-06,2.172677684337848e-06
18320,1.1581014185192192e-06,1.1581014185192192e-06,0.0,7.2204188959357876e-06,9.140558162437873e-05,0.001,2.5131894899169642e-06,2.146093444627953e-06,1.562923000397937e-06,2.4863692328569833e-06,2.169758874163939e-06
18330,1.1556001321528963e-06,1.1556001321528963e-06,0.0,7.21184257887397e-06,9.24989494840485e-05,0.001,2.509223349155433e-06,2.1416676474103225e-06,1.5607387514968545e-06,2.483224567171694e-06,2.1668097335528607e-06
18340,1.1530725083680464e-06,1.1530725083680464e-06,0.0,7.203177139765804e-06,9.35841303619897e-05,0.001,2.5052226397067095e-06,2.1372088234676706e-06,1.5585333133222738e-06,2.4800489958736416e-06,2.163831144019462e-06
18350,1.1505188744056478e-06,1.1505188744056478e-06,0.0,7.19442157448856e-06,9.46613885770712e-05,0.001,2.5011907982023813e-06,2.132722249042937e-06,1.5563071152521377e-06,2.4768433728439217e-06,2.160823145085448e-06
18360,1.1479395500836154e-06,1.1479395500836154e-06,0.0,7.185578462430355e-06,9.57309751907334e-05,0.001,2.497126826956843e-06,2.1282061719404957e-06,1.5540604958267726e-06,2.4736079393379048e-06,2.157786427530714e-06
18370,1.1453348481409523e-06,1.1453348481409523e-06,0.0,7.176648046270191e-06,9.679312944149235e-05,0.001,2.4930325032325757e-06,2.123663206758541e-06,1.5517937973382712e-06,2.4703432857312466e-06,2.1547212399586214e-06
18380,1.1427050745572372e-06,1.1427050745572372e-06,0.0,7.167631809832508e-06,9.784807938192386e-05,0.001,2.4889080332801115e-06,2.119093456264421e-06,1.5495073265820686e-06,2.4670497724757e-06,2.1516280571157016e-06
18390,1.1400505288495683e-06,1.1400505288495683e-06,0.0,7.158530545062312e-06,9.889604281846226e-05,0.001,2.4847544393278656e-06,2.1144983246389103e-06,1.5472014102576393e-06,2.4637278678181697e-06,2.148507224768366e-06
18400,1.1373715043490945e-06,1.1373715043490945e-06,0.0,7.149345247421213e-06,9.99372278941442e-05,0.001,2.4805724569321535e-06,2.1098787593157807e-06,1.544876365772786e-06,2.4603779921773924e-06,2.145359122821612e-06
18410,1.134668288458821e-06,1.134668288458821e-06,0.0,7.140076929705886e-06,0.0001009718337527538,0.001,2.476362763882423e-06,2.105235617481622e-06,1.5425325035832293e-06,2.4570005503342913e-06,2.1421841304059768e-06
18420,1.131941162894178e-06,1.131941162894178e-06,0.0,7.130726516991225e-06,0.00010200005112593636,0.001,2.472126110487613e-06,2.100569874549321e-06,1.5401701302591243e-06,2.453595950286009e-06,2.1389826065245374e-06
18430,1.1291904039078077e-06,1.1291904039078077e-06,0.0,7.121294933171279e-06,0.00010302206286559443,0.001,2.4678632164589535e-06,2.0958824613737926e-06,1.537789548702147e-06,2.450164590236037e-06,2.135754906716331e-06
18440,1.1264162824999897e-06,1.1264162824999897e-06,0.0,7.111783098137397e-06,0.00010403804444563098,0.001,2.463574774963406e-06,2.09117426816825e-06,1.5353910579625947e-06,2.4467068586044515e-06,2.1325013826195682e-06
18450,1.123619064615691e-06,1.123619064615691e-06,0.0,7.10219189749995e-06,0.00010504816442678804,0.001,2.459261487006555e-06,2.086446192901318e-06,1.5329749503161302e-06,2.4432231361845315e-06,2.1292223756449087e-06
18460,1.1207990113292746e-06,1.1207990113292746e-06,0.0,7.092522209532816e-06,0.00010605258488070299,0.001,2.4549240352859706e-06,2.0816991060990214e-06,1.530541516187446e-06,2.4397137961493224e-06,2.1259182231354202e-06
18470,1.1179563790182067e-06,1.1179563790182067e-06,0.0,7.082774891006033e-06,0.00010705146178306224,0.001,2.4505630987788104e-06,2.0769338707628207e-06,1.528091041373673e-06,2.4361792043012723e-06,2.122589255233277e-06
18480,1.1150914195259016e-06,1.1150914195259016e-06,0.0,7.072950776644748e-06,0.0001080449453763338,0.001,2.446179354070149e-06,2.0721513446289473e-06,1.5256238071123595e-06,2.4326197194304345e-06,2.119235794859568e-06
18490,1.1122043803153827e-06,1.1122043803153827e-06,0.0,7.063050534188086e-06,0.00010903318051756571,0.001,2.441773624677736e-06,2.0673525830454666e-06,1.5231400662536268e-06,2.4290356963110354e-06,2.1158581251190263e-06
18500,1.1092955046137873e-06,1.1092955046137873e-06,0.0,7.053068558521388e-06,0.00011001630751074174,0.001,2.4373531533339647e-06,2.0625473791812724e-06,1.5206390490132508e-06,2.4254276124674223e-06,2.1124551141162135e-06
18510,1.1063650315486607e-06,1.1063650315486607e-06,0.0,7.042575885518985e-06,0.00011099449927782468,0.001,2.4333612880224883e-06,2.0583394983182343e-06,1.518051700372298e-06,2.42180512444623e-06,2.108930232077314e-06
18520,1.1034132005738793e-06,1.1034132005738793e-06,0.0,6.9917792831274785e-06,0.00011197221523537579,0.001,2.4798681535430317e-06,2.1231168629104546e-06,1.512297159946076e-06,2.4213242695790786e-06,2.0966877523938862e-06
18530,1.1005555997672014e-06,1.1005555997672014e-06,0.0,4.879126664275806e-05,0.00011673582041675513,0.001,2.1096355480960812e-05,2.4065208429649012e-05,1.8716221526154298e-05,1.683779584783187e-05,1.4243710004216792e-05
18540,7.926876821332851e-06,7.926876821332851e-06,0.0,0.012050361911891752,0.006514276726275941,0.001,0.004901013782912035,0.005627104241198657,0.004570710505047511,0.0040530665561379214,0.0034972383885391585
18550,0.0001057540961378866,0.0001057540961378866,0.0,0.038866471332076526,0.02078161802329913,0.001,0.011010439619207339,0.013961995892676927,0.015416832646481988,0.015198279352323612,0.013664031766985996
18560,2.1197569203379567e-05,2.1197569203379567e-05,0.0,0.017869779393755513,0.007134751183456979,0.001,0.008544159643557748,0.009323045363134061,0.006028444289296547,0.005342257506144387,0.004417694259749189
18570,1.4667234916150962e-05,1.4667234916150962e-05,0.0,0.014947548458983249,0.0039348550425163204,0.001,0.006204024150865409,0.0069712976500022296,0.0054410288550799995,0.005194975619580569,0.004277475869809886
18580,5.78192495418997e-06,5.78192495418997e-06,0.0,0.008463225698345815,0.002883401955476432,0.001,0.0028364412589561,0.003277576754484087,0.0031853556355240556,0.0032339357324937387,0.0027909349134196235
18590,2.782588038181154e-06,2.782588038181154e-06,0.0,0.004902838352386982,0.0016027123091067012,0.001,0.0017319638230326882,0.0019846335973594106,0.0018212027561380771,0.0018169755953458412,0.0015618733733848572
18600,1.7131800183526839e-06,1.7131800183526839e-06,0.0,0.0028112994059071982,0.0010846373257124204,0.001,0.0012044539946057904,0.0013465560723510018,0.0010106039171983879,0.0009488504561598114,0.0007896460765275818
18610,1.3140039692970546e-06,1.3140039692970546e-06,0.0,0.001339026700480728,0.0006766355052287616,0.001,0.0006486722298006973,0.0007080613376120524,0.0004514160448280889,0.00038760473633677915,0.0003169703025177272
18620,1.2468687376465704e-06,1.2468687376465704e-06,0.0,0.0005199642690428567,0.000286963828212946,0.001,0.00023325259008442217,0.0002522669246043079,0.00017397708342337454,0.00016613574212754668,0.00015068748806441862
18630,1.2440453252879815e-06,1.2440453252879815e-06,0.0,0.0004323631249589779,0.00014589822289268702,0.001,0.00012018824393504107,0.00014245899073621855,0.00016442292467652104,0.00017343816776594655,0.00015418730812911065
18640,1.2340508333113405e-06,1.2340508333113405e-06,0.0,0.0004219529538886672,0.00017729500747495596,0.001,0.00016192537407766846,0.00018296213317405075,0.00015479505514290527,0.00015098608074210827,0.0001280839858376774
18650,1.2220496351775604e-06,1.2220496351775604e-06,0.0,0.00018840552401018694,0.0001427642083888305,0.001,8.074413906294486e-05,9.02986926213866e-05,6.82307116457817e-05,6.454895360628615e-05,5.3485131605808615e-05
18660,1.2171990272877857e-06,1.2171990272877857e-06,0.0,5.9321722094018894e-05,0.00011626153136652321,0.001,2.963889895962999e-05,3.276402393652577e-05,2.0831109734256964e-05,1.8938082832140084e-05,1.5098505409993584e-05
18670,1.2140184540618573e-06,1.2140184540618573e-06,0.0,8.433061164263628e-05,0.00011651637698411858,0.001,3.082184633967141e-05,3.4649813956371054e-05,3.032104183597265e-05,2.9347888832130515e-05,2.5169374178620623e-05
18680,1.2103602665708688e-06,1.2103602665708688e-06,0.0,3.8815262206143354e-05,0.00011791388603339492,0.001,1.3890832358726258e-05,1.5122121507198802e-05,1.344125235342101e-05,1.3957285397446446e-05,1.2969928365517303e-05
18690,1.2069149415293165e-06,1.2069149415293165e-06,0.0,1.1781155986666842e-05,0.00011735903676094548,0.001,3.905450851137524e-06,4.155244575794293e-06,4.041740384368643e-06,4.7808183594913505e-06,4.202861046532102e-06
18700,1.2035488230622895e-06,1.2035488230622895e-06,0.0,1.6742320516777612e-05,0.0001182086459443644,0.001,4.929931789016272e-06,5.29016010612018e-06,5.700406325685922e-06,6.387250569695339e-06,5.821751882079173e-06
18710,1.200142085377021e-06,1.200142085377021e-06,0.0,9.001798385614575e-06,0.00011873289129539783,0.001,4.68399166183092e-06,4.899594372892928e-06,2.607200629534713e-06,3.23585758463954e-06,2.553445850218907e-06
18720,1.1967360923464026e-06,1.1967360923464026e-06,0.0,9.202061032333836e-06,0.00011942264276673033,0.001,4.519639328526787e-06,4.813937340935142e-06,2.973293169460858e-06,3.6399335300189485e-06,2.8705984456412317e-06
18730,1.1933104302597484e-06,1.1933104302597484e-06,0.0,7.411277961101873e-06,0.0001202133536810609,0.001,3.1822815214257236e-06,3.1107847457101164e-06,1.766100500304082e-06,2.6910106714988334e-06,2.2004290430346823e-06
18740,1.189870740881276e-06,1.189870740881276e-06,0.0,7.685118650876206e-06,0.00012102959343569763,0.001,2.65270945410747e-06,2.386419690362801e-06,1.733097582646396e-06,2.6432655602872066e-06,2.2776946136048837e-06
18750,1.1864147195010286e-06,1.1864147195010286e-06,0.0,7.4264186085075924e-06,0.00012182457287974273,0.001,2.496717742298508e-06,2.1643105461841853e-06,1.5787755907290315e-06,2.5222933024483612e-06,2.175386394084541e-06
18760,1.1829430294461622e-06,1.1829430294461622e-06,0.0,7.37607749919609e-06,0.0001226055439024384,0.001,2.4722274409989303e-06,2.133062712659275e-06,1.5659988069958042e-06,2.5119966279062266e-06,2.1675810530676855e-06
18770,1.1794555666806078e-06,1.1794555666806078e-06,0.0,7.32326449878449e-06,0.00012338353666135318,0.001,2.4978584077973187e-06,2.176255774162996e-06,1.5571183259736715e-06,2.510515515033405e-06,2.1560791966875594e-06
18780,1.1759525387345114e-06,1.1759525387345114e-06,0.0,7.277036787749745e-06,0.0001241633304680579,0.001,2.5474684667132673e-06,2.2521314640913354e-06,1.5529069920056247e-06,2.512169663316287e-06,2.144037396114311e-06
18790,1.1724341348210506e-06,1.1724341348210506e-06,0.0,7.30967092771825e-06,0.0001249407004245918,0.001,2.495400985692947e-06,2.175565742426143e-06,1.5498599925473047e-06,2.5006627050945583e-06,2.145464684025897e-06
18800,1.168900526061169e-06,1.168900526061169e-06,0.0,7.306095507460806e-06,0.00012571556826191285,0.001,2.4799479759835283e-06,2.154322243783845e-06,1.546980844978404e-06,2.4947393715191637e-06,2.1424560900481974e-06
18810,1.1653518877748473e-06,1.1653518877748473e-06,0.0,7.276257093384697e-06,0.00012648797721697593,0.001,2.491022788783021e-06,2.17344495374678e-06,1.5432247838268847e-06,2.492562797315126e-06,2.135915825733639e-06
18820,1.1617883956464818e-06,1.1617883956464818e-06,0.0,7.264370911862003e-06,0.00012725695650525314,0.001,2.481550288470338e-06,2.1616052846652037e-06,1.539572478030017e-06,2.487374615636703e-06,2.131764167609304e-06
18830,1.1582102223782921e-06,1.1582102223782921e-06,0.0,7.254581972565947e-06,0.00012802334524110678,0.001,2.471079973663343e-06,2.1482781249794476e-06,1.536196124664981e-06,2.482167579079037e-06,2.1279184004552097e-06
18840,1.1546175384506264e-06,1.1546175384506264e-06,0.0,7.239956633119749e-06,0.0001287873894330079,0.001,2.466993515602977e-06,2.1445103342419587e-06,1.5329428135169308e-06,2.477940510292917e-06,2.1234074493757553e-06
18850,1.1510105126651037e-06,1.1510105126651037e-06,0.0,7.233325345220042e-06,0.00012954873084877896,0.001,2.454074306632175e-06,2.1274252447958e-06,1.5298215749039845e-06,2.472406694810721e-06,2.11998399616781e-06
18860,1.1476788633178605e-06,1.1476788633178605e-06,0.0,7.208036627806453e-06,0.00011728429820434396,0.0009000000000000001,2.4642876908452617e-06,2.1449135448839085e-06,1.5268384109317603e-06,2.470560039471649e-06,2.114191184853491e-06
18870,1.1444059236056904e-06,1.1444059236056904e-06,0.0,7.19554477149945e-06,0.00011798343051562289,0.0009000000000000001,2.460320642537857e-06,2.1410506479115145e-06,1.524007920470914e-06,2.4666901118927107e-06,2.1101903793681617e-06
18880,1.141119305384174e-06,1.141119305384174e-06,0.0,7.186666094551782e-06,0.00011868453069498369,0.0009000000000000001,2.4516525020431526e-06,2.1301944229933056e-06,1.5210812870074354e-06,2.4620911946333127e-06,2.1066781939555545e-06
18890,1.1378190726552902e-06,1.1378190726552902e-06,0.0,7.178720269437826e-06,0.00011938521558438054,0.0009000000000000001,2.441734747113421e-06,2.1174908249521885e-06,1.5181460586894748e-06,2.457300440515781e-06,2.1032984152121654e-06
18900,1.1345053334747133e-06,1.1345053334747133e-06,0.0,7.16684449291131e-06,0.00012008478649631711,0.0009000000000000001,2.436459272792142e-06,2.111732872763359e-06,1.5152262039021369e-06,2.4531883404555455e-06,2.099371853412609e-06
18910,1.1311782104904414e-06,1.1311782104904414e-06,0.0,7.153239490133711e-06,0.00012078290244965271,0.0009000000000000001,2.433212661247077e-06,2.1090093465005366e-06,1.5123078873708611e-06,2.4493634515087063e-06,2.095196607627675e-06
18920,1.1278378305564924e-06,1.1278378305564924e-06,0.0,7.142601103355199e-06,0.00012147928468650044,0.0009000000000000001,2.426386608323404e-06,2.1009677431150274e-06,1.509376537366648e-06,2.4450053100874797e-06,2.0914300715318917e-06
18930,1.1244843210617038e-06,1.1244843210617038e-06,0.0,7.130151188879684e-06,0.00012217410623676175,0.0009000000000000001,2.4216540539508963e-06,2.0960534787932347e-06,1.5064421390628568e-06,2.4409415785706097e-06,2.087403933323003e-06
18940,1.1211178086906183e-06,1.1211178086906183e-06,0.0,7.1186751999079055e-06,0.0001228673080169255,0.0009000000000000001,2.415693914943026e-06,2.08932834748655e-06,1.5034978812528386e-06,2.4366894240960638e-06,2.083510180537103e-06
18950,1.1177384189695772e-06,1.1177384189695772e-06,0.0,7.106388752739186e-06,0.00012355898420414848,0.0009000000000000001,2.4106306172030273e-06,2.083947125502514e-06,1.5005465827810184e-06,2.43255600390521e-06,2.0794963581513198e-06
18960,1.1143462761384808e-06,1.1143462761384808e-06,0.0,7.094279983200699e-06,0.00012424913015795562,0.0009000000000000001,2.405292265092437e-06,2.0781703295505775e-06,1.4975875142261835e-06,2.4283725332075384e-06,2.0755025917519836e-06
18970,1.1109415031044444e-06,1.1109415031044444e-06,0.0,7.081884600274054e-06,0.00012493780204217626,0.0009000000000000001,2.4002336729183413e-06,2.0728191021809253e-06,1.4946215086647033e-06,2.4242184960029237e-06,2.0714625817325883e-06
18980,1.1075242214585367e-06,1.1075242214585367e-06,0.0,7.066695158540175e-06,0.00012562516481433994,0.0009000000000000001,2.398502835629852e-06,2.0723834702514e-06,1.4916664995977907e-06,2.4205289926610818e-06,2.067014812024309e-06
18990,1.1040945554171815e-06,1.1040945554171815e-06,0.0,7.0157483785654245e-06,0.0001263134120283724,0.0009000000000000001,2.451763702209826e-06,2.1515802201637528e-06,1.492241268979851e-06,2.425523806665085e-06,2.057683819346155e-06
19000,1.1006547703868013e-06,1.1006547703868013e-06,0.0,9.28803673266917e-06,0.00012708251457668333,0.0009000000000000001,5.029856959665954e-06,5.2681882847384205e-06,2.8027988062151034e-06,3.2924738367705804e-06,2.546533163466727e-06
19010,1.100017692757867e-06,1.100017692757867e-06,0.0,0.00026105811142777016,0.00016004869176687185,0.0009000000000000001,0.00013215577946969274,0.000142746006440283,8.58979628025173e-05,7.354032321184148e-05,6.162018636601826e-05
19020,9.276971158003273e-06,9.276971158003273e-06,0.0,0.01412686971666791,0.005126733680382841,0.0009000000000000001,0.007077231664429805,0.007636819329352141,0.004631087388151969,0.0039549277651916665,0.0033353892682799493
19030,0.00011354428428715417,0.00011354428428715417,0.0,0.048277075052299466,0.013220184849834737,0.0009000000000000001,0.02325255302277842,0.0250832809928232,0.01627366113682008,0.01440154909991691,0.012056588083766728
19040,3.912821562080014e-05,3.912821562080014e-05,0.0,0.023769727385201778,0.007973397079329276,0.0009000000000000001,0.01121615219153487,0.012037138341348338,0.00811799211487038,0.007404557866081069,0.006227197695477195
19050,3.926766664823069e-06,3.926766664823069e-06,0.0,0.0038821918896116605,0.006164284022050785,0.0009000000000000001,0.001881672083841894,0.0020182047647742582,0.0013374696198722217,0.001200210463926897,0.001002682055195375
19060,4.541886470600577e-06,4.541886470600577e-06,0.0,0.008684495829263138,0.00355020441287071,0.0009000000000000001,0.0043586330322678574,0.00461766382002144,0.00282858076191842,0.002439464161032512,0.0020987077683356807
19070,1.4505669862512874e-06,1.4505669862512874e-06,0.0,0.0012616538964403178,0.0013715143949068042,0.0009000000000000001,0.0006144896977985082,0.000650177506844038,0.00041538126098992833,0.000350429813621198,0.0002924711792016514
19080,1.2883263379797515e-06,1.2883263379797515e-06,0.0,0.0014978184994224313,0.0009458967153176064,0.0009000000000000001,0.0007390296715739284,0.0007844639092065701,0.0004948641095517016,0.00042358833538913755,0.0003546227220829912
19090,1.241324586280246e-06,1.241324586280246e-06,0.0,0.0011790190991166289,0.0003370370061534285,0.0009000000000000001,0.000588740896134709,0.0006228647378562006,0.00038485309643113483,0.0003306817188201302,0.00028019624538524584
19100,1.204528164857166e-06,1.204528164857166e-06,0.0,0.0008685989643803389,0.00031192399316473137,0.0009000000000000001,0.00043206946317457236,0.0004584422205950364,0.0002868093573698409,0.0002487827228944695,0.00021052930749171318
19110,1.1838162661348647e-06,1.1838162661348647e-06,0.0,0.0007588327284824063,0.00025542340857608275,0.0009000000000000001,0.00038028206738326115,0.00040294016285828205,0.0002496293444175105,0.00021487371410891455,0.00018123103551474142
19120,1.168409562041449e-06,1.168409562041449e-06,0.0,0.000552232915259483,0.0001922076362280298,0.0009000000000000001,0.00027418594202465395,0.00028992161652388344,0.0001804222912752004,0.00015451900777875023,0.0001311029907673134
19130,1.1534174320518807e-06,1.1534174320518807e-06,0.0,0.00023127643536734806,0.00016849896785553486,0.0009000000000000001,0.00011709944958380754,0.00012432547841928645,7.658928796978064e-05,6.635667640184313e-05,5.563162368068225e-05
19140,1.147128801800446e-06,1.147128801800446e-06,0.0,2.2024269169886478e-05,0.00013838053793428502,0.0009000000000000001,1.208915944940885e-05,1.2875000159612921e-05,7.334912640409904e-06,6.847953577977308e-06,5.444290382276753e-06
19150,1.1438583324096823e-06,1.1438583324096823e-06,0.0,0.00010802615919053883,0.00013906633422491164,0.0009000000000000001,5.238727133138774e-05,5.5291998571143914e-05,3.521963081098066e-05,3.024311302007233e-05,2.591475847267846e-05
20220,0.006399614957702978,0.006399614957702978,0.0,0.5493480201655121,0.018118943387067297,0.001,0.287621609581985,0.2838587959720569,0.1644805749979677,0.1937150517442946,0.1842958137107949
20230,0.0002911384747247251,0.0002911384747247251,0.0,0.09245565602991432,0.01435350750707029,0.001,0.044059526078617565,0.04503932959385163,0.02741730936378432,0.03555267597930922,0.0334408294334268
20240,0.0006333873458859257,0.0006333873458859257,0.0,0.13338696391680882,0.0075872477597532465,0.001,0.0694299182689218,0.06890503799877357,0.04137187647929727,0.04437640929253203,0.04229706449389008
20250,0.00019755437849949248,0.00019755437849949248,0.0,0.06220379645800794,0.003777516144988396,0.001,0.03253888494042508,0.0321322110891061,0.01931596912159075,0.020491310187139008,0.01952394565162258
20260,7.827391346696537e-05,7.827391346696537e-05,0.0,0.020278707989664548,0.004217969819945169,0.001,0.009957193079261422,0.009883840972450882,0.006231192702657575,0.007129794812748901,0.006737728781610167
20270,8.96037345831902e-05,8.96037345831902e-05,0.0,0.03198154696345798,0.0023643648500904185,0.001,0.016350937873284226,0.01606373515361861,0.00980360456678617,0.010723653017786036,0.010135166601938885
20280,6.0293950538553914e-05,6.0293950538553914e-05,0.0,0.019345455487151688,0.0017122990144224745,0.001,0.009925678391146628,0.009710230882702783,0.0058579299780130364,0.006432519156953014,0.006050164328727754
20290,4.314001021411988e-05,4.314001021411988e-05,0.0,0.009388375586825154,0.001636834080379865,0.001,0.004711704229468851,0.0045942028439579915,0.0028291107118868035,0.00318148820081331,0.002972955063543385
20300,3.360293951114879e-05,3.360293951114879e-05,0.0,0.005110500094780313,0.0015370389723033007,0.001,0.0025350371880609778,0.0024364930148535425,0.0015028845087835916,0.0017608077453635201,0.0016156249889570514
20310,2.6485660284578618e-05,2.6485660284578618e-05,0.0,0.003443687899193605,0.0014289351904853294,0.001,0.0016994624355026059,0.0016034183645871924,0.0010174520667257732,0.0011964316987460282,0.0010820107450038362
20320,2.061387032166041e-05,2.061387032166041e-05,0.0,0.002578600893074633,0.001334552857861826,0.001,0.0012663446300280594,0.001175341265414598,0.0007755518207240784,0.0009047649487010647,0.0008095549346416488
20330,1.573224722795354e-05,1.573224722795354e-05,0.0,0.0017150340805252645,0.0012516888029320218,0.001,0.0008167081898429993,0.0007344026917237959,0.0005153029606023269,0.0006397171352086802,0.0005562566651051012
20340,1.178844384317686e-05,1.178844384317686e-05,0.0,0.0008344425202003876,0.0011628978568966875,0.001,0.0003508088307576727,0.0002576909644173577,0.00024358680291197755,0.0003949528588122109,0.00031390812201884235
20350,8.712332822225787e-06,8.712332822225787e-06,0.0,0.0005850076222789778,0.001064429102159142,0.001,0.00029424071721793286,0.0002311700741322222,0.000191351067902739,0.0002966692180723248,0.00022699675816911547
20360,6.341822887798992e-06,6.341822887798992e-06,0.0,0.000543175281346398,0.0009643682050747768,0.001,0.00028320042712774805,0.00023538824428912908,0.00018286316275012765,0.00025852216009867007,0.00020229718286114739
20370,4.550058697120966e-06,4.550058697120966e-06,0.0,0.000398004459332936,0.0008616988159070537,0.001,0.0001717267830037645,0.00010678733165577932,0.00012095027129998846,0.0002147732428968292,0.00016431457947650453
20380,3.236697990774187e-06,3.236697990774187e-06,0.0,0.0003512877339191923,0.0007585099767357318,0.001,0.00014684697126724028,9.02431155902392e-05,0.00010415571734922029,0.0001833781566449251,0.0001419600188415417
20390,2.295714941531329e-06,2.295714941531329e-06,0.0,0.00026849021390781293,0.000658331264033882,0.001,0.00011827988448996217,7.417705668870141e-05,8.225525558882092e-05,0.0001449142446820123,0.0001110862115235166
20400,1.6398105358661214e-06,1.6398105358661214e-06,0.0,0.00021959882718448608,0.0005622734746780002,0.001,9.81413476712483e-05,6.365052943511907e-05,6.792817859803902e-05,0.0001176506726413678,9.059812579630755e-05
20410,1.1941053365876158e-06,1.1941053365876158e-06,0.0,0.00017560131036822212,0.00047328532888398194,0.001,7.637234401537195e-05,4.651238420899901e-05,5.3192815982725184e-05,9.436281279025563e-05,7.265551016193019e-05
20420,8.991299253952792e-07,8.991299253952792e-07,0.0,0.00013875408142705216,0.0003926844983790713,0.001,6.04584936642662e-05,3.6795392569190665e-05,4.203083347819197e-05,7.453470791715098e-05,5.7456941400560343e-05
20430,7.088886127591523e-07,7.088886127591523e-07,0.0,0.00010774243091700858,0.0003211192371676356,0.001,4.793647451738573e-05,3.02495400752025e-05,3.309504590816702e-05,5.789101795432751e-05,4.466957827353707e-05
20440,5.892910825259162e-07,5.892910825259162e-07,0.0,8.352469606072548e-05,0.00025913190577772096,0.001,3.650136820929621e-05,2.2314521119807967e-05,2.536323158446075e-05,4.483470785001048e-05,3.4641557453170304e-05
20450,5.159784944478262e-07,5.159784944478262e-07,0.0,6.328679017944244e-05,0.00020646343175700164,0.001,2.7960700575518465e-05,1.746966471656099e-05,1.9388628486035406e-05,3.403772367619216e-05,2.6315864995966186e-05
20460,4.721336962957183e-07,4.721336962957183e-07,0.0,4.763711179228503e-05,0.00016258724540937471,0.001,2.100702339130487e-05,1.3193427569302386e-05,1.4617576537238305e-05,2.5638105175528498e-05,1.984757844439106e-05
20470,4.465309268158769e-07,4.465309268158769e-07,0.0,3.539021632939106e-05,0.00012676478243658375,0.001,1.5589113040821887e-05,9.889222680561927e-06,1.0890838997042902e-05,1.9064336704548753e-05,1.4777603029002138e-05
20480,4.319138615394137e-07,4.319138615394137e-07,0.0,2.5929821978384407e-05,9.807708907695998e-05,0.001,1.1450868896319136e-05,7.453440670486772e-06,8.049238494718744e-06,1.4005666752187196e-05,1.087333124807571e-05
20490,4.237346785977075e-07,4.237346785977075e-07,0.0,1.88406899008819e-05,7.561863022110338e-05,0.001,8.27751229066809e-06,5.50589061321739e-06,5.872615461683956e-06,1.0186488222286625e-05,7.92472783884383e-06
20500,4.192272327319119e-07,4.192272327319119e-07,0.0,1.3516723446713875e-05,5.8487557818122216e-05,0.001,5.939635638506379e-06,4.146642967267845e-06,4.269125608189384e-06,7.324830777642202e-06,5.712489635065634e-06
20510,4.1675757958159647e-07,4.1675757958159647e-07,0.0,9.703970126095537e-06,4.5865735168745456e-05,0.001,4.220133211853747e-06,3.1078256287852664e-06,3.0845298394833536e-06,5.238596804341484e-06,4.099314475000735e-06
20520,4.153879395652792e-07,4.153879395652792e-07,0.0,6.9968243336008815e-06,3.69952472788956e-05,0.001,3.0091832693551627e-06,2.4109269732362138e-06,2.247687849835817e-06,3.737260356449274e-06,2.9352553559579867e-06
20530,4.145952254818246e-07,4.145952254818246e-07,0.0,5.216589006073475e-06,3.114878706003753e-05,0.001,2.1916818115160026e-06,1.926077087637213e-06,1.665579197654792e-06,2.6963866930429154e-06,2.12558894861999e-06
20540,4.140958683275798e-07,4.140958683275798e-07,0.0,4.118712537190317e-06,2.7600873542322587e-05,0.001,1.677591004679577e-06,1.6185638170325097e-06,1.2867608638969532e-06,2.0081169537724283e-06,1.5847739524642982e-06
20550,4.137405051816578e-07,4.137405051816578e-07,0.0,3.532077587263649e-06,2.565472877764721e-05,0.001,1.3955614041894023e-06,1.4270352777945974e-06,1.052169412260983e-06,1.5836837470589482e-06,1.2456051444121836e-06
20560,4.1345273675819906e-07,4.1345273675819906e-07,0.0,3.2563395387233256e-06,2.4723706983407215e-05,0.001,1.2600646152823e-06,1.3135866861688757e-06,9.197983929908675e-07,1.3474977626065842e-06,1.0504125067073087e-06
20570,4.1319464789293586e-07,4.1319464789293586e-07,0.0,3.1502458860732274e-06,2.4384883010780694e-05,0.001,1.208590558704233e-06,1.2470458759690325e-06,8.491558598032573e-07,1.2289628652427612e-06,9.474315124767143e-07
20580,4.129480066306092e-07,4.129480066306092e-07,0.0,3.118879362446189e-06,2.4372617102282926e-05,0.001,1.1942936490839917e-06,1.208235781537929e-06,8.133612828846397e-07,1.174986083305481e-06,8.969545140478044e-07
20590,4.1270433533458726e-07,4.1270433533458726e-07,0.0,3.1155998266534464e-06,2.4534522677608533e-05,0.001,1.1935289677147434e-06,1.185307555816782e-06,7.955745151857087e-07,1.1522521090490127e-06,8.733143636642033e-07
20600,4.124598343946363e-07,4.124598343946363e-07,0.0,3.121119260370712e-06,2.4788274386792323e-05,0.001,1.1972076073969092e-06,1.1716746330771166e-06,7.864260046742029e-07,1.1429378197675518e-06,8.622088833012163e-07
20610,4.122128717313181e-07,4.122128717313181e-07,0.0,3.1269547692837666e-06,2.5090553686052037e-05,0.001,1.200582508211679e-06,1.163364978609589e-06,7.817033792094966e-07,1.1393481389689298e-06,8.569527492335721e-07
20620,4.119627833268622e-07,4.119627833268622e-07,0.0,3.1313313885591408e-06,2.541863228039115e-05,0.001,1.2031325594654558e-06,1.158282728082462e-06,7.790847622835879e-07,1.1378485212664798e-06,8.542735207636078e-07
20630,4.117093205601991e-07,4.117093205601991e-07,0.0,3.1339751837175206e-06,2.5760471549789224e-05,0.001,1.2047350486584508e-06,1.1551316167109203e-06,7.775413080968836e-07,1.1370872652100211e-06,8.527757368707421e-07
20640,4.114524052286503e-07,4.114524052286503e-07,0.0,3.13515215597253e-06,2.6109487600679736e-05,0.001,1.2054766922749713e-06,1.1531072425091655e-06,7.765921991247398e-07,1.1365970130604895e-06,8.518587527613922e-07
20650,4.1119202542157333e-07,4.1119202542157333e-07,0.0,3.1353872025155403e-06,2.6461965638344588e-05,0.001,1.2057116296016226e-06,1.1517624993325447e-06,7.759449794549025e-07,1.1361588249610518e-06,8.512118475827807e-07
20660,4.1092819327431453e-07,4.1092819327431453e-07,0.0,3.135022453379839e-06,2.6815759407458748e-05,0.001,1.205627155044589e-06,1.1508114632680243e-06,7.75463449885565e-07,1.1357242852293614e-06,8.50702494966829e-07
20670,4.106609287157939e-07,4.106609287157939e-07,0.0,3.134283029041001e-06,2.7169606286331473e-05,0.001,1.2053316843090021e-06,1.1500747082330011e-06,7.750762947596096e-07,1.1352889445834914e-06,8.502672984873059e-07
20680,4.1039025360228514e-07,4.1039025360228514e-07,0.0,3.133337173530155e-06,2.752276836655994e-05,0.001,1.2049246744749168e-06,1.1494520172164716e-06,7.747353158654625e-07,1.1348450858000776e-06,8.498664630829073e-07
20690,4.101161897699329e-07,4.101161897699329e-07,0.0,3.132281879340252e-06,2.787482989707942e-05,0.001,1.204462283692656e-06,1.1488854315283293e-06,7.744147730311513e-07,1.1343922836554514e-06,8.494797722287702e-07
20700,4.098387584676002e-07,4.098387584676002e-07,0.0,3.131166416130573e-06,2.8225572954770737e-05,0.001,1.2039679690701782e-06,1.1483404602879068e-06,7.741022517594963e-07,1.1339331317261133e-06,8.490976169910137e-07
20710,4.09557980235021e-07,4.09557980235021e-07,0.0,3.130018373795509e-06,2.8574900681650682e-05,0.001,1.2034565564126615e-06,1.147799730062274e-06,7.737908623123697e-07,1.133468575985298e-06,8.48714760287314e-07
20720,4.0927387490770214e-07,4.0927387490770214e-07,0.0,3.128852654242477e-06,2.8922789129084247e-05,0.001,1.2029369572092054e-06,1.1472551522438482e-06,7.734767642554033e-07,1.1329983697487465e-06,8.483282337116074e-07
20730,4.089864616502829e-07,4.089864616502829e-07,0.0,3.1276753511341677e-06,2.9269256462547814e-05,0.001,1.2024125942097472e-06,1.146703223997179e-06,7.731584251906172e-07,1.1325225386781964e-06,8.479368565422885e-07
20740,4.086957589925225e-07,4.086957589925225e-07,0.0,3.126488032598583e-06,2.9614343620871765e-05,0.001,1.2018841546338657e-06,1.1461428233382333e-06,7.728355197295798e-07,1.1320413077164585e-06,8.47540403406838e-07
20750,4.084017848627551e-07,4.084017848627551e-07,0.0,3.1252906420539476e-06,2.9958102560234634e-05,0.001,1.2013514862028697e-06,1.1455739421081509e-06,7.725081026321425e-07,1.13155474637679e-06,8.47138925272302e-07
20760,4.081045566186532e-07,4.081045566186532e-07,0.0,3.1240826108891784e-06,3.0300589442244063e-05,0.001,1.2008143227242594e-06,1.1449970567532636e-06,7.72176353028497e-07,1.1310628539963266e-06,8.467325744068727e-07
20770,4.0780409107573327e-07,4.0780409107573327e-07,0.0,3.122863269304467e-06,3.064186085872038e-05,0.001,1.2002723174324315e-06,1.1444126918401531e-06,7.718404694247918e-07,1.130565614926879e-06,8.46321513671352e-07
20780,4.0750040453402494e-07,4.0750040453402494e-07,0.0,3.1216320223674588e-06,3.098197192066427e-05,0.001,1.1997251472823942e-06,1.14382129350674e-06,7.715006360559653e-07,1.1300630396845757e-06,8.45905897703319e-07
20790,4.071935128030482e-07,4.071935128030482e-07,0.0,3.120388437517948e-06,3.132097542277721e-05,0.001,1.1991725646069422e-06,1.143223189998383e-06,7.711569959510351e-07,1.129555148711532e-06,8.454858492730515e-07
20800,4.0688343122531786e-07,4.0688343122531786e-07,0.0,3.1191322496855448e-06,3.1658921601766555e-05,0.001,1.1986144126494113e-06,1.142618604716374e-06,7.708096479136492e-07,1.129041962930327e-06,8.450614563630037e-07
20810,4.0657017469836036e-07,4.0657017469836036e-07,0.0,3.117863324065505e-06,3.1995858184963056e-05,0.001,1.1980506129682726e-06,1.1420076846477078e-06,7.704586569141574e-07,1.1285235042245044e-06,8.44632781076354e-07
20820,4.062537576955676e-07,4.062537576955676e-07,0.0,3.1165816147075897e-06,3.233183056026957e-05,0.001,1.197481133803693e-06,1.1413905202265058e-06,7.701040636176191e-07,1.127999793107244e-06,8.441998661112254e-07
20830,4.059341942856878e-07,4.059341942856878e-07,0.0,3.115287128212317e-06,3.266688197809467e-05,0.001,1.1969059745491304e-06,1.140767168956595e-06,7.697458948473502e-07,1.1274708512680957e-06,8.437627436314071e-07
20840,4.056114981513143e-07,4.056114981513143e-07,0.0,3.113979900162001e-06,3.300105374327748e-05,0.001,1.1963251494433637e-06,1.1401376679328946e-06,7.693841690495181e-07,1.1269367000263551e-06,8.433214389175369e-07
20850,4.0528568260629655e-07,4.0528568260629655e-07,0.0,3.1126599796130084e-06,3.333438538242691e-05,0.001,1.1957386803105468e-06,1.1395020442191351e-06,7.690189005592581e-07,1.126397360722156e-06,8.428759740003121e-07
20860,4.049567606121741e-07,4.049567606121741e-07,0.0,3.1113274205556415e-06,3.366691478379629e-05,0.001,1.1951465916597304e-06,1.138860320183343e-06,7.686501016736453e-07,1.1258528541965694e-06,8.424263691548968e-07
20870,4.0462474479373227e-07,4.0462474479373227e-07,0.0,3.1099822772034343e-06,3.399867831334255e-05,0.001,1.194548908350695e-06,1.138212516495786e-06,7.682777838649026e-07,1.125303200677303e-06,8.419726437607422e-07
20880,4.0428964745374535e-07,4.0428964745374535e-07,0.0,3.108624601896277e-06,3.43297109122792e-05,0.001,1.193945654411095e-06,1.1375586535718228e-06,7.67901958435491e-07,1.124748420018962e-06,8.415148170220723e-07
20890,4.039514805868834e-07,4.039514805868834e-07,0.0,3.107254444643434e-06,3.466004618022318e-05,0.001,1.1933368529307924e-06,1.1368987519611894e-06,7.675226365748756e-07,1.1241885314415737e-06,8.410529078481949e-07
20900,4.0361025589295105e-07,4.0361025589295105e-07,0.0,3.105871853238456e-06,3.4989716448452173e-05,0.001,1.1927225256411666e-06,1.1362328322571644e-06,7.671398294039504e-07,1.1236235537161426e-06,8.405869351108742e-07
20910,4.0326598478942584e-07,4.0326598478942584e-07,0.0,3.1044768733869737e-06,3.531875284582858e-05,0.001,1.1921026932963969e-06,1.1355609149381157e-06,7.667535478874293e-07,1.1230535049742122e-06,8.401169172802914e-07
20920,4.029186784233969e-07,4.029186784233969e-07,0.0,3.10306954916381e-06,3.5647185359167454e-05,0.001,1.1914773761373386e-06,1.1348830204990864e-06,7.663638028683397e-07,1.1224784030134758e-06,8.39642872729451e-07
20930,4.0256834768282055e-07,4.0256834768282055e-07,0.0,3.10164992321731e-06,3.597504288929637e-05,0.001,1.190846593388671e-06,1.1341991689205489e-06,7.659706049374675e-07,1.1218982651356843e-06,8.391648195042592e-07
20940,4.022150032073651e-07,4.022150032073651e-07,0.0,3.1002180370418062e-06,3.63023533036791e-05,0.001,1.1902103639475195e-06,1.1335093798433575e-06,7.655739644073906e-07,1.1213131081483583e-06,8.386827752669135e-07
20950,4.0185865539858667e-07,4.0185865539858667e-07,0.0,3.0987739310496135e-06,3.6629143485667695e-05,0.001,1.1895687062444056e-06,1.1328136725461916e-06,7.651738913807951e-07,1.1207229485819207e-06,8.381967575119662e-07
20960,4.014993144297504e-07,4.014993144297504e-07,0.0,3.097317644749123e-06,3.6955439380996445e-05,0.001,1.1889216383691006e-06,1.132112065865125e-06,7.647703956620523e-07,1.1201278025218739e-06,8.377067833817735e-07
20970,4.011369902550881e-07,4.011369902550881e-07,0.0,3.095849216749661e-06,3.728126604156067e-05,0.001,1.1882691780096552e-06,1.1314045782172626e-06,7.643634868083802e-07,1.1195276857250733e-06,8.372128697797919e-07
20980,4.007716926187097e-07,4.007716926187097e-07,0.0,3.0943686847104572e-06,3.760664766659696e-05,0.001,1.1876113423363171e-06,1.1306912274861805e-06,7.639531741066617e-07,1.1189226135161363e-06,8.367150332211018e-07
20990,4.00403431063047e-07,4.00403431063047e-07,0.0,3.0928760855722546e-06,3.7931607641537164e-05,0.001,1.1869481485016552e-06,1.1299720313347814e-06,7.635394666102941e-07,1.1183126009270885e-06,8.362132900288294e-07
21000,4.0003221493695984e-07,4.0003221493695984e-07,0.0,3.091371455542502e-06,3.825616857461731e-05,0.001,1.1862796127903242e-06,1.1292470067647115e-06,7.631223730798641e-07,1.1176976626037273e-06,8.35707656267755e-07
21010,3.9965805340345804e-07,3.9965805340345804e-07,0.0,3.0898548298558965e-06,3.8580352331349636e-05,0.001,1.1856057517441355e-06,1.1285161707614456e-06,7.627019021696909e-07,1.117077813005528e-06,8.35198147799688e-07
21020,3.992809554471236e-07,3.992809554471236e-07,0.0,3.088326243037363e-06,3.890418006709591e-05,0.001,1.1849265814816715e-06,1.1277795398461457e-06,7.622780622628468e-07,1.1164530661743965e-06,8.34684780143895e-07
21030,3.989009298811405e-07,3.989009298811405e-07,0.0,3.0867857291879677e-06,3.922767225759708e-05,0.001,1.184242117233895e-06,1.1270371299158627e-06,7.618508614374742e-07,1.1158234358363275e-06,8.34167568719941e-07
21040,3.9851798535412234e-07,3.9851798535412234e-07,0.0,3.085233321278278e-06,3.955084872813195e-05,0.001,1.18355237481914e-06,1.1262889570190817e-06,7.614203077402071e-07,1.1151889355289224e-06,8.336465286255334e-07
21050,3.981321303565702e-07,3.981321303565702e-07,0.0,3.0836690520313506e-06,3.987372868079797e-05,0.001,1.1828573689116508e-06,1.1255350363998744e-06,7.609864088392987e-07,1.114549578367773e-06,8.331216747921503e-07
21060,3.977433732271176e-07,3.977433732271176e-07,0.0,3.0820929531993783e-06,4.0196330720360026e-05,0.001,1.1821571147139016e-06,1.124775383489701e-06,7.605491723930962e-07,1.1139053773907195e-06,8.325930219968875e-07
21070,3.9735172215846763e-07,3.9735172215846763e-07,0.0,3.0805050560314314e-06,4.051867287883151e-05,0.001,1.1814516266138544e-06,1.1240100131387232e-06,7.60108605806296e-07,1.1132563453185262e-06,8.320605848359916e-07
21080,3.969571852031828e-07,3.969571852031828e-07,0.0,3.078905391164001e-06,4.08407726385709e-05,0.001,1.180740919422242e-06,1.1232389403090123e-06,7.596647163926084e-07,1.1126024947572363e-06,8.315243778236297e-07
21090,3.9655977027912087e-07,3.9655977027912087e-07,0.0,3.07729398881131e-06,4.1162646954211506e-05,0.001,1.1800250068528849e-06,1.1224621790898352e-06,7.592175110874743e-07,1.1119438377128856e-06,8.309844149890396e-07
21100,3.961594851747567e-07,3.961594851747567e-07,0.0,3.0756708784143e-06,4.148431227356369e-05,0.001,1.179303902604388e-06,1.1216797435563815e-06,7.587669968116047e-07,1.1112803862017474e-06,8.304407103785998e-07
21110,3.957563375542606e-07,3.957563375542606e-07,0.0,3.074036089011495e-06,4.180578455733877e-05,0.001,1.178577620740327e-06,1.1208916478506877e-06,7.58313180353962e-07,1.1106121520910457e-06,8.298932779671321e-07
21120,3.9535033496237263e-07,3.9535033496237263e-07,0.0,3.072389649025072e-06,4.212707929782881e-05,0.001,1.1778461749394506e-06,1.1200979058417468e-06,7.578560683927187e-07,1.1099391471061997e-06,8.293421316334839e-07
21130,3.949414848291273e-07,3.949414848291273e-07,0.0,3.0707315865855802e-06,4.2448211536701476e-05,0.001,1.177109577956782e-06,1.119298530596239e-06,7.57395667223627e-07,1.1092613823515835e-06,8.287872847447948e-07
21140,3.945297944743379e-07,3.945297944743379e-07,0.0,3.06906192916563e-06,4.2769195881981943e-05,0.001,1.1763678431172971e-06,1.1184935355313083e-06,7.569319832124196e-07,1.1085788690965761e-06,8.282287508318051e-07
21150,3.9411527111201146e-07,3.9411527111201146e-07,0.0,3.067380703725265e-06,4.309004652398849e-05,0.001,1.1756209833806498e-06,1.1176829337691927e-06,7.56465022587363e-07,1.10789161841092e-06,8.276665432726226e-07
21160,3.9369792185449643e-07,3.9369792185449643e-07,0.0,3.0656879369846114e-06,4.341077725073941e-05,0.001,1.1748690115740957e-06,1.1168667382672218e-06,7.559947914145646e-07,1.107199641213975e-06,8.271006754242683e-07
21170,3.9327775371657334e-07,3.9327775371657334e-07,0.0,3.0639836550516054e-06,4.373140146239331e-05,0.001,1.1741119401727505e-06,1.1160449615220007e-06,7.555212955336412e-07,1.1065029479075966e-06,8.265311600655481e-07
21180,3.9285477361933173e-07,3.9285477361933173e-07,0.0,3.0622678838512532e-06,4.405193218513025e-05,0.001,1.1733497813901583e-06,1.1152176159661774e-06,7.550445407238499e-07,1.1058015490322447e-06,8.259580103088405e-07
21190,3.924289883939715e-07,3.924289883939715e-07,0.0,3.06054064855953e-06,4.437238208435514e-05,0.001,1.1725825479976182e-06,1.1143847142839518e-06,7.545645328074381e-07,1.1050954551053018e-06,8.253812391412441e-07
21200,3.920004047853943e-07,3.920004047853943e-07,0.0,3.058801974272358e-06,4.4692763477208265e-05,0.001,1.1718102517413774e-06,1.113546268306188e-06,7.540812772048166e-07,1.1043846760139577e-06,8.248008590577458e-07
21210,3.9156902945577e-07,3.9156902945577e-07,0.0,3.0570518855527692e-06,4.501308834459217e-05,0.001,1.1710329051791838e-06,1.1127022905511887e-06,7.535947795729892e-07,1.1036692222001165e-06,8.242168831540984e-07
21220,3.911739412555165e-07,3.911739412555165e-07,0.0,3.0554485504719563e-06,4.0801155982069564e-05,0.0009000000000000001,1.1703197300091338e-06,1.1119281792246936e-06,7.531487798895021e-07,1.1030129829843488e-06,8.236813973735149e-07
21230,3.907806352881483e-07,3.907806352881483e-07,0.0,3.053852345351659e-06,4.109191515531293e-05,0.0009000000000000001,1.1696107096718991e-06,1.111158332693623e-06,7.527050401780327e-07,1.102360423608529e-06,8.231494521201821e-07
21240,3.903847791010743e-07,3.903847791010743e-07,0.0,3.0522464173952826e-06,4.1383190728424936e-05,0.0009000000000000001,1.1688962123639052e-06,1.110382651982348e-06,7.522579757582341e-07,1.1017030959371537e-06,8.226135204323259e-07
21250,3.899863745239053e-07,3.899863745239053e-07,0.0,3.0506301657326345e-06,4.167468294919567e-05,0.0009000000000000001,1.1681779502345347e-06,1.109602632527083e-06,7.518082076917656e-07,1.1010420812701546e-06,8.220746866173401e-07
21260,3.8958542512264075e-07,3.8958542512264075e-07,0.0,3.0490031104345343e-06,4.1966296416748925e-05,0.0009000000000000001,1.1674559971751819e-06,1.108818290759629e-06,7.513557691760124e-07,1.1003772003996322e-06,8.215328561817864e-07
21270,3.891819350346901e-07,3.891819350346901e-07,0.0,3.0473657672229e-06,4.22580061461472e-05,0.0009000000000000001,1.166728842938418e-06,1.1080285379629766e-06,7.509002280041101e-07,1.0997078036042185e-06,8.209876544504987e-07
21280,3.8877590856102825e-07,3.8877590856102825e-07,0.0,3.0457179192689476e-06,4.254980926361143e-05,0.0009000000000000001,1.1659969081545494e-06,1.1072336374150499e-06,7.504417117270256e-07,1.0990340385673562e-06,8.204390833854234e-07
21290,3.883673500244802e-07,3.883673500244802e-07,0.0,3.044059687935242e-06,4.284170963013083e-05,0.0009000000000000001,1.1652605614258135e-06,1.1064338755416726e-06,7.499803127751121e-07,1.0983561600060581e-06,8.198873849349007e-07
21300,3.879562637213481e-07,3.879562637213481e-07,0.0,3.0423911280395042e-06,4.31337137246343e-05,0.0009000000000000001,1.164519690462017e-06,1.1056291197180304e-06,7.495159704847383e-07,1.097674044049039e-06,8.193324177567504e-07
21310,3.8754265390593247e-07,3.8754265390593247e-07,0.0,3.040712286327802e-06,4.342582943014196e-05,0.0009000000000000001,1.1637741603423903e-06,1.1048192806260324e-06,7.490486537506119e-07,1.096987645145459e-06,8.187741655363116e-07
21320,3.871265247864738e-07,3.871265247864738e-07,0.0,3.03902310891602e-06,4.371806515408385e-05,0.0009000000000000001,1.1630241295348377e-06,1.1040044917529473e-06,7.485784207061577e-07,1.0962970574444753e-06,8.182127189393928e-07
21330,3.867078805251431e-07,3.867078805251431e-07,0.0,3.037323625329786e-06,4.4010429188474305e-05,0.0009000000000000001,1.1622695408693795e-06,1.1031847052586915e-06,7.481052509303199e-07,1.0956022422573238e-06,8.176480452930138e-07
21340,3.8628672523934973e-07,3.8628672523934973e-07,0.0,3.0356138603207922e-06,4.430292954703614e-05,0.0009000000000000001,1.1615104031039713e-06,1.1023599312415563e-06,7.476291471512678e-07,1.0949032106609355e-06,8.170801593172375e-07
21350,3.858630630035285e-07,3.858630630035285e-07,0.0,3.033893821374825e-06,4.459557402184169e-05,0.0009000000000000001,1.1607467424178584e-06,1.1015301915358746e-06,7.47150118296846e-07,1.0941999782638334e-06,8.165090755583508e-07
21360,3.854368978510084e-07,3.854368978510084e-07,0.0,3.032163527332459e-06,4.488837024306637e-05,0.0009000000000000001,1.159978549019444e-06,1.1006954792427701e-06,7.466681610318427e-07,1.0934925400004259e-06,8.159347935227889e-07
21370,3.850082337759241e-07,3.850082337759241e-07,0.0,3.030422987424032e-06,4.518132569419016e-05,0.0009000000000000001,1.1592058417985595e-06,1.099855811532574e-06,7.461832822925045e-07,1.0927809089672798e-06,8.153573293236354e-07
21380,3.8457707473508e-07,3.8457707473508e-07,0.0,3.0286722168719975e-06,4.547444768592746e-05,0.0009000000000000001,1.1584286193271844e-06,1.0990111887022982e-06,7.456954820980009e-07,1.092065086194989e-06,8.147766877204937e-07
21390,3.8414342464975096e-07,3.8414342464975096e-07,0.0,3.0269112276609885e-06,4.57677433503979e-05,0.0009000000000000001,1.157646895119724e-06,1.0981616221487274e-06,7.452047645772832e-07,1.0913450799066206e-06,8.141928792892373e-07
21400,3.8370728740750145e-07,3.8370728740750145e-07,0.0,3.0251400344066646e-06,4.606121964663369e-05,0.0009000000000000001,1.1568606723608025e-06,1.0973071156686933e-06,7.447111309794438e-07,1.0906208937450977e-06,8.136059109764256e-07
21410,3.832686668638521e-07,3.832686668638521e-07,0.0,3.023358649704806e-06,4.6354883372491296e-05,0.0009000000000000001,1.156069960557818e-06,1.096447677818551e-06,7.442145843304977e-07,1.089892534247882e-06,8.130157922919077e-07
21420,3.8282756684403075e-07,3.8282756684403075e-07,0.0,3.0215670867423044e-06,4.664874117003771e-05,0.0009000000000000001,1.1552747654198383e-06,1.095583314174971e-06,7.437151264830508e-07,1.089160005852104e-06,8.124225309322989e-07
21430,3.82383991144552e-07,3.82383991144552e-07,0.0,3.0197653577915276e-06,4.694279952892984e-05,0.0009000000000000001,1.154475094428004e-06,1.0947140318204391e-06,7.432127599471889e-07,1.0884233141200088e-06,8.118261355405592e-07
21440,3.8193794353487626e-07,3.8193794353487626e-07,0.0,3.0179534756129487e-06,4.723706478866833e-05,0.0009000000000000001,1.1536709550590582e-06,1.0938398376885747e-06,7.427074869895706e-07,1.0876824644069747e-06,8.112266147410566e-07
21450,3.814894277589205e-07,3.814894277589205e-07,0.0,3.0161314527054103e-06,4.75315431424307e-05,0.0009000000000000001,1.1528623535051261e-06,1.0929607378268794e-06,7.421993096287695e-07,1.0869374615685535e-06,8.106239766467513e-07
21460,3.810384475365955e-07,3.810384475365955e-07,0.0,3.0142993014097628e-06,4.7826240641248145e-05,0.0009000000000000001,1.152049296804463e-06,1.0920767387389164e-06,7.416882299317083e-07,1.0861883105321732e-06,8.100182294403347e-07
21470,3.805850065653063e-07,3.805850065653063e-07,0.0,3.0124570336791077e-06,4.812116319778471e-05,0.0009000000000000001,1.1512317922054686e-06,1.0911878472041295e-06,7.411742501203338e-07,1.0854350165182126e-06,8.094093815913808e-07
21480,3.801291085213669e-07,3.801291085213669e-07,0.0,3.0106046618103716e-06,4.841631658950319e-05,0.0009000000000000001,1.1504098460367877e-06,1.0902940692728866e-06,7.406573720613167e-07,1.0846775842656869e-06,8.087974412690518e-07
21490,3.796707570614503e-07,3.796707570614503e-07,0.0,3.0087421974463497e-06,4.8711706461900205e-05,0.0009000000000000001,1.1495834655844892e-06,1.0893954116552402e-06,7.401375978803635e-07,1.0839160188157925e-06,8.081824167745069e-07
21500,3.7920995582392897e-07,3.7920995582392897e-07,0.0,3.0068696524780578e-06,4.900733833170952e-05,0.0009000000000000001,1.1487526574048369e-06,1.0884918805705472e-06,7.396149294806425e-07,1.0831503249907095e-06,8.075643163680463e-07
21510,3.787467084302498e-07,3.787467084302498e-07,0.0,3.0049870384331856e-06,4.9303217589847574e-05,0.0009000000000000001,1.147917428992821e-06,1.087583482817059e-06,7.390893689189862e-07,1.0823805078031743e-06,8.069431484157915e-07
22770,0.0036978899721923624,0.0036978899721923624,0.0,0.3731900148284171,0.018955094763758167,0.001,0.20828933368319935,0.19149601051864715,0.10893704541725685,0.11579455340761513,0.1038971874593221
22780,0.0006186449661533535,0.0006186449661533535,0.0,0.12163378675914605,0.011182796011244766,0.001,0.06682863130913347,0.05993919521765146,0.03569857152264861,0.03774416124231763,0.03398116447942895
22790,0.00020436883376008194,0.00020436883376008194,0.0,0.03576145686855837,0.00954268105555952,0.001,0.018316456190794736,0.01678949672313451,0.011122842154974062,0.012165889184397661,0.010916600877909653
22800,0.000260042325029059,0.000260042325029059,0.0,0.05962249317518932,0.005745531881463392,0.001,0.03167844353319308,0.02874369088012582,0.017754416384214607,0.019089823650532398,0.017417213708769426
22810,0.00015163771200228215,0.00015163771200228215,0.0,0.037761852832842197,0.004633543290413061,0.001,0.020316544899647106,0.01850682706515,0.011156783046525067,0.011882187392879162,0.010895998479346334
22820,9.046344607512293e-05,9.046344607512293e-05,0.0,0.02213747432902169,0.004227774008196891,0.001,0.01207266137948328,0.01116898985098885,0.0064593605039325805,0.006855503880582693,0.006264884375236693
22830,5.766520273084926e-05,5.766520273084926e-05,0.0,0.014109339613061761,0.003793311163496771,0.001,0.00748871696696665,0.007060939949063265,0.004187266787675195,0.004520368597388958,0.004147669591149501
22840,3.4929463903396326e-05,3.4929463903396326e-05,0.0,0.006010915809369467,0.003344227394291029,0.001,0.0025698167848069915,0.0025729817704956475,0.001990055060238298,0.002324070461218404,0.002192722450075663
22850,2.07809963234228e-05,2.07809963234228e-05,0.0,0.0031931650132993278,0.002818957276553741,0.001,0.0017944982227937293,0.001610180117067411,0.0009463692210254174,0.0008571029025980334,0.0008026164793674647
22860,1.2261615058342436e-05,1.2261615058342436e-05,0.0,0.00212622300967167,0.0022502996740537485,0.001,0.000860464590133397,0.0008769845085406954,0.0006421982367235525,0.0007678183326006881,0.0007449440799135322
22870,6.973266269425979e-06,6.973266269425979e-06,0.0,0.0014267759624760129,0.0018847700922755646,0.001,0.0008196080794134304,0.000742225553811328,0.0004803162236796605,0.00044259134454312286,0.0003939260799665339
22880,3.991188732957655e-06,3.991188732957655e-06,0.0,0.0009983623154976127,0.0014409479272052214,0.001,0.0005284059794982877,0.0004798356292388935,0.0003302633979407514,0.0003001643352739327,0.000277226230052156
22890,2.436904586811005e-06,2.436904586811005e-06,0.0,0.000400167004481357,0.0010804057563022337,0.001,0.00019908061021561035,0.00018108064660249295,0.0001488996983265192,0.00016859007591483956,0.00014451714471691235
22900,1.7332067356333765e-06,1.7332067356333765e-06,0.0,0.00038446419884034073,0.0007554008636038336,0.001,0.00016019667385318062,0.00015672423644720796,0.00011302385111462338,0.00013816613357502686,0.00013525915918813025
22910,1.441034534337322e-06,1.441034534337322e-06,0.0,0.00020936240124904668,0.0005023551936502468,0.001,9.088222505881401e-05,9.094426301768965e-05,6.979404888119684e-05,8.753069605510302e-05,8.089577379732242e-05
22920,1.335363622264209e-06,1.335363622264209e-06,0.0,9.449723077703686e-05,0.0003107711485630761,0.001,3.054236013608359e-05,3.057483566890832e-05,3.009728357930289e-05,3.8683360379632754e-05,3.8072507322746005e-05
22930,1.3035300251347691e-06,1.3035300251347691e-06,0.0,2.603549805644388e-05,0.0001804963994034584,0.001,1.0785770896848419e-05,9.363450804209344e-06,8.513362545678401e-06,1.2432686109427677e-05,1.0339963917565574e-05
22940,1.2959207672545063e-06,1.2959207672545063e-06,0.0,2.9356138440629235e-05,9.856955051750764e-05,0.001,1.6246548116027114e-05,1.5124329322923159e-05,1.0528057714768337e-05,9.19174117986244e-06,8.558478476398773e-06
22950,1.29444052862378e-06,1.29444052862378e-06,0.0,1.6026007757451073e-05,5.495961075966334e-05,0.001,8.476064723850328e-06,8.056525362742171e-06,4.842502545983015e-06,4.198880358929609e-06,4.066527666786166e-06
22960,1.2939775218470741e-06,1.2939775218470741e-06,0.0,7.645438598389345e-06,3.985505205300921e-05,0.001,3.820759861123491e-06,3.63819271882818e-06,2.194501453129897e-06,2.4566387113315594e-06,2.080461616170662e-06
22970,1.2934833013063581e-06,1.2934833013063581e-06,0.0,8.063165349239403e-06,3.8030665893577746e-05,0.001,3.7321073012459127e-06,3.376160420339961e-06,2.594189624691888e-06,2.9663613217157364e-06,2.732307820931439e-06
22980,1.292907191472826e-06,1.292907191472826e-06,0.0,5.532478133180813e-06,3.947332807711457e-05,0.001,2.590739559119575e-06,2.3118151422762396e-06,1.8781549979445125e-06,2.243476870528929e-06,1.8660497646960643e-06
22990,1.292314448751078e-06,1.292314448751078e-06,0.0,5.042534742582986e-06,4.048761801451185e-05,0.001,1.921579674506331e-06,1.7807100612462163e-06,1.352362826120666e-06,1.8325828147659164e-06,1.5062448007451418e-06
23000,1.2917254431463136e-06,1.2917254431463136e-06,0.0,4.541510693049735e-06,4.1319152361818564e-05,0.001,1.7010764371596402e-06,1.7176294512073273e-06,1.4001484291962897e-06,1.852093843010508e-06,1.5102924002879723e-06
23010,1.2911362574911842e-06,1.2911362574911842e-06,0.0,4.3224410551111645e-06,4.2253566368141314e-05,0.001,1.6493170154084158e-06,1.5887888681221968e-06,1.2281175657293579e-06,1.708421681600002e-06,1.3779299686717372e-06
23020,1.2905398898681801e-06,1.2905398898681801e-06,0.0,4.202206938130483e-06,4.3198256458882575e-05,0.001,1.6523722932159075e-06,1.6141059713902506e-06,1.2927181850129074e-06,1.7390827948346564e-06,1.4034790978227111e-06
23030,1.2899323526223578e-06,1.2899323526223578e-06,0.0,4.186898576477617e-06,4.4187028264410386e-05,0.001,1.654745137070577e-06,1.6281288327318455e-06,1.3157589560434699e-06,1.7472906646528924e-06,1.410480045538814e-06
23040,1.2893124515388038e-06,1.2893124515388038e-06,0.0,4.203898325976486e-06,4.514438737831478e-05,0.001,1.6333845751654246e-06,1.5983526498588648e-06,1.2773894004588847e-06,1.7284545487721202e-06,1.396246070150072e-06
23050,1.2886801462891015e-06,1.2886801462891015e-06,0.0,4.189251140777002e-06,4.6061859363699334e-05,0.001,1.6258071501818697e-06,1.5975210371833468e-06,1.2791094514212316e-06,1.7252184432483186e-06,1.3901634649188343e-06
23060,1.2880356245066695e-06,1.2880356245066695e-06,0.0,4.188068213802658e-06,4.69584783476042e-05,0.001,1.6320141154646326e-06,1.606931480536632e-06,1.2810942285370228e-06,1.7255521869932008e-06,1.3895717544295548e-06
23070,1.2873790573836952e-06,1.2873790573836952e-06,0.0,4.19288227741336e-06,4.783817986427665e-05,0.001,1.6318198015714348e-06,1.6043562952053756e-06,1.2739312896393914e-06,1.7221346698831956e-06,1.386934709442325e-06
23080,1.2867105883257409e-06,1.2867105883257409e-06,0.0,4.191739735628115e-06,4.8705674395101126e-05,0.001,1.628212906526079e-06,1.600280947989519e-06,1.271523087060904e-06,1.7205320696665593e-06,1.385374211337536e-06
23090,1.2860303467949415e-06,1.2860303467949415e-06,0.0,4.189432461965537e-06,4.956509885123313e-05,0.001,1.6287171137562167e-06,1.601681796638362e-06,1.2725201489850315e-06,1.7208130997036282e-06,1.3854420144352092e-06
23100,1.2853384580176437e-06,1.2853384580176437e-06,0.0,4.187497055544565e-06,5.041854383572814e-05,0.001,1.6272517635275333e-06,1.6005825824516724e-06,1.2721056195344069e-06,1.7203011821432474e-06,1.384987182777812e-06
23110,1.2846350429815255e-06,1.2846350429815255e-06,0.0,4.1862594107916e-06,5.126588207056994e-05,0.001,1.6259120873981333e-06,1.5993454796646521e-06,1.2710379468065244e-06,1.7195153909671212e-06,1.3844301940499613e-06
23120,1.2839202176793317e-06,1.2839202176793317e-06,0.0,4.184954655108327e-06,5.210657921166378e-05,0.001,1.6250523177147118e-06,1.5987493301713798e-06,1.2702948282704172e-06,1.7189084199326857e-06,1.3840325628053752e-06
23130,1.2831940927912702e-06,1.2831940927912702e-06,0.0,4.183113084561234e-06,5.294092359852836e-05,0.001,1.623596778319724e-06,1.5976706199046695e-06,1.2697386906689172e-06,1.7183223261236833e-06,1.383598879918649e-06
23140,1.2824567739665974e-06,1.2824567739665974e-06,0.0,4.181307281591185e-06,5.376889611958489e-05,0.001,1.622488807819316e-06,1.5969495463080016e-06,1.2693343017464832e-06,1.7178558406173307e-06,1.3832886608590656e-06
23150,1.281708362189582e-06,1.281708362189582e-06,0.0,4.179393636211546e-06,5.459076957839789e-05,0.001,1.6211295919140666e-06,1.5959193020902346e-06,1.2688859500717694e-06,1.7173644239438235e-06,1.382964867951571e-06
23160,1.280948954109865e-06,1.280948954109865e-06,0.0,4.1775217831623755e-06,5.5406744607301366e-05,0.001,1.6198873455217804e-06,1.5949743509688762e-06,1.2684464249106628e-06,1.7169007135528645e-06,1.3826843190033643e-06
23170,1.2801786423257067e-06,1.2801786423257067e-06,0.0,4.175615717186227e-06,5.621715226342912e-05,0.001,1.618567201782714e-06,1.5939432141575009e-06,1.2679752425247286e-06,1.7164140459780613e-06,1.3823841337940818e-06
23180,1.2793975156374198e-06,1.2793975156374198e-06,0.0,4.1737105569503965e-06,5.70222783026293e-05,0.001,1.6172565988371649e-06,1.5929319441185862e-06,1.2674838044971072e-06,1.7159115956460729e-06,1.3820687910990392e-06
23190,1.2786056592805225e-06,1.2786056592805225e-06,0.0,4.171789042643369e-06,5.782240811485661e-05,0.001,1.6159346595908003e-06,1.5919189498939395e-06,1.2669796765085978e-06,1.7153968185883254e-06,1.3817419469715542e-06
23200,1.2778031551405983e-06,1.2778031551405983e-06,0.0,4.169833016952739e-06,5.86177820549614e-05,0.001,1.6145836166515772e-06,1.5908803380649743e-06,1.2664743168169979e-06,1.7148779021567013e-06,1.3814136250814126e-06
23210,1.276990081950781e-06,1.276990081950781e-06,0.0,4.167851269926383e-06,5.940862319209747e-05,0.001,1.6132244585409034e-06,1.5898366638290235e-06,1.2659711446680057e-06,1.714358860503705e-06,1.3810887105376888e-06
23220,1.2761665154734638e-06,1.2761665154734638e-06,0.0,4.165847377631468e-06,6.0195149592707466e-05,0.001,1.611847963015838e-06,1.5887805772310995e-06,1.2654599553485169e-06,1.7138317274275393e-06,1.3807582171128762e-06
23230,1.2753325286678013e-06,1.2753325286678013e-06,0.0,4.1638226470130565e-06,6.097756271866108e-05,0.001,1.6104550600216482e-06,1.5877126919398182e-06,1.2649401621361745e-06,1.7132963254234448e-06,1.380421933809077e-06
23240,1.2744881918443515e-06,1.2744881918443515e-06,0.0,4.1617756458332375e-06,6.175604816592918e-05,0.001,1.6090483022771717e-06,1.5866340682325195e-06,1.2644156641222666e-06,1.7127559173193757e-06,1.3800835871931174e-06
23250,1.2736335728080197e-06,1.2736335728080197e-06,0.0,4.159707268427486e-06,6.25307838677246e-05,0.001,1.607627029964534e-06,1.5855443002959909e-06,1.2638851995935294e-06,1.7122095424340199e-06,1.3797420466808342e-06
23260,1.272768736990578e-06,1.272768736990578e-06,0.0,4.1576184353609714e-06,6.330194079199988e-05,0.001,1.6061910628733045e-06,1.5844435029596624e-06,1.2633477551499125e-06,1.7116564151581851e-06,1.3793963923544565e-06
23270,1.2718937475734861e-06,1.2718937475734861e-06,0.0,4.155508621017325e-06,6.406968022173412e-05,0.001,1.6047406843131492e-06,1.5833315644820423e-06,1.2628044493287588e-06,1.7110974124117604e-06,1.3790476329080255e-06
23280,1.2710086656019981e-06,1.2710086656019981e-06,0.0,4.1533784757127595e-06,6.483415615569349e-05,0.001,1.6032763251525747e-06,1.5822090348571419e-06,1.2622550132191625e-06,1.7105323434144836e-06,1.378695533127607e-06
23290,1.2701135500912862e-06,1.2701135500912862e-06,0.0,4.151228323764045e-06,6.559551564629622e-05,0.001,1.6017981618070685e-06,1.5810760910313953e-06,1.2616994192715812e-06,1.7099611967842136e-06,1.3783400652762903e-06
23300,1.2692084581253516e-06,1.2692084581253516e-06,0.0,4.149058244071048e-06,6.635389839675969e-05,0.001,1.6003063039862333e-06,1.579932735646909e-06,1.2611379018350134e-06,1.7093841638479945e-06,1.377981437982933e-06
23310,1.2682934449491887e-06,1.2682934449491887e-06,0.0,4.1468686415835414e-06,6.710943796344883e-05,0.001,1.5988009655262218e-06,1.5787792023495965e-06,1.2605703470683705e-06,1.708801172464523e-06,1.3776195537857192e-06
23320,1.2673685640548746e-06,1.2673685640548746e-06,0.0,4.144659699785872e-06,6.786226175520719e-05,0.001,1.5972823219070267e-06,1.5776155894901429e-06,1.2599968924032956e-06,1.7082123449461192e-06,1.3772545431832118e-06
23330,1.2664338672620713e-06,1.2664338672620713e-06,0.0,4.1424317355206025e-06,6.861249162664516e-05,0.001,1.5957505776219816e-06,1.5764420779845912e-06,1.259417523027154e-06,1.7076176880769178e-06,1.3768864030579697e-06
23340,1.2654894047932786e-06,1.2654894047932786e-06,0.0,4.140184993295775e-06,6.93602441734403e-05,0.001,1.5942059172499549e-06,1.5752587993461209e-06,1.2588322996158955e-06,1.707017266721115e-06,1.3765151990262191e-06
23350,1.264535225344461e-06,1.264535225344461e-06,0.0,4.137919752092681e-06,7.010563108033856e-05,0.001,1.5926485320042344e-06,1.5740659083382718e-06,1.258241239978435e-06,1.706411112350357e-06,1.3761409581901565e-06
23360,1.2635713761511429e-06,1.2635713761511429e-06,0.0,4.135636263131124e-06,7.084875941974154e-05,0.001,1.5910786047291863e-06,1.5728635438026275e-06,1.2576443875507158e-06,1.705799274879056e-06,1.3757637293155493e-06
23370,1.262597903050551e-06,1.262597903050551e-06,0.0,4.133334787569017e-06,7.15897319309702e-05,0.001,1.5894963202098981e-06,1.5716518536344601e-06,1.2570417707757288e-06,1.7051817918311813e-06,1.3753835467181813e-06
23380,1.2616148505399337e-06,1.2616148505399337e-06,0.0,4.131015574815359e-06,7.232864727045921e-05,0.001,1.5879018606278973e-06,1.5704309794380135e-06,1.2564334282462489e-06,1.704558708300666e-06,1.3750004539322102e-06
23390,1.260622261831459e-06,1.260622261831459e-06,0.0,4.128678879049712e-06,7.306560025653524e-05,0.001,1.5862954075679952e-06,1.5692010642126872e-06,1.2558193895254853e-06,1.7039300626392247e-06,1.3746144872296042e-06
23400,1.2596201789038279e-06,1.2596201789038279e-06,0.0,4.126324949646127e-06,7.380068208412677e-05,0.001,1.5846771415297706e-06,1.5679622482817165e-06,1.2551996869445764e-06,1.7032958953476804e-06,1.3742256858687678e-06
23410,1.2586086425509487e-06,1.2586086425509487e-06,0.0,4.123954035180828e-06,7.453398053551412e-05,0.001,1.5830472423564569e-06,1.5667146721965498e-06,1.2545743507027379e-06,1.702656244983357e-06,1.373834087095427e-06
23420,1.2575876924277373e-06,1.2575876924277373e-06,0.0,4.1215663818904395e-06,7.526558016897472e-05,0.001,1.5814058888971504e-06,1.5654584757153372e-06,1.253943410721981e-06,1.7020111495819958e-06,1.3734397277987094e-06
23430,1.256557367093456e-06,1.256557367093456e-06,0.0,4.119162233867659e-06,7.599556249848753e-05,0.001,1.5797532592771918e-06,1.564193797551002e-06,1.2533068968255244e-06,1.7013606470010916e-06,1.3730426450264878e-06
23440,1.2555177040525056e-06,1.2555177040525056e-06,0.0,4.116741834603812e-06,7.672400616076568e-05,0.001,1.5780895314182312e-06,1.5629207765327683e-06,1.2526648372047585e-06,1.700704773718814e-06,1.372642874528454e-06
23450,1.254468739792966e-06,1.254468739792966e-06,0.0,4.114305425412119e-06,7.745098706953974e-05,0.001,1.5764148823974792e-06,1.5616395504526575e-06,1.252017260056459e-06,1.7000435660247531e-06,1.3722404521103508e-06
23460,1.2534105098231526e-06,1.2534105098231526e-06,0.0,4.11185324637478e-06,7.81765785615919e-05,0.001,1.574729488624012e-06,1.5603502565470061e-06,1.251364192592028e-06,1.6993770592705179e-06,1.3718354127439845e-06
23470,1.2523430487060885e-06,1.2523430487060885e-06,0.0,4.10938553624795e-06,7.890085153214389e-05,0.001,1.5730335266310282e-06,1.5590530319817184e-06,1.2507056618096348e-06,1.6987052885469693e-06,1.3714277913726024e-06
23480,1.2512663900921297e-06,1.2512663900921297e-06,0.0,4.106902532900155e-06,7.96238745623169e-05,0.001,1.5713271727561313e-06,1.5577480138565681e-06,1.2500416937671754e-06,1.6980282880546059e-06,1.3710176221232486e-06
23490,1.2501805667498723e-06,1.2501805667498723e-06,0.0,4.104404472317118e-06,8.034571403841646e-05,0.001,1.5696106017497366e-06,1.5564353374208718e-06,1.2493723140054998e-06,1.6973460914062623e-06,1.370604938689528e-06
23500,1.249085610595549e-06,1.249085610595549e-06,0.0,4.1018915898997205e-06,8.106643426357452e-05,0.001,1.5678839895230883e-06,1.5551151390400038e-06,1.2486975478185831e-06,1.6966587319393717e-06,1.3701897746485816e-06
23510,1.24798155272067e-06,1.24798155272067e-06,0.0,4.099364120142123e-06,8.178609756314991e-05,0.001,1.566147511466514e-06,1.5537875545096602e-06,1.2480174195973886e-06,1.695966242145609e-06,1.3697721628028562e-06
23520,1.2468684234184887e-06,1.2468684234184887e-06,0.0,4.096822296488171e-06,8.250476438302111e-05,0.001,1.5644013431945214e-06,1.5524527195876722e-06,1.2473319535898308e-06,1.6952686543023242e-06,1.3693521359128257e-06
23530,1.2457462522089127e-06,1.2457462522089127e-06,0.0,4.094266351117593e-06,8.322249338338372e-05,0.001,1.562645659082893e-06,1.5511107686889221e-06,1.246641173213933e-06,1.6945659998340366e-06,1.3689297259209695e-06
23540,1.2446150678622762e-06,1.2446150678622762e-06,0.0,4.0916965160860965e-06,8.393934152520673e-05,0.001,1.56088063542476e-06,1.5497618379420445e-06,1.2459451018403859e-06,1.693858310118657e-06,1.3685049649025393e-06
23550,1.2434748984218612e-06,1.2434748984218612e-06,0.0,4.089113021920516e-06,8.465536415361676e-05,0.001,1.5591064464426523e-06,1.548406061198734e-06,1.245243761897236e-06,1.6931456155639149e-06,1.368077883970102e-06
23560,1.2423257712253272e-06,1.2423257712253272e-06,0.0,4.086516099075314e-06,8.537061507504479e-05,0.001,1.5573232683444295e-06,1.5470435741276312e-06,1.2445371758300175e-06,1.6924279465512554e-06,1.3676485143521322e-06
23570,1.2411677129250028e-06,1.2411677129250028e-06,0.0,4.083905977267715e-06,8.60851466309137e-05,0.001,1.5555312768602872e-06,1.5456745116356936e-06,1.2438253653428009e-06,1.691705332772495e-06,1.3672168866506728e-06
23580,1.2400007495073044e-06,1.2400007495073044e-06,0.0,4.0812828850001904e-06,8.679900976709485e-05,0.001,1.5537306469617278e-06,1.5442990076280094e-06,1.2431083518123267e-06,1.690977803452593e-06,1.3667830310392618e-06
23590,1.238824906311089e-06,1.238824906311089e-06,0.0,4.07864705102327e-06,8.75122540991092e-05,0.001,1.551921555482318e-06,1.5429171976273313e-06,1.2423861563012254e-06,1.690245387573249e-06,1.3663469775614556e-06
23600,1.2376402080451242e-06,1.2376402080451242e-06,0.0,4.0759987032043565e-06,8.822492797443316e-05,0.001,1.5501041788279926e-06,1.541529216443448e-06,1.2416587994428757e-06,1.6895081136125312e-06,1.3659087557908971e-06
23610,1.236446678804808e-06,1.236446678804808e-06,0.0,4.073338068564447e-06,8.893707853143673e-05,0.001,1.5482786925988483e-06,1.540135197731936e-06,1.2409263011939122e-06,1.6887660093691474e-06,1.3654683946418752e-06
23620,1.2352443420879595e-06,1.2352443420879595e-06,0.0,4.070665374338705e-06,8.964875175412551e-05,0.001,1.546445275034356e-06,1.5387352775279948e-06,1.240188681846556e-06,1.6880191028738303e-06,1.36502592339241e-06
23630,1.2340332208098996e-06,1.2340332208098996e-06,0.0,4.0679808470101385e-06,9.035999252606304e-05,0.001,1.5446041030718722e-06,1.537329590180177e-06,1.2394459606377989e-06,1.6872674211874984e-06,1.364581370326043e-06
23640,1.23281333731785e-06,1.23281333731785e-06,0.0,4.065284712568588e-06,9.107084467946913e-05,0.001,1.5427553545656612e-06,1.535918270627409e-06,1.2386981569176952e-06,1.6865109913239787e-06,1.3641347637442571e-06
23650,1.2315847134045587e-06,1.2315847134045587e-06,0.0,4.062577196859637e-06,9.178135104330301e-05,0.001,1.5408992078100959e-06,1.5345014538800774e-06,1.2379452894470025e-06,1.6857498397583546e-06,1.3636861314320276e-06
23660,1.2303473703213416e-06,1.2303473703213416e-06,0.0,4.059858525289801e-06,9.249155348830537e-05,0.001,1.5390358413396603e-06,1.5330792748417534e-06,1.2371873766359775e-06,1.6849839925509502e-06,1.3632355007655936e-06
23670,1.2291013287904928e-06,1.2291013287904928e-06,0.0,4.057128923364397e-06,9.320149296935813e-05,0.001,1.537165435524789e-06,1.5316518698252361e-06,1.2364244369926096e-06,1.6842134758021332e-06,1.36278289925912e-06
23680,1.227846609017075e-06,1.227846609017075e-06,0.0,4.054388615545599e-06,9.39112095672467e-05,0.001,1.5352881691524804e-06,1.5302193731224537e-06,1.235656488248311e-06,1.6834383147822844e-06,1.3623283535307569e-06
23690,1.2265832307001868e-06,1.2265832307001868e-06,0.0,4.051637826845411e-06,9.462074252671095e-05,0.001,1.5334042233189445e-06,1.5287819209684174e-06,1.2348835480250907e-06,1.6826585346675076e-06,1.3618718901651995e-06
23700,1.2253112130436443e-06,1.2253112130436443e-06,0.0,4.048876781805415e-06,9.53301302938866e-05,0.001,1.5315137792785847e-06,1.527339649297168e-06,1.2341056336720622e-06,1.6818741602777195e-06,1.3614135353938314e-06
23710,1.2240305747662292e-06,1.2240305747662292e-06,0.0,4.046105704264949e-06,9.603941055134457e-05,0.001,1.5296170179729854e-06,1.525892693207853e-06,1.2333227622574723e-06,1.6810852160484999e-06,1.3609533150604287e-06
23720,1.2227413341113937e-06,1.2227413341113937e-06,0.0,4.043324818296346e-06,9.674862025197256e-05,0.001,1.5277141214554116e-06,1.5244411885079624e-06,1.232534950375181e-06,1.6802917259695327e-06,1.3604912545471157e-06
23730,1.2214435088565127e-06,1.2214435088565127e-06,0.0,4.0405343482486476e-06,9.74577956503838e-05,0.001,1.525805274172873e-06,1.5229852729286425e-06,1.231742214976478e-06,1.6794937142665986e-06,1.3600273795570832e-06
23740,1.2201371163216889e-06,1.2201371163216889e-06,0.0,4.037734517918945e-06,9.816697233449269e-05,0.001,1.5238906595450232e-06,1.521525082664705e-06,1.2309445721019373e-06,1.6786912042735734e-06,1.359561714806651e-06
23750,1.2188221733781756e-06,1.2188221733781756e-06,0.0,4.0349255507633205e-06,9.887618525427666e-05,0.001,1.52197046166659e-06,1.5200607540006497e-06,1.2301420377904785e-06,1.6778842192044745e-06,1.3590942849190914e-06
23760,1.2174986964563573e-06,1.2174986964563573e-06,0.0,4.0321076699830144e-06,9.958546874985661e-05,0.001,1.5200448648020893e-06,1.518592422920174e-06,1.2293346276196397e-06,1.6770727817510123e-06,1.3586251139308423e-06
23770,1.216286573839898e-06,1.216286573839898e-06,0.0,4.029535912250339e-06,9.026785151039753e-05,0.0009000000000000001,1.5182728916696043e-06,1.5172360453980113e-06,1.228586712590314e-06,1.6763242276527156e-06,1.3581885877973915e-06
23780,1.2150799381968431e-06,1.2150799381968431e-06,0.0,4.026986165052728e-06,9.09118727445101e-05,0.0009000000000000001,1.5165341611069537e-06,1.5159110732198667e-06,1.2278523929980204e-06,1.6755875655216283e-06,1.3577634695191972e-06
23790,1.2138654938499086e-06,1.2138654938499086e-06,0.0,4.024425979945631e-06,9.155718323506378e-05,0.0009000000000000001,1.5147876055848959e-06,1.5145793363210296e-06,1.227111860592172e-06,1.6748451336720202e-06,1.3573366877186148e-06
23800,1.2126432428294975e-06,1.2126432428294975e-06,0.0,4.021854817206488e-06,9.220316167815761e-05,0.0009000000000000001,1.5130337862862333e-06,1.5132428056587476e-06,1.2263678131764315e-06,1.674098527972829e-06,1.3569082612352387e-06
23810,1.2114131924325754e-06,1.2114131924325754e-06,0.0,4.019276237866538e-06,9.284959089671554e-05,0.0009000000000000001,1.5112745021043984e-06,1.5119018307081163e-06,1.2256186577960778e-06,1.6733475623772942e-06,1.356477487358273e-06
23820,1.2101753515890427e-06,1.2101753515890427e-06,0.0,4.016690047353401e-06,9.349640900760304e-05,0.0009000000000000001,1.509510525718225e-06,1.5105571232457139e-06,1.2248648245348969e-06,1.6725925192179369e-06,1.3560449540404914e-06
23830,1.208929729587946e-06,1.208929729587946e-06,0.0,4.014095404949669e-06,9.414361661071256e-05,0.0009000000000000001,1.5077420431267232e-06,1.5092092013063e-06,1.224107033952949e-06,1.6718336770272892e-06,1.3556112038046136e-06
23840,1.2076763356330393e-06,1.2076763356330393e-06,0.0,4.011492865250547e-06,9.479123245118771e-05,0.0009000000000000001,1.5059691368154637e-06,1.5078579431206135e-06,1.223344902399614e-06,1.671070860397347e-06,1.355176038874174e-06
23850,1.2064151786896536e-06,1.2064151786896536e-06,0.0,4.008882873463328e-06,9.543927841792368e-05,0.0009000000000000001,1.504191874391178e-06,1.506503370863186e-06,1.2225782498499064e-06,1.670303979686594e-06,1.3547392319929912e-06
23860,1.2051462674338676e-06,1.2051462674338676e-06,0.0,4.006265537978616e-06,9.608777849165512e-05,0.0009000000000000001,1.5024103881445305e-06,1.5051456501778574e-06,1.2218071440261756e-06,1.669533054633832e-06,1.3543007910750904e-06
23870,1.2038696102374802e-06,1.2038696102374802e-06,0.0,4.003640960082644e-06,9.673675826686168e-05,0.0009000000000000001,1.5006248628448576e-06,1.5037849144416879e-06,1.221031645553344e-06,1.6687581290781825e-06,1.3538608191065622e-06
23880,1.2025852151653395e-06,1.2025852151653395e-06,0.0,4.001009314512258e-06,9.738624328996648e-05,0.0009000000000000001,1.4988354781279438e-06,1.5024212782711553e-06,1.2202517855133537e-06,1.6679792429880818e-06,1.353419370931842e-06
23890,1.2012930899769698e-06,1.2012930899769698e-06,0.0,3.998370810499295e-06,9.803625842828398e-05,0.0009000000000000001,1.497042375932229e-06,1.5010548403969e-06,1.2194675530315326e-06,1.6671964001180999e-06,1.3529764310865282e-06
23900,1.1999932421295397e-06,1.1999932421295397e-06,0.0,3.99572562571348e-06,9.868682820036003e-05,0.0009000000000000001,1.495245667243023e-06,1.4996856692374486e-06,1.218678935008035e-06,1.6664095954862456e-06,1.3525319878655693e-06
23910,1.198685678781163e-06,1.198685678781163e-06,0.0,3.993073926479252e-06,9.9337976983127e-05,0.0009000000000000001,1.4934455126190842e-06,1.4983138772998327e-06,1.2178859536161063e-06,1.6656188521274039e-06,1.3520860737763721e-06
23920,1.1973704067943024e-06,1.1973704067943024e-06,0.0,3.990415906965546e-06,9.99897289375467e-05,0.0009000000000000001,1.4916421124433433e-06,1.4969396201560016e-06,1.2170886283833212e-06,1.6648241942655086e-06,1.3516387187315963e-06
23930,1.196047432738918e-06,1.196047432738918e-06,0.0,3.987751744291784e-06,0.00010064210794213586,0.0009000000000000001,1.4898355969490018e-06,1.495562981734958e-06,1.216286956694476e-06,1.6640256258693463e-06,1.3511899245763074e-06
23940,1.19471676289557e-06,1.19471676289557e-06,0.0,3.985081625363293e-06,0.00010129513758105611,0.0009000000000000001,1.4880261431224408e-06,1.4941840915437628e-06,1.2154809537001224e-06,1.6632231667993414e-06,1.3507397131860353e-06
23950,1.1933784032583588e-06,1.1933784032583588e-06,0.0,3.982405727938068e-06,0.0001019488412111494,0.0009000000000000001,1.4862139053077237e-06,1.4928030557269106e-06,1.2146706278934381e-06,1.6624168299580935e-06,1.3502880994239257e-06
23960,1.1920323595376e-06,1.1920323595376e-06,0.0,3.979724239248141e-06,0.00010260324196605222,0.0009000000000000001,1.484399057033194e-06,1.4914199999018508e-06,1.2138559889256746e-06,1.6616066302833277e-06,1.3498351003126153e-06
23970,1.1906786371625532e-06,1.1906786371625532e-06,0.0,3.9770373380318085e-06,0.00010325836275440607,0.0009000000000000001,1.4825817547860837e-06,1.4900350306159996e-06,1.2130370457193164e-06,1.6607925811893158e-06,1.3493807306539521e-06
23980,1.189317241283719e-06,1.189317241283719e-06,0.0,3.974345209972036e-06,0.00010391422627141776,0.0009000000000000001,1.4807621684244574e-06,1.4886482682694185e-06,1.2122138068718418e-06,1.659974696360321e-06,1.3489250056012514e-06
23990,1.1879481767753002e-06,1.1879481767753002e-06,0.0,3.971648033318032e-06,0.00010457085501546947,0.0009000000000000001,1.4789404552456087e-06,1.487259819119518e-06,1.2113862809244962e-06,1.6591529884650097e-06,1.3484679392941963e-06
24000,1.1865714482372658e-06,1.1865714482372658e-06,0.0,3.968945954800295e-06,0.0001052282713146311,0.0009000000000000001,1.4771166935324537e-06,1.4858697066589807e-06,1.2105544611869194e-06,1.6583274537104315e-06,1.3480095261464601e-06
24010,1.1851870599974318e-06,1.1851870599974318e-06,0.0,3.966238491903743e-06,0.00010588649765638422,0.0009000000000000001,1.4752894410040692e-06,1.4844763680722152e-06,1.2097180864099942e-06,1.657497803397498e-06,1.3475494196630318e-06
24020,1.1837950161133154e-06,1.1837950161133154e-06,0.0,3.963508572392545e-06,0.00010654556554289393,0.0009000000000000001,1.4734171157864503e-06,1.4830363794798626e-06,1.208870155344987e-06,1.6566562087532513e-06,1.3470782456812527e-06
24030,1.1823953203751143e-06,1.1823953203751143e-06,0.0,3.960136715313025e-06,0.00010720584940596721,0.0009000000000000001,1.4699915375982448e-06,1.4799758059065366e-06,1.207758029851401e-06,1.6555189766433074e-06,1.3462560223418742e-06
24040,1.1809879792448998e-06,1.1809879792448998e-06,0.0,3.940268261571747e-06,0.00010788525599213919,0.0009000000000000001,1.4029581332527178e-06,1.4087907378690557e-06,1.19705065177018e-06,1.6417679340431663e-06,1.330204777458527e-06
24050,1.1795857258085665e-06,1.1795857258085665e-06,0.0,2.2869176259733047e-05,0.00011003033921071028,0.0009000000000000001,1.3166571283512342e-05,1.2699978615024289e-05,5.836757462066783e-06,5.133491887051495e-06,4.896805995576969e-06
24060,1.2754490853426195e-06,1.2754490853426195e-06,0.0,0.0020016956076158,0.0006756859901127116,0.0009000000000000001,0.0011937084340060777,0.001156886766518186,0.0005149007693254758,0.0004529890833373253,0.0004399899954203424
25120,0.04519260820177493,0.04519260820177493,0.0,2.232095133623972,0.06403172459255622,0.001,1.3887990232040932,1.2785254287157923,0.6274393922262825,0.6093124886836024,0.5105698981095761
25130,0.003791993861791593,0.003791993861791593,0.0,0.4242584583218667,0.02106670692412282,0.001,0.2270467146350543,0.20959813359143306,0.14039767715533644,0.1544175200125496,0.14335025635019633
25140,0.001551968519031228,0.001551968519031228,0.0,0.2829953538890105,0.011799751656846626,0.001,0.1528012856273231,0.13938180636337472,0.08549188967431584,0.10523113992430225,0.09594445857716936
25150,0.00048238312664590065,0.00048238312664590065,0.0,0.1089691996608151,0.008725454927973195,0.001,0.050402903280469515,0.061375040800431505,0.041996972533513824,0.03598043801621422,0.032938240204336576
25160,0.0003753742842246359,0.0003753742842246359,0.0,0.09192164827156414,0.005519558216579205,0.001,0.03887762243426778,0.04500220054512327,0.03721386184069032,0.03517758475392907,0.03275126702045235
25170,0.00020796483195464324,0.00020796483195464324,0.0,0.05474247612994915,0.0036598021390448756,0.001,0.01721932571720038,0.021456580377637296,0.021710136377134006,0.02501889833975862,0.024202235131426105
25180,0.00011213465836134418,0.00011213465836134418,0.0,0.03009441864337033,0.0027518520712121416,0.001,0.01079774548698651,0.012045198047224393,0.011106519663104048,0.013387844424315317,0.013247933777487467
25190,6.387008332167765e-05,6.387008332167765e-05,0.0,0.012624076436355686,0.0026968657195749657,0.001,0.005003961030014483,0.005680982034294956,0.004708444831933679,0.005182977006623024,0.005079825181754044
25200,4.366220762195063e-05,4.366220762195063e-05,0.0,0.005214469176608603,0.0024678684614661836,0.001,0.002731703052794892,0.0024293140287643933,0.0018197665980462024,0.0020413713601746156,0.0017921209728939634
25210,3.1637265191839e-05,3.1637265191839e-05,0.0,0.007804202799704603,0.0022095889460332085,0.001,0.00488295611161096,0.00428567651869384,0.002153769452027568,0.0023279903341774425,0.0019999692655421346
25220,2.1855585992687676e-05,2.1855585992687676e-05,0.0,0.004556817381463744,0.0019607976613487312,0.001,0.0027215681635798052,0.0023456851352950843,0.0014104996844754916,0.001524511638791341,0.001309776607001228
25230,1.4968156863206518e-05,1.4968156863206518e-05,0.0,0.0031798197493361027,0.0016654865918560218,0.001,0.0014392476640215954,0.0016885416514993467,0.0012747662373547592,0.0011091319686376531,0.0009825735028865796
25240,1.0052266222181481e-05,1.0052266222181481e-05,0.0,0.0017879587101978516,0.0014208261470333079,0.001,0.0010580047290102632,0.0008979785068281036,0.000580859260663966,0.000637396973837569,0.000530089932015903
25250,6.797541881715641e-06,6.797541881715641e-06,0.0,0.0007968521394624221,0.0012079305833752906,0.001,0.0004895164006150216,0.0003662217492928702,0.00022284725892209308,0.0003236034983321591,0.00026867205641689526
25260,4.691409276972038e-06,4.691409276972038e-06,0.0,0.0007579401480075984,0.0009886990224693907,0.001,0.0003367220034836217,0.0003005868453264503,0.0002219962268991501,0.00033868395646128343,0.0003051248809949347
25270,3.3365676824377206e-06,3.3365676824377206e-06,0.0,0.00047782826212824795,0.0008119415180925611,0.001,0.00025533762501974674,0.00021769469114490497,0.00015363367686789238,0.00020391222348700022,0.00017421686912611622
25280,2.4922536191350105e-06,2.4922536191350105e-06,0.0,0.0003114523017036007,0.0006466264390595466,0.001,0.00015206040999014378,0.00012231129715793758,9.250675249168944e-05,0.00014771329032873252,0.000125993754243174
25290,1.9800377739265814e-06,1.9800377739265814e-06,0.0,0.00023835036718114675,0.0005135296076396337,0.001,0.00013120514335614078,9.658426898982734e-05,7.301100758006092e-05,0.00011661741829725821,9.33565074313303e-05
25300,1.675753829038236e-06,1.675753829038236e-06,0.0,0.0001601305318786821,0.0003996035652566197,0.001,7.892880332158975e-05,5.775695692802053e-05,4.481296571722626e-05,8.038534405013285e-05,6.79138197366169e-05
25310,1.4997496589964313e-06,1.4997496589964313e-06,0.0,0.00011925369702256206,0.00030873286182659244,0.001,5.76993697993755e-05,4.2704352071064715e-05,3.24590854427913e-05,5.949961186131675e-05,5.078842913117751e-05
25320,1.4003733214711302e-06,1.4003733214711302e-06,0.0,8.673086692842316e-05,0.00023487249758132189,0.001,4.864558152341267e-05,3.522980880805531e-05,2.494163923111516e-05,4.289667443597513e-05,3.437487349537681e-05
25330,1.3456427207072465e-06,1.3456427207072465e-06,0.0,5.941644426216753e-05,0.00017630445032704777,0.001,2.9067551942881707e-05,2.0982023944751753e-05,1.6405840663286555e-05,3.053048617541379e-05,2.5695170117443577e-05
25340,1.3162578097672013e-06,1.3162578097672013e-06,0.0,4.2025125988121924e-05,0.00013101481185684137,0.001,2.01509956290105e-05,1.458837279458807e-05,1.1283794030808418e-05,2.1578409184992387e-05,1.821838290438825e-05
25350,1.30085109353741e-06,1.30085109353741e-06,0.0,2.8953669761302038e-05,9.628277650173869e-05,0.001,1.481055265536038e-05,1.0812631896093885e-05,8.471083788447569e-06,1.5138317781004942e-05,1.2182877660350388e-05
25360,1.2929290070425946e-06,1.2929290070425946e-06,0.0,2.014893232034199e-05,7.022713590941137e-05,0.001,9.74094196812849e-06,7.264836207862445e-06,5.5300484867424e-06,1.0239354949644925e-05,8.414328718306276e-06
25370,1.2888896959062114e-06,1.2888896959062114e-06,0.0,1.4309454039255378e-05,5.1384182108358e-05,0.001,6.764709985580338e-06,5.176210882255023e-06,4.0836659957277e-06,7.077936959497833e-06,5.886070054564363e-06
25380,1.2867949023954753e-06,1.2867949023954753e-06,0.0,1.0457112032017538e-05,3.8514809042454095e-05,0.001,4.995807056087525e-06,3.980447230959547e-06,3.0724015820918586e-06,4.859754052389088e-06,4.079741942203893e-06
25390,1.285637028206104e-06,1.285637028206104e-06,0.0,8.311443005511178e-06,3.04908904998899e-05,0.001,4.038420163601885e-06,3.412936637522962e-06,2.336105333318118e-06,3.364887560517251e-06,2.881570722434645e-06
25400,1.2849108717423908e-06,1.2849108717423908e-06,0.0,7.07283895692046e-06,2.6202051192409453e-05,0.001,3.454874589228408e-06,3.041063269899777e-06,2.0977742035050465e-06,2.5945951310136016e-06,2.369810695551413e-06
25410,1.284372817892716e-06,1.284372817892716e-06,0.0,6.574702780495332e-06,2.4381527386177436e-05,0.001,3.222880732291649e-06,2.8919034253323082e-06,1.8856880246298954e-06,2.150733230104684e-06,2.0918546971696346e-06
25420,1.2839102826702435e-06,1.2839102826702435e-06,0.0,6.302621880523144e-06,2.3928639914425738e-05,0.001,3.0812188243420513e-06,2.7960174389262254e-06,1.8572903738115066e-06,2.008107217174002e-06,2.0485990138750484e-06
25430,1.2834735949404694e-06,1.2834735949404694e-06,0.0,6.2345251178990515e-06,2.4096935172964337e-05,0.001,3.0574702321870113e-06,2.781327813438497e-06,1.8014806894531478e-06,1.9277126054475253e-06,2.0071175066498225e-06
25440,1.2830419452186243e-06,1.2830419452186243e-06,0.0,6.182461838245688e-06,2.4503860706573524e-05,0.001,3.0302991608804953e-06,2.7622043563015134e-06,1.8031010757933083e-06,1.9216552598942023e-06,2.0283030905307937e-06
25450,1.282607119992926e-06,1.282607119992926e-06,0.0,6.17696008867306e-06,2.4979711622613144e-05,0.001,3.0313924557209827e-06,2.763584486703437e-06,1.7878103616284958e-06,1.910763825165887e-06,2.025574360105094e-06
25460,1.28216610495254e-06,1.28216610495254e-06,0.0,6.167914467914573e-06,2.5462689919365647e-05,0.001,3.0261292913016113e-06,2.7601636142119914e-06,1.7884283845576748e-06,1.913497623409228e-06,2.034894304998957e-06
25470,1.2817179008787199e-06,1.2817179008787199e-06,0.0,6.1665248829880246e-06,2.5933656711954067e-05,0.001,3.026423882650093e-06,2.760237142747864e-06,1.7854092131670044e-06,1.913075156635973e-06,2.0366476797594476e-06
25480,1.2812622333010427e-06,1.2812622333010427e-06,0.0,6.1650988517038435e-06,2.6390813401365997e-05,0.001,3.0256748192000784e-06,2.759708664960987e-06,1.784831423707255e-06,1.913541103144988e-06,2.038444916032657e-06
25490,1.2807990647044623e-06,1.2807990647044623e-06,0.0,6.163840653631327e-06,2.6836425475928576e-05,0.001,3.0250055845217166e-06,2.7591238407362267e-06,1.7848035668837985e-06,1.9139666741416305e-06,2.039550886148926e-06
25500,1.280328424927992e-06,1.280328424927992e-06,0.0,6.16354523643126e-06,2.727374877122735e-05,0.001,3.0250381110936443e-06,2.75902976396737e-06,1.7841800153238766e-06,1.913612135486739e-06,2.0392697971980674e-06
25510,1.2798503581978319e-06,1.2798503581978319e-06,0.0,6.162666098392074e-06,2.770523839002871e-05,0.001,3.0244774990640524e-06,2.758536983147198e-06,1.7844044508090965e-06,1.913744962924039e-06,2.0395672641699108e-06
25520,1.279364908986833e-06,1.279364908986833e-06,0.0,6.162186087246773e-06,2.8132611214445668e-05,0.001,3.0242939927092815e-06,2.7582782952290043e-06,1.7842321051825052e-06,1.9135423235599886e-06,2.0393221924010613e-06
25530,1.2788721192189933e-06,1.2788721192189933e-06,0.0,6.161657810912208e-06,2.8556992494908225e-05,0.001,3.0240309778564844e-06,2.7579709803174233e-06,1.7841590024239596e-06,1.9133927698559896e-06,2.039144142197647e-06
25540,1.2783720281595923e-06,1.2783720281595923e-06,0.0,6.161010392894658e-06,2.897904347516938e-05,0.001,3.0236888573945794e-06,2.757587071786932e-06,1.7841835789253908e-06,1.9133410727499277e-06,2.0390994183923536e-06
25550,1.2778646726897953e-06,1.2778646726897953e-06,0.0,6.160456038988904e-06,2.939916766953779e-05,0.001,3.0234200916414935e-06,2.757247609959996e-06,1.784099053638344e-06,1.913216817601164e-06,2.0389576036978386e-06
25560,1.2773500875223793e-06,1.2773500875223793e-06,0.0,6.159841014009855e-06,2.9817608135613437e-05,0.001,3.0231093684759377e-06,2.756866862657136e-06,1.7840521866817444e-06,1.913139282410005e-06,2.0388868882931453e-06
25570,1.2768283053458928e-06,1.2768283053458928e-06,0.0,6.159201994558027e-06,3.0234511873009506e-05,0.001,3.022780644923374e-06,2.7564696768566763e-06,1.7840119651058815e-06,1.9130758836343767e-06,2.038843679740316e-06
25580,1.276299356935125e-06,1.276299356935125e-06,0.0,6.158563015597025e-06,3.064998275354743e-05,0.001,3.022458907508881e-06,2.7560753970707567e-06,1.7839509711312189e-06,1.9130028156350853e-06,2.0387933415353296e-06
25590,1.2757632712490406e-06,1.2757632712490406e-06,0.0,6.15791321185496e-06,3.106410595883322e-05,0.001,3.0221321289454102e-06,2.7556776373916314e-06,1.783885652576102e-06,1.912928810407148e-06,2.0387473830986663e-06
25600,1.2752200755226642e-06,1.2752200755226642e-06,0.0,6.157247334487911e-06,3.147695884239308e-05,0.001,3.0217960796923633e-06,2.7552714141272997e-06,1.7838236226131922e-06,1.91285911516866e-06,2.0387103949101596e-06
25610,1.2746697953538417e-06,1.2746697953538417e-06,0.0,6.156573683316944e-06,3.188861821306396e-05,0.001,3.021456196028884e-06,2.7548595988235653e-06,1.7837591190775112e-06,1.9127882073740144e-06,2.038672752151661e-06
25620,1.274112454784712e-06,1.274112454784712e-06,0.0,6.155891830864796e-06,3.229916167155757e-05,0.001,3.0211126177265214e-06,2.754442269932412e-06,1.7836927664440206e-06,1.9127161688023648e-06,2.038634080544004e-06
25630,1.2735480763777465e-06,1.2735480763777465e-06,0.0,6.155201316881211e-06,3.270866702915355e-05,0.001,3.020764684242455e-06,2.754019982638305e-06,1.783625439869454e-06,1.9126428905415417e-06,2.0385946561550184e-06
25640,1.2729766812865114e-06,1.2729766812865114e-06,0.0,6.154501521084042e-06,3.3117211553992736e-05,0.001,3.0204121029345585e-06,2.7535923767823002e-06,1.783557705586109e-06,1.9125688525143288e-06,2.038554982321051e-06
25650,1.2723982893217528e-06,1.2723982893217528e-06,0.0,6.153793196970295e-06,3.3524871162051276e-05,0.001,3.0200552137146287e-06,2.753159414295427e-06,1.7834891372877356e-06,1.912493747655889e-06,2.0385143841229254e-06
25660,1.2718129190128707e-06,1.2718129190128707e-06,0.0,6.153076298662794e-06,3.3931719625576364e-05,0.001,3.019694102313203e-06,2.752721210004259e-06,1.7834196315692899e-06,1.9124175264181344e-06,2.038472855471875e-06
25670,1.2712205876654636e-06,1.2712205876654636e-06,0.0,6.152350814761866e-06,3.433782809259312e-05,0.001,3.0193287727178196e-06,2.7522779091091445e-06,1.783349138254975e-06,1.9123401176207392e-06,2.038430415718164e-06
25680,1.2706213114150776e-06,1.2706213114150776e-06,0.0,6.151616649298566e-06,3.474326499564128e-05,0.001,3.0189591171186956e-06,2.7518293411388423e-06,1.7832777889726596e-06,1.9122616814314283e-06,2.0383872399558875e-06
25690,1.2700151052774604e-06,1.2700151052774604e-06,0.0,6.15087378403536e-06,3.514809602083509e-05,0.001,3.01858513667159e-06,2.7513755136230703e-06,1.7832055788683592e-06,1.9121822319469715e-06,2.0383433636307858e-06
25700,1.2694019831958075e-06,1.2694019831958075e-06,0.0,6.150122266754444e-06,3.555238420440469e-05,0.001,3.018206874125234e-06,2.750916494744278e-06,1.7831324477662787e-06,1.9121017154965848e-06,2.038298740588772e-06
25710,1.2687819580849388e-06,1.2687819580849388e-06,0.0,6.1493620930097735e-06,3.595619010394838e-05,0.001,3.017824323215214e-06,2.750452253059639e-06,1.7830584115966269e-06,1.9120201602825257e-06,2.038253391287488e-06
25720,1.2681550418728908e-06,1.2681550418728908e-06,0.0,6.148593274638518e-06,3.635957194740768e-05,0.001,3.0174374974290278e-06,2.7499828139722085e-06,1.7829834563969739e-06,1.9119375506565576e-06,2.0382073021154305e-06
25730,1.2675212455400024e-06,1.2675212455400024e-06,0.0,6.147815817107204e-06,3.676258579241531e-05,0.001,3.017046399852722e-06,2.749508179954655e-06,1.7829075831315624e-06,1.9118538861918907e-06,2.038160468763978e-06
25740,1.2668805791556542e-06,1.2668805791556542e-06,0.0,6.1470297211891224e-06,3.716528567126846e-05,0.001,3.01665103241317e-06,2.7490283527994795e-06,1.78283079433794e-06,1.9117691674333456e-06,2.0381128884266558e-06
25750,1.2662330519130149e-06,1.2662330519130149e-06,0.0,6.146234991319052e-06,3.756772371650034e-05,0.001,3.016251400212866e-06,2.748543340515873e-06,1.7827530869264446e-06,1.911683388292776e-06,2.0380645518101483e-06
25760,1.2655786721615984e-06,1.2655786721615984e-06,0.0,6.145431629799817e-06,3.796995027841634e-05,0.001,3.0158475059340743e-06,2.7480531450538977e-06,1.7826744604571062e-06,1.9115965462446773e-06,2.038015451909538e-06
25770,1.2649174474382216e-06,1.2649174474382216e-06,0.0,6.144619637846215e-06,3.8372014027788674e-05,0.001,3.015439353185076e-06,2.7475577716038697e-06,1.7825949122205717e-06,1.911508636219235e-06,2.037965580431015e-06
25780,1.2642493844961156e-06,1.2642493844961156e-06,0.0,6.143799015448821e-06,3.8773962051955816e-05,0.001,3.0150269439495514e-06,2.747057221971212e-06,1.7825144407730236e-06,1.911419654796901e-06,2.037914930142763e-06
25790,1.2635744893324962e-06,1.2635744893324962e-06,0.0,6.142969761973115e-06,3.917583994183911e-05,0.001,3.0146102806410556e-06,2.746551499531238e-06,1.7824330431367437e-06,1.9113295968952084e-06,2.0378634927167573e-06
25800,1.2628927672146599e-06,1.2628927672146599e-06,0.0,6.142131875160864e-06,3.957769187413096e-05,0.001,3.0141893644013016e-06,2.746040605455867e-06,1.7823507172592985e-06,1.9112384585508475e-06,2.0378112607684317e-06
25810,1.2622042227046702e-06,1.2622042227046702e-06,0.0,6.141285352092256e-06,3.9979560686907586e-05,0.001,3.013764196332498e-06,2.7455245411670245e-06,1.7822674603256888e-06,1.911146234996671e-06,2.0377582262409437e-06
25820,1.2615088596828256e-06,1.2615088596828256e-06,0.0,6.140430188656142e-06,4.03814879510062e-05,0.001,3.01333477674404e-06,2.745003307022991e-06,1.7821832698082725e-06,1.9110529217302275e-06,2.0377043813277057e-06
25830,1.2608066813698443e-06,1.2608066813698443e-06,0.0,6.139566380003593e-06,4.078351403659231e-05,0.001,3.0129011059355615e-06,2.7444769037673897e-06,1.7820981424509011e-06,1.9109585134351972e-06,2.0376497175904633e-06
25840,1.2600976903480703e-06,1.2600976903480703e-06,0.0,6.1386939201920335e-06,4.1185678175673936e-05,0.001,3.012463183197583e-06,2.7439453301392493e-06,1.7820120756859363e-06,1.910863005632379e-06,2.037594227055758e-06
25850,1.2593818885813368e-06,1.2593818885813368e-06,0.0,6.13781280269247e-06,4.1588018520543696e-05,0.001,3.0120210081376485e-06,2.7434085862800497e-06,1.7819250657470636e-06,1.9107663923813864e-06,2.037537900752216e-06
25860,1.2586592774342383e-06,1.2586592774342383e-06,0.0,6.136923019605351e-06,4.199057219914999e-05,0.001,3.0115745790792623e-06,2.7428666698831294e-06,1.7818371099754153e-06,1.910668669016825e-06,2.0374807306062733e-06
25870,1.2579298576901248e-06,1.2579298576901248e-06,0.0,6.136024562655039e-06,4.239337536620906e-05,0.001,3.0111238946099615e-06,2.742319579484445e-06,1.7817482046513431e-06,1.9105698296948085e-06,2.0374227075553543e-06
25880,1.2571936295684617e-06,1.2571936295684617e-06,0.0,6.1351174225816285e-06,4.279646325222512e-05,0.001,3.0106689528102224e-06,2.7417673129732965e-06,1.781658346093613e-06,1.9104698686009798e-06,2.037363822573283e-06
25890,1.2564505927412282e-06,1.2564505927412282e-06,0.0,6.134201589212205e-06,4.3199870208925004e-05,0.001,3.0102097511390234e-06,2.741209867335584e-06,1.7815675308051025e-06,1.9103687800938493e-06,2.0373040667305787e-06
25900,1.2557007463486657e-06,1.2557007463486657e-06,0.0,6.133277051572427e-06,4.360362975225276e-05,0.001,3.009746286755124e-06,2.740647239318908e-06,1.7814757550582249e-06,1.910266558259497e-06,2.037243430887556e-06
25910,1.2549440890142227e-06,1.2549440890142227e-06,0.0,6.132343798267325e-06,4.400777460287648e-05,0.001,3.009278556790492e-06,2.7400794255674096e-06,1.781383014560033e-06,1.9101631966630886e-06,2.0371819052907e-06
25920,1.2541806188588512e-06,1.2541806188588512e-06,0.0,6.131401816800017e-06,4.441233672441624e-05,0.001,3.008806557658142e-06,2.739506421889175e-06,1.7812893053555917e-06,1.91005868913391e-06,2.0371194805016352e-06
25930,1.2534103335145768e-06,1.2534103335145768e-06,0.0,6.130451093936578e-06,4.481734735933196e-05,0.001,3.008330285508222e-06,2.7389282239230437e-06,1.781194623236242e-06,1.9099530291962826e-06,2.03705614683887e-06
25940,1.2526332301377675e-06,1.2526332301377675e-06,0.0,6.129491615857783e-06,4.522283706300009e-05,0.001,3.007849736271267e-06,2.738344826936897e-06,1.781098963718538e-06,1.9098462101335115e-06,2.036991894296552e-06
25950,1.2518493054213403e-06,1.2518493054213403e-06,0.0,6.128523367789989e-06,4.56288357359204e-05,0.001,3.007364905238175e-06,2.7377562253731237e-06,1.7810023225861554e-06,1.9097382254525356e-06,2.0369267130805115e-06
25960,1.2510585556068854e-06,1.2510585556068854e-06,0.0,6.1275463343010185e-06,4.603537265389527e-05,0.001,3.0068757875470824e-06,2.737162413722699e-06,1.7809046952468387e-06,1.9096290682205444e-06,2.0368605930526444e-06
25970,1.2502609764960447e-06,1.2502609764960447e-06,0.0,6.1265604993806616e-06,4.6442476496994524e-05,0.001,3.0063823780778774e-06,2.7365633860274766e-06,1.7808060769086611e-06,1.909518731339525e-06,2.0367935238098076e-06
25980,1.2494565634614465e-06,1.2494565634614465e-06,0.0,6.125565846591643e-06,4.6850175376541245e-05,0.001,3.0058846716555153e-06,2.7359591363336807e-06,1.780706462292758e-06,1.9094072072091857e-06,2.036725494425305e-06
25990,1.2486453114572353e-06,1.2486453114572353e-06,0.0,6.124562358177647e-06,4.7258496861230043e-05,0.001,3.00538266213086e-06,2.7353496574666333e-06,1.780605846868422e-06,1.9092944889045643e-06,2.0366564946951606e-06
26000,1.2478272150291166e-06,1.2478272150291166e-06,0.0,6.123550016291732e-06,4.7667468001270776e-05,0.001,3.004876343598518e-06,2.7347349423746064e-06,1.7805042252788434e-06,1.9091805687798727e-06,2.036586513515846e-06
26010,1.247002268324054e-06,1.247002268324054e-06,0.0,6.122528801999239e-06,4.807711535166939e-05,0.001,3.004365709521855e-06,2.7341149836414174e-06,1.7804015924203212e-06,1.9090654392545975e-06,2.0365155400761427e-06
26020,1.2461704650994382e-06,1.2461704650994382e-06,0.0,6.1214986957755635e-06,4.8487464994294986e-05,0.001,3.0038507531455763e-06,2.733489773606215e-06,1.7802979429548571e-06,1.908949092505527e-06,2.036443563303827e-06
26030,1.2453317987321693e-06,1.2453317987321693e-06,0.0,6.1204596777111e-06,4.8898542558864906e-05,0.001,3.0033314675935617e-06,2.7328593042148786e-06,1.7801932712181482e-06,1.908831520465901e-06,2.0363705717035983e-06
26040,1.244486262227048e-06,1.244486262227048e-06,0.0,6.119411727106647e-06,4.9310373242627256e-05,0.001,3.002807845556675e-06,2.732223566970293e-06,1.7800875715927437e-06,1.9087127150568165e-06,2.0362965538014422e-06
26050,1.2436338482251392e-06,1.2436338482251392e-06,0.0,6.118354822622307e-06,4.9722981829433974e-05,0.001,3.0022798794568498e-06,2.731582553123843e-06,1.7799808383017848e-06,1.9085926680050643e-06,2.036221497942512e-06
26060,1.2427745490116216e-06,1.2427745490116216e-06,0.0,6.117288942217815e-06,5.013639270763823e-05,0.001,3.001747561371805e-06,2.7309362535461703e-06,1.7798730655184548e-06,1.9084713709564994e-06,2.0361453923929434e-06
26070,1.2419083565233505e-06,1.2419083565233505e-06,0.0,6.116214063519679e-06,5.055062988720825e-05,0.001,3.0012108833868886e-06,2.7302846591225075e-06,1.7797642469068976e-06,1.9083488150634806e-06,2.0360682248614264e-06
26080,1.2410352623563854e-06,1.2410352623563854e-06,0.0,6.115130162913318e-06,5.096571701611058e-05,0.001,3.000669836698477e-06,2.7296277598394563e-06,1.7796543767844992e-06,1.9082249919859742e-06,2.0359899837040168e-06
26090,1.240155257772849e-06,1.240155257772849e-06,0.0,6.114037216911443e-06,5.138167739578884e-05,0.001,3.000124412859105e-06,2.7289655457546995e-06,1.7795434485454764e-06,1.9080998926377332e-06,2.035910656226904e-06
26100,1.2392683337078986e-06,1.2392683337078986e-06,0.0,6.112935201140292e-06,5.1798533996013357e-05,0.001,2.999574602975482e-06,2.7282980066608114e-06,1.779431455662134e-06,1.9079735078925727e-06,2.0358302298408224e-06
26110,1.238374480776201e-06,1.238374480776201e-06,0.0,6.111824090308886e-06,5.221630946892221e-05,0.001,2.9990203975774145e-06,2.72762513180483e-06,1.7793183918577299e-06,1.9078458287717774e-06,2.035748692185863e-06
26120,1.2374827284006022e-06,1.2374827284006022e-06,0.0,6.110724929011058e-06,4.737151809931473e-05,0.0009000000000000001,2.998475912052335e-06,2.726960829511498e-06,1.7791943746112261e-06,1.907709031479708e-06,2.035654840635275e-06
26130,1.2366657553508429e-06,1.2366657553508429e-06,0.0,6.109715287850758e-06,4.774900615680462e-05,0.0009000000000000001,2.997975098206651e-06,2.726349314993483e-06,1.7790826056266807e-06,1.907585993907615e-06,2.0355713551390604e-06
26140,1.2358425041873134e-06,1.2358425041873134e-06,0.0,6.108686093458028e-06,4.8127221656436866e-05,0.0009000000000000001,2.9974604449935724e-06,2.725726527100172e-06,1.7789820626973313e-06,1.9074712299985757e-06,2.0355006050781327e-06
26150,1.2350129629459734e-06,1.2350129629459734e-06,0.0,6.107649504303642e-06,4.8506279487541156e-05,0.0009000000000000001,2.996942550826693e-06,2.7250995243293433e-06,1.7788799487292241e-06,1.907354634597759e-06,2.0354278362261453e-06
26160,1.2341771206700928e-06,1.2341771206700928e-06,0.0,6.1066095832477265e-06,4.888623042903467e-05,0.0009000000000000001,2.9964249629752237e-06,2.7244706375739678e-06,1.7787717911324428e-06,1.907232747038145e-06,2.035348052150511e-06
26170,1.23333496658805e-06,1.23333496658805e-06,0.0,6.105561480079003e-06,4.926710483656064e-05,0.0009000000000000001,2.9959034612931574e-06,2.723836917639116e-06,1.7786627346789684e-06,1.9071096398711753e-06,2.0352670594474946e-06
26180,1.2324864898271942e-06,1.2324864898271942e-06,0.0,6.1045031954853105e-06,4.964892625102844e-05,0.0009000000000000001,2.9953763168115908e-06,2.7231971719525737e-06,1.7785547910214854e-06,1.9069869405237956e-06,2.0351872356902044e-06
26190,1.2316316793161881e-06,1.2316316793161881e-06,0.0,6.1034367330328615e-06,5.003171532960969e-05,0.0009000000000000001,2.994845296625029e-06,2.7225526296074624e-06,1.7784456285326962e-06,1.9068628676976538e-06,2.035106117993838e-06
26200,1.230770523753352e-06,1.230770523753352e-06,0.0,6.102362515082486e-06,5.0415491340300705e-05,0.0009000000000000001,2.9943107855497573e-06,2.721903559444742e-06,1.7783347322350902e-06,1.9067370259935216e-06,2.0350231670908077e-06
26210,1.2299030115981299e-06,1.2299030115981299e-06,0.0,6.101279594363436e-06,5.0800272814532014e-05,0.0009000000000000001,2.9937719691324953e-06,2.7212493980298487e-06,1.7782231323108942e-06,1.9066102093300353e-06,2.0349395041222768e-06
26220,1.2290291310707742e-06,1.2290291310707742e-06,0.0,6.100188088119331e-06,5.1186077741103506e-05,0.0009000000000000001,2.993228961693553e-06,2.7205902211275325e-06,1.7781106774003805e-06,1.9064822912645988e-06,2.034854947206818e-06
26230,1.228148870154483e-06,1.228148870154483e-06,0.0,6.099088287956943e-06,5.157292374555118e-05,0.0009000000000000001,2.9926820302703865e-06,2.719926208740054e-06,1.7779970122956665e-06,1.9063529884014767e-06,2.034769094451151e-06
26240,1.2272622165987191e-06,1.2272622165987191e-06,0.0,6.097979962798168e-06,5.1960828267617094e-05,0.0009000000000000001,2.992130985318656e-06,2.719257224912246e-06,1.77788235604926e-06,1.9062224655884415e-06,2.034682177678151e-06
26250,1.2263691579226724e-06,1.2263691579226724e-06,0.0,6.096863076832066e-06,5.2349808600069744e-05,0.0009000000000000001,2.991575808794616e-06,2.718583252182137e-06,1.7777667085083564e-06,1.906090718038902e-06,2.0345941907282254e-06
26260,1.2254696814185588e-06,1.2254696814185588e-06,0.0,6.0957376797882666e-06,5.2739881893747e-05,0.0009000000000000001,2.991016558220006e-06,2.717904325298126e-06,1.7776499739050253e-06,1.905957666852968e-06,2.034505023493344e-06
26270,1.22456377415517e-06,1.22456377415517e-06,0.0,6.094603689101686e-06,5.3131065174893785e-05,0.0009000000000000001,2.9904531756299855e-06,2.717220398995621e-06,1.7775322039320653e-06,1.90582334801918e-06,2.0344147276555863e-06
26280,1.2236514229811166e-06,1.2236514229811166e-06,0.0,6.093461086212593e-06,5.352337533799258e-05,0.0009000000000000001,2.9898856594570722e-06,2.7165314671671984e-06,1.7774133783175191e-06,1.9056877415409698e-06,2.034323276284893e-06
26290,1.2227326145280324e-06,1.2227326145280324e-06,0.0,6.09230985035855e-06,5.391682914479384e-05,0.0009000000000000001,2.9893140063330615e-06,2.7158375221834854e-06,1.7772934784868821e-06,1.905550828836469e-06,2.034230644377409e-06
26300,1.2218073352137449e-06,1.2218073352137449e-06,0.0,6.0911499380230695e-06,5.431144323171213e-05,0.0009000000000000001,2.9887381931375863e-06,2.7151385427207356e-06,1.777172510437854e-06,1.9054126104044868e-06,2.0341368338442367e-06
26310,1.2208755712452917e-06,1.2208755712452917e-06,0.0,6.089981325364249e-06,5.47072341125422e-05,0.0009000000000000001,2.988158213988152e-06,2.714434518657546e-06,1.7770504577841965e-06,1.9052730694398757e-06,2.034041821818668e-06
26320,1.2199373086218926e-06,1.2199373086218926e-06,0.0,6.0888039769666044e-06,5.510421818488554e-05,0.0009000000000000001,2.9875740531853077e-06,2.713725433543068e-06,1.7769273162442905e-06,1.90513219826969e-06,2.0339455986585628e-06
26330,1.2189925331378311e-06,1.2189925331378311e-06,0.0,6.087617860702474e-06,5.550241173572486e-05,0.0009000000000000001,2.98698569811814e-06,2.7130112728098778e-06,1.7768030772912969e-06,1.904989985907704e-06,2.03384814995299e-06
26340,1.21804123038523e-06,1.21804123038523e-06,0.0,6.086422944167103e-06,5.590183094604279e-05,0.0009000000000000001,2.986393136205001e-06,2.7122920220561023e-06,1.776677731969402e-06,1.904846420898119e-06,2.0337494608148562e-06
26350,1.2170833857568309e-06,1.2170833857568309e-06,0.0,6.085219193115881e-06,5.6302491896146276e-05,0.0009000000000000001,2.9857963533481827e-06,2.711567665459499e-06,1.7765512728777048e-06,1.9047014930473203e-06,2.033649517958818e-06
26360,1.2161189844486443e-06,1.2161189844486443e-06,0.0,6.084006573939153e-06,5.6704410569765886e-05,0.0009000000000000001,2.985195336281446e-06,2.7108381877923257e-06,1.7764236911381652e-06,1.9045551909482972e-06,2.0335483065039175e-06
26370,1.2151480114624493e-06,1.2151480114624493e-06,0.0,6.082785051952154e-06,5.710760285868596e-05,0.0009000000000000001,2.9845900710339405e-06,2.710103573416061e-06,1.7762949783384484e-06,1.90440750345571e-06,2.03344581208253e-06
26380,1.2141704516085392e-06,1.2141704516085392e-06,0.0,6.081554592187087e-06,5.751208456673628e-05,0.0009000000000000001,2.983980543646139e-06,2.7093638066636173e-06,1.7761651256448808e-06,1.9042584190475822e-06,2.0333420198642003e-06
26390,1.213186289507906e-06,1.213186289507906e-06,0.0,6.080315159345928e-06,5.791787141397808e-05,0.0009000000000000001,2.9833667398891252e-06,2.7086188711091226e-06,1.7760341241987293e-06,1.9041079262845644e-06,2.033236914812405e-06
26400,1.2121955095948866e-06,1.2121955095948866e-06,0.0,6.079066716961473e-06,5.832497904050057e-05,0.0009000000000000001,2.9827486449288933e-06,2.7078687503857023e-06,1.775901965467009e-06,1.9039560137585124e-06,2.033130482360924e-06
26410,1.2111980961194437e-06,1.2111980961194437e-06,0.0,6.077809229257347e-06,5.8733423010105996e-05,0.0009000000000000001,2.98212624474156e-06,2.7071134285465064e-06,1.7757686394734796e-06,1.9038026689099735e-06,2.033022706314485e-06
27670,0.04160912752458154,0.04160912752458154,0.0,2.1206085866447135,0.06177315452858015,0.001,1.338559356182736,1.258623409308263,0.576397124745874,0.519565955895675,0.411908350540038
27680,0.0031909236747632804,0.0031909236747632804,0.0,0.42085392082340284,0.026144015697611312,0.001,0.24873257481708153,0.22528967783462509,0.11690177532384806,0.1332155339589634,0.11766133829816494
27690,0.0019518775027458758,0.0019518775027458758,0.0,0.29689629415775476,0.012809942491050868,0.001,0.16165761473335263,0.15151801265038647,0.08878782190314582,0.10490155477013942,0.09217348085003635
27700,0.0004376354462293368,0.0004376354462293368,0.0,0.06363036659155864,0.007408334888684699,0.001,0.025002418591580453,0.022830243720990503,0.02086138688302155,0.028775095728899348,0.02857860290700911
27710,0.0003138534531411348,0.0003138534531411348,0.0,0.07983404823897927,0.006084018359346936,0.001,0.04337802328093161,0.039917053698608145,0.023593975055780946,0.02867497220192141,0.025802479277976086
27720,0.00021820781763704368,0.00021820781763704368,0.0,0.044270388940127525,0.004090066226910447,0.001,0.016441604474786896,0.017262739538244053,0.015301973136843259,0.020330421384599454,0.018747926800810513
27730,0.0001223908897859021,0.0001223908897859021,0.0,0.017333180084517088,0.0033618147233058977,0.001,0.00704586390654559,0.007828358866811793,0.0061540631550434394,0.0072459858580123035,0.006874276322887887
27740,8.003518396230214e-05,8.003518396230214e-05,0.0,0.003184564572929848,0.003193765719400992,0.001,0.0015160370276097043,0.001514912080615742,0.00094416440818734,0.0012498863428564257,0.001200722947172709
27750,5.98868902759669e-05,5.98868902759669e-05,0.0,0.00501256097440831,0.0026138559725333893,0.001,0.0016609110296199171,0.0016984614632271843,0.0017003926344962622,0.0024046623102010273,0.0022784091697534165
27760,4.339240047111101e-05,4.339240047111101e-05,0.0,0.004212475343230172,0.0021435129799330507,0.001,0.001718947669084007,0.0015374505399887706,0.0013706217179182986,0.0019320292048944725,0.0018328978687630094
27770,3.0947668329491576e-05,3.0947668329491576e-05,0.0,0.0034046864999220995,0.0017997003723306422,0.001,0.0019115545303938868,0.0015860401364873314,0.0009729024764513885,0.0013028403841932141,0.0012012330313512097
27780,2.2081508530606575e-05,2.2081508530606575e-05,0.0,0.0026995680040520225,0.0015359946873530269,0.001,0.0016300651395703674,0.0013465131764718373,0.0007613901101615377,0.0009627059576699321,0.0008311944018728381
27790,1.578598374046024e-05,1.578598374046024e-05,0.0,0.001786039811469562,0.001316076862252946,0.001,0.0011122717032386066,0.0009182871824820627,0.00047843905192721317,0.0006269121713968921,0.0005402625886690173
27800,1.1452235290516268e-05,1.1452235290516268e-05,0.0,0.0008884871745930255,0.0011213368670245957,0.001,0.0003604296969708962,0.00029767409790313183,0.0002667728093813239,0.0004396508514485936,0.0004113883955784157
27810,8.539531474331027e-06,8.539531474331027e-06,0.0,0.0007909206206807671,0.0009451051729318556,0.001,0.0003471332600678996,0.0003330044582159903,0.0002254568949253867,0.0003493554758909768,0.0003315915104733199
27820,6.6219807900172e-06,6.6219807900172e-06,0.0,0.0004757351048454273,0.0007832852907971744,0.001,0.0002699026565496888,0.00019693824191588415,0.0001306969210854972,0.00022555222799032563,0.00019405379892934444
27830,5.405214768433784e-06,5.405214768433784e-06,0.0,0.00034420604892773703,0.0006375828293069578,0.001,0.00019414126038391638,0.0001412452717656726,9.430561975756864e-05,0.0001675869258609328,0.00014364464806320717
27840,4.657840249610848e-06,4.657840249610848e-06,0.0,0.0002541434608497939,0.0005100434220725125,0.001,0.00011577915547123843,8.861092956736386e-05,6.93155898628761e-05,0.0001290129544125691,0.00011882609673443152
27850,4.213792298652188e-06,4.213792298652188e-06,0.0,0.00019363396671841395,0.0004003729029929303,0.001,0.00010498771625886014,7.734991193501246e-05,5.5983569723876714e-05,9.758964625076914e-05,8.203233001237965e-05
27860,3.959033999417999e-06,3.959033999417999e-06,0.0,0.00013100391689063642,0.0003087919416394593,0.001,6.196831191744061e-05,4.4640104319792726e-05,3.646601259954784e-05,6.893695063064514e-05,6.140476073561075e-05
27870,3.817941482446276e-06,3.817941482446276e-06,0.0,9.337092871384707e-05,0.00023416380143574848,0.001,4.7292914185065255e-05,3.3122381784225855e-05,2.603187835629716e-05,4.886186591376297e-05,4.2660735369865134e-05
27880,3.742442952844794e-06,3.742442952844794e-06,0.0,6.628859332035212e-05,0.00017477042505043797,0.001,3.263999293185101e-05,2.3075097708793576e-05,1.8305628016957606e-05,3.443228350646244e-05,3.051613728680194e-05
27890,3.7033035574957166e-06,3.7033035574957166e-06,0.0,4.5985751449468406e-05,0.00012889987839586017,0.001,2.2794845054462864e-05,1.6259251485125166e-05,1.2806888927376421e-05,2.3780291018396064e-05,2.0894228364861574e-05
27900,3.683536942618261e-06,3.683536942618261e-06,0.0,3.147853891901794e-05,9.455576009082023e-05,0.001,1.5176804832624042e-05,1.1161095273548416e-05,8.888493503857365e-06,1.6189085935568374e-05,1.4134852719192351e-05
27910,3.673664959879475e-06,3.673664959879475e-06,0.0,2.185013762952024e-05,7.001104888626681e-05,0.001,1.0739058046393797e-05,8.214013878039373e-06,6.321916823264842e-06,1.0918126904529851e-05,9.368221500387062e-06
27920,3.6686273125771673e-06,3.6686273125771673e-06,0.0,1.5756118321218488e-05,5.363944798818425e-05,0.001,7.454874584691299e-06,6.118231222736727e-06,4.52010436301202e-06,7.315916051332084e-06,6.38844307560979e-06
27930,3.6658414248840847e-06,3.6658414248840847e-06,0.0,1.1985931085619667e-05,4.3823218080201376e-05,0.001,5.9014130536167736e-06,5.140926968284612e-06,3.590173455087648e-06,5.082781303506627e-06,4.410147171007063e-06
27940,3.6640479109886686e-06,3.6640479109886686e-06,0.0,1.0225151704786074e-05,3.877541962690432e-05,0.001,4.969210436330585e-06,4.583140816269822e-06,3.095478593910908e-06,3.8100644460990687e-06,3.3877988303606685e-06
27950,3.662661947310124e-06,3.662661947310124e-06,0.0,9.337311191908282e-06,3.671444734908283e-05,0.001,4.627974498395216e-06,4.359146351950876e-06,2.891252639061063e-06,3.1977720131054833e-06,2.936384942280813e-06
27960,3.6614255015216807e-06,3.6614255015216807e-06,0.0,9.039194792618275e-06,3.622283564980639e-05,0.001,4.546381371022894e-06,4.2914528874530536e-06,2.802202150509492e-06,2.9503699685316195e-06,2.7882916790047837e-06
27970,3.6602310063129365e-06,3.6602310063129365e-06,0.0,8.978861392806621e-06,3.6452023579142514e-05,0.001,4.560420211311362e-06,4.284037997273519e-06,2.7618621364110452e-06,2.855724037684381e-06,2.735003806461398e-06
27980,3.659036408903919e-06,3.659036408903919e-06,0.0,8.91941309528403e-06,3.6976827304271564e-05,0.001,4.548374580246766e-06,4.267944513946474e-06,2.748343661864714e-06,2.8274008944052323e-06,2.736075917532077e-06
27990,3.657826488239135e-06,3.657826488239135e-06,0.0,8.914850574507411e-06,3.761076765551684e-05,0.001,4.55880085274782e-06,4.267912740540817e-06,2.7484381588118243e-06,2.8259534506251794e-06,2.7475696767603123e-06
28000,3.6565962754636264e-06,3.6565962754636264e-06,0.0,8.923654470608578e-06,3.828047431224955e-05,0.001,4.571729920413678e-06,4.272003056605065e-06,2.7463318251318767e-06,2.823933593488157e-06,2.7491403580930022e-06
28010,3.655344404363867e-06,3.655344404363867e-06,0.0,8.921185751011362e-06,3.895914289675297e-05,0.001,4.572938966145721e-06,4.271287162658361e-06,2.7450346373018217e-06,2.8234401528165117e-06,2.7515367172135712e-06
28020,3.6540706446956916e-06,3.6540706446956916e-06,0.0,8.919018318354995e-06,3.9637980653192636e-05,0.001,4.572299584712902e-06,4.270287789436755e-06,2.7458890050423255e-06,2.824718391647345e-06,2.754423015648489e-06
28030,3.652775070854582e-06,3.652775070854582e-06,0.0,8.919472175576135e-06,4.0314175656545516e-05,0.001,4.5727752753176025e-06,4.270307576722595e-06,2.7456154806961224e-06,2.824499591913208e-06,2.754196283728126e-06
28040,3.6514578153777603e-06,3.6514578153777603e-06,0.0,8.920748048074387e-06,4.098730386975769e-05,0.001,4.573434581488676e-06,4.270551416594791e-06,2.746086367837435e-06,2.8250676935122164e-06,2.754441170398151e-06
28050,3.650119009272659e-06,3.650119009272659e-06,0.0,8.920609176737397e-06,4.1657315151504236e-05,0.001,4.572961421350114e-06,4.270239230826976e-06,2.746377914567752e-06,2.8253705565250346e-06,2.754559608849931e-06
28060,3.64875877298573e-06,3.64875877298573e-06,0.0,8.92017965416635e-06,4.2324231055822394e-05,0.001,4.572298564058054e-06,4.269821770657511e-06,2.7465792272317675e-06,2.825626332668483e-06,2.754684280407138e-06
28070,3.647377217465868e-06,3.647377217465868e-06,0.0,8.920088108036867e-06,4.29882672708787e-05,0.001,4.571920901570779e-06,4.269527719796589e-06,2.7468928480254637e-06,2.826003617342205e-06,2.7549306147379406e-06
28080,3.6459744457609836e-06,3.6459744457609836e-06,0.0,8.920103543801408e-06,4.364959962352735e-05,0.001,4.5716788369330895e-06,4.269282586612762e-06,2.7471382536027297e-06,2.826313259541712e-06,2.7551196032524257e-06
28090,3.644550553898592e-06,3.644550553898592e-06,0.0,8.920191350090047e-06,4.430845830475322e-05,0.001,4.571529703256964e-06,4.2690641444398505e-06,2.7474215908794683e-06,2.826685983831521e-06,2.75540823984227e-06
28100,3.6431056313448962e-06,3.6431056313448962e-06,0.0,8.920220538604405e-06,4.496504100264536e-05,0.001,4.571366891821827e-06,4.2688232599955994e-06,2.7476850593376223e-06,2.8270370031212963e-06,2.755709172005127e-06
28110,3.6416397613276016e-06,3.6416397613276016e-06,0.0,8.92024378669088e-06,4.561955007701592e-05,0.001,4.571218107335668e-06,4.268579295726609e-06,2.747947755271256e-06,2.82740430352359e-06,2.7560469047422624e-06
28120,3.640153021131375e-06,3.640153021131375e-06,0.0,8.920256807670872e-06,4.6272170953224565e-05,0.001,4.5710689427490655e-06,4.268327805577763e-06,2.748217588461239e-06,2.827775241315545e-06,2.7563999606747924e-06
28130,3.638645482388043e-06,3.638645482388043e-06,0.0,8.920276184878796e-06,4.692308072475812e-05,0.001,4.570928691345222e-06,4.26807665392209e-06,2.7484848050935496e-06,2.8281517175014494e-06,2.756761758216104e-06
28140,3.637117211355784e-06,3.637117211355784e-06,0.0,8.920297772190456e-06,4.75724468862136e-05,0.001,4.570789542090301e-06,4.267822649400737e-06,2.7487575220674045e-06,2.828532923196764e-06,2.757129575491856e-06
28150,3.635568269183458e-06,3.635568269183458e-06,0.0,8.920324897144454e-06,4.82204285291423e-05,0.001,4.570652896614077e-06,4.267567297677688e-06,2.74903488142748e-06,2.828921370405254e-06,2.75750420313816e-06
28160,3.6339987121565057e-06,3.6339987121565057e-06,0.0,8.920352982632692e-06,4.886717717807589e-05,0.001,4.570514865136231e-06,4.267308864945034e-06,2.7493144993228486e-06,2.8293133492365346e-06,2.7578815170655943e-06
28170,3.632408591925597e-06,3.632408591925597e-06,0.0,8.920383697358533e-06,4.95128378395227e-05,0.001,4.57037636855479e-06,4.2670478407655135e-06,2.749598325250974e-06,2.829711252230422e-06,2.75826395807662e-06
28180,3.6307979557186176e-06,3.6307979557186176e-06,0.0,8.9204160378711e-06,5.015754883193073e-05,0.001,4.5702367257073445e-06,4.266783838515808e-06,2.749886029843431e-06,2.830114365998025e-06,2.7586509489846947e-06
28190,3.629166846537917e-06,3.629166846537917e-06,0.0,8.920450127592171e-06,5.080144271302069e-05,0.001,4.5700962262638e-06,4.266516972977606e-06,2.7501772889190614e-06,2.8305226702390146e-06,2.759042555144845e-06
28200,3.6275153033435317e-06,3.6275153033435317e-06,0.0,8.920486009263532e-06,5.144464654359715e-05,0.001,4.56995503428925e-06,4.266247280733945e-06,2.750472095038276e-06,2.830936169668528e-06,2.759438890459337e-06
28210,3.6258433612238396e-06,3.6258433612238396e-06,0.0,8.920523688020931e-06,5.208728241169854e-05,0.001,4.569813243480282e-06,4.2659747717757e-06,2.750770486842199e-06,2.8313548461301005e-06,2.759840021156222e-06
28220,3.624151051554816e-06,3.624151051554816e-06,0.0,8.920563333871048e-06,5.2729467772210475e-05,0.001,4.56967104746157e-06,4.265699525537933e-06,2.751072494540946e-06,2.8317787952644204e-06,2.760246083580453e-06
28230,3.6224384021484446e-06,3.6224384021484446e-06,0.0,8.920604927090227e-06,5.3371315787386564e-05,0.001,4.569528472561174e-06,4.265421543636775e-06,2.7513780729614964e-06,2.832207946565289e-06,2.7606570303240023e-06
28240,3.6207054373912755e-06,3.6207054373912755e-06,0.0,8.920648546533607e-06,5.401293562345627e-05,0.001,4.569385601311777e-06,4.265140863859134e-06,2.751687215646696e-06,2.8326423179511726e-06,2.761072884636482e-06
28250,3.618952178374372e-06,3.618952178374372e-06,0.0,8.920694240727729e-06,5.465443269526611e-05,0.001,4.569242482882794e-06,4.264857509276128e-06,2.751999916074256e-06,2.8330819060422316e-06,2.7614936422853414e-06
28260,3.6171786430146422e-06,3.6171786430146422e-06,0.0,8.920742050634854e-06,5.529590890965975e-05,0.001,4.569099156595469e-06,4.264571498854258e-06,2.7523161684684817e-06,2.8335267029538855e-06,2.7619192914093337e-06
28270,3.6153848461685625e-06,3.6153848461685625e-06,0.0,8.920792032570921e-06,5.59374628855963e-05,0.001,4.568955672336401e-06,4.2642828572158265e-06,2.752635972909919e-06,2.833976715404685e-06,2.7623498333626496e-06
28280,3.6135707997390236e-06,3.6135707997390236e-06,0.0,8.920844231556353e-06,5.657919016187805e-05,0.001,4.568812071955434e-06,4.263991604168097e-06,2.752959325811782e-06,2.8344319416623358e-06,2.7627852618915977e-06
28290,3.6117365127751787e-06,3.6117365127751787e-06,0.0,8.920898692516883e-06,5.722118339277241e-05,0.001,4.568668397815217e-06,4.2636977590437894e-06,2.753286224997027e-06,2.8348923823493704e-06,2.763225574231933e-06
28300,3.6098819915669593e-06,3.6098819915669593e-06,0.0,8.920955462798436e-06,5.78635325279119e-05,0.001,4.568524694835156e-06,4.263401341909203e-06,2.7536166680114977e-06,2.835358039786604e-06,2.7636707697257993e-06
28310,3.608007239733183e-06,3.608007239733183e-06,0.0,8.921014590215256e-06,5.8506324979828745e-05,0.001,4.5683810084662085e-06,4.2631023724965295e-06,2.753950653363052e-06,2.835828916298307e-06,2.7641208480644755e-06
28320,3.606112258304817e-06,3.606112258304817e-06,0.0,8.921076123027717e-06,5.914964577943435e-05,0.001,4.568237384940118e-06,4.2628008705517395e-06,2.7542881779025164e-06,2.836305013407921e-06,2.76457580802834e-06
28330,3.6041970458036614e-06,3.6041970458036614e-06,0.0,8.921140110562719e-06,5.979357772119891e-05,0.001,4.568093870973762e-06,4.262496855593387e-06,2.7546292414926085e-06,2.836786335362572e-06,2.7650356515496444e-06
28340,3.6022615983156918e-06,3.6022615983156918e-06,0.0,8.921206603147003e-06,6.043820149793234e-05,0.001,4.56795051410625e-06,4.262190347263582e-06,2.754973843237371e-06,2.837272885985534e-06,2.765500379796203e-06
28350,3.600305909560942e-06,3.600305909560942e-06,0.0,8.921275649516941e-06,6.108359582729702e-05,0.001,4.5678073607246775e-06,4.261881364276984e-06,2.755321981870811e-06,2.8377646690574507e-06,2.7659699941150157e-06
28360,3.5983299709591344e-06,3.5983299709591344e-06,0.0,8.921347299072408e-06,6.1729837569907e-05,0.001,4.567664457545216e-06,4.2615699251825534e-06,2.7556736570171594e-06,2.838261689242797e-06,2.7664444967222556e-06
28370,3.596333771691527e-06,3.596333771691527e-06,0.0,8.921421602451458e-06,6.237700183968849e-05,0.001,4.567521852102076e-06,4.261256048648405e-06,2.7560288687435963e-06,2.838763951763025e-06,2.7669238902001367e-06
28380,3.5943172987594518e-06,3.5943172987594518e-06,0.0,8.921498609405096e-06,6.302516210758623e-05,0.001,4.567379591272907e-06,4.2609397526838575e-06,2.7563876170723153e-06,2.8392714620096254e-06,2.76740817744789e-06
28390,3.5922805370395627e-06,3.5922805370395627e-06,0.0,8.92157837007482e-06,6.367439029861396e-05,0.001,4.567237722132704e-06,4.260621055078938e-06,2.7567499026775202e-06,2.839784226042031e-06,2.767897362056453e-06
28400,3.590223469336053e-06,3.590223469336053e-06,0.0,8.921660936311425e-06,6.432475688302569e-05,0.001,4.567096293011097e-06,4.260299973993661e-06,2.7571157263186e-06,2.8403022501790594e-06,2.768391447553409e-06
28410,3.5881460764301435e-06,3.5881460764301435e-06,0.0,8.921746357376672e-06,6.497633096207273e-05,0.001,4.566955350395984e-06,4.259976526306296e-06,2.7574850885134557e-06,2.840825540795073e-06,2.768890437999751e-06
28420,3.5860483371265674e-06,3.5860483371265674e-06,0.0,8.921834685497182e-06,6.562918034869501e-05,0.001,4.566814942792259e-06,4.259650729641561e-06,2.757857991105347e-06,2.8413541053415756e-06,2.769394338170199e-06
28430,3.5839302282980566e-06,3.5839302282980566e-06,0.0,8.921925972255019e-06,6.628337164339943e-05,0.001,4.566675118402729e-06,4.259322601201098e-06,2.7582344349618757e-06,2.841887950787321e-06,2.769903152334992e-06
28440,3.581791724926796e-06,3.581791724926796e-06,0.0,8.92202026805602e-06,6.693897030599071e-05,0.001,4.56653592456322e-06,4.2589921574197485e-06,2.758614421282964e-06,2.8424270845439943e-06,2.770416885509627e-06
28450,3.579632800144373e-06,3.579632800144373e-06,0.0,8.922117625503625e-06,6.759604072325893e-05,0.001,4.5663974099392946e-06,4.2586594150870795e-06,2.758997953610244e-06,2.8429715157575476e-06,2.7709355443965632e-06
28460,3.577453425269086e-06,3.577453425269086e-06,0.0,8.922218096495279e-06,6.825464627240835e-05,0.001,4.566259623218309e-06,4.258324390832823e-06,2.7593850319683944e-06,2.843521251339863e-06,2.771459133052923e-06
28470,3.575253569841464e-06,3.575253569841464e-06,0.0,8.922321733332232e-06,6.89148493820408e-05,0.001,4.5661226128657935e-06,4.257987100755977e-06,2.7597756605188242e-06,2.8440763012137135e-06,2.771987659152036e-06
28480,3.5730332016579625e-06,3.5730332016579625e-06,0.0,8.92242858777725e-06,6.957671158867192e-05,0.001,4.5659864275551615e-06,4.2576475609069735e-06,2.760169839537851e-06,2.844636672777999e-06,2.7725211273388384e-06
28490,3.5707922868028317e-06,3.5707922868028317e-06,0.0,8.922538712809693e-06,7.024029359142846e-05,0.001,4.565851116373938e-06,4.257305787163445e-06,2.760567573195535e-06,2.845202376254059e-06,2.7730595454902464e-06
28500,3.5685307896781888e-06,3.5685307896781888e-06,0.0,8.92265216106479e-06,7.090565530283561e-05,0.001,4.565716728519088e-06,4.2569617952482294e-06,2.7609688635954283e-06,2.845773420593993e-06,2.773602919970115e-06
28510,3.56624867303281e-06,3.56624867303281e-06,0.0,8.922768985436169e-06,7.157285589779636e-05,0.001,4.565583313349094e-06,4.256615600673477e-06,2.7613737135826966e-06,2.846349815382814e-06,2.774151257864018e-06
28520,3.563945897989144e-06,3.563945897989144e-06,0.0,8.922889239332014e-06,7.224195385980921e-05,0.001,4.56545092055922e-06,4.2562672188335945e-06,2.7617821268825034e-06,2.8469315709502945e-06,2.7747045670688337e-06
28530,3.561622424068946e-06,3.561622424068946e-06,0.0,8.92301297517188e-06,7.291300702477436e-05,0.001,4.56531959941612e-06,4.255916664661481e-06,2.7621941057098743e-06,2.8475186967108765e-06,2.7752628545402517e-06
28540,3.5592782092176866e-06,3.5592782092176866e-06,0.0,8.923140247350723e-06,7.358607262285105e-05,0.001,4.565189400531682e-06,4.255563953504213e-06,2.7626096536745764e-06,2.8481112031477564e-06,2.775826128166995e-06
28550,3.5569132098276437e-06,3.5569132098276437e-06,0.0,8.923271108697053e-06,7.426120731846457e-05,0.001,4.565060373378252e-06,4.25520909980432e-06,2.7630287750088336e-06,2.8487091013328016e-06,2.7763943968641614e-06
28560,3.5545273807595436e-06,3.5545273807595436e-06,0.0,8.92340561310213e-06,7.493846724777684e-05,0.001,4.564932568590467e-06,4.254852118415227e-06,2.7634514719227417e-06,2.849312400997835e-06,2.7769676676959426e-06
28570,3.5521206753634423e-06,3.5521206753634423e-06,0.0,8.923543814051229e-06,7.56179080553876e-05,0.001,4.564806036319306e-06,4.254493023601652e-06,2.7638777486962675e-06,2.8499211134549556e-06,2.777545949753251e-06
28580,3.5496930454982114e-06,3.5496930454982114e-06,0.0,8.923685765648834e-06,7.62995849285538e-05,0.001,4.564680827302735e-06,4.254131829677934e-06,2.7643076094454177e-06,2.850535249983317e-06,2.7781292519746144e-06
28590,3.5472444415499843e-06,3.5472444415499843e-06,0.0,8.923831522595683e-06,7.698355263017372e-05,0.001,4.564556992938834e-06,4.253768551063547e-06,2.7647410575109258e-06,2.8511548214195158e-06,2.778717582648951e-06
28600,3.5447748124497923e-06,3.5447748124497923e-06,0.0,8.92398113779664e-06,7.766986553049429e-05,0.001,4.56443458331803e-06,4.253403201179469e-06,2.7651780970008486e-06,2.8517798392540597e-06,2.779310951222939e-06
28610,3.5422841056900216e-06,3.5422841056900216e-06,0.0,8.924134666328837e-06,7.835857763713083e-05,0.001,4.564313650253261e-06,4.2530357941057705e-06,2.7656187319773207e-06,2.8524103150073224e-06,2.779909366776788e-06
28620,3.5397722673400806e-06,3.5397722673400806e-06,0.0,8.924292162777642e-06,7.904974262397174e-05,0.001,4.56419424529888e-06,4.252666343506039e-06,2.766062966667612e-06,2.8530462604050216e-06,2.7805128387525838e-06
28630,3.5372392420612977e-06,3.5372392420612977e-06,0.0,8.924453680036143e-06,7.974341385898712e-05,0.001,4.5640764190107134e-06,4.252294862248274e-06,2.766510804507748e-06,2.853687686737524e-06,2.781121376393614e-06
28640,3.53468497312071e-06,3.53468497312071e-06,0.0,8.92461927369292e-06,8.0439644430665e-05,0.001,4.563960223806943e-06,4.2519213638890945e-06,2.766962250706633e-06,2.854334606560413e-06,2.7817349900046655e-06
28650,3.532109402404197e-06,3.532109402404197e-06,0.0,8.924788999100737e-06,8.113848717353549e-05,0.001,4.5638457121915904e-06,4.251545861776862e-06,2.7674173096289816e-06,2.8549870319221396e-06,2.782353689330607e-06
28660,3.5295124704291005e-06,3.5295124704291005e-06,0.0,8.92496290858297e-06,8.183999469250705e-05,0.001,4.563732934987294e-06,4.251168368139995e-06,2.7678759828205315e-06,2.8556449730430566e-06,2.782977482460068e-06
28670,3.526920396631233e-06,3.526920396631233e-06,0.0,8.925159961931123e-06,7.428973854320013e-05,0.0009000000000000001,4.563647302780822e-06,4.250807257805907e-06,2.768270380653514e-06,2.8562565386152845e-06,2.7835405419103123e-06
28680,3.524544567140741e-06,3.524544567140741e-06,0.0,8.925326620095689e-06,7.492364646334568e-05,0.0009000000000000001,4.563546930670955e-06,4.25046136961341e-06,2.768715316025607e-06,2.8568779256072676e-06,2.7841375253872556e-06
28690,3.522149398990713e-06,3.522149398990713e-06,0.0,8.925500695957763e-06,7.555833573519809e-05,0.0009000000000000001,4.563453919832045e-06,4.2501170124501206e-06,2.769145571056471e-06,2.8574916719745344e-06,2.784723620230541e-06
28700,3.519734842807704e-06,3.519734842807704e-06,0.0,8.925661068595078e-06,7.619488098084986e-05,0.0009000000000000001,4.563351757012391e-06,4.249765758919602e-06,2.769569834449328e-06,2.8581031244885653e-06,2.785306735200077e-06
28710,3.5173008435287887e-06,3.5173008435287887e-06,0.0,8.92584592000819e-06,7.683368865070452e-05,0.0009000000000000001,4.563266330835e-06,4.249421374618127e-06,2.7699978369774793e-06,2.8587188857282705e-06,2.7858881236910066e-06
28720,3.5148473433534445e-06,3.5148473433534445e-06,0.0,8.926017501115014e-06,7.7474943865278e-05,0.0009000000000000001,4.563169461292759e-06,4.2490683405472e-06,2.77042808228533e-06,2.8593392299931802e-06,2.7864763267429582e-06
28730,3.5123742827859285e-06,3.5123742827859285e-06,0.0,8.926204984523402e-06,7.811874899512875e-05,0.0009000000000000001,4.563082319414159e-06,4.248717893376291e-06,2.770862980887054e-06,2.859965566905537e-06,2.787068137298667e-06
28740,3.5098816010065634e-06,3.5098816010065634e-06,0.0,8.92638858290435e-06,7.87651690015027e-05,0.0009000000000000001,4.562990960473211e-06,4.248362433497653e-06,2.7713009567543774e-06,2.8605970540763273e-06,2.787666309695614e-06
28750,3.50736923600624e-06,3.50736923600624e-06,0.0,8.926579702906421e-06,7.94142515876717e-05,0.0009000000000000001,4.562903891015176e-06,4.24800653357682e-06,2.771743252986023e-06,2.8612342327039842e-06,2.788269279467789e-06
28760,3.5048371246377123e-06,3.5048371246377123e-06,0.0,8.926774865605262e-06,8.006604056733933e-05,0.0009000000000000001,4.562818658785126e-06,4.247648861196735e-06,2.772189574218408e-06,2.8618769321490048e-06,2.7888774712154846e-06
28770,3.502285202637147e-06,3.502285202637147e-06,0.0,8.926973254101192e-06,8.072057977795111e-05,0.0009000000000000001,4.56273474022478e-06,4.247289137285711e-06,2.772639017422143e-06,2.8625245726643393e-06,2.7894903529038573e-06
28780,3.499713404635005e-06,3.499713404635005e-06,0.0,8.927176286631993e-06,8.137791368747823e-05,0.0009000000000000001,4.562653188479612e-06,4.246927927359943e-06,2.7730911851021876e-06,2.863176882951546e-06,2.790107343016747e-06
28790,3.4971216641631705e-06,3.4971216641631705e-06,0.0,8.927383148047135e-06,8.203808666238394e-05,0.0009000000000000001,4.56257327548408e-06,4.246564807505362e-06,2.7735469124217577e-06,2.8638344712089184e-06,2.7907293365507446e-06
28800,3.494509913659873e-06,3.494509913659873e-06,0.0,8.927594146346098e-06,8.270114248838328e-05,0.0009000000000000001,4.562495269411555e-06,4.246199913684995e-06,2.7740060310614806e-06,2.864497216297934e-06,2.7913561141372167e-06
28810,3.491878084474359e-06,3.491878084474359e-06,0.0,8.927809461831312e-06,8.336712475907917e-05,0.0009000000000000001,4.562419345998314e-06,4.245833329220864e-06,2.7744683691240342e-06,2.8651650000600887e-06,2.791987493547757e-06
28820,3.4892261068707046e-06,3.4892261068707046e-06,0.0,8.928028994062402e-06,8.403607717448191e-05,0.0009000000000000001,4.56234542130879e-06,4.2454649884555156e-06,2.77493408088567e-06,2.8658379422802327e-06,2.7926236471551706e-06
28830,3.4865539100314093e-06,3.4865539100314093e-06,0.0,8.928252816392427e-06,8.470804353579438e-05,0.0009000000000000001,4.562273560594507e-06,4.24509490911575e-06,2.775403163039801e-06,2.8665160510026126e-06,2.7932645797607524e-06
28840,3.48386142206044e-06,3.48386142206044e-06,0.0,8.928481002785308e-06,8.538306771352228e-05,0.0009000000000000001,4.562203836999862e-06,4.2447231140335975e-06,2.7758755708387016e-06,2.86719930428813e-06,2.793910257146868e-06
28850,3.4811485699861525e-06,3.4811485699861525e-06,0.0,8.928713614661471e-06,8.606119362087286e-05,0.0009000000000000001,4.562136292804616e-06,4.244349606708924e-06,2.7763514155448855e-06,2.8678877881538308e-06,2.7945607781359705e-06
28860,3.478415279763794e-06,3.478415279763794e-06,0.0,8.92895104554456e-06,8.674246527766056e-05,0.0009000000000000001,4.56207109150064e-06,4.24397444282714e-06,2.776831651246591e-06,2.868582168743792e-06,2.795216892723614e-06
28870,3.475661476277692e-06,3.475661476277692e-06,0.0,8.929199838926525e-06,8.742692801843047e-05,0.0009000000000000001,4.562010526941683e-06,4.2435985773013825e-06,2.777333615489926e-06,2.8692943964416224e-06,2.7958920859060446e-06
28880,3.4728870833436015e-06,3.4728870833436015e-06,0.0,8.92963985387996e-06,8.811466286790098e-05,0.0009000000000000001,4.562016879591354e-06,4.243248808827291e-06,2.7783359020238645e-06,2.8703540324500762e-06,2.796958325586799e-06
28890,3.470092024052133e-06,3.470092024052133e-06,0.0,8.938664404776887e-06,8.880724316242107e-05,0.0009000000000000001,4.565259418979354e-06,4.244903504336915e-06,2.799611576683977e-06,2.8852822280367185e-06,2.8136043055503744e-06
28900,3.4672772861460118e-06,3.4672772861460118e-06,0.0,1.2371208410487719e-05,8.960560400437242e-05,0.0009000000000000001,6.466903337109888e-06,6.593009630251881e-06,4.7392262266059686e-06,4.074362651807227e-06,3.972188592308068e-06
28910,3.47127852731809e-06,3.47127852731809e-06,0.0,0.0006480927447369179,0.00014930714021911946,0.0009000000000000001,0.0003549025620172567,0.0003998913779819743,0.00022959503144184433,0.00015436201997318677,0.00013508878512136737
28920,8.225652287534821e-05,8.225652287534821e-05,0.0,0.06961575007771399,0.01187939329077574,0.0009000000000000001,0.038214600712873296,0.04302031908925468,0.024511290880851324,0.01637937021738326,0.014226991482416162
28930,7.800326638780944e-05,7.800326638780944e-05,0.0,0.06911393533391118,0.01354941541122779,0.0009000000000000001,0.03965277984668843,0.04279490658351977,0.02307192204811132,0.0152589213162979,0.01341201124245385
28940,3.8989817855212945e-05,3.8989817855212945e-05,0.0,0.04853447020308138,0.0037951025994873975,0.0009000000000000001,0.029199615703084197,0.0299144310907427,0.014854467544196321,0.010450696078016285,0.009169168532818244
28950,2.7657913817708172e-05,2.7657913817708172e-05,0.0,0.040979272260942876,0.003135641448041437,0.0009000000000000001,0.024538342195008753,0.0252269500174233,0.01270061406739518,0.008865400752659706,0.007820834930517512
28960,1.3162022568634589e-05,1.3162022568634589e-05,0.0,0.026522514679363503,0.0023678353616527923,0.0009000000000000001,0.015932357590938705,0.016333923914359005,0.008161707613790214,0.005696352492792638,0.005040493160664879
30220,0.003103976747661714,0.003103976747661714,0.0,0.64310208078493,0.10621059276775206,0.001,0.4098716276540346,0.3661494073093672,0.1753620291619316,0.18293447308372746,0.1504525934311509
30230,0.0034067377291536593,0.0034067377291536593,0.0,0.6025934447968665,0.022182347326914487,0.001,0.3029142513338479,0.35022648958334635,0.20365039421324893,0.21419942808027778,0.18100522455307022
30240,0.004038565591466748,0.004038565591466748,0.0,0.6279776780147314,0.00939470987585632,0.001,0.38317086791173555,0.3447910731875814,0.17284286904521784,0.20033863243200262,0.17511436478699396
30250,0.0007597818959644575,0.0007597818959644575,0.0,0.25157445980265664,0.007952372108992358,0.001,0.1288873968395692,0.14516131127836668,0.08532349249778771,0.08756019462187171,0.07521092730301654
30260,0.0003825615831954882,0.0003825615831954882,0.0,0.20054490092265284,0.003907092544885264,0.001,0.11652148718295123,0.12214132806744459,0.06653124636112784,0.053723907733713425,0.043988781116195974
30270,0.000414050451951497,0.000414050451951497,0.0,0.21782833283433461,0.0018823175900614091,0.001,0.1395387430620139,0.12910172292123542,0.06309181547488933,0.052339331533375985,0.044046223974881844
30280,0.00012986978940411045,0.00012986978940411045,0.0,0.10898630899040478,0.002673655041946177,0.001,0.06842333178298611,0.06707426338582102,0.03443261133451111,0.02362275023529281,0.018570869756203864
30290,7.113029860693747e-05,7.113029860693747e-05,0.0,0.035565621705651494,0.001809873151535055,0.001,0.018679931426254633,0.017163159429276258,0.00952099164358502,0.014848876341783722,0.013499881418640232
30300,4.10909985935882e-05,4.10909985935882e-05,0.0,0.04578755965922858,0.0015079071979322088,0.001,0.029023357077858438,0.028311411145790666,0.014019855696213638,0.009238327476443564,0.007191514323519805
30310,2.288911768431126e-05,2.288911768431126e-05,0.0,0.021338763116548757,0.0012137786129053304,0.001,0.013880789327711853,0.012231080988849612,0.005958282646227355,0.005541137400441633,0.004787883904135609
30320,1.226877365484023e-05,1.226877365484023e-05,0.0,0.0070815239600087445,0.0010205903341600092,0.001,0.004229367379856342,0.0034415140627326334,0.001879338828590315,0.002687363387226833,0.0024303838063958125
30330,6.984854552063426e-06,6.984854552063426e-06,0.0,0.007283675050295458,0.0008020493264864261,0.001,0.004528093551698622,0.004522829748441662,0.0022517210315882398,0.0014991689534082898,0.0011499479810949396
30340,4.236956808149553e-06,4.236956808149553e-06,0.0,0.0053910646365893785,0.0006282808213116925,0.001,0.0032796475843718136,0.0032539023615535258,0.0017776969367289442,0.0013911057212856843,0.0011075146487903576
30350,2.693666990845253e-06,2.693666990845253e-06,0.0,0.0037705741503911614,0.0004676889497567681,0.001,0.0023906886122781507,0.0022525207808959196,0.001066800411474503,0.000882717913997702,0.0007431754279783145
30360,1.8756829551161034e-06,1.8756829551161034e-06,0.0,0.001784734312856099,0.0003597585842934709,0.001,0.0009989927421415114,0.0010187067658511085,0.0006054832493659638,0.000591420560792589,0.0004962129383320413
30370,1.4661694981777754e-06,1.4661694981777754e-06,0.0,0.0007706470860483735,0.0002730610496741913,0.001,0.00044994737041852384,0.0004290808545756267,0.00021660737118470264,0.00024598905999001145,0.00021237919425912656
30380,1.2648126798889516e-06,1.2648126798889516e-06,0.0,0.0003293025430599283,0.00021215958390251376,0.001,0.00017713863368973396,0.00016908179810896104,9.597581579314308e-05,0.00012576414613523832,0.00010794736911862847
30390,1.1638349163865852e-06,1.1638349163865852e-06,0.0,0.00043378875969097495,0.00016523801059011825,0.001,0.0002667402396695063,0.00025565298760508786,0.00014401572247638085,0.00011856368772792989,9.456671130865827e-05
30400,1.110798525733462e-06,1.110798525733462e-06,0.0,0.00027528075217541406,0.00012916341598861696,0.001,0.00017417194309643516,0.00016732529871355017,7.878959046511958e-05,5.998526627885205e-05,4.7433479228018574e-05
30410,1.0828150182675028e-06,1.0828150182675028e-06,0.0,7.29298068190374e-05,0.00010033458168848834,0.001,3.9153364627049165e-05,3.6744137764355485e-05,2.1060123180011884e-05,2.8870843164306122e-05,2.3810601729129903e-05
30420,1.0680368341849238e-06,1.0680368341849238e-06,0.0,0.00010892136033640271,7.692453276770839e-05,0.001,6.525444501862541e-05,6.4150711613899e-05,3.679379242209562e-05,3.121542787844995e-05,2.4414748478281138e-05
30430,1.060059240446369e-06,1.060059240446369e-06,0.0,3.2603761975245934e-05,5.8067912705672316e-05,0.001,1.565042076099274e-05,1.5038172133729988e-05,1.005242115950333e-05,1.4722784375406707e-05,1.1898590101173153e-05
30440,1.0558135007560487e-06,1.0558135007560487e-06,0.0,4.4648494070979255e-05,4.314239833974192e-05,0.001,2.806219154594549e-05,2.603584250394275e-05,1.1975940669755138e-05,1.1530705233827306e-05,9.145164786261374e-06
30450,1.053510380165231e-06,1.053510380165231e-06,0.0,2.0186249886622692e-05,3.17453739086958e-05,0.001,1.1745695259046939e-05,1.0574947041882999e-05,5.3939007044223325e-06,7.028220101282947e-06,5.523572151500691e-06
30460,1.0522223920002518e-06,1.0522223920002518e-06,0.0,1.4652964031816262e-05,2.350161969609994e-05,0.001,8.139670495674106e-06,7.597886931262971e-06,4.822388553160711e-06,5.375302790957303e-06,4.222188106378685e-06
30470,1.0514414686852514e-06,1.0514414686852514e-06,0.0,1.2878664670858711e-05,1.798023737630183e-05,0.001,7.491486361127704e-06,6.902457379974133e-06,4.1822870847823695e-06,4.293354223345955e-06,3.6237121724339035e-06
30480,1.0509058654305036e-06,1.0509058654305036e-06,0.0,9.527300809882834e-06,1.4675471206731255e-05,0.001,5.350072477241874e-06,4.733015300838144e-06,2.964341460893616e-06,3.4799810624392144e-06,3.2924037005348483e-06
30490,1.0504849951807482e-06,1.0504849951807482e-06,0.0,8.115112461687667e-06,1.297923995950027e-05,0.001,4.385425383305905e-06,3.8012937224647617e-06,2.436050648085576e-06,3.1241787623588293e-06,3.162356088379559e-06
30500,1.0501152519565861e-06,1.0501152519565861e-06,0.0,7.665772823207971e-06,1.2272069802442298e-05,0.001,4.0997348473074685e-06,3.5342423186643592e-06,2.2766203134301486e-06,2.9560421828032147e-06,3.0599393653232973e-06
30510,1.0497664971567053e-06,1.0497664971567053e-06,0.0,7.4543711290502984e-06,1.2079314816702344e-05,0.001,3.961075759954345e-06,3.3966450224691443e-06,2.2128529964210776e-06,2.8830191572117105e-06,2.998399806616563e-06
30520,1.0494245889090956e-06,1.0494245889090956e-06,0.0,7.3232070798465726e-06,1.212300867239693e-05,0.001,3.855818002428647e-06,3.2990312471624165e-06,2.1794980995036043e-06,2.8616451073160107e-06,2.989539934523394e-06
30530,1.0490828662379067e-06,1.0490828662379067e-06,0.0,7.224321129799401e-06,1.2268167219543336e-05,0.001,3.766539637351989e-06,3.2249829039767204e-06,2.1563143842281565e-06,2.857466131923467e-06,3.011903116399476e-06
30540,1.04873815402531e-06,1.04873815402531e-06,0.0,7.1542100817965986e-06,1.2455843746684237e-05,0.001,3.6994291975222962e-06,3.1717894808045075e-06,2.139732060259144e-06,2.859403858485296e-06,3.0407822226749e-06
30550,1.0483889105208761e-06,1.0483889105208761e-06,0.0,7.112330328041807e-06,1.266138776779257e-05,0.001,3.6585612863561866e-06,3.13709345055968e-06,2.129266484981595e-06,2.8628942254560394e-06,3.0596590222910366e-06
30560,1.0480343781314677e-06,1.0480343781314677e-06,0.0,7.0892681089595706e-06,1.2874464907841024e-05,0.001,3.6369588857886714e-06,3.1149914585397078e-06,2.1229752063126995e-06,2.865731868703123e-06,3.0674736512819524e-06
30570,1.0476741882328334e-06,1.0476741882328334e-06,0.0,7.074356893842966e-06,1.3090612428479681e-05,0.001,3.6234686623511165e-06,3.0992940850925114e-06,2.118612776481338e-06,2.8681803505316495e-06,3.0720838430904823e-06
30580,1.0473081697430705e-06,1.0473081697430705e-06,0.0,7.061752837639415e-06,1.330776296424754e-05,0.001,3.6119483052611397e-06,3.0865297363635104e-06,2.1148438684635294e-06,2.87035649678044e-06,3.0777634806643564e-06
30590,1.04693625374549e-06,1.04693625374549e-06,0.0,7.051382976017675e-06,1.3524813097908906e-05,0.001,3.6026020539910207e-06,3.0762859697790915e-06,2.111615598620494e-06,2.8720453959700584e-06,3.0830485267802834e-06
30600,1.0465584241102109e-06,1.0465584241102109e-06,0.0,7.0441587125649e-06,1.37411191250332e-05,0.001,3.596552954818158e-06,3.0688123943161474e-06,2.109171602131731e-06,2.873115283143357e-06,3.0860815841971987e-06
30610,1.046174691369531e-06,1.046174691369531e-06,0.0,7.0392717309939045e-06,1.3956356837105788e-05,0.001,3.5927855908902945e-06,3.0636055099940056e-06,2.1074244201426747e-06,2.8737060984940358e-06,3.0875571887141534e-06
30620,1.0457850788485691e-06,1.0457850788485691e-06,0.0,7.035571224674745e-06,1.4170422153344413e-05,0.001,3.589888660859774e-06,3.059953564122363e-06,2.1061799909610104e-06,2.8740230740388686e-06,3.0886931380693445e-06
30630,1.0453896153730362e-06,1.0453896153730362e-06,0.0,7.032763178623741e-06,1.4383315861956005e-05,0.001,3.5876250549021373e-06,3.0574579278756316e-06,2.1053311424864316e-06,2.8741429736481785e-06,3.0895247386905148e-06
30640,1.0449883315402976e-06,1.0449883315402976e-06,0.0,7.0307061731682755e-06,1.4595080770264036e-05,0.001,3.586061632127491e-06,3.055742253813206e-06,2.1047306537076317e-06,2.874090388874186e-06,3.0898406006729147e-06
30650,1.0445812578858472e-06,1.0445812578858472e-06,0.0,7.0289873857215326e-06,1.4805785946550496e-05,0.001,3.5848758596741522e-06,3.0543895872823686e-06,2.104206306072163e-06,2.8739182427925433e-06,3.0898996705267216e-06
30660,1.0441684240357843e-06,1.0441684240357843e-06,0.0,7.027417122434248e-06,1.5015507517229803e-05,0.001,3.5838451859445216e-06,3.0532500903567686e-06,2.103722548753956e-06,2.8736732521019015e-06,3.0898893644571104e-06
30670,1.0437498583533162e-06,1.0437498583533162e-06,0.0,7.026044600209967e-06,1.52243117317709e-05,0.001,3.582987320457153e-06,3.052342811514599e-06,2.1033172395175746e-06,2.873375203239358e-06,3.0897572092530775e-06
30680,1.0433255878227015e-06,1.0433255878227015e-06,0.0,7.02480105533388e-06,1.5432258277271556e-05,0.001,3.5822520520669932e-06,3.05158193940641e-06,2.1029599202720254e-06,2.8730389779549383e-06,3.0895313535702644e-06
30690,1.0428956380415765e-06,1.0428956380415765e-06,0.0,7.02358320219093e-06,1.563940451280035e-05,0.001,3.581557446016027e-06,3.050864483204767e-06,2.1026059847878665e-06,2.8726781412394603e-06,3.089280433692798e-06
30700,1.042460033259541e-06,1.042460033259541e-06,0.0,7.0223923069710866e-06,1.5845802055461815e-05,0.001,3.5808959513341246e-06,3.050185023478035e-06,2.1022610550461976e-06,2.872300336770074e-06,3.089000168147821e-06
30710,1.0420187964339254e-06,1.0420187964339254e-06,0.0,7.021222424885338e-06,1.6051497901983422e-05,0.001,3.5802570774815474e-06,3.049536235604048e-06,2.1019260380323477e-06,2.8719102471114712e-06,3.0886949909752818e-06
30720,1.0415719492902611e-06,1.0415719492902611e-06,0.0,7.02004643371917e-06,1.6256537208938183e-05,0.001,3.5796213808690495e-06,3.0488905052592187e-06,2.101588066991227e-06,2.8715105889988473e-06,3.0883814414596258e-06
30730,1.041119512381717e-06,1.041119512381717e-06,0.0,7.018865199230612e-06,1.646096253318145e-05,0.001,3.5789872266909057e-06,3.0482468605632977e-06,2.1012488423517015e-06,2.8711033139445916e-06,3.088057736232014e-06
30740,1.0406615051460309e-06,1.0406615051460309e-06,0.0,7.017675076275535e-06,1.6664814187499032e-05,0.001,3.5783500071892614e-06,3.047601700275163e-06,2.1009077496447417e-06,2.87068978846671e-06,3.0877267448554683e-06
30750,1.0401979459588772e-06,1.0401979459588772e-06,0.0,7.016470936259451e-06,1.6868130837626308e-05,0.001,3.5777063126221174e-06,3.046949566408869e-06,2.1005622345861856e-06,2.870270481352367e-06,3.087391235013286e-06
30760,1.0397288521840361e-06,1.0397288521840361e-06,0.0,7.015254213515833e-06,1.707094920534624e-05,0.001,3.5770564427050852e-06,3.0462916886426273e-06,2.1002134188275105e-06,2.8698457487907658e-06,3.0870502956664996e-06
30770,1.0392542402201449e-06,1.0392542402201449e-06,0.0,7.014022793757013e-06,1.727330441739559e-05,0.001,3.576398879447273e-06,3.04562589707277e-06,2.099860284002372e-06,2.8694158018704822e-06,3.0867052115057773e-06
30780,1.0387741255445793e-06,1.0387741255445793e-06,0.0,7.012777028503744e-06,1.7475230047998335e-05,0.001,3.575733639922226e-06,3.044952523929185e-06,2.0995031284383233e-06,2.868980746934172e-06,3.0863558324826954e-06
30790,1.038288522754495e-06,1.038288522754495e-06,0.0,7.0115166851945906e-06,1.767675821319794e-05,0.001,3.5750606636274083e-06,3.0442712587509006e-06,2.0991417795779073e-06,2.868540588021582e-06,3.086002220931698e-06
30800,1.0377974456053151e-06,1.0377974456053151e-06,0.0,7.010241766709693e-06,1.787791970306298e-05,0.001,3.5743798430516727e-06,3.0435821534830874e-06,2.0987762902187284e-06,2.868095365034352e-06,3.085644487941941e-06
30810,1.0373009070469458e-06,1.0373009070469458e-06,0.0,7.008952334381102e-06,1.8078744048718398e-05,0.001,3.573691284206623e-06,3.042885208137653e-06,2.0984066485052074e-06,2.8676450699841606e-06,3.0852825400280843e-06
30820,1.0367989192576329e-06,1.0367989192576329e-06,0.0,7.007648418520229e-06,1.8279259616249413e-05,0.001,3.5729949705515537e-06,3.0421804857013536e-06,2.098032884556078e-06,2.867189709802153e-06,3.0849164276323235e-06
30830,1.0362914936760317e-06,1.0362914936760317e-06,0.0,7.006330064132772e-06,1.8479493672530065e-05,0.001,3.5722909695043355e-06,3.0414680012208514e-06,2.097654995496679e-06,2.8667292777042853e-06,3.084546101363772e-06
30840,1.0357786410311774e-06,1.0357786410311774e-06,0.0,7.0049973083995215e-06,1.8679472452571824e-05,0.001,3.571579285643591e-06,3.0407478031906136e-06,2.097273006730768e-06,2.866263779499644e-06,3.0841715734857295e-06
30850,1.0352603713709187e-06,1.0352603713709187e-06,0.0,7.0036501745687024e-06,1.887922121884588e-05,0.001,3.570859952450038e-06,3.040019901728725e-06,2.096886916777186e-06,2.8657932121668745e-06,3.083792824882076e-06
30860,1.0347366940886839e-06,1.0347366940886839e-06,0.0,7.002288685900725e-06,1.907876431532053e-05,0.001,3.5701329788408686e-06,3.0392843215113017e-06,2.0964967379030524e-06,2.8653175789683293e-06,3.0834098561988996e-06
30870,1.0342076179487485e-06,1.0342076179487485e-06,0.0,7.000912859668168e-06,1.9278125219766387e-05,0.001,3.5693983786716534e-06,3.038541075055113e-06,2.096102475008928e-06,2.864836881276259e-06,3.08302266012075e-06
30880,1.0336731511100858e-06,1.0336731511100858e-06,0.0,6.999522706078933e-06,1.947732659058932e-05,0.001,3.568656158821466e-06,3.037790170685128e-06,2.095704131210188e-06,2.8643511206618484e-06,3.0826312350422596e-06
30890,1.0331333011490684e-06,1.0331333011490684e-06,0.0,6.998118237661164e-06,1.9676390311735022e-05,0.001,3.5679063265804145e-06,3.0370316193136926e-06,2.09530171188472e-06,2.8638602987931815e-06,3.0822355762513733e-06
30900,1.0325880750807941e-06,1.0325880750807941e-06,0.0,6.996699460247889e-06,1.987533753418407e-05,0.001,3.567148885874374e-06,3.036265425707546e-06,2.0948952188924884e-06,2.863364416731232e-06,3.0818356812873636e-06
30910,1.0320374793794734e-06,1.0320374793794734e-06,0.0,6.995266380254078e-06,2.0074188714538077e-05,0.001,3.566383841026419e-06,3.035491595749618e-06,2.094484654868815e-06,2.862863475055875e-06,3.081431545752003e-06
30920,1.0314815199976098e-06,1.0314815199976098e-06,0.0,6.993819002150663e-06,2.0272963651351243e-05,0.001,3.5656111944201897e-06,3.0347101346588125e-06,2.09407002225583e-06,2.862357474044616e-06,3.0810231659426184e-06
30930,1.0309202023843632e-06,1.0309202023843632e-06,0.0,6.992357328526745e-06,2.047168151886644e-05,0.001,3.564830948291357e-06,3.0339210457319494e-06,2.0936513223493e-06,2.861846413315409e-06,3.080610536942524e-06
30940,1.0303535315028254e-06,1.0303535315028254e-06,0.0,6.990881360471269e-06,2.0670360898733035e-05,0.001,3.5640431040349195e-06,3.0331243316507073e-06,2.0932285560309865e-06,2.8613302919244068e-06,3.0801936537011594e-06
30950,1.0297815118466774e-06,1.0297815118466774e-06,0.0,6.989391098028951e-06,2.086901980957468e-05,0.001,3.563247661926616e-06,3.0323199950679278e-06,2.0928017242768735e-06,2.860809108581146e-06,3.079772511111673e-06
30960,1.029204147455812e-06,1.029204147455812e-06,0.0,6.987886540825511e-06,2.1067675734861434e-05,0.001,3.5624446226367636e-06,3.0315080383213506e-06,2.092370827870059e-06,2.860282861427598e-06,3.079347102367054e-06
30970,1.0286214419313423e-06,1.0286214419313423e-06,0.0,6.986367685618958e-06,2.126634564906702e-05,0.001,3.561633984989851e-06,3.0306884619506806e-06,2.0919358664862097e-06,2.859751548116298e-06,3.078917421770837e-06
30980,1.0280333984499066e-06,1.0280333984499066e-06,0.0,6.98483452933741e-06,2.14650460420328e-05,0.001,3.5608157478856495e-06,3.029861267054655e-06,2.0914968402636544e-06,2.8592151659511036e-06,3.0784834621633357e-06
30990,1.0274400197772003e-06,1.0274400197772003e-06,0.0,6.983287066937869e-06,2.1663792942194533e-05,0.001,3.559989909552384e-06,3.029026453341424e-06,2.0910537483733286e-06,2.85867371161033e-06,3.0780452163238628e-06
31000,1.0268413082811548e-06,1.0268413082811548e-06,0.0,6.981725292375707e-06,2.1862601938141416e-05,0.001,3.5591564673437394e-06,3.028184020040317e-06,2.0906065899034356e-06,2.858127181533433e-06,3.0776026765938505e-06
31010,1.0262372659440995e-06,1.0262372659440995e-06,0.0,6.980149198753919e-06,2.2061488199126342e-05,0.001,3.5583154184249117e-06,3.027333966268609e-06,2.09015536369252e-06,2.8575755715496604e-06,3.0771558348725083e-06
31020,1.0256278943748438e-06,1.0256278943748438e-06,0.0,6.97855877782503e-06,2.2260466494262714e-05,0.001,3.5574667590018703e-06,3.0264762901675464e-06,2.0897000682132756e-06,2.8570188772628996e-06,3.0767046827185355e-06
31030,1.0250131948198556e-06,1.0250131948198556e-06,0.0,6.976954020205668e-06,2.2459551210651555e-05,0.001,3.5566104848561075e-06,3.02561098941478e-06,2.08924070153527e-06,2.8564570937406284e-06,3.0762492114474746e-06
31040,1.0243931681743229e-06,1.0243931681743229e-06,0.0,6.975334915762549e-06,2.265875637060516e-05,0.001,3.555746591437182e-06,3.024738061263068e-06,2.0887772615603735e-06,2.8558902157074947e-06,3.0757894115948336e-06
31050,1.0237678149923378e-06,1.0237678149923378e-06,0.0,6.973701453245767e-06,2.2858095647653372e-05,0.001,3.5548750732838345e-06,3.023857502695549e-06,2.088309746034915e-06,2.855318237538001e-06,3.075325273851442e-06
31060,1.0231371354969887e-06,1.0231371354969887e-06,0.0,6.972053620179656e-06,2.3057582381978918e-05,0.001,3.553995924666953e-06,3.0229693096007497e-06,2.0878381520717984e-06,2.8547411531850666e-06,3.074856788170853e-06
31070,1.0225011295898614e-06,1.0225011295898614e-06,0.0,6.970391403396053e-06,2.3257229594767536e-05,0.001,3.5531091393781694e-06,3.022073477905955e-06,2.0873624767613585e-06,2.8541589562057806e-06,3.0743839442794594e-06
31080,1.0218597968602606e-06,1.0218597968602606e-06,0.0,6.9687147887089265e-06,2.3457050001873257e-05,0.001,3.5522147105629485e-06,3.0211700029151723e-06,2.0868827169289705e-06,2.8535716398852005e-06,3.073906731535944e-06
31090,1.0212131365939607e-06,1.0212131365939607e-06,0.0,6.967023760983869e-06,2.3657056026878538e-05,0.001,3.5513126309555413e-06,3.0202588795221676e-06,2.086398869096858e-06,2.8529791970900462e-06,3.0734251390085643e-06
31100,1.020561147781674e-06,1.020561147781674e-06,0.0,6.965318303849996e-06,2.385725981319816e-05,0.001,3.5504028928122837e-06,3.0193401016079254e-06,2.085910929233308e-06,2.852381620344395e-06,3.0729391553097723e-06
31110,1.019903829127184e-06,1.019903829127184e-06,0.0,6.963598400474097e-06,2.4057673235808905e-05,0.001,3.5494854879134853e-06,3.018413663437473e-06,2.0854188934662436e-06,2.851778901808079e-06,3.0724487689575384e-06
31120,1.0192411790550875e-06,1.0192411790550875e-06,0.0,6.961864032820586e-06,2.4258307912244933e-05,0.001,3.548560407403595e-06,3.0174795582140694e-06,2.084922757450757e-06,2.85117103342177e-06,3.0719539680015305e-06
31130,1.0185731957184942e-06,1.0185731957184942e-06,0.0,6.960115182425871e-06,2.445917521295705e-05,0.001,3.5476276425402124e-06,3.0165377792638243e-06,2.084422516717116e-06,2.8505580065988974e-06,3.0714547399221804e-06
31140,1.0178998770060365e-06,1.0178998770060365e-06,0.0,6.958351829878838e-06,2.466028627146078e-05,0.001,3.546687183581971e-06,3.0155883194869775e-06,2.083918166740507e-06,2.8499398126435934e-06,3.070951072192532e-06
31150,1.0172212205490055e-06,1.0172212205490055e-06,0.0,6.956573954639087e-06,2.4861651993596168e-05,0.001,3.5457390206568972e-06,3.0146311708465973e-06,2.0834097023436447e-06,2.8493164424025165e-06,3.070442951753e-06
31160,1.0165372237279953e-06,1.0165372237279953e-06,0.0,6.954781535033021e-06,2.5063283066526426e-05,0.001,3.5447831431875397e-06,3.013666324791672e-06,2.0828971180034588e-06,2.8486878863897036e-06,3.0699303656833637e-06
31170,1.0158478836793944e-06,1.0158478836793944e-06,0.0,6.95297454961742e-06,2.5265189967306188e-05,0.001,3.543819540394496e-06,3.0126937734216138e-06,2.082380408741777e-06,2.8480541349806458e-06,3.0694133002249243e-06
31180,1.015153197301699e-06,1.015153197301699e-06,0.0,6.951152975364169e-06,2.546738297099907e-05,0.001,3.5428482011158923e-06,3.011713507535604e-06,2.081859568661376e-06,2.8474151780679327e-06,3.068891741530421e-06
31190,1.0144531612614247e-06,1.0144531612614247e-06,0.0,6.949316789190627e-06,2.5669872158323817e-05,0.001,3.541869114002166e-06,3.010725518418811e-06,2.0813345921715483e-06,2.8467710052826546e-06,3.0683656752065674e-06
31200,1.013747771999056e-06,1.013747771999056e-06,0.0,6.947465966120847e-06,2.5872667423184535e-05,0.001,3.5408822668035337e-06,3.009729795612054e-06,2.0808054727120434e-06,2.8461216059982796e-06,3.0678350869547418e-06
31210,1.0130370257346512e-06,1.0130370257346512e-06,0.0,6.94560048119215e-06,2.6075778479461382e-05,0.001,3.5398876470233416e-06,3.0087263293568277e-06,2.0802722041262932e-06,2.845466969324157e-06,3.0672999621184613e-06
31220,1.0123209184732501e-06,1.0123209184732501e-06,0.0,6.943720309303227e-06,2.3651293381027698e-05,0.0009000000000000001,3.5388852421000966e-06,3.0077151102483085e-06,2.0797347804218865e-06,2.8448070840494842e-06,3.0667602854876147e-06
31230,1.011671584002975e-06,1.011671584002975e-06,0.0,6.942031971398433e-06,2.3834837820384842e-05,0.0009000000000000001,3.5379973936613735e-06,3.0068116694490804e-06,2.079250506282103e-06,2.8442038085436317e-06,3.0662520633511384e-06
31240,1.0110173930127515e-06,1.0110173930127515e-06,0.0,6.94031735469678e-06,2.4018839095934763e-05,0.0009000000000000001,3.537081532867475e-06,3.0058926922433298e-06,2.078761023959132e-06,2.843600907503734e-06,3.06575731044443e-06
31250,1.01035833711624e-06,1.01035833711624e-06,0.0,6.938585945623732e-06,2.4203216412438146e-05,0.0009000000000000001,3.536157221927548e-06,3.0049651643783254e-06,2.078266342746022e-06,2.842992266643837e-06,3.065262756820473e-06
31260,1.0096944100416273e-06,1.0096944100416273e-06,0.0,6.936843553814094e-06,2.4387948496974812e-05,0.0009000000000000001,3.5352296026900795e-06,3.0040295693927967e-06,2.077768516828255e-06,2.8423788886570546e-06,3.0647579729940286e-06
31270,1.009025606145678e-06,1.009025606145678e-06,0.0,6.935086254249259e-06,2.4573032148850832e-05,0.0009000000000000001,3.5342940043150675e-06,3.0030852827641773e-06,2.0772663869108758e-06,2.8417608151389277e-06,3.0642499719913944e-06
31280,1.0083519198939623e-06,1.0083519198939623e-06,0.0,6.933313517865616e-06,2.4758470208593317e-05,0.0009000000000000001,3.53334897018597e-06,3.0021325622249535e-06,2.076759943900059e-06,2.8411383313842065e-06,3.0637403096388475e-06
31290,1.0076733456806228e-06,1.0076733456806228e-06,0.0,6.931527665826795e-06,2.4944267986095693e-05,0.0009000000000000001,3.5323969479774357e-06,3.0011728061817538e-06,2.0762498006006433e-06,2.8405111844961767e-06,3.0632260087849463e-06
31300,1.006989877767504e-06,1.006989877767504e-06,0.0,6.929729003198002e-06,2.5130432251326642e-05,0.0009000000000000001,3.5314386084892e-06,3.000206495464131e-06,2.0757359390849463e-06,2.8398790468491507e-06,3.062706850410113e-06
31310,1.006301510264982e-06,1.006301510264982e-06,0.0,6.927916564788785e-06,2.531697038829042e-05,0.0009000000000000001,3.5304726254129184e-06,2.9992328804252316e-06,2.0752182279494644e-06,2.839242218095757e-06,3.062183890050196e-06
31320,1.005608237127499e-06,1.005608237127499e-06,0.0,6.926090516428394e-06,2.5503889897537187e-05,0.0009000000000000001,3.529499412751903e-06,2.99825211171099e-06,2.0746966568078686e-06,2.83860053628096e-06,3.061656851879238e-06
31330,1.004910052154191e-06,1.004910052154191e-06,0.0,6.924251001903426e-06,2.5691198202448694e-05,0.0009000000000000001,3.5285191332882093e-06,2.997264243718682e-06,2.074171279697281e-06,2.8379539867448544e-06,3.0611254621454403e-06
31340,1.0042069489912181e-06,1.0042069489912181e-06,0.0,6.922397967087304e-06,2.5878902556279936e-05,0.0009000000000000001,3.5275317155147106e-06,2.996269260154444e-06,2.073642091024519e-06,2.8373025716932563e-06,3.06058976048379e-06
31350,1.0034989211345931e-06,1.0034989211345931e-06,0.0,6.920531331934926e-06,2.6067010073295096e-05,0.0009000000000000001,3.5265371039303285e-06,2.995267134241493e-06,2.0731090563136605e-06,2.8366462728405254e-06,3.0600498098263286e-06
31360,1.0027859619332346e-06,1.0027859619332346e-06,0.0,6.918651051737541e-06,2.6255527766440978e-05,0.0009000000000000001,3.5255352505484887e-06,2.994257832515526e-06,2.0725721671999114e-06,2.835985092206007e-06,3.0595056019101513e-06
31370,1.002068064591981e-06,1.002068064591981e-06,0.0,6.916757120560232e-06,2.6444462569062657e-05,0.0009000000000000001,3.5245261741206596e-06,2.993241361550721e-06,2.072031421404144e-06,2.8353190083866e-06,3.0589570886659767e-06
31380,1.0013452221745362e-06,1.0013452221745362e-06,0.0,6.914849500906359e-06,2.6633821340751793e-05,0.0009000000000000001,3.5235098581576267e-06,2.9922177002893598e-06,2.07148680766372e-06,2.83464800712148e-06,3.0584042516546447e-06
31390,1.000617427606309e-06,1.000617427606309e-06,0.0,6.9129281487925445e-06,2.68236108610278e-05,0.0009000000000000001,3.522486271502005e-06,2.991186825083384e-06,2.070938316018362e-06,2.8339720781038154e-06,3.0578470841118273e-06
31400,9.998846736773453e-07,9.998846736773453e-07,0.0,6.910993029861323e-06,2.7013837826684983e-05,0.0009000000000000001,3.521455397817101e-06,2.99014872254273e-06,2.0703859373054056e-06,2.8332912060639558e-06,3.057285570200505e-06
31410,9.991469530449576e-07,9.991469530449576e-07,0.0,6.909044110249082e-06,2.7204508853426293e-05,0.0009000000000000001,3.5204172208196784e-06,2.9891033779691117e-06,2.0698296622624446e-06,2.8326053764324055e-06,3.056719690927612e-06
31420,9.984042582365126e-07,9.984042582365126e-07,0.0,6.9070813568076925e-06,2.7395630478825676e-05,0.0009000000000000001,3.5193717237136076e-06,2.9880507779834687e-06,2.069269482639179e-06,2.8319145747722747e-06,3.0561494269301178e-06
31430,9.976565816519703e-07,9.976565816519703e-07,0.0,6.905104733741319e-06,2.758720916606038e-05,0.0009000000000000001,3.518318889555167e-06,2.9869909070158633e-06,2.0687053883107936e-06,2.8312187857468967e-06,3.0555747597928114e-06
31440,9.96903915566508e-07,9.96903915566508e-07,0.0,6.903114205280771e-06,2.7779251306770837e-05,0.0009000000000000001,3.5172586999773184e-06,2.985923750125499e-06,2.068137370152444e-06,2.830517994400697e-06,3.054995671295147e-06
31450,9.961462521329892e-07,9.961462521329892e-07,0.0,6.901109734742115e-06,2.797176322317688e-05,0.0009000000000000001,3.516191136159301e-06,2.9848492915776184e-06,2.067565418662714e-06,2.8298121856144153e-06,3.0544121430194653e-06
31460,9.953835833844266e-07,9.953835833844266e-07,0.0,6.899091283832895e-06,2.8164751170180182e-05,0.0009000000000000001,3.5151161793543274e-06,2.983767513912576e-06,2.066989523046257e-06,2.8291013437526888e-06,3.053824156265937e-06
31470,9.946159012363757e-07,9.946159012363757e-07,0.0,6.897058816086967e-06,2.83582213370349e-05,0.0009000000000000001,3.514033810719581e-06,2.9826784025562953e-06,2.0664096743545713e-06,2.828385453234429e-06,3.05323169182669e-06
31480,9.938431974892316e-07,9.938431974892316e-07,0.0,6.895012292270696e-06,2.8552179849576567e-05,0.0009000000000000001,3.5129440110915464e-06,2.9815819395192725e-06,2.065825861468139e-06,2.8276644980417513e-06,3.0526347302845817e-06
31490,9.930654638306173e-07,9.930654638306173e-07,0.0,6.892951674835428e-06,2.874663277178186e-05,0.0009000000000000001,3.511846760945649e-06,2.980478109716116e-06,2.065238075153749e-06,2.8269384622451745e-06,3.052033252066486e-06
31500,9.922826918375324e-07,9.922826918375324e-07,0.0,6.890876923473855e-06,2.8941586107991753e-05,0.0009000000000000001,3.5107420404213952e-06,2.9793668948440948e-06,2.0646463040547263e-06,2.826207329420604e-06,3.051427237630738e-06
31510,9.914948729786426e-07,9.914948729786426e-07,0.0,6.888787999043402e-06,2.9137045804486762e-05,0.0009000000000000001,3.5096298297829074e-06,2.9782482784364995e-06,2.064050537970831e-06,2.825471083054258e-06,3.050816666728108e-06
32770,0.0027357637933787624,0.0027357637933787624,0.0,0.8199236912954408,0.10620629082404996,0.001,0.5389327444999027,0.4994964413452773,0.24237823428858019,0.16188082161469175,0.12695385131249717
32780,0.024970905337962854,0.024970905337962854,0.0,2.1942746172316165,0.024143022157946732,0.001,1.3829685160499137,1.3387619203025498,0.6937174424662869,0.4879299384476811,0.37846281225467426
32790,0.001745985551203865,0.001745985551203865,0.0,0.3931066394528437,0.016163628505416073,0.001,0.21036327883442377,0.2270584149780498,0.13530455965396174,0.12887192966916336,0.11153674573940207
32800,0.0028806023891165067,0.0028806023891165067,0.0,0.5244217733094758,0.006655695466341148,0.001,0.3145551569967209,0.3033455006200668,0.16540445535176423,0.14901391911061573,0.1322266949648528
32810,0.00047633251780273916,0.00047633251780273916,0.0,0.07202015476462068,0.007537586087003702,0.001,0.02400790510492996,0.02817543151509357,0.023379229450590826,0.037289299517827015,0.035412381476867726
32820,0.0006689506968176001,0.0006689506968176001,0.0,0.16142117609976583,0.0037924526760530104,0.001,0.08969848479323937,0.08419522123816044,0.04646569483308377,0.05908013862964688,0.05609136988148075
32830,0.00026250471688004366,0.00026250471688004366,0.0,0.032748039907949715,0.0036308993557593885,0.001,0.01487212433990193,0.014461030617091253,0.008887154334157137,0.015164400519944186,0.014714657513661895
32840,0.00020521070904639817,0.00020521070904639817,0.0,0.048100157527135354,0.003286979468606875,0.001,0.02968946699090246,0.027246826117208297,0.015027911757300758,0.01366415083989753,0.01231345673815667
32850,0.00015349168809992823,0.00015349168809992823,0.0,0.044211314606811075,0.002674548871648079,0.001,0.027276018822226807,0.025129673576565332,0.013804393012507642,0.012580369329176892,0.011177255712291648
32860,0.00010369788227749772,0.00010369788227749772,0.0,0.025021523513375603,0.002400688036817834,0.001,0.0155403006057177,0.014282403753013465,0.007979233643663326,0.007061020179182036,0.006058091041761758
32870,7.076300192880544e-05,7.076300192880544e-05,0.0,0.011246990151710873,0.002128081230868046,0.001,0.00711441214050401,0.006206970544502813,0.00357581238553338,0.003356239612535512,0.0028603916224254986
32880,4.8733733842388924e-05,4.8733733842388924e-05,0.0,0.004864516198425588,0.0018443870141180935,0.001,0.002972355761466709,0.002246677230546703,0.0014903759642837923,0.0018821080757690728,0.001678206027869139
32890,3.33752780206552e-05,3.33752780206552e-05,0.0,0.0034234772256338275,0.0015721230859552756,0.001,0.0019923649617767996,0.0014759521946190088,0.0010690362759639546,0.001427150749325685,0.0012818703433987077
32900,2.2612889969823714e-05,2.2612889969823714e-05,0.0,0.0031042640367008843,0.0013316835864159752,0.001,0.00203921258397702,0.0015349554065733203,0.0009961277219366477,0.0010382165802152496,0.0008810002097863776
32910,1.52387959490815e-05,1.52387959490815e-05,0.0,0.002379272967891629,0.0011176171988354939,0.001,0.0015743621744691491,0.001179037641907097,0.0007757909583154485,0.0007895039457188244,0.0006550290438671492
32920,1.0284733321771234e-05,1.0284733321771234e-05,0.0,0.0013911686285849813,0.0009261703692172799,0.001,0.0008644420745737069,0.0006081031752073932,0.00047058100885998184,0.0005486786856293703,0.00045639002500258576
32930,7.030318198017855e-06,7.030318198017855e-06,0.0,0.0009183791207669203,0.0007610644838943416,0.001,0.0005999807088375692,0.00041061020732705705,0.00033467630864135396,0.0003354179486035755,0.00024923601383222764
32940,4.937748222980819e-06,4.937748222980819e-06,0.0,0.000725983281243827,0.0006204765058459381,0.001,0.00043089377411807564,0.0003551158237965779,0.00025966711873108155,0.0002594959301211835,0.0001961876480055147
32950,3.613315448772377e-06,3.613315448772377e-06,0.0,0.0005902987922358771,0.0005020324610296747,0.001,0.00034290913224678115,0.000297591658828294,0.00020683630183644867,0.00020773024659695164,0.00016023261543176204
32960,2.7893569803477245e-06,2.7893569803477245e-06,0.0,0.0004034950193793226,0.0004042127415539488,0.001,0.0002458649801644767,0.00018489747167445224,0.00014785290817808094,0.00015180623530295452,0.00011412347015682362
32970,2.2864704661997764e-06,2.2864704661997764e-06,0.0,0.00030991892287046024,0.00032326521738214493,0.001,0.0001930575195780785,0.0001378319002905188,0.00011334737238970669,0.00011913231360780324,9.078051752287326e-05
32980,1.984439225212163e-06,1.984439225212163e-06,0.0,0.00022814833601573334,0.0002571608582702064,0.001,0.00014077741431653363,0.00010129894667546375,8.397591490357427e-05,8.844224720013997e-05,6.709313531963938e-05
32990,1.806150982970359e-06,1.806150982970359e-06,0.0,0.00017181435774480552,0.00020308054100900397,0.001,0.00010130923691666428,8.017850854784385e-05,6.209721826272945e-05,6.565801141615764e-05,5.008999195532987e-05
33000,1.7026348945635536e-06,1.7026348945635536e-06,0.0,0.0001246491545632232,0.0001592677442866405,0.001,7.389349693075007e-05,5.686993251001449e-05,4.5333915135767405e-05,4.87208970965366e-05,3.7172545701321874e-05
33010,1.643535078667262e-06,1.643535078667262e-06,0.0,9.050069780130276e-05,0.00012393086896422082,0.001,5.454806360417818e-05,3.9670714589662655e-05,3.322008346163062e-05,3.648557411518783e-05,2.7974341330724454e-05
33020,1.610336427942946e-06,1.610336427942946e-06,0.0,6.568698859903593e-05,9.564314779403033e-05,0.001,3.847038940407242e-05,2.972106443856124e-05,2.376976952994948e-05,2.6297309429485272e-05,2.0091779512544656e-05
33030,1.5919692532649448e-06,1.5919692532649448e-06,0.0,4.704441302858957e-05,7.325410825090536e-05,0.001,2.73201587352693e-05,2.102085463577668e-05,1.7003845040235692e-05,1.9155308699940676e-05,1.4595137084248734e-05
33040,1.5819280998511116e-06,1.5819280998511116e-06,0.0,3.362055852591585e-05,5.58505930344943e-05,0.001,1.9653450086806173e-05,1.4758669282522944e-05,1.2180508213169136e-05,1.3932639979225952e-05,1.0587392399800206e-05
33050,1.576464635062789e-06,1.576464635062789e-06,0.0,2.4175810080075697e-05,4.265685766119284e-05,0.001,1.389107369480359e-05,1.0791810965773566e-05,8.622433413230203e-06,9.983837387116141e-06,7.498336397169708e-06
33060,1.573461664507543e-06,1.573461664507543e-06,0.0,1.7503317068921616e-05,3.304628427439666e-05,0.001,9.99554725263772e-06,7.765654471749718e-06,6.192919310978252e-06,7.292804421742962e-06,5.43122518075833e-06
33070,1.5717486429380864e-06,1.5717486429380864e-06,0.0,1.3066366805913666e-05,2.6485759403192227e-05,0.001,7.4231934471508515e-06,5.813273207564981e-06,4.559952053653137e-06,5.467118473521941e-06,4.0898000568256195e-06
33080,1.5706931921873122e-06,1.5706931921873122e-06,0.0,1.024853625420762e-05,2.2419935676020974e-05,0.001,5.709110618735059e-06,4.6610131835117654e-06,3.4579173255017192e-06,4.245738445760783e-06,3.216959505262698e-06
33090,1.569962026680673e-06,1.569962026680673e-06,0.0,8.572808815531227e-06,2.023644111464702e-05,0.001,4.712675260896525e-06,3.942299546474144e-06,2.8265940460593202e-06,3.5541465491221944e-06,2.8079455474255485e-06
33100,1.5693841026855104e-06,1.5693841026855104e-06,0.0,7.6519971351569e-06,1.9294257720243152e-05,0.001,4.133846739895089e-06,3.56758010316744e-06,2.4567057765852904e-06,3.161376096918435e-06,2.604478486666751e-06
33110,1.5688741152361053e-06,1.5688741152361053e-06,0.0,7.178606339007247e-06,1.9058767477653664e-05,0.001,3.829252981102054e-06,3.3798077201810964e-06,2.2647338357834057e-06,2.9641821877381577e-06,2.5393604041705722e-06
33120,1.5683908112382624e-06,1.5683908112382624e-06,0.0,6.9422464798998894e-06,1.9175433075621343e-05,0.001,3.6703318168984437e-06,3.2878299383348885e-06,2.1665715988869488e-06,2.8678430702928727e-06,2.525639975099036e-06
33130,1.567914896553334e-06,1.567914896553334e-06,0.0,6.8256269280906425e-06,1.9445370207033138e-05,0.001,3.5879486915108245e-06,3.2423163236087358e-06,2.117607108491931e-06,2.8221427460680065e-06,2.529385979258153e-06
33140,1.567437673622788e-06,1.567437673622788e-06,0.0,6.7690089504122894e-06,1.9771937934342905e-05,0.001,3.5458707798373274e-06,3.2206905748949088e-06,2.0946589735302597e-06,2.8016630571641935e-06,2.539473790264251e-06
33150,1.566955382957951e-06,1.566955382957951e-06,0.0,6.739339625665603e-06,2.01123641160476e-05,0.001,3.5226719573652973e-06,3.2092905724193093e-06,2.0820026237350633e-06,2.7912069418610307e-06,2.546810546040012e-06
33160,1.5664664808351532e-06,1.5664664808351532e-06,0.0,6.724256840927757e-06,2.045065847445072e-05,0.001,3.5104422480003484e-06,3.203920744766293e-06,2.0757912429343585e-06,2.7862344502086703e-06,2.5528703507445775e-06
33170,1.565970377309787e-06,1.565970377309787e-06,0.0,6.715817048240217e-06,2.0782142823227385e-05,0.001,3.5034838861862513e-06,3.2009173144055094e-06,2.072088862650675e-06,2.783361646741783e-06,2.556287790488706e-06
33180,1.5654668742032045e-06,1.5654668742032045e-06,0.0,6.711341329942352e-06,2.1106760382320914e-05,0.001,3.4997391072807734e-06,3.19947313381427e-06,2.070198265356752e-06,2.7818615666060844e-06,2.5585208009169168e-06
33190,1.564955925549293e-06,1.564955925549293e-06,0.0,6.7088359476118035e-06,2.1425725049751197e-05,0.001,3.497679020485173e-06,3.198702196989868e-06,2.0691316310848383e-06,2.7809556588577407e-06,2.5597058116202698e-06
33200,1.5644375403484831e-06,1.5644375403484831e-06,0.0,6.7074124220257116e-06,2.174042972543801e-05,0.001,3.496586000325923e-06,3.1982917908953198e-06,2.0685316525472928e-06,2.7803592468435337e-06,2.5602629480665795e-06
33210,1.5639117452327974e-06,1.5639117452327974e-06,0.0,6.706611617509037e-06,2.205198896345471e-05,0.001,3.4960477755351807e-06,3.19810157857058e-06,2.0682321076118225e-06,2.7799631334834572e-06,2.5605405290553733e-06
33220,1.5633785710607776e-06,1.5633785710607776e-06,0.0,6.70604857842261e-06,2.236121607886309e-05,0.001,3.495738361629305e-06,3.197950341308725e-06,2.0680124894212056e-06,2.7796245950757463e-06,2.5605789162300095e-06
33230,1.562838048509482e-06,1.562838048509482e-06,0.0,6.70565801995932e-06,2.2668660012042294e-05,0.001,3.4955855557478664e-06,3.197862263937712e-06,2.067890466221591e-06,2.779349986216577e-06,2.560575986961426e-06
33240,1.562290206811659e-06,1.562290206811659e-06,0.0,6.7053007613761035e-06,2.2974680245030884e-05,0.001,3.4954760020145967e-06,3.197765926611389e-06,2.067773414100189e-06,2.7790761907342395e-06,2.5605052049406357e-06
33250,1.5617350734950707e-06,1.5617350734950707e-06,0.0,6.704963895973914e-06,2.3279514062884124e-05,0.001,3.495388012662589e-06,3.197673745164804e-06,2.0676702271852802e-06,2.7788108368735314e-06,2.560430664859307e-06
33260,1.5611726744001267e-06,1.5611726744001267e-06,0.0,6.704624240946106e-06,2.3583318417172706e-05,0.001,3.4953013368409445e-06,3.1975780846980596e-06,2.0675674163943043e-06,2.7785439263562253e-06,2.560355898517708e-06
33270,1.5606030337570673e-06,1.5606030337570673e-06,0.0,6.704270707318747e-06,2.3886203652064035e-05,0.001,3.4952067727307417e-06,3.197474800892054e-06,2.0674573416919377e-06,2.778269580457374e-06,2.560278430287411e-06
33280,1.5600261742672298e-06,1.5600261742672298e-06,0.0,6.703907872362422e-06,2.418825248321763e-05,0.001,3.4951060933668197e-06,3.197369198817621e-06,2.067345081430296e-06,2.777991581254378e-06,2.5602075767854676e-06
33290,1.5594421171776277e-06,1.5594421171776277e-06,0.0,6.7035338138967445e-06,2.448953181075134e-05,0.001,3.494998137100741e-06,3.197259694045588e-06,2.0672281860645374e-06,2.7777080786405335e-06,2.5601389044542353e-06
33300,1.5588508823493902e-06,1.5588508823493902e-06,0.0,6.703150110552087e-06,2.479009992083397e-05,0.001,3.494884354816516e-06,3.1971469764596767e-06,2.0671073489690574e-06,2.777419413727503e-06,2.5600714144736156e-06
33310,1.5582524883210473e-06,1.5582524883210473e-06,0.0,6.7027590806868e-06,2.509001008985045e-05,0.001,3.4947664859097204e-06,3.19703221976299e-06,2.066984105914845e-06,2.777126743064613e-06,2.560005631755978e-06
33320,1.5576469523674956e-06,1.5576469523674956e-06,0.0,6.702361311249797e-06,2.538931254896232e-05,0.001,3.494645265988263e-06,3.1969152894415474e-06,2.066858448973679e-06,2.7768300114140195e-06,2.5599401190998967e-06
33330,1.5570342905552413e-06,1.5570342905552413e-06,0.0,6.701957504423595e-06,2.5688055479998158e-05,0.001,3.4945213580568037e-06,3.1967963033607033e-06,2.066730677097078e-06,2.776529438798669e-06,2.55987435375108e-06
33340,1.5564145177940753e-06,1.5564145177940753e-06,0.0,6.701548319379287e-06,2.5986285399528132e-05,0.001,3.4943953154324476e-06,3.196675497840837e-06,2.066601193273355e-06,2.7762253252871857e-06,2.5598083111950156e-06
33350,1.5557876478855242e-06,1.5557876478855242e-06,0.0,6.7011339890643945e-06,2.628404730158359e-05,0.001,3.4942673871977184e-06,3.196552884030233e-06,2.0664700822120303e-06,2.775917722951104e-06,2.5597417464065596e-06
33360,1.5551536935682774e-06,1.5551536935682774e-06,0.0,6.700714598586029e-06,2.6581384720499346e-05,0.001,3.4941376544799057e-06,3.1964284361654127e-06,2.0663373581147067e-06,2.775606662138854e-06,2.5596745302194327e-06
33370,1.5545126665609233e-06,1.5545126665609233e-06,0.0,6.700290224507506e-06,2.6878339740860684e-05,0.001,3.4940061869741765e-06,3.196302173463156e-06,2.066203063496708e-06,2.7752921774789173e-06,2.559606651413673e-06
33380,1.5538645776019819e-06,1.5538645776019819e-06,0.0,6.699860892133658e-06,2.717495301019628e-05,0.001,3.4938730012694098e-06,3.1961740976778618e-06,2.066067214522173e-06,2.7749742892974554e-06,2.559538118853558e-06
33390,1.5532094364877662e-06,1.5532094364877662e-06,0.0,6.69942659128347e-06,2.7471263769440583e-05,0.001,3.4937380848886593e-06,3.1960441918239893e-06,2.0659298039242898e-06,2.7746530000525195e-06,2.559468928613883e-06
33400,1.552547252107877e-06,1.552547252107877e-06,0.0,6.698987308496525e-06,2.7767309894862098e-05,0.001,3.493601422602086e-06,3.1959124398020916e-06,2.0657908256798937e-06,2.7743283110896645e-06,2.5593990836793253e-06
33410,1.551878032478723e-06,1.551878032478723e-06,0.0,6.69854303031223e-06,2.806312795133846e-05,0.001,3.493462997367957e-06,3.195778827418658e-06,2.06565027552479e-06,2.774000226600089e-06,2.5593285962052524e-06
33420,1.5512017847751812e-06,1.5512017847751812e-06,0.0,6.698093743703486e-06,2.83587532511456e-05,0.001,3.4933227944357916e-06,3.195643340517084e-06,2.0655081492966934e-06,2.7736687496728083e-06,2.5592574764026317e-06
33430,1.550518515360463e-06,1.550518515360463e-06,0.0,6.697639435523584e-06,2.865421991638093e-05,0.001,3.4931807989091864e-06,3.1955059633602595e-06,2.0653644423620665e-06,2.7733338835231606e-06,2.5591857320348235e-06
33440,1.5498282298144196e-06,1.5498282298144196e-06,0.0,6.697180093661639e-06,2.8949560941100163e-05,0.001,3.493036997860124e-06,3.1953666799782077e-06,2.065219150488132e-06,2.772995630905833e-06,2.559113368290853e-06
33450,1.5491309329601556e-06,1.5491309329601556e-06,0.0,6.6967157070604825e-06,2.924480825156111e-05,0.001,3.492891379322665e-06,3.1952254747914733e-06,2.0650722702323987e-06,2.7726539951915394e-06,2.5590403906414243e-06
33460,1.5484266288895467e-06,1.5484266288895467e-06,0.0,6.696246265183537e-06,2.9539992763641517e-05,0.001,3.492743932230878e-06,3.195082332124701e-06,2.0649237985729158e-06,2.772308979590246e-06,2.5589668034922697e-06
33470,1.5477153209869229e-06,1.5477153209869229e-06,0.0,6.6957717565776e-06,2.983514443672434e-05,0.001,3.492594645061154e-06,3.1949372362052616e-06,2.064773731772276e-06,2.77196058693671e-06,2.558892611569289e-06
33480,1.5469970119521527e-06,1.5469970119521527e-06,0.0,6.695292170410769e-06,3.0130292324157513e-05,0.001,3.4924435070534255e-06,3.1947901710592516e-06,2.064622066932324e-06,2.7716088200194666e-06,2.558817818681514e-06
33490,1.5462717038219437e-06,1.5462717038219437e-06,0.0,6.694807494921709e-06,3.042546462036402e-05,0.001,3.4922905067805515e-06,3.1946411204281417e-06,2.0644688006434933e-06,2.7712536813489255e-06,2.5587424289947927e-06
33500,1.545539397990559e-06,1.545539397990559e-06,0.0,6.69431771721794e-06,3.0720688704846405e-05,0.001,3.4921356323553465e-06,3.1944900677202378e-06,2.0643139287581525e-06,2.7708951727264183e-06,2.5586664465177813e-06
33510,1.5448000952291834e-06,1.5448000952291834e-06,0.0,6.693822824621847e-06,3.10159911831714e-05,0.001,3.4919788720430308e-06,3.194336996032801e-06,2.064157447746825e-06,2.7705332960553947e-06,2.5585898749728917e-06
33520,1.5440537957045236e-06,1.5440537957045236e-06,0.0,6.693322803519094e-06,3.131139792546382e-05,0.001,3.4918202136864767e-06,3.1941818882506495e-06,2.0639993535468764e-06,2.770168052746537e-06,2.5585127182776052e-06
33530,1.5433004989964655e-06,1.5433004989964655e-06,0.0,6.6928176394764245e-06,3.160693410255414e-05,0.001,3.4916596445882293e-06,3.1940247268607667e-06,2.063839641703133e-06,2.7697994438963857e-06,2.5584349803880527e-06
33540,1.542540204114805e-06,1.542540204114805e-06,0.0,6.692307317483919e-06,3.190262421977606e-05,0.001,3.4914971518619673e-06,3.193865493939728e-06,2.063678307557357e-06,2.7694274701891768e-06,2.5583566648403887e-06
33550,1.5417729095153021e-06,1.5417729095153021e-06,0.0,6.691791823068165e-06,3.2198492148936444e-05,0.001,3.4913327231265697e-06,3.193704171641569e-06,2.0635153473176235e-06,2.7690521325415233e-06,2.558277775373047e-06
33560,1.54099861311498e-06,1.54099861311498e-06,0.0,6.691271139419938e-06,3.24945611583119e-05,0.001,3.491166344370431e-06,3.1935407413088162e-06,2.0633507553244646e-06,2.7686734309113044e-06,2.5581983156904994e-06
33570,1.540217312306657e-06,1.540217312306657e-06,0.0,6.690745250323013e-06,3.2790853940940796e-05,0.001,3.4909980022754363e-06,3.1933751843720228e-06,2.0631845267993467e-06,2.7682913653679724e-06,2.558118289447152e-06
33580,1.539429003972899e-06,1.539429003972899e-06,0.0,6.690214139643788e-06,3.3087392641391856e-05,0.001,3.490827683578717e-06,3.1932074819606257e-06,2.0630166574043576e-06,2.7679059360573426e-06,2.5580377001042916e-06
33590,1.5386336844992181e-06,1.5386336844992181e-06,0.0,6.6896777886763626e-06,3.338419888089297e-05,0.001,3.4906553734009046e-06,3.19303761457817e-06,2.062847140653418e-06,2.767517141969178e-06,2.5579565513328886e-06
33600,1.537831349786876e-06,1.537831349786876e-06,0.0,6.689136180661257e-06,3.368129378122471e-05,0.001,3.490481058326552e-06,3.1928655628080764e-06,2.062675972265745e-06,2.7671249828571884e-06,2.5578748462849543e-06
33610,1.5370219952649927e-06,1.5370219952649927e-06,0.0,6.688589296253595e-06,3.397869798719846e-05,0.001,3.4903047231940156e-06,3.192691306650775e-06,2.0625031458097144e-06,2.7667294574518795e-06,2.557792588625955e-06
33620,1.5362056159021294e-06,1.5362056159021294e-06,0.0,6.688037117025111e-06,3.427643168796913e-05,0.001,3.4901263536620723e-06,3.192514826001713e-06,2.0623286560525913e-06,2.7663305647461077e-06,2.5577097815188694e-06
33630,1.5353822062174668e-06,1.5353822062174668e-06,0.0,6.687479623344141e-06,3.4574514637158916e-05,0.001,3.4899459345626673e-06,3.192336100381356e-06,2.0621524969397314e-06,2.765928303316851e-06,2.5576264284339007e-06
33640,1.534551760291453e-06,1.534551760291453e-06,0.0,6.6869167949190486e-06,3.4872966171957124e-05,0.001,3.489763450445219e-06,3.192155108836145e-06,2.0619746620945684e-06,2.765522671320281e-06,2.557542532356594e-06
33650,1.533714271775998e-06,1.533714271775998e-06,0.0,6.686348612139408e-06,3.5171805231257865e-05,0.001,3.4895788863977153e-06,3.1919718305381367e-06,2.061795146119353e-06,2.7651136672964595e-06,2.5574580966270336e-06
33660,1.5328697339042638e-06,1.5328697339042638e-06,0.0,6.685775052943909e-06,3.5471050372798224e-05,0.001,3.48939222584571e-06,3.1917862438413814e-06,2.0616139415809472e-06,2.7647012887375755e-06,2.557373124497479e-06
33670,1.5320181395001225e-06,1.5320181395001225e-06,0.0,6.685196096959741e-06,3.5770719789341863e-05,0.001,3.489203453574456e-06,3.1915983272576035e-06,2.061431042978831e-06,2.7642855337713013e-06,2.557287618896912e-06
33680,1.5311594809870183e-06,1.5311594809870183e-06,0.0,6.684611721462625e-06,3.6070831324291014e-05,0.001,3.4890125527771017e-06,3.1914080586233886e-06,2.0612464428644246e-06,2.7638663995690716e-06,2.557201582958125e-06
33690,1.530293750396856e-06,1.530293750396856e-06,0.0,6.684021904632065e-06,3.637140248625456e-05,0.001,3.48881950731039e-06,3.19121541577306e-06,2.061060134983924e-06,2.763443883749702e-06,2.5571150197870685e-06
33700,1.5294209393780911e-06,1.5294209393780911e-06,0.0,6.683426623423605e-06,3.6672450463052565e-05,0.001,3.4886243003776124e-06,3.1910203760574236e-06,2.06087211219871e-06,2.763017983294231e-06,2.5570279322617285e-06
33710,1.5285410392038727e-06,1.5285410392038727e-06,0.0,6.682825854115779e-06,3.697399213500009e-05,0.001,3.48842691465552e-06,3.190822916430804e-06,2.0606823670493906e-06,2.76258869502237e-06,2.5569403233519006e-06
33720,1.527654040779666e-06,1.527654040779666e-06,0.0,6.682219573734898e-06,3.7276044087415874e-05,0.001,3.4882273335265443e-06,3.190623013896081e-06,2.0604908930946944e-06,2.762156016024612e-06,2.5568521959749446e-06
33730,1.5267599346506692e-06,1.5267599346506692e-06,0.0,6.681607757606967e-06,3.7578622622823285e-05,0.001,3.4880255392785136e-06,3.1904206447745336e-06,2.0602976825606946e-06,2.761719942622332e-06,2.5567635527992435e-06
33740,1.5258587110089084e-06,1.5258587110089084e-06,0.0,6.680990380195854e-06,3.7881743772329274e-05,0.001,3.487821513536953e-06,3.1902157850474096e-06,2.060102727166494e-06,2.7612804709391256e-06,2.5566743968256757e-06
33750,1.5249503597001276e-06,1.5249503597001276e-06,0.0,6.680367417412131e-06,3.8185423306432e-05,0.001,3.487615239185254e-06,3.19000841084023e-06,2.059906020318049e-06,2.760837597595521e-06,2.556584730750812e-06
33760,1.5240348702303064e-06,1.5240348702303064e-06,0.0,6.67973884283188e-06,3.848967674557637e-05,0.001,3.4874066974401796e-06,3.189798497459e-06,2.059707553487432e-06,2.760391318297128e-06,2.5564945572582253e-06
33770,1.523112231772197e-06,1.523112231772197e-06,0.0,6.679104630921158e-06,3.491506743297286e-05,0.0009000000000000001,3.4871958702786504e-06,3.1895860202105178e-06,2.0595073193138248e-06,2.7599416291089324e-06,2.556403878882948e-06
33780,1.5222754082632682e-06,1.5222754082632682e-06,0.0,6.678541724109991e-06,3.519001777669761e-05,0.0009000000000000001,3.487015734599175e-06,3.1893967763468156e-06,2.0593356796258835e-06,2.7595348480152942e-06,2.5563116503732553e-06
33790,1.5214321179900514e-06,1.5214321179900514e-06,0.0,6.6779584275423555e-06,3.546557673538077e-05,0.0009000000000000001,3.486819258146899e-06,3.1892041376979682e-06,2.05914664095961e-06,2.759120966771863e-06,2.556224945802194e-06
33800,1.5205823481405296e-06,1.5205823481405296e-06,0.0,6.677374919498457e-06,3.574172627463529e-05,0.0009000000000000001,3.4866240620172185e-06,3.1890092287090596e-06,2.058961673007042e-06,2.758706967178534e-06,2.5561391537036485e-06
33810,1.5197260868005791e-06,1.5197260868005791e-06,0.0,6.676786682148103e-06,3.6018471445722765e-05,0.0009000000000000001,3.4864285622039963e-06,3.18881076190793e-06,2.0587766045309286e-06,2.758289776217393e-06,2.556053041011836e-06
33820,1.5188633221921207e-06,1.5188633221921207e-06,0.0,6.6761890338387024e-06,3.629582194692577e-05,0.0009000000000000001,3.4862275467624503e-06,3.1886078665127842e-06,2.0585868006028503e-06,2.757868822007942e-06,2.5559686710478236e-06
33830,1.5179940424080894e-06,1.5179940424080894e-06,0.0,6.675587818060349e-06,3.6573788129053905e-05,0.0009000000000000001,3.486025498390695e-06,3.18840244764176e-06,2.0583973844745022e-06,2.7574458282444777e-06,2.555884421826062e-06
33840,1.5171182353223503e-06,1.5171182353223503e-06,0.0,6.674981166928839e-06,3.6852380884367895e-05,0.0009000000000000001,3.485821395791327e-06,3.1881946601085984e-06,2.0582061299695954e-06,2.7570194591344622e-06,2.555799713208261e-06
33850,1.5162358885605738e-06,1.5162358885605738e-06,0.0,6.674368950444972e-06,3.713161147324036e-05,0.0009000000000000001,3.4856148148380433e-06,3.1879845481813032e-06,2.0580128207394644e-06,2.7565898366422483e-06,2.5557146646809647e-06
33860,1.5153469894927602e-06,1.5153469894927602e-06,0.0,6.673751958023685e-06,3.741149154452346e-05,0.0009000000000000001,3.4854063206558146e-06,3.1877722292990934e-06,2.0578182276430362e-06,2.7561572736987906e-06,2.5556290871580736e-06
33870,1.5144515252329767e-06,1.5144515252329767e-06,0.0,6.673129759518265e-06,3.7692033015752564e-05,0.0009000000000000001,3.48519572543571e-06,3.1875575538450075e-06,2.05762196851073e-06,2.755721519990368e-06,2.5555429041970767e-06
33880,1.5135494826419427e-06,1.5135494826419427e-06,0.0,6.672502163375376e-06,3.7973247847966045e-05,0.0009000000000000001,3.4849828779630914e-06,3.187340403073235e-06,2.0574239183653818e-06,2.755282550688701e-06,2.555456201701984e-06
33890,1.5126408483300613e-06,1.5126408483300613e-06,0.0,6.6718692697521625e-06,3.8255147908018175e-05,0.0009000000000000001,3.4847678289867195e-06,3.1871207475126933e-06,2.0572242216629037e-06,2.7548404560567665e-06,2.555369041308982e-06
33900,1.5117256086608513e-06,1.5117256086608513e-06,0.0,6.671231060203259e-06,3.853774491660401e-05,0.0009000000000000001,3.484550579933838e-06,3.186898566249285e-06,2.0570228846745406e-06,2.7543952312241914e-06,2.555281439806933e-06
33910,1.5108037497544198e-06,1.5108037497544198e-06,0.0,6.670587471959641e-06,3.882105043885103e-05,0.0009000000000000001,3.484331092457127e-06,3.1866738348747153e-06,2.0568198625284158e-06,2.7539468503972317e-06,2.5551934028693706e-06
33920,1.5098752574907341e-06,1.5098752574907341e-06,0.0,6.669938477230043e-06,3.910507589655018e-05,0.0009000000000000001,3.4841093421835326e-06,3.1864465317763646e-06,2.056615144084706e-06,2.7534953084890674e-06,2.5551049294691875e-06
33930,1.5089401175128954e-06,1.5089401175128954e-06,0.0,6.669284056887823e-06,3.9389832586686544e-05,0.0009000000000000001,3.483885314630513e-06,3.186216635385726e-06,2.056408727224245e-06,2.7530406013774357e-06,2.555016012438667e-06
33940,1.5079983152303518e-06,1.5079983152303518e-06,0.0,6.668624184244389e-06,3.967533169527296e-05,0.0009000000000000001,3.4836589934722323e-06,3.1859841224922632e-06,2.0562006036532166e-06,2.7525827209224855e-06,2.5549266479513367e-06
33950,1.5070498358218415e-06,1.5070498358218415e-06,0.0,6.667958829325444e-06,3.99615843047003e-05,0.0009000000000000001,3.4834303593654414e-06,3.185748968794458e-06,2.055990763307281e-06,2.7521216600797144e-06,2.554836839103364e-06
33960,1.5060946642384753e-06,1.5060946642384753e-06,0.0,6.667287962345594e-06,4.0248601397155184e-05,0.0009000000000000001,3.483199392345918e-06,3.185511148696096e-06,2.055779197254258e-06,2.7516574130651168e-06,2.5547465900768624e-06
33970,1.5051327852065371e-06,1.5051327852065371e-06,0.0,6.666611552853917e-06,4.053639385709862e-05,0.0009000000000000001,3.4829660722264946e-06,3.185270635347765e-06,2.055565896285008e-06,2.7511899733683466e-06,2.5546559026693405e-06
33980,1.5041641832303558e-06,1.5041641832303558e-06,0.0,6.665929570079505e-06,4.0824972473869465e-05,0.0009000000000000001,3.4827303789685784e-06,3.1850274017069182e-06,2.055350850977493e-06,2.7507193338595702e-06,2.55456477750915e-06
33990,1.5031888425949596e-06,1.5031888425949596e-06,0.0,6.665241983261336e-06,4.111434794479412e-05,0.0009000000000000001,3.482492292636947e-06,3.184781420976857e-06,2.0551340520256747e-06,2.7502454873585735e-06,2.5544732154514116e-06
34000,1.5022067473687766e-06,1.5022067473687766e-06,0.0,6.664548761016272e-06,4.140453087853699e-05,0.0009000000000000001,3.4822517926611064e-06,3.184532666255004e-06,2.0549154897293756e-06,2.749768426672701e-06,2.5543812179062706e-06
34010,1.5012178814061227e-06,1.5012178814061227e-06,0.0,6.663849871711656e-06,4.1695531798531494e-05,0.0009000000000000001,3.4820088582660073e-06,3.184281110485161e-06,2.0546951544107737e-06,2.7492881446550346e-06,2.5542887865923234e-06
34020,1.5002222283497784e-06,1.5002222283497784e-06,0.0,6.663145283633616e-06,4.198736114616803e-05,0.0009000000000000001,3.4817634687964887e-06,3.1840267261346622e-06,2.0544730366222113e-06,2.748804633993318e-06,2.55419592246082e-06
34030,1.499219771633383e-06,1.499219771633383e-06,0.0,6.662434963992536e-06,4.2280029283840084e-05,0.0009000000000000001,3.481515602912932e-06,3.1837694852423193e-06,2.054249126149485e-06,2.7483178869783217e-06,2.554102626570388e-06
34040,1.4982104944837584e-06,1.4982104944837584e-06,0.0,6.661718879569334e-06,4.257354649791882e-05,0.0009000000000000001,3.4812652389801598e-06,3.183509359435398e-06,2.0540234126670477e-06,2.7478278957958445e-06,2.5540088998297634e-06
34050,1.4971943799232802e-06,1.4971943799232802e-06,0.0,6.660996996840056e-06,4.2867923001535704e-05,0.0009000000000000001,3.481012355158414e-06,3.1832463202755836e-06,2.0537958858159192e-06,2.747334652687544e-06,2.5539147437461022e-06
34060,1.4961714107721023e-06,1.4961714107721023e-06,0.0,6.660269282419439e-06,4.3163168937192563e-05,0.0009000000000000001,3.480756929837543e-06,3.1829803388587875e-06,2.053566535690921e-06,2.746838149836939e-06,2.553820158956102e-06
35320,0.003029454133679496,0.003029454133679496,0.0,0.7449002002167585,0.10620707440437696,0.001,0.4687616641550013,0.44230961322821316,0.23823021347190437,0.18192054261096488,0.14956826781947516
35330,0.015915659797019564,0.015915659797019564,0.0,1.4267925008872788,0.022585033271992027,0.001,0.8510932929365369,0.824968968783288,0.4673068531743115,0.4187647352335681,0.35212206032811205
35340,0.0015088071074808966,0.0015088071074808966,0.0,0.36244745296147435,0.012640629280931166,0.001,0.20946348559497366,0.20642368070467776,0.1212362920067548,0.11261343176649823,0.0975364036075436
35350,0.0015747173896432356,0.0015747173896432356,0.0,0.3434599705765808,0.008117663069889074,0.001,0.1901582857293033,0.18990550535633097,0.11664230733648227,0.11717178087405418,0.103666723172771
35360,0.0005469843075056303,0.0005469843075056303,0.0,0.15796187719716015,0.004629119577057431,0.001,0.08806035222747334,0.08757395450659888,0.053738883408802736,0.05352732476739782,0.04696015223425146
35370,0.00029574129361330346,0.00029574129361330346,0.0,0.07080704919838884,0.0044484116546378415,0.001,0.0382398690887796,0.038279251804516475,0.023908151983932802,0.025170657009022466,0.022746884064851685
35380,0.0002828533402165551,0.0002828533402165551,0.0,0.08992668131206831,0.00313338576727239,0.001,0.050295723357488276,0.049771388961350305,0.030285318299724286,0.030123260970484136,0.02675398787261256
35390,0.00018024598425927043,0.00018024598425927043,0.0,0.04878223607238412,0.0029663807890241895,0.001,0.02710130925926466,0.027019301901445317,0.016434391877676355,0.01643188053208554,0.014529601510956842
35400,0.00012558155838915432,0.00012558155838915432,0.0,0.02327236860451041,0.0028436337509236296,0.001,0.013052259253517887,0.013047876001016987,0.007822299722476639,0.0075781703813075285,0.0066358822661613795
35410,9.283637198296391e-05,9.283637198296391e-05,0.0,0.014145363602711087,0.002653018040363567,0.001,0.007901779562689998,0.007963642833118782,0.004754393959298217,0.004578082519799767,0.003976492160115009
35420,6.847265450261746e-05,6.847265450261746e-05,0.0,0.01121300764829276,0.0024130344815684332,0.001,0.006354209547342017,0.006359768791723447,0.0037427805117511734,0.003527339699937225,0.003044952153184453
35430,4.941548560994322e-05,4.941548560994322e-05,0.0,0.008490122904234456,0.0021784276316640875,0.001,0.0048021153493539425,0.004830504142723895,0.0028341088325675155,0.0026597605791563446,0.00227752821055251
35440,3.476309683347051e-05,3.476309683347051e-05,0.0,0.003922756301476678,0.0019589373220655617,0.001,0.0021812006148088058,0.0022466882539957074,0.0013357222950751842,0.0012257391699004932,0.001005834730314506
35450,2.4149647596222092e-05,2.4149647596222092e-05,0.0,0.0016354876419223965,0.0017378715183823713,0.001,0.000967273265590822,0.000727565905057804,0.0005918802158343867,0.0006936947792528936,0.0005782005967288293
35460,1.654805183172079e-05,1.654805183172079e-05,0.0,0.0019231549980323894,0.0015258748522855392,0.001,0.0011706181693896774,0.0009277768696892512,0.0006575830183193487,0.0007419205245381963,0.0006416668008101044
35470,1.1159904361442292e-05,1.1159904361442292e-05,0.0,0.001025060225594567,0.001312423320662157,0.001,0.0005410068774260956,0.0005294600131662517,0.0003837616385009469,0.0003922716066144919,0.0003045356978892187
35480,7.49512664828249e-06,7.49512664828249e-06,0.0,0.000981216322619361,0.0011075608977225765,0.001,0.0005277142945814548,0.0005384197877339805,0.0003526143321192341,0.0003401327501652384,0.000264537292831504
35490,5.061151005172472e-06,5.061151005172472e-06,0.0,0.0006301810794763672,0.0009253735448608983,0.001,0.0003663784774794304,0.00027149693172254485,0.0002351725732148642,0.0002729324898616994,0.00022481080845770788
35500,3.495420848382283e-06,3.495420848382283e-06,0.0,0.00047108305298034165,0.0007592892426154763,0.001,0.0002496203770128213,0.0002330392014425755,0.00017858701472059943,0.00018824288106298484,0.00014796675146248875
35510,2.520438704756106e-06,2.520438704756106e-06,0.0,0.00035170177542145724,0.0006110970994500861,0.001,0.00018754713406123668,0.00017013607130955403,0.00013391216899316758,0.0001432599784702818,0.00011284227232815894
35520,1.9323769739471244e-06,1.9323769739471244e-06,0.0,0.00025508343377762425,0.0004853693669444495,0.001,0.00014073220543665374,0.00011277740890170284,9.79662568895915e-05,0.00011038678231274536,8.863929972115705e-05
35530,1.589136783051247e-06,1.589136783051247e-06,0.0,0.00020151798355513636,0.0003779349575675595,0.001,0.00010719359253830738,0.0001002981906652834,7.595498840629344e-05,7.969133625563746e-05,6.267464204541568e-05
35540,1.395371293096053e-06,1.395371293096053e-06,0.0,0.00013703939674069416,0.00029018662505149846,0.001,7.559100371617513e-05,6.0734026664418264e-05,5.2612943607093474e-05,5.9046658271321916e-05,4.740179538788839e-05
35550,1.289605142114146e-06,1.289605142114146e-06,0.0,0.00010267681533171386,0.00021900857717989709,0.001,5.486108229671567e-05,5.015933319881971e-05,3.886976439145634e-05,4.119113737717891e-05,3.2388536580617784e-05
35560,1.2337825443284001e-06,1.2337825443284001e-06,0.0,6.903559299106233e-05,0.00016322026837766848,0.001,3.784451327820889e-05,3.118964895715639e-05,2.647267047893235e-05,2.9261979244284147e-05,2.3314340142578417e-05
35570,1.20527757829134e-06,1.20527757829134e-06,0.0,4.88214761743103e-05,0.00012015821088083373,0.001,2.642327816541469e-05,2.313150093677216e-05,1.8563900376393094e-05,1.9931316410553577e-05,1.5653311872100997e-05
35580,1.1911652467233656e-06,1.1911652467233656e-06,0.0,3.30125680027564e-05,8.804945911091326e-05,0.001,1.809737937352149e-05,1.5348751935835187e-05,1.2557165847223611e-05,1.3551749661261439e-05,1.062128112855317e-05
35590,1.184350795087764e-06,1.184350795087764e-06,0.0,2.2224400550609912e-05,6.476652779869313e-05,0.001,1.2451416972164785e-05,1.0151942972652263e-05,8.413670275675231e-06,9.10126452011193e-06,7.071932523265052e-06
35600,1.1810928133409093e-06,1.1810928133409093e-06,0.0,1.5318784823941107e-05,4.869435919805281e-05,0.001,8.526774458916317e-06,7.267062189240585e-06,5.716991845480331e-06,6.015556709013164e-06,4.571054006872075e-06
35610,1.1794969173113964e-06,1.1794969173113964e-06,0.0,1.0527330221232667e-05,3.829325786589298e-05,0.001,6.20216134925555e-06,4.7909575498809215e-06,3.84975567841032e-06,4.1147272277220926e-06,3.052928798080405e-06
35620,1.1786431334104204e-06,1.1786431334104204e-06,0.0,7.813124326171192e-06,3.212779432138853e-05,0.001,4.664790895002919e-06,3.610467319269727e-06,2.7682876976186152e-06,2.957581598465503e-06,2.119678398871542e-06
35630,1.1781036789896985e-06,1.1781036789896985e-06,0.0,6.370086936984917e-06,2.8865572336351112e-05,0.001,3.8458393702450856e-06,2.96534958366538e-06,2.1782773966296726e-06,2.378594283743116e-06,1.6695802034349562e-06
35640,1.1776885883662836e-06,1.1776885883662836e-06,0.0,5.736103212185825e-06,2.7357540510855114e-05,0.001,3.541133782433207e-06,2.661507777516648e-06,1.9048572295258886e-06,2.1455303329764477e-06,1.500392486585405e-06
35650,1.1773176038122366e-06,1.1773176038122366e-06,0.0,5.450143216606141e-06,2.6805019266316144e-05,0.001,3.3432657635499466e-06,2.5417301359912525e-06,1.787863912611882e-06,2.0617766614757393e-06,1.458993478897773e-06
35660,1.1769586379446091e-06,1.1769586379446091e-06,0.0,5.327967789891195e-06,2.674271160724535e-05,0.001,3.2398162468503137e-06,2.492245559260538e-06,1.741316444737769e-06,2.04012694336117e-06,1.4618320359946655e-06
35670,1.176599652169674e-06,1.176599652169674e-06,0.0,5.2943003907761534e-06,2.6925399954505875e-05,0.001,3.2177755581874687e-06,2.4795273053161334e-06,1.726552015813736e-06,2.037312169783028e-06,1.4683626861108312e-06
35680,1.1762364670262179e-06,1.1762364670262179e-06,0.0,5.281418837017347e-06,2.723188921959649e-05,0.001,3.206988813253982e-06,2.475525861945677e-06,1.7212360342700523e-06,2.038577416465165e-06,1.4744316020497868e-06
35690,1.1758677764503003e-06,1.1758677764503003e-06,0.0,5.27088377269079e-06,2.760247390280903e-05,0.001,3.1940476859072226e-06,2.4716278967869658e-06,1.7180505898837498e-06,2.039585345441269e-06,1.4788647158798239e-06
35700,1.1754932394874992e-06,1.1754932394874992e-06,0.0,5.266035807532914e-06,2.800663843490583e-05,0.001,3.187974033770621e-06,2.469784309364632e-06,1.7166373467327584e-06,2.040000390662511e-06,1.4808535761829981e-06
35710,1.1751128047120627e-06,1.1751128047120627e-06,0.0,5.265192999286679e-06,2.8427984602309146e-05,0.001,3.1873988903834562e-06,2.4696382543174723e-06,1.7163298566849867e-06,2.040099152264661e-06,1.4813377988807919e-06
35720,1.1747264936525006e-06,1.1747264936525006e-06,0.0,5.265186952973978e-06,2.885739425017003e-05,0.001,3.1879353813229876e-06,2.4697696401101584e-06,1.7162770144315055e-06,2.0399126137697184e-06,1.4811924791610447e-06
35730,1.1743343402747025e-06,1.1743343402747025e-06,0.0,5.264896470575525e-06,2.9289805513100063e-05,0.001,3.187967299827552e-06,2.4696816134736786e-06,1.7161982886216535e-06,2.03960855635954e-06,1.4808908252644491e-06
35740,1.1739363775667555e-06,1.1739363775667555e-06,0.0,5.2644039421817505e-06,2.9722478389926605e-05,0.001,3.1876748207439466e-06,2.4694786923896623e-06,1.7160897479285994e-06,2.039284799224565e-06,1.4805830669985454e-06
35750,1.1735326359572165e-06,1.1735326359572165e-06,0.0,5.263899302043541e-06,3.0154022437318276e-05,0.001,3.1873836024769933e-06,2.4692820878210804e-06,1.71597297281113e-06,2.038960871714282e-06,1.4802892357134066e-06
35760,1.1731231437676478e-06,1.1731231437676478e-06,0.0,5.263417380339176e-06,3.0583828532639816e-05,0.001,3.1871453378071724e-06,2.4691092218840403e-06,1.7158540558362661e-06,2.038654394051827e-06,1.4800228157878267e-06
35770,1.172707927622272e-06,1.172707927622272e-06,0.0,5.262919721092813e-06,3.101171795712966e-05,0.001,3.1868996023929436e-06,2.4689391804720557e-06,1.7157260532245214e-06,2.0383673284128798e-06,1.4797911362906645e-06
35780,1.1722870126393113e-06,1.1722870126393113e-06,0.0,5.262378611225956e-06,3.143772761787904e-05,0.001,3.1866062648338404e-06,2.4687574027960833e-06,1.7155829805162698e-06,2.0380907209807407e-06,1.4795898188572769e-06
35790,1.171860422518321e-06,1.171860422518321e-06,0.0,5.261793472462271e-06,3.1861986331138074e-05,0.001,3.186262317285127e-06,2.4685614017332116e-06,1.7154260225554896e-06,2.0378189158972945e-06,1.479410405431348e-06
35800,1.1714281796000728e-06,1.1714281796000728e-06,0.0,5.261175517252734e-06,3.228464926837083e-05,0.001,3.18588098665941e-06,2.4683542096535924e-06,1.7152593151407574e-06,2.0375492456585687e-06,1.4792446066284612e-06
35810,1.1709903049244264e-06,1.1709903049244264e-06,0.0,5.260535568686815e-06,3.270586713925579e-05,0.001,3.185476257780352e-06,2.468139437324643e-06,1.7150862282313208e-06,2.037279370807501e-06,1.479085665618289e-06
35820,1.1705468182896152e-06,1.1705468182896152e-06,0.0,5.2598808412720844e-06,3.3125774697645605e-05,0.001,3.1850577486040555e-06,2.4679196119090483e-06,1.7149088628535268e-06,2.037007500221842e-06,1.4789290235168803e-06
35830,1.1700977383108635e-06,1.1700977383108635e-06,0.0,5.2592154430465095e-06,3.354448895928651e-05,0.001,3.1846308226580597e-06,2.4676961435230303e-06,1.7147284581540801e-06,2.03673272551514e-06,1.4787721262062674e-06
35840,1.1696430824763182e-06,1.1696430824763182e-06,0.0,5.258541409590468e-06,3.396211151501619e-05,0.001,3.184198035401086e-06,2.4674697001844083e-06,1.7145456673617748e-06,2.0364546922189198e-06,1.4786137453387392e-06
35850,1.1691828671997655e-06,1.1691828671997655e-06,0.0,5.257859565287299e-06,3.4378731963751934e-05,0.001,3.183760398042069e-06,2.467240543302819e-06,1.7143607596564144e-06,2.036173265973209e-06,1.4784533831737208e-06
35860,1.1687171078699188e-06,1.1687171078699188e-06,0.0,5.2571701229558785e-06,3.479443110295314e-05,0.001,3.183318168729258e-06,2.46700873898078e-06,1.7141737991628512e-06,2.0358884058341145e-06,1.4782909133679446e-06
35870,1.1682458188965141e-06,1.1682458188965141e-06,0.0,5.2564730486934126e-06,3.52092834032091e-05,0.001,3.182871298686793e-06,2.4667742765247895e-06,1.7139847688952544e-06,2.035600125387263e-06,1.4781263789694288e-06
35880,1.167769013753317e-06,1.167769013753317e-06,0.0,5.255768232836088e-06,3.5623358728640754e-05,0.001,3.1824196384812906e-06,2.4665371206880114e-06,1.7137936301366694e-06,2.0353084639795408e-06,1.477959881443134e-06
35890,1.1672867050185415e-06,1.1672867050185415e-06,0.0,5.25505557213661e-06,3.6036723441331856e-05,0.001,3.18196304428129e-06,2.466297238074416e-06,1.7136003475645207e-06,2.035013464303638e-06,1.4777915219270305e-06
35900,1.166798904412515e-06,1.166798904412515e-06,0.0,5.254334993460086e-06,3.644944106731187e-05,0.001,3.1815014089854593e-06,2.466054603297434e-06,1.7134048959778964e-06,2.0347151612933114e-06,1.4776213786128697e-06
35910,1.166305622833334e-06,1.166305622833334e-06,0.0,5.2536064573136495e-06,3.6861572682123164e-05,0.001,3.181034667404606e-06,2.4658091997887073e-06,1.7132072609956123e-06,2.034413580339835e-06,1.4774495034782754e-06
35920,1.165806870389876e-06,1.165806870389876e-06,0.0,5.252869948073482e-06,3.727317713439527e-05,0.001,3.180562785985579e-06,2.4655610189350714e-06,1.7130074359808192e-06,2.0341087386904766e-06,1.477275929434516e-06
35930,1.1653026564333533e-06,1.1653026564333533e-06,0.0,5.252125466816589e-06,3.7684311184922266e-05,0.001,3.1800857544106166e-06,2.465310058523633e-06,1.712805419585299e-06,2.033800648128219e-06,1.477100677062688e-06
35940,1.1647929895865895e-06,1.1647929895865895e-06,0.0,5.2513730243115936e-06,3.80950296070675e-05,0.001,3.179603575876977e-06,2.4650563197558032e-06,1.712601213553631e-06,2.033489317368355e-06,1.4769237597361776e-06
35950,1.1642778777718337e-06,1.1642778777718337e-06,0.0,5.250612639469386e-06,3.85053852742078e-05,0.001,3.179116264444756e-06,2.4647998058578412e-06,1.7123948219550752e-06,2.033174753849032e-06,1.4767451859674976e-06
35960,1.1637573282368319e-06,1.1637573282368319e-06,0.0,5.24984433343012e-06,3.891542924488327e-05,0.001,3.1786238383027853e-06,2.4645405212226233e-06,1.7121862494132844e-06,2.03285696418706e-06,1.4765649629057498e-06
35970,1.1632313475795637e-06,1.1632313475795637e-06,0.0,5.249068122254325e-06,3.9325210849890784e-05,0.001,3.1781263096202125e-06,2.4642784686861192e-06,1.711975499337814e-06,2.0325359544311802e-06,1.4763830987814799e-06
35980,1.1626999417715149e-06,1.1626999417715149e-06,0.0,5.248284019953075e-06,3.97347777784741e-05,0.001,3.177623687296339e-06,2.4640136490639488e-06,1.711762574651653e-06,2.0322117305332083e-06,1.4761996014557642e-06
35990,1.1621631161796558e-06,1.1621631161796558e-06,0.0,5.247492036787585e-06,4.0144176164983785e-05,0.001,3.177115976374669e-06,2.463746062480816e-06,1.7115474772660226e-06,2.0318842980982596e-06,1.4760144800388677e-06
36000,1.1616208755873346e-06,1.1616208755873346e-06,0.0,5.246692183842511e-06,4.0553450671851816e-05,0.001,3.1766031834532355e-06,2.4634757091233726e-06,1.7113302092090636e-06,2.031553662694886e-06,1.4758277432153317e-06
36010,1.161073224213994e-06,1.161073224213994e-06,0.0,5.245884470895835e-06,4.0962644568960664e-05,0.001,3.1760853142026876e-06,2.463202588920598e-06,1.7111107720942503e-06,2.03121982955744e-06,1.4756393998894748e-06
36020,1.1605201657338464e-06,1.1605201657338464e-06,0.0,5.245068907494725e-06,4.137179980838141e-05,0.001,3.1755623744469503e-06,2.4629267016068842e-06,1.7108891674448627e-06,2.030882803746474e-06,1.475449458760179e-06
36030,1.1599617032935962e-06,1.1599617032935962e-06,0.0,5.244245501023731e-06,4.178095709429191e-05,0.001,3.1750343675745644e-06,2.462648046047998e-06,1.7106653962256928e-06,2.0305425899272987e-06,1.4752579286940939e-06
36040,1.1593978395293115e-06,1.1593978395293115e-06,0.0,5.243414259185424e-06,4.219015594834418e-05,0.001,3.1745012982479546e-06,2.462366621586887e-06,1.7104394594318528e-06,2.0301991925782064e-06,1.4750648185069593e-06
36050,1.1588285765823196e-06,1.1588285765823196e-06,0.0,5.242575188862901e-06,4.25994347704562e-05,0.001,3.173963169743285e-06,2.4620824263558886e-06,1.7102113578807275e-06,2.0298526159441156e-06,1.4748701363583357e-06
36060,1.158253916114414e-06,1.158253916114414e-06,0.0,5.241728294856768e-06,4.300883089631948e-05,0.001,3.1734199838004594e-06,2.461795458596207e-06,1.7099810918017045e-06,2.0295028638180463e-06,1.4746738911784727e-06
36070,1.1576738593223893e-06,1.1576738593223893e-06,0.0,5.240873583365968e-06,4.341838065054812e-05,0.001,3.172871744394274e-06,2.4615057168272095e-06,1.7097486617168774e-06,2.029149939849919e-06,1.47447609119066e-06
36080,1.1570884069515983e-06,1.1570884069515983e-06,0.0,5.24001105886589e-06,4.382811939681582e-05,0.001,3.1723184529983208e-06,2.461213198276731e-06,1.709514067777616e-06,2.028793847495964e-06,1.4742767444267281e-06
36090,1.1564975593091547e-06,1.1564975593091547e-06,0.0,5.239140725139678e-06,4.4238081585369746e-05,0.001,3.1717601112397685e-06,2.4609179005208593e-06,1.7092773098520277e-06,2.0284345897942873e-06,1.474075859173199e-06
36100,1.1559013162764143e-06,1.1559013162764143e-06,0.0,5.238262585396764e-06,4.464830079733615e-05,0.001,3.171196720162123e-06,2.46061982072708e-06,1.7090383876986858e-06,2.028072169707293e-06,1.4738734436338001e-06
36110,1.1552996773207523e-06,1.1552996773207523e-06,0.0,5.237376641720944e-06,4.505880978645465e-05,0.001,3.1706282796328585e-06,2.4603189554896742e-06,1.7087973007596179e-06,2.027706589876668e-06,1.4736695059334182e-06
36120,1.1546926415069452e-06,1.1546926415069452e-06,0.0,5.236482897188831e-06,4.5469640518736155e-05,0.001,3.170054791548668e-06,2.46001530200076e-06,1.7085540486517391e-06,2.0273378527893218e-06,1.4734640539491278e-06
36130,1.1540802075080404e-06,1.1540802075080404e-06,0.0,5.235581351880344e-06,4.588082420954239e-05,0.001,3.1694762537395017e-06,2.459708855893606e-06,1.7083086302781014e-06,2.026965960588227e-06,1.4732570957647882e-06
36140,1.1534623736156062e-06,1.1534623736156062e-06,0.0,5.234672009016967e-06,4.629239135896329e-05,0.001,3.168892669041588e-06,2.4593996142941498e-06,1.7080610452378859e-06,2.0265909154623673e-06,1.4730486388675415e-06
36150,1.1528391377496335e-06,1.1528391377496335e-06,0.0,5.2337548658709005e-06,4.6704371784909295e-05,0.001,3.168304032219241e-06,2.4590875717812496e-06,1.7078112917275735e-06,2.026212719112611e-06,1.4728386917199858e-06
36160,1.1522104974679747e-06,1.1522104974679747e-06,0.0,5.232829924346196e-06,4.7116794654595626e-05,0.001,3.1677103450259056e-06,2.458772724835903e-06,1.7075593689587197e-06,2.025831373276974e-06,1.4726272616901612e-06
36170,1.1515764499753624e-06,1.1515764499753624e-06,0.0,5.231897183153298e-06,4.752968851433867e-05,0.001,3.167111605107298e-06,2.4584550685843256e-06,1.7073052753534907e-06,2.025446879307199e-06,1.4724143565892468e-06
36180,1.1509369921320258e-06,1.1509369921320258e-06,0.0,5.230956640639135e-06,4.7943081317679815e-05,0.001,3.166507809833569e-06,2.4581345979211003e-06,1.7070490092656631e-06,2.0250592385191385e-06,1.47219998422483e-06
36190,1.1502921204620089e-06,1.1502921204620089e-06,0.0,5.2300082963336805e-06,4.835700045196787e-05,0.001,3.1658989584608646e-06,2.457811307972017e-06,1.7067905692805156e-06,2.024668452086412e-06,1.4719841518353046e-06
36200,1.1496418311610159e-06,1.1496418311610159e-06,0.0,5.229052146288825e-06,4.8771472764146723e-05,0.001,3.1652850465685973e-06,2.457485193393341e-06,1.7065299530660868e-06,2.0242745207524187e-06,1.4717668678646479e-06
36210,1.1489861201040946e-06,1.1489861201040946e-06,0.0,5.228088188586636e-06,4.9186524583986974e-05,0.001,3.1646660717192667e-06,2.4571562482856344e-06,1.706267158847811e-06,2.0238774453992507e-06,1.4715481393869946e-06
36220,1.148324982852848e-06,1.148324982852848e-06,0.0,5.227116419570001e-06,4.960218174758648e-05,0.001,3.1640420301041515e-06,2.4568244668011512e-06,1.7060021843340454e-06,2.0234772265480205e-06,1.471327974186213e-06
36230,1.1476584146623677e-06,1.1476584146623677e-06,0.0,5.226136836372801e-06,5.001846961872013e-05,0.001,3.163412919349587e-06,2.456489843331167e-06,1.7057350273722214e-06,2.0230738645876285e-06,1.4711063797149216e-06
36240,1.1469864104880788e-06,1.1469864104880788e-06,0.0,5.225149433844966e-06,5.043541310942958e-05,0.001,3.1627787339019273e-06,2.456152371081193e-06,1.7054656853117716e-06,2.022667359812969e-06,1.4708833637418015e-06
36250,1.146308964992027e-06,1.146308964992027e-06,0.0,5.224154208749964e-06,5.085303669952434e-05,0.001,3.1621394708181707e-06,2.455812043488556e-06,1.7051941559344153e-06,2.0222577124783483e-06,1.4706589331686633e-06
36260,1.1456260725491304e-06,1.1456260725491304e-06,0.0,5.223151161092055e-06,5.127136445493838e-05,0.001,3.1614951313571306e-06,2.4554688543669604e-06,1.7049204377648376e-06,2.0218449228050573e-06,1.4704330934292134e-06
36270,1.1449377272531023e-06,1.1449377272531023e-06,0.0,5.222140331229236e-06,5.1690420038759865e-05,0.001,3.1608457564404527e-06,2.4551227938360965e-06,1.704644540337854e-06,2.0214289948014636e-06,1.4702058283587232e-06
36280,1.1442439229221282e-06,1.1442439229221282e-06,0.0,5.2211225741831165e-06,5.2110226601757196e-05,0.001,3.1601922260748614e-06,2.454773824735828e-06,1.7043666909721245e-06,2.0210100022448546e-06,1.4699767143165785e-06
36290,1.1435446531044002e-06,1.1435446531044002e-06,0.0,5.220121083763154e-06,5.25308031741403e-05,0.001,3.1595583810009448e-06,2.4544211079309453e-06,1.7040931018259604e-06,2.020589935258882e-06,1.469734107227992e-06
36300,1.142839911085045e-06,1.142839911085045e-06,0.0,5.220067930206058e-06,5.295201411171689e-05,0.001,3.159894533132665e-06,2.4540346707368402e-06,1.7040735709473174e-06,2.0202547808893726e-06,1.4690232383799488e-06
36310,1.1421296962264955e-06,1.1421296962264955e-06,0.0,5.304789244591601e-06,5.336483130353385e-05,0.001,3.220694966273256e-06,2.4616970014791535e-06,1.7262793718040997e-06,2.048012062205397e-06,1.4715426931400984e-06
36320,1.141453277909666e-06,1.141453277909666e-06,0.0,4.623393709863976e-05,4.859502995178874e-05,0.0009000000000000001,1.6513569523359123e-05,1.7560276856023395e-05,1.3255344215188392e-05,2.44811433908505e-05,2.3345540800137803e-05
36330,1.140800498825198e-06,1.140800498825198e-06,0.0,4.306873194738325e-05,4.9897126326129875e-05,0.0009000000000000001,1.3978966942212982e-05,1.6775233672815785e-05,1.2330406333144756e-05,2.3252022345378207e-05,2.2495547374206115e-05
36340,1.1401250081628592e-06,1.1401250081628592e-06,0.0,2.8266634837447764e-05,4.9046145385256024e-05,0.0009000000000000001,1.0562730356402784e-05,1.0716996956546242e-05,8.133269699896733e-06,1.4799176644534115e-05,1.4011026225095871e-05
36350,1.13945785223218e-06,1.13945785223218e-06,0.0,1.8074638162921108e-05,4.98831845455394e-05,0.0009000000000000001,5.907122626701395e-06,7.273153145593635e-06,5.22130401438189e-06,9.73302107363088e-06,9.43965553295413e-06
36360,1.1387891768608291e-06,1.1387891768608291e-06,0.0,1.0383090989563437e-05,4.985406111645458e-05,0.0009000000000000001,4.843731224015443e-06,4.057251734853302e-06,3.0887469430484226e-06,5.008102136464211e-06,4.486496369232715e-06
36370,1.1381194478695785e-06,1.1381194478695785e-06,0.0,8.180788211110821e-06,5.02718271840062e-05,0.0009000000000000001,4.17735390899162e-06,3.3008796630428387e-06,2.486513402816324e-06,3.7429565061192262e-06,3.216617924432299e-06
36380,1.137444814173513e-06,1.137444814173513e-06,0.0,5.199597108490779e-06,5.073353774822623e-05,0.0009000000000000001,3.0813473184213828e-06,2.4761545505112706e-06,1.697081642738374e-06,2.0621213017254996e-06,1.572478639606459e-06
36390,1.1367664584314383e-06,1.1367664584314383e-06,0.0,7.509459867355058e-06,5.120327827910057e-05,0.0009000000000000001,3.1999021427115314e-06,3.3570548140404007e-06,2.2898729695284223e-06,3.740136166082983e-06,3.515279906487054e-06
36400,1.1361123355832194e-06,1.1361123355832194e-06,0.0,3.993668042298728e-05,5.2678977294350365e-05,0.0009000000000000001,1.2960230473438588e-05,1.558079458299255e-05,1.143046441126859e-05,2.1561983360440273e-05,2.0868289225346852e-05
36410,1.1398239853698584e-06,1.1398239853698584e-06,0.0,0.00048229265213862175,0.00011423752891977134,0.0009000000000000001,0.00016204915301003034,0.00018503599593098225,0.0001378063467926865,0.0002587807958616736,0.00024909100390009195
36420,2.7872233691685e-06,2.7872233691685e-06,0.0,0.009325698142627716,0.00193758757907711,0.0009000000000000001,0.003148267348158074,0.003575547113547237,0.002664632242552406,0.004998633174864246,0.0048089068746248785
36430,2.6385298369840366e-05,2.6385298369840366e-05,0.0,0.03708129273865542,0.0037000855547479816,0.0009000000000000001,0.013127086019968356,0.01459877073671963,0.01064249279170803,0.019555369288732,0.01880023086513504
36440,4.547525888600509e-06,4.547525888600509e-06,0.0,0.013313190483423169,0.0009257033702397661,0.0009000000000000001,0.004623768206425146,0.005153873132459899,0.0038053547954345684,0.007069845617926124,0.006808078554603667
36450,3.927701963886373e-06,3.927701963886373e-06,0.0,0.012059817021220538,0.002221662682641944,0.0009000000000000001,0.0042787689674627415,0.00469997220006521,0.00344998034399835,0.006367973421522741,0.006132588636773902
36460,2.7163351842483834e-06,2.7163351842483834e-06,0.0,0.00921530413531323,0.000982374297720556,0.0009000000000000001,0.0033433307589776583,0.0036353812575543962,0.002643330194439082,0.00482573258139792,0.004645962601998039
36470,1.1682757474896216e-06,1.1682757474896216e-06,0.0,0.0013660995092324066,0.00049557723766914,0.0009000000000000001,0.0004788062739641153,0.0005292207962327668,0.00039066062076964443,0.0007232555180863924,0.0006973596918313425
36480,1.380806163157555e-06,1.380806163157555e-06,0.0,0.0037223637367199153,0.0005117140193216955,0.0009000000000000001,0.0013835704570070073,0.0014918984732810714,0.0010713652175554243,0.0019294872757777586,0.0018569143597702736
36490,1.1921752229214487e-06,1.1921752229214487e-06,0.0,0.001833927022860678,0.0001798034591579664,0.0009000000000000001,0.0006715162169740725,0.0007279274285836091,0.0005265645575979647,0.0009566446452809889,0.0009213541889224875
36500,1.1309749137425186e-06,1.1309749137425186e-06,0.0,0.0002707979009251115,5.438113328378203e-05,0.0009000000000000001,9.698856734368043e-05,0.0001063340597513752,7.750407637130733e-05,0.00014252076875377517,0.00013750232496352008
36510,1.1301564943130116e-06,1.1301564943130116e-06,0.0,0.0002722648052422149,7.994228008227515e-05,0.0009000000000000001,9.805341690674172e-05,0.0001061917610615022,7.795838519093015e-05,0.0001430534143549416,0.0001376799328653252
36520,1.129880279026455e-06,1.129880279026455e-06,0.0,0.0003137779803961295,7.062977119045666e-05,0.0009000000000000001,0.00011720318113778077,0.0001252226404235962,9.024801378585356e-05,0.00016259824854048023,0.0001563074483263457
36530,1.1282782896075704e-06,1.1282782896075704e-06,0.0,0.0002183822673736256,5.791920374552953e-05,0.0009000000000000001,8.228719386001347e-05,8.736973880655343e-05,6.283562864346872e-05,0.00011284883820292848,0.00010841015373805804
36540,1.1269961858492841e-06,1.1269961858492841e-06,0.0,0.00011948736685280703,4.99286765844874e-05,0.0009000000000000001,4.452961377827602e-05,4.7058976112160144e-05,3.4285041232735604e-05,6.214645469599757e-05,5.966405413217421e-05
36550,1.1260868174746885e-06,1.1260868174746885e-06,0.0,4.426360527039234e-05,4.5958364510059577e-05,0.0009000000000000001,1.7241146474507483e-05,1.7388439962947866e-05,1.273396145727035e-05,2.2755137042291667e-05,2.1696639902049016e-05
36560,1.1253659664269836e-06,1.1253659664269836e-06,0.0,9.603588268715305e-06,4.4804300616516394e-05,0.0009000000000000001,3.555831657097818e-06,4.080322346958618e-06,2.8437302660011057e-06,5.006074426232762e-06,4.824253940064305e-06
36570,1.1246901420226012e-06,1.1246901420226012e-06,0.0,3.149339052811454e-05,4.502224128322595e-05,0.0009000000000000001,1.0866871756512023e-05,1.2724247509248388e-05,9.06177224890696e-06,1.662271376342711e-05,1.6138479974734112e-05
36580,1.1239835528398063e-06,1.1239835528398063e-06,0.0,2.2148937863066493e-05,4.53096868685014e-05,0.0009000000000000001,7.634162831899621e-06,9.097085324107522e-06,6.404525899692564e-06,1.166080691698663e-05,1.1335338902927828e-05
36590,1.1232731051848896e-06,1.1232731051848896e-06,0.0,5.877376548299473e-06,4.558066375015108e-05,0.0009000000000000001,3.5421849580307994e-06,2.640653578178738e-06,1.8740812155636394e-06,2.3042802158298484e-06,1.7238906263911458e-06
36600,1.122567904305899e-06,1.122567904305899e-06,0.0,1.0618383339006931e-05,4.5964396849972584e-05,0.0009000000000000001,5.302291149239617e-06,4.3327430811943355e-06,3.1670205404777735e-06,4.9149136987207984e-06,4.38474377118598e-06
36610,1.1218554339658035e-06,1.1218554339658035e-06,0.0,5.654685318240169e-06,4.62553805155593e-05,0.0009000000000000001,2.9816145208969157e-06,2.6740787394529564e-06,1.8044471504046907e-06,2.4862746293621176e-06,2.1656842780552666e-06
37870,0.0027734042244776853,0.0027734042244776853,0.0,0.5945310191833167,0.10620740076825468,0.001,0.3571629694944173,0.33271891391434066,0.18863879279223508,0.1853022415166663,0.16256060783937018
37880,0.009598092556254371,0.009598092556254371,0.0,0.9065064394066786,0.0252617755061121,0.001,0.48672152997374313,0.4664237496665208,0.28328943899157993,0.355518143732066,0.33084346457043073
37890,0.0018316488830190112,0.0018316488830190112,0.0,0.35413734610701847,0.012144482792288582,0.001,0.1839961345760893,0.1796215713808216,0.11404255747646419,0.14348762773978824,0.13096292803947004
37900,0.0006814883201060786,0.0006814883201060786,0.0,0.15161535351990588,0.008258685320706888,0.001,0.06278869961502993,0.059687109837826276,0.04586490682158953,0.07626697752475241,0.07411390465720703
37910,0.0005143658384419475,0.0005143658384419475,0.0,0.13646226548709509,0.00312464950617975,0.001,0.06175587746039555,0.05974590651276098,0.04253322776820582,0.06405115080351301,0.061470698688163725
37920,0.00015360444457348935,0.00015360444457348935,0.0,0.010254281233932754,0.0044101890982841075,0.001,0.005106000491003202,0.004875021624288277,0.0033490323940011772,0.004556033945124222,0.004158757838815894
37930,0.00015734183767803322,0.00015734183767803322,0.0,0.03686627759328899,0.0031918213565523654,0.001,0.01596803736314221,0.015365503909515929,0.01121124904031563,0.017773647752853356,0.017248648622339442
37940,0.00012386711090946287,0.00012386711090946287,0.0,0.03204044461267148,0.0023997176436071125,0.001,0.0145446651716716,0.013933088753457298,0.009794899735286751,0.014931178928489832,0.014428120463118014
37950,8.904657990518235e-05,8.904657990518235e-05,0.0,0.021003431504322753,0.002225162472627608,0.001,0.009935025451123831,0.009499518271917386,0.006464691657434316,0.009427464646945402,0.009056374725512129
37960,6.458018037128398e-05,6.458018037128398e-05,0.0,0.013024626854854999,0.002131354606295157,0.001,0.00634098718486749,0.00606075768010465,0.004029406605663365,0.0056620150217253015,0.005407408194338534
37970,4.66421698029978e-05,4.66421698029978e-05,0.0,0.0066126101643659485,0.0020112012363238036,0.001,0.003145681644991404,0.0030211508653151973,0.0020402584936846557,0.0029213878457675898,0.0027860877892696783
37980,3.340930244139639e-05,3.340930244139639e-05,0.0,0.0018726872688434883,0.0018655531972251226,0.001,0.0006964916854470726,0.0006654998312109608,0.0006190127521266811,0.001001654350846987,0.0009100435119585563
37990,2.376554153251783e-05,2.376554153251783e-05,0.0,0.0019974382900478705,0.0016970580007890927,0.001,0.0010337405189959606,0.0008590627054165506,0.0006437206782383062,0.0009460248962923213,0.000869978687748154
38000,1.6595197863552294e-05,1.6595197863552294e-05,0.0,0.0013571518785840707,0.0015162496490228048,0.001,0.00046736770255779715,0.0004088908028416251,0.00042220481301324725,0.0007755173652398803,0.0007483477907309455
38010,1.1346929222707902e-05,1.1346929222707902e-05,0.0,0.0008885774739820931,0.0013282371030888475,0.001,0.00042874893500380063,0.0004454141629215952,0.0003126772383228762,0.00038304561630369204,0.00032243522423701046
38020,7.673683393953793e-06,7.673683393953793e-06,0.0,0.0007015302539400323,0.0011418260433066832,0.001,0.0002899867535170794,0.00025990867834583403,0.00024646801113247874,0.0003720660537332704,0.0003239353771855662
38030,5.143457733391748e-06,5.143457733391748e-06,0.0,0.0004967468264047049,0.0009685139268907622,0.001,0.00023154674190944345,0.0002265949074378399,0.0001800903677802906,0.00023599139737372945,0.00019621713227889497
38040,3.4603284919038136e-06,3.4603284919038136e-06,0.0,0.00039655860038848457,0.0008073689320712353,0.001,0.00017298303556280962,0.00015910818422964744,0.0001413128337009952,0.00020579989740834252,0.0001808476403163473
38050,2.368587704277833e-06,2.368587704277833e-06,0.0,0.00030935942688793667,0.0006619499596841467,0.001,0.0001419717892475528,0.00013435649819625915,0.00011211718410568207,0.00015096881769787265,0.00012613936790245353
38060,1.6814263286243098e-06,1.6814263286243098e-06,0.0,0.0002285440380799643,0.000533388853642568,0.001,0.00010517639101906477,9.706955404858865e-05,8.36989723692162e-05,0.00011390292928834237,9.588283504128701e-05
38070,1.261420732200718e-06,1.261420732200718e-06,0.0,0.00017697517005436323,0.0004234568206981522,0.001,8.174314062423881e-05,7.769168863743848e-05,6.450268733055284e-05,8.615915444970708e-05,7.276959608361924e-05
38080,1.0120313393005371e-06,1.0120313393005371e-06,0.0,0.00013075626344805755,0.00033057285462243115,0.001,6.039574270553261e-05,5.479730217882172e-05,4.8082658739207535e-05,6.524453536226735e-05,5.462970587304031e-05
38090,8.682239625476698e-07,8.682239625476698e-07,0.0,9.824278977828837e-05,0.00025417897479156895,0.001,4.549908910327738e-05,4.322764797617906e-05,3.591393785664416e-05,4.7560503413691963e-05,4.019156516227146e-05
38100,7.876940220506105e-07,7.876940220506105e-07,0.0,7.030686765948048e-05,0.00019256689653233153,0.001,3.274973961190174e-05,2.988955846330985e-05,2.5960647263102567e-05,3.4623073669481055e-05,2.8930965368946995e-05
38110,7.438881700095761e-07,7.438881700095761e-07,0.0,5.054020956370747e-05,0.00014375535651093725,0.001,2.3584928113393038e-05,2.1610846874385856e-05,1.8675516749647714e-05,2.4765170038934743e-05,2.0830439922118172e-05
38120,7.207210481444469e-07,7.207210481444469e-07,0.0,3.603713882372837e-05,0.00010594523960172495,0.001,1.6974435213529224e-05,1.5720322628278543e-05,1.3380999741643214e-05,1.7303016170009427e-05,1.4377075652732622e-05
38130,7.08782693687497e-07,7.08782693687497e-07,0.0,2.5149660074007967e-05,7.727927774208065e-05,0.001,1.2040560162583128e-05,1.0771907921474489e-05,9.372048693291826e-06,1.2110589937534164e-05,1.0087109873310877e-05
38140,7.027551116753676e-07,7.027551116753676e-07,0.0,1.7586813331300384e-05,5.610850999049173e-05,0.001,8.705168472195882e-06,7.559768230024718e-06,6.575345731108433e-06,8.287460004723959e-06,6.8146853752233306e-06
38150,6.997347847599321e-07,6.997347847599321e-07,0.0,1.2470630427771578e-05,4.1049894083935725e-05,0.001,6.45271987398447e-06,5.4573280752095175e-06,4.647020781146388e-06,5.638467185355782e-06,4.583262972113591e-06
38160,6.981908545688326e-07,6.981908545688326e-07,0.0,9.13051379073224e-06,3.09262019516611e-05,0.001,5.112331829558449e-06,4.08445592117525e-06,3.348421642204614e-06,3.837718988601414e-06,3.0371348514117724e-06
38170,6.97344432903415e-07,6.97344432903415e-07,0.0,7.199410720489042e-06,2.470261664017626e-05,0.001,4.445065496121743e-06,3.305065905327961e-06,2.5343545128107473e-06,2.708811800524968e-06,2.056109988398562e-06
38180,6.968135504836114e-07,6.968135504836114e-07,0.0,6.17769713631456e-06,2.1349282500070623e-05,0.001,4.111566842923598e-06,2.9273712420212874e-06,2.059892270616692e-06,2.0351450013960615e-06,1.4583011450631464e-06
38190,6.964179638108528e-07,6.964179638108528e-07,0.0,5.685443605740836e-06,1.9848426605164816e-05,0.001,3.946347079113156e-06,2.7567386466502918e-06,1.8037867940608925e-06,1.6862776880420596e-06,1.1491955732575925e-06
38200,6.960760281073252e-07,6.960760281073252e-07,0.0,5.475559415201686e-06,1.936309470912816e-05,0.001,3.877918635947233e-06,2.6864772709782773e-06,1.675947588630498e-06,1.5360462588150935e-06,1.0187989926544996e-06
38210,6.957523606618992e-07,6.957523606618992e-07,0.0,5.3906440943624765e-06,1.9360635908863315e-05,0.001,3.85187110239154e-06,2.663561974636099e-06,1.612305035416823e-06,1.473491056452369e-06,9.7614063932459e-07
38220,6.954323615361984e-07,6.954323615361984e-07,0.0,5.360506041330625e-06,1.9563697650208598e-05,0.001,3.845047158835545e-06,2.6573682543175895e-06,1.5819692145830085e-06,1.4523577091059033e-06,9.659464722830072e-07
38230,6.951103380496783e-07,6.951103380496783e-07,0.0,5.349297193476255e-06,1.9845280765584095e-05,0.001,3.843129819191147e-06,2.6558912368966265e-06,1.567090299254568e-06,1.4458871494560678e-06,9.655669655194394e-07
38240,6.94784221403435e-07,6.94784221403435e-07,0.0,5.343247186378105e-06,2.0153160286131314e-05,0.001,3.84111170666357e-06,2.6553084089557202e-06,1.559152920618067e-06,1.4431566883046458e-06,9.676565129875016e-07
38250,6.944533321313725e-07,6.944533321313725e-07,0.0,5.339455943171742e-06,2.046763111173502e-05,0.001,3.83919538308261e-06,2.6543816796880157e-06,1.5550749987625288e-06,1.4422990471347259e-06,9.692042071686503e-07
38260,6.941174870474077e-07,6.941174870474077e-07,0.0,5.336532048270584e-06,2.0781921713348176e-05,0.001,3.837281889361767e-06,2.653130206444947e-06,1.5529967821522603e-06,1.4420293952696654e-06,9.699409780857911e-07
38270,6.937766649375377e-07,6.937766649375377e-07,0.0,5.3337753170072775e-06,2.1094157100502364e-05,0.001,3.835208445187191e-06,2.6517501202878253e-06,1.551841118323405e-06,1.4416632642486838e-06,9.702455884738275e-07
38280,6.934308909075067e-07,6.934308909075067e-07,0.0,5.331133571817778e-06,2.1404074950255245e-05,0.001,3.8331041029332554e-06,2.6502906058338425e-06,1.55116714427641e-06,1.441270851575316e-06,9.702608303761155e-07
38290,6.930802002768845e-07,6.930802002768845e-07,0.0,5.328591759635756e-06,2.1711813636684454e-05,0.001,3.831031017435978e-06,2.648774275762956e-06,1.5507407677440507e-06,1.4409290049252605e-06,9.700945108961935e-07
38300,6.927246288823653e-07,6.927246288823653e-07,0.0,5.326067464699392e-06,2.2017564907088568e-05,0.001,3.828955061795852e-06,2.647230466338033e-06,1.550402457302418e-06,1.4405938199823604e-06,9.698611315827959e-07
38310,6.923642111230227e-07,6.923642111230227e-07,0.0,5.3235139325916365e-06,2.2321494655019553e-05,0.001,3.826853164197572e-06,2.645673169081251e-06,1.5500724605258034e-06,1.440239330321916e-06,9.696207471507098e-07
38320,6.919989798619979e-07,6.919989798619979e-07,0.0,5.320925339449264e-06,2.2623731229512257e-05,0.001,3.82472679727752e-06,2.644103192964086e-06,1.5497250369200387e-06,1.4398731604256199e-06,9.693872596724616e-07
38330,6.91628966604053e-07,6.91628966604053e-07,0.0,5.318304155986056e-06,2.2924373698982697e-05,0.001,3.822579675754588e-06,2.6425187495372394e-06,1.5493552029899118e-06,1.43950396248363e-06,9.691611423115659e-07
38340,6.912542016366371e-07,6.912542016366371e-07,0.0,5.315649972876835e-06,2.3223503242676004e-05,0.001,3.8204110401918116e-06,2.6409189170733847e-06,1.5489638198661052e-06,1.4391323162208548e-06,9.689415836121091e-07
38350,6.90874714120147e-07,6.90874714120147e-07,0.0,5.312961530679799e-06,2.3521190968195068e-05,0.001,3.81821861788283e-06,2.639302972217342e-06,1.5485538997339293e-06,1.4387562504214893e-06,9.687272113613195e-07
38360,6.904905321533977e-07,6.904905321533977e-07,0.0,5.310238395666339e-06,2.381750202760664e-05,0.001,3.816000657400732e-06,2.637669856198404e-06,1.5481292193525021e-06,1.4383749205127928e-06,9.68516139580424e-07
38370,6.901016828293757e-07,6.901016828293757e-07,0.0,5.307480710191329e-06,2.4112497551749678e-05,0.001,3.8137560440643982e-06,2.6360184149659804e-06,1.5476932062514262e-06,1.437988503721834e-06,9.683064862643458e-07
38380,6.897081922870841e-07,6.897081922870841e-07,0.0,5.304688864967935e-06,2.4406235586745258e-05,0.001,3.811484212974765e-06,2.634347824932528e-06,1.547248416385302e-06,1.4375973943064356e-06,9.680967988335278e-07
38390,6.893100857608245e-07,6.893100857608245e-07,0.0,5.30186352577567e-06,2.469877154129413e-05,0.001,3.809185232848314e-06,2.632657815819615e-06,1.5467965432700547e-06,1.4372018393512739e-06,9.678860939492014e-07
38400,6.889073876269937e-07,6.889073876269937e-07,0.0,5.2990055844391454e-06,2.4990158399233288e-05,0.001,3.8068596845562857e-06,2.6309485784419326e-06,1.5463386216829198e-06,1.4368018977375278e-06,9.676737076589864e-07
38410,6.88500121448151e-07,6.88500121448151e-07,0.0,5.29611582226622e-06,2.5280446842696696e-05,0.001,3.8045082014265346e-06,2.6292204310444233e-06,1.5458752173725728e-06,1.4363975584287748e-06,9.674592534777394e-07
38420,6.880883100146104e-07,6.880883100146104e-07,0.0,5.2931945951611205e-06,2.5569685349326615e-05,0.001,3.8021310493561315e-06,2.627473529832524e-06,1.545406569219943e-06,1.4359888314463488e-06,9.67242604230232e-07
38430,6.87671975383576e-07,6.87671975383576e-07,0.0,5.290241915519894e-06,2.5857920277356185e-05,0.001,3.7997281684620483e-06,2.6257078664593554e-06,1.5449327268059812e-06,1.4355757577885363e-06,9.67023797917748e-07
38440,6.872511389158215e-07,6.872511389158215e-07,0.0,5.287257806378896e-06,2.61451959390925e-05,0.001,3.79729953574302e-06,2.6239234606669973e-06,1.544453677642884e-06,1.435158374344979e-06,9.668028998432256e-07
38450,6.868258213102942e-07,6.868258213102942e-07,0.0,5.284242466914971e-06,2.6431554676731854e-05,0.001,3.794845332710203e-06,2.622120449140218e-06,1.5439694128732693e-06,1.4347366950932764e-06,9.665799337983181e-07
38460,6.86396042636597e-07,6.86396042636597e-07,0.0,5.2811961174107955e-06,2.671703695737354e-05,0.001,3.7923657661793618e-06,2.6202989815542934e-06,1.5434799257404887e-06,1.4343107310742893e-06,9.663549159304947e-07
38470,6.859618223654427e-07,6.859618223654427e-07,0.0,5.278118884574896e-06,2.700168147786526e-05,0.001,3.789860937879885e-06,2.6184591461693158e-06,1.542985203230537e-06,1.4338805050795547e-06,9.661278836264272e-07
38480,6.855231793976125e-07,6.855231793976125e-07,0.0,5.275010886350094e-06,2.728552526204816e-05,0.001,3.787330937770748e-06,2.6166010229307657e-06,1.5424852391618396e-06,1.433446039881734e-06,9.658988699865274e-07
38490,6.850801320909466e-07,6.850801320909466e-07,0.0,5.271872283758002e-06,2.7568603751069644e-05,0.001,3.784775902258242e-06,2.6147247162094687e-06,1.541980040208077e-06,1.4330073535667916e-06,9.656678922616084e-07
38500,6.846326982859409e-07,6.846326982859409e-07,0.0,5.268703224312162e-06,2.7850950893362442e-05,0.001,3.7821959520472806e-06,2.6128303205836367e-06,1.541469615432471e-06,1.4325644639276705e-06,9.654349661537692e-07
38510,6.841808953299459e-07,6.841808953299459e-07,0.0,5.26550384156627e-06,2.8132599230254197e-05,0.001,3.779591192432858e-06,2.6109179209471675e-06,1.5409539745615941e-06,1.4321173908426858e-06,9.652001100368064e-07
38520,6.837247400999793e-07,6.837247400999793e-07,0.0,5.262274275316326e-06,2.841357997304043e-05,0.001,3.77696173617257e-06,2.608987605814173e-06,1.5404331292920024e-06,1.4316661523220847e-06,9.64963338209021e-07
38530,6.832642490243311e-07,6.832642490243311e-07,0.0,5.259014661758961e-06,2.8693923075770637e-05,0.001,3.774307692817967e-06,2.607039461576983e-06,1.5399070909920494e-06,1.4312107651591557e-06,9.647246635865638e-07
38540,6.827994381029989e-07,6.827994381029989e-07,0.0,5.255725133302842e-06,2.8973657303302186e-05,0.001,3.7716291687392187e-06,2.605073572340927e-06,1.5393758704070721e-06,1.4307512465798395e-06,9.644841000948871e-07
38550,6.82330322927122e-07,6.82330322927122e-07,0.0,5.252405821017678e-06,2.9252810293916133e-05,0.001,3.7689262698491424e-06,2.603090021578594e-06,1.5388394777734594e-06,1.430287613414598e-06,9.642416613947833e-07
38560,6.818569186973743e-07,6.818569186973743e-07,0.0,5.249056851480303e-06,2.9531408619682364e-05,0.001,3.766199098815118e-06,2.6010888882658408e-06,1.5382979238328449e-06,1.4298198962747623e-06,9.639973788133435e-07
38570,6.813792402414269e-07,6.813792402414269e-07,0.0,5.245678388098455e-06,2.980947788923705e-05,0.001,3.7634478259260044e-06,2.5990702119601354e-06,1.5377512734895629e-06,1.4293485797227298e-06,9.637518413734537e-07
38580,6.808973020304799e-07,6.808973020304799e-07,0.0,5.242272415850169e-06,3.0087045356165724e-05,0.001,3.760675925915707e-06,2.597031980440261e-06,1.537202351241639e-06,1.4288972644419056e-06,9.635340425253976e-07
38590,6.804111182220894e-07,6.804111182220894e-07,0.0,5.23909838741061e-06,3.0364344231636132e-05,0.001,3.7581623402010556e-06,2.5948478056624037e-06,1.5369014002428262e-06,1.4303924686369278e-06,9.65732632639921e-07
38600,6.799210322401927e-07,6.799210322401927e-07,0.0,6.578464037266987e-06,3.067742740083411e-05,0.001,4.050180982201013e-06,2.9869776825537064e-06,1.9480874411201437e-06,2.6338753315504167e-06,2.3555252598178882e-06
38610,6.88102005686311e-07,6.88102005686311e-07,0.0,0.0006428462144395835,0.0001455434506601692,0.001,0.00023409107731447992,0.0002458709394020858,0.00018914366041229214,0.00033642502525093747,0.0003295284582421048
38620,0.00018509978253747377,0.00018509978253747377,0.0,0.09413053014939109,0.015055365338697875,0.001,0.03391485993091108,0.03569019199394358,0.027621113412189424,0.04947206176738248,0.048483311931127177
38630,9.081127701830107e-07,9.081127701830107e-07,0.0,0.0025625252872958602,0.004292789998363521,0.001,0.0008366678700218196,0.000866628884467928,0.0007217946107165379,0.0014133293917172598,0.0013842139803294073
38640,1.4851549938491657e-05,1.4851549938491657e-05,0.0,0.025191481088357014,0.004015549219555753,0.001,0.008439300496212993,0.008885910133527797,0.007219144746787838,0.01365297707290412,0.013402743631228021
38650,2.5706912977798945e-06,2.5706912977798945e-06,0.0,0.008959689942577844,0.0006996643200282304,0.001,0.0029547225142638883,0.0030995551796267878,0.0025538164295996,0.004892744986635871,0.004802329606085849
38660,2.5019721770408445e-06,2.5019721770408445e-06,0.0,0.008910326189387044,0.0014485446111466506,0.001,0.0029288992512427094,0.003069904325442912,0.002537351692850187,0.00487102250171735,0.004781691621462192
38670,8.468306165880691e-07,8.468306165880691e-07,0.0,0.0026175139098577518,0.00022800222461813796,0.001,0.0008459121714906821,0.0008882844646675198,0.0007428697888320081,0.0014387741527813337,0.0014122872345263598
38680,8.895275112116818e-07,8.895275112116818e-07,0.0,0.002996072910918067,0.0004818680760887913,0.001,0.0009721329620188139,0.0010192878565121147,0.0008513886411807304,0.001645371924709076,0.0016149676072541286
38690,7.392453024081338e-07,7.392453024081338e-07,0.0,0.001535467930054272,9.761445018337917e-05,0.001,0.0005044767078775358,0.0005277147921713919,0.000436412261896593,0.0008395412850299819,0.0008243481671413146
38700,6.897263942855015e-07,6.897263942855015e-07,0.0,0.00043920274746583903,0.0001338600638849324,0.001,0.00014416332417288477,0.00015027795861297715,0.00012417210006450047,0.00024035280697000099,0.00023607733580827933
38710,6.9702061569816e-07,6.9702061569816e-07,0.0,0.0007353976622488417,0.00010245837091482854,0.001,0.0002399207423981768,0.0002509476718041779,0.000208622596564835,0.0004034819679447672,0.00039613295202708146
38720,6.870518972932958e-07,6.870518972932958e-07,0.0,0.000348397682199342,3.969543168240757e-05,0.001,0.00011320166580019104,0.00011840917843978615,9.8841058684879e-05,0.00019120565412399923,0.00018768524928178452
38730,6.838362835140505e-07,6.838362835140505e-07,0.0,4.8812191070951405e-05,3.3504898639822416e-05,0.001,1.6671930181542424e-05,1.717458923603911e-05,1.3973178203074564e-05,2.652507890860842e-05,2.602468302516598e-05
38740,6.833332191011726e-07,6.833332191011726e-07,0.0,5.791367878742681e-05,3.418476135264896e-05,0.001,1.8948436983397545e-05,1.976646978466476e-05,1.6443713023998932e-05,3.187551379527175e-05,3.128513227129858e-05
38750,6.828364639698561e-07,6.828364639698561e-07,0.0,6.551029658715513e-05,3.403342911669015e-05,0.001,2.195823056292598e-05,2.259607957377099e-05,1.8542968635650486e-05,3.558284149267322e-05,3.49312645940012e-05
38760,6.822698239294593e-07,6.822698239294593e-07,0.0,4.769074283077578e-05,3.177410769430278e-05,0.001,1.5616561520412586e-05,1.625131942597078e-05,1.3602131529622995e-05,2.6271545903114183e-05,2.576943109944705e-05
38770,6.817143454180579e-07,6.817143454180579e-07,0.0,2.969550935611284e-05,3.1998902753177226e-05,0.001,1.0498540921141676e-05,1.0416555028412192e-05,8.391876198791924e-06,1.5870196436136853e-05,1.5548583567708812e-05
38780,6.81172730744995e-07,6.81172730744995e-07,0.0,1.7279589360885522e-05,3.162503442431787e-05,0.001,6.38024116922685e-06,6.122713837509602e-06,4.964139041472725e-06,9.33452227315442e-06,9.109127900569092e-06
38790,6.806359275437527e-07,6.806359275437527e-07,0.0,9.160535172850804e-06,3.198979133555935e-05,0.001,4.693814031917464e-06,3.7336615500459685e-06,2.5778655528765867e-06,4.1251244208916646e-06,3.917230103141069e-06
38800,6.800989074225374e-07,6.800989074225374e-07,0.0,5.606781615684824e-06,3.209177880306135e-05,0.001,3.850574570588241e-06,2.7031001672537095e-06,1.6422922118304097e-06,1.8280651966630221e-06,1.4823153932246725e-06
38810,6.79559332201367e-07,6.79559332201367e-07,0.0,5.589617201839207e-06,3.236121167385249e-05,0.001,3.828559135247639e-06,2.6902151176962253e-06,1.6387561958516149e-06,1.8343194273746427e-06,1.4910096815257606e-06
38820,6.790160591835456e-07,6.790160591835456e-07,0.0,5.783273393049071e-06,3.261695127107761e-05,0.001,3.94664796062382e-06,2.782215564634528e-06,1.6584409917489849e-06,1.7590329439935728e-06,1.3974778100896952e-06
38830,6.784688688939651e-07,6.784688688939651e-07,0.0,5.4810471485478305e-06,3.28342970729343e-05,0.001,3.824712903735267e-06,2.6690941464225565e-06,1.6062946136402523e-06,1.7041557281244675e-06,1.3294585496653516e-06
38840,6.779179845051007e-07,6.779179845051007e-07,0.0,5.317055189947213e-06,3.308706374798127e-05,0.001,3.820505516733547e-06,2.641647922114945e-06,1.5516174551989422e-06,1.4608609203710627e-06,1.0148716031292568e-06
38850,6.77363397037566e-07,6.77363397037566e-07,0.0,5.323289664404674e-06,3.333046346244702e-05,0.001,3.83352708485673e-06,2.6497111164699397e-06,1.5471969901853826e-06,1.4138938381822167e-06,9.494749688816912e-07
38860,6.768050609933171e-07,6.768050609933171e-07,0.0,5.300018651210404e-06,3.356641634561726e-05,0.001,3.814544622035138e-06,2.6356960384202955e-06,1.546593437061152e-06,1.4382089414749477e-06,9.838217803708687e-07
38870,6.762430038410548e-07,6.762430038410548e-07,0.0,5.302621951096596e-06,3.0425873394483293e-05,0.0009000000000000001,3.80802348690483e-06,2.632630591525599e-06,1.549471277929382e-06,1.4600087355301291e-06,1.014930783442398e-06
38880,6.757337804794994e-07,6.757337804794994e-07,0.0,5.291719840028931e-06,3.0645251231241515e-05,0.0009000000000000001,3.8112492820150055e-06,2.6326281920570386e-06,1.543933315758995e-06,1.426115162202358e-06,9.679383819916675e-07
38890,6.752211597545568e-07,6.752211597545568e-07,0.0,5.290020806039074e-06,3.0862785029921755e-05,0.0009000000000000001,3.804439074360105e-06,2.628711712684095e-06,1.5455002571041288e-06,1.442438837460211e-06,9.914125895194211e-07
38900,6.747051382871484e-07,6.747051382871484e-07,0.0,5.2839385221538205e-06,3.108215174310021e-05,0.0009000000000000001,3.8030274189694444e-06,2.6269951512185128e-06,1.5433170420392645e-06,1.4315952126423413e-06,9.765991061985941e-07
38910,6.741857180932396e-07,6.741857180932396e-07,0.0,5.281095698427277e-06,3.130084222758494e-05,0.0009000000000000001,3.798758690206425e-06,2.624230782261527e-06,1.5434820814693552e-06,1.437061474820357e-06,9.847313036702153e-07
38920,6.736629030422888e-07,6.736629030422888e-07,0.0,5.276509695046539e-06,3.152014093551767e-05,0.0009000000000000001,3.796365759862844e-06,2.62221371360488e-06,1.5422638147374687e-06,1.4326654877651942e-06,9.790276237946914e-07
38930,6.73136697619698e-07,6.73136697619698e-07,0.0,5.272892193884284e-06,3.1739102318535984e-05,0.0009000000000000001,3.7926629352703526e-06,2.6196594718559604e-06,1.5418867095797716e-06,1.4343963713333816e-06,9.81960629524738e-07
38940,6.726071064741816e-07,6.726071064741816e-07,0.0,5.268706224485136e-06,3.195836245647268e-05,0.0009000000000000001,3.7896468340682988e-06,2.617374203845897e-06,1.541043810914516e-06,1.4327467423623742e-06,9.801207404302953e-07
38950,6.720741342756857e-07,6.720741342756857e-07,0.0,5.264750233030632e-06,3.2177540626332534e-05,0.0009000000000000001,3.786370479663819e-06,2.6149821886300554e-06,1.5403867736155427e-06,1.432427718025812e-06,9.801468838744223e-07
38960,6.715377856618345e-07,6.715377856618345e-07,0.0,5.26076128285774e-06,3.2396812539183865e-05,0.0009000000000000001,3.783062406729378e-06,2.6125709677760342e-06,1.5397232543503203e-06,1.4321093998159044e-06,9.801826069504177e-07
38970,6.709980652250701e-07,6.709980652250701e-07,0.0,5.256655740489198e-06,3.261617154849709e-05,0.0009000000000000001,3.7798235716252775e-06,2.610180212981881e-06,1.538985116385114e-06,1.4312981759205893e-06,9.795324191809966e-07
38980,6.70454977509418e-07,6.70454977509418e-07,0.0,5.25258230318061e-06,3.283557680814017e-05,0.0009000000000000001,3.7765022036216373e-06,2.607750216347823e-06,1.5382869300106141e-06,1.4308050910120212e-06,9.79331587160351e-07
38990,6.699085270100397e-07,6.699085270100397e-07,0.0,5.248487077063271e-06,3.305506426006453e-05,0.0009000000000000001,3.7731634865991763e-06,2.6053072223451668e-06,1.537584460834894e-06,1.4303093927664586e-06,9.791293389799205e-07
39000,6.693587181755017e-07,6.693587181755017e-07,0.0,5.244351672171266e-06,3.327463969017009e-05,0.0009000000000000001,3.769824227406032e-06,2.6028580315878e-06,1.5368640722673106e-06,1.4297155684311461e-06,9.787932460870463e-07
39010,6.688055554102764e-07,6.688055554102764e-07,0.0,5.240193228432915e-06,3.349430013319049e-05,0.0009000000000000001,3.766462456314596e-06,2.6003936030975184e-06,1.5361402434592672e-06,1.4291287437092795e-06,9.784705697140495e-07
39020,6.682490430769489e-07,6.682490430769489e-07,0.0,5.236014277485261e-06,3.3714051184453875e-05,0.0009000000000000001,3.7630755447819844e-06,2.597912766486617e-06,1.5354149755486884e-06,1.428562972333376e-06,9.781805157724936e-07
39030,6.676891854988893e-07,6.676891854988893e-07,0.0,5.2318113518111795e-06,3.393389967279927e-05,0.0009000000000000001,3.759668169916493e-06,2.5954175762439133e-06,1.5346852080655623e-06,1.4279962095901143e-06,9.77892520012452e-07
39040,6.67125986962647e-07,6.67125986962647e-07,0.0,5.227583449993935e-06,3.4153850813636656e-05,0.0009000000000000001,3.7562419332473045e-06,2.592908720839184e-06,1.533949988968004e-06,1.427421481944208e-06,9.77596812114327e-07
39050,6.66559451720263e-07,6.66559451720263e-07,0.0,5.223330995588471e-06,3.437390921594499e-05,0.0009000000000000001,3.752796530077479e-06,2.590386051016091e-06,1.5332096127116046e-06,1.4268408154496057e-06,9.77296067289588e-07
39060,6.659895839917589e-07,6.659895839917589e-07,0.0,5.219054346710673e-06,3.459407942043875e-05,0.0009000000000000001,3.7493315681151092e-06,2.587849459717432e-06,1.5324643259573374e-06,1.4262561486543647e-06,9.769931050094273e-07
39070,6.65416387967334e-07,6.65416387967334e-07,0.0,5.214753644047209e-06,3.4814365949327565e-05,0.0009000000000000001,3.7458469420750886e-06,2.5852989272174063e-06,1.5317142061801454e-06,1.4256681087448298e-06,9.766888155499991e-07
39080,6.648398678095834e-07,6.648398678095834e-07,0.0,5.210428944428756e-06,3.5034773261201906e-05,0.0009000000000000001,3.7423426882392677e-06,2.582734477303203e-06,1.530959259090583e-06,1.4250767443203231e-06,9.76383229565659e-07
39090,6.6426002765563e-07,6.6426002765563e-07,0.0,5.206080283531787e-06,3.5255305704208164e-05,0.0009000000000000001,3.7388188635852168e-06,2.5801561634022214e-06,1.5301994639809855e-06,1.4244819620981733e-06,9.760762454920651e-07
39100,6.636768716192456e-07,6.636768716192456e-07,0.0,5.2017077109e-06,3.547596752080664e-05,0.0009000000000000001,3.735275526096292e-06,2.577564029121236e-06,1.5294348117424666e-06,1.4238837208997314e-06,9.757677997726724e-07
39110,6.630904037928188e-07,6.630904037928188e-07,0.0,5.197311283197953e-06,3.569676285009777e-05,0.0009000000000000001,3.731712720519477e-06,2.5749581145003595e-06,1.528665299222109e-06,1.4232820309991694e-06,9.754579069668593e-07
39120,6.625006282494891e-07,6.625006282494891e-07,0.0,5.192891060842204e-06,3.59176957280614e-05,0.0009000000000000001,3.728130488014158e-06,2.5723384607926196e-06,1.5278909246971665e-06,1.4226769190276173e-06,9.75146611579221e-07
39130,6.619075490448241e-07,6.619075490448241e-07,0.0,5.188447096627259e-06,3.613877009961716e-05,0.0009000000000000001,3.72452888139892e-06,2.5697051111307727e-06,1.527111680967465e-06,1.4220683647196357e-06,9.748338833042955e-07
39140,6.613111702189475e-07,6.613111702189475e-07,0.0,5.183979430530859e-06,3.6359989823241134e-05,0.0009000000000000001,3.7209079677709546e-06,2.567058116221828e-06,1.5263275498674191e-06,1.4214562733755293e-06,9.745195937578636e-07
39150,6.607114957981399e-07,6.607114957981399e-07,0.0,5.179488111633822e-06,3.6581358665027393e-05,0.0009000000000000001,3.717267798486863e-06,2.564397519099925e-06,1.5255385223197016e-06,1.4208406177948005e-06,9.74203706128164e-07
39160,6.60108529796777e-07,6.60108529796777e-07,0.0,5.1749732103059725e-06,3.680288029428804e-05,0.0009000000000000001,3.713608407272742e-06,2.56172335729087e-06,1.5247446035199341e-06,1.4202214737055942e-06,9.738863293878748e-07
40430,0.009108359342324833,0.009108359342324833,0.0,0.793336459523999,0.019250559970482594,0.001,0.4057103304487412,0.3769410636778035,0.24139944723258264,0.3406065950624379,0.32385477393200607
40440,0.0004719728322851516,0.0004719728322851516,0.0,0.12033966496243817,0.015160939884265184,0.001,0.05049013858405376,0.050530428251939395,0.03570994772270172,0.05952633638835646,0.05755090681933399
40450,0.0009008311174638115,0.0009008311174638115,0.0,0.1868488797991499,0.007033235096249454,0.001,0.07679792141051409,0.07297083283045,0.05458459856090779,0.09478602157525466,0.09267579763866134
40460,0.00027870364412626306,0.00027870364412626306,0.0,0.08357993524622051,0.005589277778977155,0.001,0.03513437577271033,0.03400069136020073,0.02436235726234089,0.04193155339357322,0.040385101205142396
40470,0.00017147900019477637,0.00017147900019477637,0.0,0.03513530762045533,0.0042362548144086526,0.001,0.009100641083403513,0.00823870108891495,0.009867434171707372,0.020325995582169746,0.02069478424396862
40480,0.0001414915752041533,0.0001414915752041533,0.0,0.03748934560947713,0.002483338205676896,0.001,0.014359285689374487,0.012964789558251609,0.010836699921491704,0.019492240153164697,0.019737205115962428
40490,9.127867189220191e-05,9.127867189220191e-05,0.0,0.02214230409145011,0.002281658250961904,0.001,0.00890409581121199,0.00796165865287817,0.006361593128023379,0.01129371959531798,0.011380420600241825
40500,6.332903839216491e-05,6.332903839216491e-05,0.0,0.01187827346569698,0.002216990267597316,0.001,0.005029978287854945,0.00448049537801834,0.0034429804686167977,0.005885317781986308,0.005903485336155779
40510,4.61406539475295e-05,4.61406539475295e-05,0.0,0.007084670649642686,0.0020867282536165374,0.001,0.00314536371028163,0.0028214106760589,0.002112115216280288,0.003383464023954927,0.0033793627443901176
40520,3.361740546717182e-05,3.361740546717182e-05,0.0,0.0042495771178847706,0.0019435797451015776,0.001,0.0016530074719399957,0.001472840559337826,0.0012610901127366365,0.0021917733871339236,0.002193161937773367
40530,2.4146890137625117e-05,2.4146890137625117e-05,0.0,0.00261503433945235,0.0017947815310203725,0.001,0.0007266239635820972,0.000676346431712795,0.0007929497125459596,0.0015138841718238488,0.0014848167692419173
40540,1.7027391095470365e-05,1.7027391095470365e-05,0.0,0.0017163973090951416,0.001636531289706374,0.001,0.0005964279536576891,0.0005432861112729602,0.0005444792574331963,0.0009712912045423026,0.0009141899978076824
40550,1.1811493547338387e-05,1.1811493547338387e-05,0.0,0.0006477858888158543,0.0014686850893446484,0.001,0.0002487075185402641,0.00024360405574715033,0.00022388231827292042,0.0003619038729700857,0.00030981003804788796
40560,8.100640738807943e-06,8.100640738807943e-06,0.0,0.0007332564201239542,0.0012994707408661866,0.001,0.00030146291466880625,0.00031778662647418527,0.00023173585264712476,0.0003589599670221344,0.0003406241721565951
40570,5.458960462381761e-06,5.458960462381761e-06,0.0,0.0005228563838449186,0.0011316786136913338,0.001,0.0001737319722919655,0.00017171896021761455,0.00016794023998214233,0.000299129676646659,0.00028593553870225107
40580,3.6300011392517814e-06,3.6300011392517814e-06,0.0,0.00036198745372572694,0.0009679203797518174,0.001,0.0001536919079385529,0.00014825197377599895,0.0001234581493920001,0.00018971644253634696,0.00016360802092244014
40590,2.3974957861051973e-06,2.3974957861051973e-06,0.0,0.0002952944939649246,0.0008137025554473887,0.001,0.00010891789831881045,9.802207192343238e-05,0.00010130178224709067,0.00017085281633140594,0.00015066567639593709
40600,1.5847151772546212e-06,1.5847151772546212e-06,0.0,0.00021905088007395003,0.000672857128126464,0.001,8.790057129110994e-05,8.640375925804899e-05,7.498547061867577e-05,0.00011806811429173304,0.000104179162915927
40610,1.0630493074421095e-06,1.0630493074421095e-06,0.0,0.00017161941414259305,0.0005479617641696728,0.001,6.497911660192412e-05,6.36511041666303e-05,5.859542446530262e-05,9.515944530777925e-05,8.562342433745912e-05
40620,7.363225252257426e-07,7.363225252257426e-07,0.0,0.00013239095359016755,0.00043899184511137515,0.001,5.352474819429192e-05,5.0757438106310306e-05,4.579992453796295e-05,7.20995341794126e-05,6.298845182645658e-05
40630,5.368876039593177e-07,5.368876039593177e-07,0.0,9.857493792783668e-05,0.0003466351398062706,0.001,3.787819799358728e-05,3.54042561241495e-05,3.4355844003386717e-05,5.554853143988323e-05,4.9026618723231064e-05
40640,4.1822544030324964e-07,4.1822544030324964e-07,0.0,7.537654052681373e-05,0.0002701091284542051,0.001,3.026616016119387e-05,2.961493678052171e-05,2.6036873612116014e-05,4.042419576181188e-05,3.58558462417263e-05
40650,3.493980457176704e-07,3.493980457176704e-07,0.0,5.5180878885481404e-05,0.00020760769616823036,0.001,2.1725632686021683e-05,2.0500541762352418e-05,1.934666256953509e-05,3.053382900425613e-05,2.6806043061467715e-05
40660,3.1049361223277185e-07,3.1049361223277185e-07,0.0,4.0223262684149915e-05,0.00015759334120702876,0.001,1.569121899305194e-05,1.4928542430708201e-05,1.414150308927303e-05,2.222843821295709e-05,1.962908790370838e-05
40670,2.8906413663605657e-07,2.8906413663605657e-07,0.0,2.9199341751337278e-05,0.00011818850383719367,0.001,1.1602928679680332e-05,1.1221408379867244e-05,1.0318326670040761e-05,1.5824182360354075e-05,1.3919851730966114e-05
40680,2.775592286274221e-07,2.775592286274221e-07,0.0,2.075156014598547e-05,8.75816380694743e-05,0.001,8.217800046472731e-06,7.843829402558268e-06,7.419358831045326e-06,1.1319600040380184e-05,9.908995081629255e-06
40690,2.71533644442503e-07,2.71533644442503e-07,0.0,1.462652405167374e-05,6.422158983398293e-05,0.001,5.805568001380719e-06,5.505947150812227e-06,5.2733639972751815e-06,7.939122070406875e-06,6.971544604894695e-06
40700,2.6844679304314003e-07,2.6844679304314003e-07,0.0,1.0234520709357033e-05,4.6687573661672393e-05,0.001,4.196600372575047e-06,3.884768082894362e-06,3.7508321855223253e-06,5.482225081458142e-06,4.7624137623709954e-06
40710,2.668896267862846e-07,2.668896267862846e-07,0.0,7.207550991702061e-06,3.382306735591416e-05,0.001,3.1119851204939056e-06,2.8242499573188197e-06,2.675772182928577e-06,3.71311712069024e-06,3.2047052103962344e-06
40720,2.66104233887998e-07,2.66104233887998e-07,0.0,5.191978118108107e-06,2.4672067945018064e-05,0.001,2.500235528990079e-06,2.1009092983016205e-06,1.9415499845257424e-06,2.5168957010714184e-06,2.130166661239475e-06
40730,2.6569555757451723e-07,2.6569555757451723e-07,0.0,3.982939327420655e-06,1.8473263041013322e-05,0.001,2.200649909651201e-06,1.6949430302709117e-06,1.464269456156447e-06,1.7213764976765715e-06,1.4184834550817769e-06
40740,2.6546425409652176e-07,2.6546425409652176e-07,0.0,3.3267341814083885e-06,1.4587015780595288e-05,0.001,2.0855002643004658e-06,1.496341352551952e-06,1.1717946389514725e-06,1.2219851918398244e-06,9.596040230842454e-07
40750,2.653130793904816e-07,2.653130793904816e-07,0.0,3.0192912357473525e-06,1.2415219908433998e-05,0.001,2.039648743067035e-06,1.4071098104197976e-06,1.0063888598433972e-06,9.514817311010144e-07,7.096833518319189e-07
40760,2.651962525657212e-07,2.651962525657212e-07,0.0,2.8926618191286617e-06,1.13768210199e-05,0.001,2.0323960609440105e-06,1.3760197692658475e-06,9.165744456246431e-07,8.22429133435312e-07,5.937983844886191e-07
40770,2.6509302061281605e-07,2.6509302061281605e-07,0.0,2.8496258789351462e-06,1.0984188698219807e-05,0.001,2.0343771360096367e-06,1.36493303098869e-06,8.705902992016211e-07,7.786638208300662e-07,5.612884853799502e-07
40780,2.649943526759458e-07,2.649943526759458e-07,0.0,2.8383794630770562e-06,1.091272900571288e-05,0.001,2.041195362846047e-06,1.3644146479762242e-06,8.463596260483963e-07,7.648621245504037e-07,5.566359024832205e-07
40790,2.648964924839891e-07,2.648964924839891e-07,0.0,2.8377001051804348e-06,1.0985356011080685e-05,0.001,2.046277347020956e-06,1.3652294776109411e-06,8.338516283481059e-07,7.642804381815676e-07,5.619398891838808e-07
40800,2.647979565843608e-07,2.647979565843608e-07,0.0,2.839224848496625e-06,1.1118109216944361e-05,0.001,2.0497893299823977e-06,1.3663937298905137e-06,8.271298642658858e-07,7.659528336776801e-07,5.672756068123847e-07
40810,2.6469819529696117e-07,2.6469819529696117e-07,0.0,2.8404599608340528e-06,1.1274366895124536e-05,0.001,2.0518115967834133e-06,1.3672116839595508e-06,8.234503909254845e-07,7.673774710007138e-07,5.708897700168572e-07
40820,2.645970224751759e-07,2.645970224751759e-07,0.0,2.840965415134976e-06,1.143921081786411e-05,0.001,2.052509312789544e-06,1.3673165655975814e-06,8.214999294521223e-07,7.686357355697463e-07,5.732920399664695e-07
40830,2.6449438484889947e-07,2.6449438484889947e-07,0.0,2.840814536109379e-06,1.1606822177388807e-05,0.001,2.0526158646900104e-06,1.3672389279693128e-06,8.203964998889164e-07,7.690563990674305e-07,5.743748263618929e-07
40840,2.6439027404026725e-07,2.6439027404026725e-07,0.0,2.840247850705897e-06,1.1774991914313378e-05,0.001,2.0522560195023533e-06,1.366895643611368e-06,8.19788563546106e-07,7.692120006694485e-07,5.748596677211218e-07
40850,2.642846952525906e-07,2.642846952525906e-07,0.0,2.8394367073028843e-06,1.194291515638906e-05,0.001,2.051643125633874e-06,1.3664087262190703e-06,8.194336106380375e-07,7.69200217578195e-07,5.750039673038229e-07
40860,2.641776570560921e-07,2.641776570560921e-07,0.0,2.8384888123700624e-06,1.2110288686097975e-05,0.001,2.050928882517264e-06,1.365884943412534e-06,8.191870730931583e-07,7.690293427153112e-07,5.749227838187568e-07
40870,2.6406916843210905e-07,2.6406916843210905e-07,0.0,2.837473720130709e-06,1.2276999947946859e-05,0.001,2.0501425682976723e-06,1.365315601877032e-06,8.189924042242975e-07,7.688319082233884e-07,5.747764612840957e-07
40880,2.639592380717338e-07,2.639592380717338e-07,0.0,2.836425363425348e-06,1.2443017124549262e-05,0.001,2.049320856598058e-06,1.364722586247041e-06,8.18812947266774e-07,7.686292929249512e-07,5.746128684401949e-07
40890,2.6384787427711926e-07,2.6384787427711926e-07,0.0,2.8353590984953987e-06,1.2608341525442447e-05,0.001,2.0484879019121024e-06,1.3641245229338526e-06,8.186295284448249e-07,7.684159912743728e-07,5.744421097457717e-07
40900,2.637350849850055e-07,2.637350849850055e-07,0.0,2.8342824541977595e-06,1.2772990991909533e-05,0.001,2.0476464592369276e-06,1.3635199337646238e-06,8.184380058694339e-07,7.682056036754764e-07,5.742789000386131e-07
40910,2.636208777983424e-07,2.636208777983424e-07,0.0,2.8331983153730983e-06,1.293699319795172e-05,0.001,2.0467983583171654e-06,1.3629087515611013e-06,8.182378579686791e-07,7.680017208587685e-07,5.741266341631863e-07
40920,2.6350526000960077e-07,2.6350526000960077e-07,0.0,2.83210676343492e-06,1.3100380051061368e-05,0.001,2.0459459093734227e-06,1.362293318773213e-06,8.180294341220308e-07,7.67799517576799e-07,5.739805302120145e-07
40930,2.6338823861846915e-07,2.6338823861846915e-07,0.0,2.8310066156175963e-06,1.3263184477599583e-05,0.001,2.0450884096664827e-06,1.3616735103899596e-06,8.178141318222212e-07,7.675968804368553e-07,5.738375276319261e-07
40940,2.632698203468385e-07,2.632698203468385e-07,0.0,2.8298962174852346e-06,1.3425439177938299e-05,0.001,2.044223587444068e-06,1.3610478141297277e-06,8.17593510729322e-07,7.673939446352377e-07,5.736966950733474e-07
40950,2.63150011652572e-07,2.63150011652572e-07,0.0,2.8287741010242687e-06,1.3587175652238279e-05,0.001,2.0433496726859275e-06,1.3604152376485973e-06,8.173686981222518e-07,7.671902903352424e-07,5.735568908832312e-07
40960,2.630288187424868e-07,2.630288187424868e-07,0.0,2.827639585754761e-06,1.3748423932648412e-05,0.001,2.0424661150656543e-06,1.3597755789768403e-06,8.17140379281784e-07,7.669851109789754e-07,5.73416900238147e-07
40970,2.629062475846003e-07,2.629062475846003e-07,0.0,2.826492577566937e-06,1.390921246640818e-05,0.001,2.041573007330037e-06,1.3591289441140776e-06,8.169089789199439e-07,7.667777761357444e-07,5.732757826217159e-07
40980,2.627823039196878e-07,2.627823039196878e-07,0.0,2.8253330253855356e-06,1.4069568217967187e-05,0.001,2.040670335589158e-06,1.3584753319355714e-06,8.166747551872051e-07,7.665680449624161e-07,5.731331007500152e-07
40990,2.626569932721432e-07,2.626569932721432e-07,0.0,2.824160774502249e-06,1.4229516799698703e-05,0.001,2.03975787669175e-06,1.357814618737052e-06,8.164378458310457e-07,7.663559233561096e-07,5.729887857114538e-07
41000,2.625303209602338e-07,2.625303209602338e-07,0.0,2.822975779668328e-06,1.4389082601887282e-05,0.001,2.0388355495814068e-06,1.3571467669307182e-06,8.16198309757567e-07,7.661414156829632e-07,5.728428129619743e-07
41010,2.6240229210562826e-07,2.6240229210562826e-07,0.0,2.821778136505397e-06,1.4548288917004804e-05,0.001,2.0379034678299237e-06,1.35647184800555e-06,8.159561627833651e-07,7.659244834077138e-07,5.72695127028322e-07
41020,2.62272911642548e-07,2.62272911642548e-07,0.0,2.82056790774249e-06,1.4707158037052149e-05,0.001,2.0369616925746167e-06,1.3557899039574531e-06,8.157114051026992e-07,7.657051262446506e-07,5.725457287463335e-07
41030,2.6214218432618537e-07,2.6214218432618537e-07,0.0,2.8193451234536956e-06,1.4865711332255766e-05,0.001,2.0360102357953915e-06,1.3551009484793931e-06,8.154640332541779e-07,7.654833699529958e-07,5.72394652686987e-07
41040,2.6201011474081395e-07,2.6201011474081395e-07,0.0,2.818109843496221e-06,1.5023969317329717e-05,0.001,2.035049152554532e-06,1.354405017755893e-06,8.152140436476329e-07,7.652592242154941e-07,5.722419115263663e-07
41050,2.6187670730729305e-07,2.6187670730729305e-07,0.0,2.8168621232368203e-06,1.5181951706433371e-05,0.001,2.0340784935199947e-06,1.3537021453661356e-06,8.149614349416837e-07,7.650326966342503e-07,5.720875140843092e-07
41060,2.6174196629028057e-07,2.6174196629028057e-07,0.0,2.8156020014571925e-06,1.53396774597835e-05,0.001,2.03309828797199e-06,1.3529923532761072e-06,8.147062082930761e-07,7.648037987451014e-07,5.71931473514319e-07
41070,2.6160589580493505e-07,2.6160589580493505e-07,0.0,2.814329521315278e-06,1.5497164826423964e-05,0.001,2.032108573339171e-06,1.3522756677532997e-06,8.144483663359533e-07,7.645725360890159e-07,5.717737947070255e-07
41080,2.614684998233407e-07,2.614684998233407e-07,0.0,2.813044723737595e-06,1.5654431382671544e-05,0.001,2.0311093853465364e-06,1.3515521140064701e-06,8.141879127046792e-07,7.643389127074279e-07,5.716144802909869e-07
41090,2.613297821805616e-07,2.613297821805616e-07,0.0,2.8117476452616566e-06,1.5811494067586727e-05,0.001,2.0301007545969408e-06,1.3508217144151834e-06,8.139248516155928e-07,7.641029326143213e-07,5.714535325883496e-07
41100,2.6118974658035426e-07,2.6118974658035426e-07,0.0,2.8104383219222734e-06,1.5968369216694883e-05,0.001,2.029082711965255e-06,1.3500844912514627e-06,8.136591872613176e-07,7.638645992698811e-07,5.712909533893931e-07
41110,2.6104839660064454e-07,2.6104839660064454e-07,0.0,2.8091167887319502e-06,1.61250725929619e-05,0.001,2.0280552876017727e-06,1.349340466350392e-06,8.133909238133788e-07,7.636239150355416e-07,5.711267428715079e-07
41120,2.609057356986566e-07,2.609057356986566e-07,0.0,2.8077830798243987e-06,1.6281619416573916e-05,0.001,2.0270185112765263e-06,1.3485896610125039e-06,8.131200650049298e-07,7.63380882877085e-07,5.709609025402475e-07
41130,2.607617672158573e-07,2.607617672158573e-07,0.0,2.8064372258710995e-06,1.643802439164928e-05,0.001,2.0259724083675903e-06,1.3478320942623026e-06,8.128466145828448e-07,7.631355055265685e-07,5.70793433217012e-07
41140,2.606164943826081e-07,2.606164943826081e-07,0.0,2.805079261407055e-06,1.6594301732975544e-05,0.001,2.024917010569364e-06,1.3470677881667412e-06,8.125705756947194e-07,7.628877841629536e-07,5.706243343026779e-07
41150,2.6046992032261413e-07,2.6046992032261413e-07,0.0,2.8037092141018486e-06,1.6750465188988374e-05,0.001,2.023852340297786e-06,1.3462967599390139e-06,8.122919516054398e-07,7.626377214020387e-07,5.704536066798286e-07
41160,2.603220480571489e-07,2.603220480571489e-07,0.0,2.802327112138987e-06,1.690652805847387e-05,0.001,2.0227784209037596e-06,1.3455190297573522e-06,8.120107471027992e-07,7.623853059465185e-07,5.70281229690712e-07
41170,2.601728805090989e-07,2.601728805090989e-07,0.0,2.8009329047898104e-06,1.7062503073221814e-05,0.001,2.0216951526664106e-06,1.3447346049062977e-06,8.117270069188887e-07,7.621302983445644e-07,5.701068092760839e-07
41180,2.6002242050681953e-07,2.6002242050681953e-07,0.0,2.799524103552024e-06,1.72183975638856e-05,0.001,2.0205985743358023e-06,1.3439432140243556e-06,8.114421243644318e-07,7.618647243140656e-07,5.699173195916055e-07
41190,2.5987067079009513e-07,2.5987067079009513e-07,0.0,2.7979928763080097e-06,1.7373955552351093e-05,0.001,2.0192898590546485e-06,1.343136546982462e-06,8.112337427408506e-07,7.612021677602697e-07,5.690752945971837e-07
41200,2.597176467172136e-07,2.597176467172136e-07,0.0,2.896561284517428e-06,1.750939580480139e-05,0.001,2.0220911921166414e-06,1.3750558611958034e-06,8.538113412937826e-07,8.355698185253109e-07,6.544073934439255e-07
41210,2.5971455479400375e-07,2.5971455479400375e-07,0.0,8.623591658257101e-05,2.6417120260575198e-05,0.001,3.0689579833184e-05,3.307689716036002e-05,2.727309554371345e-05,4.458540108418323e-05,4.40506477260996e-05
41220,3.8865588563787965e-06,3.8865588563787965e-06,0.0,0.013351587344166416,0.0033950840503882826,0.001,0.004758194201441287,0.005117669862083314,0.004218656919580915,0.00691272110339193,0.0068320113244858425
41230,0.0002467905925927882,0.0002467905925927882,0.0,0.1077436009499341,0.015274315912526258,0.001,0.037068175706281556,0.039998757187617556,0.03379817861043496,0.05662915104621771,0.05600293834924001
41240,2.976477587324162e-06,2.976477587324162e-06,0.0,0.010326108624665525,0.004778022528408712,0.001,0.004107234185105259,0.004279592556210482,0.0033878728869579243,0.005098669967913549,0.004928438599964225
41250,3.983618245520781e-06,3.983618245520781e-06,0.0,0.012127375717842446,0.001973189554517056,0.001,0.0043781869163178316,0.004610320205566885,0.00386547118217151,0.0062883821675921705,0.006144926015178189
41260,8.680020491342991e-07,8.680020491342991e-07,0.0,0.004091290372465742,0.0012489767730473507,0.001,0.0013971743607103875,0.0014808731884652679,0.0012857394750988365,0.0021716108096246733,0.0021307711933988764
41270,3.3358415959497177e-07,3.3358415959497177e-07,0.0,0.00019784349952634678,0.0009099802353058566,0.001,0.00010894767453445142,9.100016179979686e-05,5.951778046137762e-05,8.394469666410242e-05,7.992045146223173e-05
41280,3.109819588766005e-07,3.109819588766005e-07,0.0,0.0010679270662967864,0.0006078942949013057,0.001,0.00036885070836625394,0.00039040894397814106,0.0003382393023694412,0.0005634524567229816,0.0005519190463358729
41290,2.93523045223616e-07,2.93523045223616e-07,0.0,0.0008761187426571075,0.00037185007367542954,0.001,0.0002863292613825836,0.00030499437721398927,0.0002731257186053021,0.00047196922443024276,0.0004644709217542005
41300,2.7846525459661435e-07,2.7846525459661435e-07,0.0,0.00042752725829526433,0.0002126782004050299,0.001,0.0001421537628669787,0.00015103687700655723,0.00013387424911600845,0.00022917167999304694,0.00022515511525486893
41310,2.7384466723422495e-07,2.7384466723422495e-07,0.0,4.571075117906831e-05,0.00010979811762311398,0.001,1.6488970670068393e-05,1.6926474834827084e-05,1.4368621903282815e-05,2.4129037415310493e-05,2.3546745860580696e-05
41320,2.7424120957827754e-07,2.7424120957827754e-07,0.0,0.00018948389043647846,4.56064196075041e-05,0.001,6.284731458275885e-05,6.722844786787061e-05,5.9506949727022316e-05,0.00010120693950030141,9.946639725961842e-05
41330,2.7488747787213996e-07,2.7488747787213996e-07,0.0,0.000278409241493651,2.0203780257075485e-05,0.001,9.165724471936846e-05,9.7959317329845e-05,8.709509917355295e-05,0.00014927877050250035,0.0001468201164346574
41340,2.7434568743816055e-07,2.7434568743816055e-07,0.0,0.0002537324588072135,2.5834945236710617e-05,0.001,8.314508923599413e-05,8.891007538059134e-05,7.923915344698684e-05,0.00013627965856534535,0.0001340898058587
41350,2.732627870966057e-07,2.732627870966057e-07,0.0,0.00016098987892317285,2.5849069267390268e-05,0.001,5.2756852852904476e-05,5.65134161989861e-05,5.032583767621612e-05,8.640671306494045e-05,8.499840457581666e-05
41360,2.7255986592604194e-07,2.7255986592604194e-07,0.0,5.452699576849701e-05,1.9633094986788434e-05,0.001,1.7799713922741407e-05,1.9213633782816658e-05,1.7117275617094677e-05,2.9203537924329485e-05,2.870231737000304e-05
41370,2.7233082942028297e-07,2.7233082942028297e-07,0.0,1.748465564801755e-05,1.5636971516399525e-05,0.001,6.388171073848637e-06,6.276728645450417e-06,5.368710135199842e-06,9.260677977063582e-06,9.111535943260682e-06
41380,2.721828395595535e-07,2.721828395595535e-07,0.0,3.401536476681918e-05,1.5792232710721e-05,0.001,1.1799977073768465e-05,1.2121401087309749e-05,1.054747123377949e-05,1.813509060629219e-05,1.7841390300891193e-05
41390,2.719923160072528e-07,2.719923160072528e-07,0.0,1.4103924155586545e-05,1.5745266535645845e-05,0.001,5.446420659749218e-06,5.194950215967457e-06,4.319730860054941e-06,7.359483940793209e-06,7.228171367822909e-06
41400,2.718194113524969e-07,2.718194113524969e-07,0.0,6.837200075035261e-06,1.5615376189081312e-05,0.001,2.7273250468730506e-06,2.523586423407694e-06,2.14715208706626e-06,3.4242392196432447e-06,3.325854439629476e-06
41410,2.716486720015472e-07,2.716486720015472e-07,0.0,7.099444689081461e-06,1.576269205393775e-05,0.001,2.7795506045662347e-06,2.610633585787447e-06,2.23372892006178e-06,3.5768171369793815e-06,3.4774655668511135e-06
41420,2.714756577759861e-07,2.714756577759861e-07,0.0,3.5053611380508014e-06,1.5865164675548667e-05,0.001,2.398140816252542e-06,1.6585256535961643e-06,9.676077741322717e-07,1.1729052106909206e-06,1.0483074487420025e-06
41430,2.7131804374430624e-07,2.7131804374430624e-07,0.0,3.3487530446306685e-06,1.4396161609042974e-05,0.0009000000000000001,2.35823161458032e-06,1.611806211215155e-06,9.194102392395507e-07,1.0373136494554558e-06,8.971951648458201e-07
41440,2.7116107374366187e-07,2.7116107374366187e-07,0.0,3.2644341901829568e-06,1.4509306167334703e-05,0.0009000000000000001,2.3351262195436006e-06,1.5859100214805457e-06,8.942724938448224e-07,9.60366916693767e-07,8.086422156090415e-07
41450,2.710030144497051e-07,2.710030144497051e-07,0.0,3.2029001744383275e-06,1.461842260546047e-05,0.0009000000000000001,2.312190407620524e-06,1.5639388231796225e-06,8.77306304472026e-07,9.092693491223926e-07,7.486391169002781e-07
41460,2.708438634362419e-07,2.708438634362419e-07,0.0,3.1477814067712814e-06,1.472545076449974e-05,0.0009000000000000001,2.2921908030964026e-06,1.5447667505379075e-06,8.624293238549799e-07,8.596026545589439e-07,6.885886176072369e-07
41470,2.7068362106630896e-07,2.7068362106630896e-07,0.0,3.1010221278909228e-06,1.4832167775904575e-05,0.0009000000000000001,2.274241580070896e-06,1.5281729693422137e-06,8.50479454934978e-07,8.15403181064319e-07,6.333162512434488e-07
41480,2.705222878321264e-07,2.705222878321264e-07,0.0,3.067575328744743e-06,1.4939441992554109e-05,0.0009000000000000001,2.258367950428739e-06,1.5149335415651545e-06,8.430411547864899e-07,7.85409405833625e-07,5.945396929491346e-07
41490,2.703598634312142e-07,2.703598634312142e-07,0.0,3.04924224481437e-06,1.5047411004738754e-05,0.0009000000000000001,2.2474881056932385e-06,1.5066953478259396e-06,8.397475369791065e-07,7.706686347247794e-07,5.749709980263498e-07
41500,2.701963471892159e-07,2.701963471892159e-07,0.0,3.042304825003255e-06,1.515589044389869e-05,0.0009000000000000001,2.2426735981984025e-06,1.5032437387214873e-06,8.386821208003737e-07,7.66038648317689e-07,5.688224013650295e-07
41510,2.700317389212692e-07,2.700317389212692e-07,0.0,3.041841428574545e-06,1.52646581704252e-05,0.0009000000000000001,2.2422168291194633e-06,1.5029062551072422e-06,8.384889669419315e-07,7.667372802114838e-07,5.699791714524979e-07
41520,2.6986603891830293e-07,2.6986603891830293e-07,0.0,3.0435735290433714e-06,1.5373577622444613e-05,0.0009000000000000001,2.243117949153163e-06,1.503566592894851e-06,8.386251796113494e-07,7.694126588044172e-07,5.738295096445495e-07
41530,2.69699247420698e-07,2.69699247420698e-07,0.0,3.043714160227725e-06,1.5482603342383428e-05,0.0009000000000000001,2.242890495503968e-06,1.5034313277484649e-06,8.385672810947547e-07,7.708332117057078e-07,5.759462200220995e-07
41540,2.695313645717323e-07,2.695313645717323e-07,0.0,3.0413598454935328e-06,1.5591742260931068e-05,0.0009000000000000001,2.2411221161040303e-06,1.5021561885631212e-06,8.381244509931646e-07,7.700772739197008e-07,5.751050319075308e-07
41550,2.693623905304941e-07,2.693623905304941e-07,0.0,3.0385733287028534e-06,1.5701019401691924e-05,0.0009000000000000001,2.23908791191928e-06,1.5006848273447943e-06,8.376172319644784e-07,7.689338069275178e-07,5.737367125143329e-07
41560,2.691923254277696e-07,2.691923254277696e-07,0.0,3.036791620611189e-06,1.581045555289498e-05,0.0009000000000000001,2.2376747013346773e-06,1.4996722110134756e-06,8.372641104239224e-07,7.68676106629544e-07,5.735743055194757e-07
41570,2.6902116937196363e-07,2.6902116937196363e-07,0.0,3.03537938638512e-06,1.5920060866397365e-05,0.0009000000000000001,2.2364880840599357e-06,1.4988272638212027e-06,8.369666343956908e-07,7.68752950917187e-07,5.738687068311444e-07
41580,2.688489224511239e-07,2.688489224511239e-07,0.0,3.0335208017849478e-06,1.6029838992899943e-05,0.0009000000000000001,2.235023904527417e-06,1.497777901725997e-06,8.366003862110985e-07,7.684431409052502e-07,5.736385710604198e-07
41590,2.686755847326604e-07,2.686755847326604e-07,0.0,3.031555726798603e-06,1.6139791739697393e-05,0.0009000000000000001,2.2334917617814438e-06,1.496678608964881e-06,8.362172357654579e-07,7.680479772319522e-07,5.732935037702778e-07
41600,2.685011562644427e-07,2.685011562644427e-07,0.0,3.0297836602521463e-06,1.6249920988377718e-05,0.0009000000000000001,2.2320755484804193e-06,1.4956651740081116e-06,8.35862864739185e-07,7.67834851689467e-07,5.731971898207016e-07
41610,2.683256370755214e-07,2.683256370755214e-07,0.0,3.027944161564644e-06,1.6360229270810378e-05,0.0009000000000000001,2.2306159784809695e-06,1.494619963019976e-06,8.354975017099909e-07,7.675697470436555e-07,5.730315584265864e-07
41620,2.681490271768075e-07,2.681490271768075e-07,0.0,3.0260491379529897e-06,1.6470719760305064e-05,0.0009000000000000001,2.2291205335157633e-06,1.4935485176039274e-06,8.351230002053285e-07,7.672628733615947e-07,5.728105270133022e-07
41630,2.6797132656172237e-07,2.6797132656172237e-07,0.0,3.0241939808533137e-06,1.6581395790269546e-05,0.0009000000000000001,2.2276473143819724e-06,1.49249376298565e-06,8.347539420396414e-07,7.670005712236047e-07,5.726514049065116e-07
41640,2.67792535206952e-07,2.67792535206952e-07,0.0,3.0223011849635545e-06,1.669226064722874e-05,0.0009000000000000001,2.226149132119965e-06,1.49142078084097e-06,8.343785101306821e-07,7.667126787779896e-07,5.724587614040358e-07
41650,2.676126530730471e-07,2.676126530730471e-07,0.0,3.020403458690237e-06,1.6803317461421586e-05,0.0009000000000000001,2.224645863593023e-06,1.4903442897887166e-06,8.340016862659929e-07,7.664288932223517e-07,5.722729994889085e-07
41660,2.674316801051011e-07,2.674316801051011e-07,0.0,3.0184960834621495e-06,1.6914569248191446e-05,0.0009000000000000001,2.2231346597639293e-06,1.4892621904072227e-06,8.336227386746227e-07,7.66144879298093e-07,5.720882515648055e-07
41670,2.6724961623338177e-07,2.6724961623338177e-07,0.0,3.0165737520214254e-06,1.7026018979276656e-05,0.0009000000000000001,2.221612306052343e-06,1.4881721014713763e-06,8.332408569178005e-07,7.658557863551115e-07,5.718979197011648e-07
41680,2.67066461373982e-07,2.67066461373982e-07,0.0,3.014642864674038e-06,1.713766957841536e-05,0.0009000000000000001,2.220082661250986e-06,1.4870768763651763e-06,8.328570141277818e-07,7.655675095424473e-07,5.717100102189447e-07
41690,2.6688221542938615e-07,2.6688221542938615e-07,0.0,3.012698654246475e-06,1.7249523950719773e-05,0.0009000000000000001,2.2185428550115325e-06,1.4859743925031722e-06,8.324704817910525e-07,7.652756472930403e-07,5.715185454877221e-07
41700,2.6669687828912223e-07,2.6669687828912223e-07,0.0,3.0107440381985844e-06,1.7361584956376132e-05,0.0009000000000000001,2.2169946433849454e-06,1.4848659530320304e-06,8.32081701093596e-07,7.6498289213852e-07,5.713271895061717e-07
41710,2.6651044983030903e-07,2.6651044983030903e-07,0.0,3.008777508553963e-06,1.7473855422758602e-05,0.0009000000000000001,2.215437120610645e-06,1.4837508867566046e-06,8.31690440702544e-07,7.64687846447118e-07,5.711340425494168e-07
41720,2.6632292991824767e-07,2.6632292991824767e-07,0.0,3.0067996313640922e-06,1.758633813295683e-05,0.0009000000000000001,2.213870625935356e-06,1.4826294460321058e-06,8.312967843982454e-07,7.643910356866944e-07,5.709398206188435e-07
42980,0.0044471285318885174,0.0044471285318885174,0.0,0.5066442133578364,0.022129679752664163,0.001,0.23819774933554258,0.22263379604219524,0.1556242998501658,0.2371885787074437,0.22572788049033626
42990,0.00033175911618907517,0.00033175911618907517,0.0,0.07724386319996944,0.018297802953774926,0.001,0.021815445596562497,0.022554694063183296,0.02273682922630017,0.04383334727763412,0.04379600450809738
43000,0.0007507884958949927,0.0007507884958949927,0.0,0.1568681640254586,0.0071862095275300525,0.001,0.06040772188547571,0.05687782536607265,0.04667059903210812,0.08142537109964672,0.08134348738525599
43010,0.00018745213801353068,0.00018745213801353068,0.0,0.06633513144473267,0.006167752200371463,0.001,0.026453073999112918,0.025133400235427157,0.01953361921854087,0.03407741850007759,0.033591501802803125
43020,0.00010511501676540073,0.00010511501676540073,0.0,0.024969837331137137,0.0049122031895469116,0.001,0.006122061882086558,0.006266419869316152,0.007184770570567037,0.014352012683892468,0.014767257350261897
43030,9.544578274923429e-05,9.544578274923429e-05,0.0,0.02880926597927091,0.0029468620534679464,0.001,0.009291469174183227,0.008736852731443675,0.008290226122752374,0.015667886243869885,0.01623603064333988
43040,6.207870956636896e-05,6.207870956636896e-05,0.0,0.01973621675615842,0.0021000359335973137,0.001,0.00701115871045302,0.00646142639726173,0.005705684725509269,0.010435413808436109,0.010783548015085265
43050,4.076307182639387e-05,4.076307182639387e-05,0.0,0.012717234131692049,0.0018466335382413012,0.001,0.00509497896476767,0.0045928330555221756,0.0036894976670869125,0.006427694746690369,0.0065973727752860955
43060,2.8026485387768596e-05,2.8026485387768596e-05,0.0,0.008341985596714526,0.0017286479633928436,0.001,0.003676991962574766,0.0032807863697686393,0.0024366890485266086,0.004007737965243634,0.004080817992229442
43070,1.9301403730060163e-05,1.9301403730060163e-05,0.0,0.0037774539472872296,0.0016266792593612168,0.001,0.0015370655914627024,0.0013626391532440114,0.0011028973918386527,0.0018990661168422542,0.0019382680921225337
43080,1.3471295968030627e-05,1.3471295968030627e-05,0.0,0.0014758988539670308,0.0014959526498983433,0.001,0.0004371119379370973,0.0004298424534806622,0.0004630989965893751,0.0008645867098728006,0.0008222221056825591
43090,9.490196844154343e-06,9.490196844154343e-06,0.0,0.0009682889152690713,0.0013500474708574822,0.001,0.0002543818322079309,0.00029676897990606844,0.000288984174736312,0.000552389328279341,0.0005654399056583439
43100,6.6191422829761705e-06,6.6191422829761705e-06,0.0,0.0009197983734629781,0.0012365429013179263,0.001,0.00023542684539524858,0.00026891164895644223,0.00027195906097972854,0.0005258229997101839,0.0005420382122909759
43110,4.532003259403552e-06,4.532003259403552e-06,0.0,0.00039768182165226987,0.0011252314881640684,0.001,0.00012975723504547322,0.0001234710173540495,0.00013107358479240325,0.00024039557256662846,0.00021636336411620958
43120,3.082122778404355e-06,3.082122778404355e-06,0.0,0.00046198660775381364,0.0010119093107720737,0.001,0.00020954378405161212,0.00018479856506648063,0.0001422302285315061,0.0002287666640112548,0.00021491179496007824
43130,2.0651165950497993e-06,2.0651165950497993e-06,0.0,0.00025530220678186485,0.0008939124706075286,0.001,8.117135239208517e-05,8.249499112829838e-05,8.2739301281808e-05,0.0001517378801454095,0.00014075634733351787
43140,1.370533805896727e-06,1.370533805896727e-06,0.0,0.00020487413396487857,0.0007755587745746618,0.001,6.722578562307923e-05,6.903627426126553e-05,6.555706776715615e-05,0.00011932828012585871,0.00011168761407390104
43150,9.027694163606952e-07,9.027694163606952e-07,0.0,0.00017505943168823372,0.0006620846352138554,0.001,7.584080199095046e-05,6.836258335730995e-05,5.5814869672202394e-05,9.246746023968247e-05,8.329173476676903e-05
43160,5.935827756157055e-07,5.935827756157055e-07,0.0,0.00012474286573465799,0.0005556976031731961,0.001,4.077282549257433e-05,3.993370386901068e-05,4.064018191063899e-05,7.428187545614473e-05,6.830478421438569e-05
43170,3.9338893440931703e-07,3.9338893440931703e-07,0.0,9.554593838030581e-05,0.000458910135612009,0.001,3.519288305019179e-05,3.361226958421593e-05,3.1120606708461004e-05,5.485441505321557e-05,4.965043622835992e-05
43180,2.6630473140365483e-07,2.6630473140365483e-07,0.0,7.589597835623376e-05,0.00037350674853942555,0.001,3.0385468044375963e-05,2.8492201278528466e-05,2.4599615096307556e-05,4.198865745051411e-05,3.7770426473802846e-05
43190,1.872164916368937e-07,1.872164916368937e-07,0.0,5.736071083240463e-05,0.0002997962037717668,0.001,2.0443648566072362e-05,1.9938467788448536e-05,1.8645791371624364e-05,3.306608528061789e-05,3.0201402870404606e-05
43200,1.3897678215188052e-07,1.3897678215188052e-07,0.0,4.394600648487854e-05,0.0002375573327824161,0.001,1.586017466391397e-05,1.4902707604937681e-05,1.4438605422647644e-05,2.5601278853217824e-05,2.3077241118729606e-05
43210,1.1013858451716235e-07,1.1013858451716235e-07,0.0,3.296470878455603e-05,0.00018596166405099014,0.001,1.161244515211749e-05,1.1310767572576281e-05,1.0775769360593816e-05,1.9126448435755207e-05,1.7419632653647064e-05
43220,9.324460996848501e-08,9.324460996848501e-08,0.0,2.4766492969429343e-05,0.00014390064671410496,0.001,9.190861352290165e-06,8.771135688189794e-06,8.13311445533346e-06,1.4176328983512254e-05,1.2773468896189245e-05
43230,8.354872426075328e-08,8.354872426075328e-08,0.0,1.8226539372798342e-05,0.0001100963658062743,0.001,6.603625443486849e-06,6.467263819749164e-06,5.976535176293431e-06,1.0426111592746155e-05,9.456778708361615e-06
43240,7.80987664505164e-08,7.80987664505164e-08,0.0,1.3357395420160824e-05,8.328625597799423e-05,0.001,4.886199741057175e-06,4.745925640307547e-06,4.409958786484674e-06,7.64513839837143e-06,6.887372193046034e-06
43250,7.509945299472266e-08,7.509945299472266e-08,0.0,9.62210415972078e-06,6.228802660553449e-05,0.001,3.4137855449321114e-06,3.3801090542760634e-06,3.186584407782503e-06,5.5367082190374305e-06,5.0036223420032465e-06
43260,7.348342395266902e-08,7.348342395266902e-08,0.0,6.8798647557194665e-06,4.605490149012984e-05,0.001,2.4135363774170722e-06,2.4029848797849768e-06,2.2966834591979217e-06,3.972310530640062e-06,3.5772603564819717e-06
43270,7.263048210558293e-08,7.263048210558293e-08,0.0,4.866410356071161e-06,3.368345237100718e-05,0.001,1.6755056803587095e-06,1.6899454993917448e-06,1.6386362837510244e-06,2.816325586203761e-06,2.531637951620849e-06
43280,7.218861019204087e-08,7.218861019204087e-08,0.0,3.416334114078909e-06,2.4423009730570943e-05,0.001,1.1550630787904857e-06,1.1820753638720217e-06,1.1617593858461033e-06,1.9756136020016257e-06,1.7735340366729199e-06
43290,7.196276874084106e-08,7.196276874084106e-08,0.0,2.3966023686025303e-06,1.7664751297339847e-05,0.001,8.185335851635144e-07,8.352492058208694e-07,8.276046225159416e-07,1.3772373122405099e-06,1.2266566173712769e-06
43300,7.184755244517165e-08,7.184755244517165e-08,0.0,1.7017264788466813e-06,1.2930545828834908e-05,0.001,6.081296238154021e-07,6.042692995067779e-07,5.938856987074224e-07,9.575836072994432e-07,8.471929880013299e-07
43310,7.178744875497036e-08,7.178744875497036e-08,0.0,1.2545522803828758e-06,9.843542698499357e-06,0.001,5.031886514225619e-07,4.658025356303277e-07,4.396176915760489e-07,6.744077073160297e-07,5.878931546285067e-07
43320,7.17539962653313e-08,7.17539962653313e-08,0.0,9.908493607131882e-07,8.063779862501297e-06,0.001,4.6409543035255573e-07,3.929775232993202e-07,3.427218040512167e-07,4.922616818197369e-07,4.1913544928485193e-07
43330,7.173300659200204e-08,7.173300659200204e-08,0.0,8.550966320435187e-07,7.223651362004564e-06,0.001,4.586945654282045e-07,3.610897010516482e-07,2.85360049570998e-07,3.8332092372784126e-07,3.1840513918912594e-07
43340,7.171761202715745e-08,7.171761202715745e-08,0.0,7.938197934698974e-07,6.948977157215946e-06,0.001,4.646875026247556e-07,3.5028709122960965e-07,2.541481245741515e-07,3.2483877747075e-07,2.6393406087235353e-07
43350,7.170459027120359e-08,7.170459027120359e-08,0.0,7.697341002271246e-07,6.951050598298481e-06,0.001,4.72388802584009e-07,3.4817545685792835e-07,2.3808074555237475e-07,2.967399948874622e-07,2.3808421966273017e-07
43360,7.16924788360301e-08,7.16924788360301e-08,0.0,7.621829292357479e-07,7.062861516767679e-06,0.001,4.78973995953778e-07,3.4889549221947763e-07,2.2997547648119065e-07,2.8445741230747325e-07,2.2758585917835277e-07
43370,7.168063734698182e-08,7.168063734698182e-08,0.0,7.606316661353787e-07,7.2064421111328945e-06,0.001,4.836371102287718e-07,3.501281699123138e-07,2.259026783014269e-07,2.7947830710103267e-07,2.2384086555193624e-07
43380,7.166879628650449e-08,7.166879628650449e-08,0.0,7.608232804729627e-07,7.3512275126384865e-06,0.001,4.866882769895401e-07,3.512072780614856e-07,2.2380882892790744e-07,2.775229757962101e-07,2.2262000411869373e-07
43390,7.165684724306303e-08,7.165684724306303e-08,0.0,7.614059289795351e-07,7.4879237965479425e-06,0.001,4.886752043552479e-07,3.520155066230677e-07,2.226745606200081e-07,2.767214696595549e-07,2.2227478055293045e-07
43400,7.164474896526099e-08,7.164474896526099e-08,0.0,7.619140505573028e-07,7.615549400750956e-06,0.001,4.89885636543091e-07,3.5252951620346005e-07,2.220467171524495e-07,2.7637778435428243e-07,2.2222145632593058e-07
43410,7.163248693882767e-08,7.163248693882767e-08,0.0,7.622023038358522e-07,7.735750634021193e-06,0.001,4.905149253873502e-07,3.52788158761915e-07,2.217073685911576e-07,2.7623705606296123e-07,2.2224967655250184e-07
43420,7.162005674273548e-08,7.162005674273548e-08,0.0,7.623130864394061e-07,7.850574309336296e-06,0.001,4.908060053023184e-07,3.528972699917828e-07,2.2152010485218655e-07,2.761675660403633e-07,2.222710210229621e-07
43430,7.16074575264138e-08,7.16074575264138e-08,0.0,7.623216661866858e-07,7.961739048132614e-06,0.001,4.909294082136476e-07,3.529345190111156e-07,2.2140865447671058e-07,2.761127982243527e-07,2.2226474037127952e-07
43440,7.159468959497158e-08,7.159468959497158e-08,0.0,7.622640419741668e-07,8.070495052678871e-06,0.001,4.90942270112948e-07,3.529196927062541e-07,2.2134197683494093e-07,2.760710165652963e-07,2.22248509746119e-07
43450,7.158175357440722e-08,7.158175357440722e-08,0.0,7.621686842120027e-07,8.1776834549287e-06,0.001,4.908913823736599e-07,3.528733931772587e-07,2.2129956280962922e-07,2.7603774207575555e-07,2.222292414061421e-07
43460,7.156865014738932e-08,7.156865014738932e-08,0.0,7.620589920789557e-07,8.283841563903844e-06,0.001,4.908197100117291e-07,3.528177812407412e-07,2.2126603813149614e-07,2.760032825209363e-07,2.2220420657221758e-07
43470,7.155537997969668e-08,7.155537997969668e-08,0.0,7.619402446596982e-07,8.389299435187478e-06,0.001,4.907345935282376e-07,3.52755420814105e-07,2.2123699585777443e-07,2.759698343792465e-07,2.2217786039919243e-07
43480,7.15419437041784e-08,7.15419437041784e-08,0.0,7.618169671418263e-07,8.49425372442503e-06,0.001,4.906434212966656e-07,3.526897880494782e-07,2.212093540786431e-07,2.7593688134381415e-07,2.2215118228926425e-07
43490,7.152834191961385e-08,7.152834191961385e-08,0.0,7.616927652844224e-07,8.59881911717514e-06,0.001,4.905526635450932e-07,3.5262429866383716e-07,2.2118097655596105e-07,2.7590278771044505e-07,2.221235298352204e-07
43500,7.151457519242525e-08,7.151457519242525e-08,0.0,7.615673416793991e-07,8.70306202178472e-06,0.001,4.904610901716957e-07,3.525580237913672e-07,2.2115195371690286e-07,2.75868629191479e-07,2.2209607295347063e-07
43510,7.150064405846386e-08,7.150064405846386e-08,0.0,7.614415776891695e-07,8.807021747753665e-06,0.001,4.903704358068026e-07,3.524919662849619e-07,2.2112183941025851e-07,2.758337027990978e-07,2.2206829421483057e-07
43520,7.148654902456933e-08,7.148654902456933e-08,0.0,7.6131504057879e-07,8.910723206259447e-06,0.001,4.902797947611587e-07,3.524256093774253e-07,2.2109089865518925e-07,2.7579835066960873e-07,2.2204043052291094e-07
43530,7.147229056990329e-08,7.147229056990329e-08,0.0,7.611876608661111e-07,9.01418420189122e-06,0.001,4.901891246215837e-07,3.523589701151151e-07,2.210591941649772e-07,2.7576246930898416e-07,2.2201233771758188e-07
43540,7.145786914716919e-08,7.145786914716919e-08,0.0,7.610591941682092e-07,9.117419369597008e-06,0.001,4.900979960847355e-07,3.5229183425676493e-07,2.2102688719940704e-07,2.7572614159416325e-07,2.2198401655389807e-07
43550,7.14432851837915e-08,7.14432851837915e-08,0.0,7.609295207796324e-07,9.220442141983167e-06,0.001,4.900062321100961e-07,3.52224127681587e-07,2.2099406026610494e-07,2.7568936094648373e-07,2.2195541499001372e-07
43560,7.142853908295502e-08,7.142853908295502e-08,0.0,7.607985210417821e-07,9.323265609875518e-06,0.001,4.899136272491834e-07,3.521557496183408e-07,2.2096079203746827e-07,2.7565216240659547e-07,2.219265281017518e-07
43570,7.141363122465556e-08,7.141363122465556e-08,0.0,7.606661611528461e-07,9.425902804995134e-06,0.001,4.898201247574785e-07,3.52086684698475e-07,2.2092712857011095e-07,2.756145362206859e-07,2.2189731139552556e-07
43580,7.139856196665513e-08,7.139856196665513e-08,0.0,7.605327033760817e-07,9.528366596484014e-06,0.001,4.897257949093302e-07,3.5201714215827404e-07,2.2089354392328177e-07,2.7557644267029883e-07,2.2186717981005186e-07
43590,7.138333164538112e-08,7.138333164538112e-08,0.0,7.604157838001012e-07,9.630662388350802e-06,0.001,4.896394618586679e-07,3.5196134889760876e-07,2.208848477322671e-07,2.7553480720011783e-07,2.2180352967656948e-07
43600,7.136794066337937e-08,7.136794066337937e-08,0.0,7.644172170530252e-07,9.732144139337602e-06,0.001,4.907652666007703e-07,3.5377649236053996e-07,2.2389686643719013e-07,2.7729284312207053e-07,2.2139905230326833e-07
43610,7.135389841140878e-08,7.135389841140878e-08,0.0,8.340705901988394e-06,1.0044667818392256e-05,0.001,2.783377199811409e-06,2.797525816148363e-06,2.586381500560866e-06,4.500108687591862e-06,4.4600887194388886e-06
43620,1.2889533864457195e-07,1.2889533864457195e-07,0.0,0.001618300217267218,0.0004905319820559134,0.001,0.0005314098721507501,0.0005377570174371538,0.0004982590215053918,0.0008776103293954139,0.000873718262904546
43630,0.0002411120322161899,0.0002411120322161899,0.0,0.10427359347322786,0.013282368237132892,0.001,0.03397600040487539,0.03442334638644924,0.032023314529732345,0.0566604979331275,0.05645411791256664
43640,6.942117863411898e-05,6.942117863411898e-05,0.0,0.055238391294932694,0.00676306859135323,0.001,0.017551505796377348,0.01854602276993497,0.017213306041292082,0.030048489131485057,0.029733675732492634
43650,8.283529272104868e-07,8.283529272104868e-07,0.0,0.003918528418740603,0.002998973798653724,0.001,0.001316575428348494,0.0014156322118572078,0.0012572720066938339,0.002080390284365755,0.0020333860633102194
43660,6.933827311932169e-06,6.933827311932169e-06,0.0,0.017007799551359934,0.001566436423731252,0.001,0.005514762855047899,0.00592012046867918,0.005375385515618069,0.009167525892013795,0.009010847445279892
43670,1.643609521212997e-06,1.643609521212997e-06,0.0,0.007889629041470607,0.0015587952391578792,0.001,0.0025102286574840127,0.0026933846106803492,0.002478707096859262,0.0042798006889605954,0.004217830841888789
43680,3.8466514511409585e-07,3.8466514511409585e-07,0.0,0.0033800141119823446,0.00038455723043653584,0.001,0.0010654723633472677,0.001145282603295784,0.0010621684485765239,0.0018361472141962356,0.0018105080168752618
43690,3.7230893670650053e-07,3.7230893670650053e-07,0.0,0.0035123849634870704,0.000574070167324537,0.001,0.001087926462231678,0.0011644520433368194,0.0010946824568058415,0.0019203976107067392,0.0018995093508437102
43700,1.0946097209094646e-07,1.0946097209094646e-07,0.0,0.0012069150901871833,0.000133087501430563,0.001,0.0003703975583385591,0.0003942572569681027,0.00037337257160709967,0.0006624826267272294,0.0006570910013276225
43710,9.482297640884353e-08,9.482297640884353e-08,0.0,0.0009660790439366304,0.00019605853767688605,0.001,0.0003032406878932546,0.00032559262144416786,0.000303119354076639,0.000525769536529202,0.0005190104707498834
43720,8.714376760876809e-08,8.714376760876809e-08,0.0,0.0007818110208617861,8.179770061463006e-05,0.001,0.00024176728241971583,0.00025852305477474445,0.00024355526793577975,0.0004279288352207131,0.00042334860829415315
43730,7.31833992134659e-08,7.31833992134659e-08,0.0,0.00012450359430722,2.4844819403532315e-05,0.001,3.7580037397110666e-05,3.967035942388332e-05,3.812576809606151e-05,6.866063170369484e-05,6.835135406157766e-05
43740,7.33120890679313e-08,7.33120890679313e-08,0.0,0.00015593350362263082,3.7792858167582745e-05,0.001,4.8644621689397306e-05,5.228281709862757e-05,4.891041837712517e-05,8.497250413109048e-05,8.389589093560796e-05
43750,7.332906991350991e-08,7.332906991350991e-08,0.0,0.00016366139689215356,2.7998625065267366e-05,0.001,5.05472538004545e-05,5.3929049133240945e-05,5.083887171159539e-05,8.965610009281198e-05,8.879323422740267e-05
43760,7.292753026429991e-08,7.292753026429991e-08,0.0,0.00010414076422971566,1.6989989286260444e-05,0.001,3.209604675310838e-05,3.43719832740798e-05,3.2463604743482346e-05,5.7014245666415474e-05,5.639942402818121e-05
43770,7.272867384265034e-08,7.272867384265034e-08,0.0,5.75189491540525e-05,1.32370084462867e-05,0.001,1.812127316838871e-05,1.9387069937014018e-05,1.8002837263952865e-05,3.130419614037168e-05,3.092457405991085e-05
43780,7.265622271221616e-08,7.265622271221616e-08,0.0,3.200495173613587e-05,1.185732224130083e-05,0.001,9.936462986725197e-06,1.07117094965902e-05,1.0066311760823964e-05,1.7459927699764552e-05,1.721535344229096e-05
43790,7.262267227640312e-08,7.262267227640312e-08,0.0,1.9575269462124168e-05,1.1578966035540666e-05,0.001,6.101383616117642e-06,6.458359435189557e-06,6.046826396025907e-06,1.071395538931865e-05,1.0631519351105714e-05
43800,7.25991703704627e-08,7.25991703704627e-08,0.0,1.2812734979231222e-05,1.1339453710412115e-05,0.001,3.945301328791438e-06,4.255284841817337e-06,4.0350951736546395e-06,7.000031325303585e-06,6.898487990908809e-06
43810,7.257836926153253e-08,7.257836926153253e-08,0.0,7.979486554134703e-06,1.1332253968315683e-05,0.001,2.6092605009188635e-06,2.7112360799769315e-06,2.4624240909181344e-06,4.324498769637305e-06,4.28648038522787e-06
43820,7.255864916926202e-08,7.255864916926202e-08,0.0,3.64463061372398e-06,1.1298459785752419e-05,0.001,1.1722177892325167e-06,1.2232285330029767e-06,1.1631211342396709e-06,1.968899924381509e-06,1.9231489755750068e-06
43830,7.253962242248346e-08,7.253962242248346e-08,0.0,8.385271959252021e-07,1.137519201845565e-05,0.001,5.383781239895046e-07,3.8327493559024064e-07,2.2963141701098854e-07,3.101389182805483e-07,2.720257448694915e-07
43840,7.252077660850368e-08,7.252077660850368e-08,0.0,1.562443869514122e-06,1.1467016891097755e-05,0.001,6.987639573525748e-07,5.829765915217299e-07,4.4252179765768157e-07,7.848617528429153e-07,7.79871284216153e-07
43850,7.250171585694647e-08,7.250171585694647e-08,0.0,1.1909140109599248e-06,1.1563689856567117e-05,0.001,5.619964711500079e-07,4.683230234344999e-07,3.875970205808128e-07,5.616842449585742e-07,5.12114997485862e-07
43860,7.248250412052735e-08,7.248250412052735e-08,0.0,8.146369343071189e-07,1.166949787625688e-05,0.001,5.219385399684728e-07,3.743776206459202e-07,2.4040647388342856e-07,2.935465865883963e-07,2.3627751358202088e-07
43870,7.246315772563622e-08,7.246315772563622e-08,0.0,8.868983230091957e-07,1.1772112414019748e-05,0.001,5.523968427790168e-07,3.974157749277166e-07,2.39195463334501e-07,3.453538672207825e-07,3.1630464702272194e-07
43880,7.244365075381235e-08,7.244365075381235e-08,0.0,8.12547663083234e-07,1.1870204287433807e-05,0.001,5.333438938424693e-07,3.7755282504451647e-07,2.2529856414945692e-07,2.871269404004121e-07,2.415337435718758e-07
43890,7.24239906346722e-08,7.24239906346722e-08,0.0,8.058904818265599e-07,1.1967425018547525e-05,0.001,5.261728995741077e-07,3.7427492750486786e-07,2.3220241627350223e-07,2.83118845981021e-07,2.2815810036945485e-07
43900,7.240417471457108e-08,7.240417471457108e-08,0.0,8.052377564386408e-07,1.2064280681706884e-05,0.001,5.261490319598167e-07,3.7410782277215973e-07,2.3169917944224093e-07,2.826427704171252e-07,2.2789933145908974e-07
43910,7.238420280466391e-08,7.238420280466391e-08,0.0,8.03163844005309e-07,1.2160842528538266e-05,0.001,5.272230322365002e-07,3.739565042096327e-07,2.2874925994757342e-07,2.8063535154628286e-07,2.2770715119864676e-07
43920,7.23640750102119e-08,7.23640750102119e-08,0.0,8.030200166207244e-07,1.2257334449456902e-05,0.001,5.278826772131887e-07,3.740687204289751e-07,2.274686570846317e-07,2.804591892825101e-07,2.2873380681691598e-07
43930,7.234379116814149e-08,7.234379116814149e-08,0.0,8.029760089497693e-07,1.2353949612437341e-05,0.001,5.279675011374698e-07,3.7404537988101544e-07,2.2711441484069073e-07,2.8051450763763413e-07,2.2917584470568655e-07
43940,7.23233511596871e-08,7.23233511596871e-08,0.0,8.027690221213399e-07,1.245076316096456e-05,0.001,5.278001425703225e-07,3.739264029144337e-07,2.2706364178844227e-07,2.8048189085909026e-07,2.2916488333527314e-07
43950,7.230275487945445e-08,7.230275487945445e-08,0.0,8.025201523435596e-07,1.254777339760341e-05,0.001,5.275825601989596e-07,3.7378946114131524e-07,2.2708005537973115e-07,2.804160259082199e-07,2.2903261974440371e-07
43960,7.228200221686163e-08,7.228200221686163e-08,0.0,8.022906121986693e-07,1.2644956178846238e-05,0.001,5.273937635286406e-07,3.736663298745105e-07,2.2707625238645413e-07,2.803513766218685e-07,2.289248272087281e-07
43970,7.226109305459885e-08,7.226109305459885e-08,0.0,8.020988711684644e-07,1.2742292426994909e-05,0.001,5.272635338515831e-07,3.73568302827755e-07,2.270133807886082e-07,2.803002171847027e-07,2.2890026905961083e-07
43980,7.224171361653457e-08,7.224171361653457e-08,0.0,8.019670542194008e-07,1.1555865875256712e-05,0.0009000000000000001,5.272087962064212e-07,3.7350565883012123e-07,2.2688673113399158e-07,2.802736414279886e-07,2.2898165551834364e-07
43990,7.222261250655232e-08,7.222261250655232e-08,0.0,8.018128579353265e-07,1.1643898203159663e-05,0.0009000000000000001,5.271170346681268e-07,3.7342795531430266e-07,2.268013147777717e-07,2.802378428285276e-07,2.2900549461335649e-07
44000,7.220336938288024e-08,7.220336938288024e-08,0.0,8.016135978566685e-07,1.1732096411491523e-05,0.0009000000000000001,5.269650583096163e-07,3.733241644615522e-07,2.2677668209395033e-07,2.8018018784061874e-07,2.2893128742301837e-07
44010,7.218398405272952e-08,7.218398405272952e-08,0.0,8.014190114671397e-07,1.1820445679394318e-05,0.0009000000000000001,5.268194240868074e-07,3.732225085937315e-07,2.2674264272021735e-07,2.8012657010588585e-07,2.2887304965397297e-07
44020,7.216445634731348e-08,7.216445634731348e-08,0.0,8.012334025296342e-07,1.1908941354079792e-05,0.0009000000000000001,5.266865671317929e-07,3.7312580731364983e-07,2.266929447660195e-07,2.8007853260617487e-07,2.2883980440717833e-07
44030,7.214478610289803e-08,7.214478610289803e-08,0.0,8.010463473636532e-07,1.1997583561490059e-05,0.0009000000000000001,5.26552566130047e-07,3.730283092025423e-07,2.2664295402940718e-07,2.8003019755547063e-07,2.2880632605887902e-07
44040,7.212497315415318e-08,7.212497315415318e-08,0.0,8.008555847684055e-07,1.2086375281322317e-05,0.0009000000000000001,5.264144353503332e-07,3.729287868807417e-07,2.2659601761287528e-07,2.799802365929916e-07,2.2876704534288177e-07
44050,7.210501733188228e-08,7.210501733188228e-08,0.0,8.006625193116273e-07,1.217532019854255e-05,0.0009000000000000001,5.262740809847262e-07,3.7282804306313564e-07,2.2655011164132542e-07,2.799293754700558e-07,2.2872521192002292e-07
44060,7.208491846229409e-08,7.208491846229409e-08,0.0,8.004680604143397e-07,1.2264421913659925e-05,0.0009000000000000001,5.261327231632107e-07,3.7272658699213433e-07,2.2650391307480905e-07,2.79878109965401e-07,2.286829815714599e-07
44070,7.206467636682938e-08,7.206467636682938e-08,0.0,8.002723835786036e-07,1.235368388951769e-05,0.0009000000000000001,5.259905942847373e-07,3.726245128203674e-07,2.2645715795977217e-07,2.798265442581514e-07,2.286407920603421e-07
44080,7.20442908621219e-08,7.20442908621219e-08,0.0,8.000754322590987e-07,1.2443109511772608e-05,0.0009000000000000001,5.258476158002586e-07,3.725217852372066e-07,2.2640992008686802e-07,2.7977465560575945e-07,2.2859853017014497e-07
44090,7.202376176008683e-08,7.202376176008683e-08,0.0,7.998771406304499e-07,1.253270211847546e-05,0.0009000000000000001,5.257036985011402e-07,3.7241836564698875e-07,2.263622882756944e-07,2.797224136682004e-07,2.2855605504594697e-07
44100,7.200308886796807e-08,7.200308886796807e-08,0.0,7.996774735248378e-07,1.2622465008051352e-05,0.0009000000000000001,5.255587950208307e-07,3.723142333269461e-07,2.2631430851227105e-07,2.796698027291599e-07,2.2851329371962554e-07
44110,7.198227198844263e-08,7.198227198844263e-08,0.0,7.994764246567757e-07,1.2712401441008288e-05,0.0009000000000000001,5.254128968237406e-07,3.7220938369270805e-07,2.2626598519078125e-07,2.796168222894243e-07,2.2847024059681177e-07
44120,7.196131091968303e-08,7.196131091968303e-08,0.0,7.992740080066271e-07,1.2802514639958367e-05,0.0009000000000000001,5.252660231145764e-07,3.721038238636526e-07,2.2621729303080336e-07,2.795634824732791e-07,2.284269376484833e-07
44130,7.194020545546123e-08,7.194020545546123e-08,0.0,7.990702326405278e-07,1.2892807786921676e-05,0.0009000000000000001,5.251181868419427e-07,3.7199755845924224e-07,2.2616821399223805e-07,2.795097903063674e-07,2.2838341442234151e-07
44140,7.191895538520596e-08,7.191895538520596e-08,0.0,7.988650700783162e-07,1.2983284018605945e-05,0.0009000000000000001,5.249693495121488e-07,3.718905701811902e-07,2.2611878431798668e-07,2.794557336698602e-07,2.283396137012083e-07
44150,7.189756049409572e-08,7.189756049409572e-08,0.0,7.986584884753495e-07,1.3073946429475187e-05,0.0009000000000000001,5.248194698687162e-07,3.71782841601476e-07,2.2606904744526928e-07,2.794012951563685e-07,2.2829546277121342e-07
44160,7.187602056311586e-08,7.187602056311586e-08,0.0,7.984505091031164e-07,1.3164798081120433e-05,0.0009000000000000001,5.246685779580424e-07,3.716743848077991e-07,2.2601896866465463e-07,2.793464867793601e-07,2.2825101660898143e-07
44170,7.185433536915653e-08,7.185433536915653e-08,0.0,7.982411381460217e-07,1.3255841996037784e-05,0.0009000000000000001,5.245166842715136e-07,3.715652041595944e-07,2.2596853657627075e-07,2.7929131057645504e-07,2.2820629046767396e-07
44180,7.183250468505695e-08,7.183250468505695e-08,0.0,7.980303569113867e-07,1.3347081155867553e-05,0.0009000000000000001,5.243637647884719e-07,3.7145528909038035e-07,2.2591777453922697e-07,2.7923575736388463e-07,2.2816124537804244e-07
44190,7.181052827969326e-08,7.181052827969326e-08,0.0,7.97818175651455e-07,1.3438518510123029e-05,0.0009000000000000001,5.24209834628356e-07,3.713446453405397e-07,2.2586666346539655e-07,2.791798335725286e-07,2.2811591121786762e-07
44200,7.178840591802932e-08,7.178840591802932e-08,0.0,7.976045853085494e-07,1.3530156970791446e-05,0.0009000000000000001,5.240548831607852e-07,3.7123326810152316e-07,2.2581521305053475e-07,2.791235344597339e-07,2.2807027036936442e-07
44210,7.17661373612075e-08,7.17661373612075e-08,0.0,7.973895848111456e-07,1.3621999417301398e-05,0.0009000000000000001,5.238989100227734e-07,3.71121156514999e-07,2.2576342029122345e-07,2.790668608843228e-07,2.280243270953671e-07
44220,7.174372236657247e-08,7.174372236657247e-08,0.0,7.971731726069627e-07,1.3714048696113058e-05,0.0009000000000000001,5.237419148121717e-07,3.710083100356567e-07,2.2571128374954e-07,2.7900981214903525e-07,2.279780817468024e-07
44230,7.172116068777566e-08,7.172116068777566e-08,0.0,7.969553433824235e-07,1.3806307621347564e-05,0.0009000000000000001,5.235838920466743e-07,3.708947260014617e-07,2.2565880766554643e-07,2.789523853587788e-07,2.2793152534834958e-07
44240,7.169845207480134e-08,7.169845207480134e-08,0.0,7.967360642459139e-07,1.3898778972552291e-05,0.0009000000000000001,5.234247979985887e-07,3.7078038532872587e-07,2.2560603529903652e-07,2.788945648432506e-07,2.2788458778682488e-07
44250,7.167559627405039e-08,7.167559627405039e-08,0.0,7.965148880423268e-07,1.3991465435457535e-05,0.0009000000000000001,5.232640277919772e-07,3.7066503651445167e-07,2.2555362753330593e-07,2.788361048349061e-07,2.278361938074429e-07
44260,7.165259302838216e-08,7.165259302838216e-08,0.0,7.962820457711789e-07,1.4084368192489431e-05,0.0009000000000000001,5.230881859725169e-07,3.705431280932638e-07,2.2551626850083482e-07,2.7877170286759666e-07,2.277626967084517e-07
44270,7.1629442080729e-08,7.1629442080729e-08,0.0,7.958238078015561e-07,1.417744073664968e-05,0.0009000000000000001,5.224904393343736e-07,3.702624603655567e-07,2.259861930797663e-07,2.786139141171163e-07,2.2701528613085317e-07
45530,0.004172928992777226,0.004172928992777226,0.0,0.44325347640125934,0.02084997265342828,0.001,0.18921875595685866,0.17515915817601532,0.1329465439776217,0.221612316150701,0.2163807082700681
45540,0.0006213243075002877,0.0006213243075002877,0.0,0.1405769294306325,0.014652319642367866,0.001,0.049250235618158444,0.04980613416495303,0.04257724474538684,0.0747850981031284,0.0748270068295559
45550,0.00039790328377509003,0.00039790328377509003,0.0,0.08964803729660736,0.008669491521654287,0.001,0.029255072263811233,0.027459281149602395,0.025437039413325604,0.04890628210677452,0.05089064766967208
45560,0.00029261352828323633,0.00029261352828323633,0.0,0.08056761366138569,0.0035025911247155016,0.001,0.028463435065596912,0.02636796647573125,0.022858494823219434,0.04319154922110535,0.04433162622560724
45570,0.00010247607133654156,0.00010247607133654156,0.0,0.030962892246244465,0.0034473554627054066,0.001,0.011106400818705177,0.010241202025015526,0.00880203962540145,0.01653721251286403,0.016976751403052708
45580,5.9583094566064576e-05,5.9583094566064576e-05,0.0,0.005887021574472736,0.0030957441714888853,0.001,0.001770651019504869,0.0017079807043225662,0.0016845006073134359,0.0033143783198435113,0.0034265107946236857
45590,4.542442813745139e-05,4.542442813745139e-05,0.0,0.0026142323180351926,0.0024792800857484977,0.001,0.0009418869132572356,0.0009726638566628547,0.0007650635348832802,0.0013430454946763337,0.001413409051274061
45600,3.449440436623351e-05,3.449440436623351e-05,0.0,0.0032809817696059975,0.0019934693373636937,0.001,0.000842503215904213,0.0008894228122735103,0.0009344369979286554,0.0018689114624403835,0.001976507846318598
45610,2.608214560908202e-05,2.608214560908202e-05,0.0,0.005530802244258328,0.0016477127657532095,0.001,0.0020724044088437574,0.0018635214347922902,0.00159324282503463,0.0029229298816951556,0.003018860950156761
45620,1.8885974981050562e-05,1.8885974981050562e-05,0.0,0.004593246652860119,0.0014585016340024264,0.001,0.0018291909190838451,0.001626829438597423,0.0013361215414373535,0.002378145833497266,0.002435904113294238
45630,1.3185514584295258e-05,1.3185514584295258e-05,0.0,0.0008630519294239329,0.0013365002228196206,0.001,0.00040362160060292883,0.00039118555714739626,0.0002571918422267591,0.00039824998409344377,0.00039079585643940723
45640,9.449740627776117e-06,9.449740627776117e-06,0.0,0.0015733426368313697,0.0012320299929823835,0.001,0.0008281166130654124,0.0006966473041674062,0.0004510280866044907,0.0006634864904314592,0.000668014626139777
45650,6.646455540902961e-06,6.646455540902961e-06,0.0,0.000868513593149831,0.0011243852582844523,0.001,0.00025696120768366144,0.00024542293795363194,0.00026966586716509124,0.0005164878982516875,0.000493709501596256
45660,4.657971690036914e-06,4.657971690036914e-06,0.0,0.0005754143453395546,0.0010294789843296268,0.001,0.00024366166102964676,0.00024349171999086825,0.00016889631339108126,0.00027524960479142466,0.00028014134306388375
45670,3.2331093268980266e-06,3.2331093268980266e-06,0.0,0.0003600466611500883,0.0009343358960315729,0.001,9.595853045459638e-05,8.912456992927314e-05,0.00011393405441494416,0.00022620549535604743,0.00020904177605732442
45680,2.2323276415519944e-06,2.2323276415519944e-06,0.0,0.00027091034448469144,0.000831478707533388,0.001,0.00013893056227029751,0.00012046361355057164,8.04534752585706e-05,0.0001278370886125775,0.0001140687592302909
45690,1.5365225103208812e-06,1.5365225103208812e-06,0.0,0.0002192517819651504,0.0007296904037897712,0.001,6.394424507499198e-05,6.432022048863791e-05,6.847476100367206e-05,0.00013346934503272252,0.00012574048836829985
45700,1.0597473383977211e-06,1.0597473383977211e-06,0.0,0.00017111077529776753,0.0006270953698799338,0.001,7.899884756714179e-05,6.765692510521882e-05,5.142801689399306e-05,8.938280358300747e-05,8.083526599352797e-05
45710,7.388580371048309e-07,7.388580371048309e-07,0.0,0.00012286873148203265,0.0005296001439263835,0.001,4.3300982768857256e-05,4.2045826044827614e-05,3.7854380818705164e-05,7.17272975971343e-05,6.615339052247693e-05
45720,5.267917650016576e-07,5.267917650016576e-07,0.0,9.933080952975821e-05,0.0004402028210715845,0.001,3.183327436427258e-05,2.890630105835353e-05,3.122402230419572e-05,6.117503717945111e-05,5.5594746385003164e-05
45730,3.891526629840047e-07,3.891526629840047e-07,0.0,7.589787784995493e-05,0.0003606185022279208,0.001,2.9995428332788014e-05,2.7937317813661947e-05,2.315286149305611e-05,4.2713125161916275e-05,3.8973368021176435e-05
45740,3.0145249112317116e-07,3.0145249112317116e-07,0.0,5.969564994040035e-05,0.00029152172214795655,0.001,2.362035062988184e-05,2.115244949635926e-05,1.82987156151628e-05,3.415736174658982e-05,3.088164834688282e-05
45750,2.4659394055326724e-07,2.4659394055326724e-07,0.0,4.5312303850874274e-05,0.00023304610472425885,0.001,1.5965116840432275e-05,1.4997423663947829e-05,1.3970245580840926e-05,2.6863657592312987e-05,2.450685737589186e-05
45760,2.1291409738739653e-07,2.1291409738739653e-07,0.0,3.495498490672892e-05,0.00018439046092636954,0.001,1.205347202176223e-05,1.1009156363291878e-05,1.0818014680873877e-05,2.1093802728408104e-05,1.91373306273074e-05
45770,1.9262462315178563e-07,1.9262462315178563e-07,0.0,2.631094963662857e-05,0.00014458406141295524,0.001,9.413392132832671e-06,8.69027200449747e-06,8.050511816671827e-06,1.5602616026728358e-05,1.4203273893154699e-05
45780,1.8063455058813212e-07,1.8063455058813212e-07,0.0,1.9859099756374626e-05,0.00011232172669909966,0.001,7.41442982418602e-06,6.664777165316338e-06,6.0264982914831515e-06,1.1678250716346908e-05,1.0595723221641982e-05
45790,1.736843855902172e-07,1.736843855902172e-07,0.0,1.481774065667246e-05,8.657159725818607e-05,0.001,5.65746894302612e-06,5.012182369687559e-06,4.448661922154709e-06,8.667546140228412e-06,7.865919561394322e-06
45800,1.6973120270857823e-07,1.6973120270857823e-07,0.0,1.0953043182728191e-05,6.62191828551033e-05,0.001,4.238610357792686e-06,3.698072226877113e-06,3.2445042724458166e-06,6.394708997562036e-06,5.811757641656722e-06
45810,1.6752204998129212e-07,1.6752204998129212e-07,0.0,8.083561701322792e-06,5.036669096289764e-05,0.001,3.2025164883439893e-06,2.684903682835503e-06,2.358102536488885e-06,4.730907055158399e-06,4.289620227407032e-06
45820,1.6630540896933797e-07,1.6630540896933797e-07,0.0,5.934913616422723e-06,3.823389694885189e-05,0.001,2.437921902040951e-06,1.961464724148355e-06,1.691706045357879e-06,3.455903466049783e-06,3.1328484059705312e-06
45830,1.656407220024683e-07,1.656407220024683e-07,0.0,4.385207296530133e-06,2.915740989228646e-05,0.001,1.9113163923070587e-06,1.4523780019594054e-06,1.2141893354644143e-06,2.521403767088414e-06,2.2811673542434765e-06
45840,1.6527572344854725e-07,1.6527572344854725e-07,0.0,3.3028309488387176e-06,2.2603021899458647e-05,0.001,1.5668160152266547e-06,1.1086908887015735e-06,8.867659914085856e-07,1.853541807756555e-06,1.6657258962771158e-06
45850,1.6506940347742704e-07,1.6506940347742704e-07,0.0,2.566577603888208e-06,1.8112441505505185e-05,0.001,1.3428381055480046e-06,8.941283700499579e-07,6.727110899093752e-07,1.3764139538899735e-06,1.2238615215512106e-06
45860,1.6494486159214376e-07,1.6494486159214376e-07,0.0,2.0936234103387418e-06,1.526031048086336e-05,0.001,1.2041146915263165e-06,7.71233326243005e-07,5.474960305454304e-07,1.0480778445973347e-06,9.154899068200646e-07
45870,1.6486120876410768e-07,1.6486120876410768e-07,0.0,1.8107935140448579e-06,1.3625288363174352e-05,0.001,1.1227431238183805e-06,7.076877070749559e-07,4.853369451026866e-07,8.336901699478329e-07,7.080183208032754e-07
45880,1.647972636756982e-07,1.647972636756982e-07,0.0,1.6510180379611205e-06,1.2806287411690636e-05,0.001,1.075348693222806e-06,6.784075017757281e-07,4.6008005744189896e-07,6.993052269558155e-07,5.731170675531368e-07
45890,1.6474234644586164e-07,1.6474234644586164e-07,0.0,1.5640054364853645e-06,1.247605673874248e-05,0.001,1.0474754063529439e-06,6.664397806923776e-07,4.527575126467413e-07,6.179407833372601e-07,4.882917251480815e-07
45900,1.646912218408345e-07,1.646912218408345e-07,0.0,1.517831997605779e-06,1.241152531630292e-05,0.001,1.0313874930508745e-06,6.624863040815503e-07,4.527464429075587e-07,5.702546910634383e-07,4.365987734882943e-07
45910,1.6464139881211577e-07,1.6464139881211577e-07,0.0,1.4935866248199446e-06,1.2481186306171096e-05,0.001,1.0223048925600115e-06,6.618565459117472e-07,4.5498214731616174e-07,5.428475867465294e-07,4.057396856814575e-07
45920,1.6459172938380933e-07,1.6459172938380933e-07,0.0,1.4806150376595493e-06,1.261491875637631e-05,0.001,1.0170136711533815e-06,6.622539366976936e-07,4.57375558769863e-07,5.27146940184934e-07,3.875157562364047e-07
45930,1.6454170298352854e-07,1.6454170298352854e-07,0.0,1.4733293085091783e-06,1.2777767758098224e-05,0.001,1.0136338064015346e-06,6.627057435540421e-07,4.5924990920568546e-07,5.181217328143877e-07,3.7685593772159206e-07
45940,1.6449110183146529e-07,1.6449110183146529e-07,0.0,1.469040133284052e-06,1.2953123920585442e-05,0.001,1.0113681861295304e-06,6.629856537545026e-07,4.605263784990758e-07,5.128894454086243e-07,3.7064094779752597e-07
45950,1.6443983800680488e-07,1.6443983800680488e-07,0.0,1.4664930458391506e-06,1.3133392745550704e-05,0.001,1.0099552935149261e-06,6.631609319610677e-07,4.613259560464024e-07,5.097925634699091e-07,3.669591018045697e-07
45960,1.6438787900635753e-07,1.6438787900635753e-07,0.0,1.4649811501320187e-06,1.3315223589934247e-05,0.001,1.0091443747867143e-06,6.632739299409547e-07,4.617876775684064e-07,5.079272657768174e-07,3.647447100126075e-07
45970,1.643352149613534e-07,1.643352149613534e-07,0.0,1.4640270896779467e-06,1.3497194812470863e-05,0.001,1.0086272365095145e-06,6.632978210772748e-07,4.6201762717272974e-07,5.068204534321783e-07,3.634484607761867e-07
45980,1.6428184476732178e-07,1.6428184476732178e-07,0.0,1.4633753850908828e-06,1.3678733844902084e-05,0.001,1.008251388373497e-06,6.632456244952904e-07,4.62098030411318e-07,5.061732496435677e-07,3.6271522795679805e-07
45990,1.6422777047183726e-07,1.6422777047183726e-07,0.0,1.462918228204132e-06,1.3859629888126982e-05,0.001,1.0079979890897378e-06,6.631666151257251e-07,4.6209083254136753e-07,5.057758834826685e-07,3.622848652651666e-07
46000,1.6417299511724175e-07,1.6417299511724175e-07,0.0,1.4625694811626067e-06,1.4039821049243993e-05,0.001,1.0078147114040735e-06,6.630718720010387e-07,4.620325446270212e-07,5.055180120187119e-07,3.6202406516881725e-07
46010,1.6411752196139624e-07,1.6411752196139624e-07,0.0,1.4622678412624386e-06,1.4219304400850059e-05,0.001,1.0076512248093273e-06,6.629589906858533e-07,4.619441412083569e-07,5.053418127998618e-07,3.618649684076799e-07
46020,1.6406135421864587e-07,1.6406135421864587e-07,0.0,1.461994153442876e-06,1.439809931848568e-05,0.001,1.0075066047817042e-06,6.628407392847946e-07,4.618402295722319e-07,5.052031513236805e-07,3.617520012343491e-07
46030,1.6400449498480363e-07,1.6400449498480363e-07,0.0,1.4617316307653636e-06,1.4576233084178253e-05,0.001,1.0073695953473492e-06,6.627189490468328e-07,4.617281989236849e-07,5.050814603028267e-07,3.6166027767628685e-07
46040,1.6394694722186768e-07,1.6394694722186768e-07,0.0,1.461469089654857e-06,1.4753735294751782e-05,0.001,1.0072314963128459e-06,6.625931815603098e-07,4.6161175688529457e-07,5.049657419268837e-07,3.615766104812867e-07
46050,1.638887137599367e-07,1.638887137599367e-07,0.0,1.4611711211743177e-06,1.493062995145258e-05,0.001,1.007087225470636e-06,6.624602712294047e-07,4.614916449756859e-07,5.048058138804902e-07,3.6143267488635416e-07
46060,1.6382979731647476e-07,1.6382979731647476e-07,0.0,1.4588849729249943e-06,1.5106538176506378e-05,0.001,1.006526297807132e-06,6.619921324182709e-07,4.6133506862686053e-07,5.0201681322037e-07,3.5766362819284375e-07
46070,1.6377034119942883e-07,1.6377034119942883e-07,0.0,2.839072276956354e-06,1.5253035754503543e-05,0.001,1.2923927104207328e-06,1.0986118540877013e-06,9.350199331711243e-07,1.3544813206108079e-06,1.2850360733415701e-06
46080,1.6736338822010156e-07,1.6736338822010156e-07,0.0,0.0004139143860978434,0.0001141547968858829,0.001,0.0001396866045298172,0.00014616448191752735,0.00013203476939818758,0.00022067236658740222,0.00021687321160435898
46090,0.00015717068665829155,0.00015717068665829155,0.0,0.08574592953750695,0.017628654800533446,0.001,0.02881786335162854,0.030192256677450794,0.027361726962418915,0.045782257098009045,0.04498828249730516
46100,7.052091486673377e-05,7.052091486673377e-05,0.0,0.05685655589776786,0.0049195252157956774,0.001,0.018949155443746063,0.019976078174757807,0.018211468457550787,0.030393177035210682,0.029824374817143767
46110,1.09306660612816e-05,1.09306660612816e-05,0.0,0.021912704610450157,0.004871213133080578,0.001,0.007287225432465775,0.007692476218318304,0.007023910012943728,0.011713625558713933,0.011490089735967397
46120,2.5035901464906266e-06,2.5035901464906266e-06,0.0,0.009907203510111888,0.0009985545032826376,0.001,0.0033106881719202437,0.003491178750767542,0.0031767654613005323,0.005289802012981995,0.0051868973087685
46130,4.242062077497849e-06,4.242062077497849e-06,0.0,0.013337492253648131,0.0012740831409569992,0.001,0.004361706309060874,0.004613448199166258,0.004253044481726292,0.007167438195300791,0.007050167473354663
46140,1.249850107267654e-06,1.249850107267654e-06,0.0,0.006843980211209842,0.0011107436564728337,0.001,0.0022360609815927517,0.002367407351698291,0.002184569792395961,0.0036781860363100326,0.003617275179795953
46150,1.747290436061839e-07,1.747290436061839e-07,0.0,0.0002606174440181308,0.0003797868532236934,0.001,8.457910162246502e-05,9.028174530173077e-05,8.42330915402831e-05,0.0001399177026471288,0.00013678672348944697
46160,3.3749573257088663e-07,3.3749573257088663e-07,0.0,0.002762166134986112,0.0002641455350880102,0.001,0.0008859195488304814,0.0009406126068184536,0.0008786377279681799,0.0014920998519156667,0.001470343854527393
46170,1.815177982756701e-07,1.815177982756701e-07,0.0,0.0009209641686504632,0.00020775762038518068,0.001,0.0002967338618682641,0.0003151139194094986,0.00029364733982576374,0.0004968134912039435,0.0004889871931050381
46180,1.7822736190756548e-07,1.7822736190756548e-07,0.0,0.0008550679143337272,6.960394246478467e-05,0.001,0.00027587582858523403,0.00029275820086186355,0.0002723940432975105,0.00046105018405353507,0.0004541353994635155
46190,1.6337407770784442e-07,1.6337407770784442e-07,0.0,0.0002895513932583924,7.371962875308289e-05,0.001,9.251415897430966e-05,9.816114968079978e-05,9.184449979639039e-05,0.0001565904987283225,0.00015456183907333683
46200,1.6432188831785197e-07,1.6432188831785197e-07,0.0,0.0003618800244826042,4.1467829227780254e-05,0.001,0.00011564233942855703,0.00012285183473872762,0.00011502441832841252,0.00019571113255129006,0.00019293359883999582
46210,1.6134383396850483e-07,1.6134383396850483e-07,0.0,5.826888996147929e-05,1.854591858265302e-05,0.001,1.8697325962358668e-05,1.9750419961578387e-05,1.8442930791686406e-05,3.1515452471712074e-05,3.111137195787466e-05
46220,1.6134987655001134e-07,1.6134987655001134e-07,0.0,8.139948756925245e-05,2.252907205520019e-05,0.001,2.6277542466572556e-05,2.7777594298711275e-05,2.5861429711186388e-05,4.3947488028779895e-05,4.330200280851339e-05
46230,1.6127282096804195e-07,1.6127282096804195e-07,0.0,7.738526863745827e-05,1.8135187948291592e-05,0.001,2.471992148401942e-05,2.63375404026477e-05,2.4645844270898274e-05,4.179640684341604e-05,4.1198862249476606e-05
46240,1.6111323209448125e-07,1.6111323209448125e-07,0.0,4.26896396715911e-05,1.5695782953396755e-05,0.001,1.379115320072003e-05,1.4509575492643958e-05,1.352403305174879e-05,2.3086193561480445e-05,2.275472515540607e-05
46250,1.6101562399801885e-07,1.6101562399801885e-07,0.0,1.8774176622674575e-05,1.5282315262814393e-05,0.001,5.982795953162001e-06,6.409863042908691e-06,6.012791420029453e-06,1.0108344323284747e-05,9.959626994780335e-06
46260,1.6094408639243072e-07,1.6094408639243072e-07,0.0,8.687699735305106e-06,1.5398531886978957e-05,0.001,3.0441199128578936e-06,3.0132405487917093e-06,2.7274586709928716e-06,4.654029604777649e-06,4.5685386559750235e-06
46270,1.608775288675256e-07,1.608775288675256e-07,0.0,4.814240042608892e-06,1.556099747134213e-05,0.001,1.6804273906900154e-06,1.7021122188291352e-06,1.5777943678168974e-06,2.517616992731517e-06,2.4532607416191117e-06
46280,1.6081132294969316e-07,1.6081132294969316e-07,0.0,4.055969165525576e-06,1.5731738715970768e-05,0.001,1.6587821399952049e-06,1.462597544714485e-06,1.2514303490242904e-06,2.109749123900272e-06,2.0512751803846096e-06
46290,1.607446675274951e-07,1.607446675274951e-07,0.0,3.1813585225195834e-06,1.5888497946995246e-05,0.001,1.2675880089255492e-06,1.1609253993575948e-06,1.0493504111088292e-06,1.6031353559993369e-06,1.541035748077177e-06
46300,1.606774211819046e-07,1.606774211819046e-07,0.0,2.7095430828040836e-06,1.6045175328359276e-05,0.001,1.3038161161297931e-06,1.033878566925624e-06,8.268265923811482e-07,1.3363049322990076e-06,1.2724088647723056e-06
46310,1.6060961074373637e-07,1.6060961074373637e-07,0.0,1.647620160224253e-06,1.618409028010717e-05,0.001,9.923740370952785e-07,7.111478700530826e-07,5.471312162985059e-07,6.502155152730057e-07,5.398834243498941e-07
46320,1.6054127822191986e-07,1.6054127822191986e-07,0.0,1.44523052226244e-06,1.6327079217755556e-05,0.001,9.954762847776177e-07,6.632490424004449e-07,4.5941222846711584e-07,4.93869985704826e-07,3.4578473167876945e-07
46330,1.604723887824545e-07,1.604723887824545e-07,0.0,1.5598409372416424e-06,1.6468018076024634e-05,0.001,1.032299785010173e-06,6.960247703381615e-07,4.823025574892043e-07,5.880713102969376e-07,4.6806578776499664e-07
46340,1.6040291006550106e-07,1.6040291006550106e-07,0.0,1.4414371901869606e-06,1.660809278445462e-05,0.001,9.92163903231288e-07,6.62008016596419e-07,4.6068809133868844e-07,4.896474758188792e-07,3.3985303604998e-07
46350,1.603328538826798e-07,1.603328538826798e-07,0.0,1.4409341933289352e-06,1.6749711674791298e-05,0.001,9.918652469408737e-07,6.617395612116924e-07,4.603250132299543e-07,4.897226069347883e-07,3.4016330476377545e-07
46360,1.6026221666934163e-07,1.6026221666934163e-07,0.0,1.454081736189943e-06,1.6891870051248496e-05,0.001,1.0001419283306988e-06,6.659685091461275e-07,4.5941332263305754e-07,5.020382091100008e-07,3.576294648051896e-07
46370,1.601909996268488e-07,1.601909996268488e-07,0.0,1.4573072632967612e-06,1.7034076942667403e-05,0.001,1.0014662296102594e-06,6.66877112090546e-07,4.5969176168567454e-07,5.049669094281183e-07,3.6174019587714055e-07
46380,1.6011920255656608e-07,1.6011920255656608e-07,0.0,1.452017279899372e-06,1.717637623084834e-05,0.001,9.992742604847456e-07,6.652750213075271e-07,4.5898384582125405e-07,5.004072260428315e-07,3.555624222906295e-07
46390,1.6004682596915814e-07,1.6004682596915814e-07,0.0,1.4489294918022837e-06,1.7318764260621483e-05,0.001,9.978547343225086e-07,6.642930322147324e-07,4.5861576624291683e-07,4.97786181283403e-07,3.520349497601053e-07
46400,1.599738701348354e-07,1.599738701348354e-07,0.0,1.447917015969724e-06,1.7461192544350395e-05,0.001,9.97354345863704e-07,6.639270246393611e-07,4.5842588338688463e-07,4.970277543672245e-07,3.5108533541161494e-07
46410,1.5990033531983728e-07,1.5990033531983728e-07,0.0,1.4476379257586639e-06,1.7603643087877615e-05,0.001,9.972041294855583e-07,6.637825276174204e-07,4.582781030782057e-07,4.969331408060467e-07,3.5106158175998426e-07
46420,1.5982622177572497e-07,1.5982622177572497e-07,0.0,1.44750403198284e-06,1.7746125605191256e-05,0.001,9.97122617915707e-07,6.636818160021871e-07,4.5813790174345417e-07,4.96969475547522e-07,3.5122461894946487e-07
46430,1.5975152972587417e-07,1.5975152972587417e-07,0.0,1.447353923458613e-06,1.7888658844577557e-05,0.001,9.970328597974904e-07,6.635759191288726e-07,4.579966138508993e-07,4.969918632889461e-07,3.5136833588410594e-07
46440,1.5967625936608602e-07,1.5967625936608602e-07,0.0,1.447134942743296e-06,1.8031258988576588e-05,0.001,9.969098081587968e-07,6.634487673369697e-07,4.578506415589544e-07,4.969533745197068e-07,3.514274540671986e-07
46450,1.5960041086565505e-07,1.5960041086565505e-07,0.0,1.4468001412316356e-06,1.8173936804836813e-05,0.001,9.967307938359645e-07,6.632858517262251e-07,4.5769648190157226e-07,4.968124009003363e-07,3.513453203431348e-07
46460,1.5952398436832316e-07,1.5952398436832316e-07,0.0,1.4463539117296476e-06,1.8316699972601964e-05,0.001,9.964980750160227e-07,6.630883321259303e-07,4.5753425353436245e-07,4.965735488149179e-07,3.511274696076845e-07
46470,1.5944697999298632e-07,1.5944697999298632e-07,0.0,1.4459175983902252e-06,1.8459556136538694e-05,0.001,9.962700514109444e-07,6.628934463128387e-07,4.57371713544827e-07,4.963445753427523e-07,3.509241257997607e-07
46480,1.5936939783426865e-07,1.5936939783426865e-07,0.0,1.4455882387346582e-06,1.860251271990391e-05,0.001,9.96093902295359e-07,6.627311681376225e-07,4.572148436496271e-07,4.962114357654994e-07,3.508552265987949e-07
46490,1.5929123796332388e-07,1.5929123796332388e-07,0.0,1.445237961198175e-06,1.8745574066852893e-05,0.001,9.95907602472047e-07,6.625620354782066e-07,4.5705566768945575e-07,4.960608148716787e-07,3.5076274666299355e-07
46500,1.5921250042843286e-07,1.5921250042843286e-07,0.0,1.4448420811981883e-06,1.8888745544558062e-05,0.001,9.956991044698873e-07,6.623783866970956e-07,4.568926038828427e-07,4.958708920940574e-07,3.5061642913262134e-07
46510,1.5913318525571587e-07,1.5913318525571587e-07,0.0,1.444486040348819e-06,1.903203475293354e-05,0.001,9.955098991786406e-07,6.622066431647616e-07,4.5673103582561983e-07,4.957173426728815e-07,3.505216264454202e-07
46520,1.5905329244969243e-07,1.5905329244969243e-07,0.0,1.444099877111565e-06,1.9175446884797978e-05,0.001,9.95305938103827e-07,6.620251311182649e-07,4.5656654773407066e-07,4.955383262244832e-07,3.503922123827426e-07
46530,1.589792632325589e-07,1.589792632325589e-07,0.0,1.4437494383436275e-06,1.7387298025436145e-05,0.0009000000000000001,9.951169171266563e-07,6.618577828662433e-07,4.564144170063292e-07,4.953835649412109e-07,3.502878493413849e-07
46540,1.5890631492283886e-07,1.5890631492283886e-07,0.0,1.4434058113066376e-06,1.7517157644505504e-05,0.0009000000000000001,9.949353701512955e-07,6.616954030545162e-07,4.5626507178814924e-07,4.952274271268807e-07,3.5017959141059824e-07
46550,1.588328417378073e-07,1.588328417378073e-07,0.0,1.4430597370167295e-06,1.7647277633809472e-05,0.0009000000000000001,9.947521920118847e-07,6.615316025189244e-07,4.5611456614640606e-07,4.950707346646515e-07,3.500713345613479e-07
46560,1.58758843220582e-07,1.58758843220582e-07,0.0,1.4427110839321388e-06,1.7777585823437767e-05,0.0009000000000000001,9.945675408547985e-07,6.61366409815914e-07,4.5596285925767617e-07,4.94912894047992e-07,3.4996263653439375e-07
46570,1.5868431907494493e-07,1.5868431907494493e-07,0.0,1.442360061733037e-06,1.790806030983793e-05,0.0009000000000000001,9.943816779727056e-07,6.611999756413094e-07,4.5581000755353087e-07,4.947540937869621e-07,3.498533528588322e-07
46580,1.5860926905010762e-07,1.5860926905010762e-07,0.0,1.4420064844659542e-06,1.80386971701274e-05,0.0009000000000000001,9.941944839652653e-07,6.610323113975731e-07,4.556560391867553e-07,4.945941387983262e-07,3.4974321587737284e-07
46590,1.5853369290049793e-07,1.5853369290049793e-07,0.0,1.4416502056868995e-06,1.816949857935059e-05,0.0009000000000000001,9.940058414616974e-07,6.608634074952555e-07,4.55500967142338e-07,4.944328718571457e-07,3.496320842629385e-07
46600,1.5845759037189447e-07,1.5845759037189447e-07,0.0,1.441291406955132e-06,1.8300468554770735e-05,0.0009000000000000001,9.938158572435378e-07,6.606933296878456e-07,4.5534481281115786e-07,4.942704776371221e-07,3.495201259920471e-07
46610,1.5838096119682535e-07,1.5838096119682535e-07,0.0,1.4409302234133913e-06,1.843161152428389e-05,0.0009000000000000001,9.9362459614015e-07,6.605221191154834e-07,4.5518758343085046e-07,4.941070556224343e-07,3.4940751933627796e-07
46620,1.583038050932108e-07,1.583038050932108e-07,0.0,1.4405665541850456e-06,1.8562931950839528e-05,0.0009000000000000001,9.93432013282075e-07,6.60349740060301e-07,4.5502926946514064e-07,4.93942509415496e-07,3.4929414368351347e-07
46630,1.5822612176412504e-07,1.5822612176412504e-07,0.0,1.4402002960372656e-06,1.8694434282919594e-05,0.0009000000000000001,9.932380633784045e-07,6.601761568903328e-07,4.548698624907371e-07,4.937767536554326e-07,3.491798677468439e-07
46640,1.5814791089796688e-07,1.5814791089796688e-07,0.0,1.4398315753491362e-06,1.882612294874305e-05,0.0009000000000000001,9.930428024941225e-07,6.60001407893533e-07,4.547093694667081e-07,4.936098988245516e-07,3.4906485948983124e-07
46650,1.5806917216876398e-07,1.5806917216876398e-07,0.0,1.439460312483928e-06,1.8958002338830183e-05,0.0009000000000000001,9.928461899044639e-07,6.5982546748485e-07,4.5454778492555233e-07,4.934418820315786e-07,3.48949024088781e-07
46660,1.5798990523648072e-07,1.5798990523648072e-07,0.0,1.4390865456108547e-06,1.9090076789583405e-05,0.0009000000000000001,9.926482415269403e-07,6.596483475720081e-07,4.5438511080084237e-07,4.932727390145433e-07,3.488324136745855e-07
46670,1.5791010974736246e-07,1.5791010974736246e-07,0.0,1.4387102413598508e-06,1.9222350566960382e-05,0.0009000000000000001,9.92448941491341e-07,6.594700380615125e-07,4.542213443054062e-07,4.931024408833465e-07,3.487149876209433e-07
46680,1.5782978533430674e-07,1.5782978533430674e-07,0.0,1.4383314152315932e-06,1.935482786387885e-05,0.0009000000000000001,9.922482991710706e-07,6.592905443604448e-07,4.5405648571701576e-07,4.929310000958916e-07,3.4859676315089526e-07
46690,1.5774893161713863e-07,1.5774893161713863e-07,0.0,1.4379500604757373e-06,1.948751280080289e-05,0.0009000000000000001,9.920463121136475e-07,6.591098645181808e-07,4.538905337471933e-07,4.927584100379822e-07,3.484777323340426e-07
46700,1.5766754820298605e-07,1.5766754820298605e-07,0.0,1.4375661459831157e-06,1.962040943012843e-05,0.0009000000000000001,9.918429645132977e-07,6.58927988198293e-07,4.5372348544426836e-07,4.925846453892913e-07,3.4835786000229985e-07
46710,1.5758563468655333e-07,1.5758563468655333e-07,0.0,1.4371793101077814e-06,1.975352173421933e-05,0.0009000000000000001,9.916380778000143e-07,6.587448007042837e-07,4.535553161277284e-07,4.924093921625076e-07,3.4823670967819183e-07
46720,1.5750319065045336e-07,1.5750319065045336e-07,0.0,1.436782703333399e-06,1.988685351961864e-05,0.0009000000000000001,9.914282803183373e-07,6.585581338705321e-07,4.533855736148904e-07,4.922266840800709e-07,3.4810596540725475e-07
46730,1.5742021566556628e-07,1.5742021566556628e-07,0.0,1.4361877763823596e-06,2.0020405259076437e-05,0.0009000000000000001,9.911203530495488e-07,6.583081897932639e-07,4.5320209044334066e-07,4.918723081953024e-07,3.4773665671493414e-07
46740,1.5733670939739766e-07,1.5733670939739766e-07,0.0,1.4295897384108939e-06,2.0154049309984007e-05,0.0009000000000000001,9.872960881168616e-07,6.5605684348905e-07,4.530412378845442e-07,4.862385308999362e-07,3.399283801915618e-07
46750,1.5725296990741542e-07,1.5725296990741542e-07,0.0,3.751169698560516e-06,2.0292728784498463e-05,0.0009000000000000001,1.3979373012943836e-06,1.3472152521930683e-06,1.23482606119313e-06,1.9280627785405075e-06,1.8651940393004998e-06
46760,1.5873291519196936e-07,1.5873291519196936e-07,0.0,0.00026308777043897397,5.6010078658732645e-05,0.0009000000000000001,8.512573559211811e-05,9.032936405005122e-05,8.392738848595681e-05,0.00014170697059758452,0.00013941652292614665
46770,1.4714158297580763e-05,1.4714158297580763e-05,0.0,0.02538787582745724,0.005112681339039199,0.0009000000000000001,0.008223689864670619,0.008715836250990788,0.008095793507101838,0.013677405661786327,0.01345390542462692
46780,0.000294141111400785,0.000294141111400785,0.0,0.11864729238678069,0.012871892231676984,0.0009000000000000001,0.04498309438427541,0.04606821599272447,0.03906881279503589,0.06063767264017695,0.05811759142269005
46790,1.742375609195743e-05,1.742375609195743e-05,0.0,0.031334418234576895,0.004357966160704674,0.0009000000000000001,0.015904945359521763,0.014390103684398347,0.01012675610835168,0.013574801568930565,0.012698339436858145
46800,3.256935886191665e-05,3.256935886191665e-05,0.0,0.041359586573479226,0.004052996702708196,0.0009000000000000001,0.019056968105572454,0.018119354201080597,0.013697179642576563,0.019210439077186704,0.01792696293110731
46810,4.164936096832889e-06,4.164936096832889e-06,0.0,0.013943694754877348,0.0024894830334078488,0.0009000000000000001,0.006181619049140549,0.005960889008183566,0.004611196146797661,0.006639862644637204,0.006228584069554556
46820,9.721138238468075e-07,9.721138238468075e-07,0.0,0.006624707510935396,0.0006601068397934808,0.0009000000000000001,0.0034715424635356953,0.0030683144868975387,0.002083877284405986,0.0027951286829486577,0.0026551803674459483
48080,0.0008552154929188464,0.0008552154929188464,0.0,0.18885026894029566,0.030714839666251388,0.001,0.07489808284719271,0.0734839753558157,0.059413029367759024,0.09547090793078417,0.09468066380978289
48090,0.0004333627819685335,0.0004333627819685335,0.0,0.08382051181942557,0.016596668903104923,0.001,0.021155107877037112,0.02340552248967811,0.023745687280546976,0.04683099713613462,0.05014679500441157
48100,0.0005982019475067111,0.0005982019475067111,0.0,0.10272965857274058,0.007435033422642111,0.001,0.03364612364827594,0.03101155986707789,0.029469716175613166,0.05520801360223587,0.058742956477245964
48110,0.00027154466057293774,0.00027154466057293774,0.0,0.05794813946883594,0.003953794711524069,0.001,0.01913605503676787,0.01758609308913504,0.016647867274276296,0.03106424654433675,0.033021593704335626
48120,0.00011027579239643835,0.00011027579239643835,0.0,0.013343182600292684,0.004486897005069757,0.001,0.0031004618745119426,0.0033160907150814973,0.0037075116340046263,0.007511667335164807,0.008184651368724805
48130,7.890029758149602e-05,7.890029758149602e-05,0.0,0.006677496555158256,0.003987114522658362,0.001,0.003317348641819256,0.0029781243676119964,0.0020059060073462434,0.002871556008864372,0.0028875419577264047
48140,5.756678683268535e-05,5.756678683268535e-05,0.0,0.0030421868906556826,0.003389461097914112,0.001,0.0009190050688808316,0.0007924974864824956,0.0008842258217661774,0.0017519427619445325,0.0017381558116322108
48150,4.124550604512894e-05,4.124550604512894e-05,0.0,0.005880880715556845,0.0028209743607903797,0.001,0.002211944465371076,0.002004871304917792,0.0017740260739676284,0.0031408026194345534,0.003117675394240016
48160,2.856664635186896e-05,2.856664635186896e-05,0.0,0.0041150673559852,0.002318791652956679,0.001,0.0012163911335201162,0.0011605215897791405,0.0011590805379320106,0.002268011496059853,0.002425868791339679
48170,1.9076661983853342e-05,1.9076661983853342e-05,0.0,0.0028358019208920434,0.002096848460638126,0.001,0.0006398353126906786,0.0007471323823348602,0.0007978790527408381,0.0015938786321457235,0.0017239411186856825
48180,1.2409892018592755e-05,1.2409892018592755e-05,0.0,0.0010772189861703693,0.0017655476984664447,0.001,0.00027680277130395276,0.0002612904650974671,0.0003213711114634636,0.0006488460845635334,0.0006341798170221942
48190,8.218873101590653e-06,8.218873101590653e-06,0.0,0.0010715745068392813,0.001553405703675437,0.001,0.0004358759828905944,0.00035590477024167186,0.0003010424974384337,0.0005626438616851951,0.0005682206208847996
48200,5.438210208307579e-06,5.438210208307579e-06,0.0,0.0006764861643866667,0.0013196743293175219,0.001,0.00018012472463892,0.0002111141330455527,0.00019359975175831177,0.0003727760351326398,0.00039293020025879836
48210,3.6244488865826084e-06,3.6244488865826084e-06,0.0,0.0003750581116082474,0.001145027348373017,0.001,9.639736706862301e-05,8.802061414791299e-05,0.000116981301406349,0.00023578163175863383,0.0002217903354662572
48220,2.4606219098104817e-06,2.4606219098104817e-06,0.0,0.0002494987874154065,0.0009822722040120282,0.001,6.893490789318282e-05,6.145793212467029e-05,7.756411253280952e-05,0.0001573878180514693,0.00014610306519416798
48230,1.7143893411984167e-06,1.7143893411984167e-06,0.0,0.00018033753985671766,0.0008440879224601488,0.001,5.837898644708603e-05,6.041964613478464e-05,5.310671121096784e-05,0.00010354619463757262,9.929664082705461e-05
48240,1.2424583511697958e-06,1.2424583511697958e-06,0.0,0.00015328341899918015,0.0007007746014645798,0.001,6.725522431165979e-05,5.467107438472969e-05,4.439563549149023e-05,8.316862331551471e-05,7.822316113800423e-05
48250,9.506260136557051e-07,9.506260136557051e-07,0.0,0.0001006628890011902,0.0005767540606973141,0.001,3.7152610167542766e-05,3.595205258774956e-05,2.9000401180026665e-05,5.5968688839833295e-05,5.331244052187819e-05
48260,7.750723255158162e-07,7.750723255158162e-07,0.0,7.76296090123238e-05,0.0004594188102033936,0.001,3.234702816779932e-05,2.6547761932958372e-05,2.2586624520310022e-05,4.38202103408601e-05,4.0698516406385294e-05
48270,6.726267734114704e-07,6.726267734114704e-07,0.0,5.2066051098398285e-05,0.00036057582573922826,0.001,1.9219830496327213e-05,1.75471960597881e-05,1.5179960517880497e-05,3.0215662026591727e-05,2.806823027637191e-05
48280,6.147019858956581e-07,6.147019858956581e-07,0.0,3.812092465029201e-05,0.0002749996977194939,0.001,1.3529163304469323e-05,1.1593664925290157e-05,1.1266090654628032e-05,2.3033424995373425e-05,2.116373970369954e-05
48290,5.829702414549504e-07,5.829702414549504e-07,0.0,2.7764702371398913e-05,0.0002065369416740816,0.001,9.135536525545725e-06,7.783068681724636e-06,8.246918816812218e-06,1.7195696297669395e-05,1.5803533367129052e-05
48300,5.661166372793456e-07,5.661166372793456e-07,0.0,1.9654277710688093e-05,0.0001519181438460198,0.001,6.4034467919800785e-06,5.671184820768199e-06,5.744726082946283e-06,1.2061420178643058e-05,1.1149380044942009e-05
48310,5.574251915340661e-07,5.574251915340661e-07,0.0,1.4327007047371513e-05,0.00011010264063230136,0.001,5.837732494884023e-06,4.44313724357468e-06,4.033440671076844e-06,8.468411749457224e-06,7.747966481924167e-06
48320,5.530587638843387e-07,5.530587638843387e-07,0.0,9.891621065612982e-06,7.916755253341018e-05,0.001,4.522417574938845e-06,3.3377613829994294e-06,2.6589254473528783e-06,5.582238086077896e-06,5.090013443152534e-06
48330,5.509037441571648e-07,5.509037441571648e-07,0.0,6.973588520211652e-06,5.6792660519569285e-05,0.001,3.216299492158071e-06,2.235722582131079e-06,1.8342398191810974e-06,3.972612606939466e-06,3.6126595188152472e-06
48340,5.498378255804777e-07,5.498378255804777e-07,0.0,5.240402259779839e-06,4.1591405846388054e-05,0.001,2.7490949665438026e-06,1.740799720419395e-06,1.3321013898409449e-06,2.8492183123225486e-06,2.5462144047753075e-06
48350,5.492871672113162e-07,5.492871672113162e-07,0.0,4.112725803953896e-06,3.212855267103259e-05,0.001,2.5526172223297253e-06,1.5658010126615293e-06,1.01140223194321e-06,1.9345520009655126e-06,1.6828558663584421e-06
48360,5.489695477601902e-07,5.489695477601902e-07,0.0,3.4151807360774725e-06,2.6940624145771026e-05,0.001,2.228441880767659e-06,1.3564546709579989e-06,8.784332875802274e-07,1.4733945363755348e-06,1.2463952546893973e-06
48370,5.487517713823085e-07,5.487517713823085e-07,0.0,3.1270760502714396e-06,2.4620470143730334e-05,0.001,2.1649948106449e-06,1.3213528976025268e-06,8.401041359926437e-07,1.1889656737105044e-06,9.487309752787137e-07
48380,5.485737308789892e-07,5.485737308789892e-07,0.0,2.9943006764768116e-06,2.3902245336710422e-05,0.001,2.1294849692644277e-06,1.3115532230162532e-06,8.370572002061778e-07,1.0382643017657274e-06,7.827708919519782e-07
48390,5.484095770217852e-07,5.484095770217852e-07,0.0,2.91077861653667e-06,2.3925060784569603e-05,0.001,2.077860754427735e-06,1.2941479499265492e-06,8.415978828832861e-07,9.676045758303638e-07,7.073389795938845e-07
48400,5.482487793063671e-07,5.482487793063671e-07,0.0,2.880834450043782e-06,2.423927324618937e-05,0.001,2.067855667579612e-06,1.2957984054374726e-06,8.476755888369502e-07,9.240116308186454e-07,6.593792265264219e-07
48410,5.480873055521988e-07,5.480873055521988e-07,0.0,2.861541987504664e-06,2.4651311725782697e-05,0.001,2.052251882261512e-06,1.2920762044373932e-06,8.51986184556211e-07,9.086902786828096e-07,6.42014408342303e-07
48420,5.479237257914288e-07,5.479237257914288e-07,0.0,2.8568762241908283e-06,2.5086212948793415e-05,0.001,2.051520872184692e-06,1.29400097204515e-06,8.547410484587598e-07,8.988828609135903e-07,6.298335034905396e-07
48430,5.477575845774731e-07,5.477575845774731e-07,0.0,2.853619572118711e-06,2.551987923748281e-05,0.001,2.0494139129614488e-06,1.2941378729051017e-06,8.56084175760887e-07,8.948710585945579e-07,6.248730075393045e-07
48440,5.475887630332854e-07,5.475887630332854e-07,0.0,2.8513972380917153e-06,2.5946088263643812e-05,0.001,2.0475178537900977e-06,1.293729283195636e-06,8.565917955684208e-07,8.931569056645528e-07,6.229315616737498e-07
48450,5.474172468493037e-07,5.474172468493037e-07,0.0,2.8510788793149182e-06,2.6364896460264342e-05,0.001,2.0479780369637825e-06,1.2941210702084705e-06,8.566996744387394e-07,8.917418539629606e-07,6.213568717449059e-07
48460,5.472430493507351e-07,5.472430493507351e-07,0.0,2.8502936562459046e-06,2.6777707041379615e-05,0.001,2.047200678085149e-06,1.293730569561269e-06,8.565481062405978e-07,8.915856499474517e-07,6.213585879896364e-07
48470,5.470661889966804e-07,5.470661889966804e-07,0.0,2.8500703670382865e-06,2.7185835365480797e-05,0.001,2.047148649158039e-06,1.2936172234433083e-06,8.563237641505754e-07,8.914474579457512e-07,6.213225828737724e-07
48480,5.468866839870116e-07,5.468866839870116e-07,0.0,2.8500970714183022e-06,2.7590320820027542e-05,0.001,2.047413721836447e-06,1.2936343489663666e-06,8.56076964781737e-07,8.913102059986778e-07,6.212650109789257e-07
48490,5.46704551447628e-07,5.46704551447628e-07,0.0,2.849999139601732e-06,2.7991864028920795e-05,0.001,2.047459811963996e-06,1.293543184750529e-06,8.558243067403874e-07,8.912806279577039e-07,6.213404312047133e-07
48500,5.465198075261091e-07,5.465198075261091e-07,0.0,2.8498746746832526e-06,2.8390920019285125e-05,0.001,2.0474833546077557e-06,1.2934490085243717e-06,8.555812442718165e-07,8.912270257616576e-07,6.213861448785795e-07
48510,5.46332467539298e-07,5.46332467539298e-07,0.0,2.8497608087425967e-06,2.8787787118336117e-05,0.001,2.0475534006457487e-06,1.293387316325554e-06,8.553504471964019e-07,8.911102378436927e-07,6.213545975939795e-07
48520,5.461425460589773e-07,5.461425460589773e-07,0.0,2.849627758768373e-06,2.9182658982707547e-05,0.001,2.047618106126886e-06,1.2933310658094832e-06,8.551279891754475e-07,8.909576988637426e-07,6.212817115229665e-07
48530,5.459500569603109e-07,5.459500569603109e-07,0.0,2.849467423203828e-06,2.9575664255208462e-05,0.001,2.0476583168586312e-06,1.2932682990351236e-06,8.549100567529309e-07,8.907872526336588e-07,6.211898834139651e-07
48540,5.457550134574311e-07,5.457550134574311e-07,0.0,2.8492889460473855e-06,2.9966896678013596e-05,0.001,2.047683390775743e-06,1.293201232136319e-06,8.546939870400483e-07,8.906041550936532e-07,6.210850451868493e-07
48550,5.455574281358972e-07,5.455574281358972e-07,0.0,2.8491009760462735e-06,3.035643424800275e-05,0.001,2.0477030829090568e-06,1.2931328676292318e-06,8.544778932067709e-07,8.904113617334271e-07,6.209703262685123e-07
48560,5.453573129842558e-07,5.453573129842558e-07,0.0,2.8489079591533385e-06,3.074434958732159e-05,0.001,2.0477216697352547e-06,1.2930641366726563e-06,8.542604967844767e-07,8.902118098538932e-07,6.208490352798493e-07
48570,5.451546794243403e-07,5.451546794243403e-07,0.0,2.8487120238204895e-06,3.113071451478402e-05,0.001,2.047740662273062e-06,1.2929951123304204e-06,8.540410089942603e-07,8.900078536902695e-07,6.207239454089492e-07
48580,5.449495383399098e-07,5.449495383399098e-07,0.0,2.848514216295643e-06,3.151560120833391e-05,0.001,2.0477606395905075e-06,1.2929257455179048e-06,8.538190129507325e-07,8.898009148927412e-07,6.205967442770752e-07
48590,5.447419001035556e-07,5.447419001035556e-07,0.0,2.8483146370810377e-06,3.189908171577326e-05,0.001,2.0477815354841866e-06,1.2928558542986474e-06,8.535943691804109e-07,8.895914970280253e-07,6.204678901313976e-07
48600,5.445317746017341e-07,5.445317746017341e-07,0.0,2.848113536721654e-06,3.228122705174476e-05,0.001,2.0478034837568004e-06,1.2927854758525614e-06,8.533670174368286e-07,8.893798750088811e-07,6.203377603379961e-07
48610,5.443191712582056e-07,5.443191712582056e-07,0.0,2.8479107751135004e-06,3.266210631470671e-05,0.001,2.047826335776716e-06,1.292714546059613e-06,8.531369780018559e-07,8.891660069382477e-07,6.202063031319719e-07
48620,5.441040990559246e-07,5.441040990559246e-07,0.0,2.8477063304789503e-06,3.30417861581498e-05,0.001,2.047850055801622e-06,1.2926430767684805e-06,8.529042746647885e-07,8.889498484534169e-07,6.200735298152109e-07
48630,5.438865665574635e-07,5.438865665574635e-07,0.0,2.847501839017199e-06,3.342033062304548e-05,0.001,2.047875970483551e-06,1.2925718097895065e-06,8.526687713617616e-07,8.887320759355634e-07,6.199408649946258e-07
48640,5.436665819240869e-07,5.436665819240869e-07,0.0,2.8473599668810548e-06,3.379780482123301e-05,0.001,2.0479548337353407e-06,1.2925280707803455e-06,8.524241716393145e-07,8.88540673990347e-07,6.198639270074646e-07
48650,5.434441529484711e-07,5.434441529484711e-07,0.0,2.8512626545789504e-06,3.417451816895054e-05,0.001,2.051239519826013e-06,1.2942267911305273e-06,8.518130954957712e-07,8.902094355474418e-07,6.234163504639681e-07
48660,5.432194227249843e-07,5.432194227249843e-07,0.0,4.018612626535729e-06,3.458542883808124e-05,0.001,2.4686536896656525e-06,1.6607602051771972e-06,1.0974245225280671e-06,1.6828917845293296e-06,1.573825505511019e-06
48670,5.460601756902101e-07,5.460601756902101e-07,0.0,0.0003623703713170329,0.0001312691099924841,0.001,0.00011617033622632748,0.00012080878252592669,0.00011112209868869056,0.00019787160067405118,0.00019376825587276854
48680,0.000100499914274379,0.000100499914274379,0.0,0.06571225859958299,0.016189187935105487,0.001,0.021361423433869403,0.022233076459425526,0.02030596905628072,0.03571620540255897,0.034856065260285944
48690,7.459167967667493e-05,7.459167967667493e-05,0.0,0.05993467437880865,0.00763710374772671,0.001,0.023561615680886695,0.023118970532132927,0.019317052290484915,0.0304966976579886,0.029147121801641206
48700,1.604439328377432e-05,1.604439328377432e-05,0.0,0.025721911494864202,0.0024670617317620264,0.001,0.008641598606257307,0.008859563324551938,0.008001644094167525,0.01380989495419809,0.013537747289257683
48710,1.1489305693790538e-06,1.1489305693790538e-06,0.0,0.003946337317754885,0.002002998390898097,0.001,0.0009737631303143357,0.0010110693045507603,0.0010784252220874973,0.0022715207658309975,0.0023255322541107164
48720,3.2851455706349114e-06,3.2851455706349114e-06,0.0,0.011694117870263612,0.001492298554698233,0.001,0.004938888414863499,0.0047039090549094685,0.0037856384581148902,0.005748834402317601,0.005485551831847216
48730,9.709716764047922e-07,9.709716764047922e-07,0.0,0.0044889625230363816,0.00033028556319316554,0.001,0.0017721350635407,0.001725009794334661,0.001436984705561174,0.0022764296953131846,0.0021942877101602263
48740,5.587263908648655e-07,5.587263908648655e-07,0.0,0.0006698247786277932,0.000351672916043441,0.001,0.00027107999995715595,0.0002624227394384291,0.00021464904489504384,0.0003355094476057268,0.0003227958442173809
48750,6.189952095315875e-07,6.189952095315875e-07,0.0,0.0018560531763422339,0.0003301176146412749,0.001,0.0007378597530842325,0.0007154261039000473,0.0005947016363721832,0.0009390986736354699,0.0009043322177213253
48760,5.891346498341768e-07,5.891346498341768e-07,0.0,0.0015042435710518093,0.0002033752297329999,0.001,0.0006619939229307976,0.0006214577783705454,0.0004891708735269536,0.0007235414828843587,0.0006861961828085017
48770,5.611554266953909e-07,5.611554266953909e-07,0.0,0.0008816675651365894,0.00011202934992768201,0.001,0.00036245592673649914,0.0003474928467564545,0.00028360909523079416,0.0004395084810219524,0.0004214839509129911
48780,5.505425625740325e-07,5.505425625740325e-07,0.0,0.0005037002660900234,6.489694006075188e-05,0.001,0.00019794010135975023,0.00019325562578645594,0.00016145007399983235,0.00025577075293422387,0.00024644847897582615
48790,5.469197398701962e-07,5.469197398701962e-07,0.0,0.00031632279409765646,4.7355481793404234e-05,0.001,0.00013801579986315573,0.00012940119596919887,0.00010232732743522181,0.0001532068970998573,0.0001457511653850313
48800,5.454461783380779e-07,5.454461783380779e-07,0.0,0.00019410088716380255,4.290161692004048e-05,0.001,8.33713987527745e-05,7.930246781639347e-05,6.331969796876047e-05,9.438536142848035e-05,8.960593594344221e-05
48810,5.446706565600575e-07,5.446706565600575e-07,0.0,0.00010286152957168413,3.927259022671582e-05,0.001,4.274435263848066e-05,4.0411755678979823e-05,3.2808298105809245e-05,5.125333077291918e-05,4.9261558835461476e-05
48820,5.442246015438461e-07,5.442246015438461e-07,0.0,3.0463139649485755e-05,3.81035405654533e-05,0.001,1.0365401748974645e-05,1.0992957630581792e-05,9.813635597467528e-06,1.606845171035904e-05,1.5589635272990082e-05
48830,5.439511172660372e-07,5.439511172660372e-07,0.0,1.4464379122201719e-05,3.800324181455827e-05,0.001,5.474719030013398e-06,5.848507285043767e-06,4.950014217569867e-06,7.215904033599138e-06,6.7630300504506874e-06
48840,5.436995615727323e-07,5.436995615727323e-07,0.0,2.4806485511333268e-05,3.841061806087285e-05,0.001,1.114770644595043e-05,9.915171771788353e-06,7.72774532076561e-06,1.207049295255636e-05,1.1622798904141116e-05
48850,5.434275883227474e-07,5.434275883227474e-07,0.0,6.222600275627571e-06,3.854885458359844e-05,0.001,2.0185975130555067e-06,2.2266995776284276e-06,2.160502325615031e-06,3.2661201525804846e-06,3.067801817706969e-06
48860,5.431646353579678e-07,5.431646353579678e-07,0.0,7.679479722793984e-06,3.8750428904709126e-05,0.001,2.6088273644623403e-06,3.034913499167611e-06,2.732266478174267e-06,3.912108120356321e-06,3.60848617378465e-06
48870,5.428979773809289e-07,5.428979773809289e-07,0.0,3.921493168184611e-06,3.9014480045700866e-05,0.001,2.7839180223596486e-06,1.8234282442218677e-06,1.06803645399947e-06,1.2648227099583073e-06,1.0970389181361294e-06
48880,5.426302720327683e-07,5.426302720327683e-07,0.0,4.6822103055144694e-06,3.9365036022853666e-05,0.001,2.9888163177922645e-06,2.056819387845843e-06,1.286068138290748e-06,1.8258516572148129e-06,1.7071887030149744e-06
48890,5.423600103222002e-07,5.423600103222002e-07,0.0,3.297483477632165e-06,3.972717417274667e-05,0.001,2.389959084798725e-06,1.5249674126835445e-06,9.131776080919294e-07,1.0224248627883174e-06,8.243310892022416e-07
48900,5.420876435889862e-07,5.420876435889862e-07,0.0,2.7963230053270476e-06,4.008179120709891e-05,0.001,1.967570155462559e-06,1.2641817430117463e-06,8.543094142673425e-07,9.059467501672384e-07,6.478611239204381e-07
48910,5.418130451122326e-07,5.418130451122326e-07,0.0,2.779608143069062e-06,4.042153311531055e-05,0.001,1.947508364321266e-06,1.2553435954212684e-06,8.65895199970404e-07,8.990435541295431e-07,6.272786394544094e-07
48920,5.415361871341792e-07,5.415361871341792e-07,0.0,2.774993073661472e-06,4.07561438264397e-05,0.001,1.936995959736606e-06,1.2503379159686418e-06,8.610426090960165e-07,9.082746194006512e-07,6.434867123458543e-07
48930,5.412570744678968e-07,5.412570744678968e-07,0.0,2.802844716667494e-06,4.108867239684988e-05,0.001,1.987775649306907e-06,1.2720830146426336e-06,8.551831679849032e-07,8.905315733683401e-07,6.255085026641891e-07
48940,5.409757090320443e-07,5.409757090320443e-07,0.0,2.821762443945393e-06,4.142356069763698e-05,0.001,2.0120285652582956e-06,1.283713608810356e-06,8.515478328657572e-07,8.893527707148549e-07,6.290468924065936e-07
48950,5.40692091688911e-07,5.40692091688911e-07,0.0,2.8382937577965863e-06,4.1759658220700504e-05,0.001,2.0308098761288743e-06,1.2932747361274537e-06,8.497235011046709e-07,8.900830657858505e-07,6.336486935387525e-07
48960,5.404062231024788e-07,5.404062231024788e-07,0.0,2.846903498113538e-06,4.209632365522285e-05,0.001,2.042213093559637e-06,1.298962517798073e-06,8.492386994758753e-07,8.880713998822553e-07,6.322677968725387e-07
48970,5.401181039794158e-07,5.401181039794158e-07,0.0,2.838556143763957e-06,4.243325037020593e-05,0.001,2.0331631605696903e-06,1.2941152953132278e-06,8.492426156384957e-07,8.877328514598925e-07,6.307486491851198e-07
48980,5.398277352276689e-07,5.398277352276689e-07,0.0,2.828516669476237e-06,4.277004800930137e-05,0.001,2.0215209398435524e-06,1.2880522248396328e-06,8.494676848412595e-07,8.880729609100408e-07,6.298286916485511e-07
48990,5.395351174630459e-07,5.395351174630459e-07,0.0,2.8315957669507333e-06,4.310661225594958e-05,0.001,2.0255387008697674e-06,1.2899729252710112e-06,8.488990598706042e-07,8.876556183816053e-07,6.301061727546775e-07
49000,5.392402512431481e-07,5.392402512431481e-07,0.0,2.8337389862308523e-06,4.344324326884004e-05,0.001,2.0285144739695233e-06,1.2913633717463828e-06,8.484312617957707e-07,8.871659616691966e-07,6.300757904686964e-07
49010,5.389431370033902e-07,5.389431370033902e-07,0.0,2.830666199366103e-06,4.378011065390331e-05,0.001,2.0253884043222274e-06,1.2896240954767097e-06,8.482807459278518e-07,8.868293622181839e-07,6.293570348974495e-07
49020,5.386437750860824e-07,5.386437750860824e-07,0.0,2.8322384318579283e-06,4.4117087653202694e-05,0.001,2.0275975997059623e-06,1.290633531971211e-06,8.478212044877928e-07,8.864898094557427e-07,6.294686826338361e-07
49030,5.383421657303068e-07,5.383421657303068e-07,0.0,2.8310624090083075e-06,4.445425788112884e-05,0.001,2.0266175779116293e-06,1.2900025289904998e-06,8.47534440866766e-07,8.861977039013557e-07,6.291634677940167e-07
49040,5.38038309077731e-07,5.38038309077731e-07,0.0,2.8304201092106304e-06,4.4791575485587005e-05,0.001,2.0262596243487383e-06,1.2896902585301216e-06,8.472123218126613e-07,8.858937559757868e-07,6.289363969419204e-07
49050,5.377322051734831e-07,5.377322051734831e-07,0.0,2.830081671794494e-06,4.512905847436853e-05,0.001,2.0262601467312724e-06,1.2895609149727534e-06,8.46868699929458e-07,8.855779516295576e-07,6.287485833376492e-07
49060,5.374238539703725e-07,5.374238539703725e-07,0.0,2.828577987304774e-06,4.546674632869498e-05,0.001,2.0249076994541926e-06,1.2887352422674523e-06,8.465989886037069e-07,8.852840379551046e-07,6.283848838140938e-07
49070,5.371132553917721e-07,5.371132553917721e-07,0.0,2.816565288989989e-06,4.5804809811696424e-05,0.001,2.010833762814266e-06,1.2814904649417332e-06,8.472178992107539e-07,8.856298704287652e-07,6.269096814955806e-07
49080,5.368223290831198e-07,5.368223290831198e-07,0.0,2.8541039655003714e-06,4.152866731320197e-05,0.0009000000000000001,2.0537363137488388e-06,1.3037290108245983e-06,8.449654610677539e-07,8.854389512601921e-07,6.332766637322253e-07
49090,5.365387265442569e-07,5.365387265442569e-07,0.0,2.8396909233009397e-06,4.183485589674317e-05,0.0009000000000000001,2.0386389707023084e-06,1.2955180973215134e-06,8.449880321699397e-07,8.843647734200983e-07,6.298793282117486e-07
49100,5.362530818286776e-07,5.362530818286776e-07,0.0,2.8244601982261007e-06,4.2141790447750326e-05,0.0009000000000000001,2.0215969558841456e-06,1.28654842983692e-06,8.454849119621669e-07,8.84158788427985e-07,6.272661137690806e-07
49110,5.359653928201132e-07,5.359653928201132e-07,0.0,2.8243088825944838e-06,4.244895957040224e-05,0.0009000000000000001,2.0217994478673576e-06,1.2865295765111452e-06,8.451508890825488e-07,8.83849500154354e-07,6.271019377802428e-07
49120,5.356756581538526e-07,5.356756581538526e-07,0.0,2.8312623703170923e-06,4.27563160807641e-05,0.0009000000000000001,2.0302653340938204e-06,1.2907686335497522e-06,8.443709060816503e-07,8.833647008966146e-07,6.279496425484515e-07
49130,5.353838766961997e-07,5.353838766961997e-07,0.0,2.8275042303733386e-06,4.306411123528989e-05,0.0009000000000000001,2.02630984642297e-06,1.2885967744440735e-06,8.442439857701195e-07,8.8311331022962e-07,6.272403398267227e-07
49140,5.350900473366199e-07,5.350900473366199e-07,0.0,2.8276348527014755e-06,4.337219202606593e-05,0.0009000000000000001,2.026842628809928e-06,1.2887472205524353e-06,8.438887096569046e-07,8.827928173676339e-07,6.271130632482017e-07
49150,5.34794168922682e-07,5.34794168922682e-07,0.0,2.8274353258815397e-06,4.3680596635417356e-05,0.0009000000000000001,2.0269938320390367e-06,1.288700219407769e-06,8.435514312097289e-07,8.824787751340062e-07,6.269385959011273e-07
49160,5.344962402482306e-07,5.344962402482306e-07,0.0,2.827498859483437e-06,4.398934525922496e-05,0.0009000000000000001,2.027452549123069e-06,1.2888115473815046e-06,8.431966069982854e-07,8.821556601970244e-07,6.267992181422515e-07
49170,5.341962600442841e-07,5.341962600442841e-07,0.0,2.8264622119809474e-06,4.429845643702411e-05,0.0009000000000000001,2.0266386586722215e-06,1.2882638924172642e-06,8.429046510233304e-07,8.818570507779465e-07,6.265035259951871e-07
49180,5.338942269782876e-07,5.338942269782876e-07,0.0,2.8261511461278945e-06,4.460791760386693e-05,0.0009000000000000001,2.026668424737788e-06,1.2881516051592546e-06,8.425673433524628e-07,8.81538557030221e-07,6.26308950069686e-07
49190,5.335901396541218e-07,5.335901396541218e-07,0.0,2.825412285794447e-06,4.4917755907314164e-05,0.0009000000000000001,2.0262033936815745e-06,1.2877827210341192e-06,8.422534298687322e-07,8.812301407068713e-07,6.26055230797295e-07
49200,5.332839966196554e-07,5.332839966196554e-07,0.0,2.82122706546899e-06,4.52280327975273e-05,0.0009000000000000001,2.0216857409853585e-06,1.2853295433416547e-06,8.421631798164931e-07,8.810621262881593e-07,6.253819360345169e-07
49210,5.329757972095095e-07,5.329757972095095e-07,0.0,2.7813222748614677e-06,4.5539451051917806e-05,0.0009000000000000001,1.9682183492332255e-06,1.2594600108395015e-06,8.47341363736193e-07,8.880342656438059e-07,6.264212780241628e-07
49220,5.326658181405626e-07,5.326658181405626e-07,0.0,4.152335493356538e-06,4.587067103775479e-05,0.0009000000000000001,1.5695017322169009e-06,1.6250815209145497e-06,1.5252216123507581e-06,2.0598173400385213e-06,1.8212549056040578e-06
49230,5.325629963478813e-07,5.325629963478813e-07,0.0,0.00010349486167356634,5.022418649037552e-05,0.0009000000000000001,4.388501185399282e-05,4.21198904446059e-05,3.3847669671802904e-05,5.056122676066054e-05,4.7919145377027744e-05
49240,8.662588766762811e-07,8.662588766762811e-07,0.0,0.004157851014449482,0.0007648081573425608,0.0009000000000000001,0.0018044383239584582,0.0017001757094203187,0.0013497670597658745,0.002017029198227843,0.001913646989589946
49250,0.000483796763980784,0.000483796763980784,0.0,0.16042960165821846,0.02412245257952474,0.0009000000000000001,0.07216069425268319,0.06719924545916053,0.05224794082153484,0.07619397583837469,0.07201521130737254
49260,2.24976139305612e-05,2.24976139305612e-05,0.0,0.02545965724763272,0.00516504181331178,0.0009000000000000001,0.006150767355011504,0.0063407907272627455,0.006788116946080344,0.014717019175692332,0.015189731036570063
49270,3.9921939334666805e-05,3.9921939334666805e-05,0.0,0.04392226392612486,0.006632033050518124,0.0009000000000000001,0.023291542810858438,0.019175605781836826,0.01296726252272489,0.018769050505975427,0.018802123225270435
49280,1.1795066191204629e-05,1.1795066191204629e-05,0.0,0.02383612905558812,0.002979758399197578,0.0009000000000000001,0.012622749996222132,0.010830073028131949,0.007541800367080547,0.010014909270782482,0.009594675494093846
49290,2.332612719119918e-06,2.332612719119918e-06,0.0,0.00961163285387181,0.00143145709120003,0.0009000000000000001,0.005074320902759794,0.004375242862214712,0.003063929752065762,0.004054467193638936,0.00385272615069775
49300,1.2882907546487367e-06,1.2882907546487367e-06,0.0,0.006342944302561387,0.0010143860981017077,0.0009000000000000001,0.003436239986009166,0.002918200079311561,0.001999961710427679,0.0026113951986477175,0.0024890556262482716
49310,6.77014075880949e-07,6.77014075880949e-07,0.0,0.001936007228294195,0.0006140007299969948,0.0009000000000000001,0.0007142227937710383,0.0007064363031642133,0.0005892619179438189,0.001005622731098884,0.0009967110287018416
49320,6.869169352406771e-07,6.869169352406771e-07,0.0,0.002227513822133499,0.000408009151470508,0.0009000000000000001,0.0009082578167987017,0.0006823829618026266,0.0004971480651710011,0.001161782207043385,0.0012490907432035018
49330,5.98426393168125e-07,5.98426393168125e-07,0.0,0.0012622535618782588,0.00019046667159334672,0.0009000000000000001,0.0003011013337353437,0.00032762071845145033,0.00033586250508007914,0.0007266694727531287,0.0007500722227293102
49340,5.869858715808081e-07,5.869858715808081e-07,0.0,0.0013779721529302786,0.00016090578146852848,0.0009000000000000001,0.000654833899927271,0.00059233774984933,0.00044169337446319125,0.0006324958071040193,0.0006039355639028634
49350,5.599199844046653e-07,5.599199844046653e-07,0.0,0.0006102817219761078,0.0001325926001114032,0.0009000000000000001,0.00016218519509671251,0.00017537885703849336,0.00017108270266227507,0.00034507567193224446,0.0003517785991307343
49360,5.514303988268112e-07,5.514303988268112e-07,0.0,0.0002569817920793101,8.616682739048887e-05,0.0009000000000000001,7.670496622357975e-05,6.207529099945964e-05,5.720313430619203e-05,0.00014539670322461702,0.00015518461590614864
49370,5.497037593496238e-07,5.497037593496238e-07,0.0,0.00014748405125991642,5.9802589832688924e-05,0.0009000000000000001,7.176704503702879e-05,5.5307952719349e-05,3.610134551487284e-05,6.94328397206867e-05,7.392541070791345e-05
50460,0.01773574623594285,0.01773574623594285,0.0,1.0087190624012226,0.06376562564899683,0.001,0.5166009463445741,0.42792512771937136,0.31198182524520107,0.451119030400961,0.4404783395644508
50470,0.0009470644723547949,0.0009470644723547949,0.0,0.12848179662853593,0.027361042418052994,0.001,0.039838949850262394,0.035369878561174184,0.034555594800141705,0.0690304710573705,0.07751244232881181
50480,0.0008633428956814964,0.0008633428956814964,0.0,0.11396381737238383,0.009256009463740115,0.001,0.03579544722262044,0.031160230778087786,0.031116486519837644,0.061111804124143784,0.06789726413518034
50490,0.00021265838523666712,0.00021265838523666712,0.0,0.019748472223438906,0.008431653423221896,0.001,0.003917165681308499,0.0041181420867635364,0.0052327911272103626,0.011311535631525028,0.012453920195440678
50500,0.00021676215127340999,0.00021676215127340999,0.0,0.03806880569641691,0.005955537814878464,0.001,0.014018956563048749,0.01164430822937143,0.010138214494768573,0.019928826094842828,0.021585389457106988
50510,0.0001601513036509453,0.0001601513036509453,0.0,0.03320333328867029,0.004045262494852953,0.001,0.013839615804281712,0.011489564900215993,0.0092351881587623,0.016530277395612955,0.01770744664549728
50520,9.464624500442123e-05,9.464624500442123e-05,0.0,0.013937251606183332,0.003893016237081238,0.001,0.0049532841769478015,0.0041138097688075475,0.003698633241031617,0.007345104892760139,0.008041836532233443
50530,6.345188404925188e-05,6.345188404925188e-05,0.0,0.00928511431279492,0.0036687247574995127,0.001,0.0026016524500107603,0.0025489360265663224,0.0024616399225396443,0.005008486187323865,0.0055756152426119235
50540,4.193896244778826e-05,4.193896244778826e-05,0.0,0.007404191172825584,0.003126519661122309,0.001,0.0030673459215590612,0.002432473761594874,0.0019386077282046233,0.003757686715534257,0.004047766716484649
50550,2.7036142666558014e-05,2.7036142666558014e-05,0.0,0.003984899957995438,0.0028734245534784214,0.001,0.0012433144216931046,0.001173131359891215,0.0010458674789631632,0.0021046489716713204,0.002333991843965702
50560,1.7270479615205867e-05,1.7270479615205867e-05,0.0,0.0008003035775283456,0.0024426498104284256,0.001,0.00029122699720664143,0.0002512317663413399,0.00023580051938208233,0.000466741205322048,0.00044509945709748667
50570,1.1502776262367092e-05,1.1502776262367092e-05,0.0,0.001697209650660793,0.0021012967700118645,0.001,0.0003659585969677294,0.00036622024663941587,0.00047043049554924653,0.000996497105531397,0.0010554199826431935
50580,7.615563012642423e-06,7.615563012642423e-06,0.0,0.0007967427468686814,0.0018335046216815464,0.001,0.0003396178428299095,0.00026468033132938314,0.00023324501244741388,0.000427410628750269,0.00042418675574271885
50590,5.176336984973559e-06,5.176336984973559e-06,0.0,0.0006184531792757655,0.0016151486783253558,0.001,0.00023908847140307327,0.00018812452187560248,0.00016597984102467494,0.0003362774218260177,0.0003458360099221879
50600,3.599954840305471e-06,3.599954840305471e-06,0.0,0.00042826739518340664,0.0013696827138719966,0.001,0.00010298278552736832,8.887053100212199e-05,0.0001246938676494283,0.0002598792081991756,0.00026584935187003807
50610,2.598431303468081e-06,2.598431303468081e-06,0.0,0.00019005613099147472,0.0011519277323360977,0.001,6.157435798978205e-05,5.595581524995714e-05,5.446729569733319e-05,0.0001108511937973633,0.00010799339065053539
50620,1.9811002810317655e-06,1.9811002810317655e-06,0.0,0.0001583309680154073,0.0009521121153203406,0.001,7.650919564288816e-05,5.9649125729481836e-05,4.117478097230361e-05,8.032982132033237e-05,7.730436362785194e-05
50630,1.6121279722342578e-06,1.6121279722342578e-06,0.0,9.968945467798107e-05,0.0007532666652152937,0.001,3.063050164301904e-05,2.5216899484929076e-05,2.9967047688575466e-05,6.194294864179359e-05,5.909569780878999e-05
50640,1.4001187617915827e-06,1.4001187617915827e-06,0.0,7.099777343883064e-05,0.0005875651590215743,0.001,2.3256305371430873e-05,1.9585224783459197e-05,2.096719377012048e-05,4.315462425278466e-05,4.112388956108705e-05
50650,1.28307071686099e-06,1.28307071686099e-06,0.0,5.445485964357874e-05,0.0004416265207866289,0.001,2.4106535361699548e-05,1.8282059078765533e-05,1.4864340823394128e-05,3.0180356143626674e-05,2.8743900238972082e-05
50660,1.2209831827635738e-06,1.2209831827635738e-06,0.0,3.663351094167807e-05,0.0003264368119078361,0.001,1.2369242375300687e-05,9.874991784472298e-06,1.0690703815968647e-05,2.232408000744425e-05,2.128802351345602e-05
50670,1.1893076997896895e-06,1.1893076997896895e-06,0.0,2.5646451268918153e-05,0.00023415494142922302,0.001,1.1452117377550548e-05,8.328010041476926e-06,6.972921576187056e-06,1.442254784356855e-05,1.3580105588684279e-05
50680,1.1737363327754294e-06,1.1737363327754294e-06,0.0,1.7878381430060064e-05,0.00016523136532926698,0.001,7.92717666521507e-06,5.4551095258770215e-06,4.827925616394159e-06,1.0264069493963505e-05,9.665689598033287e-06
50690,1.1663290089442524e-06,1.1663290089442524e-06,0.0,1.2028358421123792e-05,0.00011426921877252646,0.001,4.981096747532313e-06,3.4112306752709765e-06,3.2557328068774967e-06,7.037461132680199e-06,6.632959846666818e-06
50700,1.1628794802308931e-06,1.1628794802308931e-06,0.0,9.098008085213886e-06,7.844135767226404e-05,0.001,5.219769372483511e-06,3.152160617180818e-06,2.1858668616793777e-06,4.618768642816209e-06,4.264875477698969e-06
50710,1.161259769409397e-06,1.161259769409397e-06,0.0,6.3010020823323605e-06,5.48449952797858e-05,0.001,3.882697309168692e-06,2.2575324158687055e-06,1.5171313563452704e-06,2.9940427178715714e-06,2.6909754222263197e-06
50720,1.1604426242178886e-06,1.1604426242178886e-06,0.0,5.039671093851635e-06,4.0752927068576724e-05,0.001,3.23822389080673e-06,1.8701023946765319e-06,1.2641148723758517e-06,2.249517524844582e-06,1.9685006991992297e-06
50730,1.1599564108004478e-06,1.1599564108004478e-06,0.0,4.535733134885574e-06,3.399210491889143e-05,0.001,3.1476832347570475e-06,1.8276632796000188e-06,1.1758545471239705e-06,1.7513323283067829e-06,1.4472852225355724e-06
50740,1.1595962134407362e-06,1.1595962134407362e-06,0.0,4.237411496764473e-06,3.1718495596296474e-05,0.001,3.0646616091924662e-06,1.799514781017705e-06,1.1556159357186673e-06,1.4195465069994458e-06,1.0927708309422126e-06
50750,1.1592782451856148e-06,1.1592782451856148e-06,0.0,4.158910140277251e-06,3.1546733895997324e-05,0.001,3.056811315322906e-06,1.8108095008711107e-06,1.16333029837864e-06,1.2891482589648554e-06,9.450676832676668e-07
50760,1.1589705116404519e-06,1.1589705116404519e-06,0.0,4.119418922560505e-06,3.212511665548068e-05,0.001,3.0315014976209517e-06,1.8089567018567149e-06,1.17420132750827e-06,1.2481830658741016e-06,8.905983244582676e-07
50770,1.1586617719513105e-06,1.1586617719513105e-06,0.0,4.094938022070127e-06,3.287492262275981e-05,0.001,3.0088632481142586e-06,1.8041660341710327e-06,1.1801238406224462e-06,1.2296834708250167e-06,8.740778735901314e-07
50780,1.1583484816456716e-06,1.1583484816456716e-06,0.0,4.0779074688489396e-06,3.361155600608984e-05,0.001,2.9888669216472624e-06,1.7975554673934443e-06,1.1836365152402965e-06,1.2243646560843429e-06,8.717761711946927e-07
50790,1.1580296936956364e-06,1.1580296936956364e-06,0.0,4.072584619259551e-06,3.429872234735704e-05,0.001,2.981546839987118e-06,1.7955735612046859e-06,1.1850698006095954e-06,1.2239584741915444e-06,8.714981907824943e-07
50800,1.1577052340445775e-06,1.1577052340445775e-06,0.0,4.072027664528686e-06,3.4943466257046455e-05,0.001,2.980022243312356e-06,1.7954656956807021e-06,1.185300230768941e-06,1.224702338915491e-06,8.720826173745509e-07
50810,1.1573751171109033e-06,1.1573751171109033e-06,0.0,4.072087379167686e-06,3.5560152609614716e-05,0.001,2.9798795314572017e-06,1.7954233052043953e-06,1.1850823858390836e-06,1.225032838703445e-06,8.726261582986553e-07
50820,1.1570393867309317e-06,1.1570393867309317e-06,0.0,4.073035879651376e-06,3.6160272017042794e-05,0.001,2.9815809558731178e-06,1.7959746167640295e-06,1.1847109284158795e-06,1.2244429781897868e-06,8.721172124537789e-07
50830,1.1566980838064518e-06,1.1566980838064518e-06,0.0,4.074347991570825e-06,3.675105248154067e-05,0.001,2.983765791089375e-06,1.7967214078948373e-06,1.1843059691099806e-06,1.2238308732420593e-06,8.714622796485938e-07
50840,1.156351244063195e-06,1.156351244063195e-06,0.0,4.074967477562095e-06,3.733648296866697e-05,0.001,2.9844817592387684e-06,1.7968621557691033e-06,1.1839155874301544e-06,1.2241103975283512e-06,8.718961884235018e-07
50850,1.1559988999620274e-06,1.1559988999620274e-06,0.0,4.075403044707981e-06,3.791854793033091e-05,0.001,2.9848729961641273e-06,1.796904258640791e-06,1.1835694982280466e-06,1.2244821644779495e-06,8.724410801441767e-07
50860,1.1556410818443305e-06,1.1556410818443305e-06,0.0,4.076278891193961e-06,3.849812423722665e-05,0.001,2.986184408124041e-06,1.7973920077272916e-06,1.183269349499041e-06,1.2242248814707568e-06,8.72187823778045e-07
50870,1.1552778182989478e-06,1.1552778182989478e-06,0.0,4.0768547747764644e-06,3.907553555094152e-05,0.001,2.9869985715533378e-06,1.7976869598309592e-06,1.1829980066018083e-06,1.2241197575923918e-06,8.721757216706626e-07
50880,1.1549091362374441e-06,1.1549091362374441e-06,0.0,4.077346328359392e-06,3.965086790679809e-05,0.001,2.9877329654478533e-06,1.7979608441984819e-06,1.1827510701478772e-06,1.223958661432953e-06,8.721045670488748e-07
50890,1.1545350609241054e-06,1.1545350609241054e-06,0.0,4.077865701389368e-06,4.022413060262924e-05,0.001,2.9885456654406784e-06,1.7982802811560628e-06,1.1825140224589963e-06,1.2237145916903875e-06,8.719381848835132e-07
50900,1.1541556160257232e-06,1.1541556160257232e-06,0.0,4.078329717326679e-06,4.079533354849194e-05,0.001,2.98927098845883e-06,1.7985651538401344e-06,1.1822812476354426e-06,1.2234936413613471e-06,8.718072089153759e-07
50910,1.1537708236797357e-06,1.1537708236797357e-06,0.0,4.078540300010887e-06,4.136451834197735e-05,0.001,2.9896821349776807e-06,1.7986910023058284e-06,1.1820763521900887e-06,1.2233143008980563e-06,8.716763358408064e-07
50920,1.1533807045808155e-06,1.1533807045808155e-06,0.0,4.070398905185714e-06,4.193188347592421e-05,0.001,2.979259198643179e-06,1.793364300275953e-06,1.1827881321866821e-06,1.2252069768875015e-06,8.724445277520554e-07
50930,1.1529853216886355e-06,1.1529853216886355e-06,0.0,3.926104122061098e-06,4.25075841289147e-05,0.001,2.411392495561955e-06,1.6228200299859509e-06,1.3495828925921886e-06,1.5312907569782112e-06,1.1461932502830617e-06
50940,1.1530467290169678e-06,1.1530467290169678e-06,0.0,0.00017770285793249175,6.17341690549164e-05,0.001,9.4021602093944e-05,7.995895776494368e-05,5.6173366407215284e-05,7.61744048754465e-05,7.020444974058453e-05
50950,1.439706206103953e-05,1.439706206103953e-05,0.0,0.03032829493407807,0.007190252302273708,0.001,0.016332957260123376,0.013704719648158814,0.009499715039817145,0.01285179566350967,0.011859989312772698
50960,5.0778763863741514e-05,5.0778763863741514e-05,0.0,0.05950141271944399,0.006957114185501281,0.001,0.03543704267019674,0.028329640059024844,0.018020789705533603,0.02207541897701044,0.02108320767566739
50970,4.9601595742004395e-05,4.9601595742004395e-05,0.0,0.05374253322314106,0.004970928034897602,0.001,0.03036027329314539,0.024912199738736738,0.016660884091012275,0.021258031234504034,0.020400193183805437
50980,1.1988466239221285e-05,1.1988466239221285e-05,0.0,0.0211023104490496,0.003456156494198983,0.001,0.012113688458421128,0.00989829293137797,0.006502881024901804,0.008150824611423925,0.007839939597442173
50990,2.4286857772613813e-06,2.4286857772613813e-06,0.0,0.0007152259551301947,0.00233356829305925,0.001,0.0004771485668693451,0.0003567075328740456,0.00017603655293052674,0.00021685779535521765,0.00022193861355231686
51000,1.8584558898826103e-06,1.8584558898826103e-06,0.0,0.005859665454301686,0.001340053292601291,0.001,0.0033846549250758835,0.0027559883931056145,0.001808591292038219,0.0022566170940128295,0.0021533271702949995
51010,1.5006401799421793e-06,1.5006401799421793e-06,0.0,0.003779227390164735,0.0006890382828750243,0.001,0.0022603124712830694,0.0018059033722640874,0.0011475294624717083,0.0013865610051893543,0.0013308777661054537
51020,1.3248117900791957e-06,1.3248117900791957e-06,0.0,0.0018581483184937166,0.000482972833332333,0.001,0.0009097106237779694,0.0007882642863898931,0.0005658023225101428,0.0008405532954249969,0.0008240082454124858
51030,1.2528329589064773e-06,1.2528329589064773e-06,0.0,0.0014974209743934342,0.0003473454689618868,0.001,0.0008498261588111453,0.0006403739618505748,0.00038354554328959333,0.000609555370687322,0.0006518903228255934
51040,1.22503642643884e-06,1.22503642643884e-06,0.0,0.0009970967823500433,0.00020324960352338824,0.001,0.00028112692229208665,0.0002835474563730015,0.00026573844605833817,0.0005564420457643585,0.0005791638694958697
51050,1.208138855004433e-06,1.208138855004433e-06,0.0,0.0007158470889578699,0.00011934718818964579,0.001,0.0004078302539012147,0.0003056049362329946,0.0001803114119453391,0.00029089016304604485,0.00031228175382749443
51060,1.1992829688165588e-06,1.1992829688165588e-06,0.0,0.00030887833703802336,7.611132146964212e-05,0.001,0.0001623735351164321,0.0001374136599613192,9.666837655717208e-05,0.00013178080915908028,0.00012656873145116756
51070,1.197558127771305e-06,1.197558127771305e-06,0.0,0.0001940787808293427,5.645283141852631e-05,0.001,6.976827249382248e-05,6.553153711017608e-05,5.4790242718756744e-05,0.00010245487520427287,0.00010459273773979478
51080,1.1963274758527133e-06,1.1963274758527133e-06,0.0,0.00010123483719920944,5.255079288191149e-05,0.001,3.3824501967608545e-05,2.7712854724642583e-05,2.258925934915554e-05,5.525384092046809e-05,5.975729115373346e-05
51090,1.1956455581642398e-06,1.1956455581642398e-06,0.0,6.339017507455106e-05,4.7696953739146394e-05,0.001,3.093862015482508e-05,2.7443701960252994e-05,1.9983157064753654e-05,2.8337310329558376e-05,2.739308604773273e-05
51100,1.1951570493895254e-06,1.1951570493895254e-06,0.0,4.5833873583433016e-05,4.828940611185681e-05,0.001,2.4428217700258235e-05,1.7382926770218555e-05,1.0653686607976437e-05,2.0456084317701047e-05,2.2339377478924482e-05
51110,1.1946536475068828e-06,1.1946536475068828e-06,0.0,2.5994448965313537e-05,4.776600353388616e-05,0.001,1.3214795485111089e-05,1.0620746316037063e-05,7.415914188049726e-06,1.1875900338425884e-05,1.183489118139424e-05
51120,1.1941817732321279e-06,1.1941817732321279e-06,0.0,9.727762060204411e-06,4.755474251171701e-05,0.001,2.6592351804171807e-06,2.5738223541691637e-06,2.2330596748608793e-06,5.4936641799059e-06,5.834751193332398e-06
51130,1.1937166443569718e-06,1.1937166443569718e-06,0.0,1.0315742202528798e-05,4.740812082312182e-05,0.001,3.4495234640899233e-06,3.119432726664266e-06,3.1638424887637095e-06,5.530979102933881e-06,5.554626438495425e-06
51140,1.1932438019182754e-06,1.1932438019182754e-06,0.0,6.6243720505294774e-06,4.765235843273499e-05,0.001,2.4014321372838132e-06,2.6942419072495025e-06,2.237203534846853e-06,3.2285299206715703e-06,3.1014221300454417e-06
51150,1.1927679807089824e-06,1.1927679807089824e-06,0.0,4.399071478903707e-06,4.8105972112843735e-05,0.001,1.9101344720682372e-06,1.791990273318492e-06,1.6485676772797772e-06,2.0382020686199935e-06,1.7300258960676494e-06
51160,1.192288082543858e-06,1.192288082543858e-06,0.0,4.0649239221557685e-06,4.862481491734546e-05,0.001,2.4020918832068206e-06,1.6788016858867099e-06,1.4478410033237687e-06,1.6101105938864562e-06,1.249997378320552e-06
51170,1.1918035661052534e-06,1.1918035661052534e-06,0.0,3.964405692961772e-06,4.913997094457441e-05,0.001,2.2626781225083426e-06,1.6083551489955067e-06,1.3092654784340915e-06,1.6550424395563185e-06,1.4018712671411256e-06
51180,1.1913144043278948e-06,1.1913144043278948e-06,0.0,3.986713739979803e-06,4.9621306659580526e-05,0.001,2.8072955039937125e-06,1.7394800829965931e-06,1.2627482513838906e-06,1.268510766136257e-06,8.831537269334005e-07
51190,1.190820612516251e-06,1.190820612516251e-06,0.0,4.067239258837719e-06,5.008482757447945e-05,0.001,2.870000241681932e-06,1.7719151670707692e-06,1.2030691150214569e-06,1.3233115060656922e-06,1.019457454556581e-06
51200,1.1903221815378178e-06,1.1903221815378178e-06,0.0,4.1578918528494336e-06,5.0541149656934336e-05,0.001,3.0841167484754057e-06,1.8617043883259636e-06,1.204705278483599e-06,1.1891031135305214e-06,8.311275701806888e-07
51210,1.1898191016427205e-06,1.1898191016427205e-06,0.0,4.055587517789463e-06,5.100092204924029e-05,0.001,2.9140776071499942e-06,1.7847012454438307e-06,1.2082581992676347e-06,1.2597853198656747e-06,9.207226368655664e-07
51220,1.189311375837991e-06,1.189311375837991e-06,0.0,4.034060592203041e-06,5.1461523953748804e-05,0.001,2.8811681790990185e-06,1.7701980240895422e-06,1.2114156691995454e-06,1.2684716453601258e-06,9.284472147657999e-07
51230,1.1887990029275984e-06,1.1887990029275984e-06,0.0,4.081588794894343e-06,5.1921547685894954e-05,0.001,2.9668562397808866e-06,1.807244982669038e-06,1.2065498079131908e-06,1.2322645659945898e-06,8.843359908353892e-07
51240,1.1882819828608095e-06,1.1882819828608095e-06,0.0,4.046110132604489e-06,5.238248761119655e-05,0.001,2.9026605310392615e-06,1.779361146563083e-06,1.2089103376957324e-06,1.2603368178461938e-06,9.197798131115466e-07
51250,1.187760315439018e-06,1.187760315439018e-06,0.0,4.0640348098685035e-06,5.284219179001486e-05,0.001,2.9331233154720586e-06,1.7925922175786641e-06,1.206373763966673e-06,1.2491788136565881e-06,9.073805177873499e-07
51260,1.1872339999446522e-06,1.1872339999446522e-06,0.0,4.0671426314719555e-06,5.330201286893989e-05,0.001,2.940705383248314e-06,1.7956018310849307e-06,1.2060788735666702e-06,1.2444593140528533e-06,9.008812953768268e-07
51270,1.1867030352588146e-06,1.1867030352588146e-06,0.0,4.066908665264907e-06,5.376194849603384e-05,0.001,2.939422281888121e-06,1.7950669501914667e-06,1.2055098889854962e-06,1.2458118011250298e-06,9.032627722605867e-07
51280,1.1861674200904823e-06,1.1861674200904823e-06,0.0,4.090368281309044e-06,5.4221632725512895e-05,0.001,2.973361684344522e-06,1.810783636400933e-06,1.2022130030515828e-06,1.2372427584420482e-06,8.961387327438122e-07
51290,1.1856271664964718e-06,1.1856271664964718e-06,0.0,4.481505441131834e-06,5.467696602641902e-05,0.001,3.423635245997309e-06,2.053337138608917e-06,1.2052728738355164e-06,1.1726080958026847e-06,8.542578824011234e-07
51300,1.185087480304056e-06,1.185087480304056e-06,0.0,2.1705745253961803e-05,5.509371309845115e-05,0.001,1.4292533423331925e-05,1.0502613293006646e-05,6.117827559289158e-06,7.1656678990402e-06,6.879019785014955e-06
51310,1.1897707248401475e-06,1.1897707248401475e-06,0.0,0.0006381247350830148,9.84080891546031e-05,0.001,0.000379587869684336,0.00030451143151680204,0.00019445411668776475,0.00023649955770707056,0.00022508662280521668
51320,1.3601787626272663e-05,1.3601787626272663e-05,0.0,0.030984447453951174,0.004129479342116028,0.001,0.01834754200670426,0.014765445794382864,0.009469459045449687,0.011540357471229896,0.010978809985748092
51330,0.0003103450749512378,0.0003103450749512378,0.0,0.1440149508431105,0.020261166872965374,0.001,0.08177002117378794,0.06693144278052086,0.04439967084255433,0.05634914257578388,0.054795692932092965
51340,4.410754407556644e-05,4.410754407556644e-05,0.0,0.030676844226322376,0.00826134608068908,0.001,0.016028175103185903,0.013464583249872425,0.0096094307503038,0.013087899964536881,0.01300867406635973
51350,3.30732073595835e-05,3.30732073595835e-05,0.0,0.02681616153140307,0.006050030507532167,0.001,0.013470007849177939,0.010238071611304928,0.00667228546804325,0.012158411365471087,0.013367493059245263
51360,1.5124071104115444e-05,1.5124071104115444e-05,0.0,0.017967855614298,0.005295513558556578,0.001,0.005295965092849392,0.00424159399217569,0.003898960416888099,0.010038221331484784,0.011006709140983242
51370,3.351895616155176e-06,3.351895616155176e-06,0.0,0.006148936189748821,0.0029406280304619613,0.001,0.0018039220154968361,0.0018026663881948058,0.0016661529225069152,0.003391517224414384,0.0035358677064545227
51380,1.8532066620430087e-06,1.8532066620430087e-06,0.0,0.002479889604026567,0.001762547742949361,0.001,0.0007286680190001006,0.0007327597040379085,0.0006547484808232715,0.0013636544740654021,0.0014269938946610183
51390,1.834693813650276e-06,1.834693813650276e-06,0.0,0.0043319835787114964,0.0011760530512891362,0.001,0.0010346364302922465,0.001074737359844728,0.0010848816795417382,0.0024735789120684036,0.0026144057577240118
51400,1.4291438475213345e-06,1.4291438475213345e-06,0.0,0.0027635873524721284,0.000648753618601297,0.001,0.0007460021663223266,0.0007638666601465896,0.0007305460173134796,0.001550021653364611,0.0016180928448615607
51410,1.236239544769576e-06,1.236239544769576e-06,0.0,0.0010667676216521765,0.00024656384218708,0.001,0.0006345441908271035,0.0005093504781442498,0.0003233405159213234,0.0003918680802013487,0.00037932623000563534
51420,1.2353450674078774e-06,1.2353450674078774e-06,0.0,0.0011569476235840717,0.0002524926138340068,0.001,0.0005843672624663173,0.00043262464883541774,0.0002728614487435087,0.0005288194383161314,0.0005780029653980098
51430,1.1995959796177287e-06,1.1995959796177287e-06,0.0,0.00045190700567986287,0.00017702570449966608,0.001,0.0002665115952441334,0.00020311588589587862,0.00012101266863204258,0.000172402283412853,0.00018196202791788836
51440,1.1982886277102648e-06,1.1982886277102648e-06,0.0,0.00035673791493605534,9.752917303853242e-05,0.001,0.00010159219476612104,0.0001029566959369819,9.594668120804908e-05,0.0001981810959004082,0.00020597431718557462
51450,1.1944588512400208e-06,1.1944588512400208e-06,0.0,0.00014487815873690066,7.955835015607688e-05,0.001,6.0621164859927773e-05,5.56241533029509e-05,4.3235206536817266e-05,7.148395113090747e-05,7.151662819635519e-05
51460,1.1935452598685667e-06,1.1935452598685667e-06,0.0,0.00010276385608564154,5.9926795438270395e-05,0.0009000000000000001,4.129741382357654e-05,3.1285910266131835e-05,2.2804863356981183e-05,5.309681849328092e-05,5.809767068646515e-05
51470,1.1928231443250698e-06,1.1928231443250698e-06,0.0,6.819061170573322e-05,5.315392544477624e-05,0.0009000000000000001,2.7106615535948225e-05,2.084785649178421e-05,1.5279886640010005e-05,3.528913154046019e-05,3.8591407548319884e-05
51480,1.1921910939854214e-06,1.1921910939854214e-06,0.0,4.079597371366294e-05,5.065395604467436e-05,0.0009000000000000001,9.70808305827596e-06,9.684520416980766e-06,9.696025478930328e-06,2.3454069366681076e-05,2.4945445407770548e-05
51490,1.1916014950076815e-06,1.1916014950076815e-06,0.0,1.9806976662801892e-05,5.074339635234121e-05,0.0009000000000000001,4.530371061313702e-06,4.409701745913926e-06,4.454068652926397e-06,1.1474755614841388e-05,1.2282700482624183e-05
51500,1.1910475239334392e-06,1.1910475239334392e-06,0.0,7.937877277981552e-06,5.172822052038125e-05,0.0009000000000000001,2.7026745881954098e-06,2.939630924224348e-06,2.40889863545487e-06,4.01518467418316e-06,4.097542592384737e-06
51510,1.1905016834922491e-06,1.1905016834922491e-06,0.0,5.19572280979976e-06,5.272201825189745e-05,0.0009000000000000001,2.2013728984187912e-06,2.0478593658326463e-06,1.9411700998497343e-06,2.4435440397279695e-06,2.1520466200911857e-06
51520,1.1899521714370367e-06,1.1899521714370367e-06,0.0,5.931636702815889e-06,5.3388358009293805e-05,0.0009000000000000001,3.774208695396823e-06,2.3295733496530763e-06,1.6419777557019049e-06,2.2884999239038515e-06,2.256048441589061e-06
51530,1.1893980673462358e-06,1.1893980673462358e-06,0.0,5.164743215101385e-06,5.377585830992667e-05,0.0009000000000000001,3.914106367456802e-06,2.3446859824994495e-06,1.3713288904462454e-06,1.3401702984805819e-06,1.1389483276661407e-06
51540,1.1888402149001764e-06,1.1888402149001764e-06,0.0,4.42522502052692e-06,5.406918279827032e-05,0.0009000000000000001,3.331431180508212e-06,2.0236440423353364e-06,1.2092792394695097e-06,1.204775381390395e-06,8.847564701019782e-07
51550,1.1882785089408322e-06,1.1882785089408322e-06,0.0,4.370176272267908e-06,5.438878794367579e-05,0.0009000000000000001,2.994310032119005e-06,1.8676450940653617e-06,1.2075498632711888e-06,1.5304720250302908e-06,1.3292194231900094e-06
51560,1.1877126708835624e-06,1.1877126708835624e-06,0.0,4.2268592528232924e-06,5.47581714894927e-05,0.0009000000000000001,2.99785924696561e-06,1.8580228903177346e-06,1.2077336314637533e-06,1.3610467862073971e-06,1.0868321284041812e-06
51570,1.1871427488828613e-06,1.1871427488828613e-06,0.0,4.181950856317188e-06,5.515327212746119e-05,0.0009000000000000001,3.0672187626895082e-06,1.88430033453837e-06,1.221005113174675e-06,1.215627457795202e-06,8.588208390638574e-07
51580,1.1865687143032382e-06,1.1865687143032382e-06,0.0,4.147723327166718e-06,5.554871594511746e-05,0.0009000000000000001,3.013535050921458e-06,1.8592708419878049e-06,1.2232683753801903e-06,1.235643352733512e-06,8.831657737479106e-07
51590,1.1859905561883746e-06,1.1859905561883746e-06,0.0,4.117314951724108e-06,5.593916244396741e-05,0.0009000000000000001,2.9256692851169423e-06,1.8207124859599385e-06,1.2213245439719447e-06,1.3003088177187887e-06,9.779597639567373e-07
51600,1.185408267293814e-06,1.185408267293814e-06,0.0,4.1041557198665965e-06,5.633045427954688e-05,0.0009000000000000001,2.9110770086595253e-06,1.8138349643205316e-06,1.2237543651190208e-06,1.2991452482547896e-06,9.72733588947123e-07
51610,1.1848218380982498e-06,1.1848218380982498e-06,0.0,4.105255663240208e-06,5.672391306525037e-05,0.0009000000000000001,2.929895375835889e-06,1.8214493177284152e-06,1.225031330507813e-06,1.2787314957393405e-06,9.413631382041113e-07
51620,1.184231259635566e-06,1.184231259635566e-06,0.0,4.112740086891335e-06,5.711750637431954e-05,0.0009000000000000001,2.9346722048830518e-06,1.8236475999447214e-06,1.2223464201513766e-06,1.2838619772975628e-06,9.520580797394329e-07
51630,1.1836365231328919e-06,1.1836365231328919e-06,0.0,4.115314829195598e-06,5.751178833778053e-05,0.0009000000000000001,2.9365696314361127e-06,1.8244360742642908e-06,1.221222916596011e-06,1.2853950046779532e-06,9.554839843761916e-07
51640,1.1830376194643036e-06,1.1830376194643036e-06,0.0,4.1119815640502665e-06,5.790702178184708e-05,0.0009000000000000001,2.935803873041006e-06,1.8238078282952202e-06,1.2218447806341421e-06,1.2817667750783724e-06,9.490910376990113e-07
51650,1.1824345394207172e-06,1.1824345394207172e-06,0.0,4.11395603689251e-06,5.830232553790608e-05,0.0009000000000000001,2.937039152954192e-06,1.8242365339408398e-06,1.220842002829312e-06,1.2832751025387531e-06,9.522873238066587e-07
51660,1.1818272736092246e-06,1.1818272736092246e-06,0.0,4.114266517906997e-06,5.869835523041504e-05,0.0009000000000000001,2.9381523010466734e-06,1.8245383411277846e-06,1.220411547538549e-06,1.2825660976573744e-06,9.515257091996955e-07
51670,1.1812158124776923e-06,1.1812158124776923e-06,0.0,4.114921828356446e-06,5.909531707421765e-05,0.0009000000000000001,2.9397738086200324e-06,1.8250742984501072e-06,1.2199168191848932e-06,1.2817320729030856e-06,9.506794017115853e-07
51680,1.1806001463228357e-06,1.1806001463228357e-06,0.0,4.1150462724474525e-06,5.949315125905274e-05,0.0009000000000000001,2.939828121402906e-06,1.824941354873767e-06,1.2194275429228294e-06,1.2820107162030214e-06,9.514267492282384e-07
51690,1.1799802652907773e-06,1.1799802652907773e-06,0.0,4.1160173811121255e-06,5.989192225185693e-05,0.0009000000000000001,2.9419258072738448e-06,1.8256934524115893e-06,1.2188731454083753e-06,1.2810514937902386e-06,9.50483629483805e-07
51700,1.179356159376231e-06,1.179356159376231e-06,0.0,4.11663093637906e-06,6.029153278145376e-05,0.0009000000000000001,2.9429518732698205e-06,1.8259827055926364e-06,1.2183206793086368e-06,1.2808651963476645e-06,9.506451383722348e-07
51710,1.1787278184221112e-06,1.1787278184221112e-06,0.0,4.117543418676764e-06,6.069200797282965e-05,0.0009000000000000001,2.944758480547833e-06,1.826607676586321e-06,1.2177516154489041e-06,1.2801700165124688e-06,9.500968899942469e-07
51720,1.1780952321224321e-06,1.1780952321224321e-06,0.0,4.120926074134866e-06,6.109329470304923e-05,0.0009000000000000001,2.950148649321679e-06,1.8288431501436504e-06,1.2167463223353878e-06,1.278674228890277e-06,9.490043343571418e-07
51730,1.1774583902074007e-06,1.1774583902074007e-06,0.0,4.1553154080399645e-06,6.149489291039499e-05,0.0009000000000000001,3.0011968215638186e-06,1.8520492578452852e-06,1.2112804678000422e-06,1.2652903669316822e-06,9.376153924046197e-07
51740,1.1768173350105483e-06,1.1768173350105483e-06,0.0,5.09862565681365e-06,6.188686478791677e-05,0.0009000000000000001,3.94542805806465e-06,2.404518808662626e-06,1.267912038041417e-06,1.2407094284155782e-06,9.924702251378782e-07
51750,1.176206455216173e-06,1.176206455216173e-06,0.0,5.2728758494821145e-05,6.229049887505008e-05,0.0009000000000000001,3.2875557956760675e-05,2.54285167703367e-05,1.543943495510131e-05,1.847614652759588e-05,1.781066925027946e-05
53010,0.01971512234606697,0.01971512234606697,0.0,1.191097630156409,0.06036570774865628,0.001,0.6665040076460644,0.5331503313764602,0.3663980725905896,0.48626637623293395,0.4757395664247044
53020,0.0006987826116025332,0.0006987826116025332,0.0,0.11493206217242768,0.02617382642762775,0.001,0.03848025587005844,0.0287507217666955,0.02536273459684184,0.06264693167823998,0.07034169254609582
53030,0.000510678038118059,0.000510678038118059,0.0,0.09531827089996017,0.01313107753060119,0.001,0.044965162536841775,0.035097798509975305,0.024650292758048448,0.04495198525816369,0.0489135298593448
53040,0.0004674911432878176,0.0004674911432878176,0.0,0.0937346535631576,0.008022442622263919,0.001,0.04013036734007992,0.03291997339269476,0.02566469187630703,0.046008695826955444,0.049593361443144815
53050,0.0003315072617777421,0.0003315072617777421,0.0,0.06747160786965974,0.004085200615330053,0.001,0.02805818210536434,0.023051112931117678,0.018396425228587324,0.033510236891034106,0.036159046345645214
53060,0.00019913395082388866,0.00019913395082388866,0.0,0.03548769705652491,0.004216671525319598,0.001,0.0167695933154236,0.01300462374662243,0.00917278972874119,0.016591137590010446,0.01810165588319335
53070,0.00013377903468347484,0.00013377903468347484,0.0,0.013910817612202149,0.0044918856405442905,0.001,0.0075830694057436076,0.005619630646560892,0.0033901563160149725,0.005905955415475363,0.00640327418916775
53080,9.895774200767272e-05,9.895774200767272e-05,0.0,0.00791626348923968,0.003973629945629745,0.001,0.003622034438186962,0.0028582534336871186,0.002183805958483251,0.0038857575527969763,0.004069466177534694
53090,7.238403591709397e-05,7.238403591709397e-05,0.0,0.003512560941731298,0.003690628913165495,0.001,0.0009770836850127914,0.0008806250542379049,0.0008566829483918841,0.002010812948768457,0.0021521031853928133
53100,5.2563979407937115e-05,5.2563979407937115e-05,0.0,0.0037382960573251536,0.0035142914732959243,0.001,0.001737708796929792,0.0012325717265682387,0.0008220532764363909,0.0018599039823940424,0.0019529284346607848
53110,3.740848939058765e-05,3.740848939058765e-05,0.0,0.002380200290646585,0.0032645680829098823,0.001,0.0008766240343189797,0.0007405844419258755,0.0006275219310486587,0.0012747631020132287,0.001333299892712753
53120,2.621214397330951e-05,2.621214397330951e-05,0.0,0.0011856147263863814,0.0030714935846519187,0.001,0.00031856518056325655,0.0003272169314665986,0.0003418207800665325,0.0006741494209610273,0.0006836295991132129
53130,1.8141054990445575e-05,1.8141054990445575e-05,0.0,0.0011468343667988543,0.002810609819210091,0.001,0.000558365174164284,0.00039142061203946963,0.00025668338251605703,0.0005803139950590543,0.0005780097651499175
53140,1.2391464633970842e-05,1.2391464633970842e-05,0.0,0.0006905339251824147,0.0025076679684690874,0.001,0.00027572431629468996,0.00020492108992902486,0.00017755148263268864,0.0003849206817465824,0.0004026033334038306
53150,8.411078212040038e-06,8.411078212040038e-06,0.0,0.0005252998814622762,0.002199295335130803,0.001,0.00017305291858871164,0.0001462914494247854,0.00014511979887354607,0.00030399716816565086,0.0003117629562717052
53160,5.752347396710439e-06,5.752347396710439e-06,0.0,0.00036096612537988475,0.0018898742132798234,0.001,0.00012767414958307987,0.00010620096648052455,9.670988464789605e-05,0.00020443261268125778,0.00020812610541142348
53170,4.0527578583548354e-06,4.0527578583548354e-06,0.0,0.00026552653364367903,0.001562518357532848,0.001,9.908275493403272e-05,7.335645105936886e-05,7.055611246409478e-05,0.00015373826512157782,0.00015918903826255034
53180,3.018582460149769e-06,3.018582460149769e-06,0.0,0.00017880782705884137,0.0012568760049096932,0.001,6.529317199411314e-05,5.139677246086017e-05,4.9544647211434455e-05,0.00010386047662095726,0.0001044049279892135
53190,2.421271394256753e-06,2.421271394256753e-06,0.0,0.00013125396342585766,0.000982839813754061,0.001,4.9767703271058156e-05,3.7257232687159856e-05,3.564755061888169e-05,7.600037134197233e-05,7.721314966355872e-05
53200,2.0943006645477985e-06,2.0943006645477985e-06,0.0,9.432363652323422e-05,0.0007427011391113938,0.001,3.6628459667549896e-05,2.6754384319696247e-05,2.529699061442039e-05,5.4289307659736996e-05,5.5442088973008095e-05
53210,1.924896629954635e-06,1.924896629954635e-06,0.0,6.357102308471367e-05,0.0005465436345671358,0.001,2.5426208420105305e-05,1.8428598679904297e-05,1.700920089296707e-05,3.631619817183414e-05,3.6685288412510114e-05
53220,1.841944833840847e-06,1.841944833840847e-06,0.0,4.307510677578849e-05,0.00038887598771160213,0.001,1.9625229559550428e-05,1.3086845221201366e-05,1.0869110520154339e-05,2.391893712332641e-05,2.404529756983743e-05
53230,1.8036088709189113e-06,1.8036088709189113e-06,0.0,2.9105955440958653e-05,0.0002689880281682365,0.001,1.5310602949557023e-05,9.807842506237087e-06,6.834985339579877e-06,1.5049901500521824e-05,1.4864045816609072e-05
53240,1.7868951665525887e-06,1.7868951665525887e-06,0.0,1.8721497256065194e-05,0.00017980092952721606,0.001,1.03653952845269e-05,6.28981115824837e-06,4.2284290442834155e-06,9.526672933429058e-06,9.405850007369887e-06
53250,1.780002004352514e-06,1.780002004352514e-06,0.0,1.1907792498411535e-05,0.00011664632912240749,0.001,6.565534177335098e-06,3.8005276682038184e-06,2.6812983810533982e-06,6.1299294684311916e-06,6.048612125088276e-06
53260,1.7772668376704435e-06,1.7772668376704435e-06,0.0,8.256541958211317e-06,7.35652581548006e-05,0.001,5.573998140840157e-06,3.051223710160655e-06,1.663035142032735e-06,3.531842252751379e-06,3.3342430628102737e-06
53270,1.7761606202178348e-06,1.7761606202178348e-06,0.0,6.377414219302419e-06,4.619720162305566e-05,0.001,4.675845002587771e-06,2.5040521299386973e-06,1.320050988275463e-06,2.3439620307146307e-06,2.0609787335996113e-06
53280,1.7756364369596638e-06,1.7756364369596638e-06,0.0,5.3288857962125295e-06,3.090086525802754e-05,0.001,3.987130246019584e-06,2.1515071969851805e-06,1.2152929411138933e-06,1.77231925966425e-06,1.4505680460997284e-06
53290,1.775296574943755e-06,1.775296574943755e-06,0.0,5.076652331624037e-06,2.4324540787951586e-05,0.001,3.91948853939195e-06,2.1405903953790674e-06,1.2244494055516118e-06,1.4563091594667484e-06,1.0790879315270804e-06
53300,1.7750044121561974e-06,1.7750044121561974e-06,0.0,4.905534366640422e-06,2.268008660640986e-05,0.001,3.7382583788732116e-06,2.06946243592081e-06,1.2459552301889303e-06,1.4222486784509886e-06,1.0500336432016917e-06
53310,1.7747187176911939e-06,1.7747187176911939e-06,0.0,4.832314830274932e-06,2.2819234995215452e-05,0.001,3.6608809539304414e-06,2.0409813269005373e-06,1.2584402029721607e-06,1.4057441029860286e-06,1.036129509873021e-06
53320,1.7744292115552533e-06,1.7744292115552533e-06,0.0,4.833694205463106e-06,2.3339481332801333e-05,0.001,3.667218954018839e-06,2.0476815790154326e-06,1.2635190954454584e-06,1.3917797343843202e-06,1.0219885308561631e-06
53330,1.7741341316800626e-06,1.7741341316800626e-06,0.0,4.8355420265445874e-06,2.386117798787827e-05,0.001,3.6647961871213827e-06,2.046837712399875e-06,1.2635707709304584e-06,1.3968895177287494e-06,1.0304734136597797e-06
53340,1.773833484655456e-06,1.773833484655456e-06,0.0,4.839354078611262e-06,2.4327538358974885e-05,0.001,3.672460361692491e-06,2.049651454155474e-06,1.2625152566562193e-06,1.3934171168512142e-06,1.0255216743700874e-06
53350,1.7735274273078663e-06,1.7735274273078663e-06,0.0,4.8472077774245936e-06,2.4757932699088248e-05,0.001,3.683226598257001e-06,2.053736434831612e-06,1.2609620928544923e-06,1.391871500072177e-06,1.0229938986030623e-06
53360,1.7732160370331362e-06,1.7732160370331362e-06,0.0,4.849383677115052e-06,2.5172659745874887e-05,0.001,3.6835993214089337e-06,2.053160856187762e-06,1.2596013116057272e-06,1.3960354821662902e-06,1.0275701654595008e-06
53370,1.772899345146218e-06,1.772899345146218e-06,0.0,4.854450901373554e-06,2.55826006571485e-05,0.001,3.690931901343683e-06,2.0560903778109496e-06,1.2587089970857712e-06,1.3943897392933846e-06,1.0247878934936427e-06
53380,1.7725773729366773e-06,1.7725773729366773e-06,0.0,4.85498706860743e-06,2.599235983714743e-05,0.001,3.691086001217322e-06,2.0557906829273085e-06,1.258051237677968e-06,1.3957336818737347e-06,1.0260348153809048e-06
53390,1.7722501436714647e-06,1.7722501436714647e-06,0.0,4.854597442597331e-06,2.6402901201108638e-05,0.001,3.69041280418118e-06,2.055314078588452e-06,1.2577070817623572e-06,1.3964936588841704e-06,1.026569297268694e-06
53400,1.771917683086306e-06,1.771917683086306e-06,0.0,4.824173360562118e-06,2.68155013571645e-05,0.001,3.6504556819470833e-06,2.03795185055201e-06,1.2596688086625806e-06,1.405867574260548e-06,1.0336975502157138e-06
53410,1.7715800843595967e-06,1.7715800843595967e-06,0.0,4.438844146852866e-06,2.7284755549116542e-05,0.001,2.3916330525771654e-06,1.8183630010843318e-06,1.5285900814332065e-06,1.918972817988585e-06,1.4996619816727687e-06
53420,1.7715530990040678e-06,1.7715530990040678e-06,0.0,0.0001839570600024723,4.245189542557144e-05,0.001,0.00011929222011555864,9.09392372881454e-05,5.208657911723926e-05,6.075209455044833e-05,5.5164884615022174e-05
53430,6.8130464006317676e-06,6.8130464006317676e-06,0.0,0.023509393714660803,0.003624267165509055,0.001,0.01547485025681248,0.011626005216747093,0.00656640939831686,0.007602152129042345,0.006920991950970227
53440,0.00027724658705651086,0.00027724658705651086,0.0,0.16658352037280447,0.012763428123823584,0.001,0.10815718458306887,0.0814752926706634,0.04685938872843668,0.055211359313443995,0.05149800364639887
53450,5.7477374123586886e-05,5.7477374123586886e-05,0.0,0.06626062956949094,0.006281395768572013,0.001,0.04235983459679455,0.03213509156720752,0.01876027830302288,0.022353541685300862,0.02149992223047283
53460,3.3648402522902895e-05,3.3648402522902895e-05,0.0,0.046856408033274254,0.0027794933219802563,0.001,0.03002771672566895,0.02279464999673348,0.013255045137107187,0.015634017800651975,0.015159563062075011
53470,1.1695996848604024e-05,1.1695996848604024e-05,0.0,0.023355716915536735,0.0019915294422664124,0.001,0.015235693764170282,0.011489670621824889,0.0065375604938283085,0.007490408024022143,0.007257855201053243
53480,6.583214885208007e-06,6.583214885208007e-06,0.0,0.017795446387632106,0.0017494008137101224,0.001,0.011681889847487456,0.008786617493946968,0.004967830073400136,0.005639934170602874,0.005430560132279859
53490,2.9501505573392793e-06,2.9501505573392793e-06,0.0,0.007436951845226873,0.0013939702418668968,0.001,0.004928633443638779,0.003687069572000782,0.002059830343003856,0.00230989428764661,0.0022211634501629212
53500,2.469203643950577e-06,2.469203643950577e-06,0.0,0.006900865048307506,0.0009455326087874222,0.001,0.004569690734066029,0.0034204573556449185,0.0019118576177461573,0.002156722108486216,0.002066726188093275
53510,1.9055386431638068e-06,1.9055386431638068e-06,0.0,0.0021745415814503287,0.0006218758505065041,0.001,0.001442896838128989,0.0010766148266843504,0.0006008699697395209,0.0006772844652878164,0.0006495221950557701
53520,1.8179633897314408e-06,1.8179633897314408e-06,0.0,0.0003056666525567952,0.00035301712694365585,0.001,0.00020166149455146494,0.00015181448765619245,8.488633875609162e-05,9.592126525057201e-05,9.18077810186546e-05
53530,1.8127418283465154e-06,1.8127418283465154e-06,0.0,1.226417526471053e-05,0.00014278248853932056,0.001,4.9096095234127205e-06,4.94990244991033e-06,4.054265487582919e-06,5.962162443177193e-06,5.861468191974398e-06
53540,1.8132930251225255e-06,1.8132930251225255e-06,0.0,0.00012354753020445657,3.963529819386466e-05,0.001,7.846752455483985e-05,6.0334114913270064e-05,3.547133002665336e-05,4.158830576857822e-05,3.955673768786562e-05
53550,1.8130997601684766e-06,1.8130997601684766e-06,0.0,0.00029024002730504986,4.546434517792586e-05,0.001,0.00019382068386595175,0.00014378898588224612,7.959304520738061e-05,8.992696655453833e-05,8.5924852102036e-05
53560,1.8123777785794625e-06,1.8123777785794625e-06,0.0,0.00031760403234448563,4.917659796182587e-05,0.001,0.00020901449798915186,0.00015740780835877633,8.841441179556521e-05,0.00010008932384272919,9.552279936251606e-05
53570,1.811127849651487e-06,1.811127849651487e-06,0.0,0.00018085693115471477,4.0090638452576584e-05,0.001,0.00012125764510651693,8.940376679222516e-05,4.941180497321649e-05,5.58033139152033e-05,5.354159264650101e-05
53580,1.8103512425645706e-06,1.8103512425645706e-06,0.0,1.6577592889762558e-05,3.340847477808545e-05,0.001,1.2035102379845594e-05,7.94700193789536e-06,4.143627896897958e-06,4.684510342592196e-06,4.538206411707475e-06
53590,1.80997056747941e-06,1.80997056747941e-06,0.0,7.343892870613483e-05,3.1770882030161056e-05,0.001,4.7027635041490383e-05,3.64007080692603e-05,2.0971272109550786e-05,2.399273377508719e-05,2.2771257697491644e-05
53600,1.809509207748059e-06,1.809509207748059e-06,0.0,5.667457644987927e-06,3.0153870063361795e-05,0.001,2.140747888764297e-06,2.4664711582902094e-06,2.1333569402270834e-06,2.6462830957207007e-06,2.2667470793598188e-06
53610,1.8091058393116027e-06,1.8091058393116027e-06,0.0,2.5559486666803835e-05,2.9849566435732803e-05,0.001,1.8582912129666047e-05,1.2647691925832983e-05,6.345762090698836e-06,6.697107981651656e-06,6.4897706245721465e-06
53620,1.808689673159297e-06,1.808689673159297e-06,0.0,1.7738404501434943e-05,2.9928770123799434e-05,0.001,1.3319251354308866e-05,8.738895829222292e-06,4.203313675983864e-06,4.275399827447197e-06,4.1465988013162326e-06
53630,1.808269676161076e-06,1.808269676161076e-06,0.0,9.05170211719238e-06,3.0223352372298022e-05,0.001,7.276899292770076e-06,4.328442710679312e-06,1.9328115159983362e-06,1.7460819804232623e-06,1.590883117673406e-06
53640,1.8078468988209125e-06,1.8078468988209125e-06,0.0,6.122116583682497e-06,3.0587666934763435e-05,0.001,4.954769254009571e-06,2.7659315992844134e-06,1.3708115448668374e-06,1.2978157010667635e-06,9.878614246596448e-07
53650,1.8074199940110844e-06,1.8074199940110844e-06,0.0,5.659293694339935e-06,3.095652745787784e-05,0.001,4.5160360016002254e-06,2.5057880434318256e-06,1.3278951440202403e-06,1.3193377562383267e-06,9.862709625763037e-07
53660,1.806988643358351e-06,1.806988643358351e-06,0.0,5.664636743700535e-06,3.130814090874308e-05,0.001,4.518304704415843e-06,2.5079147049331086e-06,1.328744544513794e-06,1.3231676098553909e-06,9.927537315302996e-07
53670,1.8065527836877348e-06,1.8065527836877348e-06,0.0,5.408443519705943e-06,3.1644299982600674e-05,0.001,4.258204606594084e-06,2.361231080543208e-06,1.313687156455839e-06,1.3483780891876992e-06,1.004614629131095e-06
53680,1.806112417651314e-06,1.806112417651314e-06,0.0,4.875192580283474e-06,3.197376665284418e-05,0.001,3.6135991925633324e-06,2.0459229383211773e-06,1.3285811662210978e-06,1.4723731824017746e-06,1.1093576723220793e-06
53690,1.805667565667899e-06,1.805667565667899e-06,0.0,4.657489144116648e-06,3.2299824687201575e-05,0.001,3.2406330065032117e-06,1.910470471698068e-06,1.3747262443286442e-06,1.5848113637862087e-06,1.2180713064124213e-06
53700,1.805218206297963e-06,1.805218206297963e-06,0.0,4.831466648520065e-06,3.262116731301674e-05,0.001,3.5494240145834447e-06,2.019607769035758e-06,1.3341814368536903e-06,1.4888404580587928e-06,1.1242334606860706e-06
53710,1.8047643469965469e-06,1.8047643469965469e-06,0.0,4.829835188956086e-06,3.294369390535466e-05,0.001,3.547247168495285e-06,2.018761626216334e-06,1.33419394283523e-06,1.4892533786780606e-06,1.1244632246627283e-06
53720,1.8043059853543764e-06,1.8043059853543764e-06,0.0,4.7882798181445545e-06,3.3266938399642554e-05,0.001,3.4819112759327353e-06,1.993190943467728e-06,1.3408989111468333e-06,1.5077335925850606e-06,1.1420720816366252e-06
53730,1.8038431208724674e-06,1.8038431208724674e-06,0.0,4.797294208380876e-06,3.3589446774960174e-05,0.001,3.4965634911430197e-06,1.9987939420128233e-06,1.339071741036017e-06,1.5034815324038732e-06,1.1378631160127398e-06
53740,1.8033757526987025e-06,1.8033757526987025e-06,0.0,4.83239892293719e-06,3.391195608238125e-05,0.001,3.551612163090463e-06,2.0204688144350507e-06,1.3331394685542014e-06,1.4879185590874785e-06,1.1228478038142027e-06
53750,1.802903879474028e-06,1.802903879474028e-06,0.0,4.849157869136009e-06,3.4234877080744544e-05,0.001,3.5771446156202752e-06,2.030819473704079e-06,1.3304879501223202e-06,1.480848865214054e-06,1.116014392890113e-06
53760,1.8024275024833425e-06,1.8024275024833425e-06,0.0,5.040415269843706e-06,3.455653825429303e-05,0.001,3.838969867051201e-06,2.146502566836592e-06,1.3125351930147521e-06,1.4170791779741486e-06,1.0571118160863293e-06
53770,1.8019470420320473e-06,1.8019470420320473e-06,0.0,9.597519807565416e-06,3.486203670935611e-05,0.001,7.657844169006534e-06,4.607732525308158e-06,2.074587138515872e-06,1.913861697983257e-06,1.776870430571739e-06
53780,1.80165447488063e-06,1.80165447488063e-06,0.0,0.00014625954160482637,3.7368229203353934e-05,0.001,9.879420485970855e-05,7.250846817894309e-05,3.9681359209063104e-05,4.435708396082566e-05,4.2470508599940414e-05
53790,2.0409037576540845e-06,2.0409037576540845e-06,0.0,0.005094508581058063,0.0005083849404666673,0.001,0.003382583062594098,0.002524565754401961,0.0014068069883538714,0.001587399119435725,0.0015150025737886731
53800,0.0005420736273492086,0.0005420736273492086,0.0,0.238743217660172,0.022019069848063122,0.001,0.15738724921855105,0.11771639354160761,0.06622385076118906,0.0757255834084445,0.07249033241435328
53810,2.7489878072939466e-05,2.7489878072939466e-05,0.0,0.009072203027661282,0.008957481720047124,0.001,0.0028449285934056233,0.0023396701454139334,0.0020304945465836216,0.004955902279645675,0.0055191513431149634
53820,4.784985255752177e-05,4.784985255752177e-05,0.0,0.023067053018317196,0.005187936552443404,0.001,0.005742540489439473,0.005411233690719777,0.005368932679255157,0.013004171208578792,0.014350506340140698
53830,2.5894842448734006e-05,2.5894842448734006e-05,0.0,0.0221446615692133,0.004441127573111983,0.001,0.008713008093027642,0.007883633472685636,0.0061937513165509755,0.011201659791938214,0.011679229112506071
53840,7.954546347485789e-06,7.954546347485789e-06,0.0,0.01366285612578179,0.003502338205617324,0.001,0.008050942832079366,0.00634918539840176,0.00393080105616651,0.005187673034448458,0.005114977629391135
53850,3.2137911885170194e-06,3.2137911885170194e-06,0.0,0.004866122064286934,0.0025270743116799304,0.001,0.003212791585670705,0.0023302811218889577,0.0012397159845470855,0.0015508362808100702,0.0016342129612064449
53860,2.8025171367146258e-06,2.8025171367146258e-06,0.0,0.007923763632372096,0.001959553190106558,0.001,0.004676015362810645,0.003660995293908292,0.002247719896026858,0.003044467177247066,0.0029723531097921034
53870,2.349433467889389e-06,2.349433467889389e-06,0.0,0.006520534754139144,0.000988285613671309,0.001,0.0039010203727258184,0.0030369881021518543,0.0018481298730923658,0.002461140428535966,0.0023931853204554234
53880,2.0527002561564223e-06,2.0527002561564223e-06,0.0,0.004048441019096071,0.0003162963295735955,0.001,0.00244620076843791,0.0018976854985376147,0.0011479295935260282,0.0015058447053587854,0.0014609377329276836
53890,1.910678654262368e-06,1.910678654262368e-06,0.0,0.0024006473554393734,0.00030982469322344034,0.001,0.0014788460390373454,0.0011401844928804058,0.000679361186792916,0.0008651175991765695,0.0008367904278081847
53900,1.8481458222342924e-06,1.8481458222342924e-06,0.0,0.001396123298042915,0.0002657044569754966,0.001,0.000874015046975013,0.0006705898838681367,0.0003936374424287808,0.0004885749431479835,0.0004715951105505855
53910,1.8272302326077877e-06,1.8272302326077877e-06,0.0,0.000677255450549803,0.00014210736912263747,0.001,0.0004195408960853284,0.000323655559686892,0.00019133080967270762,0.00024105323012130195,0.00023290162398263367
53920,1.8215959844062824e-06,1.8215959844062824e-06,0.0,0.00014729724761884877,6.199355346431351e-05,0.001,5.789996984573588e-05,5.198622021059621e-05,4.0811704666667986e-05,7.536366019022778e-05,7.696604485690433e-05
53930,1.8209880154009562e-06,1.8209880154009562e-06,0.0,0.00023072640263187134,4.7815469430523786e-05,0.001,0.0001544717731698007,0.00011064684327721918,5.77230022002412e-05,7.220573608576855e-05,7.6119400652412e-05
53940,1.8201192674480803e-06,1.8201192674480803e-06,0.0,0.00017425834384025536,4.2715429326833884e-05,0.001,0.00011804085566814904,8.430205784211935e-05,4.350131722433682e-05,5.295990694164176e-05,5.561818121316333e-05
53950,1.8192566631465383e-06,1.8192566631465383e-06,0.0,6.700229199636969e-05,3.795872457037992e-05,0.001,3.337580649586182e-05,2.8403203198808256e-05,1.989807370433614e-05,3.001814559612887e-05,2.9490769111875794e-05
53960,1.8186299664702114e-06,1.8186299664702114e-06,0.0,4.5727642673376205e-05,3.771331881851146e-05,0.001,2.434052486688599e-05,2.056335875094459e-05,1.3824400083073315e-05,1.9147712456567475e-05,1.8500026311214288e-05
53970,1.8180616233744839e-06,1.8180616233744839e-06,0.0,4.5672690471456146e-05,3.786655822503727e-05,0.001,3.245902074547122e-05,2.2675481389361704e-05,1.1408148211464189e-05,1.232845616081031e-05,1.251497344878262e-05
53980,1.817494797501465e-06,1.817494797501465e-06,0.0,2.669373583953761e-05,3.836220798298076e-05,0.001,1.6014239456061458e-05,1.3119100676611575e-05,7.940931880984886e-06,9.330097833653824e-06,8.980884024511684e-06
53990,1.816930667101812e-06,1.816930667101812e-06,0.0,2.067821063301779e-05,3.878992853862981e-05,0.001,1.4719567535284175e-05,9.995079762442938e-06,5.079189332094223e-06,5.988658838480728e-06,5.877887198267606e-06
54000,1.8163630299486427e-06,1.8163630299486427e-06,0.0,8.578312337313751e-06,3.9115235375382366e-05,0.001,3.5945432138336913e-06,3.7953283066842195e-06,2.8723409666912087e-06,3.8554789516868295e-06,3.6820025198179903e-06
54010,1.8157990664113743e-06,1.8157990664113743e-06,0.0,6.1310649091018906e-06,3.542823693504733e-05,0.0009000000000000001,2.296055062620371e-06,2.636270409473629e-06,2.2784850445015035e-06,2.8644247681933426e-06,2.5256073392092735e-06
54020,1.8152826831826245e-06,1.8152826831826245e-06,0.0,4.924406916866406e-06,3.566684516885804e-05,0.0009000000000000001,2.2697061089366064e-06,1.961425223157276e-06,1.770601151393668e-06,2.241227848708374e-06,1.9065265836774483e-06
54030,1.814762437092247e-06,1.814762437092247e-06,0.0,4.722190304688289e-06,3.5928553839373186e-05,0.0009000000000000001,2.5464035862053953e-06,1.864184485468661e-06,1.6205808213469146e-06,2.0221177662255826e-06,1.6780587947828229e-06
54040,1.8142381657334534e-06,1.8142381657334534e-06,0.0,4.6782162263548676e-06,3.620442863251509e-05,0.0009000000000000001,2.767990897865644e-06,1.85883891286682e-06,1.5455772314987088e-06,1.8905424501074503e-06,1.5345406472327257e-06
54050,1.8137098272021428e-06,1.8137098272021428e-06,0.0,4.717965994714434e-06,3.648507140577632e-05,0.0009000000000000001,3.087736287166542e-06,1.9058889999987008e-06,1.4640025986958219e-06,1.738138763835252e-06,1.370406193042912e-06
54060,1.8131774201299174e-06,1.8131774201299174e-06,0.0,4.889514082977317e-06,3.676691344989984e-05,0.0009000000000000001,3.4974561660226043e-06,2.031608012038724e-06,1.3926619414283839e-06,1.58219513240833e-06,1.2054799472997816e-06
54070,1.8126409352292018e-06,1.8126409352292018e-06,0.0,5.033247235017658e-06,3.7050100466382276e-05,0.0009000000000000001,3.7335936616778757e-06,2.1281822377230685e-06,1.3667095862203565e-06,1.5060630441856466e-06,1.1254843720417557e-06
54080,1.812100351701931e-06,1.812100351701931e-06,0.0,4.95611147828605e-06,3.733496132247927e-05,0.0009000000000000001,3.6183642895872724e-06,2.079367583822684e-06,1.3794331559318173e-06,1.5372122208624866e-06,1.1544392274560157e-06
54090,1.8115556621043359e-06,1.8115556621043359e-06,0.0,4.880202888681832e-06,3.762069121962219e-05,0.0009000000000000001,3.490611012667315e-06,2.029547019859246e-06,1.396173871192169e-06,1.5768183563723908e-06,1.1935714683131408e-06
54100,1.8110068550411413e-06,1.8110068550411413e-06,0.0,4.935711548446037e-06,3.790639130853655e-05,0.0009000000000000001,3.587001291604058e-06,2.0667946842820383e-06,1.383217732493036e-06,1.545414975942201e-06,1.161514606049633e-06
54110,1.8104539204224429e-06,1.8104539204224429e-06,0.0,4.921812784260106e-06,3.819262595012874e-05,0.0009000000000000001,3.563471084580015e-06,2.0574092865687847e-06,1.3857844901990646e-06,1.5532217580231502e-06,1.169632927490393e-06
54120,1.8098968474746319e-06,1.8098968474746319e-06,0.0,4.923203049637973e-06,3.847940864925271e-05,0.0009000000000000001,3.5653039054011e-06,2.058065669974106e-06,1.3851049803360315e-06,1.5531780762106153e-06,1.1699396698342629e-06
54130,1.8093356253001166e-06,1.8093356253001166e-06,0.0,4.920744087076999e-06,3.876696878472166e-05,0.0009000000000000001,3.560851608153527e-06,2.056264169828584e-06,1.385303148166351e-06,1.5549458229375856e-06,1.1719303108631876e-06
54140,1.80877024280745e-06,1.80877024280745e-06,0.0,4.929479242147353e-06,3.905541544008218e-05,0.0009000000000000001,3.5755979645651196e-06,2.062066795459665e-06,1.3831770778691044e-06,1.5503085120440556e-06,1.167203201476797e-06
54150,1.808200688698032e-06,1.808200688698032e-06,0.0,4.926194407566228e-06,3.934483737543461e-05,0.0009000000000000001,3.570416466015817e-06,2.0599996448598894e-06,1.3836618763461417e-06,1.551769009591341e-06,1.168458006859235e-06
54160,1.8076269514845368e-06,1.8076269514845368e-06,0.0,4.924735246878537e-06,3.963516565269563e-05,0.0009000000000000001,3.5682825059008413e-06,2.059143004709502e-06,1.383765134060549e-06,1.5522678134031603e-06,1.1687401901505817e-06
54170,1.807049019468239e-06,1.807049019468239e-06,0.0,4.921796981734329e-06,3.992639506988085e-05,0.0009000000000000001,3.563526912515238e-06,2.057248510656316e-06,1.3841662193259099e-06,1.5537055702164965e-06,1.170053934241596e-06
54180,1.8064668808711157e-06,1.8064668808711157e-06,0.0,4.8904446487403025e-06,4.0218651044663215e-05,0.0009000000000000001,3.509323481289008e-06,2.0363114809472124e-06,1.3912291505115306e-06,1.5712351522845983e-06,1.1876778547623978e-06
54190,1.8058805510866356e-06,1.8058805510866356e-06,0.0,4.6749828050886415e-06,4.0514244988243144e-05,0.0009000000000000001,2.745227408304123e-06,1.8660776776860247e-06,1.5670350414822535e-06,1.8932374271326753e-06,1.5192180642182614e-06
54200,1.8053042960476285e-06,1.8053042960476285e-06,0.0,3.7841693255815864e-05,4.102865208007301e-05,0.0009000000000000001,2.332836436922631e-05,1.8636884209213385e-05,1.1094195307423162e-05,1.291282486110409e-05,1.2366780262577693e-05
54210,1.82084738206433e-06,1.82084738206433e-06,0.0,0.0013103956499430397,0.00013364858945433183,0.0009000000000000001,0.000871843515569005,0.0006504273603704862,0.000358186569174036,0.0004031586396201103,0.00039185171150244244
54220,3.804966261784516e-05,3.804966261784516e-05,0.0,0.062217957790088284,0.006124451705682757,0.0009000000000000001,0.041512318598936726,0.030911115909860645,0.016963284225970904,0.019031723464707977,0.018499182366380835
54230,0.0003730920586790924,0.0003730920586790924,0.0,0.17778980282239018,0.014688640003018096,0.0009000000000000001,0.11149611655654086,0.08544374687771335,0.050330897436008465,0.061247529446282964,0.061030733927780766
54240,0.00010779211229543594,0.00010779211229543594,0.0,0.06353104920214855,0.0068284304500415855,0.0009000000000000001,0.03831340719521493,0.027914371087653038,0.01573949148308101,0.02379882814799114,0.026446582103212816
54250,5.098003601438219e-05,5.098003601438219e-05,0.0,0.031959174065807214,0.006273150577159799,0.0009000000000000001,0.010499028217833328,0.007897676765048293,0.006985725646732452,0.017463071048201967,0.01922482563630651
54260,1.2378779164891382e-05,1.2378779164891382e-05,0.0,0.0135714710265649,0.003931348127668503,0.0009000000000000001,0.0037488067559273562,0.0030493213021380917,0.0030539514955921863,0.00765602792983842,0.008271697951768214
54270,3.5894970402163724e-06,3.5894970402163724e-06,0.0,0.006719982549803023,0.0032752765885838966,0.0009000000000000001,0.003956744771693581,0.0030959800760192485,0.0019000091451590877,0.0025868888822337768,0.0025225619695328797
54280,2.1844516094655654e-06,2.1844516094655654e-06,0.0,0.003967894588186163,0.002374755178338884,0.0009000000000000001,0.002594827001164398,0.0018565784247424307,0.0009611744294253801,0.0013155459893548088,0.001401005776524938
54290,2.099268959587438e-06,2.099268959587438e-06,0.0,0.0024976577443791767,0.0010353639681548396,0.0009000000000000001,0.0007159835607585651,0.0005784026766537217,0.000563368951533244,0.0014080718191014994,0.0015054843822680242
54300,2.038039023655067e-06,2.038039023655067e-06,0.0,0.0022557097437950883,0.0005817057885781111,0.0009000000000000001,0.0007079471157594998,0.0006626465092587039,0.0005941719499931771,0.0012375983526593333,0.0012761691328056005
55560,0.05669113087029232,0.05669113087029232,0.0,3.3382802157478437,0.06253938534652964,0.001,2.6212121192924323,1.4567005060239335,0.8070908910419948,0.7921320675084096,0.6809049892355421
55570,0.0046402108717673975,0.0046402108717673975,0.0,0.7230106494213305,0.025337408639419124,0.001,0.5450936221722108,0.3066263060940262,0.18307879936936622,0.2013295863552632,0.18001882950713474
55580,0.0025737053138084973,0.0025737053138084973,0.0,0.48333907931005493,0.010209852180177765,0.001,0.35438220285455485,0.20630330337110536,0.1295062679938275,0.14198880365010863,0.126440347856833
55590,0.000616319541604769,0.000616319541604769,0.0,0.12842193046000747,0.007990555129565374,0.001,0.08462844167438655,0.04627049134803893,0.029410045921462864,0.04997201754085327,0.04957530661062909
55600,0.000577460421953481,0.000577460421953481,0.0,0.157991969629091,0.003284626304411343,0.001,0.11705147502092425,0.06438962712669095,0.039066972230990045,0.04721777981176812,0.04396983503701406
55610,0.00024964547868821325,0.00024964547868821325,0.0,0.017719878694477623,0.00411378942886144,0.001,0.008893896235593567,0.007712959304063144,0.004838455379255742,0.0076015771476301225,0.0077741511384127925
55620,0.0002447167460096266,0.0002447167460096266,0.0,0.04897336103165168,0.0030737520993876417,0.001,0.035047786864605336,0.01908298717683578,0.011687532658709076,0.016013238970897785,0.015626858472365814
55630,0.00019654399973626933,0.00019654399973626933,0.0,0.039991572770910984,0.002700480299850241,0.001,0.02963427685990063,0.016105055910263014,0.009548701222164155,0.011932104814115808,0.011357666633564727
55640,0.00015327053982060686,0.00015327053982060686,0.0,0.025901145257520207,0.0026736645655156474,0.001,0.0193752881866984,0.01058470786374258,0.006209631606236406,0.007440200940979338,0.007020763655371447
55650,0.000120540362699998,0.000120540362699998,0.0,0.01665707420120927,0.002637379250368076,0.001,0.012463823247164482,0.006855970580110297,0.004021908542710403,0.004725199671109096,0.00446226473035123
55660,9.379317105689982e-05,9.379317105689982e-05,0.0,0.007595963107253726,0.002560247300413201,0.001,0.005473288853476502,0.0031445038132740374,0.0019298728552421612,0.0023291781564354925,0.0022043382372491428
55670,7.264781617147642e-05,7.264781617147642e-05,0.0,0.003142625736691348,0.0024398192386955223,0.001,0.0023326480749148943,0.0011915940828825266,0.0006937398411297918,0.0010914854264434174,0.0010722658987388687
55680,5.5652828163663794e-05,5.5652828163663794e-05,0.0,0.003836285537285071,0.0023197117232652133,0.001,0.003054339100835076,0.0014996942168974208,0.0007737402011082986,0.001067279946462832,0.0010511495610697943
55690,4.186995381174233e-05,4.186995381174233e-05,0.0,0.0026621141091887415,0.0021504355544589428,0.001,0.0017234707264461987,0.0011145301052769686,0.000781938940851237,0.000952110531387183,0.0009128071120165048
55700,3.101209872933297e-05,3.101209872933297e-05,0.0,0.0014202965277537061,0.001977537032061806,0.001,0.0009508916246258193,0.0004965547609448501,0.0003663431872322783,0.0005988500577881268,0.0005925873972820772
55710,2.2653739168923065e-05,2.2653739168923065e-05,0.0,0.0010436638943379384,0.0018040012193234832,0.001,0.0004915393145595177,0.0003697620395198249,0.0003361104972086284,0.000524511569912853,0.0005182750407051133
55720,1.6343349450043778e-05,1.6343349450043778e-05,0.0,0.0009947878132027773,0.0016166355524754221,0.001,0.0006621610956353756,0.0003352881752382704,0.0002576022686740893,0.00042882451856234054,0.00042390661377149304
55730,1.1683306627256112e-05,1.1683306627256112e-05,0.0,0.0007611211736493725,0.0014316849939197281,0.001,0.00036257311723254646,0.00027315259103680633,0.000245013333308048,0.0003750226252439477,0.00037241841657744806
55740,8.320055226585254e-06,8.320055226585254e-06,0.0,0.0006545270435786006,0.0012510966242522453,0.001,0.0004172034402200153,0.000213670152463942,0.0001762924563712249,0.0002942707726031375,0.00029199929903145014
55750,5.950338929169697e-06,5.950338929169697e-06,0.0,0.0005194896303517578,0.001076116872609788,0.001,0.0003195517489574625,0.000167657064979211,0.00014374079895281965,0.0002407564467661064,0.00023863730162010098
55760,4.3201772602462035e-06,4.3201772602462035e-06,0.0,0.0003902886816902481,0.0009130875582718773,0.001,0.00019964906575855017,0.00012800702547807993,0.00012041039501824058,0.0001964286271271842,0.00019476673125698077
55770,3.2256989981778857e-06,3.2256989981778857e-06,0.0,0.0003103836583740706,0.0007640305588241836,0.001,0.00015553712468906636,0.00010282070737896521,9.702590793839023e-05,0.00015692228763389333,0.00015531067024212135
55780,2.5085757980087656e-06,2.5085757980087656e-06,0.0,0.000245750245072746,0.0006302971872769768,0.001,0.0001293675494138187,7.980656676678383e-05,7.5004057796661e-05,0.00012309109247716886,0.0001216485167263049
55790,2.050048092885415e-06,2.050048092885415e-06,0.0,0.00019363681862907944,0.000512675583644368,0.001,0.00010624216266891564,6.218401864808065e-05,5.791567319104834e-05,9.569180878755081e-05,9.444835230179981e-05
55800,1.7639059707458102e-06,1.7639059707458102e-06,0.0,0.0001499088956325692,0.00041126432092184406,0.001,8.351169452101379e-05,4.801512799767242e-05,4.45614631332612e-05,7.365552897249935e-05,7.258592152378515e-05
55810,1.5896039586187745e-06,1.5896039586187745e-06,0.0,0.00011405577059581016,0.00032551194556512593,0.001,6.355130810425506e-05,3.6587211710076405e-05,3.399384708180608e-05,5.60639688616828e-05,5.5146518163747814e-05
55820,1.4859466983042706e-06,1.4859466983042706e-06,0.0,8.576635957259877e-05,0.0002542575623542725,0.001,4.764923139800162e-05,2.7586231496149852e-05,2.570160507694673e-05,4.217794610787119e-05,4.142169773793323e-05
55830,1.4257515670035763e-06,1.4257515670035763e-06,0.0,6.392781015682476e-05,0.0001960558380657828,0.001,3.567542539720356e-05,2.057843548069888e-05,1.9178136920951948e-05,3.1360099649665525e-05,3.0751703357606665e-05
55840,1.3916083780710462e-06,1.3916083780710462e-06,0.0,4.7136452064794294e-05,0.00014929349883011615,0.001,2.645072358648127e-05,1.5217758403100371e-05,1.4174691592782844e-05,2.30309612120854e-05,2.2543969410178708e-05
55850,1.3726837925916621e-06,1.3726837925916621e-06,0.0,3.448314866129101e-05,0.0001123264084721804,0.001,1.964785320832501e-05,1.11620138626261e-05,1.0352250743194313e-05,1.6701935737086464e-05,1.6312511209075782e-05
55860,1.3624242132266657e-06,1.3624242132266657e-06,0.0,2.513501325605826e-05,8.357957053397309e-05,0.001,1.4766698630688078e-05,8.141491094109526e-06,7.475238073331973e-06,1.1960551162928434e-05,1.1651770177544405e-05
55870,1.3569730960080192e-06,1.3569730960080192e-06,0.0,1.8259562796672366e-05,6.16120436850285e-05,0.001,1.1150857433236356e-05,5.931499989621211e-06,5.359334344698528e-06,8.463828793783198e-06,8.217938269818129e-06
55880,1.3541220481510307e-06,1.3541220481510307e-06,0.0,1.3237695059261637e-05,4.516526483914787e-05,0.001,8.410406383095299e-06,4.339976891792211e-06,3.839288098360974e-06,5.926937245327415e-06,5.73034583798545e-06
55890,1.3526402863143576e-06,1.3526402863143576e-06,0.0,9.691716822762505e-06,3.317722919751678e-05,0.001,6.448852990061435e-06,3.231528262375088e-06,2.765916708340517e-06,4.119425489701657e-06,3.961467760586778e-06
55900,1.351860241105251e-06,1.351860241105251e-06,0.0,7.308160868470941e-06,2.4780569529866468e-05,0.001,5.136415819891858e-06,2.4982964708687547e-06,2.0295248766280955e-06,2.8647843922596997e-06,2.7362148823663914e-06
55910,1.3514296173240706e-06,1.3514296173240706e-06,0.0,5.791678034073247e-06,1.925704210080544e-05,0.001,4.289298711313601e-06,2.042171907416996e-06,1.548785876590142e-06,2.0319480480631e-06,1.9272270220471763e-06
55920,1.3511676152555198e-06,1.3511676152555198e-06,0.0,4.868041958753311e-06,1.595651150227209e-05,0.001,3.734271847119448e-06,1.7751146731006437e-06,1.2558910287742813e-06,1.5157691040376126e-06,1.4335329644929516e-06
55930,1.350984067498699e-06,1.350984067498699e-06,0.0,4.339022070923953e-06,1.4235403979310804e-05,0.001,3.382102655838792e-06,1.6272318161818377e-06,1.0893542646283792e-06,1.2293773936760205e-06,1.1694821576220084e-06
55940,1.3508353208128315e-06,1.3508353208128315e-06,0.0,4.057042657732066e-06,1.3495772493055035e-05,0.001,3.1692158296593095e-06,1.5502071231964232e-06,1.0024471805017215e-06,1.0944428639723587e-06,1.053891191111042e-06
55950,1.3507008870011539e-06,1.3507008870011539e-06,0.0,3.906117848627849e-06,1.3283777797534009e-05,0.001,3.0375019726339687e-06,1.5097468075768241e-06,9.582541831080237e-07,1.0401026157452662e-06,1.0141123487097694e-06
55960,1.350571461035488e-06,1.350571461035488e-06,0.0,3.825608279916805e-06,1.3322602589167269e-05,0.001,2.957069890772039e-06,1.4884309569850907e-06,9.360723574852474e-07,1.022259730280749e-06,1.0059136754656857e-06
55970,1.350442963720554e-06,1.350442963720554e-06,0.0,3.782822618199407e-06,1.3469024425546615e-05,0.001,2.9084422854910554e-06,1.4771708524922047e-06,9.252672495858624e-07,1.0189951502092801e-06,1.0085655757617038e-06
55980,1.3503136751337774e-06,1.3503136751337774e-06,0.0,3.7588791266994307e-06,1.3656807488070849e-05,0.001,2.87904169136039e-06,1.470870988037298e-06,9.194765557964045e-07,1.0196538776143052e-06,1.0128228060633346e-06
55990,1.3501829018060197e-06,1.3501829018060197e-06,0.0,3.745846290511355e-06,1.3857979485359614e-05,0.001,2.861676676192663e-06,1.4674453904283414e-06,9.166128173700096e-07,1.0213766010585084e-06,1.0166175942209096e-06
56000,1.3500503791717564e-06,1.3500503791717564e-06,0.0,3.738460839319556e-06,1.4061802911706397e-05,0.001,2.851570465639199e-06,1.465470525358094e-06,9.150164307630107e-07,1.0226974983492213e-06,1.0191279683166554e-06
56010,1.3499160139586413e-06,1.3499160139586413e-06,0.0,3.7344943165007944e-06,1.426474305650835e-05,0.001,2.845899295865763e-06,1.4643917722203555e-06,9.14243605261852e-07,1.0236576497640202e-06,1.0207180082065762e-06
56020,1.349779777790948e-06,1.349779777790948e-06,0.0,3.732340692876753e-06,1.4466016904117949e-05,0.001,2.842828576684517e-06,1.4637743805472048e-06,9.138366625347263e-07,1.0242134500728581e-06,1.0215895717770065e-06
56030,1.3496416653048298e-06,1.3496416653048298e-06,0.0,3.7312824994631084e-06,1.4665744707725829e-05,0.001,2.8412659334741277e-06,1.4634414585894395e-06,9.136832411368534e-07,1.0245630609626417e-06,1.0220641013539923e-06
56040,1.3495016785461267e-06,1.3495016785461267e-06,0.0,3.730776554788738e-06,1.4864253862606445e-05,0.001,2.8405346444375807e-06,1.4632483526656102e-06,9.13634408575646e-07,1.024752512642936e-06,1.0222782182105086e-06
56050,1.3493598215322221e-06,1.3493598215322221e-06,0.0,3.7305873622106707e-06,1.5061849479195225e-05,0.001,2.840244142642812e-06,1.4631367448380547e-06,9.136594979492775e-07,1.024877283445285e-06,1.022371292633646e-06
56060,1.3492160985128425e-06,1.3492160985128425e-06,0.0,3.730541008114278e-06,1.5258760956955482e-05,0.001,2.8401691445889723e-06,1.4630610755021338e-06,9.137126252411648e-07,1.0249602212676831e-06,1.0223957008057096e-06
56070,1.3490705134805417e-06,1.3490705134805417e-06,0.0,3.7305587414322715e-06,1.545514838828695e-05,0.001,2.8401875882125458e-06,1.4630009037407466e-06,9.137797972378425e-07,1.0250273569998466e-06,1.0223920284161111e-06
56080,1.348923070064155e-06,1.348923070064155e-06,0.0,3.7306007296546094e-06,1.5651120936691647e-05,0.001,2.8402384177222674e-06,1.4629465653806632e-06,9.138539335483311e-07,1.0250912008773912e-06,1.0223799546077924e-06
56090,1.3487737715237759e-06,1.3487737715237759e-06,0.0,3.7306436101381904e-06,1.5846754483903617e-05,0.001,2.840292277581344e-06,1.4628915573890865e-06,9.139283490970065e-07,1.025154300568193e-06,1.0223660623225231e-06
56100,1.3486226207661061e-06,1.3486226207661061e-06,0.0,3.730681694647106e-06,1.6042104470329634e-05,0.001,2.840338666571072e-06,1.4628347025359987e-06,9.140027169658844e-07,1.025219787694803e-06,1.022354535931633e-06
56110,1.348469620360678e-06,1.348469620360678e-06,0.0,3.7307134233004174e-06,1.6237214227399225e-05,0.001,2.8403749919708086e-06,1.462775474289073e-06,9.140767654144519e-07,1.0252883605768405e-06,1.0223463983093634e-06
56120,1.348314772554235e-06,1.348314772554235e-06,0.0,3.7307391352928658e-06,1.6432120152138992e-05,0.001,2.8404024795640457e-06,1.4627139656850505e-06,9.1415031597269e-07,1.0253593704763183e-06,1.0223408960512057e-06
56130,1.3481580792834364e-06,1.3481580792834364e-06,0.0,3.730760500300492e-06,1.66268547605306e-05,0.001,2.8404234698888974e-06,1.4626506342843812e-06,9.142237573374182e-07,1.025432454815234e-06,1.0223373674198862e-06
56140,1.3479995421866076e-06,1.3479995421866076e-06,0.0,3.7307791503352915e-06,1.6821448319162847e-05,0.001,2.840440158626686e-06,1.462585876813327e-06,9.14297480478365e-07,1.025507340776632e-06,1.0223352659586355e-06
56150,1.3478391626145355e-06,1.3478391626145355e-06,0.0,3.730796300082716e-06,1.7015929705533376e-05,0.001,2.8404543305277467e-06,1.4625200217803586e-06,9.143717378925951e-07,1.0255836981347612e-06,1.0223340402362506e-06
56160,1.3476769416407674e-06,1.3476769416407674e-06,0.0,3.7308127642175397e-06,1.721032682975209e-05,0.001,2.840467214881326e-06,1.4624532820081052e-06,9.144466839537204e-07,1.0256612817504268e-06,1.0223332971327188e-06
56170,1.3475128800711568e-06,1.3475128800711568e-06,0.0,3.7308290722364555e-06,1.7404666810132018e-05,0.001,2.8404795853894375e-06,1.4623857935745172e-06,9.145224255775409e-07,1.0257399524482825e-06,1.0223328035360425e-06
56180,1.3473469784529303e-06,1.3473469784529303e-06,0.0,3.7308455473320226e-06,1.75989760381199e-05,0.001,2.840491899872419e-06,1.4623176465833156e-06,9.145990346034388e-07,1.0258196347689165e-06,1.0223324256935137e-06
56190,1.3471792370831561e-06,1.3471792370831561e-06,0.0,3.7308623597232853e-06,1.779328019775029e-05,0.001,2.8405043967556745e-06,1.4622488889303779e-06,9.146765486770883e-07,1.0259002912110561e-06,1.0223320955505433e-06
56200,1.3470096560167355e-06,1.3470096560167355e-06,0.0,3.7308795882146587e-06,1.798760427075487e-05,0.001,2.8405171838338107e-06,1.4621795436107471e-06,9.147549850566685e-07,1.0259819065634684e-06,1.0223317837656667e-06
56210,1.3468382350738997e-06,1.3468382350738997e-06,0.0,3.7308972637998672e-06,1.818197254424792e-05,0.001,2.840530301121413e-06,1.4621096222959583e-06,9.148343508995241e-07,1.0260644764567516e-06,1.022331479918315e-06
56220,1.3466649738473242e-06,1.3466649738473242e-06,0.0,3.730915394712153e-06,1.837640862497414e-05,0.001,2.8405437552198073e-06,1.4620391303926334e-06,9.149146486564401e-07,1.0261480028321803e-06,1.022331183983096e-06
56230,1.3464898717087844e-06,1.3464898717087844e-06,0.0,3.7309339809662704e-06,1.8570935460241902e-05,0.001,2.8405575400267913e-06,1.4619680708524107e-06,9.14995879280432e-07,1.026232490506065e-06,1.0223309003191019e-06
56240,1.346312927815419e-06,1.346312927815419e-06,0.0,3.7309530214455343e-06,1.8765575363935824e-05,0.001,2.84057164769069e-06,1.4618964464083185e-06,9.15078043646887e-07,1.0263179447189164e-06,1.0223306338029605e-06
56250,1.346134141115724e-06,1.346134141115724e-06,0.0,3.7309725164828043e-06,1.8960350045671477e-05,0.001,2.8405860726203536e-06,1.461824260113794e-06,9.15161142956045e-07,1.02640437029802e-06,1.0223303885280059e-06
56260,1.345953510355057e-06,1.345953510355057e-06,0.0,3.7309924692762255e-06,1.9155280641225403e-05,0.001,2.8406008126230194e-06,1.4617515157566212e-06,9.152451793520488e-07,1.0264917719998645e-06,1.0223301679416423e-06
56270,1.3457710340810418e-06,1.3457710340810418e-06,0.0,3.7310128840040866e-06,1.9350387742820683e-05,0.001,2.8406158681894787e-06,1.4616782171616772e-06,9.153301547618121e-07,1.026580153471064e-06,1.0223299740697867e-06
56280,1.3455867106484666e-06,1.3455867106484666e-06,0.0,3.7310337675486628e-06,1.9545691428630605e-05,0.001,2.8406312423980737e-06,1.461604369055806e-06,9.15416072289302e-07,1.0266695187330666e-06,1.0223298087671534e-06
56290,1.3454005382240746e-06,1.3454005382240746e-06,0.0,3.7310551269962427e-06,1.974121129068932e-05,0.001,2.840646939500198e-06,1.4615299760491883e-06,9.155029348038147e-07,1.0267598711756645e-06,1.0223296730882387e-06
56300,1.3452125147909788e-06,1.3452125147909788e-06,0.0,3.7310769711037824e-06,1.9936966461581934e-05,0.001,2.8406629645740716e-06,1.4614550431578715e-06,9.155907461248799e-07,1.0268512150868224e-06,1.0223295687015432e-06
56310,1.345022638152901e-06,1.345022638152901e-06,0.0,3.731099307704792e-06,2.0132975639057055e-05,0.001,2.8406793229246384e-06,1.4613795750294e-06,9.156795093760653e-07,1.0269435538657341e-06,1.022329496382936e-06
56320,1.3448309059381936e-06,1.3448309059381936e-06,0.0,3.7311221451713246e-06,2.0329257109546196e-05,0.001,2.840696020314646e-06,1.4613035765852199e-06,9.157692280238167e-07,1.0270368910593327e-06,1.022329456861347e-06
56330,1.3446373156035901e-06,1.3446373156035901e-06,0.0,3.7311454922159036e-06,2.052582876990366e-05,0.001,2.8407130624177638e-06,1.4612270527030155e-06,9.158599058155551e-07,1.0271312306808532e-06,1.022329451251999e-06
56340,1.344441864437795e-06,1.344441864437795e-06,0.0,3.7311693580728884e-06,2.072270814809368e-05,0.001,2.840730454882311e-06,1.46115000832885e-06,9.1595154691362e-07,1.0272265772888e-06,1.0223294810737783e-06
56350,1.3442445495648466e-06,1.3442445495648466e-06,0.0,3.7311937514132456e-06,2.0919912422487643e-05,0.001,2.84074820355591e-06,1.461072448347242e-06,9.160441551076411e-07,1.027322934846456e-06,1.0223295472146308e-06
56360,1.3440453679474183e-06,1.3440453679474183e-06,0.0,3.7312186801484073e-06,2.111745844006055e-05,0.001,2.8407663139720873e-06,1.4609943772172969e-06,9.161377337380321e-07,1.0274203070089114e-06,1.022329650298233e-06
56370,1.3438443163897544e-06,1.3438443163897544e-06,0.0,3.73124415398363e-06,2.131536273377267e-05,0.001,2.840784792133133e-06,1.4609158000740677e-06,9.162322873764087e-07,1.0275186986384832e-06,1.0223297918263676e-06
56380,1.3436413915406176e-06,1.3436413915406176e-06,0.0,3.7312701823758215e-06,2.151364153872595e-05,0.001,2.840803643973222e-06,1.4608367218914458e-06,9.163278204571853e-07,1.0276181145201195e-06,1.0223299732050746e-06
56390,1.3434365898959916e-06,1.3434365898959916e-06,0.0,3.7312967734456213e-06,2.1712310807652803e-05,0.001,2.84082287514058e-06,1.4607571470811709e-06,9.164243365582067e-07,1.0277185585939722e-06,1.0223301950772974e-06
56400,1.34322990780167e-06,1.34322990780167e-06,0.0,3.731323937064031e-06,2.191138622549758e-05,0.001,2.840842491883604e-06,1.4606770807870208e-06,9.165218404199277e-07,1.0278200358660269e-06,1.0223304588604454e-06
56410,1.3430213414557214e-06,1.3430213414557214e-06,0.0,3.7313516826346414e-06,2.2110883223281285e-05,0.001,2.8408625002077904e-06,1.4605965278319647e-06,9.166203365180352e-07,1.0279225512170108e-06,1.0223307658423565e-06
56420,1.3428108869107855e-06,1.3428108869107855e-06,0.0,3.731380019724348e-06,2.2310816991215618e-05,0.001,2.840882906211783e-06,1.4605154930718432e-06,9.167198294493523e-07,1.0280261096595828e-06,1.0223311173652472e-06
56430,1.342598540076325e-06,1.342598540076325e-06,0.0,3.7314089573318562e-06,2.2511202491181813e-05,0.001,2.8409037160224787e-06,1.4604339811851436e-06,9.168203234459045e-07,1.0281307157429877e-06,1.0223315142751842e-06
56440,1.3423842967206241e-06,1.3423842967206241e-06,0.0,3.731438505829827e-06,2.271205446862132e-05,0.001,2.8409249360457334e-06,1.4603519972949473e-06,9.169218236700269e-07,1.028236375038947e-06,1.0223319582285098e-06
56450,1.3421681524728321e-06,1.3421681524728321e-06,0.0,3.7314686744767587e-06,2.291338746368683e-05,0.001,2.8409465725670065e-06,1.4602695461260966e-06,9.170243345559869e-07,1.0283430923136309e-06,1.0223324501254158e-06
56460,1.341950102824802e-06,1.341950102824802e-06,0.0,3.7314994736891895e-06,2.3115215822089917e-05,0.001,2.8409686320514786e-06,1.4601866327332834e-06,9.171278613260318e-07,1.0284508732575835e-06,1.022332991617679e-06
56470,1.3417301431328512e-06,1.3417301431328512e-06,0.0,3.731530913050404e-06,2.331755370523626e-05,0.001,2.840991120963158e-06,1.4601032619217085e-06,9.172324086556348e-07,1.0285597228875793e-06,1.0223335836863242e-06
56480,1.341508268619447e-06,1.341508268619447e-06,0.0,3.7315630035043494e-06,2.3520415100003885e-05,0.001,2.8410140459322445e-06,1.4600194388648535e-06,9.173379821514343e-07,1.0286696473212856e-06,1.0223342281934132e-06
56490,1.3412844743747833e-06,1.3412844743747833e-06,0.0,3.7315957544778926e-06,2.3723813827951318e-05,0.001,2.841037413565998e-06,1.4599351683088918e-06,9.174445863917774e-07,1.0287806514444816e-06,1.0223349258956762e-06
56500,1.3410587553582352e-06,1.3410587553582352e-06,0.0,3.7316291770179578e-06,2.3927763554166634e-05,0.001,2.841061230524506e-06,1.4598504553676893e-06,9.17552227079835e-07,1.0288927415634195e-06,1.022335678723903e-06
56510,1.3408311063998355e-06,1.3408311063998355e-06,0.0,3.7316632801845918e-06,2.4132277795847275e-05,0.001,2.841085503584344e-06,1.4597653047089589e-06,9.176609085625856e-07,1.0290059222019611e-06,1.022336486953072e-06
56520,1.340601522201547e-06,1.340601522201547e-06,0.0,3.7316980767312914e-06,2.4337369930201724e-05,0.001,2.841110239831554e-06,1.4596797220027055e-06,9.17770637681203e-07,1.0291202009013301e-06,1.0223373534363768e-06
56530,1.3403699973385328e-06,1.3403699973385328e-06,0.0,3.731733576389999e-06,2.4543053202297997e-05,0.001,2.8411354460585434e-06,1.4595937119832466e-06,9.178814192607813e-07,1.0292355828832897e-06,1.0223382789822517e-06
56540,1.3401365262603534e-06,1.3401365262603534e-06,0.0,3.7317697905572663e-06,2.474934073236265e-05,0.001,2.841161129361822e-06,1.4595072799126428e-06,9.179932592430746e-07,1.029352074602704e-06,1.022339265360931e-06
56550,1.3399011032920349e-06,1.3399011032920349e-06,0.0,3.731806729422393e-06,2.495624552295211e-05,0.001,2.841187296772585e-06,1.4594204306854978e-06,9.181061627615934e-07,1.0294696815820527e-06,1.0223403135020736e-06
56560,1.3396661052861464e-06,1.3396661052861464e-06,0.0,3.7318417218609883e-06,2.2647393659446974e-05,0.0009000000000000001,2.8412144691126955e-06,1.4593340152698804e-06,9.18217341232848e-07,1.0295844959421707e-06,1.022338829961985e-06
56570,1.3394506982762114e-06,1.3394506982762114e-06,0.0,3.7318774116540984e-06,2.2834346432005636e-05,0.0009000000000000001,2.8412373632001193e-06,1.4592560753129738e-06,9.183221194366304e-07,1.029694330503448e-06,1.0223415179193036e-06
56580,1.3392335247119505e-06,1.3392335247119505e-06,0.0,3.7319098270990008e-06,2.302158114184709e-05,0.0009000000000000001,2.8412592485586133e-06,1.4591767058229847e-06,9.184255631960999e-07,1.0298027924825429e-06,1.0223421112604772e-06
56590,1.3390145800395138e-06,1.3390145800395138e-06,0.0,3.7319452904499337e-06,2.320929572940512e-05,0.0009000000000000001,2.841282400757262e-06,1.4590973659020793e-06,9.185314037823117e-07,1.029913779683764e-06,1.0223441988742258e-06
56600,1.3387938590848327e-06,1.3387938590848327e-06,0.0,3.731980488101807e-06,2.339756750793454e-05,0.0009000000000000001,2.841306926448635e-06,1.4590171394278873e-06,9.186373119453773e-07,1.0300243739129995e-06,1.0223452430945863e-06
56610,1.3385713563885548e-06,1.3385713563885548e-06,0.0,3.7320177340188454e-06,2.3586430092051374e-05,0.0009000000000000001,2.841332738440847e-06,1.4589367591855292e-06,9.187448939818465e-07,1.0301366090188476e-06,1.0223469185669402e-06
56620,1.3383470663242004e-06,1.3383470663242004e-06,0.0,3.732055429476526e-06,2.3775901381730888e-05,0.0009000000000000001,2.841359299529364e-06,1.4588558511589612e-06,9.188531873549418e-07,1.030249475037808e-06,1.0223482762220422e-06
56630,1.3381209831400407e-06,1.3381209831400407e-06,0.0,3.7320939597899167e-06,2.3965994131951847e-05,0.0009000000000000001,2.841386462078912e-06,1.4587746187726914e-06,9.189625074605084e-07,1.0303633920955674e-06,1.0223496645867589e-06
56640,1.3378931009742225e-06,1.3378931009742225e-06,0.0,3.732133379658494e-06,2.4156719616595012e-05,0.0009000000000000001,2.8414141560120932e-06,1.4586931178516673e-06,9.190729218077165e-07,1.0304784525345334e-06,1.0223511760022314e-06
56650,1.337663413860468e-06,1.337663413860468e-06,0.0,3.7321734300484947e-06,2.4348088789504318e-05,0.0009000000000000001,2.841442301832004e-06,1.4586112567546135e-06,9.191842790048638e-07,1.0305944964070528e-06,1.0223526853688553e-06
56660,1.337431915730303e-06,1.337431915730303e-06,0.0,3.7322141734467647e-06,2.454011249349885e-05,0.0009000000000000001,2.841470892691868e-06,1.4585290347969866e-06,9.192966269734834e-07,1.0307115894405591e-06,1.0223542586864684e-06
56670,1.3371986004142308e-06,1.3371986004142308e-06,0.0,3.7322556566599114e-06,2.4732801425092647e-05,0.0009000000000000001,2.8414999526775625e-06,1.458446464931158e-06,9.194099934828781e-07,1.030829759260581e-06,1.0223559228302413e-06
56680,1.3369634616422905e-06,1.3369634616422905e-06,0.0,3.732297870305535e-06,2.492616613542625e-05,0.0009000000000000001,2.8415294939198875e-06,1.4583635450856317e-06,9.195243690138126e-07,1.030948992531637e-06,1.022357662179041e-06
56690,1.336726493044645e-06,1.336726493044645e-06,0.0,3.732340819496501e-06,2.5120217067164573e-05,0.0009000000000000001,2.841559523357003e-06,1.4582802768265793e-06,9.196397546475049e-07,1.0310692911450561e-06,1.0223594713494854e-06
56700,1.3364876881518402e-06,1.3364876881518402e-06,0.0,3.732384526127115e-06,2.531496459179737e-05,0.0009000000000000001,2.841590054333484e-06,1.4581966705296246e-06,9.197561618297397e-07,1.0311906658155217e-06,1.0223613534312544e-06
56710,1.3362470403952264e-06,1.3362470403952264e-06,0.0,3.7324290056211383e-06,2.5510419040342947e-05,0.0009000000000000001,2.841621097809893e-06,1.4581127335974077e-06,9.198735984349486e-07,1.0313131234574745e-06,1.0223633091362903e-06
56720,1.336004543107211e-06,1.336004543107211e-06,0.0,3.732474269313044e-06,2.570659071917406e-05,0.0009000000000000001,2.841652661324842e-06,1.458028470288156e-06,9.199920705123796e-07,1.0314366703505372e-06,1.022365339289782e-06
56730,1.3357601895215227e-06,1.3357601895215227e-06,0.0,3.732520329771744e-06,2.5903489911832537e-05,0.0009000000000000001,2.8416847534465442e-06,1.4579438859207976e-06,9.201115849193933e-07,1.031561313228853e-06,1.0223674456664046e-06
56740,1.335513972773439e-06,1.335513972773439e-06,0.0,3.732567196163842e-06,2.6101126878239224e-05,0.0009000000000000001,2.84171738107924e-06,1.4578589843561972e-06,9.202321465921117e-07,1.0316870573504209e-06,1.0223696287810278e-06
56750,1.3352658858999983e-06,1.3352658858999983e-06,0.0,3.7326148802763634e-06,2.6299511854796958e-05,0.0009000000000000001,2.841750551138816e-06,1.4577737702664933e-06,9.203537622553316e-07,1.0318139102853413e-06,1.0223718909893716e-06
56760,1.3350159218401478e-06,1.3350159218401478e-06,0.0,3.7326633929088816e-06,2.6498655055417413e-05,0.0009000000000000001,2.841784270761817e-06,1.4576882483185993e-06,9.204764379088394e-07,1.0319418786020243e-06,1.022374233696761e-06
56770,1.3347640734348768e-06,1.3347640734348768e-06,0.0,3.732712745176157e-06,2.6698566674822627e-05,0.0009000000000000001,2.841818547065315e-06,1.4576024231817542e-06,9.206001797591616e-07,1.032070969171977e-06,1.0223766584411133e-06
56780,1.3345103334273423e-06,1.3345103334273423e-06,0.0,3.7327629499662306e-06,2.6899256891693865e-05,0.0009000000000000001,2.8418533876021602e-06,1.4575163000641368e-06,9.207249951077577e-07,1.0322011900876805e-06,1.0223791677777836e-06
56790,1.3342546944629425e-06,1.3342546944629425e-06,0.0,3.7328140172335977e-06,2.7100735871640103e-05,0.0009000000000000001,2.8418887997355215e-06,1.4574298833370813e-06,9.20850889314103e-07,1.0323325470880447e-06,1.0223817621922672e-06
56800,1.333997149089377e-06,1.333997149089377e-06,0.0,3.73286596034195e-06,2.7303013770099572e-05,0.0009000000000000001,2.8419247911828787e-06,1.4573431782530383e-06,9.209778699560644e-07,1.0324650486323742e-06,1.0223844444899807e-06
56810,1.3337376897566294e-06,1.3337376897566294e-06,0.0,3.7329187908597952e-06,2.7506100734737545e-05,0.0009000000000000001,2.841961369767312e-06,1.4572561897118465e-06,9.211059433978389e-07,1.0325987015662849e-06,1.0223872160170535e-06
56820,1.333476308817094e-06,1.333476308817094e-06,0.0,3.732972520935731e-06,2.7710006907933495e-05,0.0009000000000000001,2.8419985432844417e-06,1.4571689226925707e-06,9.212351164043971e-07,1.0327335132939344e-06,1.0223900785216338e-06
56830,1.3332129985254272e-06,1.3332129985254272e-06,0.0,3.733027162983826e-06,2.791474242914672e-05,0.0009000000000000001,2.8420363198424956e-06,1.4570813824014462e-06,9.213653958660174e-07,1.0328694912323639e-06,1.022393033719129e-06
56840,1.3329477510385596e-06,1.3329477510385596e-06,0.0,3.733082731181026e-06,2.8120317437307622e-05,0.0009000000000000001,2.842074707448051e-06,1.4569935743226926e-06,9.214967898406595e-07,1.0330066444852775e-06,1.0223960848243453e-06
56850,1.3326805584156166e-06,1.3326805584156166e-06,0.0,3.7331392326198963e-06,2.832674207288286e-05,0.0009000000000000001,2.842113713508514e-06,1.4569055020685928e-06,9.216293017916444e-07,1.0331449764988327e-06,1.0223992300367453e-06
58110,0.0455038360356435,0.0455038360356435,0.0,3.2540137460061302,0.0610345762626345,0.001,2.669718976233778,1.3723362210821675,0.6657555077203221,0.6522105644458468,0.5998730943597046
58120,0.0036141183056830092,0.0036141183056830092,0.0,0.6301016107643441,0.028605890706697765,0.001,0.4946907329008318,0.26228734543048515,0.13392945957374883,0.15328224741873786,0.15260781179687818
58130,0.0019206762901575146,0.0019206762901575146,0.0,0.3956403185070707,0.014390550196778635,0.001,0.29524366829598037,0.1743746408177526,0.10060740268938193,0.10377445301056215,0.0961455701187137
58140,0.0007098627879223323,0.0007098627879223323,0.0,0.09927152287709523,0.00601836920839748,0.001,0.044716071970707004,0.04163922719307405,0.03278247489536011,0.04308003346907403,0.04324957147762828
58150,0.00038685066300415505,0.00038685066300415505,0.0,0.06399013235770844,0.006906696916474944,0.001,0.044492815932968964,0.029337288301191523,0.017899120212822823,0.018648081821870787,0.017412418294249807
58160,0.00035749323003619865,0.00035749323003619865,0.0,0.06418164560312828,0.0030466800773438305,0.001,0.04365637784571195,0.028953047432145326,0.018468456261749703,0.01967333573530651,0.018426150248234303
58170,0.0002483063968203908,0.0002483063968203908,0.0,0.03920408848631458,0.0037252834705332532,0.001,0.030526859399512697,0.016377760515624604,0.008296824449921764,0.009655881815002624,0.01001609206611279
58180,0.0002092381020883152,0.0002092381020883152,0.0,0.02815492402791937,0.0030095022260777982,0.001,0.020919778043670068,0.011258896064372047,0.005689475117051977,0.008094734782291457,0.009041196067844391
58190,0.00016593071639108453,0.00016593071639108453,0.0,0.01876226807464301,0.002851130848842116,0.001,0.014605462698366763,0.007642857225917763,0.003648296714446647,0.004787138119982171,0.005269664218278098
58200,0.00013183989727508504,0.00013183989727508504,0.0,0.01097083531360984,0.002804768197462637,0.001,0.00884287189819159,0.004545297131203382,0.002128624213564135,0.002515026333228195,0.0026337408839477937
58210,0.00010408457549298052,0.00010408457549298052,0.0,0.002326173283647719,0.0026742777539847744,0.001,0.001255830040520094,0.0008032213785629049,0.0006279947947073588,0.0010912640379550306,0.0011507403651290118
58220,8.134539022684758e-05,8.134539022684758e-05,0.0,0.004431533036694137,0.0025065267795199146,0.001,0.003191088557042319,0.0018047577695757813,0.0009920145239656862,0.0013231473916386798,0.0014278308950586348
58230,6.224235006486019e-05,6.224235006486019e-05,0.0,0.002496934134577968,0.0023281322215938645,0.001,0.0018221739112907725,0.0009327937580290689,0.0005622904194522931,0.0008853549990104732,0.0009194888874440271
58240,4.689561559165215e-05,4.689561559165215e-05,0.0,0.0014284891369065965,0.0021348367374245288,0.001,0.0007765517382219084,0.00044452125065266087,0.00038503264999543106,0.0006987885671569002,0.0007399357613832369
58250,3.481300218656733e-05,3.481300218656733e-05,0.0,0.0011320989577637763,0.0019273090023540522,0.001,0.0005286076063564571,0.00033757378590144513,0.00032469751989082065,0.0005884198407288316,0.0006251520658296738
58260,2.5531801287397833e-05,2.5531801287397833e-05,0.0,0.0009534956728582337,0.0017165421863563127,0.001,0.0004286075851739578,0.0002896801320607655,0.00028130640264235776,0.000497979404024062,0.0005284518675361106
58270,1.858489765079467e-05,1.858489765079467e-05,0.0,0.0009063200064572647,0.0015065795899663794,0.001,0.0005399336877336439,0.0002824979108813232,0.00023685552214303154,0.00042646175502521823,0.000452548897147235
58280,1.3517930379569365e-05,1.3517930379569365e-05,0.0,0.0006796335727160949,0.001303534175881356,0.001,0.0003066617067962954,0.00021920679823667647,0.00020538085236446673,0.00034906016062453385,0.00036810434951386247
58290,9.91975314278325e-06,9.91975314278325e-06,0.0,0.0005549902614661956,0.0011118485211081108,0.001,0.0002515041976429554,0.0001776960500503689,0.00016720152376152177,0.00028587086491938993,0.00030089386924642836
58300,7.43099275570282e-06,7.43099275570282e-06,0.0,0.00044354849133322464,0.0009351278042165235,0.001,0.00021073144179892725,0.00013212338777333744,0.00013014614606164044,0.00023156986209210207,0.00024334031639064349
58310,5.754369374130162e-06,5.754369374130162e-06,0.0,0.00036298685166868277,0.0007758822729047367,0.001,0.00018510455377832496,0.0001074042189531036,0.0001036894875054591,0.000186111461394864,0.0001949574941032228
58320,4.6539046451843654e-06,4.6539046451843654e-06,0.0,0.00028591957828382646,0.000635374159711331,0.001,0.00014534413177894252,8.480253106351108e-05,8.204117078116487e-05,0.00014688416538600216,0.00015347173822553728
58330,3.950145561602613e-06,3.950145561602613e-06,0.0,0.00022016316151694112,0.0005136794204738914,0.001,0.00010854829291510312,6.573404595268032e-05,6.423638074698448e-05,0.000114212694924552,0.00011905581174028983
58340,3.5115746716046025e-06,3.5115746716046025e-06,0.0,0.0001683165837322874,0.00041005977250746235,0.001,8.134150178456692e-05,5.060270704106413e-05,4.962642178287961e-05,8.777644438493981e-05,9.128386975891617e-05
58350,3.2452129864184577e-06,3.2452129864184577e-06,0.0,0.00012771921141119862,0.0003232537940863707,0.001,6.143301738632105e-05,3.853433198539117e-05,3.7742192148056376e-05,6.667263860073729e-05,6.918446122684675e-05
58360,3.087540326335606e-06,3.087540326335606e-06,0.0,9.57759422613568e-05,0.00025168993784116354,0.001,4.5929868731291466e-05,2.9099312676736974e-05,2.839514946306731e-05,4.996602657183079e-05,5.1747738111686346e-05
58370,2.996558483889565e-06,2.996558483889565e-06,0.0,7.098577848173388e-05,0.00019361330732924132,0.001,3.4208326679509895e-05,2.1709488946188017e-05,2.1112362837305933e-05,3.69278381261617e-05,3.817557451079908e-05
58380,2.9453690295878082e-06,2.9453690295878082e-06,0.0,5.228730539642211e-05,0.0001472134409577059,0.001,2.5956094774710835e-05,1.5958885008539013e-05,1.5452507079203785e-05,2.6967892761366598e-05,2.7832578968100523e-05
58390,2.9172693323484513e-06,2.9172693323484513e-06,0.0,3.82145009327734e-05,0.00011074429522898936,0.001,1.9683180803084833e-05,1.1682262615043995e-05,1.1192011583521764e-05,1.9444117066707963e-05,2.002889440503081e-05
58400,2.902198705801189e-06,2.902198705801189e-06,0.0,2.7501624741158457e-05,8.259435610624924e-05,0.001,1.4440536653754733e-05,8.54767152012672e-06,8.07825411111907e-06,1.380710056442665e-05,1.418426475256724e-05
58410,2.894276497968112e-06,2.894276497968112e-06,0.0,1.9789378671461215e-05,6.132043509226003e-05,0.001,1.0812159278699209e-05,6.285094271020719e-06,5.801566434844652e-06,9.68786351199655e-06,9.913169890848266e-06
58420,2.8901662227496415e-06,2.8901662227496415e-06,0.0,1.4402667279316328e-05,4.567503010225035e-05,0.001,8.418363202467438e-06,4.696464137221546e-06,4.166380164097846e-06,6.739885744111957e-06,6.853194560959172e-06
58430,2.888030320335056e-06,2.888030320335056e-06,0.0,1.0615324377199174e-05,3.4610176895697474e-05,0.001,6.597279262380184e-06,3.643146390499899e-06,3.0556106925149946e-06,4.662140371620246e-06,4.685022384752473e-06
58440,2.8868865011955552e-06,2.8868865011955552e-06,0.0,8.141586698644847e-06,2.722818498014177e-05,0.001,5.402135399494499e-06,2.978053151510392e-06,2.324992327596692e-06,3.2585369641013272e-06,3.207261681317991e-06
58450,2.886225269357245e-06,2.886225269357245e-06,0.0,6.62236879079731e-06,2.2702568792466513e-05,0.001,4.6374856025887355e-06,2.5873718559558293e-06,1.8754323098093502e-06,2.3651441108810427e-06,2.251310312145543e-06
58460,2.8857903581627086e-06,2.8857903581627086e-06,0.0,5.724131393008247e-06,2.0226176290572542e-05,0.001,4.119435442512183e-06,2.368590177016998e-06,1.6222458126900609e-06,1.8466344276310509e-06,1.6827658726227135e-06
58470,2.8854568840864884e-06,2.8854568840864884e-06,0.0,5.244715804514329e-06,1.9056775210063797e-05,0.001,3.809819153812464e-06,2.252110539394184e-06,1.4878110739468194e-06,1.5874380179428809e-06,1.3960434172593622e-06
58480,2.8851659599355824e-06,2.8851659599355824e-06,0.0,4.9857064660997745e-06,1.862585057892298e-05,0.001,3.608211029793468e-06,2.1903393759254587e-06,1.4206667528674288e-06,1.4764562147668231e-06,1.275665747225808e-06
58490,2.8848907656786004e-06,2.8848907656786004e-06,0.0,4.853365736298264e-06,1.8573231736880993e-05,0.001,3.4878137182031684e-06,2.157133554309499e-06,1.387372908868865e-06,1.4377133315203582e-06,1.2391166594385256e-06
58500,2.8846195325518644e-06,2.8846195325518644e-06,0.0,4.7821748050571515e-06,1.8702197466506913e-05,0.001,3.412572658081685e-06,2.1394516722105657e-06,1.3709383324963058e-06,1.4273974525351295e-06,1.2330519204499218e-06
58510,2.8843473031083413e-06,2.8843473031083413e-06,0.0,4.744671233063365e-06,1.89149243563559e-05,0.001,3.368002048210301e-06,2.129411326593575e-06,1.362590131355916e-06,1.4270071589619175e-06,1.2369096133820805e-06
58520,2.8840720840583402e-06,2.8840720840583402e-06,0.0,4.724294180018214e-06,1.9165517489573268e-05,0.001,3.3417274427065766e-06,2.1240081972539772e-06,1.3583150176011282e-06,1.4288903311271644e-06,1.2415727876229544e-06
58530,2.8837931181260114e-06,2.8837931181260114e-06,0.0,4.713238272075604e-06,1.9433065680288934e-05,0.001,3.326604091078379e-06,2.120902928393538e-06,1.3561011929883844e-06,1.4308169854908546e-06,1.2452020758825534e-06
58540,2.883510139364118e-06,2.883510139364118e-06,0.0,4.707679859080699e-06,1.9708153443899417e-05,0.001,3.318668109879723e-06,2.119271316378666e-06,1.3549895102139398e-06,1.4322214266428396e-06,1.2475090789742804e-06
58550,2.8832230665505115e-06,2.8832230665505115e-06,0.0,4.704870059713248e-06,1.9986505350408832e-05,0.001,3.314542476083753e-06,2.1183828401150524e-06,1.3544741289675332e-06,1.4331251617139774e-06,1.2487633138146835e-06
58560,2.882931883245756e-06,2.882931883245756e-06,0.0,4.703763812887648e-06,2.0266112565591365e-05,0.001,3.3128305816134383e-06,2.1179663790670977e-06,1.3542856925426306e-06,1.4336909801457337e-06,1.2493627923305027e-06
58570,2.882636593570958e-06,2.882636593570958e-06,0.0,4.70354342601585e-06,2.05460087157987e-05,0.001,3.312386803048076e-06,2.1177681285365897e-06,1.3542699367505331e-06,1.4340643620503714e-06,1.249602361676201e-06
58580,2.882337207033515e-06,2.882337207033515e-06,0.0,4.703771195640284e-06,2.0825712052814123e-05,0.001,3.312600154179606e-06,2.117704316011104e-06,1.3543456428447596e-06,1.4343281445127865e-06,1.249626423725557e-06
58590,2.8820337337878024e-06,2.8820337337878024e-06,0.0,4.7042079572670785e-06,2.110498802479794e-05,0.001,3.3131174208496983e-06,2.1176938594939857e-06,1.3544648146257714e-06,1.4345433169842751e-06,1.2495532596115297e-06
58600,2.8817261833515687e-06,2.8817261833515687e-06,0.0,4.704744897031454e-06,2.138373338775898e-05,0.001,3.3137774983609045e-06,2.117708918608495e-06,1.354603073816394e-06,1.4347406004319465e-06,1.2494404261480065e-06
58610,2.8814145643480733e-06,2.8814145643480733e-06,0.0,4.705314527974595e-06,2.16619191822515e-05,0.001,3.314482557493124e-06,2.117730478526129e-06,1.354748084855653e-06,1.4349352618969881e-06,1.2493160759448051e-06
58620,2.881098884505063e-06,2.881098884505063e-06,0.0,4.705887109010701e-06,2.1939556756723652e-05,0.001,3.315189938116427e-06,2.117751172860316e-06,1.3548944934674438e-06,1.435133656472227e-06,1.2491917042318156e-06
58630,2.8807791506984883e-06,2.8807791506984883e-06,0.0,4.70645455357661e-06,2.221667952711797e-05,0.001,3.3158879326807046e-06,2.1177695473424936e-06,1.355040514656027e-06,1.4353378407844617e-06,1.249071105772981e-06
58640,2.880455368994349e-06,2.880455368994349e-06,0.0,4.7070153188822135e-06,2.249333170619074e-05,0.001,3.3165740392116914e-06,2.1177842630436265e-06,1.3551858617319686e-06,1.4355482705389313e-06,1.248955460321101e-06
58650,2.8801275446844654e-06,2.8801275446844654e-06,0.0,4.707572749359652e-06,2.2769561944184e-05,0.001,3.317253130007273e-06,2.117796673107762e-06,1.3553310394641357e-06,1.435764264081208e-06,1.2488434669777373e-06
58660,2.879795682317345e-06,2.879795682317345e-06,0.0,4.70812962525411e-06,2.304541986921057e-05,0.001,3.317929219068374e-06,2.117807329907479e-06,1.3554766347857884e-06,1.4359851249023244e-06,1.2487338815132878e-06
58670,2.879459785726913e-06,2.879459785726913e-06,0.0,4.708688660520903e-06,2.3320954231687574e-05,0.001,3.3186062619666666e-06,2.1178170028974974e-06,1.355623192761793e-06,1.4362101865565858e-06,1.248625447590447e-06
58680,2.879119858058887e-06,2.879119858058887e-06,0.0,4.709251972803555e-06,2.359621214740762e-05,0.001,3.3192873467620554e-06,2.1178263498583223e-06,1.3557711299281611e-06,1.4364389394622039e-06,1.2485171871419957e-06
58690,2.8787759017956197e-06,2.8787759017956197e-06,0.0,4.709820842469297e-06,2.387123882826188e-05,0.001,3.319974320181638e-06,2.1178356783630065e-06,1.355920717853109e-06,1.436671069868597e-06,1.2484085138845023e-06
58700,2.87842791877951e-06,2.87842791877951e-06,0.0,4.7103961352180685e-06,2.414607758576561e-05,0.001,3.3206684301408835e-06,2.117845250609039e-06,1.356072129986013e-06,1.4369063774804175e-06,1.2482990402275002e-06
58710,2.87807591023482e-06,2.87807591023482e-06,0.0,4.710978334788792e-06,2.442076996025756e-05,0.001,3.32137036509937e-06,2.11785521386331e-06,1.356225465226638e-06,1.4371447557678538e-06,1.2481885559078578e-06
58720,2.877719876788193e-06,2.877719876788193e-06,0.0,4.711567667786234e-06,2.4695355875215998e-05,0.001,3.3220804353428855e-06,2.1178656273864313e-06,1.3563807743400034e-06,1.437386160542082e-06,1.2480769701557823e-06
58730,2.8773598184878418e-06,2.8773598184878418e-06,0.0,4.712164247209898e-06,2.496987379125522e-05,0.001,3.3227987864743357e-06,2.1178765315976315e-06,1.3565380829350133e-06,1.4376305780672078e-06,1.247964245332959e-06
58740,2.8769957348217534e-06,2.8769957348217534e-06,0.0,4.712768116262006e-06,2.524436084362457e-05,0.001,3.3235254617494564e-06,2.117887946519612e-06,1.3566974030758542e-06,1.4378780124286468e-06,1.2478503759985507e-06
58750,2.8766276247344834e-06,2.8766276247344834e-06,0.0,4.71337928326611e-06,2.5518852956924873e-05,0.001,3.32426045292233e-06,2.1178998792576087e-06,1.3568587408513826e-06,1.4381284763876072e-06,1.2477353722537303e-06
58760,2.876255486643233e-06,2.876255486643233e-06,0.0,4.71399774839542e-06,2.579338494077696e-05,0.001,3.3250037403757645e-06,2.117912336728119e-06,1.3570221011035639e-06,1.4383819847204917e-06,1.2476192461076325e-06
58770,2.8758793184527395e-06,2.8758793184527395e-06,0.0,4.7146235178713e-06,2.606799056969126e-05,0.001,3.3257553121115696e-06,2.1179253272761393e-06,1.3571874891756896e-06,1.438638552605823e-06,1.2475020096914676e-06
58780,2.875499117569418e-06,2.875499117569418e-06,0.0,4.7152565987188064e-06,2.6342702651221644e-05,0.001,3.3265151577368662e-06,2.117938859438614e-06,1.3573549114972045e-06,1.4388981944563933e-06,1.2473836724453093e-06
58790,2.8751148809146202e-06,2.8751148809146202e-06,0.0,4.7158970074342135e-06,2.6617553085025417e-05,0.001,3.327283279087882e-06,2.1179529430457275e-06,1.3575243756043158e-06,1.439160924452348e-06,1.2472642432296072e-06
58800,2.8747266049371006e-06,2.8747266049371006e-06,0.0,4.7165447624605064e-06,2.6892572915768404e-05,0.001,3.32805968129106e-06,2.1179675893004684e-06,1.3576958900934248e-06,1.4394267559220645e-06,1.247143727982947e-06
58810,2.874334285624811e-06,2.874334285624811e-06,0.0,4.717199887729259e-06,2.7167792381345453e-05,0.001,3.328844376407814e-06,2.1179828100767268e-06,1.3578694642494924e-06,1.4396957022895324e-06,1.247022132425644e-06
58820,2.8739379185159555e-06,2.8739379185159555e-06,0.0,4.7178624066365245e-06,2.7443240957490314e-05,0.001,3.3296373762548285e-06,2.117998618056483e-06,1.3580451079795205e-06,1.4399677766240896e-06,1.2468994602507406e-06
58830,2.87353749870944e-06,2.87353749870944e-06,0.0,4.718532346228639e-06,2.7718947399655317e-05,0.001,3.330438696876013e-06,2.1180150259899038e-06,1.3582228315407802e-06,1.4402429925166673e-06,1.2467757157685799e-06
58840,2.873133020874705e-06,2.873133020874705e-06,0.0,4.719209735137615e-06,2.799493978205736e-05,0.001,3.331248356065472e-06,2.1180320467327105e-06,1.358402645460788e-06,1.440521363982712e-06,1.2466509034255108e-06
58850,2.8727244792610357e-06,2.8727244792610357e-06,0.0,4.719894600376558e-06,2.8271245534978143e-05,0.001,3.332066369665899e-06,2.1180496934930266e-06,1.3585845605990023e-06,1.440802905063778e-06,1.2465250264662846e-06
58860,2.8723118677062683e-06,2.8723118677062683e-06,0.0,4.7205869729940016e-06,2.8547891479314522e-05,0.001,3.3328927580079165e-06,2.118067979412193e-06,1.3587685880055426e-06,1.4410876305883854e-06,1.2463980894572868e-06
58870,2.871895179645135e-06,2.871895179645135e-06,0.0,4.721286880184944e-06,2.8824903859928056e-05,0.001,3.3337275368647066e-06,2.1180869180861317e-06,1.3589547390423593e-06,1.4413755551954791e-06,1.246270095006697e-06
58880,2.871474408116918e-06,2.871474408116918e-06,0.0,4.7219943562180976e-06,2.9102308376346038e-05,0.001,3.3345707298807786e-06,2.1181065226098813e-06,1.3591430251692238e-06,1.4416666947655744e-06,1.2461410485706044e-06
58890,2.8710495457729787e-06,2.8710495457729787e-06,0.0,4.722709429152724e-06,2.938013021244932e-05,0.001,3.335422353594504e-06,2.118126807084086e-06,1.3593334582458436e-06,1.4419610645575712e-06,1.2460109522930011e-06
58900,2.870620584883459e-06,2.870620584883459e-06,0.0,4.723432134065302e-06,2.9658394063780775e-05,0.001,3.336282432275558e-06,2.1181477849155137e-06,1.3595260502300973e-06,1.4422586810917704e-06,1.2458798112757037e-06
58910,2.8701875173440394e-06,2.8701875173440394e-06,0.0,4.724162502304295e-06,2.9937124164144198e-05,0.001,3.337150985814796e-06,2.1181694700631576e-06,1.3597208133912594e-06,1.4425595606693218e-06,1.2457476286464466e-06
58920,2.86975033468196e-06,2.86975033468196e-06,0.0,4.724900568496296e-06,3.021634430987687e-05,0.001,3.338028037753971e-06,2.1181918765699423e-06,1.3599177602015163e-06,1.4428637202287604e-06,1.2456144084775486e-06
58930,2.8693090280618524e-06,2.8693090280618524e-06,0.0,4.725646367315435e-06,3.0496077883621204e-05,0.001,3.338913611464648e-06,2.1182150184855535e-06,1.3601169033660213e-06,1.4431711770251236e-06,1.2454801546851914e-06
58940,2.868863588291275e-06,2.868863588291275e-06,0.0,4.726399933312403e-06,3.077634787622244e-05,0.001,3.3398077300955077e-06,2.1182389102608334e-06,1.3603182558751699e-06,1.4434819484818893e-06,1.245344870602637e-06
58950,2.8684140058258023e-06,2.8684140058258023e-06,0.0,4.7271613019625135e-06,3.1057176907864535e-05,0.001,3.3407104176301904e-06,2.1182635663107974e-06,1.3605218309069882e-06,1.4437960524669076e-06,1.2452085598339948e-06
58960,2.8679602707739327e-06,2.8679602707739327e-06,0.0,4.727930511840851e-06,3.133858724779891e-05,0.001,3.341621701495229e-06,2.118289001152293e-06,1.3607276418401757e-06,1.4441135074518964e-06,1.245071226866743e-06
58970,2.8675023729015893e-06,2.8675023729015893e-06,0.0,4.728707599063529e-06,3.1620600833474776e-05,0.001,3.342541606076114e-06,2.1183152295514864e-06,1.3609357023776254e-06,1.4444343318495038e-06,1.2449328748595806e-06
58980,2.8670403016364993e-06,2.8670403016364993e-06,0.0,4.729492602516171e-06,3.1903239288229784e-05,0.001,3.3434701588046993e-06,2.118342266358545e-06,1.3611460263312577e-06,1.444758544726156e-06,1.2447935079476905e-06
58990,2.8665740460722183e-06,2.8665740460722183e-06,0.0,4.7302855602464455e-06,3.21865239386087e-05,0.001,3.344407385965693e-06,2.118370126669807e-06,1.361358627850512e-06,1.4450861652273155e-06,1.244653129467757e-06
59000,2.8661035949718565e-06,2.8661035949718565e-06,0.0,4.731086512491624e-06,3.2470475830356005e-05,0.001,3.345353316189547e-06,2.1183988256370236e-06,1.3615735212396402e-06,1.4454172130597326e-06,1.2445117434712701e-06
59010,2.8656289367716733e-06,2.8656289367716733e-06,0.0,4.731895499922553e-06,3.2755115744068525e-05,0.001,3.346307978428255e-06,2.1184283785996406e-06,1.3617907210774713e-06,1.4457517081934504e-06,1.2443693538110512e-06
59020,2.8651500595844916e-06,2.8651500595844916e-06,0.0,4.732712563206005e-06,3.3040464209857784e-05,0.001,3.347271401443151e-06,2.1184588010839982e-06,1.3620102420960274e-06,1.446089670926711e-06,1.2442259642456817e-06
59030,2.86466695120262e-06,2.86466695120262e-06,0.0,4.733537743633443e-06,3.3326541521376534e-05,0.001,3.348243614494519e-06,2.1184901087112885e-06,1.3622320993688502e-06,1.4464311217987067e-06,1.2440815783358869e-06
59040,2.8641795991010327e-06,2.8641795991010327e-06,0.0,4.734371083768778e-06,3.3613367749278544e-05,0.001,3.3492246481632793e-06,2.1185223173241757e-06,1.3624563080810348e-06,1.446776081823253e-06,1.2439362000421927e-06
59050,2.8636879904398134e-06,2.8636879904398134e-06,0.0,4.735212626408299e-06,3.3900962754044595e-05,0.001,3.3502145330782665e-06,2.118555442900002e-06,1.362682883714425e-06,1.4471245722480573e-06,1.24378983306896e-06
59060,2.863192112066879e-06,2.863192112066879e-06,0.0,4.7360624175081865e-06,3.4189346198075125e-05,0.001,3.351213303299435e-06,2.1185895013569035e-06,1.3629118418645316e-06,1.4474766150239241e-06,1.243642482337135e-06
59070,2.8626919505202256e-06,2.8626919505202256e-06,0.0,4.736920498642175e-06,3.447853755774931e-05,0.001,3.3522209877027573e-06,2.118624509321231e-06,1.3631431985275225e-06,1.4478322317026554e-06,1.2434941503966463e-06
59080,2.862187492030186e-06,2.862187492030186e-06,0.0,4.737786915114199e-06,3.476855613429793e-05,0.001,3.353237619174627e-06,2.1186604831441185e-06,1.3633769698288695e-06,1.4481914446238811e-06,1.2433448413271592e-06
59090,2.86167872252134e-06,2.86167872252134e-06,0.0,4.738661716559703e-06,3.505942106461882e-05,0.001,3.3542632353843483e-06,2.11869743904529e-06,1.3636131719646297e-06,1.4485542769850774e-06,1.2431945609563351e-06
59100,2.8611656276144353e-06,2.8611656276144353e-06,0.0,4.739544943392857e-06,3.535115133186541e-05,0.001,3.355297863273531e-06,2.1187353944699826e-06,1.3638518217361125e-06,1.4489207508670785e-06,1.243043310407498e-06
59110,2.8606533866068234e-06,2.8606533866068234e-06,0.0,4.7404244023386766e-06,3.207937817998082e-05,0.0009000000000000001,3.356327096155103e-06,2.1187737299849086e-06,1.364090089280658e-06,1.4492872959813213e-06,1.2428925748566982e-06
59120,2.8601837843686806e-06,2.8601837843686806e-06,0.0,4.741233065609163e-06,3.234300903979117e-05,0.0009000000000000001,3.3572714904977256e-06,2.118809441569489e-06,1.3643084503649043e-06,1.4496249358518487e-06,1.2427570709387976e-06
59130,2.8597102679208934e-06,2.8597102679208934e-06,0.0,4.742049317133108e-06,3.260705880433143e-05,0.0009000000000000001,3.3582238311778198e-06,2.118846527812186e-06,1.3645294682928102e-06,1.4499655609241258e-06,1.242619730039962e-06
59140,2.859232826362854e-06,2.859232826362854e-06,0.0,4.742872242171487e-06,3.287178975340955e-05,0.0009000000000000001,3.359183677155812e-06,2.1188837269055335e-06,1.3647523408878923e-06,1.4503095703534528e-06,1.2424819282953812e-06
59150,2.8587514469372753e-06,2.8587514469372753e-06,0.0,4.743704334829086e-06,3.31373053586508e-05,0.0009000000000000001,3.3601542363724116e-06,2.118922152671187e-06,1.3649781123445136e-06,1.4506560894663575e-06,1.24234168026215e-06
59160,2.858266116069332e-06,2.858266116069332e-06,0.0,4.744544605397821e-06,3.340365177138734e-05,0.0009000000000000001,3.3611338298374828e-06,2.1189615188576627e-06,1.3652061520454325e-06,1.4510058123316164e-06,1.2422004394450512e-06
59170,2.857776819732485e-06,2.857776819732485e-06,0.0,4.745393145512872e-06,3.367085470607018e-05,0.0009000000000000001,3.362122343365752e-06,2.1190020152160766e-06,1.3654365163849354e-06,1.4513588127695429e-06,1.2420582170875966e-06
59180,2.8572835435776767e-06,2.8572835435776767e-06,0.0,4.746249759280068e-06,3.393893293012538e-05,0.0009000000000000001,3.363119455636035e-06,2.1190436005711917e-06,1.3656691876617869e-06,1.4517151735668977e-06,1.2419150905374674e-06
59190,2.856786272979261e-06,2.856786272979261e-06,0.0,4.747114172030855e-06,3.4207903030171676e-05,0.0009000000000000001,3.364124822175661e-06,2.119086158079295e-06,1.3659041184824812e-06,1.4520749665510484e-06,1.24177115367066e-06
59200,2.856284993051552e-06,2.856284993051552e-06,0.0,4.747986448406645e-06,3.4477780910792244e-05,0.0009000000000000001,3.3651385383612414e-06,2.1191297094338484e-06,1.366141381654314e-06,1.452438155261381e-06,1.2416262756414284e-06
59210,2.855779688654912e-06,2.855779688654912e-06,0.0,4.7488665924936e-06,3.474858221609485e-05,0.0009000000000000001,3.366160579861547e-06,2.119174220044358e-06,1.3663809473034063e-06,1.452804802286298e-06,1.2414805700058815e-06
59220,2.8552703443982397e-06,2.8552703443982397e-06,0.0,4.749754728331119e-06,3.502032243970451e-05,0.0009000000000000001,3.367191073737959e-06,2.1192197384048684e-06,1.3666228540759232e-06,1.4531749118155162e-06,1.2413340055329153e-06
59230,2.8547569446401086e-06,2.8547569446401086e-06,0.0,4.750650836623421e-06,3.529301697883125e-05,0.0009000000000000001,3.368229968594771e-06,2.119266278001936e-06,1.3668671011701378e-06,1.4535485169829747e-06,1.241186605703705e-06
59240,2.8542394734893026e-06,2.8542394734893026e-06,0.0,4.751555024369487e-06,3.556668116085839e-05,0.0009000000000000001,3.3692773733233955e-06,2.1193138653344107e-06,1.3671137155650405e-06,1.4539256354319456e-06,1.2410383651581343e-06
59250,2.8537179148051873e-06,2.8537179148051873e-06,0.0,4.752467317152274e-06,3.584133026642808e-05,0.0009000000000000001,3.370333299777124e-06,2.1193625124547995e-06,1.367362710749514e-06,1.4543062914533041e-06,1.2408892868136742e-06
59260,2.853192252197829e-06,2.853192252197829e-06,0.0,4.753387783908008e-06,3.611697953528779e-05,0.0009000000000000001,3.371397812021389e-06,2.1194122366135656e-06,1.3676141079356826e-06,1.4546905061262222e-06,1.2407393693806054e-06
59270,2.852662469028231e-06,2.852662469028231e-06,0.0,4.754316462344746e-06,3.6393644172136655e-05,0.0009000000000000001,3.3724709344960328e-06,2.119463053141465e-06,1.3678679232241095e-06,1.4550783032678437e-06,1.240588614953909e-06
59280,2.8521285484081585e-06,2.8521285484081585e-06,0.0,4.7552534071922054e-06,3.6671339349678574e-05,0.0009000000000000001,3.373552710720647e-06,2.1195149787378446e-06,1.368124174237134e-06,1.455469707354311e-06,1.2404370284250287e-06
59290,2.8515904732002102e-06,2.8515904732002102e-06,0.0,4.756198685616708e-06,3.695008021412473e-05,0.0009000000000000001,3.3746431982201435e-06,2.119568028925184e-06,1.3683828776053485e-06,1.4558647454761645e-06,1.2402846219213425e-06
59300,2.8510482260175972e-06,2.8510482260175972e-06,0.0,4.757152543563986e-06,3.7229881884618945e-05,0.0009000000000000001,3.375742662404074e-06,2.1196222054022555e-06,1.368644046080637e-06,1.4562634665562022e-06,1.2401314815444685e-06
59310,2.8505017892240416e-06,2.8505017892240416e-06,0.0,4.758118507746632e-06,3.7510759349946134e-05,0.0009000000000000001,3.3768551870699056e-06,2.1196772630284218e-06,1.3689076157408935e-06,1.4566663160018401e-06,1.2399790530075847e-06
59320,2.849951144933291e-06,2.849951144933291e-06,0.0,4.7591861162411276e-06,3.779272454209323e-05,0.0009000000000000001,3.378084972977156e-06,2.1197265210649007e-06,1.3691715152315204e-06,1.4570841147002643e-06,1.2398643814439188e-06
59330,2.8493962750154125e-06,2.8493962750154125e-06,0.0,4.763778246815152e-06,3.8075674957204376e-05,0.0009000000000000001,3.383388856132305e-06,2.1195870657834847e-06,1.369376949677495e-06,1.4579245775009429e-06,1.2411559418429376e-06
59340,2.8488371768592886e-06,2.8488371768592886e-06,0.0,5.296246203015857e-06,3.835380854939047e-05,0.0009000000000000001,3.924131000457646e-06,2.259519323353486e-06,1.4093204720279476e-06,1.5135678395108144e-06,1.3510646781035793e-06
59350,2.8483468679300576e-06,2.8483468679300576e-06,0.0,0.0001314405899359597,3.9424989789644486e-05,0.0009000000000000001,0.00010983740769135343,5.5615330857365575e-05,2.3726840595743816e-05,2.2045017163565365e-05,2.269810817570636e-05
59360,3.4595247507914734e-06,3.4595247507914734e-06,0.0,0.011977656352529502,0.0009073850652839421,0.0009000000000000001,0.010004653871006072,0.005087478197210225,0.0021685816567764914,0.0020039178493620295,0.0020489227715964225
59370,0.0014276211820158382,0.0014276211820158382,0.0,0.5649372142848313,0.02667823120248109,0.0009000000000000001,0.47066284882929843,0.23949745850045984,0.10350159509002844,0.09665538439330151,0.09845495858104447
59380,3.337286094691371e-05,3.337286094691371e-05,0.0,0.006567444883169434,0.008444569599816282,0.0009000000000000001,0.005337910099532197,0.0027011478223553185,0.0012305233799345173,0.0014545247400052422,0.0015287707705449447
59390,0.00010415141106898637,0.00010415141106898637,0.0,0.10341937378861142,0.005620502960168513,0.0009000000000000001,0.08479009286031657,0.0437975603092314,0.01992755562857134,0.019698058413007643,0.019976014838771976
59400,4.976726090685254e-05,4.976726090685254e-05,0.0,0.0666662823384474,0.004239370560063496,0.0009000000000000001,0.055183106605253,0.028252342823876647,0.012408073538118574,0.011942004535001766,0.012206065212099939
60660,0.09055170575886781,0.09055170575886781,0.0,5.038353145409842,0.06648647156999228,0.001,3.9795971243204975,2.1808825208737734,1.0297762049519152,1.2607863664950518,1.1961109669035463
60670,0.008461602536395267,0.008461602536395267,0.0,1.1127912031498595,0.02658500153173696,0.001,0.8240587718187329,0.4739826498197945,0.26716482546039216,0.3426388284353151,0.3103855060827786
60680,0.003999472440442128,0.003999472440442128,0.0,0.6313025220994988,0.007402027984077873,0.001,0.42482034244795736,0.2710546486244465,0.16512975089947318,0.22804302562381756,0.21078187801699766
60690,0.0008517764929715415,0.0008517764929715415,0.0,0.24409061477523877,0.008919964215939425,0.001,0.1733018938161959,0.10072346368734866,0.05935390800173392,0.08360408849874251,0.07796131306536763
60700,0.0008304818426573858,0.0008304818426573858,0.0,0.2645031550487965,0.00291836256909527,0.001,0.18662396072361817,0.10951941001585376,0.06377305763170121,0.09063950947454806,0.08670328408723632
60710,0.00019091566779448437,0.00019091566779448437,0.0,0.050423175710056015,0.0036042443609486776,0.001,0.03730467661528035,0.020032973606025125,0.010101405503382507,0.01714208942988956,0.015657546834708175
60720,0.00015690875008465423,0.00015690875008465423,0.0,0.04810145536971314,0.002411656134066106,0.001,0.026853628711853178,0.020971503910719804,0.01322670210816651,0.020384247116854062,0.020061112166570177
60730,9.602982252198752e-05,9.602982252198752e-05,0.0,0.027109087508503684,0.002175305725743158,0.001,0.017085073911355237,0.011465139089790724,0.0070055392412579085,0.01057837652185281,0.010294080509701285
60740,7.068413518324641e-05,7.068413518324641e-05,0.0,0.003068931337180911,0.0018257600412488549,0.001,0.0014088304155230752,0.000994989297613232,0.0009171313762999796,0.001606066376806063,0.0015645762258192115
60750,5.8601728029809876e-05,5.8601728029809876e-05,0.0,0.012747795729465763,0.001457124132522611,0.001,0.009082812391503613,0.005106493706137947,0.002751713985918137,0.0044093235702435144,0.004526744104972208
60760,4.752900669593631e-05,4.752900669593631e-05,0.0,0.014260125589410757,0.001296814728785362,0.001,0.010748671151952766,0.005720703282284125,0.0029569265688396025,0.004396404900934009,0.0044742553838252866
60770,3.705321554193006e-05,3.705321554193006e-05,0.0,0.006244968180535701,0.0012291682360219428,0.001,0.004497791318021547,0.00242807001669682,0.0013344592969197825,0.002147625497439238,0.002267581737163803
60780,2.904927216739703e-05,2.904927216739703e-05,0.0,0.0033927099972746555,0.0011261250623709805,0.001,0.0021599088923581777,0.0012926099562311597,0.0008598122551550158,0.001404581589508818,0.001346928245270071
60790,2.2607710210443917e-05,2.2607710210443917e-05,0.0,0.0019121509219748518,0.0010245660686204077,0.001,0.0010342900978175548,0.0006492729757064707,0.0005331301030957597,0.0009170764225612765,0.000912592667332906
60800,1.755277788764789e-05,1.755277788764789e-05,0.0,0.002215776926851988,0.0009274209519732501,0.001,0.0016289590234938238,0.000816371365379354,0.00043920574290558646,0.0007662686202825714,0.000851973366205963
60810,1.3591387605671767e-05,1.3591387605671767e-05,0.0,0.0010691994999305907,0.0008282861329753696,0.001,0.0005554242087662684,0.00036229660718748824,0.0003265187333220881,0.000514658636597201,0.0005345876433487934
60820,1.054851974326204e-05,1.054851974326204e-05,0.0,0.0008726530679514948,0.0007317380930055576,0.001,0.00046219127917004925,0.0003060016673570823,0.00026655446755913107,0.00041000863186623106,0.000437135698072436
60830,8.23614042326788e-06,8.23614042326788e-06,0.0,0.0007807901132527353,0.0006458095494979146,0.001,0.0004638218246956539,0.0002812174202377064,0.00021739814738998918,0.00034035454514152953,0.00037467067958381426
60840,6.501570127529656e-06,6.501570127529656e-06,0.0,0.000683319032181227,0.0005641213843586466,0.001,0.00037832976002732504,0.0002610452682725799,0.0002100530123835624,0.0003035685194088359,0.0003167505145255472
60850,5.218353120398583e-06,5.218353120398583e-06,0.0,0.000549804916137374,0.0004918297720996195,0.001,0.00031984624005864634,0.00019844833704279276,0.000157563669482689,0.0002421678096561372,0.0002647157856833066
60860,4.282158361350954e-06,4.282158361350954e-06,0.0,0.00045276941042116933,0.0004255336030299722,0.001,0.00024869645367891623,0.0001626503065393619,0.00013710820606988768,0.00020633921858822008,0.00022068987479111489
60870,3.6082496422392727e-06,3.6082496422392727e-06,0.0,0.0003709272128165893,0.00036661696829958656,0.001,0.00020777277392750832,0.00012809071555931073,0.00010860260359172744,0.00016943653034933465,0.0001846177255589099
60880,3.129456265115677e-06,3.129456265115677e-06,0.0,0.00030679101361219703,0.00031339573467895423,0.001,0.0001714806218351427,0.00010620950873625021,8.994918359200828e-05,0.00014014885586153292,0.00015260524375398108
60890,2.79367066552198e-06,2.79367066552198e-06,0.0,0.00025449330163623157,0.00026615954113995763,0.001,0.0001413831907633278,9.009122914528775e-05,7.579595948244327e-05,0.00011567193810676645,0.00012491920826730127
60900,2.5611586423009456e-06,2.5611586423009456e-06,0.0,0.00020799702196016987,0.0002245938699194119,0.001,0.00011817045900897712,7.295958086978195e-05,6.064037337799771e-05,9.353322415402305e-05,0.00010209068740272481
60910,2.402149542874432e-06,2.402149542874432e-06,0.0,0.00016848980109061915,0.00018846161389634818,0.001,9.515513893274615e-05,5.8702932955129304e-05,4.941308744892179e-05,7.611376685571079e-05,8.29389605011045e-05
60920,2.2947097374604775e-06,2.2947097374604775e-06,0.0,0.00013621993058647862,0.00015738879283994393,0.001,7.730213715178416e-05,4.723188242643673e-05,3.9923392549491086e-05,6.135360375010492e-05,6.694064242149532e-05
60930,2.22293608691903e-06,2.22293608691903e-06,0.0,0.0001097868006847958,0.00013083791619752648,0.001,6.326001279057368e-05,3.792340814399694e-05,3.1885211880731775e-05,4.8951571495833526e-05,5.3705439948606986e-05
60940,2.1754815150870645e-06,2.1754815150870645e-06,0.0,8.803975250677136e-05,0.0001084042729432208,0.001,5.126332390276327e-05,3.0286535809781056e-05,2.5503590824218088e-05,3.8941104092582514e-05,4.2855695047002776e-05
60950,2.144373612961283e-06,2.144373612961283e-06,0.0,7.034486167617459e-05,8.970289760806466e-05,0.001,4.146146473046967e-05,2.404492497123046e-05,2.0363264053136037e-05,3.081298746767562e-05,3.402031032859917e-05
60960,2.1240965743223348e-06,2.1240965743223348e-06,0.0,5.6200921624168296e-05,7.431430222742562e-05,0.001,3.373725283321973e-05,1.909993669487116e-05,1.6212894035481708e-05,2.4233927573149732e-05,2.6904563661394888e-05
60970,2.110891859499458e-06,2.110891859499458e-06,0.0,4.501554166006807e-05,6.185322272934913e-05,0.001,2.767308508790496e-05,1.5223951753646565e-05,1.2937071186876142e-05,1.8974200980100277e-05,2.122181042843563e-05
60980,2.1022369448250755e-06,2.1022369448250755e-06,0.0,3.626387966626775e-05,5.198297667996506e-05,0.001,2.2900209862587297e-05,1.2203051008309138e-05,1.0397475732636033e-05,1.4849418618481736e-05,1.675533095359661e-05
60990,2.0964643404797057e-06,2.0964643404797057e-06,0.0,2.960137013108875e-05,4.43742462245016e-05,0.001,1.9251216805196093e-05,9.98608581477615e-06,8.499983378065011e-06,1.1658175766417589e-05,1.3276967468778733e-05
61000,2.0924883998158675e-06,2.0924883998158675e-06,0.0,2.464798267526141e-05,3.870727136528747e-05,0.001,1.6514530732982527e-05,8.40158970502489e-06,7.114958027340858e-06,9.247787190565492e-06,1.0633269617030966e-05
61010,2.089613007779193e-06,2.089613007779193e-06,0.0,2.1079501330543745e-05,3.466359733265085e-05,0.001,1.4504290082833929e-05,7.315690974877308e-06,6.140034775956362e-06,7.491570750333183e-06,8.686440574142582e-06
61020,2.087398628886674e-06,2.087398628886674e-06,0.0,1.860849964618063e-05,3.192015603116084e-05,0.001,1.3062564227964883e-05,6.625951624852489e-06,5.4899087238399316e-06,6.268920215011768e-06,7.300150000679565e-06
61030,2.085572011333335e-06,2.085572011333335e-06,0.0,1.69594922644832e-05,3.0167810998214447e-05,0.001,1.2044776042564696e-05,6.21096584733993e-06,5.075382868622682e-06,5.471838070324157e-06,6.360826952400203e-06
61040,2.0839659297032888e-06,2.0839659297032888e-06,0.0,1.589637502695354e-05,2.9132628115830972e-05,0.001,1.1336306264971327e-05,5.978383090894232e-06,4.823167068132849e-06,4.988794683810315e-06,5.754947074423435e-06
61050,2.082479668455332e-06,2.082479668455332e-06,0.0,1.5228021832566812e-05,2.8592430048492243e-05,0.001,1.084673836605182e-05,5.857016844751672e-06,4.675411733286397e-06,4.718190224670068e-06,5.382263762369098e-06
61060,2.0810535532382914e-06,2.0810535532382914e-06,0.0,1.4814104016261596e-05,2.8381561316318287e-05,0.001,1.0508832477417467e-05,5.798213798380173e-06,4.591082825376854e-06,4.57979874651305e-06,5.163186682883883e-06
61070,2.0796528183876556e-06,2.0796528183876556e-06,0.0,1.455855757906621e-05,2.8384122981910288e-05,0.001,1.02750617380191e-05,5.772954438892904e-06,4.543951279694649e-06,4.515844544014143e-06,5.038078171751323e-06
61080,2.078257564204558e-06,2.078257564204558e-06,0.0,1.4399829216098866e-05,2.852285737719876e-05,0.001,1.011233397787796e-05,5.764104347127869e-06,4.51778465517972e-06,4.491319572277425e-06,4.968571680856008e-06
61090,2.0768566133769818e-06,2.0768566133769818e-06,0.0,1.4299508265799031e-05,2.874784140609711e-05,0.001,9.998242935746447e-06,5.762585472652055e-06,4.503197735760598e-06,4.485459009252172e-06,4.93029015560742e-06
61100,2.075443818179118e-06,2.075443818179118e-06,0.0,1.4234575528264828e-05,2.902741477917491e-05,0.001,9.91761515589442e-06,5.763655370564927e-06,4.494832612965692e-06,4.487557786891811e-06,4.909359232573897e-06
61110,2.0740158798754328e-06,2.0740158798754328e-06,0.0,1.4191155999732363e-05,2.9341659978665647e-05,0.001,9.860172799996824e-06,5.765098824837217e-06,4.489754476258432e-06,4.49208228938693e-06,4.8977336494176865e-06
61120,2.072571084060919e-06,2.072571084060919e-06,0.0,1.416104079374865e-05,2.9678040086773876e-05,0.001,9.818885532710246e-06,5.765976979420978e-06,4.486371537207015e-06,4.496624970636111e-06,4.891100755809632e-06
61130,2.0711085805245207e-06,2.0711085805245207e-06,0.0,1.4139252956974472e-05,3.0028604134634454e-05,0.001,9.78889697375874e-06,5.76600491959846e-06,4.483845880314156e-06,4.500201322344558e-06,4.8870726031864565e-06
61140,2.0696279807871616e-06,2.0696279807871616e-06,0.0,1.4122785409747369e-05,3.0388245733489303e-05,0.001,9.766820096500936e-06,5.765187170511487e-06,4.481740586652398e-06,4.502606138212978e-06,4.8844186975637035e-06
61150,2.068129137464651e-06,2.068129137464651e-06,0.0,1.4109751462330294e-05,3.0753634671550526e-05,0.001,9.750273035171825e-06,5.76364362051216e-06,4.479833907024464e-06,4.503911102779533e-06,4.882469843441943e-06
61160,2.066612025695614e-06,2.066612025695614e-06,0.0,1.4098964615844315e-05,3.112256551451465e-05,0.001,9.737573432419534e-06,5.76151981813693e-06,4.478014011405919e-06,4.504317391458542e-06,4.880892848331632e-06
61170,2.0650766807358743e-06,2.0650766807358743e-06,0.0,1.4089647178726983e-05,3.1493559012831845e-05,0.001,9.727530087720789e-06,5.758950841152948e-06,4.476226042194096e-06,4.50402455919744e-06,4.879505254312731e-06
61180,2.063523165835842e-06,2.063523165835842e-06,0.0,1.4081290146723843e-05,3.186561504671425e-05,0.001,9.719301438924475e-06,5.756047725527527e-06,4.474443007728416e-06,4.503215729627017e-06,4.878217960811685e-06
61190,2.061951556104878e-06,2.061951556104878e-06,0.0,1.4073549920493773e-05,3.2238056546092785e-05,0.001,9.712295276125781e-06,5.7528965326522985e-06,4.472651851822336e-06,4.502032493541166e-06,4.87698039308079e-06
61200,2.0603619306319336e-06,2.0603619306319336e-06,0.0,1.4066195726616569e-05,3.261042812111588e-05,0.001,9.706097969600114e-06,5.749561318952647e-06,4.470846048265175e-06,4.500583115836768e-06,4.87576599657161e-06
61210,2.0587543687714913e-06,2.0587543687714913e-06,0.0,1.4059071045368472e-05,3.298242856872614e-05,0.001,9.700423019057852e-06,5.746088358343547e-06,4.4690222808455255e-06,4.4989454947121695e-06,4.8745591074818015e-06
61220,2.0571289484796817e-06,2.0571289484796817e-06,0.0,1.405207009665797e-05,3.335386464548733e-05,0.001,9.695073879582959e-06,5.74251009602627e-06,4.4671788476098885e-06,4.49717456466849e-06,4.8733505103960074e-06
61230,2.0554857456318103e-06,2.0554857456318103e-06,0.0,1.4045122122405696e-05,3.372461881513509e-05,0.001,9.689917174729609e-06,5.738848719021014e-06,4.465314860770441e-06,4.4953087826753e-06,4.872135203874099e-06
61240,2.0538248337941013e-06,2.0538248337941013e-06,0.0,1.4038179833518775e-05,3.4094626397581065e-05,0.001,9.68486352896545e-06,5.735119221330693e-06,4.463429829311459e-06,4.493373947410641e-06,4.870909897798778e-06
61250,2.052146284198166e-06,2.052146284198166e-06,0.0,1.4031212188481048e-05,3.446385925868818e-05,0.001,9.679853989727931e-06,5.731331645482611e-06,4.461523438616256e-06,4.4913871985450964e-06,4.869672498107231e-06
61260,2.050450165799506e-06,2.050450165799506e-06,0.0,1.40241990651744e-05,3.483231416284876e-05,0.001,9.674850259462015e-06,5.727492576379659e-06,4.459595494045367e-06,4.489359687915988e-06,4.868421656657785e-06
61270,2.0487365453681644e-06,2.0487365453681644e-06,0.0,1.4017127596942757e-05,3.5200004482069875e-05,0.001,9.669827810082137e-06,5.723606226189744e-06,4.457645885446901e-06,4.487298577785397e-06,4.867156543725245e-06
61280,2.047005487588154e-06,2.047005487588154e-06,0.0,1.4009989746692106e-05,3.5566954346505676e-05,0.001,9.664771258589498e-06,5.719675272354049e-06,4.45567454358345e-06,4.485208386347963e-06,4.865876651541094e-06
61290,2.0452570551564113e-06,2.0452570551564113e-06,0.0,1.4002780585104603e-05,3.593319456533391e-05,0.001,9.659671165010743e-06,5.715701407124455e-06,4.453681421908047e-06,4.48309186634664e-06,4.8645816266861865e-06
61300,2.0434913088783463e-06,2.0434913088783463e-06,0.0,1.3995497164512366e-05,3.629875982311154e-05,0.001,9.654521856217195e-06,5.71168567270273e-06,4.451666494447071e-06,4.480950678277735e-06,4.863271251441522e-06
61310,2.0417083077583673e-06,2.0417083077583673e-06,0.0,1.3988137780344856e-05,3.6663686787214086e-05,0.001,9.649320017025146e-06,5.707628709777729e-06,4.449629746030668e-06,4.478785801438798e-06,4.8619453914329406e-06
61320,2.0399081090859313e-06,2.0399081090859313e-06,0.0,1.3980701481857792e-05,3.702801285813004e-05,0.001,9.644063776318835e-06,5.703530919934191e-06,4.447571165877437e-06,4.476597784938717e-06,4.860603946968832e-06
61330,2.03809076851673e-06,2.03809076851673e-06,0.0,1.3973187759572941e-05,3.7391775365657796e-05,0.001,9.63875210578451e-06,5.699392554953168e-06,4.44549074722313e-06,4.4743869332123925e-06,4.85924684878518e-06
61340,2.03625634014995e-06,2.03625634014995e-06,0.0,1.3965596363002327e-05,3.7755011070466714e-05,0.001,9.633384472738608e-06,5.695213782930187e-06,4.443388484256748e-06,4.472153403924292e-06,4.8578740420627865e-06
61350,2.034404876601483e-06,2.034404876601483e-06,0.0,1.3957927174858125e-05,3.8117755870336585e-05,0.001,9.627960605312493e-06,5.690994724056866e-06,4.4412643707804065e-06,4.469897275787158e-06,4.856485478003671e-06
61360,2.03253642907376e-06,2.03253642907376e-06,0.0,1.3950180149029046e-05,3.8480044640394724e-05,0.001,9.622480372076146e-06,5.686735471996837e-06,4.439118399938316e-06,4.467618584128252e-06,4.8550811119573e-06
61370,2.030651047421846e-06,2.030651047421846e-06,0.0,1.3942355270314235e-05,3.8841911159515794e-05,0.001,9.616943706239233e-06,5.682436105894503e-06,4.436950563790733e-06,4.465317342882974e-06,4.853660901048656e-06
61380,2.0287487802167664e-06,2.0287487802167664e-06,0.0,1.3934452529193324e-05,3.920338808976087e-05,0.001,9.611350561721314e-06,5.678096699126343e-06,4.434760852187177e-06,4.4629935545068785e-06,4.85222479813079e-06
61390,2.0268296748060294e-06,2.0268296748060294e-06,0.0,1.3926471919334445e-05,3.9564506987323084e-05,0.001,9.605700900614381e-06,5.673717318694324e-06,4.4325492543466614e-06,4.460647219290485e-06,4.8507727605972265e-06
61400,2.0248937773708912e-06,2.0248937773708912e-06,0.0,1.391841342566868e-05,3.992529833150182e-05,0.001,9.599994678601938e-06,5.669298031584962e-06,4.430315756984972e-06,4.458278333113177e-06,4.849304739657631e-06
61410,2.0229411329817216e-06,2.0229411329817216e-06,0.0,1.391027702738572e-05,4.028579156235629e-05,0.001,9.594231843647541e-06,5.664838900814307e-06,4.428060346016577e-06,4.455886893897343e-06,4.8478206896712e-06
61420,2.020971785650648e-06,2.020971785650648e-06,0.0,1.3902062694134552e-05,4.064601512235067e-05,0.001,9.588412334890121e-06,5.660339990103903e-06,4.425783005034173e-06,4.4534728961712274e-06,4.846320559265074e-06
61430,2.018985778381961e-06,2.018985778381961e-06,0.0,1.3893770390095723e-05,4.1005996498489646e-05,0.001,9.582536083975968e-06,5.65580135982855e-06,4.423483716800103e-06,4.451036336381299e-06,4.844804299803351e-06
61440,2.016983153220423e-06,2.016983153220423e-06,0.0,1.3885400072110091e-05,4.136576226368947e-05,0.001,9.576603015970507e-06,5.651223070015706e-06,4.421162462263775e-06,4.44857720837249e-06,4.843271859125427e-06
61450,2.014963951297875e-06,2.014963951297875e-06,0.0,1.3876951691060177e-05,4.172533811617745e-05,0.001,9.570613049295156e-06,5.646605178717588e-06,4.418819221128837e-06,4.446095505948767e-06,4.841723184944564e-06
61460,2.0129282128776067e-06,2.0129282128776067e-06,0.0,1.3868425191575265e-05,4.208474891678543e-05,0.001,9.564566096632038e-06,5.641947742881681e-06,4.416453971631686e-06,4.443591221148209e-06,4.840158222845134e-06
61470,2.010875977397157e-06,2.010875977397157e-06,0.0,1.3859820516573523e-05,4.2444018724145764e-05,0.001,9.558462068931217e-06,5.637250816552365e-06,4.414066691323507e-06,4.441064346431742e-06,4.83857692124435e-06
61480,2.0088072835094607e-06,2.0088072835094607e-06,0.0,1.3851137598114826e-05,4.2803170827688316e-05,0.001,9.552300866829364e-06,5.632514454559943e-06,4.411657355572406e-06,4.438514870943516e-06,4.836979221505253e-06
61490,2.0067221691225183e-06,2.0067221691225183e-06,0.0,1.3842376372658563e-05,4.316222777849262e-05,0.001,9.546082396990082e-06,5.627738708145955e-06,4.409225939680795e-06,4.435942783791412e-06,4.835365071109366e-06
61500,2.004620671437361e-06,2.004620671437361e-06,0.0,1.3833536761298648e-05,4.352121141879815e-05,0.001,9.53980654813563e-06,5.6229236287749485e-06,4.406772416833197e-06,4.433348073669419e-06,4.833734410350463e-06
61510,2.0025028269847704e-06,2.0025028269847704e-06,0.0,1.3824618689573878e-05,4.388014290913884e-05,0.001,9.533473217457373e-06,5.618069266550437e-06,4.4042967595862985e-06,4.430730725692426e-06,4.832087181725556e-06
61520,2.000368671660869e-06,2.000368671660869e-06,0.0,1.3815622076296612e-05,4.423904275435344e-05,0.001,9.52708229371605e-06,5.6131756697121875e-06,4.401798939556486e-06,4.42809072594794e-06,4.830423327425629e-06
61530,1.9982182407610937e-06,1.9982182407610937e-06,0.0,1.3806546839802064e-05,4.4597930828034185e-05,0.001,9.520633666441395e-06,5.608242884998155e-06,4.399278927652138e-06,4.425428059198541e-06,4.828742790826859e-06
61540,1.996051569013292e-06,1.996051569013292e-06,0.0,1.3797392895896119e-05,4.495682639561337e-05,0.001,9.51412722343282e-06,5.603270958167494e-06,4.39673669388062e-06,4.4227427087832145e-06,4.827045514990572e-06
61550,1.993868690609521e-06,1.993868690609521e-06,0.0,1.378816023649996e-05,4.5315748135645444e-05,0.001,9.507562946039675e-06,5.5982599184811544e-06,4.394172215885233e-06,4.420034658052506e-06,4.825331496069754e-06
61560,1.991669639236972e-06,1.991669639236972e-06,0.0,1.3778850198490876e-05,4.56747141524905e-05,0.001,9.500942451137096e-06,5.593209530840431e-06,4.3915856146398785e-06,4.417303907078157e-06,4.823601639782437e-06
61570,1.989454448107791e-06,1.989454448107791e-06,0.0,1.3769500651380028e-05,4.6033741766159134e-05,0.001,9.494311748708116e-06,5.5881124119895904e-06,4.3889809145593795e-06,4.414550935362547e-06,4.8218815374669885e-06
61580,1.987223149990303e-06,1.987223149990303e-06,0.0,1.3761636643477248e-05,4.639283799808921e-05,0.001,9.489517982676998e-06,5.582677758174563e-06,4.386522078370239e-06,4.411798940772427e-06,4.821198285562509e-06
61590,1.9849757849384688e-06,1.9849757849384688e-06,0.0,1.3876108216067831e-05,4.6751493373146435e-05,0.001,9.613637542311598e-06,5.578972341348707e-06,4.401457553495359e-06,4.4220166903211605e-06,4.889695718322349e-06
61600,1.9827640886692793e-06,1.9827640886692793e-06,0.0,8.054668989724332e-05,4.753838421971868e-05,0.001,5.365893694119556e-05,3.832182485485092e-05,2.212673545542476e-05,2.6875332876889508e-05,2.535172356813352e-05
61610,2.6607925065207026e-06,2.6607925065207026e-06,0.0,0.008952667871251901,0.0007885163251137573,0.001,0.005867169698469285,0.004374820618755937,0.0024691423868233677,0.0030382108271610844,0.0027378619478615864
61620,0.0012640299794962123,0.0012640299794962123,0.0,0.38254736560032804,0.01779949473433295,0.001,0.24860665135247537,0.186592223884197,0.10563617941455954,0.13165206530254708,0.11912294827854118
61630,8.025733192909619e-05,8.025733192909619e-05,0.0,0.08581827530123066,0.005558794046875283,0.001,0.05309992562590955,0.04039194014032846,0.024293108741782633,0.03238339051749936,0.029668438806601874
61640,2.989491573710382e-05,2.989491573710382e-05,0.0,0.04791765343574388,0.0027365322885272137,0.001,0.028668071847869202,0.021956711167757437,0.013710003438327073,0.01908487684344204,0.017555036377999718
61650,4.423754070718219e-06,4.423754070718219e-06,0.0,0.01297287107242511,0.002945504189310006,0.001,0.007755209337383,0.005908219889382895,0.0036737015038977015,0.005167052054661297,0.004824767576633504
61660,1.1393181455276602e-05,1.1393181455276602e-05,0.0,0.027191215657509173,0.0016321811950067047,0.0009000000000000001,0.01586897598820724,0.01230344415206121,0.007842536553483145,0.011134752695413622,0.010305381956105702
61670,2.745137424833151e-06,2.745137424833151e-06,0.0,0.007562739688216212,0.001000674975687273,0.0009000000000000001,0.004598492834300549,0.00339995468309724,0.00208004576083657,0.002991774356120819,0.0028202459915217014
61680,2.420098426551776e-06,2.420098426551776e-06,0.0,0.005404229603516288,0.00020035452165014322,0.0009000000000000001,0.003556942112798619,0.002336289795780711,0.0014404913102564964,0.0020282310820383255,0.001846620796226527
61690,2.478497719342733e-06,2.478497719342733e-06,0.0,0.005573769919207565,0.000285472965524445,0.0009000000000000001,0.0032447801853852922,0.0024971652888301013,0.0016016684469235582,0.002304116678515939,0.002131579802572306
61700,2.1278048100337717e-06,2.1278048100337717e-06,0.0,0.002414206628591087,0.00019170759007012232,0.0009000000000000001,0.0017185973138420872,0.0010534333290000291,0.0005657828423245321,0.0007854292864916181,0.0007596553882284134
61710,2.108578831560827e-06,2.108578831560827e-06,0.0,0.0016592129961829091,6.344854802356515e-05,0.0009000000000000001,0.0011916494486492071,0.0006943822844303595,0.00039976769852250273,0.0005600272780861144,0.0005078554547517834
61720,2.0921104211161132e-06,2.0921104211161132e-06,0.0,0.001026968490328292,7.877746638370503e-05,0.0009000000000000001,0.0006337894967259257,0.0004622303037079717,0.00028158637978162554,0.00039871998838529273,0.00037729116822053763
61730,2.0813889110569704e-06,2.0813889110569704e-06,0.0,0.0007457986097270392,5.0313686341383525e-05,0.0009000000000000001,0.0006006108013288763,0.0003045604086851562,0.00014240804157369518,0.00018627126565732468,0.00017682895892977448
61740,2.0776203055081936e-06,2.0776203055081936e-06,0.0,0.00030060245805855644,4.691848216518676e-05,0.0009000000000000001,0.000174729694186561,0.00013685853051886832,8.669988120558713e-05,0.00012326432769234588,0.00011357212371559913
61750,2.0748275817365583e-06,2.0748275817365583e-06,0.0,0.00032565874443383087,4.388813920699913e-05,0.0009000000000000001,0.00026179752802271716,0.00013241257921020271,6.208477026989139e-05,8.196814982656278e-05,7.961746148709757e-05
61760,2.072255009398533e-06,2.072255009398533e-06,0.0,8.476516918289876e-05,4.396614496561596e-05,0.0009000000000000001,5.022163103305251e-05,3.6978894233909324e-05,2.4124156226713723e-05,3.454617117204315e-05,3.326756886409754e-05
61770,2.0700630232364002e-06,2.0700630232364002e-06,0.0,0.00012968133653964138,4.388211341226716e-05,0.0009000000000000001,0.0001049941958777294,5.365728694695669e-05,2.4476166365160665e-05,3.093675066335018e-05,2.9259675833312696e-05
61780,2.067790403458684e-06,2.067790403458684e-06,0.0,3.9172390466433624e-05,4.394936237935723e-05,0.0009000000000000001,2.988849329570026e-05,1.7578392581447253e-05,8.621357235134728e-06,1.0397878598822714e-05,9.507759208456027e-06
61790,2.06557455277734e-06,2.06557455277734e-06,0.0,4.0034349847606746e-05,4.4243041812092515e-05,0.0009000000000000001,3.108603392965569e-05,1.5660506673429265e-05,8.740328341125386e-06,1.1639035409390075e-05,1.1562887675497735e-05
61800,2.063341296250905e-06,2.063341296250905e-06,0.0,3.091875719141469e-05,4.4530582003850504e-05,0.0009000000000000001,2.36519701694202e-05,1.186670983528391e-05,7.089051803166572e-06,9.272465198069372e-06,9.656179895067869e-06
61810,2.061094052790121e-06,2.061094052790121e-06,0.0,1.4183707001287665e-05,4.483351827933421e-05,0.0009000000000000001,9.733478795707095e-06,5.630309087485952e-06,4.406109546641756e-06,4.6854090439693e-06,5.203159102966806e-06
61820,2.058836209551784e-06,2.058836209551784e-06,0.0,1.6488464212771862e-05,4.5128038005010006e-05,0.0009000000000000001,1.2250600825495297e-05,7.084621991262401e-06,4.522920296332107e-06,4.434185454320447e-06,4.727059844367308e-06
61830,2.0565635396946122e-06,2.0565635396946122e-06,0.0,1.5313496118773674e-05,4.542733777006799e-05,0.0009000000000000001,1.1103083516664816e-05,6.465199298256878e-06,4.419372506740584e-06,4.3867909356663014e-06,4.779839317737666e-06
61840,2.0542765761924346e-06,2.0542765761924346e-06,0.0,1.423894377902479e-05,4.5735959023450566e-05,0.0009000000000000001,9.917894706978244e-06,5.777972275576535e-06,4.366032757179619e-06,4.506818019772647e-06,5.010907915617742e-06
61850,2.051975437009543e-06,2.051975437009543e-06,0.0,1.4146275146715007e-05,4.604828109172742e-05,0.0009000000000000001,9.728225103335729e-06,5.622753225787367e-06,4.390048776652742e-06,4.6446450455878224e-06,5.171842724533642e-06
61860,2.0496600057957037e-06,2.0496600057957037e-06,0.0,1.4129952426037117e-05,4.6360873716697675e-05,0.0009000000000000001,9.69989433708302e-06,5.610769426771833e-06,4.3918418980465565e-06,4.6629196490431575e-06,5.178343470674047e-06
61870,2.0473302698785132e-06,2.0473302698785132e-06,0.0,1.4084287194805355e-05,4.667337884591599e-05,0.0009000000000000001,9.673291129564097e-06,5.620197178886833e-06,4.380106938000035e-06,4.6314156812087545e-06,5.1317176456052015e-06
61880,2.0449862371888734e-06,2.0449862371888734e-06,0.0,1.405323544279473e-05,4.698628942989091e-05,0.0009000000000000001,9.66108182654185e-06,5.630565746992031e-06,4.369807354617936e-06,4.601642496994946e-06,5.093154333317929e-06
61890,2.042627912170274e-06,2.042627912170274e-06,0.0,1.403683753840437e-05,4.729979656184292e-05,0.0009000000000000001,9.656755908704765e-06,5.634916623973087e-06,4.363271931979458e-06,4.583960648426651e-06,5.072758914409259e-06
61900,2.0402552988036903e-06,2.0402552988036903e-06,0.0,1.4026589248150669e-05,4.761381220435263e-05,0.0009000000000000001,9.653438985972118e-06,5.633760430186556e-06,4.35913338602098e-06,4.574911616922477e-06,5.06425429498981e-06
61910,2.0378684015162484e-06,2.0378684015162484e-06,0.0,1.401809856428927e-05,4.792827169926306e-05,0.0009000000000000001,9.64921441670374e-06,5.629698182360164e-06,4.356096652011092e-06,4.570115771246085e-06,5.061139152960159e-06
61920,2.0354672249512243e-06,2.0354672249512243e-06,0.0,1.4009757376077597e-05,4.8243220914126536e-05,0.0009000000000000001,9.644046051511831e-06,5.624515123577164e-06,4.353447489721992e-06,4.566966434557558e-06,5.059817004790544e-06
61930,2.03305177383597e-06,2.03305177383597e-06,0.0,1.4001104110428791e-05,4.855873536389864e-05,0.0009000000000000001,9.638207559153268e-06,5.619011378078073e-06,4.3508802485246595e-06,4.564300717987803e-06,5.058812669529997e-06
61940,2.030622052955515e-06,2.030622052955515e-06,0.0,1.3992091728036412e-05,4.887485112184921e-05,0.0009000000000000001,9.631925237890105e-06,5.613464770687578e-06,4.348295165515693e-06,4.56170658670361e-06,5.057674750956516e-06
61950,2.0281780671565013e-06,2.0281780671565013e-06,0.0,1.3982781348478022e-05,4.919156651782596e-05,0.0009000000000000001,9.62533897300306e-06,5.607943776751846e-06,4.345672374508383e-06,4.559076736336e-06,5.056331304594222e-06
63210,0.06922229812557472,0.06922229812557472,0.0,4.267622727536302,0.06736049200188515,0.001,3.4824818148884766,1.7223177360634032,0.7737967949541374,0.9993126778330138,1.0324493122178604
63220,0.011076674487707695,0.011076674487707695,0.0,0.9320201640812982,0.020616487166258225,0.001,0.6375261697310812,0.37473538750716223,0.23867970209424796,0.34554342932036153,0.31690725205756715
63230,0.0008863026691493483,0.0008863026691493483,0.0,0.12209445790618362,0.01324073027895337,0.001,0.0694692600470088,0.060496311309512094,0.0380700490037581,0.04587510045842356,0.04384968394080978
63240,0.0016558691774594886,0.0016558691774594886,0.0,0.2670306967365746,0.005278387806679985,0.001,0.1746726448173021,0.09720072932357005,0.06512111426435827,0.10898931908810944,0.10437563790990659
63250,0.0005377255639895365,0.0005377255639895365,0.0,0.10914218273000251,0.0064364109448328665,0.001,0.07087110513833852,0.04018410623501651,0.024654538871935874,0.0442476384132699,0.04443670103139368
63260,0.0003988817811904428,0.0003988817811904428,0.0,0.1016192951513513,0.003465284567031814,0.001,0.0674857014711844,0.03595288284840982,0.02298922327637918,0.04144290874469001,0.040197038587128704
63270,0.00016457075926609244,0.00016457075926609244,0.0,0.009580970126549938,0.0036246453374433833,0.001,0.005551984107023564,0.004435312888514331,0.0029501096940031035,0.003838303825410422,0.003462929790892193
63280,0.00012055194671611832,0.00012055194671611832,0.0,0.029224116203843405,0.0029593731364468056,0.001,0.0216917176903596,0.010972780371545945,0.005796045589118877,0.009974933934072824,0.009823262667090363
63290,8.278895201911887e-05,8.278895201911887e-05,0.0,0.025100577759834094,0.002284935688440638,0.001,0.018949678648020434,0.009721700535269655,0.004901248355923266,0.007843569064988325,0.00825185254230499
63300,5.6119765096714685e-05,5.6119765096714685e-05,0.0,0.012238486899493198,0.0018870257527329073,0.001,0.008738149111557963,0.004640733048757891,0.0024581769939279923,0.00445865431275599,0.004448544843709496
63310,3.9764474050230766e-05,3.9764474050230766e-05,0.0,0.005093161908796644,0.0015405870101397314,0.001,0.002614562482173363,0.0023406593974332848,0.0015499879692394262,0.0021359555032587282,0.002242387663642567
63320,2.928022609012315e-05,2.928022609012315e-05,0.0,0.005136512061654319,0.0012830359972185114,0.001,0.0033425441755630574,0.0021727841004100345,0.0012957320964960964,0.0018753819675019752,0.0019437399183687351
63330,2.195104706666627e-05,2.195104706666627e-05,0.0,0.001927931130910554,0.0010779991561919928,0.001,0.0011539768411989615,0.0008118289084435413,0.0005522577245590378,0.000795857865822277,0.00073650496826772
63340,1.704778739702815e-05,1.704778739702815e-05,0.0,0.002133066172470338,0.0009283890288014376,0.001,0.0015932912225655488,0.0007452873932438335,0.0004321514226716726,0.0007146593840408662,0.0008001425130638941
63350,1.3554792067801194e-05,1.3554792067801194e-05,0.0,0.0010836630204438624,0.0008044673995727093,0.001,0.0005281510852732678,0.0003232217945073388,0.0002950464080231381,0.000561279722533746,0.0005441288107437028
63360,1.1087491885685057e-05,1.1087491885685057e-05,0.0,0.000986060513371934,0.0006857427748375017,0.001,0.0006055519790092234,0.0003747907022914593,0.000266545613633169,0.000423055871188285,0.00038855317493459934
63370,9.347868038820923e-06,9.347868038820923e-06,0.0,0.0007560216957149191,0.0005952832230162508,0.001,0.0005591399090285583,0.0002776413968000197,0.00019016044475015552,0.00025764953629701373,0.00026851118438578537
63380,8.123000785870873e-06,8.123000785870873e-06,0.0,0.0005431967628195002,0.0005108061551546589,0.001,0.0003177605614323877,0.0002254948960376891,0.00016921419987243368,0.00023019528414382337,0.00021543523871785206
63390,7.267301522448868e-06,7.267301522448868e-06,0.0,0.00039575268433315457,0.00043689718395728593,0.001,0.00024377327546221296,0.0001286498792677989,0.00011514338822526038,0.00017582543444110858,0.00017769287037954247
63400,6.6757758239928604e-06,6.6757758239928604e-06,0.0,0.0003318687360936633,0.0003715186439459348,0.001,0.0001914040638180116,0.00012042937769879934,9.963871629979244e-05,0.00015059689564344373,0.00014344466276761824
63410,6.2714861333188406e-06,6.2714861333188406e-06,0.0,0.00025476600665962464,0.0003135513698163346,0.001,0.0001561575515034737,9.182247729844087e-05,7.775069829352843e-05,0.00010970366467136629,0.00010993153266289125
63420,5.998800094368483e-06,5.998800094368483e-06,0.0,0.00021020464933091317,0.0002625242884155298,0.001,0.00012432450385805216,7.938327543451834e-05,6.439826686866004e-05,9.177393941945704e-05,8.876346474112074e-05
63430,5.817444881718233e-06,5.817444881718233e-06,0.0,0.00016171741594942662,0.0002182215588804445,0.001,9.635121409872494e-05,5.6175923963894846e-05,4.909759502250242e-05,7.1867094286174e-05,7.194625261472426e-05
63440,5.698526885628666e-06,5.698526885628666e-06,0.0,0.0001301633444845535,0.00017973805320712507,0.001,7.791570206690205e-05,4.835519107062271e-05,3.997854489032383e-05,5.629985692615158e-05,5.575769697837462e-05
63450,5.621630417424736e-06,5.621630417424736e-06,0.0,0.0001026374752583924,0.00014719288566265534,0.001,6.195938977811962e-05,3.7617298924862716e-05,3.127943606881003e-05,4.421382384593872e-05,4.411950827618871e-05
63460,5.57253539960371e-06,5.57253539960371e-06,0.0,8.008368143142576e-05,0.00011975933389178812,0.001,4.883791371086578e-05,2.8770545005397905e-05,2.4301216056984844e-05,3.430280021166941e-05,3.476429678043319e-05
63470,5.54151342592902e-06,5.54151342592902e-06,0.0,6.380062034083756e-05,9.708057987815092e-05,0.001,3.9749530109410234e-05,2.3721431669205916e-05,1.9257658931933003e-05,2.6403984603393986e-05,2.6774856791698917e-05
63480,5.522030767185182e-06,5.522030767185182e-06,0.0,5.040093727713606e-05,7.871744229465146e-05,0.001,3.2034344441806456e-05,1.8684770687974206e-05,1.5009901197941894e-05,2.0400145601033876e-05,2.0880124912102888e-05
63490,5.509780358596705e-06,5.509780358596705e-06,0.0,3.987116940371754e-05,6.414805205428934e-05,0.001,2.5902181638450063e-05,1.492001480245558e-05,1.1824033122673508e-05,1.5572122996309636e-05,1.6243326638650433e-05
63500,5.501976911605289e-06,5.501976911605289e-06,0.0,3.244617984659863e-05,5.293246042025552e-05,0.001,2.1724052849041608e-05,1.2373511914437432e-05,9.446685471451413e-06,1.2031487630992074e-05,1.2697521760784111e-05
63510,5.496853623973982e-06,5.496853623973982e-06,0.0,2.713569474276844e-05,4.464374647115681e-05,0.001,1.874828413339017e-05,1.0625573262942327e-05,7.740194823208871e-06,9.407169909002305e-06,1.0074974810890603e-05
63520,5.493311239080858e-06,5.493311239080858e-06,0.0,2.334827959185575e-05,3.88249224766763e-05,0.001,1.6494047977016828e-05,9.315320599076444e-06,6.536869553925974e-06,7.641309503713072e-06,8.315129272340515e-06
63530,5.490679040990958e-06,5.490679040990958e-06,0.0,2.082884657067444e-05,3.499679835085175e-05,0.001,1.4912356666714486e-05,8.44237567063178e-06,5.744967494330801e-06,6.5315630439949835e-06,7.1874039940683216e-06
63540,5.488555758568128e-06,5.488555758568128e-06,0.0,1.9276918668593484e-05,3.267476783450464e-05,0.001,1.3902008873568135e-05,7.923458952901925e-06,5.250387193477951e-06,5.884554364543787e-06,6.481699187049915e-06
63550,5.486706061556146e-06,5.486706061556146e-06,0.0,1.8353516526023994e-05,3.1413349220607204e-05,0.001,1.3264177565364903e-05,7.623366049829725e-06,4.955589310187149e-06,5.544546714752582e-06,6.070485777949035e-06
63560,5.484994712398103e-06,5.484994712398103e-06,0.0,1.7810535737737393e-05,3.084858310588829e-05,0.001,1.2850132517025589e-05,7.441928372553184e-06,4.784685340011544e-06,5.398022903750372e-06,5.856786631211138e-06
63570,5.483345595036755e-06,5.483345595036755e-06,0.0,1.7490457046558718e-05,3.07166300997635e-05,0.001,1.257416530781154e-05,7.3320464283195946e-06,4.6891448105242315e-06,5.351447305182605e-06,5.755685046013476e-06
63580,5.481716781107157e-06,5.481716781107157e-06,0.0,1.7302987243595862e-05,3.08427851905037e-05,0.001,1.2392040197971804e-05,7.267413502053256e-06,4.636297307811516e-06,5.349381743366033e-06,5.7092182755725195e-06
63590,5.4800856889042915e-06,5.4800856889042915e-06,0.0,1.7193256954359824e-05,3.111868127426663e-05,0.001,1.227108005690838e-05,7.22729893736242e-06,4.607358467871317e-06,5.365715907450623e-06,5.694150265123067e-06
63600,5.478440445215386e-06,5.478440445215386e-06,0.0,1.712921799235456e-05,3.148003526999719e-05,0.001,1.219229971654782e-05,7.203695406446801e-06,4.591466631516474e-06,5.385106982011279e-06,5.690367380088887e-06
63610,5.476774970269838e-06,5.476774970269838e-06,0.0,1.7091614748895343e-05,3.1889703430357466e-05,0.001,1.2140716511316022e-05,7.1893561070808004e-06,4.582829825414758e-06,5.402757187219783e-06,5.692088303162093e-06
63620,5.475086244955761e-06,5.475086244955761e-06,0.0,1.7069733016939667e-05,3.2326584511752796e-05,0.001,1.2107243460464375e-05,7.180529649970397e-06,4.578192445021317e-06,5.417161718437032e-06,5.695794141692253e-06
63630,5.47337282691912e-06,5.47337282691912e-06,0.0,1.7057239564834495e-05,3.277875803182231e-05,0.001,1.2085845093666908e-05,7.1753043082982e-06,4.575840201153014e-06,5.428031191357952e-06,5.699554823687353e-06
63640,5.471634064208386e-06,5.471634064208386e-06,0.0,1.7050523882247683e-05,3.323946846851448e-05,0.001,1.2072373355389989e-05,7.17207988058263e-06,4.5748185763118905e-06,5.436179359842949e-06,5.703361080915723e-06
63650,5.4698696889780885e-06,5.4698696889780885e-06,0.0,1.7047426021958533e-05,3.370486441611939e-05,0.001,1.2064276498409782e-05,7.170273150052886e-06,4.574595223044651e-06,5.442105158806057e-06,5.706726276825214e-06
63660,5.468079613059656e-06,5.468079613059656e-06,0.0,1.7046654367320698e-05,3.417270983534997e-05,0.001,1.2059747152210654e-05,7.169305203212404e-06,4.574858803448383e-06,5.446497171367203e-06,5.70982995073961e-06
63670,5.4662638279647526e-06,5.4662638279647526e-06,0.0,1.704736074729016e-05,3.464169678582676e-05,0.001,1.2057566286002508e-05,7.168894641485633e-06,4.575433420260174e-06,5.449799866025253e-06,5.712701414508489e-06
63680,5.464422357452422e-06,5.464422357452422e-06,0.0,1.7049033612476587e-05,3.511105139742159e-05,0.001,1.2056938923981214e-05,7.168840710897324e-06,4.576204713652851e-06,5.452378491189734e-06,5.71541175483852e-06
63690,5.462555235801281e-06,5.462555235801281e-06,0.0,1.705133181975774e-05,3.5580319932477315e-05,0.001,1.2057317727026887e-05,7.169011778320642e-06,4.5771038323817485e-06,5.454488012549932e-06,5.7180247615898836e-06
63700,5.460662498269231e-06,5.460662498269231e-06,0.0,1.7054030711169935e-05,3.604924490725952e-05,0.001,1.2058337621700471e-05,7.16932694260744e-06,4.578088084155331e-06,5.45629793319755e-06,5.720580192212279e-06
63710,5.458744177142151e-06,5.458744177142151e-06,0.0,1.7056992214274996e-05,3.6517692324112355e-05,0.001,1.2059764935231892e-05,7.1697283530015975e-06,4.579128815811098e-06,5.457929391558083e-06,5.723114008359188e-06
63720,5.456800300249985e-06,5.456800300249985e-06,0.0,1.7060125136975813e-05,3.698560718538624e-05,0.001,1.2061448490751304e-05,7.170184438037413e-06,4.580208531276694e-06,5.459455348604979e-06,5.725641253619685e-06
63730,5.454830890525036e-06,5.454830890525036e-06,0.0,1.7063371540458012e-05,3.7452985176732145e-05,0.001,1.206329066350896e-05,7.170672842953373e-06,4.581316322238972e-06,5.460924179153182e-06,5.728175741277342e-06
63740,5.452835965974535e-06,5.452835965974535e-06,0.0,1.706669543376873e-05,3.791985445155241e-05,0.001,1.2065230215234168e-05,7.171178624382307e-06,4.582445381783307e-06,5.462366993382636e-06,5.730727460067931e-06
63750,5.4508155398044485e-06,5.4508155398044485e-06,0.0,1.707007428957693e-05,3.838626346149728e-05,0.001,1.2067229636980528e-05,7.171693349897988e-06,4.58359165993225e-06,5.463801870695454e-06,5.733301030102794e-06
63760,5.448769620588294e-06,5.448769620588294e-06,0.0,1.7073494667404834e-05,3.885227281869524e-05,0.001,1.2069266759398908e-05,7.17221193561711e-06,4.584752768141789e-06,5.465239315718191e-06,5.735899160337828e-06
63770,5.44669821244146e-06,5.44669821244146e-06,0.0,1.707694914806376e-05,3.931794992665856e-05,0.001,1.2071329428769711e-05,7.17273138064741e-06,4.585927289752683e-06,5.466685171464141e-06,5.7385234789021045e-06
63780,5.444601315189484e-06,5.444601315189484e-06,0.0,1.7080433785697388e-05,3.978336546252476e-05,0.001,1.2073411430520047e-05,7.173250117922342e-06,4.587114400045756e-06,5.468142325835344e-06,5.741174595223091e-06
63790,5.442478924525406e-06,5.442478924525406e-06,0.0,1.7083946287324997e-05,4.024859111854816e-05,0.001,1.2075509431044717e-05,7.1737672396565565e-06,4.588313644102732e-06,5.469612110295137e-06,5.743852658938019e-06
63800,5.440331032156844e-06,5.440331032156844e-06,0.0,1.7087485135574722e-05,4.071369820506143e-05,0.001,1.2077621434627459e-05,7.174282070084161e-06,4.5895247819717745e-06,5.471095115828106e-06,5.746557726594996e-06
63810,5.438157625943136e-06,5.438157625943136e-06,0.0,1.7091049374849664e-05,4.117875682961623e-05,0.001,1.2079746390231919e-05,7.174794136646549e-06,4.590747673367532e-06,5.472591478072852e-06,5.749289737387059e-06
63820,5.435958690024536e-06,5.435958690024536e-06,0.0,1.7094638432740064e-05,4.164383545173167e-05,0.001,1.208188388393744e-05,7.175303133109465e-06,4.591982216467039e-06,5.474101056927142e-06,5.752048507303961e-06
63830,5.433734204942461e-06,5.433734204942461e-06,0.0,1.7098251830462426e-05,4.210900067644827e-05,0.001,1.2084033660560848e-05,7.1758087848352826e-06,4.5932283306425435e-06,5.475623631610628e-06,5.75483383517907e-06
63840,5.431484147753205e-06,5.431484147753205e-06,0.0,1.7101889048720464e-05,4.257431719274415e-05,0.001,1.2086195400598033e-05,7.176310784723959e-06,4.594485946825483e-06,5.477158994633393e-06,5.757645554151748e-06
63850,5.429208492134613e-06,5.429208492134613e-06,0.0,1.7105549589506774e-05,4.3039847795275944e-05,0.001,1.2088368820285253e-05,7.176808839933566e-06,4.595754993261506e-06,5.478706927649627e-06,5.760483480563308e-06
63860,5.426907208486956e-06,5.426907208486956e-06,0.0,1.7109232948180875e-05,4.350565345053309e-05,0.001,1.2090553624864618e-05,7.177302655508548e-06,4.59703539453076e-06,5.4802672207323125e-06,5.763347429401836e-06
63870,5.424580264027622e-06,5.424580264027622e-06,0.0,1.7112938585426504e-05,4.397179338428634e-05,0.001,1.2092749463000445e-05,7.177791916925931e-06,4.5983270734092185e-06,5.481839687436493e-06,5.766237231129503e-06
63880,5.422227622880987e-06,5.422227622880987e-06,0.0,1.7116665951955497e-05,4.443832517584934e-05,0.001,1.2094955969702915e-05,7.178276307903933e-06,4.599629949674321e-06,5.483424147028075e-06,5.769152712564924e-06
63890,5.419849246163025e-06,5.419849246163025e-06,0.0,1.712041448029221e-05,4.490530485200352e-05,0.001,1.2097172751020782e-05,7.178755500252796e-06,4.600943941599443e-06,5.485020431420447e-06,5.772093709319258e-06
63900,5.417445092061501e-06,5.417445092061501e-06,0.0,1.7124183597399844e-05,4.5372786976834216e-05,0.001,1.2099399406750453e-05,7.179229163528324e-06,4.602268965896902e-06,5.486628374451475e-06,5.775060055163641e-06
63910,5.415015115911833e-06,5.415015115911833e-06,0.0,1.712797272040365e-05,4.584082473607623e-05,0.001,1.2101635523965965e-05,7.179696961958948e-06,4.603604938735501e-06,5.4882478129109454e-06,5.7780515851333025e-06
63920,5.412559270269081e-06,5.412559270269081e-06,0.0,1.7131781258443375e-05,4.630947001564473e-05,0.001,1.2103880678495246e-05,7.180158552004438e-06,4.60495177585999e-06,5.4898785880020485e-06,5.781068139572776e-06
63930,5.410077504975794e-06,5.410077504975794e-06,0.0,1.7135608622274846e-05,4.6778773474418566e-05,0.001,1.210613445369185e-05,7.1806135927119825e-06,4.606309392227414e-06,5.491520534978686e-06,5.78410955158779e-06
63940,5.407569767227052e-06,5.407569767227052e-06,0.0,1.7139454206316015e-05,4.7248784612206165e-05,0.001,1.2108396409169541e-05,7.18106173086569e-06,4.607677703414733e-06,5.493173496025023e-06,5.787175663278987e-06
63950,5.405036001631529e-06,5.405036001631529e-06,0.0,1.714331741374871e-05,4.7719551832573806e-05,0.001,1.2110666124091053e-05,7.181502619798522e-06,4.609056623699971e-06,5.494837303180535e-06,5.790266305539081e-06
63960,5.402476150270015e-06,5.402476150270015e-06,0.0,1.714719763077099e-05,4.81911225020693e-05,0.001,1.2112943153482226e-05,7.181935900474489e-06,4.610446068007826e-06,5.49651179490887e-06,5.793381317878786e-06
63970,5.399890152750847e-06,5.399890152750847e-06,0.0,1.7151094248706274e-05,4.86635430051214e-05,0.001,1.2115227064596655e-05,7.182361215142451e-06,4.611845950018901e-06,5.4981968041023385e-06,5.796520534971766e-06
63980,5.3972779462625e-06,5.3972779462625e-06,0.0,1.715500664583843e-05,4.913685879592726e-05,0.001,1.2117517408885884e-05,7.182778198645338e-06,4.613256183661628e-06,5.499892165199968e-06,5.799683793526356e-06
63990,5.394639465624262e-06,5.394639465624262e-06,0.0,1.7158934201130768e-05,4.961111444705855e-05,0.001,1.2119813744628557e-05,7.183186486888838e-06,4.614676681934636e-06,5.501597706601588e-06,5.80287092408573e-06
64000,5.3919746433338214e-06,5.3919746433338214e-06,0.0,1.716287628227023e-05,5.0086353695233855e-05,0.001,1.212211561627703e-05,7.183585707338549e-06,4.616107357689958e-06,5.5033132591524865e-06,5.806081761070571e-06
64010,5.389283409612966e-06,5.389283409612966e-06,0.0,1.7166832256292313e-05,5.056261948418675e-05,0.001,1.2124422570648066e-05,7.183975483306127e-06,4.617548122589826e-06,5.505038652600923e-06,5.8093161396768545e-06
64020,5.386565692451333e-06,5.386565692451333e-06,0.0,1.717080147928898e-05,5.103995400565911e-05,0.001,1.2126734146431532e-05,7.184355437914747e-06,4.618998888294783e-06,5.5067737106098e-06,5.81257388652227e-06
64030,5.3838214176479956e-06,5.3838214176479956e-06,0.0,1.7174783304499234e-05,5.151839873762858e-05,0.001,1.2129049880242733e-05,7.184725186813492e-06,4.620459565203859e-06,5.508518258690519e-06,5.815854832870893e-06
64040,5.381050508851306e-06,5.381050508851306e-06,0.0,1.7178777077765284e-05,5.199799448031533e-05,0.001,1.2131369303573798e-05,7.185084342404201e-06,4.6219300630779305e-06,5.510272119321939e-06,5.81915880691041e-06
64050,5.378252887596877e-06,5.378252887596877e-06,0.0,1.7182782135063898e-05,5.2478781390691526e-05,0.001,1.2133691938669668e-05,7.185432511910706e-06,4.623410291115887e-06,5.512035113666655e-06,5.822485635520852e-06
64060,5.375428473344157e-06,5.375428473344157e-06,0.0,1.718679781184007e-05,5.2960799014619436e-05,0.001,1.2136017312322227e-05,7.185769300405034e-06,4.624900157010602e-06,5.513807059173265e-06,5.8258351426820445e-06
64070,5.3725771835114274e-06,5.3725771835114274e-06,0.0,1.7190823429971323e-05,5.344408631749686e-05,0.001,1.2138344936825201e-05,7.186094306288348e-06,4.626399568094503e-06,5.515587772880428e-06,5.829207151848481e-06
64080,5.369698933508998e-06,5.369698933508998e-06,0.0,1.7194858306679597e-05,5.3928681713282534e-05,0.001,1.2140674322547803e-05,7.1864071231967065e-06,4.6279084304083695e-06,5.517377070096429e-06,5.8326014859330644e-06
64090,5.366793636771794e-06,5.366793636771794e-06,0.0,1.7198901750571444e-05,5.441462309168854e-05,0.001,1.2143004974214663e-05,7.1867073418730966e-06,4.629426649093136e-06,5.5191747621433884e-06,5.836017962961809e-06
64100,5.363861204789926e-06,5.363861204789926e-06,0.0,1.7202953065394663e-05,5.4901947844365626e-05,0.001,1.2145336394272228e-05,7.186994547613298e-06,4.630954127850446e-06,5.520980659044903e-06,5.839456401090657e-06
64110,5.360901547138278e-06,5.360901547138278e-06,0.0,1.7207011544417308e-05,5.539069288941549e-05,0.001,1.2147668076654494e-05,7.187268321467999e-06,4.632490769492112e-06,5.52279456780467e-06,5.842916614737745e-06
64120,5.357914571505489e-06,5.357914571505489e-06,0.0,1.7211076470288447e-05,5.5880894694622825e-05,0.001,1.2149999505536659e-05,7.187528238197987e-06,4.634036475848131e-06,5.524616294205767e-06,5.846398417629057e-06
64130,5.3549001837210145e-06,5.3549001837210145e-06,0.0,1.7215147122622462e-05,5.637258929964723e-05,0.001,1.2152330166008362e-05,7.187773867847343e-06,4.635591146910441e-06,5.526445641892684e-06,5.849901622600465e-06
64140,5.351858287781841e-06,5.351858287781841e-06,0.0,1.7219222770109782e-05,5.686581233698929e-05,0.001,1.215465953607811e-05,7.18800477875962e-06,4.637154681709486e-06,5.5282824085561515e-06,5.853426034420245e-06
64150,5.348788785878099e-06,5.348788785878099e-06,0.0,1.7223302672253354e-05,5.736059905196899e-05,0.001,1.215698708549389e-05,7.1882205317417824e-06,4.638726977898653e-06,5.530126391690456e-06,5.856971459118359e-06
64160,5.345691578417592e-06,5.345691578417592e-06,0.0,1.7227386079519032e-05,5.785698432140985e-05,0.001,1.2159312276779098e-05,7.188420681241464e-06,4.640307931666746e-06,5.531977387451332e-06,5.8605377019483604e-06
64170,5.342566564049844e-06,5.342566564049844e-06,0.0,1.7231472233903286e-05,5.835500267179989e-05,0.001,1.2161634568595254e-05,7.188604779462228e-06,4.641897437786936e-06,5.533835186375082e-06,5.864124561452042e-06
64180,5.339413639688923e-06,5.339413639688923e-06,0.0,1.7235560368429126e-05,5.8854688296179156e-05,0.001,1.2163953411607287e-05,7.1887723703761e-06,4.643495389376476e-06,5.5356995792886685e-06,5.8677318380183885e-06
64190,5.336232700536288e-06,5.336232700536288e-06,0.0,1.7239649705976748e-05,5.935607507055191e-05,0.001,1.2166268251739918e-05,7.1889229972726965e-06,4.64510167820371e-06,5.537570349549036e-06,5.871359322095085e-06
64200,5.333023640101993e-06,5.333023640101993e-06,0.0,1.7243739461328237e-05,5.985919656888901e-05,0.001,1.2168578527491405e-05,7.189056193864456e-06,4.646716194138334e-06,5.539447281934668e-06,5.875006808140071e-06
64210,5.329818851062601e-06,5.329818851062601e-06,0.0,1.724780528818526e-05,5.4327651151786486e-05,0.0009000000000000001,1.2170952996168129e-05,7.189287695771815e-06,4.648323612165146e-06,5.541199465959424e-06,5.8784637617767875e-06
64220,5.3268798778019584e-06,5.3268798778019584e-06,0.0,1.7251590764845105e-05,5.4782106196717956e-05,0.0009000000000000001,1.217306215370424e-05,7.189364583113645e-06,4.6498025862758115e-06,5.542999006478625e-06,5.88189413416425e-06
64230,5.3239154994805315e-06,5.3239154994805315e-06,0.0,1.725541726937658e-05,5.5236865804926984e-05,0.0009000000000000001,1.2175276451081473e-05,7.189572498818679e-06,4.651298517897068e-06,5.544686167055154e-06,5.885165388108372e-06
64240,5.320925645396681e-06,5.320925645396681e-06,0.0,1.7259179275928997e-05,5.569284069376277e-05,0.0009000000000000001,1.2177383953628586e-05,7.189657733549137e-06,4.652792613776224e-06,5.546441168548873e-06,5.888560628428878e-06
64250,5.317910226307638e-06,5.317910226307638e-06,0.0,1.726287206592445e-05,5.615045404461278e-05,0.0009000000000000001,1.217943211555284e-05,7.18969782622768e-06,4.654286136310008e-06,5.548181614214597e-06,5.891955769738327e-06
64260,5.314869145516166e-06,5.314869145516166e-06,0.0,1.7266541425421224e-05,5.660983245227047e-05,0.0009000000000000001,1.2181477819089392e-05,7.189727014469531e-06,4.655781929696024e-06,5.549895783062775e-06,5.89533124272291e-06
64270,5.311802302785015e-06,5.311802302785015e-06,0.0,1.7270208989667354e-05,5.707097386022109e-05,0.0009000000000000001,1.2183517444867519e-05,7.189728973767841e-06,4.657283530240266e-06,5.551619319214833e-06,5.898735301651117e-06
64280,5.308709595731465e-06,5.308709595731465e-06,0.0,1.7273878234814237e-05,5.7533853655394365e-05,0.0009000000000000001,1.2185550429319216e-05,7.189711968145388e-06,4.658793688508002e-06,5.553352770287833e-06,5.9021647095606695e-06
64290,5.305590920332086e-06,5.305590920332086e-06,0.0,1.7277551550649e-05,5.7998467341875725e-05,0.0009000000000000001,1.2187583399123775e-05,7.189683299196463e-06,4.660312344731365e-06,5.555090221073346e-06,5.905609532441441e-06
64300,5.302446171109882e-06,5.302446171109882e-06,0.0,1.7281226923540203e-05,5.846483429799252e-05,0.0009000000000000001,1.2189615592102292e-05,7.189640752255223e-06,4.661838492332569e-06,5.55683142592072e-06,5.909069531983149e-06
64310,5.299275241208072e-06,5.299275241208072e-06,0.0,1.728489954395261e-05,5.893298659833807e-05,0.0009000000000000001,1.2191641791605875e-05,7.189580349737162e-06,4.66337149500693e-06,5.55857719875413e-06,5.912546480366693e-06
64320,5.296078022422764e-06,5.296078022422764e-06,0.0,1.7288566200012356e-05,5.9402958306467144e-05,0.0009000000000000001,1.2193658744657984e-05,7.1895001508580895e-06,4.664911078593483e-06,5.560327438358428e-06,5.9160407428053195e-06
64330,5.29285440522235e-06,5.29285440522235e-06,0.0,1.7292225984200275e-05,5.987478051443481e-05,0.0009000000000000001,1.2195665968660104e-05,7.189399865184878e-06,4.666457110603293e-06,5.562081637309193e-06,5.9195517091740095e-06
64340,5.289604278761696e-06,5.289604278761696e-06,0.0,1.7295878828151917e-05,6.034848102246408e-05,0.0009000000000000001,1.219766377125826e-05,7.1892795697359215e-06,4.668009528610143e-06,5.563839429003299e-06,5.923078838523028e-06
64350,5.286327530895926e-06,5.286327530895926e-06,0.0,1.7299524473419587e-05,6.0824085865733475e-05,0.0009000000000000001,1.2199652064417965e-05,7.189139080632287e-06,4.6695682972210415e-06,5.56560064523058e-06,5.926621983077463e-06
64360,5.283024048192548e-06,5.283024048192548e-06,0.0,1.7303162340369033e-05,6.130162073175202e-05,0.0009000000000000001,1.2201630419106897e-05,7.1889780144995235e-06,4.671133349398924e-06,5.567365134783107e-06,5.930181044385364e-06
64370,5.279693715943707e-06,5.279693715943707e-06,0.0,1.730679167522124e-05,6.178111159814335e-05,0.0009000000000000001,1.2203598307151769e-05,7.188795927680753e-06,4.672704575546935e-06,5.569132683201527e-06,5.933755801297196e-06
64380,5.276336418177912e-06,5.276336418177912e-06,0.0,1.7310411628892307e-05,6.226258474475137e-05,0.0009000000000000001,1.220555511883116e-05,7.188592331976515e-06,4.674281854305683e-06,5.5709030538175726e-06,5.937346023367089e-06
64390,5.272952037671759e-06,5.272952037671759e-06,0.0,1.7314021342483892e-05,6.274606653609022e-05,0.0009000000000000001,1.2207500223495587e-05,7.188366722714711e-06,4.675865065329623e-06,5.572676019207127e-06,5.940951508291505e-06
64400,5.269540455961206e-06,5.269540455961206e-06,0.0,1.731761999259908e-05,6.323158324423208e-05,0.0009000000000000001,1.2209433036120194e-05,7.18811862520078e-06,4.677454088168709e-06,5.57445134511521e-06,5.944572025490023e-06
64410,5.2661015533527014e-06,5.2661015533527014e-06,0.0,1.7321206770903096e-05,6.371916098448275e-05,0.0009000000000000001,1.2211352980829599e-05,7.187847565380137e-06,4.679048803756909e-06,5.576228806168878e-06,5.948207355829184e-06
64420,5.2626352089348525e-06,5.2626352089348525e-06,0.0,1.732478086504367e-05,6.420882573094768e-05,0.0009000000000000001,1.2213259474607947e-05,7.187553060681506e-06,4.680649092799115e-06,5.578008180553729e-06,5.951857290933617e-06
64430,5.259141300588805e-06,5.259141300588805e-06,0.0,1.732834144510023e-05,6.470060335708233e-05,0.0009000000000000001,1.2215151928618975e-05,7.187234636075634e-06,4.682254833845501e-06,5.579789228901066e-06,5.9555215934241355e-06
64440,5.25561970500013e-06,5.25561970500013e-06,0.0,1.7331887664525723e-05,6.519451966398841e-05,0.0009000000000000001,1.2217029740107412e-05,7.1868918064267546e-06,4.683865902849737e-06,5.581571708934769e-06,5.959200024909119e-06
64450,5.252070297669034e-06,5.252070297669034e-06,0.0,1.733541866880321e-05,6.569060039033348e-05,0.0009000000000000001,1.2218892298228143e-05,7.186524070967597e-06,4.685482172490842e-06,5.583355383327136e-06,5.962892357975616e-06
64460,5.248492952922008e-06,5.248492952922008e-06,0.0,1.7338933586387524e-05,6.618887121325839e-05,0.0009000000000000001,1.222073898407818e-05,7.186130934470386e-06,4.687103513921823e-06,5.585139999725307e-06,5.966598342310118e-06
64470,5.244887543922022e-06,5.244887543922022e-06,0.0,1.734243153835084e-05,6.668935774563505e-05,0.0009000000000000001,1.2222569169137837e-05,7.185711886776148e-06,4.688729795676622e-06,5.586925312422486e-06,5.970317739747178e-06
64480,5.241253942680117e-06,5.241253942680117e-06,0.0,1.7345911637418957e-05,6.719208553688606e-05,0.0009000000000000001,1.2224382222847052e-05,7.185266416779902e-06,4.690360883959544e-06,5.5887110684670145e-06,5.974050302713757e-06
64490,5.23759202006587e-06,5.23759202006587e-06,0.0,1.7349372978469588e-05,6.769708007594278e-05,0.0009000000000000001,1.2226177498888486e-05,7.184794008854332e-06,4.69199664341103e-06,5.590497009946328e-06,5.97779577624419e-06
64500,5.233901645818517e-06,5.233901645818517e-06,0.0,1.7352814651324215e-05,6.820436679455562e-05,0.0009000000000000001,1.2227954353089934e-05,7.184294145301732e-06,4.6936369356773325e-06,5.592282872528165e-06,5.981553898124831e-06
65760,0.0033464103703087374,0.0033464103703087374,0.0,0.7368267152817528,0.10619404500178885,0.001,0.5963160502142953,0.29493721605592343,0.14164473038850012,0.180187882131774,0.1820612998536803
65770,0.008995871860808986,0.008995871860808986,0.0,0.8947289545097721,0.019873455861772787,0.001,0.6520827077323479,0.3474235989918731,0.1953632876913377,0.295716669709341,0.31070714028569746
65780,0.0006966069824448436,0.0006966069824448436,0.0,0.12652972304316729,0.013610489055621367,0.001,0.08285594711223329,0.04716784317360983,0.027758368390322273,0.048469103724173415,0.05413115514812361
65790,0.0015053168961038147,0.0015053168961038147,0.0,0.2486836903410761,0.005007671973523411,0.001,0.1681967753199532,0.09057856608171119,0.054482417197048966,0.09168492413014938,0.10387463819701494
65800,0.00044747037829145117,0.00044747037829145117,0.0,0.019514013809173975,0.006406196492065888,0.001,0.008298259287293365,0.006902847248875001,0.0051712607972799534,0.009843368192072745,0.010590174797500792
65810,0.0004720230651446767,0.0004720230651446767,0.0,0.08992325130925617,0.0047383965134486505,0.001,0.06016190376138248,0.03343769517741701,0.020502785867908928,0.034210073109381865,0.03640347590651371
65820,0.00031550932540217575,0.00031550932540217575,0.0,0.059618256756252506,0.004113490273348585,0.001,0.04256699692151326,0.02210698632338221,0.012456530655844665,0.02047307668147193,0.02267493433422591
65830,0.00021851142418176402,0.00021851142418176402,0.0,0.030320009879176126,0.0039043840585433064,0.001,0.021096382393301114,0.011866309981325786,0.007017350419086424,0.010696885039297518,0.011150075546923896
65840,0.0001621173434907064,0.0001621173434907064,0.0,0.022744712958332792,0.0036066271792029015,0.001,0.016814466613802686,0.008948903461149323,0.004916829598338321,0.007076886413542664,0.00763207231784662
65850,0.00012010975391278287,0.00012010975391278287,0.0,0.017753759246854916,0.0032989066900618535,0.001,0.013431748810572304,0.006990429796083955,0.0036521163322623894,0.005199923397214276,0.005753472130804757
65860,8.674207366188389e-05,8.674207366188389e-05,0.0,0.003700741364373721,0.00299264976185606,0.001,0.002385250403340596,0.0014673565497191037,0.0009153151318489118,0.00145413478145847,0.0014779635946157853
65870,6.36454235951603e-05,6.36454235951603e-05,0.0,0.0071663489970578385,0.0026800541158532327,0.001,0.005580979457315451,0.002666068755585778,0.0013645683668612985,0.002132774078457499,0.0023640763855629376
65880,4.567560345757884e-05,4.567560345757884e-05,0.0,0.0029212793897440115,0.002385890950330106,0.001,0.002106637787364486,0.0012194939337569406,0.0007074724465979416,0.0009290371102161775,0.0009349425308357517
65890,3.2635793366585605e-05,3.2635793366585605e-05,0.0,0.0013217559587156147,0.0020977347970353786,0.001,0.000733165465024674,0.00045929002559616576,0.00038754831215634893,0.0006266326229733717,0.0006415580882654158
65900,2.3270424869817197e-05,2.3270424869817197e-05,0.0,0.0010852809709331736,0.0018232353998488507,0.001,0.000619148386960397,0.00039700938897116797,0.0003270955806481515,0.000491946525448625,0.0005020528668897226
65910,1.670342706618898e-05,1.670342706618898e-05,0.0,0.0009396985104584948,0.0015577597132631282,0.001,0.0005798534329988276,0.0003063987987410227,0.0002726173552533316,0.0004093521139620612,0.0004446457897020746
65920,1.2228311663244073e-05,1.2228311663244073e-05,0.0,0.0009912019333556685,0.0013120501578568692,0.001,0.0006945347002645687,0.0004057388113742635,0.00026150672335564063,0.00033783679584054347,0.00033549695132155833
65930,9.266526090860162e-06,9.266526090860162e-06,0.0,0.00059460659702722,0.0010880394959526549,0.001,0.0003684572385738239,0.0001909633439906502,0.00016849573688901748,0.0002612127709458186,0.00028235623759123514
65940,7.368871151803711e-06,7.368871151803711e-06,0.0,0.0004397682514751056,0.0008867697065236001,0.001,0.00026274165688736984,0.00014281310644963282,0.00012997315753892946,0.00019669505359734023,0.00021202452977335678
65950,6.19060447386728e-06,6.19060447386728e-06,0.0,0.0003539994185318167,0.0007108678488690169,0.001,0.0002211091041300736,0.0001328968348895202,0.00010305794959083001,0.00014573547526577858,0.00015020518551992282
65960,5.482063551177703e-06,5.482063551177703e-06,0.0,0.000274312418317849,0.0005606044745963612,0.001,0.0001758445563706039,0.00010511553368079029,7.771036447011414e-05,0.00010973168093827175,0.00011221657182130321
65970,5.069451156895411e-06,5.069451156895411e-06,0.0,0.00019122954769613132,0.0004347570757811894,0.001,0.00011768500846823793,6.974053680303494e-05,5.5989496426626086e-05,8.069878403801231e-05,8.396104862161367e-05
65980,4.836852016284712e-06,4.836852016284712e-06,0.0,0.0001350438329427043,0.0003316869700327717,0.001,8.11928474279033e-05,4.7211084602125685e-05,3.983634905022964e-05,5.900786709358128e-05,6.198365389563498e-05
65990,4.709883223511984e-06,4.709883223511984e-06,0.0,9.657608580837637e-05,0.0002490120543308683,0.001,5.812922259235993e-05,3.3302212608969825e-05,2.8428327058826707e-05,4.2359999397548644e-05,4.4694715370945894e-05
66000,4.642735646207278e-06,4.642735646207278e-06,0.0,6.869437704570351e-05,0.00018414395074453491,0.001,4.17934533708485e-05,2.3601343679034355e-05,2.009715880016687e-05,2.986917648278547e-05,3.15894341894417e-05
66010,4.60827643650916e-06,4.60827643650916e-06,0.0,4.846654687896164e-05,0.00013440235862028906,0.001,3.0103050534656954e-05,1.6862823286828013e-05,1.389968388541596e-05,2.0746007054907027e-05,2.1765331724542887e-05
66020,4.591041552875162e-06,4.591041552875162e-06,0.0,3.4281876239895135e-05,9.724258909933643e-05,0.001,2.2011894433685533e-05,1.2220681714825002e-05,9.60161307213878e-06,1.4175798403052586e-05,1.4734635004688109e-05
66030,4.582549787095241e-06,4.582549787095241e-06,0.0,2.4619199559797766e-05,7.040507721259435e-05,0.001,1.6533493455144356e-05,9.037134686452671e-06,6.6855926071919275e-06,9.620280368500095e-06,9.881802870465373e-06
66040,4.5783262356043735e-06,4.5783262356043735e-06,0.0,1.817832607154545e-05,5.195207894844347e-05,0.001,1.2795294217611026e-05,6.882116693195255e-06,4.778461436284549e-06,6.6107328789851045e-06,6.642065800787556e-06
66050,4.5761010361903106e-06,4.5761010361903106e-06,0.0,1.3960109700603905e-05,4.020132240109683e-05,0.001,1.0158394884069793e-05,5.431353007775271e-06,3.643295746936381e-06,4.754990401765114e-06,4.612043983826154e-06
66060,4.574768672078035e-06,4.574768672078035e-06,0.0,1.1326940506751467e-05,3.354097360562052e-05,0.001,8.31893407572585e-06,4.5003786315417955e-06,3.0641084430585446e-06,3.7402237863199556e-06,3.4819183215472323e-06
66070,4.57381310965664e-06,4.57381310965664e-06,0.0,9.87997869662698e-06,3.032974424205744e-05,0.001,7.203205652587234e-06,3.988571184037738e-06,2.816541708483148e-06,3.2603009461766654e-06,2.935958652357422e-06
66080,4.573004113683769e-06,4.573004113683769e-06,0.0,9.239160502071693e-06,2.9110252006685787e-05,0.001,6.697467282975244e-06,3.7725022273856672e-06,2.720546874240393e-06,3.0483208053700993e-06,2.688236660415949e-06
66090,4.572243877409175e-06,4.572243877409175e-06,0.0,9.000675488891388e-06,2.8877577997980046e-05,0.001,6.518081148417814e-06,3.697297715477914e-06,2.6848256028898395e-06,2.9582479043359333e-06,2.5828299986888053e-06
66100,4.571493055591897e-06,4.571493055591897e-06,0.0,8.857874908849489e-06,2.90812169197504e-05,0.001,6.381780960381182e-06,3.6457001807874026e-06,2.6756323636701475e-06,2.9308009989181896e-06,2.555164778190112e-06
66110,4.570736786914599e-06,4.570736786914599e-06,0.0,8.743769753784621e-06,2.9462993166250223e-05,0.001,6.250506868709198e-06,3.6000132922016796e-06,2.676421407091029e-06,2.9287338295773824e-06,2.5577815164707946e-06
66120,4.569969878203823e-06,4.569969878203823e-06,0.0,8.703103775421309e-06,2.991250146973538e-05,0.001,6.203711436913083e-06,3.5843917874536182e-06,2.677254600205697e-06,2.9272477617672103e-06,2.558008122692454e-06
66130,4.569190701817626e-06,4.569190701817626e-06,0.0,8.698897868357722e-06,3.038591929929807e-05,0.001,6.2006622279477215e-06,3.5837322427083524e-06,2.677388959066538e-06,2.9249380958380662e-06,2.555623546100214e-06
66140,4.5683988400237535e-06,4.5683988400237535e-06,0.0,8.686609460937405e-06,3.086713352227536e-05,0.001,6.184648662738015e-06,3.5787254700490263e-06,2.6783872077511974e-06,2.9259722591075277e-06,2.557511388566101e-06
66150,4.567594242417758e-06,4.567594242417758e-06,0.0,8.684954652777675e-06,3.135001218934216e-05,0.001,6.181778963922374e-06,3.5777763344726056e-06,2.678876995608053e-06,2.926617718199078e-06,2.5588116136603897e-06
66160,4.566776952046977e-06,4.566776952046977e-06,0.0,8.689586366117697e-06,3.183220279315924e-05,0.001,6.186965813842373e-06,3.5794963027130617e-06,2.6790724195418164e-06,2.9266982502570348e-06,2.559123591025457e-06
66170,4.565947027372383e-06,4.565947027372383e-06,0.0,8.690530465110241e-06,3.231296939640951e-05,0.001,6.187149154380032e-06,3.5796926487305767e-06,2.6795278328189543e-06,2.9273498662307946e-06,2.5600446560066766e-06
66180,4.565104524367946e-06,4.565104524367946e-06,0.0,8.694811941529624e-06,3.2791931478245656e-05,0.001,6.191694695480383e-06,3.5812261845562053e-06,2.6797816044329977e-06,2.9276530121994006e-06,2.5605487321634626e-06
66190,4.564249494183233e-06,4.564249494183233e-06,0.0,8.697637054071824e-06,3.326901326542571e-05,0.001,6.194299021754727e-06,3.5821370088506193e-06,2.6801261549030923e-06,2.9281558795786716e-06,2.561319357614547e-06
66200,4.5633819836784384e-06,4.5633819836784384e-06,0.0,8.70091378821016e-06,3.374423619946432e-05,0.001,6.197523866418528e-06,3.5832600486153614e-06,2.6804497312311336e-06,2.9285704478012253e-06,2.561965265100589e-06
66210,4.562502036007843e-06,4.562502036007843e-06,0.0,8.703815880402699e-06,3.421767220355899e-05,0.001,6.2002491783828155e-06,3.5842084000989427e-06,2.6807958804484456e-06,2.9290388257459027e-06,2.5627088598259673e-06
66220,4.561609690944525e-06,4.561609690944525e-06,0.0,8.706746547367766e-06,3.468943314931333e-05,0.001,6.20302037506734e-06,3.5851791031248528e-06,2.6811464224112723e-06,2.9294888427436602e-06,2.5634283486667867e-06
66230,4.560704985066567e-06,4.560704985066567e-06,0.0,8.709517507192773e-06,3.515963489345819e-05,0.001,6.205574288109132e-06,3.586079060201617e-06,2.68151177219551e-06,2.929961753150379e-06,2.564187396195141e-06
66240,4.559787951897461e-06,4.559787951897461e-06,0.0,8.712356439173647e-06,3.56283983052731e-05,0.001,6.208209067993522e-06,3.5870048220045584e-06,2.6818793794199792e-06,2.9304309070021992e-06,2.5649485170620358e-06
66250,4.558858622036369e-06,4.558858622036369e-06,0.0,8.715127117248897e-06,3.609583980111909e-05,0.001,6.2107417760974135e-06,3.58790095170776e-06,2.682258674850596e-06,2.9309154315823567e-06,2.565732310893381e-06
66260,4.5579170232850025e-06,4.5579170232850025e-06,0.0,8.71796616174918e-06,3.6562068911381375e-05,0.001,6.213350722068951e-06,3.58882248621183e-06,2.682641328667036e-06,2.9314011345964066e-06,2.5665210493509583e-06
66270,4.556963180768614e-06,4.556963180768614e-06,0.0,8.720815297475263e-06,3.70271899875546e-05,0.001,6.2159568844941e-06,3.5897436460409446e-06,2.683030925125491e-06,2.9318977558066484e-06,2.5673272467186836e-06
66280,4.5559971170510885e-06,4.5559971170510885e-06,0.0,8.723702548441853e-06,3.7491300298316545e-05,0.001,6.218597401228056e-06,3.5906771835352127e-06,2.683426080360562e-06,2.9324013289900234e-06,2.5681444255316188e-06
66290,4.555018852242332e-06,4.555018852242332e-06,0.0,8.726633796973197e-06,3.795449214795371e-05,0.001,6.2212796924933404e-06,3.5916254696408554e-06,2.6838265063322125e-06,2.932911430468432e-06,2.568972056515135e-06
66300,4.554028404098681e-06,4.554028404098681e-06,0.0,8.729599535012636e-06,3.8416853070686925e-05,0.001,6.223990844739287e-06,3.59258414387951e-06,2.6842327562359367e-06,2.9334297077018668e-06,2.569812508546061e-06
66310,4.553025788116435e-06,4.553025788116435e-06,0.0,8.732604547786637e-06,3.887846641179225e-05,0.001,6.2267372371794485e-06,3.5935552761202657e-06,2.684644557985148e-06,2.93395549021262e-06,2.5706648151481636e-06
66320,4.552011017619236e-06,4.552011017619236e-06,0.0,8.735649367313495e-06,3.9339411999999076e-05,0.001,6.229519574987133e-06,3.5945391213852204e-06,2.6850618991107253e-06,2.9344886782302704e-06,2.5715288707865507e-06
66330,4.5509841038396855e-06,4.5509841038396855e-06,0.0,8.738732031148379e-06,3.9799766453909844e-05,0.001,6.232335233923181e-06,3.5955348328007247e-06,2.6854849095863265e-06,2.935029543179586e-06,2.5724050768876943e-06
66340,4.5499450559954305e-06,4.5499450559954305e-06,0.0,8.741852343544312e-06,4.025960345131265e-05,0.001,6.235183945274533e-06,3.5965423166881613e-06,2.685913611896346e-06,2.9355781189722756e-06,2.573293484707991e-06
66350,4.5488938813605285e-06,4.5488938813605285e-06,0.0,8.745010575568111e-06,4.071899397438303e-05,0.001,6.238066037980643e-06,3.597561677850793e-06,2.6863480064888522e-06,2.936134389983607e-06,2.5741940949618544e-06
66360,4.547830585331895e-06,4.547830585331895e-06,0.0,8.748206663152147e-06,4.1178006494385424e-05,0.001,6.240981392235692e-06,3.5985928855336173e-06,2.686788118132172e-06,2.9366983883534044e-06,2.5751069496106534e-06
66370,4.54675517149196e-06,4.54675517149196e-06,0.0,8.751440475075655e-06,4.163670712297279e-05,0.001,6.2439297951863865e-06,3.599635884957136e-06,2.687233979054676e-06,2.937270157759231e-06,2.5760320925740375e-06
66380,4.545667641667001e-06,4.545667641667001e-06,0.0,8.75471202776055e-06,4.20951597495802e-05,0.001,6.24691119696587e-06,3.600690638749768e-06,2.687685607369893e-06,2.9378497658719917e-06,2.576969644456466e-06
66390,4.544567995982119e-06,4.544567995982119e-06,0.0,8.75802135409301e-06,4.255342617330849e-05,0.001,6.249925591463374e-06,3.601757160400743e-06,2.6881430294223288e-06,2.938437243137239e-06,2.5779196304147965e-06
66400,4.543456232912561e-06,4.543456232912561e-06,0.0,8.761368517666018e-06,4.3011566222111683e-05,0.001,6.252972996398301e-06,3.6028354519899596e-06,2.688606266992521e-06,2.93903263886284e-06,2.5788821241661645e-06
66410,4.54233234933203e-06,4.54233234933203e-06,0.0,8.764753575455754e-06,4.3469637866934274e-05,0.001,6.256053422146768e-06,3.603925519208771e-06,2.6890753446888933e-06,2.9396359991568193e-06,2.579857188615063e-06
66420,4.54119634055837e-06,4.54119634055837e-06,0.0,8.768176597668626e-06,4.392769732776351e-05,0.001,6.259166884895388e-06,3.6050273550717293e-06,2.689550284199654e-06,2.9402473850744805e-06,2.5808449230148577e-06
66430,4.540048200395846e-06,4.540048200395846e-06,0.0,8.771637888482915e-06,4.438579916448305e-05,0.001,6.262313533577563e-06,3.606140730896258e-06,2.690031036685584e-06,2.9408671011533287e-06,2.581846047900486e-06
66440,4.538887921175646e-06,4.538887921175646e-06,0.0,8.775147116198025e-06,4.484399597031053e-05,0.001,6.265498938037333e-06,3.607256618053853e-06,2.6905146983346077e-06,2.9415050932605667e-06,2.5828859433225915e-06
66450,4.537715493793798e-06,4.537715493793798e-06,0.0,8.779291367785256e-06,4.5302312947160544e-05,0.001,6.269062317140634e-06,3.6078249967944653e-06,2.6908229994683104e-06,2.942765565838169e-06,2.5855079295098888e-06
66460,4.536530910712811e-06,4.536530910712811e-06,0.0,8.850183454499691e-06,4.5758384161301455e-05,0.001,6.3077707173244614e-06,3.5614817989214697e-06,2.6774195987206854e-06,3.0079435371554533e-06,2.7383452149728923e-06
66470,4.535386673244723e-06,4.535386673244723e-06,0.0,6.406312320566721e-05,4.712333566543114e-05,0.001,3.0296578075606304e-05,2.3454038371730373e-05,1.6588878315263247e-05,3.071633487438475e-05,3.3862858000165425e-05
66480,6.43953170428407e-06,6.43953170428407e-06,0.0,0.011894197963999487,0.002094436026295273,0.001,0.005475805961790037,0.004617622115390054,0.0031888145217592017,0.005682405654452099,0.0061407703302707615
66490,0.0001475710818190253,0.0001475710818190253,0.0,0.10130145731765429,0.016367672864319685,0.001,0.046152256664089716,0.03836306400387619,0.02698652780717306,0.04880527018383973,0.053024905040937355
66500,0.0001835891390100684,0.0001835891390100684,0.0,0.11015229196927176,0.009413723767843274,0.001,0.049832325313887114,0.03965608454339566,0.02889934130508664,0.05370270681171818,0.0587876244248466
66510,5.162105999633859e-05,5.162105999633859e-05,0.0,0.05450569892606495,0.005513614491925938,0.001,0.023497611485077893,0.01879261134368811,0.01416054891602609,0.02710905656417131,0.029995842304225338
66520,2.226506994267791e-05,2.226506994267791e-05,0.0,0.032877645119140854,0.003065620473447275,0.001,0.013805705339932627,0.01104977388809566,0.008476648108058525,0.016486970552889106,0.01841340534497176
66530,1.0849229117565236e-05,1.0849229117565236e-05,0.0,0.019637460436128826,0.0016580530341942584,0.001,0.008197786953013148,0.006557419666937361,0.005062412206664512,0.009867343634212702,0.011036803052757997
66540,6.1103146430718145e-06,6.1103146430718145e-06,0.0,0.010038047104958307,0.0008603866727698475,0.001,0.004340210993166695,0.0033956966746001922,0.002589018557920894,0.004998993595267621,0.00555534274707156
66550,4.717719628004477e-06,4.717719628004477e-06,0.0,0.0037341308616053526,0.00042166486857891943,0.001,0.0017079831041532168,0.0012813789573458579,0.0009546877910654269,0.0018285213084552976,0.002020650237738185
66560,4.508982225484271e-06,4.508982225484271e-06,0.0,0.0006744439984482759,0.0001701889858779578,0.001,0.0005257209890242411,0.0002573883513353157,0.00012294442805758815,0.00018676348156200176,0.00021839745189677147
66570,4.532136713537107e-06,4.532136713537107e-06,0.0,0.001895743834581406,0.00011139261718673991,0.001,0.0013907442344987244,0.0007425407118194066,0.00040128240011410286,0.0006223613133648567,0.0006471553401726973
66580,4.523493102529661e-06,4.523493102529661e-06,0.0,0.0016235947284002164,0.00012193296460635497,0.001,0.0011668471248199573,0.0006327694699468494,0.00035070551849397896,0.0005536381736982554,0.0005788077982734985
66590,4.5022954705949195e-06,4.5022954705949195e-06,0.0,0.0005160229948748599,8.405095306039034e-05,0.001,0.00035198266918568845,0.00019888195422803392,0.00011659931720503017,0.00019068536669809898,0.00020061526124444778
66600,4.4990849918030475e-06,4.4990849918030475e-06,0.0,0.0003116530571563445,4.8628655055180735e-05,0.001,0.0002422797815783906,0.00012330717212568604,6.098615669807233e-05,8.887146954986512e-05,9.24837876312415e-05
66610,4.4981859689164535e-06,4.4981859689164535e-06,0.0,0.000337954166827528,4.788789697216666e-05,0.001,0.0002413305304393855,0.00013033125871503732,7.216902559667526e-05,0.00011715876698474396,0.0001236586660105426
66620,4.4960713289457565e-06,4.4960713289457565e-06,0.0,9.119534669214793e-05,4.6021304535091716e-05,0.001,6.0445001885533804e-05,3.1644534188640314e-05,1.9027350179885488e-05,3.4677027316068346e-05,4.106536291560082e-05
66630,4.494928138821075e-06,4.494928138821075e-06,0.0,0.00018894815690197105,4.7211292945774056e-05,0.001,0.00015386928360379157,7.523911950113829e-05,3.4781021483095154e-05,4.444265301297687e-05,4.7499724527776384e-05
66640,4.4935122055947674e-06,4.4935122055947674e-06,0.0,5.879839965906053e-05,4.6974111659657e-05,0.001,4.0980133166862e-05,2.0687496246117604e-05,1.2084752333987585e-05,2.0858621300681146e-05,2.48760934175221e-05
66650,4.4922338757222795e-06,4.4922338757222795e-06,0.0,4.237479986943777e-05,4.687366158071077e-05,0.001,2.6515562061136192e-05,1.4708225821101416e-05,9.288834821682416e-06,1.7610043846521028e-05,1.9750246268126438e-05
66660,4.4909404675237925e-06,4.4909404675237925e-06,0.0,1.27069441720898e-05,4.723401795675361e-05,0.001,6.932546919067927e-06,5.769697250761828e-06,4.301937595154781e-06,5.37813389959747e-06,4.5719642519291465e-06
66670,4.4896524690379325e-06,4.4896524690379325e-06,0.0,1.4032196137337312e-05,4.7667910155710675e-05,0.001,9.252704764536119e-06,6.275638772421208e-06,3.940809160016147e-06,5.058981757918309e-06,4.391248117794022e-06
66680,4.488352145103767e-06,4.488352145103767e-06,0.0,1.8197480590344195e-05,4.797889491262733e-05,0.001,1.5221423720168575e-05,7.33943637705934e-06,3.195959934470572e-06,3.861440509262682e-06,3.85198591155723e-06
66690,4.487040682297811e-06,4.487040682297811e-06,0.0,8.582015050088607e-06,4.8443666244853405e-05,0.001,4.720320041135372e-06,3.5021575168504115e-06,3.128942572935533e-06,3.664936621385492e-06,3.46773132597092e-06
66700,4.485718352411502e-06,4.485718352411502e-06,0.0,8.751175081321517e-06,4.885510386698152e-05,0.001,5.420699169038382e-06,3.2012930961340973e-06,2.736930099483156e-06,3.5714041620535057e-06,3.7407006921662827e-06
66710,4.484384652252878e-06,4.484384652252878e-06,0.0,9.13559229730538e-06,4.92571244192575e-05,0.001,6.534822610887283e-06,3.7689232993515775e-06,2.6899983071731496e-06,3.0436666093632938e-06,2.764121785114947e-06
66720,4.483039529309528e-06,4.483039529309528e-06,0.0,8.879414095633255e-06,4.967555483915588e-05,0.001,6.244502553085344e-06,3.752797167745775e-06,2.7321557223873905e-06,3.0037856723410426e-06,2.601465707659112e-06
66730,4.4816828734969735e-06,4.4816828734969735e-06,0.0,8.910725337821806e-06,5.007947099929125e-05,0.001,6.1397845609568e-06,3.5788962695261333e-06,2.6965703689169456e-06,3.1703246096832373e-06,3.023800108850613e-06
66740,4.480314663818406e-06,4.480314663818406e-06,0.0,8.69360806148687e-06,5.049464877655665e-05,0.001,5.894144481266297e-06,3.5533589680826886e-06,2.726199733068041e-06,3.135184913156803e-06,2.9100365671880607e-06
66750,4.4789348589652114e-06,4.4789348589652114e-06,0.0,8.9478321962253e-06,5.0903642950251474e-05,0.001,6.26364535124021e-06,3.671897805301298e-06,2.7043352329143856e-06,3.087358903321368e-06,2.840107289191516e-06
66760,4.477543418739831e-06,4.477543418739831e-06,0.0,8.81358337074295e-06,4.6186695443322424e-05,0.0009000000000000001,6.0601720787100116e-06,3.5987580735836887e-06,2.714951967365225e-06,3.1231451066928e-06,2.9014822211459326e-06
66770,4.476280633747751e-06,4.476280633747751e-06,0.0,8.857766394985313e-06,4.655906229924199e-05,0.0009000000000000001,6.114524885208087e-06,3.610315256758606e-06,2.7108034999667226e-06,3.12468319608582e-06,2.911068782604745e-06
66780,4.475007351983076e-06,4.475007351983076e-06,0.0,8.841574393583565e-06,4.6932835238572076e-05,0.0009000000000000001,6.096792003928608e-06,3.6108250072203874e-06,2.7143369614836e-06,3.120800853164962e-06,2.897969728586803e-06
66790,4.4737235451563125e-06,4.4737235451563125e-06,0.0,8.845119650162856e-06,4.730752693598357e-05,0.0009000000000000001,6.103610208646028e-06,3.6161739764322886e-06,2.71558565470602e-06,3.1175769629036534e-06,2.8894742964856366e-06
66800,4.47242917962179e-06,4.47242917962179e-06,0.0,8.866187935056738e-06,4.768288904039705e-05,0.0009000000000000001,6.130275256232384e-06,3.62360439622988e-06,2.714451760920097e-06,3.1169771285167515e-06,2.890241242592449e-06
66810,4.47112421952239e-06,4.47112421952239e-06,0.0,8.865317398991805e-06,4.8059425331679004e-05,0.0009000000000000001,6.127394249643104e-06,3.6233364862853003e-06,2.715623114545437e-06,3.118064597414988e-06,2.8911577233479976e-06
66820,4.469808627764951e-06,4.469808627764951e-06,0.0,8.865614278317727e-06,4.843707715849668e-05,0.0009000000000000001,6.125177717219777e-06,3.622506889607341e-06,2.716550381273315e-06,3.1200215660306756e-06,2.8943136962173835e-06
66830,4.4684823663774475e-06,4.4684823663774475e-06,0.0,8.871549192375516e-06,4.8815757619064516e-05,0.0009000000000000001,6.130584433491797e-06,3.6237109632234005e-06,2.7169044129574044e-06,3.121503326037257e-06,2.8973070797822177e-06
66840,4.467145396637967e-06,4.467145396637967e-06,0.0,8.874329763008882e-06,4.9195612876929476e-05,0.0009000000000000001,6.132727923859147e-06,3.6249101178389526e-06,2.7177529800966797e-06,3.1221651893188585e-06,2.897807415340767e-06
66850,4.465797679122287e-06,4.465797679122287e-06,0.0,8.879744004721368e-06,4.9576596723442124e-05,0.0009000000000000001,6.1380643940115975e-06,3.626662719046734e-06,2.7182825957782623e-06,3.122995454012804e-06,2.8991476469367267e-06
66860,4.464439173718827e-06,4.464439173718827e-06,0.0,8.883250176186304e-06,4.995876145450917e-05,0.0009000000000000001,6.14068877917524e-06,3.6276035591136092e-06,2.7190028699931604e-06,3.1241202407354144e-06,2.9008340159035047e-06
66870,4.463069839636461e-06,4.463069839636461e-06,0.0,8.887425914749715e-06,5.034211774511876e-05,0.0009000000000000001,6.144173228621934e-06,3.6287527227089824e-06,2.7196591691766377e-06,3.125229897386236e-06,2.9025867086304102e-06
66880,4.461689635407038e-06,4.461689635407038e-06,0.0,8.891637531474744e-06,5.072668424965789e-05,0.0009000000000000001,6.147813422590387e-06,3.630051174506458e-06,2.72034091480753e-06,3.1262139869282566e-06,2.9040349907661834e-06
66890,4.460298518887038e-06,4.460298518887038e-06,0.0,8.895913892498311e-06,5.1112482824805833e-05,0.0009000000000000001,6.151457653462651e-06,3.6312991435631107e-06,2.7210159209841612e-06,3.1272746833751114e-06,2.905659781352523e-06
66900,4.458896447258067e-06,4.458896447258067e-06,0.0,8.90006644426259e-06,5.149953391400082e-05,0.0009000000000000001,6.154912964083072e-06,3.6324974681586146e-06,2.7217134998895977e-06,3.1283613484942505e-06,2.9073087758072494e-06
66910,4.4574833770274085e-06,4.4574833770274085e-06,0.0,8.904422988296765e-06,5.1887856325328544e-05,0.0009000000000000001,6.1586411715957e-06,3.6337840798671883e-06,2.722402170201383e-06,3.1294264311374645e-06,2.9089273075127233e-06
66920,4.456059264028116e-06,4.456059264028116e-06,0.0,8.908703924974134e-06,5.2277471838373265e-05,0.0009000000000000001,6.162240813865496e-06,3.6350331762528677e-06,2.7231077644207734e-06,3.1305185548180823e-06,2.9105808167064572e-06
66930,4.454624063418813e-06,4.454624063418813e-06,0.0,8.913067696773162e-06,5.2668399335618024e-05,0.0009000000000000001,6.165931376663136e-06,3.6363072975619787e-06,2.723814489779334e-06,3.131618752037199e-06,2.912252172061509e-06
66940,4.453177729683396e-06,4.453177729683396e-06,0.0,8.917461078820765e-06,5.3060659454972675e-05,0.0009000000000000001,6.169645430779186e-06,3.6375925609340607e-06,2.724528727084654e-06,3.132726546165908e-06,2.9139309810124626e-06
66950,4.451720216630502e-06,4.451720216630502e-06,0.0,8.921876754334787e-06,5.345427199876327e-05,0.0009000000000000001,6.173367538971794e-06,3.6388802884764697e-06,2.725250468758153e-06,3.1338485128310183e-06,2.9156312053911273e-06
66960,4.45025147739292e-06,4.45025147739292e-06,0.0,8.926340818180219e-06,5.384925671121302e-05,0.0009000000000000001,6.177136471222844e-06,3.6401837980371316e-06,2.725977574883194e-06,3.1349786397499466e-06,2.9173432404674997e-06
66970,4.448771464426281e-06,4.448771464426281e-06,0.0,8.930835345843825e-06,5.424563358429424e-05,0.0009000000000000001,6.180925197801473e-06,3.641493687786899e-06,2.7267115878933414e-06,3.1361214160696093e-06,2.919074351844167e-06
66980,4.4472801295083375e-06,4.4472801295083375e-06,0.0,8.935366193033926e-06,5.464342239758834e-05,0.0009000000000000001,6.184743842066451e-06,3.6428145848796514e-06,2.7274522995523244e-06,3.137273939763305e-06,2.9208186533150512e-06
66990,4.44577742373736e-06,4.44577742373736e-06,0.0,8.939932374401917e-06,5.504264293800769e-05,0.0009000000000000001,6.188589329073547e-06,3.6441443239881414e-06,2.7281996277202893e-06,3.138438128922118e-06,2.922580355169457e-06
67000,4.444263297530788e-06,4.444263297530788e-06,0.0,8.944535814799484e-06,5.544331498230934e-05,0.0009000000000000001,6.192464905500411e-06,3.6454844062059167e-06,2.728953542694452e-06,3.139613091605306e-06,2.9243575926917216e-06
67010,4.442737700623505e-06,4.442737700623505e-06,0.0,8.949175256318806e-06,5.584545830450163e-05,0.0009000000000000001,6.196368453558792e-06,3.6468340259936523e-06,2.7297141930433147e-06,3.1407993466843446e-06,2.92615124407819e-06
67020,4.441200582066019e-06,4.441200582066019e-06,0.0,8.953851067584356e-06,5.6249092657032223e-05,0.0009000000000000001,6.200300456532683e-06,3.6481934052633974e-06,2.7304816167329365e-06,3.1419968411547843e-06,2.927961135993108e-06
67030,4.439651890222249e-06,4.439651890222249e-06,0.0,8.958563577079276e-06,5.665423778951319e-05,0.0009000000000000001,6.204261253101584e-06,3.649562651605239e-06,2.731255842618767e-06,3.143205623120492e-06,2.9297873216525495e-06
67040,4.438091572767686e-06,4.438091572767686e-06,0.0,8.963312826936513e-06,5.706091345373012e-05,0.0009000000000000001,6.208250701250033e-06,3.6509416682050104e-06,2.732036916833584e-06,3.1444258653559686e-06,2.9316300941085677e-06
67050,4.43651957668679e-06,4.43651957668679e-06,0.0,8.968099114223848e-06,5.746913940748753e-05,0.0009000000000000001,6.212269119015842e-06,3.6523305776348165e-06,2.7328248764834647e-06,3.1456575942576656e-06,2.9334894488415774e-06
